 Container execution-manager  Creating
 Container execution-manager  Created
Attaching to execution-manager
execution-manager  | ============================================
execution-manager  |    DUAL PRIORITY QUEUE ARCHITECTURE TESTER  
execution-manager  | ============================================
execution-manager  | 
execution-manager  | ✅ Execution Manager running with SCHED_FIFO priority 90
execution-manager  |    This ensures precise timing and prevents preemption by tasks
execution-manager  | 
execution-manager  | 
execution-manager  | [Redis] Reading schedule from Redis...
execution-manager  | 
execution-manager  | === REDIS DATA ===
execution-manager  | Schedule: Configurable CPU/IO Benchmark (v0.0.0)
execution-manager  | Number of tasks: 4
execution-manager  | Iterations: 50
execution-manager  | 
execution-manager  | Tasks:
execution-manager  |   1. Task: sum1
execution-manager  |      Policy: fifo, Priority: 50, Start: 10 ms
execution-manager  |      Inputs: {"total_ops": {"type": "int", "value": 200}, "io_percentage": {"type": "int", "value": 50}}
execution-manager  | 
execution-manager  |   2. Task: sum2
execution-manager  |      Policy: fifo, Priority: 50, Start: 20 ms
execution-manager  |      Inputs: {"total_ops": {"type": "int", "value": 200}, "io_percentage": {"type": "int", "value": 50}}
execution-manager  | 
execution-manager  |   3. Task: sum3
execution-manager  |      Policy: fifo, Priority: 70, Start: 21 ms
execution-manager  |      Inputs: {"total_ops": {"type": "int", "value": 200}, "io_percentage": {"type": "int", "value": 50}}
execution-manager  | 
execution-manager  |   4. Task: sum4
execution-manager  |      Policy: fifo, Priority: 60, Start: 21 ms
execution-manager  |      Inputs: {"total_ops": {"type": "int", "value": 200}, "io_percentage": {"type": "int", "value": 50}}
execution-manager  | 
execution-manager  | ==================
execution-manager  | 
execution-manager  | 
execution-manager  | ============================================
execution-manager  |    REAL-TIME EVENT-DRIVEN SCHEDULER
execution-manager  | ============================================
execution-manager  | 
execution-manager  | [SCHEDULER] 🚀 Loading schedule: 4 task(s), 50 iteration(s)
execution-manager  | 
execution-manager  | [SCHEDULER] DEBUG - Task 1: start_time=10 s, deadline=30 s (parsed from Redis)
execution-manager  | [SCHEDULER] 📋 Task 1 'sum1': start=10000 ms, deadline=30000 ms
execution-manager  | [SCHEDULER] DEBUG - Task 2: start_time=20 s, deadline=40 s (parsed from Redis)
execution-manager  | [SCHEDULER] 📋 Task 2 'sum2': start=20000 ms, deadline=40000 ms
execution-manager  | [SCHEDULER] DEBUG - Task 3: start_time=21 s, deadline=41 s (parsed from Redis)
execution-manager  | [SCHEDULER] 📋 Task 3 'sum3': start=21000 ms, deadline=41000 ms
execution-manager  | [SCHEDULER] DEBUG - Task 4: start_time=21 s, deadline=41 s (parsed from Redis)
execution-manager  | [SCHEDULER] 📋 Task 4 'sum4': start=21000 ms, deadline=41000 ms
execution-manager  | 
execution-manager  | [SCHEDULER] 🔁 ===== ITERATION 1 / 50 =====
execution-manager  | 
execution-manager  | [SCHEDULER] 🚀 Schedule started at T=0
execution-manager  | 
execution-manager  | [SCHEDULER] 🔄 Entering event loop (NO SLEEP - event-driven!)
execution-manager  | 
execution-manager  | [SCHEDULER] ⏰ T=10000 ms | T_wall=131961365.367 ms: Launching task 1 'sum1' (deadline: 30000 ms)
execution-manager  | [SCHEDULER] 🕐 Timeout armed for task 1 at T=30000 ms (in 20000 ms)
execution-manager  | [GRPC THREAD 1] Starting...
execution-manager  | [EXECUTION MANAGER] ⏱️ T1=131961365.569 ms | Sending gRPC request for task 1 'sum1'
execution-manager  | [gRPC Channel Pool] Creating new channel for localhost:50051
execution-manager  | [gRPC Client Async] Calling task 'sum1' at localhost:50051
execution-manager  | [gRPC Client Async] Inputs: {"total_ops": 200, "io_percentage": 50}
execution-manager  | [gRPC Client Async] Response #1 - Status: COMPLETED
execution-manager  | 🎉 [T=12508 ms] Task 1 'sum1' COMPLETED
execution-manager  | [EXECUTION MANAGER] ⏱️ T2=131961392.595 ms | Thread started (server measured)
execution-manager  | [EXECUTION MANAGER] ⏱️ T3=131963872.412 ms | Task completed (server measured)
execution-manager  | [EXECUTION MANAGER] ⏱️ T4=131963873.234 ms | Result received by client
execution-manager  |    [TASK EXECUTION] 2479.817 ms (T3-T2, measured in thread)
execution-manager  |    [RESULT] {"result": 0}
execution-manager  | 
execution-manager  | ╔═══════════════════════════════════════════════════════════════╗
execution-manager  | ║           END-TO-END TIMING MEASUREMENT RECAP                 ║
execution-manager  | ║                   Task 1: sum1                                 
execution-manager  | ╠═══════════════════════════════════════════════════════════════╣
execution-manager  | ║ T1 (start_request)    = 131961365.569 ms                        ║
execution-manager  | ║ T2 (end_request)      = 131961392.595 ms                        ║
execution-manager  | ║ T3 (start_result)     = 131963872.412 ms                        ║
execution-manager  | ║ T4 (end_result)       = 131963873.234 ms                        ║
execution-manager  | ╠═══════════════════════════════════════════════════════════════╣
execution-manager  | ║ METRICS:                                                      ║
execution-manager  | ║   Request Latency    =       27.026 ms  (T2 - T1)            ║
execution-manager  | ║   Task Execution     =     2479.817 ms  (T3 - T2)            ║
execution-manager  | ║   Response Latency   =        0.822 ms  (T4 - T3)            ║
execution-manager  | ║   Total End-to-End   =     2507.665 ms  (T4 - T1)            ║
execution-manager  | ║   Network Overhead   =       27.848 ms  (Req + Resp)         ║
execution-manager  | ╚═══════════════════════════════════════════════════════════════╝
execution-manager  | 
execution-manager  | [gRPC Client Async] Stream completed, received 1 responses
execution-manager  | [GRPC THREAD 1] Completed
execution-manager  | [SCHEDULER] ✅ T=12508 ms: Task 1 'sum1' completed with status 2
execution-manager  | [SCHEDULER] 🔕 Timeout disarmed for task 1
execution-manager  | [SCHEDULER] 3 tasks remaining
execution-manager  | [SCHEDULER] ⏰ T=20000 ms | T_wall=131971365.396 ms: Launching task 2 'sum2' (deadline: 40000 ms)
execution-manager  | [SCHEDULER] 🕐 Timeout armed for task 2 at T=40000 ms (in 20000 ms)
execution-manager  | [GRPC THREAD 2] Starting...
execution-manager  | [EXECUTION MANAGER] ⏱️ T1=131971365.598 ms | Sending gRPC request for task 2 'sum2'
execution-manager  | [gRPC Channel Pool] Creating new channel for localhost:50052
execution-manager  | [gRPC Client Async] Calling task 'sum2' at localhost:50052
execution-manager  | [gRPC Client Async] Inputs: {"total_ops": 200, "io_percentage": 50}
execution-manager  | [SCHEDULER] ⏰ T=21640 ms | T_wall=131973005.032 ms: Launching task 3 'sum3' (deadline: 41000 ms)
execution-manager  | [SCHEDULER] 🕐 Timeout armed for task 3 at T=41000 ms (in 19360 ms)
execution-manager  | [SCHEDULER] ⏰ T=21640 ms | T_wall=131973005.239 ms: Launching task 4 'sum4' (deadline: 41000 ms)
execution-manager  | [SCHEDULER] 🕐 Timeout armed for task 4 at T=41000 ms (in 19360 ms)
execution-manager  | [GRPC THREAD 3] Starting...
execution-manager  | [EXECUTION MANAGER] ⏱️ T1=131973005.385 ms | Sending gRPC request for task 3 'sum3'
execution-manager  | [gRPC Channel Pool] Creating new channel for localhost:50053
execution-manager  | [gRPC Client Async] Calling task 'sum3' at localhost:50053
execution-manager  | [gRPC Client Async] Inputs: {"total_ops": 200, "io_percentage": 50}
execution-manager  | [GRPC THREAD 4] Starting...
execution-manager  | [EXECUTION MANAGER] ⏱️ T1=131973007.698 ms | Sending gRPC request for task 4 'sum4'
execution-manager  | [gRPC Channel Pool] Creating new channel for localhost:50054
execution-manager  | [gRPC Client Async] Calling task 'sum4' at localhost:50054
execution-manager  | [gRPC Client Async] Inputs: {"total_ops": 200, "io_percentage": 50}
execution-manager  | [gRPC Client Async] Response #1 - Status: COMPLETED
execution-manager  | 🎉 [T=27528 ms] Task 3 'sum3' COMPLETED
execution-manager  | [EXECUTION MANAGER] ⏱️ T2=131973028.845 ms | Thread started (server measured)
execution-manager  | [EXECUTION MANAGER] ⏱️ T3=131978892.116 ms | Task completed (server measured)
execution-manager  | [EXECUTION MANAGER] ⏱️ T4=131978893.216 ms | Result received by client
execution-manager  |    [TASK EXECUTION] 5863.271 ms (T3-T2, measured in thread)
execution-manager  |    [RESULT] {"result": 0}
execution-manager  | 
execution-manager  | ╔═══════════════════════════════════════════════════════════════╗
execution-manager  | ║           END-TO-END TIMING MEASUREMENT RECAP                 ║
execution-manager  | ║                   Task 3: sum3                                 
execution-manager  | ╠═══════════════════════════════════════════════════════════════╣
execution-manager  | ║ T1 (start_request)    = 131973005.385 ms                        ║
execution-manager  | ║ T2 (end_request)      = 131973028.845 ms                        ║
execution-manager  | ║ T3 (start_result)     = 131978892.116 ms                        ║
execution-manager  | ║ T4 (end_result)       = 131978893.216 ms                        ║
execution-manager  | ╠═══════════════════════════════════════════════════════════════╣
execution-manager  | ║ METRICS:                                                      ║
execution-manager  | ║   Request Latency    =       23.460 ms  (T2 - T1)            ║
execution-manager  | ║   Task Execution     =     5863.271 ms  (T3 - T2)            ║
execution-manager  | ║   Response Latency   =        1.100 ms  (T4 - T3)            ║
execution-manager  | ║   Total End-to-End   =     5887.832 ms  (T4 - T1)            ║
execution-manager  | ║   Network Overhead   =       24.561 ms  (Req + Resp)         ║
execution-manager  | ╚═══════════════════════════════════════════════════════════════╝
execution-manager  | 
execution-manager  | [SCHEDULER] ✅ T=27528 ms: Task 3 'sum3' completed with status 2
execution-manager  | [SCHEDULER] 🔕 Timeout disarmed for task 3
execution-manager  | [SCHEDULER] 2 tasks remaining
execution-manager  | [gRPC Client Async] Stream completed, received 1 responses
execution-manager  | [GRPC THREAD 3] Completed
execution-manager  | [gRPC Client Async] Response #1 - Status: COMPLETED
execution-manager  | 🎉 [T=27533 ms] Task 4 'sum4' COMPLETED
execution-manager  | [EXECUTION MANAGER] ⏱️ T2=131975416.444 ms | Thread started (server measured)
execution-manager  | [EXECUTION MANAGER] ⏱️ T3=131978898.117 ms | Task completed (server measured)
execution-manager  | [EXECUTION MANAGER] ⏱️ T4=131978898.793 ms | Result received by client
execution-manager  |    [TASK EXECUTION] 3481.673 ms (T3-T2, measured in thread)
execution-manager  |    [RESULT] {"result": 0}
execution-manager  | 
execution-manager  | ╔═══════════════════════════════════════════════════════════════╗
execution-manager  | ║           END-TO-END TIMING MEASUREMENT RECAP                 ║
execution-manager  | ║                   Task 4: sum4                                 
execution-manager  | ╠═══════════════════════════════════════════════════════════════╣
execution-manager  | ║ T1 (start_request)    = 131973007.698 ms                        ║
execution-manager  | ║ T2 (end_request)      = 131975416.444 ms                        ║
execution-manager  | ║ T3 (start_result)     = 131978898.117 ms                        ║
execution-manager  | ║ T4 (end_result)       = 131978898.793 ms                        ║
execution-manager  | ╠═══════════════════════════════════════════════════════════════╣
execution-manager  | ║ METRICS:                                                      ║
execution-manager  | ║   Request Latency    =     2408.745 ms  (T2 - T1)            ║
execution-manager  | ║   Task Execution     =     3481.673 ms  (T3 - T2)            ║
execution-manager  | ║   Response Latency   =        0.676 ms  (T4 - T3)            ║
execution-manager  | ║   Total End-to-End   =     5891.094 ms  (T4 - T1)            ║
execution-manager  | ║   Network Overhead   =     2409.421 ms  (Req + Resp)         ║
execution-manager  | ╚═══════════════════════════════════════════════════════════════╝
execution-manager  | 
execution-manager  | [SCHEDULER] ✅ T=27533 ms: Task 4 'sum4' completed with status 2
execution-manager  | [SCHEDULER] 🔕 Timeout disarmed for task 4
execution-manager  | [SCHEDULER] 1 tasks remaining
execution-manager  | [gRPC Client Async] Stream completed, received 1 responses
execution-manager  | [GRPC THREAD 4] Completed
execution-manager  | [gRPC Client Async] Response #1 - Status: COMPLETED
execution-manager  | 🎉 [T=27537 ms] Task 2 'sum2' COMPLETED
execution-manager  | [EXECUTION MANAGER] ⏱️ T2=131971388.671 ms | Thread started (server measured)
execution-manager  | [EXECUTION MANAGER] ⏱️ T3=131978901.439 ms | Task completed (server measured)
execution-manager  | [EXECUTION MANAGER] ⏱️ T4=131978902.120 ms | Result received by client
execution-manager  |    [TASK EXECUTION] 7512.768 ms (T3-T2, measured in thread)
execution-manager  |    [RESULT] {"result": 0}
execution-manager  | 
execution-manager  | ╔═══════════════════════════════════════════════════════════════╗
execution-manager  | ║           END-TO-END TIMING MEASUREMENT RECAP                 ║
execution-manager  | ║                   Task 2: sum2                                 
execution-manager  | ╠═══════════════════════════════════════════════════════════════╣
execution-manager  | ║ T1 (start_request)    = 131971365.598 ms                        ║
execution-manager  | ║ T2 (end_request)      = 131971388.671 ms                        ║
execution-manager  | ║ T3 (start_result)     = 131978901.439 ms                        ║
execution-manager  | ║ T4 (end_result)       = 131978902.120 ms                        ║
execution-manager  | ╠═══════════════════════════════════════════════════════════════╣
execution-manager  | ║ METRICS:                                                      ║
execution-manager  | ║   Request Latency    =       23.074 ms  (T2 - T1)            ║
execution-manager  | ║   Task Execution     =     7512.768 ms  (T3 - T2)            ║
execution-manager  | ║   Response Latency   =        0.681 ms  (T4 - T3)            ║
execution-manager  | ║   Total End-to-End   =     7536.523 ms  (T4 - T1)            ║
execution-manager  | ║   Network Overhead   =       23.754 ms  (Req + Resp)         ║
execution-manager  | ╚═══════════════════════════════════════════════════════════════╝
execution-manager  | 
execution-manager  | [SCHEDULER] ✅ T=27537 ms: Task 2 'sum2' completed with status 2
execution-manager  | [SCHEDULER] 🔕 Timeout disarmed for task 2
execution-manager  | [SCHEDULER] 0 tasks remaining
execution-manager  | 
execution-manager  | [SCHEDULER] 🏁 Iteration 1/50 complete!
execution-manager  | [SCHEDULER] Iteration execution time: 27537 ms
execution-manager  | 
execution-manager  | 
execution-manager  | [SCHEDULER] 🔁 ===== ITERATION 2 / 50 =====
execution-manager  | 
execution-manager  | [SCHEDULER] 🚀 Schedule started at T=0
execution-manager  | 
execution-manager  | [SCHEDULER] 🔄 Entering event loop (NO SLEEP - event-driven!)
execution-manager  | 
execution-manager  | [gRPC Client Async] Stream completed, received 1 responses
execution-manager  | [GRPC THREAD 2] Completed
execution-manager  | [SCHEDULER] ⏰ T=10000 ms | T_wall=131988902.380 ms: Launching task 1 'sum1' (deadline: 30000 ms)
execution-manager  | [SCHEDULER] 🕐 Timeout armed for task 1 at T=30000 ms (in 20000 ms)
execution-manager  | [GRPC THREAD 1] Starting...
execution-manager  | [EXECUTION MANAGER] ⏱️ T1=131988902.543 ms | Sending gRPC request for task 1 'sum1'
execution-manager  | [gRPC Channel Pool] Reusing existing channel for localhost:50051
execution-manager  | [gRPC Client Async] Calling task 'sum1' at localhost:50051
execution-manager  | [gRPC Client Async] Inputs: {"total_ops": 200, "io_percentage": 50}
execution-manager  | [gRPC Client Async] Response #1 - Status: COMPLETED
execution-manager  | 🎉 [T=12536 ms] Task 1 'sum1' COMPLETED
execution-manager  | [EXECUTION MANAGER] ⏱️ T2=131988904.397 ms | Thread started (server measured)
execution-manager  | [EXECUTION MANAGER] ⏱️ T3=131991438.053 ms | Task completed (server measured)
execution-manager  | [EXECUTION MANAGER] ⏱️ T4=131991438.754 ms | Result received by client
execution-manager  |    [TASK EXECUTION] 2533.656 ms (T3-T2, measured in thread)
execution-manager  |    [RESULT] {"result": 0}
execution-manager  | 
execution-manager  | ╔═══════════════════════════════════════════════════════════════╗
execution-manager  | ║           END-TO-END TIMING MEASUREMENT RECAP                 ║
execution-manager  | ║                   Task 1: sum1                                 
execution-manager  | ╠═══════════════════════════════════════════════════════════════╣
execution-manager  | ║ T1 (start_request)    = 131988902.543 ms                        ║
execution-manager  | ║ T2 (end_request)      = 131988904.397 ms                        ║
execution-manager  | ║ T3 (start_result)     = 131991438.053 ms                        ║
execution-manager  | ║ T4 (end_result)       = 131991438.754 ms                        ║
execution-manager  | ╠═══════════════════════════════════════════════════════════════╣
execution-manager  | ║ METRICS:                                                      ║
execution-manager  | ║   Request Latency    =        1.855 ms  (T2 - T1)            ║
execution-manager  | ║   Task Execution     =     2533.656 ms  (T3 - T2)            ║
execution-manager  | ║   Response Latency   =        0.701 ms  (T4 - T3)            ║
execution-manager  | ║   Total End-to-End   =     2536.211 ms  (T4 - T1)            ║
execution-manager  | ║   Network Overhead   =        2.555 ms  (Req + Resp)         ║
execution-manager  | ╚═══════════════════════════════════════════════════════════════╝
execution-manager  | 
execution-manager  | [gRPC Client Async] Stream completed, received 1 responses
execution-manager  | [GRPC THREAD 1] Completed
execution-manager  | [SCHEDULER] ✅ T=12537 ms: Task 1 'sum1' completed with status 2
execution-manager  | [SCHEDULER] 🔕 Timeout disarmed for task 1
execution-manager  | [SCHEDULER] 3 tasks remaining
execution-manager  | [SCHEDULER] ⏰ T=20000 ms | T_wall=131998902.410 ms: Launching task 2 'sum2' (deadline: 40000 ms)
execution-manager  | [SCHEDULER] 🕐 Timeout armed for task 2 at T=40000 ms (in 20000 ms)
execution-manager  | [GRPC THREAD 2] Starting...
execution-manager  | [EXECUTION MANAGER] ⏱️ T1=131998902.545 ms | Sending gRPC request for task 2 'sum2'
execution-manager  | [gRPC Channel Pool] Reusing existing channel for localhost:50052
execution-manager  | [gRPC Client Async] Calling task 'sum2' at localhost:50052
execution-manager  | [gRPC Client Async] Inputs: {"total_ops": 200, "io_percentage": 50}
execution-manager  | [SCHEDULER] ⏰ T=22103 ms | T_wall=132001005.032 ms: Launching task 3 'sum3' (deadline: 41000 ms)
execution-manager  | [SCHEDULER] 🕐 Timeout armed for task 3 at T=41000 ms (in 18897 ms)
execution-manager  | [SCHEDULER] ⏰ T=22103 ms | T_wall=132001005.174 ms: Launching task 4 'sum4' (deadline: 41000 ms)
execution-manager  | [SCHEDULER] 🕐 Timeout armed for task 4 at T=41000 ms (in 18897 ms)
execution-manager  | [GRPC THREAD 3] Starting...
execution-manager  | [EXECUTION MANAGER] ⏱️ T1=132001005.618 ms | Sending gRPC request for task 3 'sum3'
execution-manager  | [gRPC Channel Pool] Reusing existing channel for localhost:50053
execution-manager  | [gRPC Client Async] Calling task 'sum3' at localhost:50053
execution-manager  | [gRPC Client Async] Inputs: {"total_ops": 200, "io_percentage": 50}
execution-manager  | [GRPC THREAD 4] Starting...
execution-manager  | [EXECUTION MANAGER] ⏱️ T1=132001006.091 ms | Sending gRPC request for task 4 'sum4'
execution-manager  | [gRPC Channel Pool] Reusing existing channel for localhost:50054
execution-manager  | [gRPC Client Async] Calling task 'sum4' at localhost:50054
execution-manager  | [gRPC Client Async] Inputs: {"total_ops": 200, "io_percentage": 50}
execution-manager  | [gRPC Client Async] Response #1 - Status: COMPLETED
execution-manager  | 🎉 [T=27502 ms] Task 3 'sum3' COMPLETED
execution-manager  | [EXECUTION MANAGER] ⏱️ T2=132001007.369 ms | Thread started (server measured)
execution-manager  | [EXECUTION MANAGER] ⏱️ T3=132006403.959 ms | Task completed (server measured)
execution-manager  | [EXECUTION MANAGER] ⏱️ T4=132006404.856 ms | Result received by client
execution-manager  |    [TASK EXECUTION] 5396.591 ms (T3-T2, measured in thread)
execution-manager  |    [RESULT] {"result": 0}
execution-manager  | 
execution-manager  | ╔═══════════════════════════════════════════════════════════════╗
execution-manager  | ║           END-TO-END TIMING MEASUREMENT RECAP                 ║
execution-manager  | ║                   Task 3: sum3                                 
execution-manager  | ╠═══════════════════════════════════════════════════════════════╣
execution-manager  | ║ T1 (start_request)    = 132001005.618 ms                        ║
execution-manager  | ║ T2 (end_request)      = 132001007.369 ms                        ║
execution-manager  | ║ T3 (start_result)     = 132006403.959 ms                        ║
execution-manager  | ║ T4 (end_result)       = 132006404.856 ms                        ║
execution-manager  | ╠═══════════════════════════════════════════════════════════════╣
execution-manager  | ║ METRICS:                                                      ║
execution-manager  | ║   Request Latency    =        1.750 ms  (T2 - T1)            ║
execution-manager  | ║   Task Execution     =     5396.591 ms  (T3 - T2)            ║
execution-manager  | ║   Response Latency   =        0.897 ms  (T4 - T3)            ║
execution-manager  | ║   Total End-to-End   =     5399.238 ms  (T4 - T1)            ║
execution-manager  | ║   Network Overhead   =        2.647 ms  (Req + Resp)         ║
execution-manager  | ╚═══════════════════════════════════════════════════════════════╝
execution-manager  | 
execution-manager  | [SCHEDULER] ✅ T=27503 ms: Task 3 'sum3' completed with status 2
execution-manager  | [SCHEDULER] 🔕 Timeout disarmed for task 3
execution-manager  | [SCHEDULER] 2 tasks remaining
execution-manager  | [gRPC Client Async] Stream completed, received 1 responses
execution-manager  | [GRPC THREAD 3] Completed
execution-manager  | [gRPC Client Async] Response #1 - Status: COMPLETED
execution-manager  | 🎉 [T=27512 ms] Task 4 'sum4' COMPLETED
execution-manager  | [EXECUTION MANAGER] ⏱️ T2=132001006.964 ms | Thread started (server measured)
execution-manager  | [EXECUTION MANAGER] ⏱️ T3=132006414.191 ms | Task completed (server measured)
execution-manager  | [EXECUTION MANAGER] ⏱️ T4=132006414.880 ms | Result received by client
execution-manager  |    [TASK EXECUTION] 5407.228 ms (T3-T2, measured in thread)
execution-manager  |    [RESULT] {"result": 0}
execution-manager  | 
execution-manager  | ╔═══════════════════════════════════════════════════════════════╗
execution-manager  | ║           END-TO-END TIMING MEASUREMENT RECAP                 ║
execution-manager  | ║                   Task 4: sum4                                 
execution-manager  | ╠═══════════════════════════════════════════════════════════════╣
execution-manager  | ║ T1 (start_request)    = 132001006.091 ms                        ║
execution-manager  | ║ T2 (end_request)      = 132001006.964 ms                        ║
execution-manager  | ║ T3 (start_result)     = 132006414.191 ms                        ║
execution-manager  | ║ T4 (end_result)       = 132006414.880 ms                        ║
execution-manager  | ╠═══════════════════════════════════════════════════════════════╣
execution-manager  | ║ METRICS:                                                      ║
execution-manager  | ║   Request Latency    =        0.873 ms  (T2 - T1)            ║
execution-manager  | ║   Task Execution     =     5407.228 ms  (T3 - T2)            ║
execution-manager  | ║   Response Latency   =        0.689 ms  (T4 - T3)            ║
execution-manager  | ║   Total End-to-End   =     5408.789 ms  (T4 - T1)            ║
execution-manager  | ║   Network Overhead   =        1.562 ms  (Req + Resp)         ║
execution-manager  | ╚═══════════════════════════════════════════════════════════════╝
execution-manager  | 
execution-manager  | [SCHEDULER] ✅ T=27513 ms: Task 4 'sum4' completed with status 2
execution-manager  | [SCHEDULER] 🔕 Timeout disarmed for task 4
execution-manager  | [SCHEDULER] 1 tasks remaining
execution-manager  | [gRPC Client Async] Stream completed, received 1 responses
execution-manager  | [GRPC THREAD 4] Completed
execution-manager  | [gRPC Client Async] Response #1 - Status: COMPLETED
execution-manager  | 🎉 [T=27519 ms] Task 2 'sum2' COMPLETED
execution-manager  | [EXECUTION MANAGER] ⏱️ T2=131998903.683 ms | Thread started (server measured)
execution-manager  | [EXECUTION MANAGER] ⏱️ T3=132006420.581 ms | Task completed (server measured)
execution-manager  | [EXECUTION MANAGER] ⏱️ T4=132006421.168 ms | Result received by client
execution-manager  |    [TASK EXECUTION] 7516.898 ms (T3-T2, measured in thread)
execution-manager  |    [RESULT] {"result": 0}
execution-manager  | 
execution-manager  | ╔═══════════════════════════════════════════════════════════════╗
execution-manager  | ║           END-TO-END TIMING MEASUREMENT RECAP                 ║
execution-manager  | ║                   Task 2: sum2                                 
execution-manager  | ╠═══════════════════════════════════════════════════════════════╣
execution-manager  | ║ T1 (start_request)    = 131998902.545 ms                        ║
execution-manager  | ║ T2 (end_request)      = 131998903.683 ms                        ║
execution-manager  | ║ T3 (start_result)     = 132006420.581 ms                        ║
execution-manager  | ║ T4 (end_result)       = 132006421.168 ms                        ║
execution-manager  | ╠═══════════════════════════════════════════════════════════════╣
execution-manager  | ║ METRICS:                                                      ║
execution-manager  | ║   Request Latency    =        1.138 ms  (T2 - T1)            ║
execution-manager  | ║   Task Execution     =     7516.898 ms  (T3 - T2)            ║
execution-manager  | ║   Response Latency   =        0.587 ms  (T4 - T3)            ║
execution-manager  | ║   Total End-to-End   =     7518.622 ms  (T4 - T1)            ║
execution-manager  | ║   Network Overhead   =        1.725 ms  (Req + Resp)         ║
execution-manager  | ╚═══════════════════════════════════════════════════════════════╝
execution-manager  | 
execution-manager  | [gRPC Client Async] Stream completed, received 1 responses
execution-manager  | [GRPC THREAD 2] Completed
execution-manager  | [SCHEDULER] ✅ T=27519 ms: Task 2 'sum2' completed with status 2
execution-manager  | [SCHEDULER] 🔕 Timeout disarmed for task 2
execution-manager  | [SCHEDULER] 0 tasks remaining
execution-manager  | 
execution-manager  | [SCHEDULER] 🏁 Iteration 2/50 complete!
execution-manager  | [SCHEDULER] Iteration execution time: 27519 ms
execution-manager  | 
execution-manager  | 
execution-manager  | [SCHEDULER] 🔁 ===== ITERATION 3 / 50 =====
execution-manager  | 
execution-manager  | [SCHEDULER] 🚀 Schedule started at T=0
execution-manager  | 
execution-manager  | [SCHEDULER] 🔄 Entering event loop (NO SLEEP - event-driven!)
execution-manager  | 
execution-manager  | [SCHEDULER] ⏰ T=10000 ms | T_wall=132016421.624 ms: Launching task 1 'sum1' (deadline: 30000 ms)
execution-manager  | [SCHEDULER] 🕐 Timeout armed for task 1 at T=30000 ms (in 20000 ms)
execution-manager  | [GRPC THREAD 1] Starting...
execution-manager  | [EXECUTION MANAGER] ⏱️ T1=132016421.788 ms | Sending gRPC request for task 1 'sum1'
execution-manager  | [gRPC Channel Pool] Reusing existing channel for localhost:50051
execution-manager  | [gRPC Client Async] Calling task 'sum1' at localhost:50051
execution-manager  | [gRPC Client Async] Inputs: {"total_ops": 200, "io_percentage": 50}
execution-manager  | [gRPC Client Async] Response #1 - Status: COMPLETED
execution-manager  | 🎉 [T=12473 ms] Task 1 'sum1' COMPLETED
execution-manager  | [EXECUTION MANAGER] ⏱️ T2=132016422.699 ms | Thread started (server measured)
execution-manager  | [EXECUTION MANAGER] ⏱️ T3=132018893.544 ms | Task completed (server measured)
execution-manager  | [EXECUTION MANAGER] ⏱️ T4=132018894.284 ms | Result received by client
execution-manager  |    [TASK EXECUTION] 2470.845 ms (T3-T2, measured in thread)
execution-manager  |    [RESULT] {"result": 0}
execution-manager  | 
execution-manager  | ╔═══════════════════════════════════════════════════════════════╗
execution-manager  | ║           END-TO-END TIMING MEASUREMENT RECAP                 ║
execution-manager  | ║                   Task 1: sum1                                 
execution-manager  | ╠═══════════════════════════════════════════════════════════════╣
execution-manager  | ║ T1 (start_request)    = 132016421.788 ms                        ║
execution-manager  | ║ T2 (end_request)      = 132016422.699 ms                        ║
execution-manager  | ║ T3 (start_result)     = 132018893.544 ms                        ║
execution-manager  | ║ T4 (end_result)       = 132018894.284 ms                        ║
execution-manager  | ╠═══════════════════════════════════════════════════════════════╣
execution-manager  | ║ METRICS:                                                      ║
execution-manager  | ║   Request Latency    =        0.910 ms  (T2 - T1)            ║
execution-manager  | ║   Task Execution     =     2470.845 ms  (T3 - T2)            ║
execution-manager  | ║   Response Latency   =        0.740 ms  (T4 - T3)            ║
execution-manager  | ║   Total End-to-End   =     2472.495 ms  (T4 - T1)            ║
execution-manager  | ║   Network Overhead   =        1.650 ms  (Req + Resp)         ║
execution-manager  | ╚═══════════════════════════════════════════════════════════════╝
execution-manager  | 
execution-manager  | [gRPC Client Async] Stream completed, received 1 responses
execution-manager  | [GRPC THREAD 1] Completed
execution-manager  | [SCHEDULER] ✅ T=12473 ms: Task 1 'sum1' completed with status 2
execution-manager  | [SCHEDULER] 🔕 Timeout disarmed for task 1
execution-manager  | [SCHEDULER] 3 tasks remaining
execution-manager  | [SCHEDULER] ⏰ T=20000 ms | T_wall=132026421.653 ms: Launching task 2 'sum2' (deadline: 40000 ms)
execution-manager  | [SCHEDULER] 🕐 Timeout armed for task 2 at T=40000 ms (in 20000 ms)
execution-manager  | [GRPC THREAD 2] Starting...
execution-manager  | [EXECUTION MANAGER] ⏱️ T1=132026421.786 ms | Sending gRPC request for task 2 'sum2'
execution-manager  | [gRPC Channel Pool] Reusing existing channel for localhost:50052
execution-manager  | [gRPC Client Async] Calling task 'sum2' at localhost:50052
execution-manager  | [gRPC Client Async] Inputs: {"total_ops": 200, "io_percentage": 50}
execution-manager  | [SCHEDULER] ⏰ T=21584 ms | T_wall=132028005.029 ms: Launching task 3 'sum3' (deadline: 41000 ms)
execution-manager  | [SCHEDULER] 🕐 Timeout armed for task 3 at T=41000 ms (in 19416 ms)
execution-manager  | [SCHEDULER] ⏰ T=21584 ms | T_wall=132028005.169 ms: Launching task 4 'sum4' (deadline: 41000 ms)
execution-manager  | [SCHEDULER] 🕐 Timeout armed for task 4 at T=41000 ms (in 19416 ms)
execution-manager  | [GRPC THREAD 3] Starting...
execution-manager  | [EXECUTION MANAGER] ⏱️ T1=132028005.274 ms | Sending gRPC request for task 3 'sum3'
execution-manager  | [gRPC Channel Pool] Reusing existing channel for localhost:50053
execution-manager  | [gRPC Client Async] Calling task 'sum3' at localhost:50053
execution-manager  | [gRPC Client Async] Inputs: {"total_ops": 200, "io_percentage": 50}
execution-manager  | [GRPC THREAD 4] Starting...
execution-manager  | [EXECUTION MANAGER] ⏱️ T1=132028005.777 ms | Sending gRPC request for task 4 'sum4'
execution-manager  | [gRPC Channel Pool] Reusing existing channel for localhost:50054
execution-manager  | [gRPC Client Async] Calling task 'sum4' at localhost:50054
execution-manager  | [gRPC Client Async] Inputs: {"total_ops": 200, "io_percentage": 50}
execution-manager  | [gRPC Client Async] Response #1 - Status: COMPLETED
execution-manager  | 🎉 [T=27458 ms] Task 3 'sum3' COMPLETED
execution-manager  | [EXECUTION MANAGER] ⏱️ T2=132028006.334 ms | Thread started (server measured)
execution-manager  | [EXECUTION MANAGER] ⏱️ T3=132033878.805 ms | Task completed (server measured)
execution-manager  | [EXECUTION MANAGER] ⏱️ T4=132033879.606 ms | Result received by client
execution-manager  |    [TASK EXECUTION] 5872.471 ms (T3-T2, measured in thread)
execution-manager  |    [RESULT] {"result": 0}
execution-manager  | 
execution-manager  | ╔═══════════════════════════════════════════════════════════════╗
execution-manager  | ║           END-TO-END TIMING MEASUREMENT RECAP                 ║
execution-manager  | ║                   Task 3: sum3                                 
execution-manager  | ╠═══════════════════════════════════════════════════════════════╣
execution-manager  | ║ T1 (start_request)    = 132028005.274 ms                        ║
execution-manager  | ║ T2 (end_request)      = 132028006.334 ms                        ║
execution-manager  | ║ T3 (start_result)     = 132033878.805 ms                        ║
execution-manager  | ║ T4 (end_result)       = 132033879.606 ms                        ║
execution-manager  | ╠═══════════════════════════════════════════════════════════════╣
execution-manager  | ║ METRICS:                                                      ║
execution-manager  | ║   Request Latency    =        1.060 ms  (T2 - T1)            ║
execution-manager  | ║   Task Execution     =     5872.471 ms  (T3 - T2)            ║
execution-manager  | ║   Response Latency   =        0.801 ms  (T4 - T3)            ║
execution-manager  | ║   Total End-to-End   =     5874.332 ms  (T4 - T1)            ║
execution-manager  | ║   Network Overhead   =        1.861 ms  (Req + Resp)         ║
execution-manager  | ╚═══════════════════════════════════════════════════════════════╝
execution-manager  | 
execution-manager  | [SCHEDULER] ✅ T=27458 ms: Task 3 'sum3' completed with status 2
execution-manager  | [SCHEDULER] 🔕 Timeout disarmed for task 3
execution-manager  | [SCHEDULER] 2 tasks remaining
execution-manager  | [gRPC Client Async] Stream completed, received 1 responses
execution-manager  | [GRPC THREAD 3] Completed
execution-manager  | [gRPC Client Async] Response #1 - Status: COMPLETED
execution-manager  | 🎉 [T=27466 ms] Task 4 'sum4' COMPLETED
execution-manager  | [EXECUTION MANAGER] ⏱️ T2=132030393.893 ms | Thread started (server measured)
execution-manager  | [EXECUTION MANAGER] ⏱️ T3=132033886.486 ms | Task completed (server measured)
execution-manager  | [EXECUTION MANAGER] ⏱️ T4=132033887.485 ms | Result received by client
execution-manager  |    [TASK EXECUTION] 3492.593 ms (T3-T2, measured in thread)
execution-manager  |    [RESULT] {"result": 0}
execution-manager  | 
execution-manager  | ╔═══════════════════════════════════════════════════════════════╗
execution-manager  | ║           END-TO-END TIMING MEASUREMENT RECAP                 ║
execution-manager  | ║                   Task 4: sum4                                 
execution-manager  | ╠═══════════════════════════════════════════════════════════════╣
execution-manager  | ║ T1 (start_request)    = 132028005.777 ms                        ║
execution-manager  | ║ T2 (end_request)      = 132030393.893 ms                        ║
execution-manager  | ║ T3 (start_result)     = 132033886.486 ms                        ║
execution-manager  | ║ T4 (end_result)       = 132033887.485 ms                        ║
execution-manager  | ╠═══════════════════════════════════════════════════════════════╣
execution-manager  | ║ METRICS:                                                      ║
execution-manager  | ║   Request Latency    =     2388.116 ms  (T2 - T1)            ║
execution-manager  | ║   Task Execution     =     3492.593 ms  (T3 - T2)            ║
execution-manager  | ║   Response Latency   =        0.999 ms  (T4 - T3)            ║
execution-manager  | ║   Total End-to-End   =     5881.708 ms  (T4 - T1)            ║
execution-manager  | ║   Network Overhead   =     2389.115 ms  (Req + Resp)         ║
execution-manager  | ╚═══════════════════════════════════════════════════════════════╝
execution-manager  | 
execution-manager  | [gRPC Client Async] Stream completed, received 1 responses
execution-manager  | [GRPC THREAD 4] Completed
execution-manager  | [SCHEDULER] ✅ T=27466 ms: Task 4 'sum4' completed with status 2
execution-manager  | [SCHEDULER] 🔕 Timeout disarmed for task 4
execution-manager  | [SCHEDULER] 1 tasks remaining
execution-manager  | [gRPC Client Async] Response #1 - Status: COMPLETED
execution-manager  | 🎉 [T=27472 ms] Task 2 'sum2' COMPLETED
execution-manager  | [EXECUTION MANAGER] ⏱️ T2=132026423.234 ms | Thread started (server measured)
execution-manager  | [EXECUTION MANAGER] ⏱️ T3=132033893.143 ms | Task completed (server measured)
execution-manager  | [EXECUTION MANAGER] ⏱️ T4=132033893.765 ms | Result received by client
execution-manager  |    [TASK EXECUTION] 7469.908 ms (T3-T2, measured in thread)
execution-manager  |    [RESULT] {"result": 0}
execution-manager  | 
execution-manager  | ╔═══════════════════════════════════════════════════════════════╗
execution-manager  | ║           END-TO-END TIMING MEASUREMENT RECAP                 ║
execution-manager  | ║                   Task 2: sum2                                 
execution-manager  | ╠═══════════════════════════════════════════════════════════════╣
execution-manager  | ║ T1 (start_request)    = 132026421.786 ms                        ║
execution-manager  | ║ T2 (end_request)      = 132026423.234 ms                        ║
execution-manager  | ║ T3 (start_result)     = 132033893.143 ms                        ║
execution-manager  | ║ T4 (end_result)       = 132033893.765 ms                        ║
execution-manager  | ╠═══════════════════════════════════════════════════════════════╣
execution-manager  | ║ METRICS:                                                      ║
execution-manager  | ║   Request Latency    =        1.449 ms  (T2 - T1)            ║
execution-manager  | ║   Task Execution     =     7469.908 ms  (T3 - T2)            ║
execution-manager  | ║   Response Latency   =        0.622 ms  (T4 - T3)            ║
execution-manager  | ║   Total End-to-End   =     7471.979 ms  (T4 - T1)            ║
execution-manager  | ║   Network Overhead   =        2.071 ms  (Req + Resp)         ║
execution-manager  | ╚═══════════════════════════════════════════════════════════════╝
execution-manager  | 
execution-manager  | [gRPC Client Async] Stream completed, received 1 responses
execution-manager  | [GRPC THREAD 2] Completed
execution-manager  | [SCHEDULER] ✅ T=27473 ms: Task 2 'sum2' completed with status 2
execution-manager  | [SCHEDULER] 🔕 Timeout disarmed for task 2
execution-manager  | [SCHEDULER] 0 tasks remaining
execution-manager  | 
execution-manager  | [SCHEDULER] 🏁 Iteration 3/50 complete!
execution-manager  | [SCHEDULER] Iteration execution time: 27473 ms
execution-manager  | 
execution-manager  | 
execution-manager  | [SCHEDULER] 🔁 ===== ITERATION 4 / 50 =====
execution-manager  | 
execution-manager  | [SCHEDULER] 🚀 Schedule started at T=0
execution-manager  | 
execution-manager  | [SCHEDULER] 🔄 Entering event loop (NO SLEEP - event-driven!)
execution-manager  | 
execution-manager  | [SCHEDULER] ⏰ T=10000 ms | T_wall=132043894.234 ms: Launching task 1 'sum1' (deadline: 30000 ms)
execution-manager  | [SCHEDULER] 🕐 Timeout armed for task 1 at T=30000 ms (in 20000 ms)
execution-manager  | [GRPC THREAD 1] Starting...
execution-manager  | [EXECUTION MANAGER] ⏱️ T1=132043894.367 ms | Sending gRPC request for task 1 'sum1'
execution-manager  | [gRPC Channel Pool] Reusing existing channel for localhost:50051
execution-manager  | [gRPC Client Async] Calling task 'sum1' at localhost:50051
execution-manager  | [gRPC Client Async] Inputs: {"total_ops": 200, "io_percentage": 50}
execution-manager  | [gRPC Client Async] Response #1 - Status: COMPLETED
execution-manager  | 🎉 [T=12533 ms] Task 1 'sum1' COMPLETED
execution-manager  | [EXECUTION MANAGER] ⏱️ T2=132043895.544 ms | Thread started (server measured)
execution-manager  | [EXECUTION MANAGER] ⏱️ T3=132046427.088 ms | Task completed (server measured)
execution-manager  | [EXECUTION MANAGER] ⏱️ T4=132046427.799 ms | Result received by client
execution-manager  |    [TASK EXECUTION] 2531.544 ms (T3-T2, measured in thread)
execution-manager  |    [RESULT] {"result": 0}
execution-manager  | 
execution-manager  | ╔═══════════════════════════════════════════════════════════════╗
execution-manager  | ║           END-TO-END TIMING MEASUREMENT RECAP                 ║
execution-manager  | ║                   Task 1: sum1                                 
execution-manager  | ╠═══════════════════════════════════════════════════════════════╣
execution-manager  | ║ T1 (start_request)    = 132043894.367 ms                        ║
execution-manager  | ║ T2 (end_request)      = 132043895.544 ms                        ║
execution-manager  | ║ T3 (start_result)     = 132046427.088 ms                        ║
execution-manager  | ║ T4 (end_result)       = 132046427.799 ms                        ║
execution-manager  | ╠═══════════════════════════════════════════════════════════════╣
execution-manager  | ║ METRICS:                                                      ║
execution-manager  | ║   Request Latency    =        1.177 ms  (T2 - T1)            ║
execution-manager  | ║   Task Execution     =     2531.544 ms  (T3 - T2)            ║
execution-manager  | ║   Response Latency   =        0.712 ms  (T4 - T3)            ║
execution-manager  | ║   Total End-to-End   =     2533.432 ms  (T4 - T1)            ║
execution-manager  | ║   Network Overhead   =        1.888 ms  (Req + Resp)         ║
execution-manager  | ╚═══════════════════════════════════════════════════════════════╝
execution-manager  | 
execution-manager  | [SCHEDULER] ✅ T=12533 ms: Task 1 'sum1' completed with status 2
execution-manager  | [SCHEDULER] 🔕 Timeout disarmed for task 1
execution-manager  | [SCHEDULER] 3 tasks remaining
execution-manager  | [gRPC Client Async] Stream completed, received 1 responses
execution-manager  | [GRPC THREAD 1] Completed
execution-manager  | [SCHEDULER] ⏰ T=20000 ms | T_wall=132053894.265 ms: Launching task 2 'sum2' (deadline: 40000 ms)
execution-manager  | [SCHEDULER] 🕐 Timeout armed for task 2 at T=40000 ms (in 20000 ms)
execution-manager  | [GRPC THREAD 2] Starting...
execution-manager  | [EXECUTION MANAGER] ⏱️ T1=132053894.395 ms | Sending gRPC request for task 2 'sum2'
execution-manager  | [gRPC Channel Pool] Reusing existing channel for localhost:50052
execution-manager  | [gRPC Client Async] Calling task 'sum2' at localhost:50052
execution-manager  | [gRPC Client Async] Inputs: {"total_ops": 200, "io_percentage": 50}
execution-manager  | [SCHEDULER] ⏰ T=21111 ms | T_wall=132055005.030 ms: Launching task 3 'sum3' (deadline: 41000 ms)
execution-manager  | [SCHEDULER] 🕐 Timeout armed for task 3 at T=41000 ms (in 19889 ms)
execution-manager  | [SCHEDULER] ⏰ T=21111 ms | T_wall=132055005.203 ms: Launching task 4 'sum4' (deadline: 41000 ms)
execution-manager  | [SCHEDULER] 🕐 Timeout armed for task 4 at T=41000 ms (in 19889 ms)
execution-manager  | [GRPC THREAD 3] Starting...
execution-manager  | [EXECUTION MANAGER] ⏱️ T1=132055005.348 ms | Sending gRPC request for task 3 'sum3'
execution-manager  | [gRPC Channel Pool] Reusing existing channel for localhost:50053
execution-manager  | [gRPC Client Async] Calling task 'sum3' at localhost:50053
execution-manager  | [gRPC Client Async] Inputs: {"total_ops": 200, "io_percentage": 50}
execution-manager  | [GRPC THREAD 4] Starting...
execution-manager  | [EXECUTION MANAGER] ⏱️ T1=132055005.868 ms | Sending gRPC request for task 4 'sum4'
execution-manager  | [gRPC Channel Pool] Reusing existing channel for localhost:50054
execution-manager  | [gRPC Client Async] Calling task 'sum4' at localhost:50054
execution-manager  | [gRPC Client Async] Inputs: {"total_ops": 200, "io_percentage": 50}
execution-manager  | [gRPC Client Async] Response #1 - Status: COMPLETED
execution-manager  | 🎉 [T=27504 ms] Task 3 'sum3' COMPLETED
execution-manager  | [EXECUTION MANAGER] ⏱️ T2=132055006.366 ms | Thread started (server measured)
execution-manager  | [EXECUTION MANAGER] ⏱️ T3=132061397.333 ms | Task completed (server measured)
execution-manager  | [EXECUTION MANAGER] ⏱️ T4=132061398.314 ms | Result received by client
execution-manager  |    [TASK EXECUTION] 6390.967 ms (T3-T2, measured in thread)
execution-manager  |    [RESULT] {"result": 0}
execution-manager  | 
execution-manager  | ╔═══════════════════════════════════════════════════════════════╗
execution-manager  | ║           END-TO-END TIMING MEASUREMENT RECAP                 ║
execution-manager  | ║                   Task 3: sum3                                 
execution-manager  | ╠═══════════════════════════════════════════════════════════════╣
execution-manager  | ║ T1 (start_request)    = 132055005.348 ms                        ║
execution-manager  | ║ T2 (end_request)      = 132055006.366 ms                        ║
execution-manager  | ║ T3 (start_result)     = 132061397.333 ms                        ║
execution-manager  | ║ T4 (end_result)       = 132061398.314 ms                        ║
execution-manager  | ╠═══════════════════════════════════════════════════════════════╣
execution-manager  | ║ METRICS:                                                      ║
execution-manager  | ║   Request Latency    =        1.018 ms  (T2 - T1)            ║
execution-manager  | ║   Task Execution     =     6390.967 ms  (T3 - T2)            ║
execution-manager  | ║   Response Latency   =        0.981 ms  (T4 - T3)            ║
execution-manager  | ║   Total End-to-End   =     6392.966 ms  (T4 - T1)            ║
execution-manager  | ║   Network Overhead   =        1.998 ms  (Req + Resp)         ║
execution-manager  | ╚═══════════════════════════════════════════════════════════════╝
execution-manager  | 
execution-manager  | [SCHEDULER] ✅ T=27504 ms: Task 3 'sum3' completed with status 2
execution-manager  | [SCHEDULER] 🔕 Timeout disarmed for task 3
execution-manager  | [SCHEDULER] 2 tasks remaining
execution-manager  | [gRPC Client Async] Stream completed, received 1 responses
execution-manager  | [GRPC THREAD 3] Completed
execution-manager  | [gRPC Client Async] Response #1 - Status: COMPLETED
execution-manager  | 🎉 [T=27515 ms] Task 4 'sum4' COMPLETED
execution-manager  | [EXECUTION MANAGER] ⏱️ T2=132057394.224 ms | Thread started (server measured)
execution-manager  | [EXECUTION MANAGER] ⏱️ T3=132061408.762 ms | Task completed (server measured)
execution-manager  | [EXECUTION MANAGER] ⏱️ T4=132061409.357 ms | Result received by client
execution-manager  |    [TASK EXECUTION] 4014.537 ms (T3-T2, measured in thread)
execution-manager  |    [RESULT] {"result": 0}
execution-manager  | 
execution-manager  | ╔═══════════════════════════════════════════════════════════════╗
execution-manager  | ║           END-TO-END TIMING MEASUREMENT RECAP                 ║
execution-manager  | ║                   Task 4: sum4                                 
execution-manager  | ╠═══════════════════════════════════════════════════════════════╣
execution-manager  | ║ T1 (start_request)    = 132055005.868 ms                        ║
execution-manager  | ║ T2 (end_request)      = 132057394.224 ms                        ║
execution-manager  | ║ T3 (start_result)     = 132061408.762 ms                        ║
execution-manager  | ║ T4 (end_result)       = 132061409.357 ms                        ║
execution-manager  | ╠═══════════════════════════════════════════════════════════════╣
execution-manager  | ║ METRICS:                                                      ║
execution-manager  | ║   Request Latency    =     2388.357 ms  (T2 - T1)            ║
execution-manager  | ║   Task Execution     =     4014.537 ms  (T3 - T2)            ║
execution-manager  | ║   Response Latency   =        0.596 ms  (T4 - T3)            ║
execution-manager  | ║   Total End-to-End   =     6403.490 ms  (T4 - T1)            ║
execution-manager  | ║   Network Overhead   =     2388.952 ms  (Req + Resp)         ║
execution-manager  | ╚═══════════════════════════════════════════════════════════════╝
execution-manager  | 
execution-manager  | [SCHEDULER] ✅ T=27515 ms: Task 4 'sum4' completed with status 2
execution-manager  | [SCHEDULER] 🔕 Timeout disarmed for task 4
execution-manager  | [SCHEDULER] 1 tasks remaining
execution-manager  | [gRPC Client Async] Stream completed, received 1 responses
execution-manager  | [GRPC THREAD 4] Completed
execution-manager  | [gRPC Client Async] Response #1 - Status: COMPLETED
execution-manager  | 🎉 [T=27520 ms] Task 2 'sum2' COMPLETED
execution-manager  | [EXECUTION MANAGER] ⏱️ T2=132053895.862 ms | Thread started (server measured)
execution-manager  | [EXECUTION MANAGER] ⏱️ T3=132061413.561 ms | Task completed (server measured)
execution-manager  | [EXECUTION MANAGER] ⏱️ T4=132061414.412 ms | Result received by client
execution-manager  |    [TASK EXECUTION] 7517.699 ms (T3-T2, measured in thread)
execution-manager  |    [RESULT] {"result": 0}
execution-manager  | 
execution-manager  | ╔═══════════════════════════════════════════════════════════════╗
execution-manager  | ║           END-TO-END TIMING MEASUREMENT RECAP                 ║
execution-manager  | ║                   Task 2: sum2                                 
execution-manager  | ╠═══════════════════════════════════════════════════════════════╣
execution-manager  | ║ T1 (start_request)    = 132053894.395 ms                        ║
execution-manager  | ║ T2 (end_request)      = 132053895.862 ms                        ║
execution-manager  | ║ T3 (start_result)     = 132061413.561 ms                        ║
execution-manager  | ║ T4 (end_result)       = 132061414.412 ms                        ║
execution-manager  | ╠═══════════════════════════════════════════════════════════════╣
execution-manager  | ║ METRICS:                                                      ║
execution-manager  | ║   Request Latency    =        1.467 ms  (T2 - T1)            ║
execution-manager  | ║   Task Execution     =     7517.699 ms  (T3 - T2)            ║
execution-manager  | ║   Response Latency   =        0.851 ms  (T4 - T3)            ║
execution-manager  | ║   Total End-to-End   =     7520.017 ms  (T4 - T1)            ║
execution-manager  | ║   Network Overhead   =        2.318 ms  (Req + Resp)         ║
execution-manager  | ╚═══════════════════════════════════════════════════════════════╝
execution-manager  | 
execution-manager  | [SCHEDULER] ✅ T=27520 ms: Task 2 'sum2' completed with status 2
execution-manager  | [SCHEDULER] 🔕 Timeout disarmed for task 2
execution-manager  | [SCHEDULER] 0 tasks remaining
execution-manager  | 
execution-manager  | [SCHEDULER] 🏁 Iteration 4/50 complete!
execution-manager  | [SCHEDULER] Iteration execution time: 27520 ms
execution-manager  | 
execution-manager  | 
execution-manager  | [SCHEDULER] 🔁 ===== ITERATION 5 / 50 =====
execution-manager  | 
execution-manager  | [SCHEDULER] 🚀 Schedule started at T=0
execution-manager  | 
execution-manager  | [SCHEDULER] 🔄 Entering event loop (NO SLEEP - event-driven!)
execution-manager  | 
execution-manager  | [gRPC Client Async] Stream completed, received 1 responses
execution-manager  | [GRPC THREAD 2] Completed
execution-manager  | [SCHEDULER] ⏰ T=10000 ms | T_wall=132071414.662 ms: Launching task 1 'sum1' (deadline: 30000 ms)
execution-manager  | [SCHEDULER] 🕐 Timeout armed for task 1 at T=30000 ms (in 20000 ms)
execution-manager  | [GRPC THREAD 1] Starting...
execution-manager  | [EXECUTION MANAGER] ⏱️ T1=132071414.794 ms | Sending gRPC request for task 1 'sum1'
execution-manager  | [gRPC Channel Pool] Reusing existing channel for localhost:50051
execution-manager  | [gRPC Client Async] Calling task 'sum1' at localhost:50051
execution-manager  | [gRPC Client Async] Inputs: {"total_ops": 200, "io_percentage": 50}
execution-manager  | [gRPC Client Async] Response #1 - Status: COMPLETED
execution-manager  | 🎉 [T=12471 ms] Task 1 'sum1' COMPLETED
execution-manager  | [EXECUTION MANAGER] ⏱️ T2=132071415.840 ms | Thread started (server measured)
execution-manager  | [EXECUTION MANAGER] ⏱️ T3=132073885.122 ms | Task completed (server measured)
execution-manager  | [EXECUTION MANAGER] ⏱️ T4=132073885.826 ms | Result received by client
execution-manager  |    [TASK EXECUTION] 2469.283 ms (T3-T2, measured in thread)
execution-manager  |    [RESULT] {"result": 0}
execution-manager  | 
execution-manager  | ╔═══════════════════════════════════════════════════════════════╗
execution-manager  | ║           END-TO-END TIMING MEASUREMENT RECAP                 ║
execution-manager  | ║                   Task 1: sum1                                 
execution-manager  | ╠═══════════════════════════════════════════════════════════════╣
execution-manager  | ║ T1 (start_request)    = 132071414.794 ms                        ║
execution-manager  | ║ T2 (end_request)      = 132071415.840 ms                        ║
execution-manager  | ║ T3 (start_result)     = 132073885.122 ms                        ║
execution-manager  | ║ T4 (end_result)       = 132073885.826 ms                        ║
execution-manager  | ╠═══════════════════════════════════════════════════════════════╣
execution-manager  | ║ METRICS:                                                      ║
execution-manager  | ║   Request Latency    =        1.046 ms  (T2 - T1)            ║
execution-manager  | ║   Task Execution     =     2469.283 ms  (T3 - T2)            ║
execution-manager  | ║   Response Latency   =        0.703 ms  (T4 - T3)            ║
execution-manager  | ║   Total End-to-End   =     2471.032 ms  (T4 - T1)            ║
execution-manager  | ║   Network Overhead   =        1.749 ms  (Req + Resp)         ║
execution-manager  | ╚═══════════════════════════════════════════════════════════════╝
execution-manager  | 
execution-manager  | [gRPC Client Async] Stream completed, received 1 responses
execution-manager  | [GRPC THREAD 1] Completed
execution-manager  | [SCHEDULER] ✅ T=12472 ms: Task 1 'sum1' completed with status 2
execution-manager  | [SCHEDULER] 🔕 Timeout disarmed for task 1
execution-manager  | [SCHEDULER] 3 tasks remaining
execution-manager  | [SCHEDULER] ⏰ T=20000 ms | T_wall=132081414.697 ms: Launching task 2 'sum2' (deadline: 40000 ms)
execution-manager  | [SCHEDULER] 🕐 Timeout armed for task 2 at T=40000 ms (in 20000 ms)
execution-manager  | [GRPC THREAD 2] Starting...
execution-manager  | [EXECUTION MANAGER] ⏱️ T1=132081414.829 ms | Sending gRPC request for task 2 'sum2'
execution-manager  | [gRPC Channel Pool] Reusing existing channel for localhost:50052
execution-manager  | [gRPC Client Async] Calling task 'sum2' at localhost:50052
execution-manager  | [gRPC Client Async] Inputs: {"total_ops": 200, "io_percentage": 50}
execution-manager  | [SCHEDULER] ⏰ T=21591 ms | T_wall=132083005.030 ms: Launching task 3 'sum3' (deadline: 41000 ms)
execution-manager  | [SCHEDULER] 🕐 Timeout armed for task 3 at T=41000 ms (in 19409 ms)
execution-manager  | [SCHEDULER] ⏰ T=21591 ms | T_wall=132083005.167 ms: Launching task 4 'sum4' (deadline: 41000 ms)
execution-manager  | [SCHEDULER] 🕐 Timeout armed for task 4 at T=41000 ms (in 19409 ms)
execution-manager  | [GRPC THREAD 3] Starting...
execution-manager  | [EXECUTION MANAGER] ⏱️ T1=132083005.276 ms | Sending gRPC request for task 3 'sum3'
execution-manager  | [gRPC Channel Pool] Reusing existing channel for localhost:50053
execution-manager  | [gRPC Client Async] Calling task 'sum3' at localhost:50053
execution-manager  | [gRPC Client Async] Inputs: {"total_ops": 200, "io_percentage": 50}
execution-manager  | [GRPC THREAD 4] Starting...
execution-manager  | [EXECUTION MANAGER] ⏱️ T1=132083005.775 ms | Sending gRPC request for task 4 'sum4'
execution-manager  | [gRPC Channel Pool] Reusing existing channel for localhost:50054
execution-manager  | [gRPC Client Async] Calling task 'sum4' at localhost:50054
execution-manager  | [gRPC Client Async] Inputs: {"total_ops": 200, "io_percentage": 50}
execution-manager  | [gRPC Client Async] Response #1 - Status: COMPLETED
execution-manager  | 🎉 [T=27462 ms] Task 3 'sum3' COMPLETED
execution-manager  | [EXECUTION MANAGER] ⏱️ T2=132083489.458 ms | Thread started (server measured)
execution-manager  | [EXECUTION MANAGER] ⏱️ T3=132088875.760 ms | Task completed (server measured)
execution-manager  | [EXECUTION MANAGER] ⏱️ T4=132088876.670 ms | Result received by client
execution-manager  |    [TASK EXECUTION] 5386.302 ms (T3-T2, measured in thread)
execution-manager  |    [RESULT] {"result": 0}
execution-manager  | 
execution-manager  | ╔═══════════════════════════════════════════════════════════════╗
execution-manager  | ║           END-TO-END TIMING MEASUREMENT RECAP                 ║
execution-manager  | ║                   Task 3: sum3                                 
execution-manager  | ╠═══════════════════════════════════════════════════════════════╣
execution-manager  | ║ T1 (start_request)    = 132083005.276 ms                        ║
execution-manager  | ║ T2 (end_request)      = 132083489.458 ms                        ║
execution-manager  | ║ T3 (start_result)     = 132088875.760 ms                        ║
execution-manager  | ║ T4 (end_result)       = 132088876.670 ms                        ║
execution-manager  | ╠═══════════════════════════════════════════════════════════════╣
execution-manager  | ║ METRICS:                                                      ║
execution-manager  | ║   Request Latency    =      484.181 ms  (T2 - T1)            ║
execution-manager  | ║   Task Execution     =     5386.302 ms  (T3 - T2)            ║
execution-manager  | ║   Response Latency   =        0.910 ms  (T4 - T3)            ║
execution-manager  | ║   Total End-to-End   =     5871.394 ms  (T4 - T1)            ║
execution-manager  | ║   Network Overhead   =      485.092 ms  (Req + Resp)         ║
execution-manager  | ╚═══════════════════════════════════════════════════════════════╝
execution-manager  | 
execution-manager  | [SCHEDULER] ✅ T=27462 ms: Task 3 'sum3' completed with status 2
execution-manager  | [SCHEDULER] 🔕 Timeout disarmed for task 3
execution-manager  | [SCHEDULER] 2 tasks remaining
execution-manager  | [gRPC Client Async] Stream completed, received 1 responses
execution-manager  | [GRPC THREAD 3] Completed
execution-manager  | [gRPC Client Async] Response #1 - Status: COMPLETED
execution-manager  | 🎉 [T=27470 ms] Task 4 'sum4' COMPLETED
execution-manager  | [EXECUTION MANAGER] ⏱️ T2=132083006.617 ms | Thread started (server measured)
execution-manager  | [EXECUTION MANAGER] ⏱️ T3=132088883.622 ms | Task completed (server measured)
execution-manager  | [EXECUTION MANAGER] ⏱️ T4=132088884.199 ms | Result received by client
execution-manager  |    [TASK EXECUTION] 5877.005 ms (T3-T2, measured in thread)
execution-manager  |    [RESULT] {"result": 0}
execution-manager  | 
execution-manager  | ╔═══════════════════════════════════════════════════════════════╗
execution-manager  | ║           END-TO-END TIMING MEASUREMENT RECAP                 ║
execution-manager  | ║                   Task 4: sum4                                 
execution-manager  | ╠═══════════════════════════════════════════════════════════════╣
execution-manager  | ║ T1 (start_request)    = 132083005.775 ms                        ║
execution-manager  | ║ T2 (end_request)      = 132083006.617 ms                        ║
execution-manager  | ║ T3 (start_result)     = 132088883.622 ms                        ║
execution-manager  | ║ T4 (end_result)       = 132088884.199 ms                        ║
execution-manager  | ╠═══════════════════════════════════════════════════════════════╣
execution-manager  | ║ METRICS:                                                      ║
execution-manager  | ║   Request Latency    =        0.842 ms  (T2 - T1)            ║
execution-manager  | ║   Task Execution     =     5877.005 ms  (T3 - T2)            ║
execution-manager  | ║   Response Latency   =        0.577 ms  (T4 - T3)            ║
execution-manager  | ║   Total End-to-End   =     5878.424 ms  (T4 - T1)            ║
execution-manager  | ║   Network Overhead   =        1.419 ms  (Req + Resp)         ║
execution-manager  | ╚═══════════════════════════════════════════════════════════════╝
execution-manager  | 
execution-manager  | [SCHEDULER] ✅ T=27470 ms: Task 4 'sum4' completed with status 2
execution-manager  | [SCHEDULER] 🔕 Timeout disarmed for task 4
execution-manager  | [SCHEDULER] 1 tasks remaining
execution-manager  | [gRPC Client Async] Stream completed, received 1 responses
execution-manager  | [GRPC THREAD 4] Completed
execution-manager  | [gRPC Client Async] Response #1 - Status: COMPLETED
execution-manager  | 🎉 [T=27474 ms] Task 2 'sum2' COMPLETED
execution-manager  | [EXECUTION MANAGER] ⏱️ T2=132081415.982 ms | Thread started (server measured)
execution-manager  | [EXECUTION MANAGER] ⏱️ T3=132088887.799 ms | Task completed (server measured)
execution-manager  | [EXECUTION MANAGER] ⏱️ T4=132088888.350 ms | Result received by client
execution-manager  |    [TASK EXECUTION] 7471.817 ms (T3-T2, measured in thread)
execution-manager  |    [RESULT] {"result": 0}
execution-manager  | 
execution-manager  | ╔═══════════════════════════════════════════════════════════════╗
execution-manager  | ║           END-TO-END TIMING MEASUREMENT RECAP                 ║
execution-manager  | ║                   Task 2: sum2                                 
execution-manager  | ╠═══════════════════════════════════════════════════════════════╣
execution-manager  | ║ T1 (start_request)    = 132081414.829 ms                        ║
execution-manager  | ║ T2 (end_request)      = 132081415.982 ms                        ║
execution-manager  | ║ T3 (start_result)     = 132088887.799 ms                        ║
execution-manager  | ║ T4 (end_result)       = 132088888.350 ms                        ║
execution-manager  | ╠═══════════════════════════════════════════════════════════════╣
execution-manager  | ║ METRICS:                                                      ║
execution-manager  | ║   Request Latency    =        1.153 ms  (T2 - T1)            ║
execution-manager  | ║   Task Execution     =     7471.817 ms  (T3 - T2)            ║
execution-manager  | ║   Response Latency   =        0.551 ms  (T4 - T3)            ║
execution-manager  | ║   Total End-to-End   =     7473.521 ms  (T4 - T1)            ║
execution-manager  | ║   Network Overhead   =        1.704 ms  (Req + Resp)         ║
execution-manager  | ╚═══════════════════════════════════════════════════════════════╝
execution-manager  | 
execution-manager  | [gRPC Client Async] Stream completed, received 1 responses
execution-manager  | [GRPC THREAD 2] Completed
execution-manager  | [SCHEDULER] ✅ T=27474 ms: Task 2 'sum2' completed with status 2
execution-manager  | [SCHEDULER] 🔕 Timeout disarmed for task 2
execution-manager  | [SCHEDULER] 0 tasks remaining
execution-manager  | 
execution-manager  | [SCHEDULER] 🏁 Iteration 5/50 complete!
execution-manager  | [SCHEDULER] Iteration execution time: 27474 ms
execution-manager  | 
execution-manager  | 
execution-manager  | [SCHEDULER] 🔁 ===== ITERATION 6 / 50 =====
execution-manager  | 
execution-manager  | [SCHEDULER] 🚀 Schedule started at T=0
execution-manager  | 
execution-manager  | [SCHEDULER] 🔄 Entering event loop (NO SLEEP - event-driven!)
execution-manager  | 
execution-manager  | [SCHEDULER] ⏰ T=10000 ms | T_wall=132098888.797 ms: Launching task 1 'sum1' (deadline: 30000 ms)
execution-manager  | [SCHEDULER] 🕐 Timeout armed for task 1 at T=30000 ms (in 20000 ms)
execution-manager  | [GRPC THREAD 1] Starting...
execution-manager  | [EXECUTION MANAGER] ⏱️ T1=132098888.927 ms | Sending gRPC request for task 1 'sum1'
execution-manager  | [gRPC Channel Pool] Reusing existing channel for localhost:50051
execution-manager  | [gRPC Client Async] Calling task 'sum1' at localhost:50051
execution-manager  | [gRPC Client Async] Inputs: {"total_ops": 200, "io_percentage": 50}
execution-manager  | [gRPC Client Async] Response #1 - Status: COMPLETED
execution-manager  | 🎉 [T=12540 ms] Task 1 'sum1' COMPLETED
execution-manager  | [EXECUTION MANAGER] ⏱️ T2=132098889.874 ms | Thread started (server measured)
execution-manager  | [EXECUTION MANAGER] ⏱️ T3=132101427.391 ms | Task completed (server measured)
execution-manager  | [EXECUTION MANAGER] ⏱️ T4=132101428.420 ms | Result received by client
execution-manager  |    [TASK EXECUTION] 2537.518 ms (T3-T2, measured in thread)
execution-manager  |    [RESULT] {"result": 0}
execution-manager  | 
execution-manager  | ╔═══════════════════════════════════════════════════════════════╗
execution-manager  | ║           END-TO-END TIMING MEASUREMENT RECAP                 ║
execution-manager  | ║                   Task 1: sum1                                 
execution-manager  | ╠═══════════════════════════════════════════════════════════════╣
execution-manager  | ║ T1 (start_request)    = 132098888.927 ms                        ║
execution-manager  | ║ T2 (end_request)      = 132098889.874 ms                        ║
execution-manager  | ║ T3 (start_result)     = 132101427.391 ms                        ║
execution-manager  | ║ T4 (end_result)       = 132101428.420 ms                        ║
execution-manager  | ╠═══════════════════════════════════════════════════════════════╣
execution-manager  | ║ METRICS:                                                      ║
execution-manager  | ║   Request Latency    =        0.947 ms  (T2 - T1)            ║
execution-manager  | ║   Task Execution     =     2537.518 ms  (T3 - T2)            ║
execution-manager  | ║   Response Latency   =        1.029 ms  (T4 - T3)            ║
execution-manager  | ║   Total End-to-End   =     2539.494 ms  (T4 - T1)            ║
execution-manager  | ║   Network Overhead   =        1.976 ms  (Req + Resp)         ║
execution-manager  | ╚═══════════════════════════════════════════════════════════════╝
execution-manager  | 
execution-manager  | [gRPC Client Async] Stream completed, received 1 responses
execution-manager  | [GRPC THREAD 1] Completed
execution-manager  | [SCHEDULER] ✅ T=12540 ms: Task 1 'sum1' completed with status 2
execution-manager  | [SCHEDULER] 🔕 Timeout disarmed for task 1
execution-manager  | [SCHEDULER] 3 tasks remaining
execution-manager  | [SCHEDULER] ⏰ T=20000 ms | T_wall=132108888.829 ms: Launching task 2 'sum2' (deadline: 40000 ms)
execution-manager  | [SCHEDULER] 🕐 Timeout armed for task 2 at T=40000 ms (in 20000 ms)
execution-manager  | [GRPC THREAD 2] Starting...
execution-manager  | [EXECUTION MANAGER] ⏱️ T1=132108888.960 ms | Sending gRPC request for task 2 'sum2'
execution-manager  | [gRPC Channel Pool] Reusing existing channel for localhost:50052
execution-manager  | [gRPC Client Async] Calling task 'sum2' at localhost:50052
execution-manager  | [gRPC Client Async] Inputs: {"total_ops": 200, "io_percentage": 50}
execution-manager  | [SCHEDULER] ⏰ T=21117 ms | T_wall=132110005.032 ms: Launching task 3 'sum3' (deadline: 41000 ms)
execution-manager  | [SCHEDULER] 🕐 Timeout armed for task 3 at T=41000 ms (in 19883 ms)
execution-manager  | [SCHEDULER] ⏰ T=21117 ms | T_wall=132110005.203 ms: Launching task 4 'sum4' (deadline: 41000 ms)
execution-manager  | [SCHEDULER] 🕐 Timeout armed for task 4 at T=41000 ms (in 19883 ms)
execution-manager  | [GRPC THREAD 3] Starting...
execution-manager  | [EXECUTION MANAGER] ⏱️ T1=132110005.293 ms | Sending gRPC request for task 3 'sum3'
execution-manager  | [gRPC Channel Pool] Reusing existing channel for localhost:50053
execution-manager  | [gRPC Client Async] Calling task 'sum3' at localhost:50053
execution-manager  | [gRPC Client Async] Inputs: {"total_ops": 200, "io_percentage": 50}
execution-manager  | [GRPC THREAD 4] Starting...
execution-manager  | [EXECUTION MANAGER] ⏱️ T1=132110005.818 ms | Sending gRPC request for task 4 'sum4'
execution-manager  | [gRPC Channel Pool] Reusing existing channel for localhost:50054
execution-manager  | [gRPC Client Async] Calling task 'sum4' at localhost:50054
execution-manager  | [gRPC Client Async] Inputs: {"total_ops": 200, "io_percentage": 50}
execution-manager  | [gRPC Client Async] Response #1 - Status: COMPLETED
execution-manager  | 🎉 [T=27509 ms] Task 3 'sum3' COMPLETED
execution-manager  | [EXECUTION MANAGER] ⏱️ T2=132110006.399 ms | Thread started (server measured)
execution-manager  | [EXECUTION MANAGER] ⏱️ T3=132116396.537 ms | Task completed (server measured)
execution-manager  | [EXECUTION MANAGER] ⏱️ T4=132116397.828 ms | Result received by client
execution-manager  |    [TASK EXECUTION] 6390.138 ms (T3-T2, measured in thread)
execution-manager  |    [RESULT] {"result": 0}
execution-manager  | 
execution-manager  | ╔═══════════════════════════════════════════════════════════════╗
execution-manager  | ║           END-TO-END TIMING MEASUREMENT RECAP                 ║
execution-manager  | ║                   Task 3: sum3                                 
execution-manager  | ╠═══════════════════════════════════════════════════════════════╣
execution-manager  | ║ T1 (start_request)    = 132110005.293 ms                        ║
execution-manager  | ║ T2 (end_request)      = 132110006.399 ms                        ║
execution-manager  | ║ T3 (start_result)     = 132116396.537 ms                        ║
execution-manager  | ║ T4 (end_result)       = 132116397.828 ms                        ║
execution-manager  | ╠═══════════════════════════════════════════════════════════════╣
execution-manager  | ║ METRICS:                                                      ║
execution-manager  | ║   Request Latency    =        1.106 ms  (T2 - T1)            ║
execution-manager  | ║   Task Execution     =     6390.138 ms  (T3 - T2)            ║
execution-manager  | ║   Response Latency   =        1.291 ms  (T4 - T3)            ║
execution-manager  | ║   Total End-to-End   =     6392.535 ms  (T4 - T1)            ║
execution-manager  | ║   Network Overhead   =        2.397 ms  (Req + Resp)         ║
execution-manager  | ╚═══════════════════════════════════════════════════════════════╝
execution-manager  | 
execution-manager  | [gRPC Client Async] Stream completed, received 1 responses
execution-manager  | [GRPC THREAD 3] Completed
execution-manager  | [SCHEDULER] ✅ T=27510 ms: Task 3 'sum3' completed with status 2
execution-manager  | [SCHEDULER] 🔕 Timeout disarmed for task 3
execution-manager  | [SCHEDULER] 2 tasks remaining
execution-manager  | [gRPC Client Async] Response #1 - Status: COMPLETED
execution-manager  | 🎉 [T=27521 ms] Task 4 'sum4' COMPLETED
execution-manager  | [EXECUTION MANAGER] ⏱️ T2=132112394.821 ms | Thread started (server measured)
execution-manager  | [EXECUTION MANAGER] ⏱️ T3=132116408.654 ms | Task completed (server measured)
execution-manager  | [EXECUTION MANAGER] ⏱️ T4=132116409.110 ms | Result received by client
execution-manager  |    [TASK EXECUTION] 4013.834 ms (T3-T2, measured in thread)
execution-manager  |    [RESULT] {"result": 0}
execution-manager  | 
execution-manager  | ╔═══════════════════════════════════════════════════════════════╗
execution-manager  | ║           END-TO-END TIMING MEASUREMENT RECAP                 ║
execution-manager  | ║                   Task 4: sum4                                 
execution-manager  | ╠═══════════════════════════════════════════════════════════════╣
execution-manager  | ║ T1 (start_request)    = 132110005.818 ms                        ║
execution-manager  | ║ T2 (end_request)      = 132112394.821 ms                        ║
execution-manager  | ║ T3 (start_result)     = 132116408.654 ms                        ║
execution-manager  | ║ T4 (end_result)       = 132116409.110 ms                        ║
execution-manager  | ╠═══════════════════════════════════════════════════════════════╣
execution-manager  | ║ METRICS:                                                      ║
execution-manager  | ║   Request Latency    =     2389.003 ms  (T2 - T1)            ║
execution-manager  | ║   Task Execution     =     4013.834 ms  (T3 - T2)            ║
execution-manager  | ║   Response Latency   =        0.456 ms  (T4 - T3)            ║
execution-manager  | ║   Total End-to-End   =     6403.292 ms  (T4 - T1)            ║
execution-manager  | ║   Network Overhead   =     2389.458 ms  (Req + Resp)         ║
execution-manager  | ╚═══════════════════════════════════════════════════════════════╝
execution-manager  | 
execution-manager  | [SCHEDULER] ✅ T=27521 ms: Task 4 'sum4' completed with status 2
execution-manager  | [SCHEDULER] 🔕 Timeout disarmed for task 4
execution-manager  | [SCHEDULER] 1 tasks remaining
execution-manager  | [gRPC Client Async] Stream completed, received 1 responses
execution-manager  | [GRPC THREAD 4] Completed
execution-manager  | [gRPC Client Async] Response #1 - Status: COMPLETED
execution-manager  | 🎉 [T=27526 ms] Task 2 'sum2' COMPLETED
execution-manager  | [EXECUTION MANAGER] ⏱️ T2=132108890.746 ms | Thread started (server measured)
execution-manager  | [EXECUTION MANAGER] ⏱️ T3=132116413.490 ms | Task completed (server measured)
execution-manager  | [EXECUTION MANAGER] ⏱️ T4=132116414.079 ms | Result received by client
execution-manager  |    [TASK EXECUTION] 7522.745 ms (T3-T2, measured in thread)
execution-manager  |    [RESULT] {"result": 0}
execution-manager  | 
execution-manager  | ╔═══════════════════════════════════════════════════════════════╗
execution-manager  | ║           END-TO-END TIMING MEASUREMENT RECAP                 ║
execution-manager  | ║                   Task 2: sum2                                 
execution-manager  | ╠═══════════════════════════════════════════════════════════════╣
execution-manager  | ║ T1 (start_request)    = 132108888.960 ms                        ║
execution-manager  | ║ T2 (end_request)      = 132108890.746 ms                        ║
execution-manager  | ║ T3 (start_result)     = 132116413.490 ms                        ║
execution-manager  | ║ T4 (end_result)       = 132116414.079 ms                        ║
execution-manager  | ╠═══════════════════════════════════════════════════════════════╣
execution-manager  | ║ METRICS:                                                      ║
execution-manager  | ║   Request Latency    =        1.785 ms  (T2 - T1)            ║
execution-manager  | ║   Task Execution     =     7522.745 ms  (T3 - T2)            ║
execution-manager  | ║   Response Latency   =        0.589 ms  (T4 - T3)            ║
execution-manager  | ║   Total End-to-End   =     7525.119 ms  (T4 - T1)            ║
execution-manager  | ║   Network Overhead   =        2.374 ms  (Req + Resp)         ║
execution-manager  | ╚═══════════════════════════════════════════════════════════════╝
execution-manager  | 
execution-manager  | [SCHEDULER] ✅ T=27526 ms: Task 2 'sum2' completed with status 2
execution-manager  | [SCHEDULER] 🔕 Timeout disarmed for task 2
execution-manager  | [SCHEDULER] 0 tasks remaining
execution-manager  | 
execution-manager  | [SCHEDULER] 🏁 Iteration 6/50 complete!
execution-manager  | [SCHEDULER] Iteration execution time: 27526 ms
execution-manager  | 
execution-manager  | 
execution-manager  | [SCHEDULER] 🔁 ===== ITERATION 7 / 50 =====
execution-manager  | 
execution-manager  | [SCHEDULER] 🚀 Schedule started at T=0
execution-manager  | 
execution-manager  | [SCHEDULER] 🔄 Entering event loop (NO SLEEP - event-driven!)
execution-manager  | 
execution-manager  | [gRPC Client Async] Stream completed, received 1 responses
execution-manager  | [GRPC THREAD 2] Completed
execution-manager  | [SCHEDULER] ⏰ T=10000 ms | T_wall=132126414.297 ms: Launching task 1 'sum1' (deadline: 30000 ms)
execution-manager  | [SCHEDULER] 🕐 Timeout armed for task 1 at T=30000 ms (in 20000 ms)
execution-manager  | [GRPC THREAD 1] Starting...
execution-manager  | [EXECUTION MANAGER] ⏱️ T1=132126414.461 ms | Sending gRPC request for task 1 'sum1'
execution-manager  | [gRPC Channel Pool] Reusing existing channel for localhost:50051
execution-manager  | [gRPC Client Async] Calling task 'sum1' at localhost:50051
execution-manager  | [gRPC Client Async] Inputs: {"total_ops": 200, "io_percentage": 50}
execution-manager  | [gRPC Client Async] Response #1 - Status: COMPLETED
execution-manager  | 🎉 [T=12475 ms] Task 1 'sum1' COMPLETED
execution-manager  | [EXECUTION MANAGER] ⏱️ T2=132126415.532 ms | Thread started (server measured)
execution-manager  | [EXECUTION MANAGER] ⏱️ T3=132128888.738 ms | Task completed (server measured)
execution-manager  | [EXECUTION MANAGER] ⏱️ T4=132128889.605 ms | Result received by client
execution-manager  |    [TASK EXECUTION] 2473.206 ms (T3-T2, measured in thread)
execution-manager  |    [RESULT] {"result": 0}
execution-manager  | 
execution-manager  | ╔═══════════════════════════════════════════════════════════════╗
execution-manager  | ║           END-TO-END TIMING MEASUREMENT RECAP                 ║
execution-manager  | ║                   Task 1: sum1                                 
execution-manager  | ╠═══════════════════════════════════════════════════════════════╣
execution-manager  | ║ T1 (start_request)    = 132126414.461 ms                        ║
execution-manager  | ║ T2 (end_request)      = 132126415.532 ms                        ║
execution-manager  | ║ T3 (start_result)     = 132128888.738 ms                        ║
execution-manager  | ║ T4 (end_result)       = 132128889.605 ms                        ║
execution-manager  | ╠═══════════════════════════════════════════════════════════════╣
execution-manager  | ║ METRICS:                                                      ║
execution-manager  | ║   Request Latency    =        1.071 ms  (T2 - T1)            ║
execution-manager  | ║   Task Execution     =     2473.206 ms  (T3 - T2)            ║
execution-manager  | ║   Response Latency   =        0.867 ms  (T4 - T3)            ║
execution-manager  | ║   Total End-to-End   =     2475.144 ms  (T4 - T1)            ║
execution-manager  | ║   Network Overhead   =        1.938 ms  (Req + Resp)         ║
execution-manager  | ╚═══════════════════════════════════════════════════════════════╝
execution-manager  | 
execution-manager  | [gRPC Client Async] Stream completed, received 1 responses
execution-manager  | [GRPC THREAD 1] Completed
execution-manager  | [SCHEDULER] ✅ T=12475 ms: Task 1 'sum1' completed with status 2
execution-manager  | [SCHEDULER] 🔕 Timeout disarmed for task 1
execution-manager  | [SCHEDULER] 3 tasks remaining
execution-manager  | [SCHEDULER] ⏰ T=20000 ms | T_wall=132136414.326 ms: Launching task 2 'sum2' (deadline: 40000 ms)
execution-manager  | [SCHEDULER] 🕐 Timeout armed for task 2 at T=40000 ms (in 20000 ms)
execution-manager  | [GRPC THREAD 2] Starting...
execution-manager  | [EXECUTION MANAGER] ⏱️ T1=132136414.462 ms | Sending gRPC request for task 2 'sum2'
execution-manager  | [gRPC Channel Pool] Reusing existing channel for localhost:50052
execution-manager  | [gRPC Client Async] Calling task 'sum2' at localhost:50052
execution-manager  | [gRPC Client Async] Inputs: {"total_ops": 200, "io_percentage": 50}
execution-manager  | [SCHEDULER] ⏰ T=21591 ms | T_wall=132138005.029 ms: Launching task 3 'sum3' (deadline: 41000 ms)
execution-manager  | [SCHEDULER] 🕐 Timeout armed for task 3 at T=41000 ms (in 19409 ms)
execution-manager  | [SCHEDULER] ⏰ T=21591 ms | T_wall=132138005.174 ms: Launching task 4 'sum4' (deadline: 41000 ms)
execution-manager  | [SCHEDULER] 🕐 Timeout armed for task 4 at T=41000 ms (in 19409 ms)
execution-manager  | [GRPC THREAD 3] Starting...
execution-manager  | [EXECUTION MANAGER] ⏱️ T1=132138005.282 ms | Sending gRPC request for task 3 'sum3'
execution-manager  | [gRPC Channel Pool] Reusing existing channel for localhost:50053
execution-manager  | [gRPC Client Async] Calling task 'sum3' at localhost:50053
execution-manager  | [gRPC Client Async] Inputs: {"total_ops": 200, "io_percentage": 50}
execution-manager  | [GRPC THREAD 4] Starting...
execution-manager  | [EXECUTION MANAGER] ⏱️ T1=132138005.744 ms | Sending gRPC request for task 4 'sum4'
execution-manager  | [gRPC Channel Pool] Reusing existing channel for localhost:50054
execution-manager  | [gRPC Client Async] Calling task 'sum4' at localhost:50054
execution-manager  | [gRPC Client Async] Inputs: {"total_ops": 200, "io_percentage": 50}
execution-manager  | [gRPC Client Async] Response #1 - Status: COMPLETED
execution-manager  | 🎉 [T=27457 ms] Task 3 'sum3' COMPLETED
execution-manager  | [EXECUTION MANAGER] ⏱️ T2=132138006.267 ms | Thread started (server measured)
execution-manager  | [EXECUTION MANAGER] ⏱️ T3=132143871.076 ms | Task completed (server measured)
execution-manager  | [EXECUTION MANAGER] ⏱️ T4=132143871.849 ms | Result received by client
execution-manager  |    [TASK EXECUTION] 5864.809 ms (T3-T2, measured in thread)
execution-manager  |    [RESULT] {"result": 0}
execution-manager  | 
execution-manager  | ╔═══════════════════════════════════════════════════════════════╗
execution-manager  | ║           END-TO-END TIMING MEASUREMENT RECAP                 ║
execution-manager  | ║                   Task 3: sum3                                 
execution-manager  | ╠═══════════════════════════════════════════════════════════════╣
execution-manager  | ║ T1 (start_request)    = 132138005.282 ms                        ║
execution-manager  | ║ T2 (end_request)      = 132138006.267 ms                        ║
execution-manager  | ║ T3 (start_result)     = 132143871.076 ms                        ║
execution-manager  | ║ T4 (end_result)       = 132143871.849 ms                        ║
execution-manager  | ╠═══════════════════════════════════════════════════════════════╣
execution-manager  | ║ METRICS:                                                      ║
execution-manager  | ║   Request Latency    =        0.985 ms  (T2 - T1)            ║
execution-manager  | ║   Task Execution     =     5864.809 ms  (T3 - T2)            ║
execution-manager  | ║   Response Latency   =        0.773 ms  (T4 - T3)            ║
execution-manager  | ║   Total End-to-End   =     5866.567 ms  (T4 - T1)            ║
execution-manager  | ║   Network Overhead   =        1.758 ms  (Req + Resp)         ║
execution-manager  | ╚═══════════════════════════════════════════════════════════════╝
execution-manager  | 
execution-manager  | [SCHEDULER] ✅ T=27458 ms: Task 3 'sum3' completed with status 2
execution-manager  | [SCHEDULER] 🔕 Timeout disarmed for task 3
execution-manager  | [SCHEDULER] 2 tasks remaining
execution-manager  | [gRPC Client Async] Stream completed, received 1 responses
execution-manager  | [GRPC THREAD 3] Completed
execution-manager  | [gRPC Client Async] Response #1 - Status: COMPLETED
execution-manager  | 🎉 [T=27464 ms] Task 4 'sum4' COMPLETED
execution-manager  | [EXECUTION MANAGER] ⏱️ T2=132140395.192 ms | Thread started (server measured)
execution-manager  | [EXECUTION MANAGER] ⏱️ T3=132143877.828 ms | Task completed (server measured)
execution-manager  | [EXECUTION MANAGER] ⏱️ T4=132143878.453 ms | Result received by client
execution-manager  |    [TASK EXECUTION] 3482.637 ms (T3-T2, measured in thread)
execution-manager  |    [RESULT] {"result": 0}
execution-manager  | 
execution-manager  | ╔═══════════════════════════════════════════════════════════════╗
execution-manager  | ║           END-TO-END TIMING MEASUREMENT RECAP                 ║
execution-manager  | ║                   Task 4: sum4                                 
execution-manager  | ╠═══════════════════════════════════════════════════════════════╣
execution-manager  | ║ T1 (start_request)    = 132138005.744 ms                        ║
execution-manager  | ║ T2 (end_request)      = 132140395.192 ms                        ║
execution-manager  | ║ T3 (start_result)     = 132143877.828 ms                        ║
execution-manager  | ║ T4 (end_result)       = 132143878.453 ms                        ║
execution-manager  | ╠═══════════════════════════════════════════════════════════════╣
execution-manager  | ║ METRICS:                                                      ║
execution-manager  | ║   Request Latency    =     2389.448 ms  (T2 - T1)            ║
execution-manager  | ║   Task Execution     =     3482.637 ms  (T3 - T2)            ║
execution-manager  | ║   Response Latency   =        0.625 ms  (T4 - T3)            ║
execution-manager  | ║   Total End-to-End   =     5872.709 ms  (T4 - T1)            ║
execution-manager  | ║   Network Overhead   =     2390.073 ms  (Req + Resp)         ║
execution-manager  | ╚═══════════════════════════════════════════════════════════════╝
execution-manager  | 
execution-manager  | [SCHEDULER] ✅ T=27464 ms: Task 4 'sum4' completed with status 2
execution-manager  | [SCHEDULER] 🔕 Timeout disarmed for task 4
execution-manager  | [SCHEDULER] 1 tasks remaining
execution-manager  | [gRPC Client Async] Stream completed, received 1 responses
execution-manager  | [GRPC THREAD 4] Completed
execution-manager  | [gRPC Client Async] Response #1 - Status: COMPLETED
execution-manager  | 🎉 [T=27469 ms] Task 2 'sum2' COMPLETED
execution-manager  | [EXECUTION MANAGER] ⏱️ T2=132136415.503 ms | Thread started (server measured)
execution-manager  | [EXECUTION MANAGER] ⏱️ T3=132143883.042 ms | Task completed (server measured)
execution-manager  | [EXECUTION MANAGER] ⏱️ T4=132143883.841 ms | Result received by client
execution-manager  |    [TASK EXECUTION] 7467.539 ms (T3-T2, measured in thread)
execution-manager  |    [RESULT] {"result": 0}
execution-manager  | 
execution-manager  | ╔═══════════════════════════════════════════════════════════════╗
execution-manager  | ║           END-TO-END TIMING MEASUREMENT RECAP                 ║
execution-manager  | ║                   Task 2: sum2                                 
execution-manager  | ╠═══════════════════════════════════════════════════════════════╣
execution-manager  | ║ T1 (start_request)    = 132136414.462 ms                        ║
execution-manager  | ║ T2 (end_request)      = 132136415.503 ms                        ║
execution-manager  | ║ T3 (start_result)     = 132143883.042 ms                        ║
execution-manager  | ║ T4 (end_result)       = 132143883.841 ms                        ║
execution-manager  | ╠═══════════════════════════════════════════════════════════════╣
execution-manager  | ║ METRICS:                                                      ║
execution-manager  | ║   Request Latency    =        1.041 ms  (T2 - T1)            ║
execution-manager  | ║   Task Execution     =     7467.539 ms  (T3 - T2)            ║
execution-manager  | ║   Response Latency   =        0.799 ms  (T4 - T3)            ║
execution-manager  | ║   Total End-to-End   =     7469.379 ms  (T4 - T1)            ║
execution-manager  | ║   Network Overhead   =        1.840 ms  (Req + Resp)         ║
execution-manager  | ╚═══════════════════════════════════════════════════════════════╝
execution-manager  | 
execution-manager  | [gRPC Client Async] Stream completed, received 1 responses
execution-manager  | [GRPC THREAD 2] Completed
execution-manager  | [SCHEDULER] ✅ T=27470 ms: Task 2 'sum2' completed with status 2
execution-manager  | [SCHEDULER] 🔕 Timeout disarmed for task 2
execution-manager  | [SCHEDULER] 0 tasks remaining
execution-manager  | 
execution-manager  | [SCHEDULER] 🏁 Iteration 7/50 complete!
execution-manager  | [SCHEDULER] Iteration execution time: 27470 ms
execution-manager  | 
execution-manager  | 
execution-manager  | [SCHEDULER] 🔁 ===== ITERATION 8 / 50 =====
execution-manager  | 
execution-manager  | [SCHEDULER] 🚀 Schedule started at T=0
execution-manager  | 
execution-manager  | [SCHEDULER] 🔄 Entering event loop (NO SLEEP - event-driven!)
execution-manager  | 
execution-manager  | [SCHEDULER] ⏰ T=10000 ms | T_wall=132153884.225 ms: Launching task 1 'sum1' (deadline: 30000 ms)
execution-manager  | [SCHEDULER] 🕐 Timeout armed for task 1 at T=30000 ms (in 20000 ms)
execution-manager  | [GRPC THREAD 1] Starting...
execution-manager  | [EXECUTION MANAGER] ⏱️ T1=132153884.359 ms | Sending gRPC request for task 1 'sum1'
execution-manager  | [gRPC Channel Pool] Reusing existing channel for localhost:50051
execution-manager  | [gRPC Client Async] Calling task 'sum1' at localhost:50051
execution-manager  | [gRPC Client Async] Inputs: {"total_ops": 200, "io_percentage": 50}
execution-manager  | [gRPC Client Async] Response #1 - Status: COMPLETED
execution-manager  | 🎉 [T=12540 ms] Task 1 'sum1' COMPLETED
execution-manager  | [EXECUTION MANAGER] ⏱️ T2=132153885.849 ms | Thread started (server measured)
execution-manager  | [EXECUTION MANAGER] ⏱️ T3=132156423.970 ms | Task completed (server measured)
execution-manager  | [EXECUTION MANAGER] ⏱️ T4=132156424.698 ms | Result received by client
execution-manager  |    [TASK EXECUTION] 2538.121 ms (T3-T2, measured in thread)
execution-manager  |    [RESULT] {"result": 0}
execution-manager  | 
execution-manager  | ╔═══════════════════════════════════════════════════════════════╗
execution-manager  | ║           END-TO-END TIMING MEASUREMENT RECAP                 ║
execution-manager  | ║                   Task 1: sum1                                 
execution-manager  | ╠═══════════════════════════════════════════════════════════════╣
execution-manager  | ║ T1 (start_request)    = 132153884.359 ms                        ║
execution-manager  | ║ T2 (end_request)      = 132153885.849 ms                        ║
execution-manager  | ║ T3 (start_result)     = 132156423.970 ms                        ║
execution-manager  | ║ T4 (end_result)       = 132156424.698 ms                        ║
execution-manager  | ╠═══════════════════════════════════════════════════════════════╣
execution-manager  | ║ METRICS:                                                      ║
execution-manager  | ║   Request Latency    =        1.490 ms  (T2 - T1)            ║
execution-manager  | ║   Task Execution     =     2538.121 ms  (T3 - T2)            ║
execution-manager  | ║   Response Latency   =        0.728 ms  (T4 - T3)            ║
execution-manager  | ║   Total End-to-End   =     2540.338 ms  (T4 - T1)            ║
execution-manager  | ║   Network Overhead   =        2.217 ms  (Req + Resp)         ║
execution-manager  | ╚═══════════════════════════════════════════════════════════════╝
execution-manager  | 
execution-manager  | [SCHEDULER] ✅ T=12540 ms: Task 1 'sum1' completed with status 2
execution-manager  | [SCHEDULER] 🔕 Timeout disarmed for task 1
execution-manager  | [SCHEDULER] 3 tasks remaining
execution-manager  | [gRPC Client Async] Stream completed, received 1 responses
execution-manager  | [GRPC THREAD 1] Completed
execution-manager  | [SCHEDULER] ⏰ T=20000 ms | T_wall=132163884.270 ms: Launching task 2 'sum2' (deadline: 40000 ms)
execution-manager  | [SCHEDULER] 🕐 Timeout armed for task 2 at T=40000 ms (in 20000 ms)
execution-manager  | [GRPC THREAD 2] Starting...
execution-manager  | [EXECUTION MANAGER] ⏱️ T1=132163884.404 ms | Sending gRPC request for task 2 'sum2'
execution-manager  | [gRPC Channel Pool] Reusing existing channel for localhost:50052
execution-manager  | [gRPC Client Async] Calling task 'sum2' at localhost:50052
execution-manager  | [gRPC Client Async] Inputs: {"total_ops": 200, "io_percentage": 50}
execution-manager  | [SCHEDULER] ⏰ T=21121 ms | T_wall=132165005.039 ms: Launching task 3 'sum3' (deadline: 41000 ms)
execution-manager  | [SCHEDULER] 🕐 Timeout armed for task 3 at T=41000 ms (in 19879 ms)
execution-manager  | [SCHEDULER] ⏰ T=21121 ms | T_wall=132165005.174 ms: Launching task 4 'sum4' (deadline: 41000 ms)
execution-manager  | [SCHEDULER] 🕐 Timeout armed for task 4 at T=41000 ms (in 19879 ms)
execution-manager  | [GRPC THREAD 3] Starting...
execution-manager  | [EXECUTION MANAGER] ⏱️ T1=132165005.283 ms | Sending gRPC request for task 3 'sum3'
execution-manager  | [gRPC Channel Pool] Reusing existing channel for localhost:50053
execution-manager  | [gRPC Client Async] Calling task 'sum3' at localhost:50053
execution-manager  | [gRPC Client Async] Inputs: {"total_ops": 200, "io_percentage": 50}
execution-manager  | [GRPC THREAD 4] Starting...
execution-manager  | [EXECUTION MANAGER] ⏱️ T1=132165005.798 ms | Sending gRPC request for task 4 'sum4'
execution-manager  | [gRPC Channel Pool] Reusing existing channel for localhost:50054
execution-manager  | [gRPC Client Async] Calling task 'sum4' at localhost:50054
execution-manager  | [gRPC Client Async] Inputs: {"total_ops": 200, "io_percentage": 50}
execution-manager  | [gRPC Client Async] Response #1 - Status: COMPLETED
execution-manager  | 🎉 [T=27512 ms] Task 3 'sum3' COMPLETED
execution-manager  | [EXECUTION MANAGER] ⏱️ T2=132166005.163 ms | Thread started (server measured)
execution-manager  | [EXECUTION MANAGER] ⏱️ T3=132171395.758 ms | Task completed (server measured)
execution-manager  | [EXECUTION MANAGER] ⏱️ T4=132171396.788 ms | Result received by client
execution-manager  |    [TASK EXECUTION] 5390.596 ms (T3-T2, measured in thread)
execution-manager  |    [RESULT] {"result": 0}
execution-manager  | 
execution-manager  | ╔═══════════════════════════════════════════════════════════════╗
execution-manager  | ║           END-TO-END TIMING MEASUREMENT RECAP                 ║
execution-manager  | ║                   Task 3: sum3                                 
execution-manager  | ╠═══════════════════════════════════════════════════════════════╣
execution-manager  | ║ T1 (start_request)    = 132165005.283 ms                        ║
execution-manager  | ║ T2 (end_request)      = 132166005.163 ms                        ║
execution-manager  | ║ T3 (start_result)     = 132171395.758 ms                        ║
execution-manager  | ║ T4 (end_result)       = 132171396.788 ms                        ║
execution-manager  | ╠═══════════════════════════════════════════════════════════════╣
execution-manager  | ║ METRICS:                                                      ║
execution-manager  | ║   Request Latency    =      999.880 ms  (T2 - T1)            ║
execution-manager  | ║   Task Execution     =     5390.596 ms  (T3 - T2)            ║
execution-manager  | ║   Response Latency   =        1.030 ms  (T4 - T3)            ║
execution-manager  | ║   Total End-to-End   =     6391.505 ms  (T4 - T1)            ║
execution-manager  | ║   Network Overhead   =     1000.910 ms  (Req + Resp)         ║
execution-manager  | ╚═══════════════════════════════════════════════════════════════╝
execution-manager  | 
execution-manager  | [SCHEDULER] ✅ T=27513 ms: Task 3 'sum3' completed with status 2
execution-manager  | [SCHEDULER] 🔕 Timeout disarmed for task 3
execution-manager  | [SCHEDULER] 2 tasks remaining
execution-manager  | [gRPC Client Async] Stream completed, received 1 responses
execution-manager  | [GRPC THREAD 3] Completed
execution-manager  | [gRPC Client Async] Response #1 - Status: COMPLETED
execution-manager  | 🎉 [T=27517 ms] Task 4 'sum4' COMPLETED
execution-manager  | [EXECUTION MANAGER] ⏱️ T2=132165006.713 ms | Thread started (server measured)
execution-manager  | [EXECUTION MANAGER] ⏱️ T3=132171400.607 ms | Task completed (server measured)
execution-manager  | [EXECUTION MANAGER] ⏱️ T4=132171401.436 ms | Result received by client
execution-manager  |    [TASK EXECUTION] 6393.894 ms (T3-T2, measured in thread)
execution-manager  |    [RESULT] {"result": 0}
execution-manager  | 
execution-manager  | ╔═══════════════════════════════════════════════════════════════╗
execution-manager  | ║           END-TO-END TIMING MEASUREMENT RECAP                 ║
execution-manager  | ║                   Task 4: sum4                                 
execution-manager  | ╠═══════════════════════════════════════════════════════════════╣
execution-manager  | ║ T1 (start_request)    = 132165005.798 ms                        ║
execution-manager  | ║ T2 (end_request)      = 132165006.713 ms                        ║
execution-manager  | ║ T3 (start_result)     = 132171400.607 ms                        ║
execution-manager  | ║ T4 (end_result)       = 132171401.436 ms                        ║
execution-manager  | ╠═══════════════════════════════════════════════════════════════╣
execution-manager  | ║ METRICS:                                                      ║
execution-manager  | ║   Request Latency    =        0.915 ms  (T2 - T1)            ║
execution-manager  | ║   Task Execution     =     6393.894 ms  (T3 - T2)            ║
execution-manager  | ║   Response Latency   =        0.829 ms  (T4 - T3)            ║
execution-manager  | ║   Total End-to-End   =     6395.638 ms  (T4 - T1)            ║
execution-manager  | ║   Network Overhead   =        1.744 ms  (Req + Resp)         ║
execution-manager  | ╚═══════════════════════════════════════════════════════════════╝
execution-manager  | 
execution-manager  | [SCHEDULER] ✅ T=27517 ms: Task 4 'sum4' completed with status 2
execution-manager  | [SCHEDULER] 🔕 Timeout disarmed for task 4
execution-manager  | [SCHEDULER] 1 tasks remaining
execution-manager  | [gRPC Client Async] Stream completed, received 1 responses
execution-manager  | [GRPC THREAD 4] Completed
execution-manager  | [gRPC Client Async] Response #1 - Status: COMPLETED
execution-manager  | 🎉 [T=27522 ms] Task 2 'sum2' COMPLETED
execution-manager  | [EXECUTION MANAGER] ⏱️ T2=132163885.237 ms | Thread started (server measured)
execution-manager  | [EXECUTION MANAGER] ⏱️ T3=132171406.101 ms | Task completed (server measured)
execution-manager  | [EXECUTION MANAGER] ⏱️ T4=132171406.647 ms | Result received by client
execution-manager  |    [TASK EXECUTION] 7520.864 ms (T3-T2, measured in thread)
execution-manager  |    [RESULT] {"result": 0}
execution-manager  | 
execution-manager  | ╔═══════════════════════════════════════════════════════════════╗
execution-manager  | ║           END-TO-END TIMING MEASUREMENT RECAP                 ║
execution-manager  | ║                   Task 2: sum2                                 
execution-manager  | ╠═══════════════════════════════════════════════════════════════╣
execution-manager  | ║ T1 (start_request)    = 132163884.404 ms                        ║
execution-manager  | ║ T2 (end_request)      = 132163885.237 ms                        ║
execution-manager  | ║ T3 (start_result)     = 132171406.101 ms                        ║
execution-manager  | ║ T4 (end_result)       = 132171406.647 ms                        ║
execution-manager  | ╠═══════════════════════════════════════════════════════════════╣
execution-manager  | ║ METRICS:                                                      ║
execution-manager  | ║   Request Latency    =        0.834 ms  (T2 - T1)            ║
execution-manager  | ║   Task Execution     =     7520.864 ms  (T3 - T2)            ║
execution-manager  | ║   Response Latency   =        0.546 ms  (T4 - T3)            ║
execution-manager  | ║   Total End-to-End   =     7522.243 ms  (T4 - T1)            ║
execution-manager  | ║   Network Overhead   =        1.379 ms  (Req + Resp)         ║
execution-manager  | ╚═══════════════════════════════════════════════════════════════╝
execution-manager  | 
execution-manager  | [gRPC Client Async] Stream completed, received 1 responses
execution-manager  | [GRPC THREAD 2] Completed
execution-manager  | [SCHEDULER] ✅ T=27523 ms: Task 2 'sum2' completed with status 2
execution-manager  | [SCHEDULER] 🔕 Timeout disarmed for task 2
execution-manager  | [SCHEDULER] 0 tasks remaining
execution-manager  | 
execution-manager  | [SCHEDULER] 🏁 Iteration 8/50 complete!
execution-manager  | [SCHEDULER] Iteration execution time: 27523 ms
execution-manager  | 
execution-manager  | 
execution-manager  | [SCHEDULER] 🔁 ===== ITERATION 9 / 50 =====
execution-manager  | 
execution-manager  | [SCHEDULER] 🚀 Schedule started at T=0
execution-manager  | 
execution-manager  | [SCHEDULER] 🔄 Entering event loop (NO SLEEP - event-driven!)
execution-manager  | 
execution-manager  | [SCHEDULER] ⏰ T=10000 ms | T_wall=132181407.185 ms: Launching task 1 'sum1' (deadline: 30000 ms)
execution-manager  | [SCHEDULER] 🕐 Timeout armed for task 1 at T=30000 ms (in 20000 ms)
execution-manager  | [GRPC THREAD 1] Starting...
execution-manager  | [EXECUTION MANAGER] ⏱️ T1=132181407.324 ms | Sending gRPC request for task 1 'sum1'
execution-manager  | [gRPC Channel Pool] Reusing existing channel for localhost:50051
execution-manager  | [gRPC Client Async] Calling task 'sum1' at localhost:50051
execution-manager  | [gRPC Client Async] Inputs: {"total_ops": 200, "io_percentage": 50}
execution-manager  | [gRPC Client Async] Response #1 - Status: COMPLETED
execution-manager  | 🎉 [T=12476 ms] Task 1 'sum1' COMPLETED
execution-manager  | [EXECUTION MANAGER] ⏱️ T2=132181408.526 ms | Thread started (server measured)
execution-manager  | [EXECUTION MANAGER] ⏱️ T3=132183882.329 ms | Task completed (server measured)
execution-manager  | [EXECUTION MANAGER] ⏱️ T4=132183883.044 ms | Result received by client
execution-manager  |    [TASK EXECUTION] 2473.803 ms (T3-T2, measured in thread)
execution-manager  |    [RESULT] {"result": 0}
execution-manager  | 
execution-manager  | ╔═══════════════════════════════════════════════════════════════╗
execution-manager  | ║           END-TO-END TIMING MEASUREMENT RECAP                 ║
execution-manager  | ║                   Task 1: sum1                                 
execution-manager  | ╠═══════════════════════════════════════════════════════════════╣
execution-manager  | ║ T1 (start_request)    = 132181407.324 ms                        ║
execution-manager  | ║ T2 (end_request)      = 132181408.526 ms                        ║
execution-manager  | ║ T3 (start_result)     = 132183882.329 ms                        ║
execution-manager  | ║ T4 (end_result)       = 132183883.044 ms                        ║
execution-manager  | ╠═══════════════════════════════════════════════════════════════╣
execution-manager  | ║ METRICS:                                                      ║
execution-manager  | ║   Request Latency    =        1.202 ms  (T2 - T1)            ║
execution-manager  | ║   Task Execution     =     2473.803 ms  (T3 - T2)            ║
execution-manager  | ║   Response Latency   =        0.715 ms  (T4 - T3)            ║
execution-manager  | ║   Total End-to-End   =     2475.720 ms  (T4 - T1)            ║
execution-manager  | ║   Network Overhead   =        1.917 ms  (Req + Resp)         ║
execution-manager  | ╚═══════════════════════════════════════════════════════════════╝
execution-manager  | 
execution-manager  | [gRPC Client Async] Stream completed, received 1 responses
execution-manager  | [GRPC THREAD 1] Completed
execution-manager  | [SCHEDULER] ✅ T=12476 ms: Task 1 'sum1' completed with status 2
execution-manager  | [SCHEDULER] 🔕 Timeout disarmed for task 1
execution-manager  | [SCHEDULER] 3 tasks remaining
execution-manager  | [SCHEDULER] ⏰ T=20000 ms | T_wall=132191407.222 ms: Launching task 2 'sum2' (deadline: 40000 ms)
execution-manager  | [SCHEDULER] 🕐 Timeout armed for task 2 at T=40000 ms (in 20000 ms)
execution-manager  | [GRPC THREAD 2] Starting...
execution-manager  | [EXECUTION MANAGER] ⏱️ T1=132191407.358 ms | Sending gRPC request for task 2 'sum2'
execution-manager  | [gRPC Channel Pool] Reusing existing channel for localhost:50052
execution-manager  | [gRPC Client Async] Calling task 'sum2' at localhost:50052
execution-manager  | [gRPC Client Async] Inputs: {"total_ops": 200, "io_percentage": 50}
execution-manager  | [SCHEDULER] ⏰ T=21598 ms | T_wall=132193005.030 ms: Launching task 3 'sum3' (deadline: 41000 ms)
execution-manager  | [SCHEDULER] 🕐 Timeout armed for task 3 at T=41000 ms (in 19402 ms)
execution-manager  | [SCHEDULER] ⏰ T=21598 ms | T_wall=132193005.172 ms: Launching task 4 'sum4' (deadline: 41000 ms)
execution-manager  | [SCHEDULER] 🕐 Timeout armed for task 4 at T=41000 ms (in 19402 ms)
execution-manager  | [GRPC THREAD 3] Starting...
execution-manager  | [EXECUTION MANAGER] ⏱️ T1=132193005.531 ms | Sending gRPC request for task 3 'sum3'
execution-manager  | [gRPC Channel Pool] Reusing existing channel for localhost:50053
execution-manager  | [gRPC Client Async] Calling task 'sum3' at localhost:50053
execution-manager  | [gRPC Client Async] Inputs: {"total_ops": 200, "io_percentage": 50}
execution-manager  | [GRPC THREAD 4] Starting...
execution-manager  | [EXECUTION MANAGER] ⏱️ T1=132193006.029 ms | Sending gRPC request for task 4 'sum4'
execution-manager  | [gRPC Channel Pool] Reusing existing channel for localhost:50054
execution-manager  | [gRPC Client Async] Calling task 'sum4' at localhost:50054
execution-manager  | [gRPC Client Async] Inputs: {"total_ops": 200, "io_percentage": 50}
execution-manager  | [gRPC Client Async] Response #1 - Status: COMPLETED
execution-manager  | 🎉 [T=27453 ms] Task 3 'sum3' COMPLETED
execution-manager  | [EXECUTION MANAGER] ⏱️ T2=132193006.607 ms | Thread started (server measured)
execution-manager  | [EXECUTION MANAGER] ⏱️ T3=132198860.212 ms | Task completed (server measured)
execution-manager  | [EXECUTION MANAGER] ⏱️ T4=132198860.964 ms | Result received by client
execution-manager  |    [TASK EXECUTION] 5853.606 ms (T3-T2, measured in thread)
execution-manager  |    [RESULT] {"result": 0}
execution-manager  | 
execution-manager  | ╔═══════════════════════════════════════════════════════════════╗
execution-manager  | ║           END-TO-END TIMING MEASUREMENT RECAP                 ║
execution-manager  | ║                   Task 3: sum3                                 
execution-manager  | ╠═══════════════════════════════════════════════════════════════╣
execution-manager  | ║ T1 (start_request)    = 132193005.531 ms                        ║
execution-manager  | ║ T2 (end_request)      = 132193006.607 ms                        ║
execution-manager  | ║ T3 (start_result)     = 132198860.212 ms                        ║
execution-manager  | ║ T4 (end_result)       = 132198860.964 ms                        ║
execution-manager  | ╠═══════════════════════════════════════════════════════════════╣
execution-manager  | ║ METRICS:                                                      ║
execution-manager  | ║   Request Latency    =        1.076 ms  (T2 - T1)            ║
execution-manager  | ║   Task Execution     =     5853.606 ms  (T3 - T2)            ║
execution-manager  | ║   Response Latency   =        0.752 ms  (T4 - T3)            ║
execution-manager  | ║   Total End-to-End   =     5855.434 ms  (T4 - T1)            ║
execution-manager  | ║   Network Overhead   =        1.828 ms  (Req + Resp)         ║
execution-manager  | ╚═══════════════════════════════════════════════════════════════╝
execution-manager  | 
execution-manager  | [SCHEDULER] ✅ T=27454 ms: Task 3 'sum3' completed with status 2
execution-manager  | [SCHEDULER] 🔕 Timeout disarmed for task 3
execution-manager  | [SCHEDULER] 2 tasks remaining
execution-manager  | [gRPC Client Async] Stream completed, received 1 responses
execution-manager  | [GRPC THREAD 3] Completed
execution-manager  | [gRPC Client Async] Response #1 - Status: COMPLETED
execution-manager  | 🎉 [T=27466 ms] Task 4 'sum4' COMPLETED
execution-manager  | [EXECUTION MANAGER] ⏱️ T2=132195395.633 ms | Thread started (server measured)
execution-manager  | [EXECUTION MANAGER] ⏱️ T3=132198872.759 ms | Task completed (server measured)
execution-manager  | [EXECUTION MANAGER] ⏱️ T4=132198873.610 ms | Result received by client
execution-manager  |    [TASK EXECUTION] 3477.125 ms (T3-T2, measured in thread)
execution-manager  |    [RESULT] {"result": 0}
execution-manager  | 
execution-manager  | ╔═══════════════════════════════════════════════════════════════╗
execution-manager  | ║           END-TO-END TIMING MEASUREMENT RECAP                 ║
execution-manager  | ║                   Task 4: sum4                                 
execution-manager  | ╠═══════════════════════════════════════════════════════════════╣
execution-manager  | ║ T1 (start_request)    = 132193006.029 ms                        ║
execution-manager  | ║ T2 (end_request)      = 132195395.633 ms                        ║
execution-manager  | ║ T3 (start_result)     = 132198872.759 ms                        ║
execution-manager  | ║ T4 (end_result)       = 132198873.610 ms                        ║
execution-manager  | ╠═══════════════════════════════════════════════════════════════╣
execution-manager  | ║ METRICS:                                                      ║
execution-manager  | ║   Request Latency    =     2389.604 ms  (T2 - T1)            ║
execution-manager  | ║   Task Execution     =     3477.125 ms  (T3 - T2)            ║
execution-manager  | ║   Response Latency   =        0.851 ms  (T4 - T3)            ║
execution-manager  | ║   Total End-to-End   =     5867.581 ms  (T4 - T1)            ║
execution-manager  | ║   Network Overhead   =     2390.455 ms  (Req + Resp)         ║
execution-manager  | ╚═══════════════════════════════════════════════════════════════╝
execution-manager  | 
execution-manager  | [gRPC Client Async] Stream completed, received 1 responses
execution-manager  | [GRPC THREAD 4] Completed
execution-manager  | [SCHEDULER] ✅ T=27466 ms: Task 4 'sum4' completed with status 2
execution-manager  | [SCHEDULER] 🔕 Timeout disarmed for task 4
execution-manager  | [SCHEDULER] 1 tasks remaining
execution-manager  | [gRPC Client Async] Response #1 - Status: COMPLETED
execution-manager  | 🎉 [T=27467 ms] Task 2 'sum2' COMPLETED
execution-manager  | [EXECUTION MANAGER] ⏱️ T2=132191408.447 ms | Thread started (server measured)
execution-manager  | [EXECUTION MANAGER] ⏱️ T3=132198874.339 ms | Task completed (server measured)
execution-manager  | [EXECUTION MANAGER] ⏱️ T4=132198874.774 ms | Result received by client
execution-manager  |    [TASK EXECUTION] 7465.892 ms (T3-T2, measured in thread)
execution-manager  |    [RESULT] {"result": 0}
execution-manager  | 
execution-manager  | ╔═══════════════════════════════════════════════════════════════╗
execution-manager  | ║           END-TO-END TIMING MEASUREMENT RECAP                 ║
execution-manager  | ║                   Task 2: sum2                                 
execution-manager  | ╠═══════════════════════════════════════════════════════════════╣
execution-manager  | ║ T1 (start_request)    = 132191407.358 ms                        ║
execution-manager  | ║ T2 (end_request)      = 132191408.447 ms                        ║
execution-manager  | ║ T3 (start_result)     = 132198874.339 ms                        ║
execution-manager  | ║ T4 (end_result)       = 132198874.774 ms                        ║
execution-manager  | ╠═══════════════════════════════════════════════════════════════╣
execution-manager  | ║ METRICS:                                                      ║
execution-manager  | ║   Request Latency    =        1.089 ms  (T2 - T1)            ║
execution-manager  | ║   Task Execution     =     7465.892 ms  (T3 - T2)            ║
execution-manager  | ║   Response Latency   =        0.435 ms  (T4 - T3)            ║
execution-manager  | ║   Total End-to-End   =     7467.416 ms  (T4 - T1)            ║
execution-manager  | ║   Network Overhead   =        1.524 ms  (Req + Resp)         ║
execution-manager  | ╚═══════════════════════════════════════════════════════════════╝
execution-manager  | 
execution-manager  | [gRPC Client Async] Stream completed, received 1 responses
execution-manager  | [GRPC THREAD 2] Completed
execution-manager  | [SCHEDULER] ✅ T=27468 ms: Task 2 'sum2' completed with status 2
execution-manager  | [SCHEDULER] 🔕 Timeout disarmed for task 2
execution-manager  | [SCHEDULER] 0 tasks remaining
execution-manager  | 
execution-manager  | [SCHEDULER] 🏁 Iteration 9/50 complete!
execution-manager  | [SCHEDULER] Iteration execution time: 27468 ms
execution-manager  | 
execution-manager  | 
execution-manager  | [SCHEDULER] 🔁 ===== ITERATION 10 / 50 =====
execution-manager  | 
execution-manager  | [SCHEDULER] 🚀 Schedule started at T=0
execution-manager  | 
execution-manager  | [SCHEDULER] 🔄 Entering event loop (NO SLEEP - event-driven!)
execution-manager  | 
execution-manager  | [SCHEDULER] ⏰ T=10000 ms | T_wall=132208875.177 ms: Launching task 1 'sum1' (deadline: 30000 ms)
execution-manager  | [SCHEDULER] 🕐 Timeout armed for task 1 at T=30000 ms (in 20000 ms)
execution-manager  | [GRPC THREAD 1] Starting...
execution-manager  | [EXECUTION MANAGER] ⏱️ T1=132208875.306 ms | Sending gRPC request for task 1 'sum1'
execution-manager  | [gRPC Channel Pool] Reusing existing channel for localhost:50051
execution-manager  | [gRPC Client Async] Calling task 'sum1' at localhost:50051
execution-manager  | [gRPC Client Async] Inputs: {"total_ops": 200, "io_percentage": 50}
execution-manager  | [gRPC Client Async] Response #1 - Status: COMPLETED
execution-manager  | 🎉 [T=12542 ms] Task 1 'sum1' COMPLETED
execution-manager  | [EXECUTION MANAGER] ⏱️ T2=132208876.417 ms | Thread started (server measured)
execution-manager  | [EXECUTION MANAGER] ⏱️ T3=132211417.092 ms | Task completed (server measured)
execution-manager  | [EXECUTION MANAGER] ⏱️ T4=132211417.887 ms | Result received by client
execution-manager  |    [TASK EXECUTION] 2540.674 ms (T3-T2, measured in thread)
execution-manager  |    [RESULT] {"result": 0}
execution-manager  | 
execution-manager  | ╔═══════════════════════════════════════════════════════════════╗
execution-manager  | ║           END-TO-END TIMING MEASUREMENT RECAP                 ║
execution-manager  | ║                   Task 1: sum1                                 
execution-manager  | ╠═══════════════════════════════════════════════════════════════╣
execution-manager  | ║ T1 (start_request)    = 132208875.306 ms                        ║
execution-manager  | ║ T2 (end_request)      = 132208876.417 ms                        ║
execution-manager  | ║ T3 (start_result)     = 132211417.092 ms                        ║
execution-manager  | ║ T4 (end_result)       = 132211417.887 ms                        ║
execution-manager  | ╠═══════════════════════════════════════════════════════════════╣
execution-manager  | ║ METRICS:                                                      ║
execution-manager  | ║   Request Latency    =        1.111 ms  (T2 - T1)            ║
execution-manager  | ║   Task Execution     =     2540.674 ms  (T3 - T2)            ║
execution-manager  | ║   Response Latency   =        0.796 ms  (T4 - T3)            ║
execution-manager  | ║   Total End-to-End   =     2542.581 ms  (T4 - T1)            ║
execution-manager  | ║   Network Overhead   =        1.907 ms  (Req + Resp)         ║
execution-manager  | ╚═══════════════════════════════════════════════════════════════╝
execution-manager  | 
execution-manager  | [gRPC Client Async] Stream completed, received 1 responses
execution-manager  | [GRPC THREAD 1] Completed
execution-manager  | [SCHEDULER] ✅ T=12543 ms: Task 1 'sum1' completed with status 2
execution-manager  | [SCHEDULER] 🔕 Timeout disarmed for task 1
execution-manager  | [SCHEDULER] 3 tasks remaining
execution-manager  | [SCHEDULER] ⏰ T=20000 ms | T_wall=132218875.275 ms: Launching task 2 'sum2' (deadline: 40000 ms)
execution-manager  | [SCHEDULER] 🕐 Timeout armed for task 2 at T=40000 ms (in 20000 ms)
execution-manager  | [GRPC THREAD 2] Starting...
execution-manager  | [EXECUTION MANAGER] ⏱️ T1=132218875.416 ms | Sending gRPC request for task 2 'sum2'
execution-manager  | [gRPC Channel Pool] Reusing existing channel for localhost:50052
execution-manager  | [gRPC Client Async] Calling task 'sum2' at localhost:50052
execution-manager  | [gRPC Client Async] Inputs: {"total_ops": 200, "io_percentage": 50}
execution-manager  | [SCHEDULER] ⏰ T=21130 ms | T_wall=132220005.032 ms: Launching task 3 'sum3' (deadline: 41000 ms)
execution-manager  | [SCHEDULER] 🕐 Timeout armed for task 3 at T=41000 ms (in 19870 ms)
execution-manager  | [SCHEDULER] ⏰ T=21130 ms | T_wall=132220005.234 ms: Launching task 4 'sum4' (deadline: 41000 ms)
execution-manager  | [SCHEDULER] 🕐 Timeout armed for task 4 at T=41000 ms (in 19870 ms)
execution-manager  | [GRPC THREAD 3] Starting...
execution-manager  | [EXECUTION MANAGER] ⏱️ T1=132220005.373 ms | Sending gRPC request for task 3 'sum3'
execution-manager  | [gRPC Channel Pool] Reusing existing channel for localhost:50053
execution-manager  | [gRPC Client Async] Calling task 'sum3' at localhost:50053
execution-manager  | [gRPC Client Async] Inputs: {"total_ops": 200, "io_percentage": 50}
execution-manager  | [GRPC THREAD 4] Starting...
execution-manager  | [EXECUTION MANAGER] ⏱️ T1=132220005.835 ms | Sending gRPC request for task 4 'sum4'
execution-manager  | [gRPC Channel Pool] Reusing existing channel for localhost:50054
execution-manager  | [gRPC Client Async] Calling task 'sum4' at localhost:50054
execution-manager  | [gRPC Client Async] Inputs: {"total_ops": 200, "io_percentage": 50}
execution-manager  | [gRPC Client Async] Response #1 - Status: COMPLETED
execution-manager  | 🎉 [T=27508 ms] Task 3 'sum3' COMPLETED
execution-manager  | [EXECUTION MANAGER] ⏱️ T2=132220007.179 ms | Thread started (server measured)
execution-manager  | [EXECUTION MANAGER] ⏱️ T3=132226382.882 ms | Task completed (server measured)
execution-manager  | [EXECUTION MANAGER] ⏱️ T4=132226383.708 ms | Result received by client
execution-manager  |    [TASK EXECUTION] 6375.703 ms (T3-T2, measured in thread)
execution-manager  |    [RESULT] {"result": 0}
execution-manager  | 
execution-manager  | ╔═══════════════════════════════════════════════════════════════╗
execution-manager  | ║           END-TO-END TIMING MEASUREMENT RECAP                 ║
execution-manager  | ║                   Task 3: sum3                                 
execution-manager  | ╠═══════════════════════════════════════════════════════════════╣
execution-manager  | ║ T1 (start_request)    = 132220005.373 ms                        ║
execution-manager  | ║ T2 (end_request)      = 132220007.179 ms                        ║
execution-manager  | ║ T3 (start_result)     = 132226382.882 ms                        ║
execution-manager  | ║ T4 (end_result)       = 132226383.708 ms                        ║
execution-manager  | ╠═══════════════════════════════════════════════════════════════╣
execution-manager  | ║ METRICS:                                                      ║
execution-manager  | ║   Request Latency    =        1.806 ms  (T2 - T1)            ║
execution-manager  | ║   Task Execution     =     6375.703 ms  (T3 - T2)            ║
execution-manager  | ║   Response Latency   =        0.826 ms  (T4 - T3)            ║
execution-manager  | ║   Total End-to-End   =     6378.335 ms  (T4 - T1)            ║
execution-manager  | ║   Network Overhead   =        2.632 ms  (Req + Resp)         ║
execution-manager  | ╚═══════════════════════════════════════════════════════════════╝
execution-manager  | 
execution-manager  | [gRPC Client Async] Stream completed, received 1 responses
execution-manager  | [GRPC THREAD 3] Completed
execution-manager  | [SCHEDULER] ✅ T=27509 ms: Task 3 'sum3' completed with status 2
execution-manager  | [SCHEDULER] 🔕 Timeout disarmed for task 3
execution-manager  | [SCHEDULER] 2 tasks remaining
execution-manager  | [gRPC Client Async] Response #1 - Status: COMPLETED
execution-manager  | 🎉 [T=27518 ms] Task 4 'sum4' COMPLETED
execution-manager  | [EXECUTION MANAGER] ⏱️ T2=132220006.563 ms | Thread started (server measured)
execution-manager  | [EXECUTION MANAGER] ⏱️ T3=132226392.553 ms | Task completed (server measured)
execution-manager  | [EXECUTION MANAGER] ⏱️ T4=132226393.107 ms | Result received by client
execution-manager  |    [TASK EXECUTION] 6385.990 ms (T3-T2, measured in thread)
execution-manager  |    [RESULT] {"result": 0}
execution-manager  | 
execution-manager  | ╔═══════════════════════════════════════════════════════════════╗
execution-manager  | ║           END-TO-END TIMING MEASUREMENT RECAP                 ║
execution-manager  | ║                   Task 4: sum4                                 
execution-manager  | ╠═══════════════════════════════════════════════════════════════╣
execution-manager  | ║ T1 (start_request)    = 132220005.835 ms                        ║
execution-manager  | ║ T2 (end_request)      = 132220006.563 ms                        ║
execution-manager  | ║ T3 (start_result)     = 132226392.553 ms                        ║
execution-manager  | ║ T4 (end_result)       = 132226393.107 ms                        ║
execution-manager  | ╠═══════════════════════════════════════════════════════════════╣
execution-manager  | ║ METRICS:                                                      ║
execution-manager  | ║   Request Latency    =        0.728 ms  (T2 - T1)            ║
execution-manager  | ║   Task Execution     =     6385.990 ms  (T3 - T2)            ║
execution-manager  | ║   Response Latency   =        0.554 ms  (T4 - T3)            ║
execution-manager  | ║   Total End-to-End   =     6387.271 ms  (T4 - T1)            ║
execution-manager  | ║   Network Overhead   =        1.282 ms  (Req + Resp)         ║
execution-manager  | ╚═══════════════════════════════════════════════════════════════╝
execution-manager  | 
execution-manager  | [SCHEDULER] ✅ T=27518 ms: Task 4 'sum4' completed with status 2
execution-manager  | [SCHEDULER] 🔕 Timeout disarmed for task 4
execution-manager  | [SCHEDULER] 1 tasks remaining
execution-manager  | [gRPC Client Async] Stream completed, received 1 responses
execution-manager  | [GRPC THREAD 4] Completed
execution-manager  | [gRPC Client Async] Response #1 - Status: COMPLETED
execution-manager  | 🎉 [T=27523 ms] Task 2 'sum2' COMPLETED
execution-manager  | [EXECUTION MANAGER] ⏱️ T2=132218876.275 ms | Thread started (server measured)
execution-manager  | [EXECUTION MANAGER] ⏱️ T3=132226398.399 ms | Task completed (server measured)
execution-manager  | [EXECUTION MANAGER] ⏱️ T4=132226398.963 ms | Result received by client
execution-manager  |    [TASK EXECUTION] 7522.124 ms (T3-T2, measured in thread)
execution-manager  |    [RESULT] {"result": 0}
execution-manager  | 
execution-manager  | ╔═══════════════════════════════════════════════════════════════╗
execution-manager  | ║           END-TO-END TIMING MEASUREMENT RECAP                 ║
execution-manager  | ║                   Task 2: sum2                                 
execution-manager  | ╠═══════════════════════════════════════════════════════════════╣
execution-manager  | ║ T1 (start_request)    = 132218875.416 ms                        ║
execution-manager  | ║ T2 (end_request)      = 132218876.275 ms                        ║
execution-manager  | ║ T3 (start_result)     = 132226398.399 ms                        ║
execution-manager  | ║ T4 (end_result)       = 132226398.963 ms                        ║
execution-manager  | ╠═══════════════════════════════════════════════════════════════╣
execution-manager  | ║ METRICS:                                                      ║
execution-manager  | ║   Request Latency    =        0.859 ms  (T2 - T1)            ║
execution-manager  | ║   Task Execution     =     7522.124 ms  (T3 - T2)            ║
execution-manager  | ║   Response Latency   =        0.564 ms  (T4 - T3)            ║
execution-manager  | ║   Total End-to-End   =     7523.547 ms  (T4 - T1)            ║
execution-manager  | ║   Network Overhead   =        1.423 ms  (Req + Resp)         ║
execution-manager  | ╚═══════════════════════════════════════════════════════════════╝
execution-manager  | 
execution-manager  | [gRPC Client Async] Stream completed, received 1 responses
execution-manager  | [GRPC THREAD 2] Completed
execution-manager  | [SCHEDULER] ✅ T=27524 ms: Task 2 'sum2' completed with status 2
execution-manager  | [SCHEDULER] 🔕 Timeout disarmed for task 2
execution-manager  | [SCHEDULER] 0 tasks remaining
execution-manager  | 
execution-manager  | [SCHEDULER] 🏁 Iteration 10/50 complete!
execution-manager  | [SCHEDULER] Iteration execution time: 27524 ms
execution-manager  | 
execution-manager  | 
execution-manager  | [SCHEDULER] 🔁 ===== ITERATION 11 / 50 =====
execution-manager  | 
execution-manager  | [SCHEDULER] 🚀 Schedule started at T=0
execution-manager  | 
execution-manager  | [SCHEDULER] 🔄 Entering event loop (NO SLEEP - event-driven!)
execution-manager  | 
execution-manager  | [SCHEDULER] ⏰ T=10000 ms | T_wall=132236399.357 ms: Launching task 1 'sum1' (deadline: 30000 ms)
execution-manager  | [SCHEDULER] 🕐 Timeout armed for task 1 at T=30000 ms (in 20000 ms)
execution-manager  | [GRPC THREAD 1] Starting...
execution-manager  | [EXECUTION MANAGER] ⏱️ T1=132236399.497 ms | Sending gRPC request for task 1 'sum1'
execution-manager  | [gRPC Channel Pool] Reusing existing channel for localhost:50051
execution-manager  | [gRPC Client Async] Calling task 'sum1' at localhost:50051
execution-manager  | [gRPC Client Async] Inputs: {"total_ops": 200, "io_percentage": 50}
execution-manager  | [gRPC Client Async] Response #1 - Status: COMPLETED
execution-manager  | 🎉 [T=12476 ms] Task 1 'sum1' COMPLETED
execution-manager  | [EXECUTION MANAGER] ⏱️ T2=132236400.506 ms | Thread started (server measured)
execution-manager  | [EXECUTION MANAGER] ⏱️ T3=132238875.256 ms | Task completed (server measured)
execution-manager  | [EXECUTION MANAGER] ⏱️ T4=132238875.929 ms | Result received by client
execution-manager  |    [TASK EXECUTION] 2474.750 ms (T3-T2, measured in thread)
execution-manager  |    [RESULT] {"result": 0}
execution-manager  | 
execution-manager  | ╔═══════════════════════════════════════════════════════════════╗
execution-manager  | ║           END-TO-END TIMING MEASUREMENT RECAP                 ║
execution-manager  | ║                   Task 1: sum1                                 
execution-manager  | ╠═══════════════════════════════════════════════════════════════╣
execution-manager  | ║ T1 (start_request)    = 132236399.497 ms                        ║
execution-manager  | ║ T2 (end_request)      = 132236400.506 ms                        ║
execution-manager  | ║ T3 (start_result)     = 132238875.256 ms                        ║
execution-manager  | ║ T4 (end_result)       = 132238875.929 ms                        ║
execution-manager  | ╠═══════════════════════════════════════════════════════════════╣
execution-manager  | ║ METRICS:                                                      ║
execution-manager  | ║   Request Latency    =        1.009 ms  (T2 - T1)            ║
execution-manager  | ║   Task Execution     =     2474.750 ms  (T3 - T2)            ║
execution-manager  | ║   Response Latency   =        0.674 ms  (T4 - T3)            ║
execution-manager  | ║   Total End-to-End   =     2476.432 ms  (T4 - T1)            ║
execution-manager  | ║   Network Overhead   =        1.683 ms  (Req + Resp)         ║
execution-manager  | ╚═══════════════════════════════════════════════════════════════╝
execution-manager  | 
execution-manager  | [gRPC Client Async] Stream completed, received 1 responses
execution-manager  | [GRPC THREAD 1] Completed
execution-manager  | [SCHEDULER] ✅ T=12477 ms: Task 1 'sum1' completed with status 2
execution-manager  | [SCHEDULER] 🔕 Timeout disarmed for task 1
execution-manager  | [SCHEDULER] 3 tasks remaining
execution-manager  | [SCHEDULER] ⏰ T=20000 ms | T_wall=132246399.386 ms: Launching task 2 'sum2' (deadline: 40000 ms)
execution-manager  | [SCHEDULER] 🕐 Timeout armed for task 2 at T=40000 ms (in 20000 ms)
execution-manager  | [GRPC THREAD 2] Starting...
execution-manager  | [EXECUTION MANAGER] ⏱️ T1=132246399.524 ms | Sending gRPC request for task 2 'sum2'
execution-manager  | [gRPC Channel Pool] Reusing existing channel for localhost:50052
execution-manager  | [gRPC Client Async] Calling task 'sum2' at localhost:50052
execution-manager  | [gRPC Client Async] Inputs: {"total_ops": 200, "io_percentage": 50}
execution-manager  | [SCHEDULER] ⏰ T=21606 ms | T_wall=132248005.033 ms: Launching task 3 'sum3' (deadline: 41000 ms)
execution-manager  | [SCHEDULER] 🕐 Timeout armed for task 3 at T=41000 ms (in 19394 ms)
execution-manager  | [SCHEDULER] ⏰ T=21606 ms | T_wall=132248005.173 ms: Launching task 4 'sum4' (deadline: 41000 ms)
execution-manager  | [SCHEDULER] 🕐 Timeout armed for task 4 at T=41000 ms (in 19394 ms)
execution-manager  | [GRPC THREAD 3] Starting...
execution-manager  | [EXECUTION MANAGER] ⏱️ T1=132248005.283 ms | Sending gRPC request for task 3 'sum3'
execution-manager  | [gRPC Channel Pool] Reusing existing channel for localhost:50053
execution-manager  | [gRPC Client Async] Calling task 'sum3' at localhost:50053
execution-manager  | [gRPC Client Async] Inputs: {"total_ops": 200, "io_percentage": 50}
execution-manager  | [GRPC THREAD 4] Starting...
execution-manager  | [EXECUTION MANAGER] ⏱️ T1=132248005.825 ms | Sending gRPC request for task 4 'sum4'
execution-manager  | [gRPC Channel Pool] Reusing existing channel for localhost:50054
execution-manager  | [gRPC Client Async] Calling task 'sum4' at localhost:50054
execution-manager  | [gRPC Client Async] Inputs: {"total_ops": 200, "io_percentage": 50}
execution-manager  | [gRPC Client Async] Response #1 - Status: COMPLETED
execution-manager  | 🎉 [T=27462 ms] Task 3 'sum3' COMPLETED
execution-manager  | [EXECUTION MANAGER] ⏱️ T2=132248006.359 ms | Thread started (server measured)
execution-manager  | [EXECUTION MANAGER] ⏱️ T3=132253860.630 ms | Task completed (server measured)
execution-manager  | [EXECUTION MANAGER] ⏱️ T4=132253861.757 ms | Result received by client
execution-manager  |    [TASK EXECUTION] 5854.271 ms (T3-T2, measured in thread)
execution-manager  |    [RESULT] {"result": 0}
execution-manager  | 
execution-manager  | ╔═══════════════════════════════════════════════════════════════╗
execution-manager  | ║           END-TO-END TIMING MEASUREMENT RECAP                 ║
execution-manager  | ║                   Task 3: sum3                                 
execution-manager  | ╠═══════════════════════════════════════════════════════════════╣
execution-manager  | ║ T1 (start_request)    = 132248005.283 ms                        ║
execution-manager  | ║ T2 (end_request)      = 132248006.359 ms                        ║
execution-manager  | ║ T3 (start_result)     = 132253860.630 ms                        ║
execution-manager  | ║ T4 (end_result)       = 132253861.757 ms                        ║
execution-manager  | ╠═══════════════════════════════════════════════════════════════╣
execution-manager  | ║ METRICS:                                                      ║
execution-manager  | ║   Request Latency    =        1.076 ms  (T2 - T1)            ║
execution-manager  | ║   Task Execution     =     5854.271 ms  (T3 - T2)            ║
execution-manager  | ║   Response Latency   =        1.126 ms  (T4 - T3)            ║
execution-manager  | ║   Total End-to-End   =     5856.474 ms  (T4 - T1)            ║
execution-manager  | ║   Network Overhead   =        2.202 ms  (Req + Resp)         ║
execution-manager  | ╚═══════════════════════════════════════════════════════════════╝
execution-manager  | 
execution-manager  | [gRPC Client Async] Stream completed, received 1 responses
execution-manager  | [GRPC THREAD 3] Completed
execution-manager  | [SCHEDULER] ✅ T=27463 ms: Task 3 'sum3' completed with status 2
execution-manager  | [SCHEDULER] 🔕 Timeout disarmed for task 3
execution-manager  | [SCHEDULER] 2 tasks remaining
execution-manager  | [gRPC Client Async] Response #1 - Status: COMPLETED
execution-manager  | 🎉 [T=27469 ms] Task 4 'sum4' COMPLETED
execution-manager  | [EXECUTION MANAGER] ⏱️ T2=132250395.654 ms | Thread started (server measured)
execution-manager  | [EXECUTION MANAGER] ⏱️ T3=132253867.574 ms | Task completed (server measured)
execution-manager  | [EXECUTION MANAGER] ⏱️ T4=132253868.312 ms | Result received by client
execution-manager  |    [TASK EXECUTION] 3471.919 ms (T3-T2, measured in thread)
execution-manager  |    [RESULT] {"result": 0}
execution-manager  | 
execution-manager  | ╔═══════════════════════════════════════════════════════════════╗
execution-manager  | ║           END-TO-END TIMING MEASUREMENT RECAP                 ║
execution-manager  | ║                   Task 4: sum4                                 
execution-manager  | ╠═══════════════════════════════════════════════════════════════╣
execution-manager  | ║ T1 (start_request)    = 132248005.825 ms                        ║
execution-manager  | ║ T2 (end_request)      = 132250395.654 ms                        ║
execution-manager  | ║ T3 (start_result)     = 132253867.574 ms                        ║
execution-manager  | ║ T4 (end_result)       = 132253868.312 ms                        ║
execution-manager  | ╠═══════════════════════════════════════════════════════════════╣
execution-manager  | ║ METRICS:                                                      ║
execution-manager  | ║   Request Latency    =     2389.829 ms  (T2 - T1)            ║
execution-manager  | ║   Task Execution     =     3471.919 ms  (T3 - T2)            ║
execution-manager  | ║   Response Latency   =        0.738 ms  (T4 - T3)            ║
execution-manager  | ║   Total End-to-End   =     5862.486 ms  (T4 - T1)            ║
execution-manager  | ║   Network Overhead   =     2390.567 ms  (Req + Resp)         ║
execution-manager  | ╚═══════════════════════════════════════════════════════════════╝
execution-manager  | 
execution-manager  | [SCHEDULER] ✅ T=27469 ms: Task 4 'sum4' completed with status 2
execution-manager  | [SCHEDULER] 🔕 Timeout disarmed for task 4
execution-manager  | [SCHEDULER] 1 tasks remaining
execution-manager  | [gRPC Client Async] Stream completed, received 1 responses
execution-manager  | [GRPC THREAD 4] Completed
execution-manager  | [gRPC Client Async] Response #1 - Status: COMPLETED
execution-manager  | 🎉 [T=27474 ms] Task 2 'sum2' COMPLETED
execution-manager  | [EXECUTION MANAGER] ⏱️ T2=132246400.521 ms | Thread started (server measured)
execution-manager  | [EXECUTION MANAGER] ⏱️ T3=132253872.996 ms | Task completed (server measured)
execution-manager  | [EXECUTION MANAGER] ⏱️ T4=132253873.697 ms | Result received by client
execution-manager  |    [TASK EXECUTION] 7472.475 ms (T3-T2, measured in thread)
execution-manager  |    [RESULT] {"result": 0}
execution-manager  | 
execution-manager  | ╔═══════════════════════════════════════════════════════════════╗
execution-manager  | ║           END-TO-END TIMING MEASUREMENT RECAP                 ║
execution-manager  | ║                   Task 2: sum2                                 
execution-manager  | ╠═══════════════════════════════════════════════════════════════╣
execution-manager  | ║ T1 (start_request)    = 132246399.524 ms                        ║
execution-manager  | ║ T2 (end_request)      = 132246400.521 ms                        ║
execution-manager  | ║ T3 (start_result)     = 132253872.996 ms                        ║
execution-manager  | ║ T4 (end_result)       = 132253873.697 ms                        ║
execution-manager  | ╠═══════════════════════════════════════════════════════════════╣
execution-manager  | ║ METRICS:                                                      ║
execution-manager  | ║   Request Latency    =        0.997 ms  (T2 - T1)            ║
execution-manager  | ║   Task Execution     =     7472.475 ms  (T3 - T2)            ║
execution-manager  | ║   Response Latency   =        0.700 ms  (T4 - T3)            ║
execution-manager  | ║   Total End-to-End   =     7474.173 ms  (T4 - T1)            ║
execution-manager  | ║   Network Overhead   =        1.698 ms  (Req + Resp)         ║
execution-manager  | ╚═══════════════════════════════════════════════════════════════╝
execution-manager  | 
execution-manager  | [gRPC Client Async] Stream completed, received 1 responses
execution-manager  | [GRPC THREAD 2] Completed
execution-manager  | [SCHEDULER] ✅ T=27474 ms: Task 2 'sum2' completed with status 2
execution-manager  | [SCHEDULER] 🔕 Timeout disarmed for task 2
execution-manager  | [SCHEDULER] 0 tasks remaining
execution-manager  | 
execution-manager  | [SCHEDULER] 🏁 Iteration 11/50 complete!
execution-manager  | [SCHEDULER] Iteration execution time: 27474 ms
execution-manager  | 
execution-manager  | 
execution-manager  | [SCHEDULER] 🔁 ===== ITERATION 12 / 50 =====
execution-manager  | 
execution-manager  | [SCHEDULER] 🚀 Schedule started at T=0
execution-manager  | 
execution-manager  | [SCHEDULER] 🔄 Entering event loop (NO SLEEP - event-driven!)
execution-manager  | 
execution-manager  | [SCHEDULER] ⏰ T=10000 ms | T_wall=132263874.122 ms: Launching task 1 'sum1' (deadline: 30000 ms)
execution-manager  | [SCHEDULER] 🕐 Timeout armed for task 1 at T=30000 ms (in 20000 ms)
execution-manager  | [GRPC THREAD 1] Starting...
execution-manager  | [EXECUTION MANAGER] ⏱️ T1=132263874.260 ms | Sending gRPC request for task 1 'sum1'
execution-manager  | [gRPC Channel Pool] Reusing existing channel for localhost:50051
execution-manager  | [gRPC Client Async] Calling task 'sum1' at localhost:50051
execution-manager  | [gRPC Client Async] Inputs: {"total_ops": 200, "io_percentage": 50}
execution-manager  | [gRPC Client Async] Response #1 - Status: COMPLETED
execution-manager  | 🎉 [T=12540 ms] Task 1 'sum1' COMPLETED
execution-manager  | [EXECUTION MANAGER] ⏱️ T2=132263875.129 ms | Thread started (server measured)
execution-manager  | [EXECUTION MANAGER] ⏱️ T3=132266413.978 ms | Task completed (server measured)
execution-manager  | [EXECUTION MANAGER] ⏱️ T4=132266414.693 ms | Result received by client
execution-manager  |    [TASK EXECUTION] 2538.849 ms (T3-T2, measured in thread)
execution-manager  |    [RESULT] {"result": 0}
execution-manager  | 
execution-manager  | ╔═══════════════════════════════════════════════════════════════╗
execution-manager  | ║           END-TO-END TIMING MEASUREMENT RECAP                 ║
execution-manager  | ║                   Task 1: sum1                                 
execution-manager  | ╠═══════════════════════════════════════════════════════════════╣
execution-manager  | ║ T1 (start_request)    = 132263874.260 ms                        ║
execution-manager  | ║ T2 (end_request)      = 132263875.129 ms                        ║
execution-manager  | ║ T3 (start_result)     = 132266413.978 ms                        ║
execution-manager  | ║ T4 (end_result)       = 132266414.693 ms                        ║
execution-manager  | ╠═══════════════════════════════════════════════════════════════╣
execution-manager  | ║ METRICS:                                                      ║
execution-manager  | ║   Request Latency    =        0.869 ms  (T2 - T1)            ║
execution-manager  | ║   Task Execution     =     2538.849 ms  (T3 - T2)            ║
execution-manager  | ║   Response Latency   =        0.716 ms  (T4 - T3)            ║
execution-manager  | ║   Total End-to-End   =     2540.433 ms  (T4 - T1)            ║
execution-manager  | ║   Network Overhead   =        1.584 ms  (Req + Resp)         ║
execution-manager  | ╚═══════════════════════════════════════════════════════════════╝
execution-manager  | 
execution-manager  | [gRPC Client Async] Stream completed, received 1 responses
execution-manager  | [GRPC THREAD 1] Completed
execution-manager  | [SCHEDULER] ✅ T=12541 ms: Task 1 'sum1' completed with status 2
execution-manager  | [SCHEDULER] 🔕 Timeout disarmed for task 1
execution-manager  | [SCHEDULER] 3 tasks remaining
execution-manager  | [SCHEDULER] ⏰ T=20000 ms | T_wall=132273874.321 ms: Launching task 2 'sum2' (deadline: 40000 ms)
execution-manager  | [SCHEDULER] 🕐 Timeout armed for task 2 at T=40000 ms (in 20000 ms)
execution-manager  | [GRPC THREAD 2] Starting...
execution-manager  | [EXECUTION MANAGER] ⏱️ T1=132273874.461 ms | Sending gRPC request for task 2 'sum2'
execution-manager  | [gRPC Channel Pool] Reusing existing channel for localhost:50052
execution-manager  | [gRPC Client Async] Calling task 'sum2' at localhost:50052
execution-manager  | [gRPC Client Async] Inputs: {"total_ops": 200, "io_percentage": 50}
execution-manager  | [SCHEDULER] ⏰ T=21131 ms | T_wall=132275005.029 ms: Launching task 3 'sum3' (deadline: 41000 ms)
execution-manager  | [SCHEDULER] 🕐 Timeout armed for task 3 at T=41000 ms (in 19869 ms)
execution-manager  | [SCHEDULER] ⏰ T=21131 ms | T_wall=132275005.163 ms: Launching task 4 'sum4' (deadline: 41000 ms)
execution-manager  | [SCHEDULER] 🕐 Timeout armed for task 4 at T=41000 ms (in 19869 ms)
execution-manager  | [GRPC THREAD 3] Starting...
execution-manager  | [EXECUTION MANAGER] ⏱️ T1=132275005.449 ms | Sending gRPC request for task 3 'sum3'
execution-manager  | [gRPC Channel Pool] Reusing existing channel for localhost:50053
execution-manager  | [gRPC Client Async] Calling task 'sum3' at localhost:50053
execution-manager  | [gRPC Client Async] Inputs: {"total_ops": 200, "io_percentage": 50}
execution-manager  | [GRPC THREAD 4] Starting...
execution-manager  | [EXECUTION MANAGER] ⏱️ T1=132275005.876 ms | Sending gRPC request for task 4 'sum4'
execution-manager  | [gRPC Channel Pool] Reusing existing channel for localhost:50054
execution-manager  | [gRPC Client Async] Calling task 'sum4' at localhost:50054
execution-manager  | [gRPC Client Async] Inputs: {"total_ops": 200, "io_percentage": 50}
execution-manager  | [gRPC Client Async] Response #1 - Status: COMPLETED
execution-manager  | 🎉 [T=27513 ms] Task 3 'sum3' COMPLETED
execution-manager  | [EXECUTION MANAGER] ⏱️ T2=132276005.013 ms | Thread started (server measured)
execution-manager  | [EXECUTION MANAGER] ⏱️ T3=132281386.273 ms | Task completed (server measured)
execution-manager  | [EXECUTION MANAGER] ⏱️ T4=132281387.329 ms | Result received by client
execution-manager  |    [TASK EXECUTION] 5381.261 ms (T3-T2, measured in thread)
execution-manager  |    [RESULT] {"result": 0}
execution-manager  | 
execution-manager  | ╔═══════════════════════════════════════════════════════════════╗
execution-manager  | ║           END-TO-END TIMING MEASUREMENT RECAP                 ║
execution-manager  | ║                   Task 3: sum3                                 
execution-manager  | ╠═══════════════════════════════════════════════════════════════╣
execution-manager  | ║ T1 (start_request)    = 132275005.449 ms                        ║
execution-manager  | ║ T2 (end_request)      = 132276005.013 ms                        ║
execution-manager  | ║ T3 (start_result)     = 132281386.273 ms                        ║
execution-manager  | ║ T4 (end_result)       = 132281387.329 ms                        ║
execution-manager  | ╠═══════════════════════════════════════════════════════════════╣
execution-manager  | ║ METRICS:                                                      ║
execution-manager  | ║   Request Latency    =      999.563 ms  (T2 - T1)            ║
execution-manager  | ║   Task Execution     =     5381.261 ms  (T3 - T2)            ║
execution-manager  | ║   Response Latency   =        1.056 ms  (T4 - T3)            ║
execution-manager  | ║   Total End-to-End   =     6381.879 ms  (T4 - T1)            ║
execution-manager  | ║   Network Overhead   =     1000.619 ms  (Req + Resp)         ║
execution-manager  | ╚═══════════════════════════════════════════════════════════════╝
execution-manager  | 
execution-manager  | [SCHEDULER] ✅ T=27513 ms: Task 3 'sum3' completed with status 2
execution-manager  | [SCHEDULER] 🔕 Timeout disarmed for task 3
execution-manager  | [SCHEDULER] 2 tasks remaining
execution-manager  | [gRPC Client Async] Stream completed, received 1 responses
execution-manager  | [GRPC THREAD 3] Completed
execution-manager  | [gRPC Client Async] Response #1 - Status: COMPLETED
execution-manager  | 🎉 [T=27520 ms] Task 4 'sum4' COMPLETED
execution-manager  | [EXECUTION MANAGER] ⏱️ T2=132275006.663 ms | Thread started (server measured)
execution-manager  | [EXECUTION MANAGER] ⏱️ T3=132281393.640 ms | Task completed (server measured)
execution-manager  | [EXECUTION MANAGER] ⏱️ T4=132281394.187 ms | Result received by client
execution-manager  |    [TASK EXECUTION] 6386.977 ms (T3-T2, measured in thread)
execution-manager  |    [RESULT] {"result": 0}
execution-manager  | 
execution-manager  | ╔═══════════════════════════════════════════════════════════════╗
execution-manager  | ║           END-TO-END TIMING MEASUREMENT RECAP                 ║
execution-manager  | ║                   Task 4: sum4                                 
execution-manager  | ╠═══════════════════════════════════════════════════════════════╣
execution-manager  | ║ T1 (start_request)    = 132275005.876 ms                        ║
execution-manager  | ║ T2 (end_request)      = 132275006.663 ms                        ║
execution-manager  | ║ T3 (start_result)     = 132281393.640 ms                        ║
execution-manager  | ║ T4 (end_result)       = 132281394.187 ms                        ║
execution-manager  | ╠═══════════════════════════════════════════════════════════════╣
execution-manager  | ║ METRICS:                                                      ║
execution-manager  | ║   Request Latency    =        0.787 ms  (T2 - T1)            ║
execution-manager  | ║   Task Execution     =     6386.977 ms  (T3 - T2)            ║
execution-manager  | ║   Response Latency   =        0.548 ms  (T4 - T3)            ║
execution-manager  | ║   Total End-to-End   =     6388.311 ms  (T4 - T1)            ║
execution-manager  | ║   Network Overhead   =        1.334 ms  (Req + Resp)         ║
execution-manager  | ╚═══════════════════════════════════════════════════════════════╝
execution-manager  | 
execution-manager  | [SCHEDULER] ✅ T=27520 ms: Task 4 'sum4' completed with status 2
execution-manager  | [SCHEDULER] 🔕 Timeout disarmed for task 4
execution-manager  | [SCHEDULER] 1 tasks remaining
execution-manager  | [gRPC Client Async] Stream completed, received 1 responses
execution-manager  | [GRPC THREAD 4] Completed
execution-manager  | [gRPC Client Async] Response #1 - Status: COMPLETED
execution-manager  | 🎉 [T=27527 ms] Task 2 'sum2' COMPLETED
execution-manager  | [EXECUTION MANAGER] ⏱️ T2=132273875.434 ms | Thread started (server measured)
execution-manager  | [EXECUTION MANAGER] ⏱️ T3=132281400.314 ms | Task completed (server measured)
execution-manager  | [EXECUTION MANAGER] ⏱️ T4=132281401.082 ms | Result received by client
execution-manager  |    [TASK EXECUTION] 7524.881 ms (T3-T2, measured in thread)
execution-manager  |    [RESULT] {"result": 0}
execution-manager  | 
execution-manager  | ╔═══════════════════════════════════════════════════════════════╗
execution-manager  | ║           END-TO-END TIMING MEASUREMENT RECAP                 ║
execution-manager  | ║                   Task 2: sum2                                 
execution-manager  | ╠═══════════════════════════════════════════════════════════════╣
execution-manager  | ║ T1 (start_request)    = 132273874.461 ms                        ║
execution-manager  | ║ T2 (end_request)      = 132273875.434 ms                        ║
execution-manager  | ║ T3 (start_result)     = 132281400.314 ms                        ║
execution-manager  | ║ T4 (end_result)       = 132281401.082 ms                        ║
execution-manager  | ╠═══════════════════════════════════════════════════════════════╣
execution-manager  | ║ METRICS:                                                      ║
execution-manager  | ║   Request Latency    =        0.973 ms  (T2 - T1)            ║
execution-manager  | ║   Task Execution     =     7524.881 ms  (T3 - T2)            ║
execution-manager  | ║   Response Latency   =        0.767 ms  (T4 - T3)            ║
execution-manager  | ║   Total End-to-End   =     7526.621 ms  (T4 - T1)            ║
execution-manager  | ║   Network Overhead   =        1.740 ms  (Req + Resp)         ║
execution-manager  | ╚═══════════════════════════════════════════════════════════════╝
execution-manager  | 
execution-manager  | [gRPC Client Async] Stream completed, received 1 responses
execution-manager  | [GRPC THREAD 2] Completed
execution-manager  | [SCHEDULER] ✅ T=27527 ms: Task 2 'sum2' completed with status 2
execution-manager  | [SCHEDULER] 🔕 Timeout disarmed for task 2
execution-manager  | [SCHEDULER] 0 tasks remaining
execution-manager  | 
execution-manager  | [SCHEDULER] 🏁 Iteration 12/50 complete!
execution-manager  | [SCHEDULER] Iteration execution time: 27527 ms
execution-manager  | 
execution-manager  | 
execution-manager  | [SCHEDULER] 🔁 ===== ITERATION 13 / 50 =====
execution-manager  | 
execution-manager  | [SCHEDULER] 🚀 Schedule started at T=0
execution-manager  | 
execution-manager  | [SCHEDULER] 🔄 Entering event loop (NO SLEEP - event-driven!)
execution-manager  | 
execution-manager  | [SCHEDULER] ⏰ T=10000 ms | T_wall=132291401.550 ms: Launching task 1 'sum1' (deadline: 30000 ms)
execution-manager  | [SCHEDULER] 🕐 Timeout armed for task 1 at T=30000 ms (in 20000 ms)
execution-manager  | [GRPC THREAD 1] Starting...
execution-manager  | [EXECUTION MANAGER] ⏱️ T1=132291401.688 ms | Sending gRPC request for task 1 'sum1'
execution-manager  | [gRPC Channel Pool] Reusing existing channel for localhost:50051
execution-manager  | [gRPC Client Async] Calling task 'sum1' at localhost:50051
execution-manager  | [gRPC Client Async] Inputs: {"total_ops": 200, "io_percentage": 50}
execution-manager  | [gRPC Client Async] Response #1 - Status: COMPLETED
execution-manager  | 🎉 [T=12476 ms] Task 1 'sum1' COMPLETED
execution-manager  | [EXECUTION MANAGER] ⏱️ T2=132291402.606 ms | Thread started (server measured)
execution-manager  | [EXECUTION MANAGER] ⏱️ T3=132293876.996 ms | Task completed (server measured)
execution-manager  | [EXECUTION MANAGER] ⏱️ T4=132293877.845 ms | Result received by client
execution-manager  |    [TASK EXECUTION] 2474.390 ms (T3-T2, measured in thread)
execution-manager  |    [RESULT] {"result": 0}
execution-manager  | 
execution-manager  | ╔═══════════════════════════════════════════════════════════════╗
execution-manager  | ║           END-TO-END TIMING MEASUREMENT RECAP                 ║
execution-manager  | ║                   Task 1: sum1                                 
execution-manager  | ╠═══════════════════════════════════════════════════════════════╣
execution-manager  | ║ T1 (start_request)    = 132291401.688 ms                        ║
execution-manager  | ║ T2 (end_request)      = 132291402.606 ms                        ║
execution-manager  | ║ T3 (start_result)     = 132293876.996 ms                        ║
execution-manager  | ║ T4 (end_result)       = 132293877.845 ms                        ║
execution-manager  | ╠═══════════════════════════════════════════════════════════════╣
execution-manager  | ║ METRICS:                                                      ║
execution-manager  | ║   Request Latency    =        0.918 ms  (T2 - T1)            ║
execution-manager  | ║   Task Execution     =     2474.390 ms  (T3 - T2)            ║
execution-manager  | ║   Response Latency   =        0.849 ms  (T4 - T3)            ║
execution-manager  | ║   Total End-to-End   =     2476.157 ms  (T4 - T1)            ║
execution-manager  | ║   Network Overhead   =        1.768 ms  (Req + Resp)         ║
execution-manager  | ╚═══════════════════════════════════════════════════════════════╝
execution-manager  | 
execution-manager  | [gRPC Client Async] Stream completed, received 1 responses
execution-manager  | [GRPC THREAD 1] Completed
execution-manager  | [SCHEDULER] ✅ T=12477 ms: Task 1 'sum1' completed with status 2
execution-manager  | [SCHEDULER] 🔕 Timeout disarmed for task 1
execution-manager  | [SCHEDULER] 3 tasks remaining
execution-manager  | [SCHEDULER] ⏰ T=20000 ms | T_wall=132301401.579 ms: Launching task 2 'sum2' (deadline: 40000 ms)
execution-manager  | [SCHEDULER] 🕐 Timeout armed for task 2 at T=40000 ms (in 20000 ms)
execution-manager  | [GRPC THREAD 2] Starting...
execution-manager  | [EXECUTION MANAGER] ⏱️ T1=132301401.725 ms | Sending gRPC request for task 2 'sum2'
execution-manager  | [gRPC Channel Pool] Reusing existing channel for localhost:50052
execution-manager  | [gRPC Client Async] Calling task 'sum2' at localhost:50052
execution-manager  | [gRPC Client Async] Inputs: {"total_ops": 200, "io_percentage": 50}
execution-manager  | [SCHEDULER] ⏰ T=21604 ms | T_wall=132303005.030 ms: Launching task 3 'sum3' (deadline: 41000 ms)
execution-manager  | [SCHEDULER] 🕐 Timeout armed for task 3 at T=41000 ms (in 19396 ms)
execution-manager  | [SCHEDULER] ⏰ T=21604 ms | T_wall=132303005.164 ms: Launching task 4 'sum4' (deadline: 41000 ms)
execution-manager  | [SCHEDULER] 🕐 Timeout armed for task 4 at T=41000 ms (in 19396 ms)
execution-manager  | [GRPC THREAD 3] Starting...
execution-manager  | [EXECUTION MANAGER] ⏱️ T1=132303005.272 ms | Sending gRPC request for task 3 'sum3'
execution-manager  | [gRPC Channel Pool] Reusing existing channel for localhost:50053
execution-manager  | [gRPC Client Async] Calling task 'sum3' at localhost:50053
execution-manager  | [gRPC Client Async] Inputs: {"total_ops": 200, "io_percentage": 50}
execution-manager  | [GRPC THREAD 4] Starting...
execution-manager  | [EXECUTION MANAGER] ⏱️ T1=132303005.817 ms | Sending gRPC request for task 4 'sum4'
execution-manager  | [gRPC Channel Pool] Reusing existing channel for localhost:50054
execution-manager  | [gRPC Client Async] Calling task 'sum4' at localhost:50054
execution-manager  | [gRPC Client Async] Inputs: {"total_ops": 200, "io_percentage": 50}
execution-manager  | [gRPC Client Async] Response #1 - Status: COMPLETED
execution-manager  | 🎉 [T=27462 ms] Task 3 'sum3' COMPLETED
execution-manager  | [EXECUTION MANAGER] ⏱️ T2=132303064.463 ms | Thread started (server measured)
execution-manager  | [EXECUTION MANAGER] ⏱️ T3=132308862.352 ms | Task completed (server measured)
execution-manager  | [EXECUTION MANAGER] ⏱️ T4=132308863.083 ms | Result received by client
execution-manager  |    [TASK EXECUTION] 5797.888 ms (T3-T2, measured in thread)
execution-manager  |    [RESULT] {"result": 0}
execution-manager  | 
execution-manager  | ╔═══════════════════════════════════════════════════════════════╗
execution-manager  | ║           END-TO-END TIMING MEASUREMENT RECAP                 ║
execution-manager  | ║                   Task 3: sum3                                 
execution-manager  | ╠═══════════════════════════════════════════════════════════════╣
execution-manager  | ║ T1 (start_request)    = 132303005.272 ms                        ║
execution-manager  | ║ T2 (end_request)      = 132303064.463 ms                        ║
execution-manager  | ║ T3 (start_result)     = 132308862.352 ms                        ║
execution-manager  | ║ T4 (end_result)       = 132308863.083 ms                        ║
execution-manager  | ╠═══════════════════════════════════════════════════════════════╣
execution-manager  | ║ METRICS:                                                      ║
execution-manager  | ║   Request Latency    =       59.191 ms  (T2 - T1)            ║
execution-manager  | ║   Task Execution     =     5797.888 ms  (T3 - T2)            ║
execution-manager  | ║   Response Latency   =        0.731 ms  (T4 - T3)            ║
execution-manager  | ║   Total End-to-End   =     5857.811 ms  (T4 - T1)            ║
execution-manager  | ║   Network Overhead   =       59.922 ms  (Req + Resp)         ║
execution-manager  | ╚═══════════════════════════════════════════════════════════════╝
execution-manager  | 
execution-manager  | [SCHEDULER] ✅ T=27462 ms: Task 3 'sum3' completed with status 2
execution-manager  | [SCHEDULER] 🔕 Timeout disarmed for task 3
execution-manager  | [SCHEDULER] 2 tasks remaining
execution-manager  | [gRPC Client Async] Stream completed, received 1 responses
execution-manager  | [GRPC THREAD 3] Completed
execution-manager  | [gRPC Client Async] Response #1 - Status: COMPLETED
execution-manager  | 🎉 [T=27470 ms] Task 4 'sum4' COMPLETED
execution-manager  | [EXECUTION MANAGER] ⏱️ T2=132303006.547 ms | Thread started (server measured)
execution-manager  | [EXECUTION MANAGER] ⏱️ T3=132308870.792 ms | Task completed (server measured)
execution-manager  | [EXECUTION MANAGER] ⏱️ T4=132308871.365 ms | Result received by client
execution-manager  |    [TASK EXECUTION] 5864.245 ms (T3-T2, measured in thread)
execution-manager  |    [RESULT] {"result": 0}
execution-manager  | 
execution-manager  | ╔═══════════════════════════════════════════════════════════════╗
execution-manager  | ║           END-TO-END TIMING MEASUREMENT RECAP                 ║
execution-manager  | ║                   Task 4: sum4                                 
execution-manager  | ╠═══════════════════════════════════════════════════════════════╣
execution-manager  | ║ T1 (start_request)    = 132303005.817 ms                        ║
execution-manager  | ║ T2 (end_request)      = 132303006.547 ms                        ║
execution-manager  | ║ T3 (start_result)     = 132308870.792 ms                        ║
execution-manager  | ║ T4 (end_result)       = 132308871.365 ms                        ║
execution-manager  | ╠═══════════════════════════════════════════════════════════════╣
execution-manager  | ║ METRICS:                                                      ║
execution-manager  | ║   Request Latency    =        0.730 ms  (T2 - T1)            ║
execution-manager  | ║   Task Execution     =     5864.245 ms  (T3 - T2)            ║
execution-manager  | ║   Response Latency   =        0.573 ms  (T4 - T3)            ║
execution-manager  | ║   Total End-to-End   =     5865.548 ms  (T4 - T1)            ║
execution-manager  | ║   Network Overhead   =        1.302 ms  (Req + Resp)         ║
execution-manager  | ╚═══════════════════════════════════════════════════════════════╝
execution-manager  | 
execution-manager  | [SCHEDULER] ✅ T=27470 ms: Task 4 'sum4' completed with status 2
execution-manager  | [SCHEDULER] 🔕 Timeout disarmed for task 4
execution-manager  | [SCHEDULER] 1 tasks remaining
execution-manager  | [gRPC Client Async] Stream completed, received 1 responses
execution-manager  | [GRPC THREAD 4] Completed
execution-manager  | [gRPC Client Async] Response #1 - Status: COMPLETED
execution-manager  | 🎉 [T=27475 ms] Task 2 'sum2' COMPLETED
execution-manager  | [EXECUTION MANAGER] ⏱️ T2=132301403.094 ms | Thread started (server measured)
execution-manager  | [EXECUTION MANAGER] ⏱️ T3=132308875.629 ms | Task completed (server measured)
execution-manager  | [EXECUTION MANAGER] ⏱️ T4=132308876.153 ms | Result received by client
execution-manager  |    [TASK EXECUTION] 7472.535 ms (T3-T2, measured in thread)
execution-manager  |    [RESULT] {"result": 0}
execution-manager  | 
execution-manager  | ╔═══════════════════════════════════════════════════════════════╗
execution-manager  | ║           END-TO-END TIMING MEASUREMENT RECAP                 ║
execution-manager  | ║                   Task 2: sum2                                 
execution-manager  | ╠═══════════════════════════════════════════════════════════════╣
execution-manager  | ║ T1 (start_request)    = 132301401.725 ms                        ║
execution-manager  | ║ T2 (end_request)      = 132301403.094 ms                        ║
execution-manager  | ║ T3 (start_result)     = 132308875.629 ms                        ║
execution-manager  | ║ T4 (end_result)       = 132308876.153 ms                        ║
execution-manager  | ╠═══════════════════════════════════════════════════════════════╣
execution-manager  | ║ METRICS:                                                      ║
execution-manager  | ║   Request Latency    =        1.370 ms  (T2 - T1)            ║
execution-manager  | ║   Task Execution     =     7472.535 ms  (T3 - T2)            ║
execution-manager  | ║   Response Latency   =        0.524 ms  (T4 - T3)            ║
execution-manager  | ║   Total End-to-End   =     7474.428 ms  (T4 - T1)            ║
execution-manager  | ║   Network Overhead   =        1.894 ms  (Req + Resp)         ║
execution-manager  | ╚═══════════════════════════════════════════════════════════════╝
execution-manager  | 
execution-manager  | [gRPC Client Async] Stream completed, received 1 responses
execution-manager  | [GRPC THREAD 2] Completed
execution-manager  | [SCHEDULER] ✅ T=27475 ms: Task 2 'sum2' completed with status 2
execution-manager  | [SCHEDULER] 🔕 Timeout disarmed for task 2
execution-manager  | [SCHEDULER] 0 tasks remaining
execution-manager  | 
execution-manager  | [SCHEDULER] 🏁 Iteration 13/50 complete!
execution-manager  | [SCHEDULER] Iteration execution time: 27475 ms
execution-manager  | 
execution-manager  | 
execution-manager  | [SCHEDULER] 🔁 ===== ITERATION 14 / 50 =====
execution-manager  | 
execution-manager  | [SCHEDULER] 🚀 Schedule started at T=0
execution-manager  | 
execution-manager  | [SCHEDULER] 🔄 Entering event loop (NO SLEEP - event-driven!)
execution-manager  | 
execution-manager  | [SCHEDULER] ⏰ T=10000 ms | T_wall=132318876.584 ms: Launching task 1 'sum1' (deadline: 30000 ms)
execution-manager  | [SCHEDULER] 🕐 Timeout armed for task 1 at T=30000 ms (in 20000 ms)
execution-manager  | [GRPC THREAD 1] Starting...
execution-manager  | [EXECUTION MANAGER] ⏱️ T1=132318876.719 ms | Sending gRPC request for task 1 'sum1'
execution-manager  | [gRPC Channel Pool] Reusing existing channel for localhost:50051
execution-manager  | [gRPC Client Async] Calling task 'sum1' at localhost:50051
execution-manager  | [gRPC Client Async] Inputs: {"total_ops": 200, "io_percentage": 50}
execution-manager  | [gRPC Client Async] Response #1 - Status: COMPLETED
execution-manager  | 🎉 [T=12539 ms] Task 1 'sum1' COMPLETED
execution-manager  | [EXECUTION MANAGER] ⏱️ T2=132318878.146 ms | Thread started (server measured)
execution-manager  | [EXECUTION MANAGER] ⏱️ T3=132321414.938 ms | Task completed (server measured)
execution-manager  | [EXECUTION MANAGER] ⏱️ T4=132321415.696 ms | Result received by client
execution-manager  |    [TASK EXECUTION] 2536.792 ms (T3-T2, measured in thread)
execution-manager  |    [RESULT] {"result": 0}
execution-manager  | 
execution-manager  | ╔═══════════════════════════════════════════════════════════════╗
execution-manager  | ║           END-TO-END TIMING MEASUREMENT RECAP                 ║
execution-manager  | ║                   Task 1: sum1                                 
execution-manager  | ╠═══════════════════════════════════════════════════════════════╣
execution-manager  | ║ T1 (start_request)    = 132318876.719 ms                        ║
execution-manager  | ║ T2 (end_request)      = 132318878.146 ms                        ║
execution-manager  | ║ T3 (start_result)     = 132321414.938 ms                        ║
execution-manager  | ║ T4 (end_result)       = 132321415.696 ms                        ║
execution-manager  | ╠═══════════════════════════════════════════════════════════════╣
execution-manager  | ║ METRICS:                                                      ║
execution-manager  | ║   Request Latency    =        1.427 ms  (T2 - T1)            ║
execution-manager  | ║   Task Execution     =     2536.792 ms  (T3 - T2)            ║
execution-manager  | ║   Response Latency   =        0.757 ms  (T4 - T3)            ║
execution-manager  | ║   Total End-to-End   =     2538.977 ms  (T4 - T1)            ║
execution-manager  | ║   Network Overhead   =        2.184 ms  (Req + Resp)         ║
execution-manager  | ╚═══════════════════════════════════════════════════════════════╝
execution-manager  | 
execution-manager  | [SCHEDULER] ✅ T=12539 ms: Task 1 'sum1' completed with status 2
execution-manager  | [SCHEDULER] 🔕 Timeout disarmed for task 1
execution-manager  | [SCHEDULER] 3 tasks remaining
execution-manager  | [gRPC Client Async] Stream completed, received 1 responses
execution-manager  | [GRPC THREAD 1] Completed
execution-manager  | [SCHEDULER] ⏰ T=20000 ms | T_wall=132328876.613 ms: Launching task 2 'sum2' (deadline: 40000 ms)
execution-manager  | [SCHEDULER] 🕐 Timeout armed for task 2 at T=40000 ms (in 20000 ms)
execution-manager  | [GRPC THREAD 2] Starting...
execution-manager  | [EXECUTION MANAGER] ⏱️ T1=132328876.750 ms | Sending gRPC request for task 2 'sum2'
execution-manager  | [gRPC Channel Pool] Reusing existing channel for localhost:50052
execution-manager  | [gRPC Client Async] Calling task 'sum2' at localhost:50052
execution-manager  | [gRPC Client Async] Inputs: {"total_ops": 200, "io_percentage": 50}
execution-manager  | [SCHEDULER] ⏰ T=21129 ms | T_wall=132330005.030 ms: Launching task 3 'sum3' (deadline: 41000 ms)
execution-manager  | [SCHEDULER] 🕐 Timeout armed for task 3 at T=41000 ms (in 19871 ms)
execution-manager  | [SCHEDULER] ⏰ T=21129 ms | T_wall=132330005.199 ms: Launching task 4 'sum4' (deadline: 41000 ms)
execution-manager  | [SCHEDULER] 🕐 Timeout armed for task 4 at T=41000 ms (in 19871 ms)
execution-manager  | [GRPC THREAD 3] Starting...
execution-manager  | [EXECUTION MANAGER] ⏱️ T1=132330005.367 ms | Sending gRPC request for task 3 'sum3'
execution-manager  | [gRPC Channel Pool] Reusing existing channel for localhost:50053
execution-manager  | [gRPC Client Async] Calling task 'sum3' at localhost:50053
execution-manager  | [gRPC Client Async] Inputs: {"total_ops": 200, "io_percentage": 50}
execution-manager  | [GRPC THREAD 4] Starting...
execution-manager  | [EXECUTION MANAGER] ⏱️ T1=132330005.929 ms | Sending gRPC request for task 4 'sum4'
execution-manager  | [gRPC Channel Pool] Reusing existing channel for localhost:50054
execution-manager  | [gRPC Client Async] Calling task 'sum4' at localhost:50054
execution-manager  | [gRPC Client Async] Inputs: {"total_ops": 200, "io_percentage": 50}
execution-manager  | [gRPC Client Async] Response #1 - Status: COMPLETED
execution-manager  | 🎉 [T=27803 ms] Task 3 'sum3' COMPLETED
execution-manager  | [EXECUTION MANAGER] ⏱️ T2=132330006.571 ms | Thread started (server measured)
execution-manager  | [EXECUTION MANAGER] ⏱️ T3=132336678.234 ms | Task completed (server measured)
execution-manager  | [EXECUTION MANAGER] ⏱️ T4=132336679.120 ms | Result received by client
execution-manager  |    [TASK EXECUTION] 6671.663 ms (T3-T2, measured in thread)
execution-manager  |    [RESULT] {"result": 0}
execution-manager  | 
execution-manager  | ╔═══════════════════════════════════════════════════════════════╗
execution-manager  | ║           END-TO-END TIMING MEASUREMENT RECAP                 ║
execution-manager  | ║                   Task 3: sum3                                 
execution-manager  | ╠═══════════════════════════════════════════════════════════════╣
execution-manager  | ║ T1 (start_request)    = 132330005.367 ms                        ║
execution-manager  | ║ T2 (end_request)      = 132330006.571 ms                        ║
execution-manager  | ║ T3 (start_result)     = 132336678.234 ms                        ║
execution-manager  | ║ T4 (end_result)       = 132336679.120 ms                        ║
execution-manager  | ╠═══════════════════════════════════════════════════════════════╣
execution-manager  | ║ METRICS:                                                      ║
execution-manager  | ║   Request Latency    =        1.204 ms  (T2 - T1)            ║
execution-manager  | ║   Task Execution     =     6671.663 ms  (T3 - T2)            ║
execution-manager  | ║   Response Latency   =        0.885 ms  (T4 - T3)            ║
execution-manager  | ║   Total End-to-End   =     6673.753 ms  (T4 - T1)            ║
execution-manager  | ║   Network Overhead   =        2.089 ms  (Req + Resp)         ║
execution-manager  | ╚═══════════════════════════════════════════════════════════════╝
execution-manager  | 
execution-manager  | [SCHEDULER] ✅ T=27803 ms: Task 3 'sum3' completed with status 2
execution-manager  | [SCHEDULER] 🔕 Timeout disarmed for task 3
execution-manager  | [SCHEDULER] 2 tasks remaining
execution-manager  | [gRPC Client Async] Stream completed, received 1 responses
execution-manager  | [GRPC THREAD 3] Completed
execution-manager  | [gRPC Client Async] Response #1 - Status: COMPLETED
execution-manager  | 🎉 [T=27813 ms] Task 4 'sum4' COMPLETED
execution-manager  | [EXECUTION MANAGER] ⏱️ T2=132332396.462 ms | Thread started (server measured)
execution-manager  | [EXECUTION MANAGER] ⏱️ T3=132336689.240 ms | Task completed (server measured)
execution-manager  | [EXECUTION MANAGER] ⏱️ T4=132336689.962 ms | Result received by client
execution-manager  |    [TASK EXECUTION] 4292.779 ms (T3-T2, measured in thread)
execution-manager  |    [RESULT] {"result": 0}
execution-manager  | 
execution-manager  | ╔═══════════════════════════════════════════════════════════════╗
execution-manager  | ║           END-TO-END TIMING MEASUREMENT RECAP                 ║
execution-manager  | ║                   Task 4: sum4                                 
execution-manager  | ╠═══════════════════════════════════════════════════════════════╣
execution-manager  | ║ T1 (start_request)    = 132330005.929 ms                        ║
execution-manager  | ║ T2 (end_request)      = 132332396.462 ms                        ║
execution-manager  | ║ T3 (start_result)     = 132336689.240 ms                        ║
execution-manager  | ║ T4 (end_result)       = 132336689.962 ms                        ║
execution-manager  | ╠═══════════════════════════════════════════════════════════════╣
execution-manager  | ║ METRICS:                                                      ║
execution-manager  | ║   Request Latency    =     2390.533 ms  (T2 - T1)            ║
execution-manager  | ║   Task Execution     =     4292.779 ms  (T3 - T2)            ║
execution-manager  | ║   Response Latency   =        0.722 ms  (T4 - T3)            ║
execution-manager  | ║   Total End-to-End   =     6684.033 ms  (T4 - T1)            ║
execution-manager  | ║   Network Overhead   =     2391.254 ms  (Req + Resp)         ║
execution-manager  | ╚═══════════════════════════════════════════════════════════════╝
execution-manager  | 
execution-manager  | [SCHEDULER] ✅ T=27814 ms: Task 4 'sum4' completed with status 2
execution-manager  | [SCHEDULER] 🔕 Timeout disarmed for task 4
execution-manager  | [SCHEDULER] 1 tasks remaining
execution-manager  | [gRPC Client Async] Stream completed, received 1 responses
execution-manager  | [GRPC THREAD 4] Completed
execution-manager  | [gRPC Client Async] Response #1 - Status: COMPLETED
execution-manager  | 🎉 [T=27820 ms] Task 2 'sum2' COMPLETED
execution-manager  | [EXECUTION MANAGER] ⏱️ T2=132328877.754 ms | Thread started (server measured)
execution-manager  | [EXECUTION MANAGER] ⏱️ T3=132336695.550 ms | Task completed (server measured)
execution-manager  | [EXECUTION MANAGER] ⏱️ T4=132336696.082 ms | Result received by client
execution-manager  |    [TASK EXECUTION] 7817.796 ms (T3-T2, measured in thread)
execution-manager  |    [RESULT] {"result": 0}
execution-manager  | 
execution-manager  | ╔═══════════════════════════════════════════════════════════════╗
execution-manager  | ║           END-TO-END TIMING MEASUREMENT RECAP                 ║
execution-manager  | ║                   Task 2: sum2                                 
execution-manager  | ╠═══════════════════════════════════════════════════════════════╣
execution-manager  | ║ T1 (start_request)    = 132328876.750 ms                        ║
execution-manager  | ║ T2 (end_request)      = 132328877.754 ms                        ║
execution-manager  | ║ T3 (start_result)     = 132336695.550 ms                        ║
execution-manager  | ║ T4 (end_result)       = 132336696.082 ms                        ║
execution-manager  | ╠═══════════════════════════════════════════════════════════════╣
execution-manager  | ║ METRICS:                                                      ║
execution-manager  | ║   Request Latency    =        1.004 ms  (T2 - T1)            ║
execution-manager  | ║   Task Execution     =     7817.796 ms  (T3 - T2)            ║
execution-manager  | ║   Response Latency   =        0.532 ms  (T4 - T3)            ║
execution-manager  | ║   Total End-to-End   =     7819.332 ms  (T4 - T1)            ║
execution-manager  | ║   Network Overhead   =        1.536 ms  (Req + Resp)         ║
execution-manager  | ╚═══════════════════════════════════════════════════════════════╝
execution-manager  | 
execution-manager  | [gRPC Client Async] Stream completed, received 1 responses
execution-manager  | [GRPC THREAD 2] Completed
execution-manager  | [SCHEDULER] ✅ T=27820 ms: Task 2 'sum2' completed with status 2
execution-manager  | [SCHEDULER] 🔕 Timeout disarmed for task 2
execution-manager  | [SCHEDULER] 0 tasks remaining
execution-manager  | 
execution-manager  | [SCHEDULER] 🏁 Iteration 14/50 complete!
execution-manager  | [SCHEDULER] Iteration execution time: 27820 ms
execution-manager  | 
execution-manager  | 
execution-manager  | [SCHEDULER] 🔁 ===== ITERATION 15 / 50 =====
execution-manager  | 
execution-manager  | [SCHEDULER] 🚀 Schedule started at T=0
execution-manager  | 
execution-manager  | [SCHEDULER] 🔄 Entering event loop (NO SLEEP - event-driven!)
execution-manager  | 
execution-manager  | [SCHEDULER] ⏰ T=10000 ms | T_wall=132346696.513 ms: Launching task 1 'sum1' (deadline: 30000 ms)
execution-manager  | [SCHEDULER] 🕐 Timeout armed for task 1 at T=30000 ms (in 20000 ms)
execution-manager  | [GRPC THREAD 1] Starting...
execution-manager  | [EXECUTION MANAGER] ⏱️ T1=132346696.648 ms | Sending gRPC request for task 1 'sum1'
execution-manager  | [gRPC Channel Pool] Reusing existing channel for localhost:50051
execution-manager  | [gRPC Client Async] Calling task 'sum1' at localhost:50051
execution-manager  | [gRPC Client Async] Inputs: {"total_ops": 200, "io_percentage": 50}
execution-manager  | [gRPC Client Async] Response #1 - Status: COMPLETED
execution-manager  | 🎉 [T=12533 ms] Task 1 'sum1' COMPLETED
execution-manager  | [EXECUTION MANAGER] ⏱️ T2=132346698.704 ms | Thread started (server measured)
execution-manager  | [EXECUTION MANAGER] ⏱️ T3=132349228.530 ms | Task completed (server measured)
execution-manager  | [EXECUTION MANAGER] ⏱️ T4=132349229.637 ms | Result received by client
execution-manager  |    [TASK EXECUTION] 2529.827 ms (T3-T2, measured in thread)
execution-manager  |    [RESULT] {"result": 0}
execution-manager  | 
execution-manager  | ╔═══════════════════════════════════════════════════════════════╗
execution-manager  | ║           END-TO-END TIMING MEASUREMENT RECAP                 ║
execution-manager  | ║                   Task 1: sum1                                 
execution-manager  | ╠═══════════════════════════════════════════════════════════════╣
execution-manager  | ║ T1 (start_request)    = 132346696.648 ms                        ║
execution-manager  | ║ T2 (end_request)      = 132346698.704 ms                        ║
execution-manager  | ║ T3 (start_result)     = 132349228.530 ms                        ║
execution-manager  | ║ T4 (end_result)       = 132349229.637 ms                        ║
execution-manager  | ╠═══════════════════════════════════════════════════════════════╣
execution-manager  | ║ METRICS:                                                      ║
execution-manager  | ║   Request Latency    =        2.056 ms  (T2 - T1)            ║
execution-manager  | ║   Task Execution     =     2529.827 ms  (T3 - T2)            ║
execution-manager  | ║   Response Latency   =        1.106 ms  (T4 - T3)            ║
execution-manager  | ║   Total End-to-End   =     2532.989 ms  (T4 - T1)            ║
execution-manager  | ║   Network Overhead   =        3.162 ms  (Req + Resp)         ║
execution-manager  | ╚═══════════════════════════════════════════════════════════════╝
execution-manager  | 
execution-manager  | [gRPC Client Async] Stream completed, received 1 responses
execution-manager  | [GRPC THREAD 1] Completed
execution-manager  | [SCHEDULER] ✅ T=12533 ms: Task 1 'sum1' completed with status 2
execution-manager  | [SCHEDULER] 🔕 Timeout disarmed for task 1
execution-manager  | [SCHEDULER] 3 tasks remaining
execution-manager  | [SCHEDULER] ⏰ T=20000 ms | T_wall=132356696.546 ms: Launching task 2 'sum2' (deadline: 40000 ms)
execution-manager  | [SCHEDULER] 🕐 Timeout armed for task 2 at T=40000 ms (in 20000 ms)
execution-manager  | [GRPC THREAD 2] Starting...
execution-manager  | [EXECUTION MANAGER] ⏱️ T1=132356696.680 ms | Sending gRPC request for task 2 'sum2'
execution-manager  | [gRPC Channel Pool] Reusing existing channel for localhost:50052
execution-manager  | [gRPC Client Async] Calling task 'sum2' at localhost:50052
execution-manager  | [gRPC Client Async] Inputs: {"total_ops": 200, "io_percentage": 50}
execution-manager  | [SCHEDULER] ⏰ T=21309 ms | T_wall=132358005.030 ms: Launching task 3 'sum3' (deadline: 41000 ms)
execution-manager  | [SCHEDULER] 🕐 Timeout armed for task 3 at T=41000 ms (in 19691 ms)
execution-manager  | [SCHEDULER] ⏰ T=21309 ms | T_wall=132358005.193 ms: Launching task 4 'sum4' (deadline: 41000 ms)
execution-manager  | [SCHEDULER] 🕐 Timeout armed for task 4 at T=41000 ms (in 19691 ms)
execution-manager  | [GRPC THREAD 3] Starting...
execution-manager  | [EXECUTION MANAGER] ⏱️ T1=132358005.292 ms | Sending gRPC request for task 3 'sum3'
execution-manager  | [gRPC Channel Pool] Reusing existing channel for localhost:50053
execution-manager  | [gRPC Client Async] Calling task 'sum3' at localhost:50053
execution-manager  | [gRPC Client Async] Inputs: {"total_ops": 200, "io_percentage": 50}
execution-manager  | [GRPC THREAD 4] Starting...
execution-manager  | [EXECUTION MANAGER] ⏱️ T1=132358005.856 ms | Sending gRPC request for task 4 'sum4'
execution-manager  | [gRPC Channel Pool] Reusing existing channel for localhost:50054
execution-manager  | [gRPC Client Async] Calling task 'sum4' at localhost:50054
execution-manager  | [gRPC Client Async] Inputs: {"total_ops": 200, "io_percentage": 50}
execution-manager  | [gRPC Client Async] Response #1 - Status: COMPLETED
execution-manager  | 🎉 [T=27456 ms] Task 3 'sum3' COMPLETED
execution-manager  | [EXECUTION MANAGER] ⏱️ T2=132358095.957 ms | Thread started (server measured)
execution-manager  | [EXECUTION MANAGER] ⏱️ T3=132364151.561 ms | Task completed (server measured)
execution-manager  | [EXECUTION MANAGER] ⏱️ T4=132364152.743 ms | Result received by client
execution-manager  |    [TASK EXECUTION] 6055.604 ms (T3-T2, measured in thread)
execution-manager  |    [RESULT] {"result": 0}
execution-manager  | 
execution-manager  | ╔═══════════════════════════════════════════════════════════════╗
execution-manager  | ║           END-TO-END TIMING MEASUREMENT RECAP                 ║
execution-manager  | ║                   Task 3: sum3                                 
execution-manager  | ╠═══════════════════════════════════════════════════════════════╣
execution-manager  | ║ T1 (start_request)    = 132358005.292 ms                        ║
execution-manager  | ║ T2 (end_request)      = 132358095.957 ms                        ║
execution-manager  | ║ T3 (start_result)     = 132364151.561 ms                        ║
execution-manager  | ║ T4 (end_result)       = 132364152.743 ms                        ║
execution-manager  | ╠═══════════════════════════════════════════════════════════════╣
execution-manager  | ║ METRICS:                                                      ║
execution-manager  | ║   Request Latency    =       90.664 ms  (T2 - T1)            ║
execution-manager  | ║   Task Execution     =     6055.604 ms  (T3 - T2)            ║
execution-manager  | ║   Response Latency   =        1.182 ms  (T4 - T3)            ║
execution-manager  | ║   Total End-to-End   =     6147.451 ms  (T4 - T1)            ║
execution-manager  | ║   Network Overhead   =       91.847 ms  (Req + Resp)         ║
execution-manager  | ╚═══════════════════════════════════════════════════════════════╝
execution-manager  | 
execution-manager  | [gRPC Client Async] Stream completed, received 1 responses
execution-manager  | [GRPC THREAD 3] Completed
execution-manager  | [SCHEDULER] ✅ T=27457 ms: Task 3 'sum3' completed with status 2
execution-manager  | [SCHEDULER] 🔕 Timeout disarmed for task 3
execution-manager  | [SCHEDULER] 2 tasks remaining
execution-manager  | [gRPC Client Async] Response #1 - Status: COMPLETED
execution-manager  | 🎉 [T=27461 ms] Task 4 'sum4' COMPLETED
execution-manager  | [EXECUTION MANAGER] ⏱️ T2=132358006.852 ms | Thread started (server measured)
execution-manager  | [EXECUTION MANAGER] ⏱️ T3=132364157.127 ms | Task completed (server measured)
execution-manager  | [EXECUTION MANAGER] ⏱️ T4=132364157.648 ms | Result received by client
execution-manager  |    [TASK EXECUTION] 6150.275 ms (T3-T2, measured in thread)
execution-manager  |    [RESULT] {"result": 0}
execution-manager  | 
execution-manager  | ╔═══════════════════════════════════════════════════════════════╗
execution-manager  | ║           END-TO-END TIMING MEASUREMENT RECAP                 ║
execution-manager  | ║                   Task 4: sum4                                 
execution-manager  | ╠═══════════════════════════════════════════════════════════════╣
execution-manager  | ║ T1 (start_request)    = 132358005.856 ms                        ║
execution-manager  | ║ T2 (end_request)      = 132358006.852 ms                        ║
execution-manager  | ║ T3 (start_result)     = 132364157.127 ms                        ║
execution-manager  | ║ T4 (end_result)       = 132364157.648 ms                        ║
execution-manager  | ╠═══════════════════════════════════════════════════════════════╣
execution-manager  | ║ METRICS:                                                      ║
execution-manager  | ║   Request Latency    =        0.995 ms  (T2 - T1)            ║
execution-manager  | ║   Task Execution     =     6150.275 ms  (T3 - T2)            ║
execution-manager  | ║   Response Latency   =        0.521 ms  (T4 - T3)            ║
execution-manager  | ║   Total End-to-End   =     6151.791 ms  (T4 - T1)            ║
execution-manager  | ║   Network Overhead   =        1.516 ms  (Req + Resp)         ║
execution-manager  | ╚═══════════════════════════════════════════════════════════════╝
execution-manager  | 
execution-manager  | [SCHEDULER] ✅ T=27461 ms: Task 4 'sum4' completed with status 2
execution-manager  | [SCHEDULER] 🔕 Timeout disarmed for task 4
execution-manager  | [SCHEDULER] 1 tasks remaining
execution-manager  | [gRPC Client Async] Stream completed, received 1 responses
execution-manager  | [GRPC THREAD 4] Completed
execution-manager  | [gRPC Client Async] Response #1 - Status: COMPLETED
execution-manager  | 🎉 [T=27468 ms] Task 2 'sum2' COMPLETED
execution-manager  | [EXECUTION MANAGER] ⏱️ T2=132356698.474 ms | Thread started (server measured)
execution-manager  | [EXECUTION MANAGER] ⏱️ T3=132364163.644 ms | Task completed (server measured)
execution-manager  | [EXECUTION MANAGER] ⏱️ T4=132364164.251 ms | Result received by client
execution-manager  |    [TASK EXECUTION] 7465.169 ms (T3-T2, measured in thread)
execution-manager  |    [RESULT] {"result": 0}
execution-manager  | 
execution-manager  | ╔═══════════════════════════════════════════════════════════════╗
execution-manager  | ║           END-TO-END TIMING MEASUREMENT RECAP                 ║
execution-manager  | ║                   Task 2: sum2                                 
execution-manager  | ╠═══════════════════════════════════════════════════════════════╣
execution-manager  | ║ T1 (start_request)    = 132356696.680 ms                        ║
execution-manager  | ║ T2 (end_request)      = 132356698.474 ms                        ║
execution-manager  | ║ T3 (start_result)     = 132364163.644 ms                        ║
execution-manager  | ║ T4 (end_result)       = 132364164.251 ms                        ║
execution-manager  | ╠═══════════════════════════════════════════════════════════════╣
execution-manager  | ║ METRICS:                                                      ║
execution-manager  | ║   Request Latency    =        1.794 ms  (T2 - T1)            ║
execution-manager  | ║   Task Execution     =     7465.169 ms  (T3 - T2)            ║
execution-manager  | ║   Response Latency   =        0.607 ms  (T4 - T3)            ║
execution-manager  | ║   Total End-to-End   =     7467.571 ms  (T4 - T1)            ║
execution-manager  | ║   Network Overhead   =        2.402 ms  (Req + Resp)         ║
execution-manager  | ╚═══════════════════════════════════════════════════════════════╝
execution-manager  | 
execution-manager  | [SCHEDULER] ✅ T=27468 ms: Task 2 'sum2' completed with status 2
execution-manager  | [SCHEDULER] 🔕 Timeout disarmed for task 2
execution-manager  | [SCHEDULER] 0 tasks remaining
execution-manager  | 
execution-manager  | [SCHEDULER] 🏁 Iteration 15/50 complete!
execution-manager  | [SCHEDULER] Iteration execution time: 27468 ms
execution-manager  | 
execution-manager  | 
execution-manager  | [SCHEDULER] 🔁 ===== ITERATION 16 / 50 =====
execution-manager  | 
execution-manager  | [SCHEDULER] 🚀 Schedule started at T=0
execution-manager  | 
execution-manager  | [SCHEDULER] 🔄 Entering event loop (NO SLEEP - event-driven!)
execution-manager  | 
execution-manager  | [gRPC Client Async] Stream completed, received 1 responses
execution-manager  | [GRPC THREAD 2] Completed
execution-manager  | [SCHEDULER] ⏰ T=10000 ms | T_wall=132374164.495 ms: Launching task 1 'sum1' (deadline: 30000 ms)
execution-manager  | [SCHEDULER] 🕐 Timeout armed for task 1 at T=30000 ms (in 20000 ms)
execution-manager  | [GRPC THREAD 1] Starting...
execution-manager  | [EXECUTION MANAGER] ⏱️ T1=132374164.631 ms | Sending gRPC request for task 1 'sum1'
execution-manager  | [gRPC Channel Pool] Reusing existing channel for localhost:50051
execution-manager  | [gRPC Client Async] Calling task 'sum1' at localhost:50051
execution-manager  | [gRPC Client Async] Inputs: {"total_ops": 200, "io_percentage": 50}
execution-manager  | [gRPC Client Async] Response #1 - Status: COMPLETED
execution-manager  | 🎉 [T=12478 ms] Task 1 'sum1' COMPLETED
execution-manager  | [EXECUTION MANAGER] ⏱️ T2=132374165.517 ms | Thread started (server measured)
execution-manager  | [EXECUTION MANAGER] ⏱️ T3=132376641.308 ms | Task completed (server measured)
execution-manager  | [EXECUTION MANAGER] ⏱️ T4=132376642.015 ms | Result received by client
execution-manager  |    [TASK EXECUTION] 2475.790 ms (T3-T2, measured in thread)
execution-manager  |    [RESULT] {"result": 0}
execution-manager  | 
execution-manager  | ╔═══════════════════════════════════════════════════════════════╗
execution-manager  | ║           END-TO-END TIMING MEASUREMENT RECAP                 ║
execution-manager  | ║                   Task 1: sum1                                 
execution-manager  | ╠═══════════════════════════════════════════════════════════════╣
execution-manager  | ║ T1 (start_request)    = 132374164.631 ms                        ║
execution-manager  | ║ T2 (end_request)      = 132374165.517 ms                        ║
execution-manager  | ║ T3 (start_result)     = 132376641.308 ms                        ║
execution-manager  | ║ T4 (end_result)       = 132376642.015 ms                        ║
execution-manager  | ╠═══════════════════════════════════════════════════════════════╣
execution-manager  | ║ METRICS:                                                      ║
execution-manager  | ║   Request Latency    =        0.887 ms  (T2 - T1)            ║
execution-manager  | ║   Task Execution     =     2475.790 ms  (T3 - T2)            ║
execution-manager  | ║   Response Latency   =        0.707 ms  (T4 - T3)            ║
execution-manager  | ║   Total End-to-End   =     2477.384 ms  (T4 - T1)            ║
execution-manager  | ║   Network Overhead   =        1.594 ms  (Req + Resp)         ║
execution-manager  | ╚═══════════════════════════════════════════════════════════════╝
execution-manager  | 
execution-manager  | [gRPC Client Async] Stream completed, received 1 responses
execution-manager  | [GRPC THREAD 1] Completed
execution-manager  | [SCHEDULER] ✅ T=12478 ms: Task 1 'sum1' completed with status 2
execution-manager  | [SCHEDULER] 🔕 Timeout disarmed for task 1
execution-manager  | [SCHEDULER] 3 tasks remaining
execution-manager  | [SCHEDULER] ⏰ T=20000 ms | T_wall=132384164.523 ms: Launching task 2 'sum2' (deadline: 40000 ms)
execution-manager  | [SCHEDULER] 🕐 Timeout armed for task 2 at T=40000 ms (in 20000 ms)
execution-manager  | [GRPC THREAD 2] Starting...
execution-manager  | [EXECUTION MANAGER] ⏱️ T1=132384164.654 ms | Sending gRPC request for task 2 'sum2'
execution-manager  | [gRPC Channel Pool] Reusing existing channel for localhost:50052
execution-manager  | [gRPC Client Async] Calling task 'sum2' at localhost:50052
execution-manager  | [gRPC Client Async] Inputs: {"total_ops": 200, "io_percentage": 50}
execution-manager  | [SCHEDULER] ⏰ T=21841 ms | T_wall=132386005.030 ms: Launching task 3 'sum3' (deadline: 41000 ms)
execution-manager  | [SCHEDULER] 🕐 Timeout armed for task 3 at T=41000 ms (in 19159 ms)
execution-manager  | [SCHEDULER] ⏰ T=21841 ms | T_wall=132386005.177 ms: Launching task 4 'sum4' (deadline: 41000 ms)
execution-manager  | [SCHEDULER] 🕐 Timeout armed for task 4 at T=41000 ms (in 19159 ms)
execution-manager  | [GRPC THREAD 3] Starting...
execution-manager  | [EXECUTION MANAGER] ⏱️ T1=132386005.285 ms | Sending gRPC request for task 3 'sum3'
execution-manager  | [gRPC Channel Pool] Reusing existing channel for localhost:50053
execution-manager  | [gRPC Client Async] Calling task 'sum3' at localhost:50053
execution-manager  | [gRPC Client Async] Inputs: {"total_ops": 200, "io_percentage": 50}
execution-manager  | [GRPC THREAD 4] Starting...
execution-manager  | [EXECUTION MANAGER] ⏱️ T1=132386005.757 ms | Sending gRPC request for task 4 'sum4'
execution-manager  | [gRPC Channel Pool] Reusing existing channel for localhost:50054
execution-manager  | [gRPC Client Async] Calling task 'sum4' at localhost:50054
execution-manager  | [gRPC Client Async] Inputs: {"total_ops": 200, "io_percentage": 50}
execution-manager  | [gRPC Client Async] Response #1 - Status: COMPLETED
execution-manager  | 🎉 [T=27470 ms] Task 3 'sum3' COMPLETED
execution-manager  | [EXECUTION MANAGER] ⏱️ T2=132386006.295 ms | Thread started (server measured)
execution-manager  | [EXECUTION MANAGER] ⏱️ T3=132391634.104 ms | Task completed (server measured)
execution-manager  | [EXECUTION MANAGER] ⏱️ T4=132391634.955 ms | Result received by client
execution-manager  |    [TASK EXECUTION] 5627.809 ms (T3-T2, measured in thread)
execution-manager  |    [RESULT] {"result": 0}
execution-manager  | 
execution-manager  | ╔═══════════════════════════════════════════════════════════════╗
execution-manager  | ║           END-TO-END TIMING MEASUREMENT RECAP                 ║
execution-manager  | ║                   Task 3: sum3                                 
execution-manager  | ╠═══════════════════════════════════════════════════════════════╣
execution-manager  | ║ T1 (start_request)    = 132386005.285 ms                        ║
execution-manager  | ║ T2 (end_request)      = 132386006.295 ms                        ║
execution-manager  | ║ T3 (start_result)     = 132391634.104 ms                        ║
execution-manager  | ║ T4 (end_result)       = 132391634.955 ms                        ║
execution-manager  | ╠═══════════════════════════════════════════════════════════════╣
execution-manager  | ║ METRICS:                                                      ║
execution-manager  | ║   Request Latency    =        1.010 ms  (T2 - T1)            ║
execution-manager  | ║   Task Execution     =     5627.809 ms  (T3 - T2)            ║
execution-manager  | ║   Response Latency   =        0.850 ms  (T4 - T3)            ║
execution-manager  | ║   Total End-to-End   =     5629.670 ms  (T4 - T1)            ║
execution-manager  | ║   Network Overhead   =        1.861 ms  (Req + Resp)         ║
execution-manager  | ╚═══════════════════════════════════════════════════════════════╝
execution-manager  | 
execution-manager  | [gRPC Client Async] Stream completed, received 1 responses
execution-manager  | [GRPC THREAD 3] Completed
execution-manager  | [SCHEDULER] ✅ T=27471 ms: Task 3 'sum3' completed with status 2
execution-manager  | [SCHEDULER] 🔕 Timeout disarmed for task 3
execution-manager  | [SCHEDULER] 2 tasks remaining
execution-manager  | [gRPC Client Async] Response #1 - Status: COMPLETED
execution-manager  | 🎉 [T=27477 ms] Task 4 'sum4' COMPLETED
execution-manager  | [EXECUTION MANAGER] ⏱️ T2=132388396.219 ms | Thread started (server measured)
execution-manager  | [EXECUTION MANAGER] ⏱️ T3=132391641.041 ms | Task completed (server measured)
execution-manager  | [EXECUTION MANAGER] ⏱️ T4=132391641.687 ms | Result received by client
execution-manager  |    [TASK EXECUTION] 3244.822 ms (T3-T2, measured in thread)
execution-manager  |    [RESULT] {"result": 0}
execution-manager  | 
execution-manager  | ╔═══════════════════════════════════════════════════════════════╗
execution-manager  | ║           END-TO-END TIMING MEASUREMENT RECAP                 ║
execution-manager  | ║                   Task 4: sum4                                 
execution-manager  | ╠═══════════════════════════════════════════════════════════════╣
execution-manager  | ║ T1 (start_request)    = 132386005.757 ms                        ║
execution-manager  | ║ T2 (end_request)      = 132388396.219 ms                        ║
execution-manager  | ║ T3 (start_result)     = 132391641.041 ms                        ║
execution-manager  | ║ T4 (end_result)       = 132391641.687 ms                        ║
execution-manager  | ╠═══════════════════════════════════════════════════════════════╣
execution-manager  | ║ METRICS:                                                      ║
execution-manager  | ║   Request Latency    =     2390.462 ms  (T2 - T1)            ║
execution-manager  | ║   Task Execution     =     3244.822 ms  (T3 - T2)            ║
execution-manager  | ║   Response Latency   =        0.646 ms  (T4 - T3)            ║
execution-manager  | ║   Total End-to-End   =     5635.930 ms  (T4 - T1)            ║
execution-manager  | ║   Network Overhead   =     2391.108 ms  (Req + Resp)         ║
execution-manager  | ╚═══════════════════════════════════════════════════════════════╝
execution-manager  | 
execution-manager  | [SCHEDULER] ✅ T=27477 ms: Task 4 'sum4' completed with status 2
execution-manager  | [SCHEDULER] 🔕 Timeout disarmed for task 4
execution-manager  | [SCHEDULER] 1 tasks remaining
execution-manager  | [gRPC Client Async] Stream completed, received 1 responses
execution-manager  | [GRPC THREAD 4] Completed
execution-manager  | [gRPC Client Async] Response #1 - Status: COMPLETED
execution-manager  | 🎉 [T=27480 ms] Task 2 'sum2' COMPLETED
execution-manager  | [EXECUTION MANAGER] ⏱️ T2=132384166.061 ms | Thread started (server measured)
execution-manager  | [EXECUTION MANAGER] ⏱️ T3=132391644.378 ms | Task completed (server measured)
execution-manager  | [EXECUTION MANAGER] ⏱️ T4=132391644.906 ms | Result received by client
execution-manager  |    [TASK EXECUTION] 7478.317 ms (T3-T2, measured in thread)
execution-manager  |    [RESULT] {"result": 0}
execution-manager  | 
execution-manager  | ╔═══════════════════════════════════════════════════════════════╗
execution-manager  | ║           END-TO-END TIMING MEASUREMENT RECAP                 ║
execution-manager  | ║                   Task 2: sum2                                 
execution-manager  | ╠═══════════════════════════════════════════════════════════════╣
execution-manager  | ║ T1 (start_request)    = 132384164.654 ms                        ║
execution-manager  | ║ T2 (end_request)      = 132384166.061 ms                        ║
execution-manager  | ║ T3 (start_result)     = 132391644.378 ms                        ║
execution-manager  | ║ T4 (end_result)       = 132391644.906 ms                        ║
execution-manager  | ╠═══════════════════════════════════════════════════════════════╣
execution-manager  | ║ METRICS:                                                      ║
execution-manager  | ║   Request Latency    =        1.407 ms  (T2 - T1)            ║
execution-manager  | ║   Task Execution     =     7478.317 ms  (T3 - T2)            ║
execution-manager  | ║   Response Latency   =        0.528 ms  (T4 - T3)            ║
execution-manager  | ║   Total End-to-End   =     7480.252 ms  (T4 - T1)            ║
execution-manager  | ║   Network Overhead   =        1.935 ms  (Req + Resp)         ║
execution-manager  | ╚═══════════════════════════════════════════════════════════════╝
execution-manager  | 
execution-manager  | [gRPC Client Async] Stream completed, received 1 responses
execution-manager  | [GRPC THREAD 2] Completed
execution-manager  | [SCHEDULER] ✅ T=27481 ms: Task 2 'sum2' completed with status 2
execution-manager  | [SCHEDULER] 🔕 Timeout disarmed for task 2
execution-manager  | [SCHEDULER] 0 tasks remaining
execution-manager  | 
execution-manager  | [SCHEDULER] 🏁 Iteration 16/50 complete!
execution-manager  | [SCHEDULER] Iteration execution time: 27481 ms
execution-manager  | 
execution-manager  | 
execution-manager  | [SCHEDULER] 🔁 ===== ITERATION 17 / 50 =====
execution-manager  | 
execution-manager  | [SCHEDULER] 🚀 Schedule started at T=0
execution-manager  | 
execution-manager  | [SCHEDULER] 🔄 Entering event loop (NO SLEEP - event-driven!)
execution-manager  | 
execution-manager  | [SCHEDULER] ⏰ T=10000 ms | T_wall=132401645.342 ms: Launching task 1 'sum1' (deadline: 30000 ms)
execution-manager  | [SCHEDULER] 🕐 Timeout armed for task 1 at T=30000 ms (in 20000 ms)
execution-manager  | [GRPC THREAD 1] Starting...
execution-manager  | [EXECUTION MANAGER] ⏱️ T1=132401645.477 ms | Sending gRPC request for task 1 'sum1'
execution-manager  | [gRPC Channel Pool] Reusing existing channel for localhost:50051
execution-manager  | [gRPC Client Async] Calling task 'sum1' at localhost:50051
execution-manager  | [gRPC Client Async] Inputs: {"total_ops": 200, "io_percentage": 50}
execution-manager  | [gRPC Client Async] Response #1 - Status: COMPLETED
execution-manager  | 🎉 [T=12527 ms] Task 1 'sum1' COMPLETED
execution-manager  | [EXECUTION MANAGER] ⏱️ T2=132401646.366 ms | Thread started (server measured)
execution-manager  | [EXECUTION MANAGER] ⏱️ T3=132404171.092 ms | Task completed (server measured)
execution-manager  | [EXECUTION MANAGER] ⏱️ T4=132404172.086 ms | Result received by client
execution-manager  |    [TASK EXECUTION] 2524.726 ms (T3-T2, measured in thread)
execution-manager  |    [RESULT] {"result": 0}
execution-manager  | 
execution-manager  | ╔═══════════════════════════════════════════════════════════════╗
execution-manager  | ║           END-TO-END TIMING MEASUREMENT RECAP                 ║
execution-manager  | ║                   Task 1: sum1                                 
execution-manager  | ╠═══════════════════════════════════════════════════════════════╣
execution-manager  | ║ T1 (start_request)    = 132401645.477 ms                        ║
execution-manager  | ║ T2 (end_request)      = 132401646.366 ms                        ║
execution-manager  | ║ T3 (start_result)     = 132404171.092 ms                        ║
execution-manager  | ║ T4 (end_result)       = 132404172.086 ms                        ║
execution-manager  | ╠═══════════════════════════════════════════════════════════════╣
execution-manager  | ║ METRICS:                                                      ║
execution-manager  | ║   Request Latency    =        0.890 ms  (T2 - T1)            ║
execution-manager  | ║   Task Execution     =     2524.726 ms  (T3 - T2)            ║
execution-manager  | ║   Response Latency   =        0.994 ms  (T4 - T3)            ║
execution-manager  | ║   Total End-to-End   =     2526.609 ms  (T4 - T1)            ║
execution-manager  | ║   Network Overhead   =        1.884 ms  (Req + Resp)         ║
execution-manager  | ╚═══════════════════════════════════════════════════════════════╝
execution-manager  | 
execution-manager  | [gRPC Client Async] Stream completed, received 1 responses
execution-manager  | [GRPC THREAD 1] Completed
execution-manager  | [SCHEDULER] ✅ T=12527 ms: Task 1 'sum1' completed with status 2
execution-manager  | [SCHEDULER] 🔕 Timeout disarmed for task 1
execution-manager  | [SCHEDULER] 3 tasks remaining
execution-manager  | [SCHEDULER] ⏰ T=20000 ms | T_wall=132411645.372 ms: Launching task 2 'sum2' (deadline: 40000 ms)
execution-manager  | [SCHEDULER] 🕐 Timeout armed for task 2 at T=40000 ms (in 20000 ms)
execution-manager  | [GRPC THREAD 2] Starting...
execution-manager  | [EXECUTION MANAGER] ⏱️ T1=132411645.508 ms | Sending gRPC request for task 2 'sum2'
execution-manager  | [gRPC Channel Pool] Reusing existing channel for localhost:50052
execution-manager  | [gRPC Client Async] Calling task 'sum2' at localhost:50052
execution-manager  | [gRPC Client Async] Inputs: {"total_ops": 200, "io_percentage": 50}
execution-manager  | [SCHEDULER] ⏰ T=21360 ms | T_wall=132413005.031 ms: Launching task 3 'sum3' (deadline: 41000 ms)
execution-manager  | [SCHEDULER] 🕐 Timeout armed for task 3 at T=41000 ms (in 19640 ms)
execution-manager  | [SCHEDULER] ⏰ T=21360 ms | T_wall=132413005.168 ms: Launching task 4 'sum4' (deadline: 41000 ms)
execution-manager  | [SCHEDULER] 🕐 Timeout armed for task 4 at T=41000 ms (in 19640 ms)
execution-manager  | [GRPC THREAD 3] Starting...
execution-manager  | [EXECUTION MANAGER] ⏱️ T1=132413005.278 ms | Sending gRPC request for task 3 'sum3'
execution-manager  | [gRPC Channel Pool] Reusing existing channel for localhost:50053
execution-manager  | [gRPC Client Async] Calling task 'sum3' at localhost:50053
execution-manager  | [gRPC Client Async] Inputs: {"total_ops": 200, "io_percentage": 50}
execution-manager  | [GRPC THREAD 4] Starting...
execution-manager  | [EXECUTION MANAGER] ⏱️ T1=132413005.736 ms | Sending gRPC request for task 4 'sum4'
execution-manager  | [gRPC Channel Pool] Reusing existing channel for localhost:50054
execution-manager  | [gRPC Client Async] Calling task 'sum4' at localhost:50054
execution-manager  | [gRPC Client Async] Inputs: {"total_ops": 200, "io_percentage": 50}
execution-manager  | [gRPC Client Async] Response #1 - Status: COMPLETED
execution-manager  | 🎉 [T=27464 ms] Task 3 'sum3' COMPLETED
execution-manager  | [EXECUTION MANAGER] ⏱️ T2=132414005.216 ms | Thread started (server measured)
execution-manager  | [EXECUTION MANAGER] ⏱️ T3=132419108.467 ms | Task completed (server measured)
execution-manager  | [EXECUTION MANAGER] ⏱️ T4=132419109.208 ms | Result received by client
execution-manager  |    [TASK EXECUTION] 5103.250 ms (T3-T2, measured in thread)
execution-manager  |    [RESULT] {"result": 0}
execution-manager  | 
execution-manager  | ╔═══════════════════════════════════════════════════════════════╗
execution-manager  | ║           END-TO-END TIMING MEASUREMENT RECAP                 ║
execution-manager  | ║                   Task 3: sum3                                 
execution-manager  | ╠═══════════════════════════════════════════════════════════════╣
execution-manager  | ║ T1 (start_request)    = 132413005.278 ms                        ║
execution-manager  | ║ T2 (end_request)      = 132414005.216 ms                        ║
execution-manager  | ║ T3 (start_result)     = 132419108.467 ms                        ║
execution-manager  | ║ T4 (end_result)       = 132419109.208 ms                        ║
execution-manager  | ╠═══════════════════════════════════════════════════════════════╣
execution-manager  | ║ METRICS:                                                      ║
execution-manager  | ║   Request Latency    =      999.938 ms  (T2 - T1)            ║
execution-manager  | ║   Task Execution     =     5103.250 ms  (T3 - T2)            ║
execution-manager  | ║   Response Latency   =        0.741 ms  (T4 - T3)            ║
execution-manager  | ║   Total End-to-End   =     6103.929 ms  (T4 - T1)            ║
execution-manager  | ║   Network Overhead   =     1000.679 ms  (Req + Resp)         ║
execution-manager  | ╚═══════════════════════════════════════════════════════════════╝
execution-manager  | 
execution-manager  | [SCHEDULER] ✅ T=27464 ms: Task 3 'sum3' completed with status 2
execution-manager  | [SCHEDULER] 🔕 Timeout disarmed for task 3
execution-manager  | [SCHEDULER] 2 tasks remaining
execution-manager  | [gRPC Client Async] Stream completed, received 1 responses
execution-manager  | [GRPC THREAD 3] Completed
execution-manager  | [gRPC Client Async] Response #1 - Status: COMPLETED
execution-manager  | 🎉 [T=27470 ms] Task 4 'sum4' COMPLETED
execution-manager  | [EXECUTION MANAGER] ⏱️ T2=132416394.969 ms | Thread started (server measured)
execution-manager  | [EXECUTION MANAGER] ⏱️ T3=132419115.085 ms | Task completed (server measured)
execution-manager  | [EXECUTION MANAGER] ⏱️ T4=132419115.822 ms | Result received by client
execution-manager  |    [TASK EXECUTION] 2720.116 ms (T3-T2, measured in thread)
execution-manager  |    [RESULT] {"result": 0}
execution-manager  | 
execution-manager  | ╔═══════════════════════════════════════════════════════════════╗
execution-manager  | ║           END-TO-END TIMING MEASUREMENT RECAP                 ║
execution-manager  | ║                   Task 4: sum4                                 
execution-manager  | ╠═══════════════════════════════════════════════════════════════╣
execution-manager  | ║ T1 (start_request)    = 132413005.736 ms                        ║
execution-manager  | ║ T2 (end_request)      = 132416394.969 ms                        ║
execution-manager  | ║ T3 (start_result)     = 132419115.085 ms                        ║
execution-manager  | ║ T4 (end_result)       = 132419115.822 ms                        ║
execution-manager  | ╠═══════════════════════════════════════════════════════════════╣
execution-manager  | ║ METRICS:                                                      ║
execution-manager  | ║   Request Latency    =     3389.233 ms  (T2 - T1)            ║
execution-manager  | ║   Task Execution     =     2720.116 ms  (T3 - T2)            ║
execution-manager  | ║   Response Latency   =        0.738 ms  (T4 - T3)            ║
execution-manager  | ║   Total End-to-End   =     6110.087 ms  (T4 - T1)            ║
execution-manager  | ║   Network Overhead   =     3389.971 ms  (Req + Resp)         ║
execution-manager  | ╚═══════════════════════════════════════════════════════════════╝
execution-manager  | 
execution-manager  | [gRPC Client Async] Stream completed, received 1 responses
execution-manager  | [GRPC THREAD 4] Completed
execution-manager  | [SCHEDULER] ✅ T=27471 ms: Task 4 'sum4' completed with status 2
execution-manager  | [SCHEDULER] 🔕 Timeout disarmed for task 4
execution-manager  | [SCHEDULER] 1 tasks remaining
execution-manager  | [gRPC Client Async] Response #1 - Status: COMPLETED
execution-manager  | 🎉 [T=27471 ms] Task 2 'sum2' COMPLETED
execution-manager  | [EXECUTION MANAGER] ⏱️ T2=132411646.494 ms | Thread started (server measured)
execution-manager  | [EXECUTION MANAGER] ⏱️ T3=132419115.536 ms | Task completed (server measured)
execution-manager  | [EXECUTION MANAGER] ⏱️ T4=132419116.424 ms | Result received by client
execution-manager  |    [TASK EXECUTION] 7469.042 ms (T3-T2, measured in thread)
execution-manager  |    [RESULT] {"result": 0}
execution-manager  | 
execution-manager  | ╔═══════════════════════════════════════════════════════════════╗
execution-manager  | ║           END-TO-END TIMING MEASUREMENT RECAP                 ║
execution-manager  | ║                   Task 2: sum2                                 
execution-manager  | ╠═══════════════════════════════════════════════════════════════╣
execution-manager  | ║ T1 (start_request)    = 132411645.508 ms                        ║
execution-manager  | ║ T2 (end_request)      = 132411646.494 ms                        ║
execution-manager  | ║ T3 (start_result)     = 132419115.536 ms                        ║
execution-manager  | ║ T4 (end_result)       = 132419116.424 ms                        ║
execution-manager  | ╠═══════════════════════════════════════════════════════════════╣
execution-manager  | ║ METRICS:                                                      ║
execution-manager  | ║   Request Latency    =        0.986 ms  (T2 - T1)            ║
execution-manager  | ║   Task Execution     =     7469.042 ms  (T3 - T2)            ║
execution-manager  | ║   Response Latency   =        0.888 ms  (T4 - T3)            ║
execution-manager  | ║   Total End-to-End   =     7470.916 ms  (T4 - T1)            ║
execution-manager  | ║   Network Overhead   =        1.874 ms  (Req + Resp)         ║
execution-manager  | ╚═══════════════════════════════════════════════════════════════╝
execution-manager  | 
execution-manager  | [gRPC Client Async] Stream completed, received 1 responses
execution-manager  | [GRPC THREAD 2] Completed
execution-manager  | [SCHEDULER] ✅ T=27471 ms: Task 2 'sum2' completed with status 2
execution-manager  | [SCHEDULER] 🔕 Timeout disarmed for task 2
execution-manager  | [SCHEDULER] 0 tasks remaining
execution-manager  | 
execution-manager  | [SCHEDULER] 🏁 Iteration 17/50 complete!
execution-manager  | [SCHEDULER] Iteration execution time: 27471 ms
execution-manager  | 
execution-manager  | 
execution-manager  | [SCHEDULER] 🔁 ===== ITERATION 18 / 50 =====
execution-manager  | 
execution-manager  | [SCHEDULER] 🚀 Schedule started at T=0
execution-manager  | 
execution-manager  | [SCHEDULER] 🔄 Entering event loop (NO SLEEP - event-driven!)
execution-manager  | 
execution-manager  | [SCHEDULER] ⏰ T=10000 ms | T_wall=132429116.771 ms: Launching task 1 'sum1' (deadline: 30000 ms)
execution-manager  | [SCHEDULER] 🕐 Timeout armed for task 1 at T=30000 ms (in 20000 ms)
execution-manager  | [GRPC THREAD 1] Starting...
execution-manager  | [EXECUTION MANAGER] ⏱️ T1=132429116.908 ms | Sending gRPC request for task 1 'sum1'
execution-manager  | [gRPC Channel Pool] Reusing existing channel for localhost:50051
execution-manager  | [gRPC Client Async] Calling task 'sum1' at localhost:50051
execution-manager  | [gRPC Client Async] Inputs: {"total_ops": 200, "io_percentage": 50}
execution-manager  | [gRPC Client Async] Response #1 - Status: COMPLETED
execution-manager  | 🎉 [T=12485 ms] Task 1 'sum1' COMPLETED
execution-manager  | [EXECUTION MANAGER] ⏱️ T2=132429118.307 ms | Thread started (server measured)
execution-manager  | [EXECUTION MANAGER] ⏱️ T3=132431600.753 ms | Task completed (server measured)
execution-manager  | [EXECUTION MANAGER] ⏱️ T4=132431601.530 ms | Result received by client
execution-manager  |    [TASK EXECUTION] 2482.446 ms (T3-T2, measured in thread)
execution-manager  |    [RESULT] {"result": 0}
execution-manager  | 
execution-manager  | ╔═══════════════════════════════════════════════════════════════╗
execution-manager  | ║           END-TO-END TIMING MEASUREMENT RECAP                 ║
execution-manager  | ║                   Task 1: sum1                                 
execution-manager  | ╠═══════════════════════════════════════════════════════════════╣
execution-manager  | ║ T1 (start_request)    = 132429116.908 ms                        ║
execution-manager  | ║ T2 (end_request)      = 132429118.307 ms                        ║
execution-manager  | ║ T3 (start_result)     = 132431600.753 ms                        ║
execution-manager  | ║ T4 (end_result)       = 132431601.530 ms                        ║
execution-manager  | ╠═══════════════════════════════════════════════════════════════╣
execution-manager  | ║ METRICS:                                                      ║
execution-manager  | ║   Request Latency    =        1.399 ms  (T2 - T1)            ║
execution-manager  | ║   Task Execution     =     2482.446 ms  (T3 - T2)            ║
execution-manager  | ║   Response Latency   =        0.776 ms  (T4 - T3)            ║
execution-manager  | ║   Total End-to-End   =     2484.621 ms  (T4 - T1)            ║
execution-manager  | ║   Network Overhead   =        2.175 ms  (Req + Resp)         ║
execution-manager  | ╚═══════════════════════════════════════════════════════════════╝
execution-manager  | 
execution-manager  | [SCHEDULER] ✅ T=12485 ms: Task 1 'sum1' completed with status 2
execution-manager  | [SCHEDULER] 🔕 Timeout disarmed for task 1
execution-manager  | [SCHEDULER] 3 tasks remaining
execution-manager  | [gRPC Client Async] Stream completed, received 1 responses
execution-manager  | [GRPC THREAD 1] Completed
execution-manager  | [SCHEDULER] ⏰ T=20000 ms | T_wall=132439116.805 ms: Launching task 2 'sum2' (deadline: 40000 ms)
execution-manager  | [SCHEDULER] 🕐 Timeout armed for task 2 at T=40000 ms (in 20000 ms)
execution-manager  | [GRPC THREAD 2] Starting...
execution-manager  | [EXECUTION MANAGER] ⏱️ T1=132439116.947 ms | Sending gRPC request for task 2 'sum2'
execution-manager  | [gRPC Channel Pool] Reusing existing channel for localhost:50052
execution-manager  | [gRPC Client Async] Calling task 'sum2' at localhost:50052
execution-manager  | [gRPC Client Async] Inputs: {"total_ops": 200, "io_percentage": 50}
execution-manager  | [SCHEDULER] ⏰ T=21889 ms | T_wall=132441005.029 ms: Launching task 3 'sum3' (deadline: 41000 ms)
execution-manager  | [SCHEDULER] 🕐 Timeout armed for task 3 at T=41000 ms (in 19111 ms)
execution-manager  | [SCHEDULER] ⏰ T=21889 ms | T_wall=132441005.165 ms: Launching task 4 'sum4' (deadline: 41000 ms)
execution-manager  | [SCHEDULER] 🕐 Timeout armed for task 4 at T=41000 ms (in 19111 ms)
execution-manager  | [GRPC THREAD 3] Starting...
execution-manager  | [EXECUTION MANAGER] ⏱️ T1=132441005.302 ms | Sending gRPC request for task 3 'sum3'
execution-manager  | [gRPC Channel Pool] Reusing existing channel for localhost:50053
execution-manager  | [gRPC Client Async] Calling task 'sum3' at localhost:50053
execution-manager  | [gRPC Client Async] Inputs: {"total_ops": 200, "io_percentage": 50}
execution-manager  | [GRPC THREAD 4] Starting...
execution-manager  | [EXECUTION MANAGER] ⏱️ T1=132441005.828 ms | Sending gRPC request for task 4 'sum4'
execution-manager  | [gRPC Channel Pool] Reusing existing channel for localhost:50054
execution-manager  | [gRPC Client Async] Calling task 'sum4' at localhost:50054
execution-manager  | [gRPC Client Async] Inputs: {"total_ops": 200, "io_percentage": 50}
execution-manager  | [gRPC Client Async] Response #1 - Status: COMPLETED
execution-manager  | 🎉 [T=27471 ms] Task 3 'sum3' COMPLETED
execution-manager  | [EXECUTION MANAGER] ⏱️ T2=132441006.465 ms | Thread started (server measured)
execution-manager  | [EXECUTION MANAGER] ⏱️ T3=132446586.609 ms | Task completed (server measured)
execution-manager  | [EXECUTION MANAGER] ⏱️ T4=132446587.326 ms | Result received by client
execution-manager  |    [TASK EXECUTION] 5580.143 ms (T3-T2, measured in thread)
execution-manager  |    [RESULT] {"result": 0}
execution-manager  | 
execution-manager  | ╔═══════════════════════════════════════════════════════════════╗
execution-manager  | ║           END-TO-END TIMING MEASUREMENT RECAP                 ║
execution-manager  | ║                   Task 3: sum3                                 
execution-manager  | ╠═══════════════════════════════════════════════════════════════╣
execution-manager  | ║ T1 (start_request)    = 132441005.302 ms                        ║
execution-manager  | ║ T2 (end_request)      = 132441006.465 ms                        ║
execution-manager  | ║ T3 (start_result)     = 132446586.609 ms                        ║
execution-manager  | ║ T4 (end_result)       = 132446587.326 ms                        ║
execution-manager  | ╠═══════════════════════════════════════════════════════════════╣
execution-manager  | ║ METRICS:                                                      ║
execution-manager  | ║   Request Latency    =        1.164 ms  (T2 - T1)            ║
execution-manager  | ║   Task Execution     =     5580.143 ms  (T3 - T2)            ║
execution-manager  | ║   Response Latency   =        0.717 ms  (T4 - T3)            ║
execution-manager  | ║   Total End-to-End   =     5582.024 ms  (T4 - T1)            ║
execution-manager  | ║   Network Overhead   =        1.881 ms  (Req + Resp)         ║
execution-manager  | ╚═══════════════════════════════════════════════════════════════╝
execution-manager  | 
execution-manager  | [SCHEDULER] ✅ T=27471 ms: Task 3 'sum3' completed with status 2
execution-manager  | [SCHEDULER] 🔕 Timeout disarmed for task 3
execution-manager  | [SCHEDULER] 2 tasks remaining
execution-manager  | [gRPC Client Async] Stream completed, received 1 responses
execution-manager  | [GRPC THREAD 3] Completed
execution-manager  | [gRPC Client Async] Response #1 - Status: COMPLETED
execution-manager  | 🎉 [T=27482 ms] Task 4 'sum4' COMPLETED
execution-manager  | [EXECUTION MANAGER] ⏱️ T2=132443397.153 ms | Thread started (server measured)
execution-manager  | [EXECUTION MANAGER] ⏱️ T3=132446598.428 ms | Task completed (server measured)
execution-manager  | [EXECUTION MANAGER] ⏱️ T4=132446598.932 ms | Result received by client
execution-manager  |    [TASK EXECUTION] 3201.276 ms (T3-T2, measured in thread)
execution-manager  |    [RESULT] {"result": 0}
execution-manager  | 
execution-manager  | ╔═══════════════════════════════════════════════════════════════╗
execution-manager  | ║           END-TO-END TIMING MEASUREMENT RECAP                 ║
execution-manager  | ║                   Task 4: sum4                                 
execution-manager  | ╠═══════════════════════════════════════════════════════════════╣
execution-manager  | ║ T1 (start_request)    = 132441005.828 ms                        ║
execution-manager  | ║ T2 (end_request)      = 132443397.153 ms                        ║
execution-manager  | ║ T3 (start_result)     = 132446598.428 ms                        ║
execution-manager  | ║ T4 (end_result)       = 132446598.932 ms                        ║
execution-manager  | ╠═══════════════════════════════════════════════════════════════╣
execution-manager  | ║ METRICS:                                                      ║
execution-manager  | ║   Request Latency    =     2391.325 ms  (T2 - T1)            ║
execution-manager  | ║   Task Execution     =     3201.276 ms  (T3 - T2)            ║
execution-manager  | ║   Response Latency   =        0.504 ms  (T4 - T3)            ║
execution-manager  | ║   Total End-to-End   =     5593.105 ms  (T4 - T1)            ║
execution-manager  | ║   Network Overhead   =     2391.829 ms  (Req + Resp)         ║
execution-manager  | ╚═══════════════════════════════════════════════════════════════╝
execution-manager  | 
execution-manager  | [SCHEDULER] ✅ T=27483 ms: Task 4 'sum4' completed with status 2
execution-manager  | [SCHEDULER] 🔕 Timeout disarmed for task 4
execution-manager  | [SCHEDULER] 1 tasks remaining
execution-manager  | [gRPC Client Async] Stream completed, received 1 responses
execution-manager  | [GRPC THREAD 4] Completed
execution-manager  | [gRPC Client Async] Response #1 - Status: COMPLETED
execution-manager  | 🎉 [T=27488 ms] Task 2 'sum2' COMPLETED
execution-manager  | [EXECUTION MANAGER] ⏱️ T2=132439118.643 ms | Thread started (server measured)
execution-manager  | [EXECUTION MANAGER] ⏱️ T3=132446603.943 ms | Task completed (server measured)
execution-manager  | [EXECUTION MANAGER] ⏱️ T4=132446604.489 ms | Result received by client
execution-manager  |    [TASK EXECUTION] 7485.299 ms (T3-T2, measured in thread)
execution-manager  |    [RESULT] {"result": 0}
execution-manager  | 
execution-manager  | ╔═══════════════════════════════════════════════════════════════╗
execution-manager  | ║           END-TO-END TIMING MEASUREMENT RECAP                 ║
execution-manager  | ║                   Task 2: sum2                                 
execution-manager  | ╠═══════════════════════════════════════════════════════════════╣
execution-manager  | ║ T1 (start_request)    = 132439116.947 ms                        ║
execution-manager  | ║ T2 (end_request)      = 132439118.643 ms                        ║
execution-manager  | ║ T3 (start_result)     = 132446603.943 ms                        ║
execution-manager  | ║ T4 (end_result)       = 132446604.489 ms                        ║
execution-manager  | ╠═══════════════════════════════════════════════════════════════╣
execution-manager  | ║ METRICS:                                                      ║
execution-manager  | ║   Request Latency    =        1.697 ms  (T2 - T1)            ║
execution-manager  | ║   Task Execution     =     7485.299 ms  (T3 - T2)            ║
execution-manager  | ║   Response Latency   =        0.546 ms  (T4 - T3)            ║
execution-manager  | ║   Total End-to-End   =     7487.542 ms  (T4 - T1)            ║
execution-manager  | ║   Network Overhead   =        2.242 ms  (Req + Resp)         ║
execution-manager  | ╚═══════════════════════════════════════════════════════════════╝
execution-manager  | 
execution-manager  | [gRPC Client Async] Stream completed, received 1 responses
execution-manager  | [GRPC THREAD 2] Completed
execution-manager  | [SCHEDULER] ✅ T=27488 ms: Task 2 'sum2' completed with status 2
execution-manager  | [SCHEDULER] 🔕 Timeout disarmed for task 2
execution-manager  | [SCHEDULER] 0 tasks remaining
execution-manager  | 
execution-manager  | [SCHEDULER] 🏁 Iteration 18/50 complete!
execution-manager  | [SCHEDULER] Iteration execution time: 27488 ms
execution-manager  | 
execution-manager  | 
execution-manager  | [SCHEDULER] 🔁 ===== ITERATION 19 / 50 =====
execution-manager  | 
execution-manager  | [SCHEDULER] 🚀 Schedule started at T=0
execution-manager  | 
execution-manager  | [SCHEDULER] 🔄 Entering event loop (NO SLEEP - event-driven!)
execution-manager  | 
execution-manager  | [SCHEDULER] ⏰ T=10000 ms | T_wall=132456604.873 ms: Launching task 1 'sum1' (deadline: 30000 ms)
execution-manager  | [SCHEDULER] 🕐 Timeout armed for task 1 at T=30000 ms (in 20000 ms)
execution-manager  | [GRPC THREAD 1] Starting...
execution-manager  | [EXECUTION MANAGER] ⏱️ T1=132456605.018 ms | Sending gRPC request for task 1 'sum1'
execution-manager  | [gRPC Channel Pool] Reusing existing channel for localhost:50051
execution-manager  | [gRPC Client Async] Calling task 'sum1' at localhost:50051
execution-manager  | [gRPC Client Async] Inputs: {"total_ops": 200, "io_percentage": 50}
execution-manager  | [gRPC Client Async] Response #1 - Status: COMPLETED
execution-manager  | 🎉 [T=12481 ms] Task 1 'sum1' COMPLETED
execution-manager  | [EXECUTION MANAGER] ⏱️ T2=132456605.959 ms | Thread started (server measured)
execution-manager  | [EXECUTION MANAGER] ⏱️ T3=132459084.327 ms | Task completed (server measured)
execution-manager  | [EXECUTION MANAGER] ⏱️ T4=132459085.072 ms | Result received by client
execution-manager  |    [TASK EXECUTION] 2478.368 ms (T3-T2, measured in thread)
execution-manager  |    [RESULT] {"result": 0}
execution-manager  | 
execution-manager  | ╔═══════════════════════════════════════════════════════════════╗
execution-manager  | ║           END-TO-END TIMING MEASUREMENT RECAP                 ║
execution-manager  | ║                   Task 1: sum1                                 
execution-manager  | ╠═══════════════════════════════════════════════════════════════╣
execution-manager  | ║ T1 (start_request)    = 132456605.018 ms                        ║
execution-manager  | ║ T2 (end_request)      = 132456605.959 ms                        ║
execution-manager  | ║ T3 (start_result)     = 132459084.327 ms                        ║
execution-manager  | ║ T4 (end_result)       = 132459085.072 ms                        ║
execution-manager  | ╠═══════════════════════════════════════════════════════════════╣
execution-manager  | ║ METRICS:                                                      ║
execution-manager  | ║   Request Latency    =        0.941 ms  (T2 - T1)            ║
execution-manager  | ║   Task Execution     =     2478.368 ms  (T3 - T2)            ║
execution-manager  | ║   Response Latency   =        0.745 ms  (T4 - T3)            ║
execution-manager  | ║   Total End-to-End   =     2480.054 ms  (T4 - T1)            ║
execution-manager  | ║   Network Overhead   =        1.686 ms  (Req + Resp)         ║
execution-manager  | ╚═══════════════════════════════════════════════════════════════╝
execution-manager  | 
execution-manager  | [gRPC Client Async] Stream completed, received 1 responses
execution-manager  | [GRPC THREAD 1] Completed
execution-manager  | [SCHEDULER] ✅ T=12481 ms: Task 1 'sum1' completed with status 2
execution-manager  | [SCHEDULER] 🔕 Timeout disarmed for task 1
execution-manager  | [SCHEDULER] 3 tasks remaining
execution-manager  | [SCHEDULER] ⏰ T=20000 ms | T_wall=132466604.902 ms: Launching task 2 'sum2' (deadline: 40000 ms)
execution-manager  | [SCHEDULER] 🕐 Timeout armed for task 2 at T=40000 ms (in 20000 ms)
execution-manager  | [GRPC THREAD 2] Starting...
execution-manager  | [EXECUTION MANAGER] ⏱️ T1=132466605.046 ms | Sending gRPC request for task 2 'sum2'
execution-manager  | [gRPC Channel Pool] Reusing existing channel for localhost:50052
execution-manager  | [gRPC Client Async] Calling task 'sum2' at localhost:50052
execution-manager  | [gRPC Client Async] Inputs: {"total_ops": 200, "io_percentage": 50}
execution-manager  | [SCHEDULER] ⏰ T=21401 ms | T_wall=132468005.034 ms: Launching task 3 'sum3' (deadline: 41000 ms)
execution-manager  | [SCHEDULER] 🕐 Timeout armed for task 3 at T=41000 ms (in 19599 ms)
execution-manager  | [SCHEDULER] ⏰ T=21401 ms | T_wall=132468005.173 ms: Launching task 4 'sum4' (deadline: 41000 ms)
execution-manager  | [SCHEDULER] 🕐 Timeout armed for task 4 at T=41000 ms (in 19599 ms)
execution-manager  | [GRPC THREAD 3] Starting...
execution-manager  | [EXECUTION MANAGER] ⏱️ T1=132468005.286 ms | Sending gRPC request for task 3 'sum3'
execution-manager  | [gRPC Channel Pool] Reusing existing channel for localhost:50053
execution-manager  | [gRPC Client Async] Calling task 'sum3' at localhost:50053
execution-manager  | [gRPC Client Async] Inputs: {"total_ops": 200, "io_percentage": 50}
execution-manager  | [GRPC THREAD 4] Starting...
execution-manager  | [EXECUTION MANAGER] ⏱️ T1=132468005.741 ms | Sending gRPC request for task 4 'sum4'
execution-manager  | [gRPC Channel Pool] Reusing existing channel for localhost:50054
execution-manager  | [gRPC Client Async] Calling task 'sum4' at localhost:50054
execution-manager  | [gRPC Client Async] Inputs: {"total_ops": 200, "io_percentage": 50}
execution-manager  | [gRPC Client Async] Response #1 - Status: COMPLETED
execution-manager  | 🎉 [T=27471 ms] Task 3 'sum3' COMPLETED
execution-manager  | [EXECUTION MANAGER] ⏱️ T2=132468948.303 ms | Thread started (server measured)
execution-manager  | [EXECUTION MANAGER] ⏱️ T3=132474074.492 ms | Task completed (server measured)
execution-manager  | [EXECUTION MANAGER] ⏱️ T4=132474075.272 ms | Result received by client
execution-manager  |    [TASK EXECUTION] 5126.189 ms (T3-T2, measured in thread)
execution-manager  |    [RESULT] {"result": 0}
execution-manager  | 
execution-manager  | ╔═══════════════════════════════════════════════════════════════╗
execution-manager  | ║           END-TO-END TIMING MEASUREMENT RECAP                 ║
execution-manager  | ║                   Task 3: sum3                                 
execution-manager  | ╠═══════════════════════════════════════════════════════════════╣
execution-manager  | ║ T1 (start_request)    = 132468005.286 ms                        ║
execution-manager  | ║ T2 (end_request)      = 132468948.303 ms                        ║
execution-manager  | ║ T3 (start_result)     = 132474074.492 ms                        ║
execution-manager  | ║ T4 (end_result)       = 132474075.272 ms                        ║
execution-manager  | ╠═══════════════════════════════════════════════════════════════╣
execution-manager  | ║ METRICS:                                                      ║
execution-manager  | ║   Request Latency    =      943.017 ms  (T2 - T1)            ║
execution-manager  | ║   Task Execution     =     5126.189 ms  (T3 - T2)            ║
execution-manager  | ║   Response Latency   =        0.780 ms  (T4 - T3)            ║
execution-manager  | ║   Total End-to-End   =     6069.986 ms  (T4 - T1)            ║
execution-manager  | ║   Network Overhead   =      943.796 ms  (Req + Resp)         ║
execution-manager  | ╚═══════════════════════════════════════════════════════════════╝
execution-manager  | 
execution-manager  | [SCHEDULER] ✅ T=27471 ms: Task 3 'sum3' completed with status 2
execution-manager  | [SCHEDULER] 🔕 Timeout disarmed for task 3
execution-manager  | [SCHEDULER] 2 tasks remaining
execution-manager  | [gRPC Client Async] Stream completed, received 1 responses
execution-manager  | [GRPC THREAD 3] Completed
execution-manager  | [gRPC Client Async] Response #1 - Status: COMPLETED
execution-manager  | 🎉 [T=27476 ms] Task 2 'sum2' COMPLETED
execution-manager  | [EXECUTION MANAGER] ⏱️ T2=132466606.404 ms | Thread started (server measured)
execution-manager  | [EXECUTION MANAGER] ⏱️ T3=132474080.222 ms | Task completed (server measured)
execution-manager  | [EXECUTION MANAGER] ⏱️ T4=132474080.914 ms | Result received by client
execution-manager  |    [TASK EXECUTION] 7473.819 ms (T3-T2, measured in thread)
execution-manager  |    [RESULT] {"result": 0}
execution-manager  | 
execution-manager  | ╔═══════════════════════════════════════════════════════════════╗
execution-manager  | ║           END-TO-END TIMING MEASUREMENT RECAP                 ║
execution-manager  | ║                   Task 2: sum2                                 
execution-manager  | ╠═══════════════════════════════════════════════════════════════╣
execution-manager  | ║ T1 (start_request)    = 132466605.046 ms                        ║
execution-manager  | ║ T2 (end_request)      = 132466606.404 ms                        ║
execution-manager  | ║ T3 (start_result)     = 132474080.222 ms                        ║
execution-manager  | ║ T4 (end_result)       = 132474080.914 ms                        ║
execution-manager  | ╠═══════════════════════════════════════════════════════════════╣
execution-manager  | ║ METRICS:                                                      ║
execution-manager  | ║   Request Latency    =        1.357 ms  (T2 - T1)            ║
execution-manager  | ║   Task Execution     =     7473.819 ms  (T3 - T2)            ║
execution-manager  | ║   Response Latency   =        0.692 ms  (T4 - T3)            ║
execution-manager  | ║   Total End-to-End   =     7475.868 ms  (T4 - T1)            ║
execution-manager  | ║   Network Overhead   =        2.049 ms  (Req + Resp)         ║
execution-manager  | ╚═══════════════════════════════════════════════════════════════╝
execution-manager  | 
execution-manager  | [SCHEDULER] ✅ T=27477 ms: Task 2 'sum2' completed with status 2
execution-manager  | [SCHEDULER] 🔕 Timeout disarmed for task 2
execution-manager  | [SCHEDULER] 1 tasks remaining
execution-manager  | [gRPC Client Async] Stream completed, received 1 responses
execution-manager  | [GRPC THREAD 2] Completed
execution-manager  | [gRPC Client Async] Response #1 - Status: COMPLETED
execution-manager  | 🎉 [T=27480 ms] Task 4 'sum4' COMPLETED
execution-manager  | [EXECUTION MANAGER] ⏱️ T2=132468948.313 ms | Thread started (server measured)
execution-manager  | [EXECUTION MANAGER] ⏱️ T3=132474084.088 ms | Task completed (server measured)
execution-manager  | [EXECUTION MANAGER] ⏱️ T4=132474084.683 ms | Result received by client
execution-manager  |    [TASK EXECUTION] 5135.776 ms (T3-T2, measured in thread)
execution-manager  |    [RESULT] {"result": 0}
execution-manager  | 
execution-manager  | ╔═══════════════════════════════════════════════════════════════╗
execution-manager  | ║           END-TO-END TIMING MEASUREMENT RECAP                 ║
execution-manager  | ║                   Task 4: sum4                                 
execution-manager  | ╠═══════════════════════════════════════════════════════════════╣
execution-manager  | ║ T1 (start_request)    = 132468005.741 ms                        ║
execution-manager  | ║ T2 (end_request)      = 132468948.313 ms                        ║
execution-manager  | ║ T3 (start_result)     = 132474084.088 ms                        ║
execution-manager  | ║ T4 (end_result)       = 132474084.683 ms                        ║
execution-manager  | ╠═══════════════════════════════════════════════════════════════╣
execution-manager  | ║ METRICS:                                                      ║
execution-manager  | ║   Request Latency    =      942.571 ms  (T2 - T1)            ║
execution-manager  | ║   Task Execution     =     5135.776 ms  (T3 - T2)            ║
execution-manager  | ║   Response Latency   =        0.595 ms  (T4 - T3)            ║
execution-manager  | ║   Total End-to-End   =     6078.942 ms  (T4 - T1)            ║
execution-manager  | ║   Network Overhead   =      943.166 ms  (Req + Resp)         ║
execution-manager  | ╚═══════════════════════════════════════════════════════════════╝
execution-manager  | 
execution-manager  | [gRPC Client Async] Stream completed, received 1 responses
execution-manager  | [GRPC THREAD 4] Completed
execution-manager  | [SCHEDULER] ✅ T=27480 ms: Task 4 'sum4' completed with status 2
execution-manager  | [SCHEDULER] 🔕 Timeout disarmed for task 4
execution-manager  | [SCHEDULER] 0 tasks remaining
execution-manager  | 
execution-manager  | [SCHEDULER] 🏁 Iteration 19/50 complete!
execution-manager  | [SCHEDULER] Iteration execution time: 27480 ms
execution-manager  | 
execution-manager  | 
execution-manager  | [SCHEDULER] 🔁 ===== ITERATION 20 / 50 =====
execution-manager  | 
execution-manager  | [SCHEDULER] 🚀 Schedule started at T=0
execution-manager  | 
execution-manager  | [SCHEDULER] 🔄 Entering event loop (NO SLEEP - event-driven!)
execution-manager  | 
execution-manager  | [SCHEDULER] ⏰ T=10000 ms | T_wall=132484085.108 ms: Launching task 1 'sum1' (deadline: 30000 ms)
execution-manager  | [SCHEDULER] 🕐 Timeout armed for task 1 at T=30000 ms (in 20000 ms)
execution-manager  | [GRPC THREAD 1] Starting...
execution-manager  | [EXECUTION MANAGER] ⏱️ T1=132484085.250 ms | Sending gRPC request for task 1 'sum1'
execution-manager  | [gRPC Channel Pool] Reusing existing channel for localhost:50051
execution-manager  | [gRPC Client Async] Calling task 'sum1' at localhost:50051
execution-manager  | [gRPC Client Async] Inputs: {"total_ops": 200, "io_percentage": 50}
execution-manager  | [gRPC Client Async] Response #1 - Status: COMPLETED
execution-manager  | 🎉 [T=12477 ms] Task 1 'sum1' COMPLETED
execution-manager  | [EXECUTION MANAGER] ⏱️ T2=132484086.532 ms | Thread started (server measured)
execution-manager  | [EXECUTION MANAGER] ⏱️ T3=132486561.502 ms | Task completed (server measured)
execution-manager  | [EXECUTION MANAGER] ⏱️ T4=132486562.245 ms | Result received by client
execution-manager  |    [TASK EXECUTION] 2474.969 ms (T3-T2, measured in thread)
execution-manager  |    [RESULT] {"result": 0}
execution-manager  | 
execution-manager  | ╔═══════════════════════════════════════════════════════════════╗
execution-manager  | ║           END-TO-END TIMING MEASUREMENT RECAP                 ║
execution-manager  | ║                   Task 1: sum1                                 
execution-manager  | ╠═══════════════════════════════════════════════════════════════╣
execution-manager  | ║ T1 (start_request)    = 132484085.250 ms                        ║
execution-manager  | ║ T2 (end_request)      = 132484086.532 ms                        ║
execution-manager  | ║ T3 (start_result)     = 132486561.502 ms                        ║
execution-manager  | ║ T4 (end_result)       = 132486562.245 ms                        ║
execution-manager  | ╠═══════════════════════════════════════════════════════════════╣
execution-manager  | ║ METRICS:                                                      ║
execution-manager  | ║   Request Latency    =        1.282 ms  (T2 - T1)            ║
execution-manager  | ║   Task Execution     =     2474.969 ms  (T3 - T2)            ║
execution-manager  | ║   Response Latency   =        0.743 ms  (T4 - T3)            ║
execution-manager  | ║   Total End-to-End   =     2476.994 ms  (T4 - T1)            ║
execution-manager  | ║   Network Overhead   =        2.025 ms  (Req + Resp)         ║
execution-manager  | ╚═══════════════════════════════════════════════════════════════╝
execution-manager  | 
execution-manager  | [SCHEDULER] ✅ T=12477 ms: Task 1 'sum1' completed with status 2
execution-manager  | [SCHEDULER] 🔕 Timeout disarmed for task 1
execution-manager  | [SCHEDULER] 3 tasks remaining
execution-manager  | [gRPC Client Async] Stream completed, received 1 responses
execution-manager  | [GRPC THREAD 1] Completed
execution-manager  | [SCHEDULER] ⏰ T=20000 ms | T_wall=132494085.175 ms: Launching task 2 'sum2' (deadline: 40000 ms)
execution-manager  | [SCHEDULER] 🕐 Timeout armed for task 2 at T=40000 ms (in 20000 ms)
execution-manager  | [GRPC THREAD 2] Starting...
execution-manager  | [EXECUTION MANAGER] ⏱️ T1=132494085.312 ms | Sending gRPC request for task 2 'sum2'
execution-manager  | [gRPC Channel Pool] Reusing existing channel for localhost:50052
execution-manager  | [gRPC Client Async] Calling task 'sum2' at localhost:50052
execution-manager  | [gRPC Client Async] Inputs: {"total_ops": 200, "io_percentage": 50}
execution-manager  | [SCHEDULER] ⏰ T=21920 ms | T_wall=132496005.031 ms: Launching task 3 'sum3' (deadline: 41000 ms)
execution-manager  | [SCHEDULER] 🕐 Timeout armed for task 3 at T=41000 ms (in 19080 ms)
execution-manager  | [SCHEDULER] ⏰ T=21920 ms | T_wall=132496005.181 ms: Launching task 4 'sum4' (deadline: 41000 ms)
execution-manager  | [SCHEDULER] 🕐 Timeout armed for task 4 at T=41000 ms (in 19080 ms)
execution-manager  | [GRPC THREAD 3] Starting...
execution-manager  | [EXECUTION MANAGER] ⏱️ T1=132496005.288 ms | Sending gRPC request for task 3 'sum3'
execution-manager  | [gRPC Channel Pool] Reusing existing channel for localhost:50053
execution-manager  | [gRPC Client Async] Calling task 'sum3' at localhost:50053
execution-manager  | [gRPC Client Async] Inputs: {"total_ops": 200, "io_percentage": 50}
execution-manager  | [GRPC THREAD 4] Starting...
execution-manager  | [EXECUTION MANAGER] ⏱️ T1=132496005.777 ms | Sending gRPC request for task 4 'sum4'
execution-manager  | [gRPC Channel Pool] Reusing existing channel for localhost:50054
execution-manager  | [gRPC Client Async] Calling task 'sum4' at localhost:50054
execution-manager  | [gRPC Client Async] Inputs: {"total_ops": 200, "io_percentage": 50}
execution-manager  | [gRPC Client Async] Response #1 - Status: COMPLETED
execution-manager  | 🎉 [T=27469 ms] Task 3 'sum3' COMPLETED
execution-manager  | [EXECUTION MANAGER] ⏱️ T2=132496039.449 ms | Thread started (server measured)
execution-manager  | [EXECUTION MANAGER] ⏱️ T3=132501553.324 ms | Task completed (server measured)
execution-manager  | [EXECUTION MANAGER] ⏱️ T4=132501554.475 ms | Result received by client
execution-manager  |    [TASK EXECUTION] 5513.875 ms (T3-T2, measured in thread)
execution-manager  |    [RESULT] {"result": 0}
execution-manager  | 
execution-manager  | ╔═══════════════════════════════════════════════════════════════╗
execution-manager  | ║           END-TO-END TIMING MEASUREMENT RECAP                 ║
execution-manager  | ║                   Task 3: sum3                                 
execution-manager  | ╠═══════════════════════════════════════════════════════════════╣
execution-manager  | ║ T1 (start_request)    = 132496005.288 ms                        ║
execution-manager  | ║ T2 (end_request)      = 132496039.449 ms                        ║
execution-manager  | ║ T3 (start_result)     = 132501553.324 ms                        ║
execution-manager  | ║ T4 (end_result)       = 132501554.475 ms                        ║
execution-manager  | ╠═══════════════════════════════════════════════════════════════╣
execution-manager  | ║ METRICS:                                                      ║
execution-manager  | ║   Request Latency    =       34.162 ms  (T2 - T1)            ║
execution-manager  | ║   Task Execution     =     5513.875 ms  (T3 - T2)            ║
execution-manager  | ║   Response Latency   =        1.150 ms  (T4 - T3)            ║
execution-manager  | ║   Total End-to-End   =     5549.187 ms  (T4 - T1)            ║
execution-manager  | ║   Network Overhead   =       35.312 ms  (Req + Resp)         ║
execution-manager  | ╚═══════════════════════════════════════════════════════════════╝
execution-manager  | 
execution-manager  | [SCHEDULER] ✅ T=27469 ms: Task 3 'sum3' completed with status 2
execution-manager  | [SCHEDULER] 🔕 Timeout disarmed for task 3
execution-manager  | [SCHEDULER] 2 tasks remaining
execution-manager  | [gRPC Client Async] Stream completed, received 1 responses
execution-manager  | [GRPC THREAD 3] Completed
execution-manager  | [gRPC Client Async] Response #1 - Status: COMPLETED
execution-manager  | 🎉 [T=27480 ms] Task 4 'sum4' COMPLETED
execution-manager  | [EXECUTION MANAGER] ⏱️ T2=132496006.468 ms | Thread started (server measured)
execution-manager  | [EXECUTION MANAGER] ⏱️ T3=132501565.282 ms | Task completed (server measured)
execution-manager  | [EXECUTION MANAGER] ⏱️ T4=132501565.922 ms | Result received by client
execution-manager  |    [TASK EXECUTION] 5558.814 ms (T3-T2, measured in thread)
execution-manager  |    [RESULT] {"result": 0}
execution-manager  | 
execution-manager  | ╔═══════════════════════════════════════════════════════════════╗
execution-manager  | ║           END-TO-END TIMING MEASUREMENT RECAP                 ║
execution-manager  | ║                   Task 4: sum4                                 
execution-manager  | ╠═══════════════════════════════════════════════════════════════╣
execution-manager  | ║ T1 (start_request)    = 132496005.777 ms                        ║
execution-manager  | ║ T2 (end_request)      = 132496006.468 ms                        ║
execution-manager  | ║ T3 (start_result)     = 132501565.282 ms                        ║
execution-manager  | ║ T4 (end_result)       = 132501565.922 ms                        ║
execution-manager  | ╠═══════════════════════════════════════════════════════════════╣
execution-manager  | ║ METRICS:                                                      ║
execution-manager  | ║   Request Latency    =        0.691 ms  (T2 - T1)            ║
execution-manager  | ║   Task Execution     =     5558.814 ms  (T3 - T2)            ║
execution-manager  | ║   Response Latency   =        0.640 ms  (T4 - T3)            ║
execution-manager  | ║   Total End-to-End   =     5560.145 ms  (T4 - T1)            ║
execution-manager  | ║   Network Overhead   =        1.331 ms  (Req + Resp)         ║
execution-manager  | ╚═══════════════════════════════════════════════════════════════╝
execution-manager  | 
execution-manager  | [SCHEDULER] ✅ T=27481 ms: Task 4 'sum4' completed with status 2
execution-manager  | [SCHEDULER] 🔕 Timeout disarmed for task 4
execution-manager  | [SCHEDULER] 1 tasks remaining
execution-manager  | [gRPC Client Async] Stream completed, received 1 responses
execution-manager  | [GRPC THREAD 4] Completed
execution-manager  | [gRPC Client Async] Response #1 - Status: COMPLETED
execution-manager  | 🎉 [T=27484 ms] Task 2 'sum2' COMPLETED
execution-manager  | [EXECUTION MANAGER] ⏱️ T2=132494086.306 ms | Thread started (server measured)
execution-manager  | [EXECUTION MANAGER] ⏱️ T3=132501568.898 ms | Task completed (server measured)
execution-manager  | [EXECUTION MANAGER] ⏱️ T4=132501569.443 ms | Result received by client
execution-manager  |    [TASK EXECUTION] 7482.591 ms (T3-T2, measured in thread)
execution-manager  |    [RESULT] {"result": 0}
execution-manager  | 
execution-manager  | ╔═══════════════════════════════════════════════════════════════╗
execution-manager  | ║           END-TO-END TIMING MEASUREMENT RECAP                 ║
execution-manager  | ║                   Task 2: sum2                                 
execution-manager  | ╠═══════════════════════════════════════════════════════════════╣
execution-manager  | ║ T1 (start_request)    = 132494085.312 ms                        ║
execution-manager  | ║ T2 (end_request)      = 132494086.306 ms                        ║
execution-manager  | ║ T3 (start_result)     = 132501568.898 ms                        ║
execution-manager  | ║ T4 (end_result)       = 132501569.443 ms                        ║
execution-manager  | ╠═══════════════════════════════════════════════════════════════╣
execution-manager  | ║ METRICS:                                                      ║
execution-manager  | ║   Request Latency    =        0.995 ms  (T2 - T1)            ║
execution-manager  | ║   Task Execution     =     7482.591 ms  (T3 - T2)            ║
execution-manager  | ║   Response Latency   =        0.545 ms  (T4 - T3)            ║
execution-manager  | ║   Total End-to-End   =     7484.131 ms  (T4 - T1)            ║
execution-manager  | ║   Network Overhead   =        1.540 ms  (Req + Resp)         ║
execution-manager  | ╚═══════════════════════════════════════════════════════════════╝
execution-manager  | 
execution-manager  | [gRPC Client Async] Stream completed, received 1 responses
execution-manager  | [GRPC THREAD 2] Completed
execution-manager  | [SCHEDULER] ✅ T=27484 ms: Task 2 'sum2' completed with status 2
execution-manager  | [SCHEDULER] 🔕 Timeout disarmed for task 2
execution-manager  | [SCHEDULER] 0 tasks remaining
execution-manager  | 
execution-manager  | [SCHEDULER] 🏁 Iteration 20/50 complete!
execution-manager  | [SCHEDULER] Iteration execution time: 27484 ms
execution-manager  | 
execution-manager  | 
execution-manager  | [SCHEDULER] 🔁 ===== ITERATION 21 / 50 =====
execution-manager  | 
execution-manager  | [SCHEDULER] 🚀 Schedule started at T=0
execution-manager  | 
execution-manager  | [SCHEDULER] 🔄 Entering event loop (NO SLEEP - event-driven!)
execution-manager  | 
execution-manager  | [SCHEDULER] ⏰ T=10000 ms | T_wall=132511569.846 ms: Launching task 1 'sum1' (deadline: 30000 ms)
execution-manager  | [SCHEDULER] 🕐 Timeout armed for task 1 at T=30000 ms (in 20000 ms)
execution-manager  | [GRPC THREAD 1] Starting...
execution-manager  | [EXECUTION MANAGER] ⏱️ T1=132511569.980 ms | Sending gRPC request for task 1 'sum1'
execution-manager  | [gRPC Channel Pool] Reusing existing channel for localhost:50051
execution-manager  | [gRPC Client Async] Calling task 'sum1' at localhost:50051
execution-manager  | [gRPC Client Async] Inputs: {"total_ops": 200, "io_percentage": 50}
execution-manager  | [gRPC Client Async] Response #1 - Status: COMPLETED
execution-manager  | 🎉 [T=12489 ms] Task 1 'sum1' COMPLETED
execution-manager  | [EXECUTION MANAGER] ⏱️ T2=132511571.459 ms | Thread started (server measured)
execution-manager  | [EXECUTION MANAGER] ⏱️ T3=132514057.336 ms | Task completed (server measured)
execution-manager  | [EXECUTION MANAGER] ⏱️ T4=132514058.047 ms | Result received by client
execution-manager  |    [TASK EXECUTION] 2485.877 ms (T3-T2, measured in thread)
execution-manager  |    [RESULT] {"result": 0}
execution-manager  | 
execution-manager  | ╔═══════════════════════════════════════════════════════════════╗
execution-manager  | ║           END-TO-END TIMING MEASUREMENT RECAP                 ║
execution-manager  | ║                   Task 1: sum1                                 
execution-manager  | ╠═══════════════════════════════════════════════════════════════╣
execution-manager  | ║ T1 (start_request)    = 132511569.980 ms                        ║
execution-manager  | ║ T2 (end_request)      = 132511571.459 ms                        ║
execution-manager  | ║ T3 (start_result)     = 132514057.336 ms                        ║
execution-manager  | ║ T4 (end_result)       = 132514058.047 ms                        ║
execution-manager  | ╠═══════════════════════════════════════════════════════════════╣
execution-manager  | ║ METRICS:                                                      ║
execution-manager  | ║   Request Latency    =        1.479 ms  (T2 - T1)            ║
execution-manager  | ║   Task Execution     =     2485.877 ms  (T3 - T2)            ║
execution-manager  | ║   Response Latency   =        0.711 ms  (T4 - T3)            ║
execution-manager  | ║   Total End-to-End   =     2488.067 ms  (T4 - T1)            ║
execution-manager  | ║   Network Overhead   =        2.190 ms  (Req + Resp)         ║
execution-manager  | ╚═══════════════════════════════════════════════════════════════╝
execution-manager  | 
execution-manager  | [SCHEDULER] ✅ T=12489 ms: Task 1 'sum1' completed with status 2
execution-manager  | [SCHEDULER] 🔕 Timeout disarmed for task 1
execution-manager  | [SCHEDULER] 3 tasks remaining
execution-manager  | [gRPC Client Async] Stream completed, received 1 responses
execution-manager  | [GRPC THREAD 1] Completed
execution-manager  | [SCHEDULER] ⏰ T=20000 ms | T_wall=132521569.873 ms: Launching task 2 'sum2' (deadline: 40000 ms)
execution-manager  | [SCHEDULER] 🕐 Timeout armed for task 2 at T=40000 ms (in 20000 ms)
execution-manager  | [GRPC THREAD 2] Starting...
execution-manager  | [EXECUTION MANAGER] ⏱️ T1=132521570.018 ms | Sending gRPC request for task 2 'sum2'
execution-manager  | [gRPC Channel Pool] Reusing existing channel for localhost:50052
execution-manager  | [gRPC Client Async] Calling task 'sum2' at localhost:50052
execution-manager  | [gRPC Client Async] Inputs: {"total_ops": 200, "io_percentage": 50}
execution-manager  | [SCHEDULER] ⏰ T=21436 ms | T_wall=132523005.032 ms: Launching task 3 'sum3' (deadline: 41000 ms)
execution-manager  | [SCHEDULER] 🕐 Timeout armed for task 3 at T=41000 ms (in 19564 ms)
execution-manager  | [SCHEDULER] ⏰ T=21436 ms | T_wall=132523005.169 ms: Launching task 4 'sum4' (deadline: 41000 ms)
execution-manager  | [SCHEDULER] 🕐 Timeout armed for task 4 at T=41000 ms (in 19564 ms)
execution-manager  | [GRPC THREAD 3] Starting...
execution-manager  | [EXECUTION MANAGER] ⏱️ T1=132523005.533 ms | Sending gRPC request for task 3 'sum3'
execution-manager  | [gRPC Channel Pool] Reusing existing channel for localhost:50053
execution-manager  | [gRPC Client Async] Calling task 'sum3' at localhost:50053
execution-manager  | [gRPC Client Async] Inputs: {"total_ops": 200, "io_percentage": 50}
execution-manager  | [GRPC THREAD 4] Starting...
execution-manager  | [EXECUTION MANAGER] ⏱️ T1=132523005.943 ms | Sending gRPC request for task 4 'sum4'
execution-manager  | [gRPC Channel Pool] Reusing existing channel for localhost:50054
execution-manager  | [gRPC Client Async] Calling task 'sum4' at localhost:50054
execution-manager  | [gRPC Client Async] Inputs: {"total_ops": 200, "io_percentage": 50}
execution-manager  | [gRPC Client Async] Response #1 - Status: COMPLETED
execution-manager  | 🎉 [T=27466 ms] Task 3 'sum3' COMPLETED
execution-manager  | [EXECUTION MANAGER] ⏱️ T2=132523006.407 ms | Thread started (server measured)
execution-manager  | [EXECUTION MANAGER] ⏱️ T3=132529034.364 ms | Task completed (server measured)
execution-manager  | [EXECUTION MANAGER] ⏱️ T4=132529035.134 ms | Result received by client
execution-manager  |    [TASK EXECUTION] 6027.956 ms (T3-T2, measured in thread)
execution-manager  |    [RESULT] {"result": 0}
execution-manager  | 
execution-manager  | ╔═══════════════════════════════════════════════════════════════╗
execution-manager  | ║           END-TO-END TIMING MEASUREMENT RECAP                 ║
execution-manager  | ║                   Task 3: sum3                                 
execution-manager  | ╠═══════════════════════════════════════════════════════════════╣
execution-manager  | ║ T1 (start_request)    = 132523005.533 ms                        ║
execution-manager  | ║ T2 (end_request)      = 132523006.407 ms                        ║
execution-manager  | ║ T3 (start_result)     = 132529034.364 ms                        ║
execution-manager  | ║ T4 (end_result)       = 132529035.134 ms                        ║
execution-manager  | ╠═══════════════════════════════════════════════════════════════╣
execution-manager  | ║ METRICS:                                                      ║
execution-manager  | ║   Request Latency    =        0.874 ms  (T2 - T1)            ║
execution-manager  | ║   Task Execution     =     6027.956 ms  (T3 - T2)            ║
execution-manager  | ║   Response Latency   =        0.770 ms  (T4 - T3)            ║
execution-manager  | ║   Total End-to-End   =     6029.601 ms  (T4 - T1)            ║
execution-manager  | ║   Network Overhead   =        1.645 ms  (Req + Resp)         ║
execution-manager  | ╚═══════════════════════════════════════════════════════════════╝
execution-manager  | 
execution-manager  | [SCHEDULER] ✅ T=27466 ms: Task 3 'sum3' completed with status 2
execution-manager  | [SCHEDULER] 🔕 Timeout disarmed for task 3
execution-manager  | [SCHEDULER] 2 tasks remaining
execution-manager  | [gRPC Client Async] Stream completed, received 1 responses
execution-manager  | [GRPC THREAD 3] Completed
execution-manager  | [gRPC Client Async] Response #1 - Status: COMPLETED
execution-manager  | 🎉 [T=27471 ms] Task 4 'sum4' COMPLETED
execution-manager  | [EXECUTION MANAGER] ⏱️ T2=132525396.674 ms | Thread started (server measured)
execution-manager  | [EXECUTION MANAGER] ⏱️ T3=132529039.841 ms | Task completed (server measured)
execution-manager  | [EXECUTION MANAGER] ⏱️ T4=132529040.360 ms | Result received by client
execution-manager  |    [TASK EXECUTION] 3643.167 ms (T3-T2, measured in thread)
execution-manager  |    [RESULT] {"result": 0}
execution-manager  | 
execution-manager  | ╔═══════════════════════════════════════════════════════════════╗
execution-manager  | ║           END-TO-END TIMING MEASUREMENT RECAP                 ║
execution-manager  | ║                   Task 4: sum4                                 
execution-manager  | ╠═══════════════════════════════════════════════════════════════╣
execution-manager  | ║ T1 (start_request)    = 132523005.943 ms                        ║
execution-manager  | ║ T2 (end_request)      = 132525396.674 ms                        ║
execution-manager  | ║ T3 (start_result)     = 132529039.841 ms                        ║
execution-manager  | ║ T4 (end_result)       = 132529040.360 ms                        ║
execution-manager  | ╠═══════════════════════════════════════════════════════════════╣
execution-manager  | ║ METRICS:                                                      ║
execution-manager  | ║   Request Latency    =     2390.731 ms  (T2 - T1)            ║
execution-manager  | ║   Task Execution     =     3643.167 ms  (T3 - T2)            ║
execution-manager  | ║   Response Latency   =        0.518 ms  (T4 - T3)            ║
execution-manager  | ║   Total End-to-End   =     6034.417 ms  (T4 - T1)            ║
execution-manager  | ║   Network Overhead   =     2391.249 ms  (Req + Resp)         ║
execution-manager  | ╚═══════════════════════════════════════════════════════════════╝
execution-manager  | 
execution-manager  | [SCHEDULER] ✅ T=27471 ms: Task 4 'sum4' completed with status 2
execution-manager  | [SCHEDULER] 🔕 Timeout disarmed for task 4
execution-manager  | [SCHEDULER] 1 tasks remaining
execution-manager  | [gRPC Client Async] Stream completed, received 1 responses
execution-manager  | [GRPC THREAD 4] Completed
execution-manager  | [gRPC Client Async] Response #1 - Status: COMPLETED
execution-manager  | 🎉 [T=27474 ms] Task 2 'sum2' COMPLETED
execution-manager  | [EXECUTION MANAGER] ⏱️ T2=132521571.330 ms | Thread started (server measured)
execution-manager  | [EXECUTION MANAGER] ⏱️ T3=132529042.809 ms | Task completed (server measured)
execution-manager  | [EXECUTION MANAGER] ⏱️ T4=132529043.282 ms | Result received by client
execution-manager  |    [TASK EXECUTION] 7471.479 ms (T3-T2, measured in thread)
execution-manager  |    [RESULT] {"result": 0}
execution-manager  | 
execution-manager  | ╔═══════════════════════════════════════════════════════════════╗
execution-manager  | ║           END-TO-END TIMING MEASUREMENT RECAP                 ║
execution-manager  | ║                   Task 2: sum2                                 
execution-manager  | ╠═══════════════════════════════════════════════════════════════╣
execution-manager  | ║ T1 (start_request)    = 132521570.018 ms                        ║
execution-manager  | ║ T2 (end_request)      = 132521571.330 ms                        ║
execution-manager  | ║ T3 (start_result)     = 132529042.809 ms                        ║
execution-manager  | ║ T4 (end_result)       = 132529043.282 ms                        ║
execution-manager  | ╠═══════════════════════════════════════════════════════════════╣
execution-manager  | ║ METRICS:                                                      ║
execution-manager  | ║   Request Latency    =        1.311 ms  (T2 - T1)            ║
execution-manager  | ║   Task Execution     =     7471.479 ms  (T3 - T2)            ║
execution-manager  | ║   Response Latency   =        0.473 ms  (T4 - T3)            ║
execution-manager  | ║   Total End-to-End   =     7473.263 ms  (T4 - T1)            ║
execution-manager  | ║   Network Overhead   =        1.784 ms  (Req + Resp)         ║
execution-manager  | ╚═══════════════════════════════════════════════════════════════╝
execution-manager  | 
execution-manager  | [gRPC Client Async] Stream completed, received 1 responses
execution-manager  | [GRPC THREAD 2] Completed
execution-manager  | [SCHEDULER] ✅ T=27474 ms: Task 2 'sum2' completed with status 2
execution-manager  | [SCHEDULER] 🔕 Timeout disarmed for task 2
execution-manager  | [SCHEDULER] 0 tasks remaining
execution-manager  | 
execution-manager  | [SCHEDULER] 🏁 Iteration 21/50 complete!
execution-manager  | [SCHEDULER] Iteration execution time: 27474 ms
execution-manager  | 
execution-manager  | 
execution-manager  | [SCHEDULER] 🔁 ===== ITERATION 22 / 50 =====
execution-manager  | 
execution-manager  | [SCHEDULER] 🚀 Schedule started at T=0
execution-manager  | 
execution-manager  | [SCHEDULER] 🔄 Entering event loop (NO SLEEP - event-driven!)
execution-manager  | 
execution-manager  | [SCHEDULER] ⏰ T=10000 ms | T_wall=132539043.684 ms: Launching task 1 'sum1' (deadline: 30000 ms)
execution-manager  | [SCHEDULER] 🕐 Timeout armed for task 1 at T=30000 ms (in 20000 ms)
execution-manager  | [GRPC THREAD 1] Starting...
execution-manager  | [EXECUTION MANAGER] ⏱️ T1=132539043.824 ms | Sending gRPC request for task 1 'sum1'
execution-manager  | [gRPC Channel Pool] Reusing existing channel for localhost:50051
execution-manager  | [gRPC Client Async] Calling task 'sum1' at localhost:50051
execution-manager  | [gRPC Client Async] Inputs: {"total_ops": 200, "io_percentage": 50}
execution-manager  | [gRPC Client Async] Response #1 - Status: COMPLETED
execution-manager  | 🎉 [T=12500 ms] Task 1 'sum1' COMPLETED
execution-manager  | [EXECUTION MANAGER] ⏱️ T2=132539044.772 ms | Thread started (server measured)
execution-manager  | [EXECUTION MANAGER] ⏱️ T3=132541542.974 ms | Task completed (server measured)
execution-manager  | [EXECUTION MANAGER] ⏱️ T4=132541543.819 ms | Result received by client
execution-manager  |    [TASK EXECUTION] 2498.201 ms (T3-T2, measured in thread)
execution-manager  |    [RESULT] {"result": 0}
execution-manager  | 
execution-manager  | ╔═══════════════════════════════════════════════════════════════╗
execution-manager  | ║           END-TO-END TIMING MEASUREMENT RECAP                 ║
execution-manager  | ║                   Task 1: sum1                                 
execution-manager  | ╠═══════════════════════════════════════════════════════════════╣
execution-manager  | ║ T1 (start_request)    = 132539043.824 ms                        ║
execution-manager  | ║ T2 (end_request)      = 132539044.772 ms                        ║
execution-manager  | ║ T3 (start_result)     = 132541542.974 ms                        ║
execution-manager  | ║ T4 (end_result)       = 132541543.819 ms                        ║
execution-manager  | ╠═══════════════════════════════════════════════════════════════╣
execution-manager  | ║ METRICS:                                                      ║
execution-manager  | ║   Request Latency    =        0.948 ms  (T2 - T1)            ║
execution-manager  | ║   Task Execution     =     2498.201 ms  (T3 - T2)            ║
execution-manager  | ║   Response Latency   =        0.845 ms  (T4 - T3)            ║
execution-manager  | ║   Total End-to-End   =     2499.995 ms  (T4 - T1)            ║
execution-manager  | ║   Network Overhead   =        1.794 ms  (Req + Resp)         ║
execution-manager  | ╚═══════════════════════════════════════════════════════════════╝
execution-manager  | 
execution-manager  | [gRPC Client Async] Stream completed, received 1 responses
execution-manager  | [GRPC THREAD 1] Completed
execution-manager  | [SCHEDULER] ✅ T=12501 ms: Task 1 'sum1' completed with status 2
execution-manager  | [SCHEDULER] 🔕 Timeout disarmed for task 1
execution-manager  | [SCHEDULER] 3 tasks remaining
execution-manager  | [SCHEDULER] ⏰ T=20000 ms | T_wall=132549043.711 ms: Launching task 2 'sum2' (deadline: 40000 ms)
execution-manager  | [SCHEDULER] 🕐 Timeout armed for task 2 at T=40000 ms (in 20000 ms)
execution-manager  | [GRPC THREAD 2] Starting...
execution-manager  | [EXECUTION MANAGER] ⏱️ T1=132549043.853 ms | Sending gRPC request for task 2 'sum2'
execution-manager  | [gRPC Channel Pool] Reusing existing channel for localhost:50052
execution-manager  | [gRPC Client Async] Calling task 'sum2' at localhost:50052
execution-manager  | [gRPC Client Async] Inputs: {"total_ops": 200, "io_percentage": 50}
execution-manager  | [SCHEDULER] ⏰ T=21962 ms | T_wall=132551005.031 ms: Launching task 3 'sum3' (deadline: 41000 ms)
execution-manager  | [SCHEDULER] 🕐 Timeout armed for task 3 at T=41000 ms (in 19038 ms)
execution-manager  | [SCHEDULER] ⏰ T=21962 ms | T_wall=132551005.178 ms: Launching task 4 'sum4' (deadline: 41000 ms)
execution-manager  | [SCHEDULER] 🕐 Timeout armed for task 4 at T=41000 ms (in 19038 ms)
execution-manager  | [GRPC THREAD 3] Starting...
execution-manager  | [EXECUTION MANAGER] ⏱️ T1=132551005.377 ms | Sending gRPC request for task 3 'sum3'
execution-manager  | [gRPC Channel Pool] Reusing existing channel for localhost:50053
execution-manager  | [gRPC Client Async] Calling task 'sum3' at localhost:50053
execution-manager  | [gRPC Client Async] Inputs: {"total_ops": 200, "io_percentage": 50}
execution-manager  | [GRPC THREAD 4] Starting...
execution-manager  | [EXECUTION MANAGER] ⏱️ T1=132551005.852 ms | Sending gRPC request for task 4 'sum4'
execution-manager  | [gRPC Channel Pool] Reusing existing channel for localhost:50054
execution-manager  | [gRPC Client Async] Calling task 'sum4' at localhost:50054
execution-manager  | [gRPC Client Async] Inputs: {"total_ops": 200, "io_percentage": 50}
execution-manager  | [gRPC Client Async] Response #1 - Status: COMPLETED
execution-manager  | 🎉 [T=27484 ms] Task 3 'sum3' COMPLETED
execution-manager  | [EXECUTION MANAGER] ⏱️ T2=132551007.867 ms | Thread started (server measured)
execution-manager  | [EXECUTION MANAGER] ⏱️ T3=132556526.274 ms | Task completed (server measured)
execution-manager  | [EXECUTION MANAGER] ⏱️ T4=132556527.117 ms | Result received by client
execution-manager  |    [TASK EXECUTION] 5518.407 ms (T3-T2, measured in thread)
execution-manager  |    [RESULT] {"result": 0}
execution-manager  | 
execution-manager  | ╔═══════════════════════════════════════════════════════════════╗
execution-manager  | ║           END-TO-END TIMING MEASUREMENT RECAP                 ║
execution-manager  | ║                   Task 3: sum3                                 
execution-manager  | ╠═══════════════════════════════════════════════════════════════╣
execution-manager  | ║ T1 (start_request)    = 132551005.377 ms                        ║
execution-manager  | ║ T2 (end_request)      = 132551007.867 ms                        ║
execution-manager  | ║ T3 (start_result)     = 132556526.274 ms                        ║
execution-manager  | ║ T4 (end_result)       = 132556527.117 ms                        ║
execution-manager  | ╠═══════════════════════════════════════════════════════════════╣
execution-manager  | ║ METRICS:                                                      ║
execution-manager  | ║   Request Latency    =        2.491 ms  (T2 - T1)            ║
execution-manager  | ║   Task Execution     =     5518.407 ms  (T3 - T2)            ║
execution-manager  | ║   Response Latency   =        0.842 ms  (T4 - T3)            ║
execution-manager  | ║   Total End-to-End   =     5521.740 ms  (T4 - T1)            ║
execution-manager  | ║   Network Overhead   =        3.333 ms  (Req + Resp)         ║
execution-manager  | ╚═══════════════════════════════════════════════════════════════╝
execution-manager  | 
execution-manager  | [SCHEDULER] ✅ T=27484 ms: Task 3 'sum3' completed with status 2
execution-manager  | [SCHEDULER] 🔕 Timeout disarmed for task 3
execution-manager  | [SCHEDULER] 2 tasks remaining
execution-manager  | [gRPC Client Async] Stream completed, received 1 responses
execution-manager  | [GRPC THREAD 3] Completed
execution-manager  | [gRPC Client Async] Response #1 - Status: COMPLETED
execution-manager  | 🎉 [T=27490 ms] Task 4 'sum4' COMPLETED
execution-manager  | [EXECUTION MANAGER] ⏱️ T2=132551006.711 ms | Thread started (server measured)
execution-manager  | [EXECUTION MANAGER] ⏱️ T3=132556532.407 ms | Task completed (server measured)
execution-manager  | [EXECUTION MANAGER] ⏱️ T4=132556533.738 ms | Result received by client
execution-manager  |    [TASK EXECUTION] 5525.697 ms (T3-T2, measured in thread)
execution-manager  |    [RESULT] {"result": 0}
execution-manager  | 
execution-manager  | ╔═══════════════════════════════════════════════════════════════╗
execution-manager  | ║           END-TO-END TIMING MEASUREMENT RECAP                 ║
execution-manager  | ║                   Task 4: sum4                                 
execution-manager  | ╠═══════════════════════════════════════════════════════════════╣
execution-manager  | ║ T1 (start_request)    = 132551005.852 ms                        ║
execution-manager  | ║ T2 (end_request)      = 132551006.711 ms                        ║
execution-manager  | ║ T3 (start_result)     = 132556532.407 ms                        ║
execution-manager  | ║ T4 (end_result)       = 132556533.738 ms                        ║
execution-manager  | ╠═══════════════════════════════════════════════════════════════╣
execution-manager  | ║ METRICS:                                                      ║
execution-manager  | ║   Request Latency    =        0.859 ms  (T2 - T1)            ║
execution-manager  | ║   Task Execution     =     5525.697 ms  (T3 - T2)            ║
execution-manager  | ║   Response Latency   =        1.331 ms  (T4 - T3)            ║
execution-manager  | ║   Total End-to-End   =     5527.886 ms  (T4 - T1)            ║
execution-manager  | ║   Network Overhead   =        2.190 ms  (Req + Resp)         ║
execution-manager  | ╚═══════════════════════════════════════════════════════════════╝
execution-manager  | 
execution-manager  | [gRPC Client Async] Stream completed, received 1 responses
execution-manager  | [GRPC THREAD 4] Completed
execution-manager  | [SCHEDULER] ✅ T=27491 ms: Task 4 'sum4' completed with status 2
execution-manager  | [SCHEDULER] 🔕 Timeout disarmed for task 4
execution-manager  | [SCHEDULER] 1 tasks remaining
execution-manager  | [gRPC Client Async] Response #1 - Status: COMPLETED
execution-manager  | 🎉 [T=27495 ms] Task 2 'sum2' COMPLETED
execution-manager  | [EXECUTION MANAGER] ⏱️ T2=132549045.279 ms | Thread started (server measured)
execution-manager  | [EXECUTION MANAGER] ⏱️ T3=132556538.487 ms | Task completed (server measured)
execution-manager  | [EXECUTION MANAGER] ⏱️ T4=132556538.963 ms | Result received by client
execution-manager  |    [TASK EXECUTION] 7493.209 ms (T3-T2, measured in thread)
execution-manager  |    [RESULT] {"result": 0}
execution-manager  | 
execution-manager  | ╔═══════════════════════════════════════════════════════════════╗
execution-manager  | ║           END-TO-END TIMING MEASUREMENT RECAP                 ║
execution-manager  | ║                   Task 2: sum2                                 
execution-manager  | ╠═══════════════════════════════════════════════════════════════╣
execution-manager  | ║ T1 (start_request)    = 132549043.853 ms                        ║
execution-manager  | ║ T2 (end_request)      = 132549045.279 ms                        ║
execution-manager  | ║ T3 (start_result)     = 132556538.487 ms                        ║
execution-manager  | ║ T4 (end_result)       = 132556538.963 ms                        ║
execution-manager  | ╠═══════════════════════════════════════════════════════════════╣
execution-manager  | ║ METRICS:                                                      ║
execution-manager  | ║   Request Latency    =        1.426 ms  (T2 - T1)            ║
execution-manager  | ║   Task Execution     =     7493.209 ms  (T3 - T2)            ║
execution-manager  | ║   Response Latency   =        0.475 ms  (T4 - T3)            ║
execution-manager  | ║   Total End-to-End   =     7495.110 ms  (T4 - T1)            ║
execution-manager  | ║   Network Overhead   =        1.901 ms  (Req + Resp)         ║
execution-manager  | ╚═══════════════════════════════════════════════════════════════╝
execution-manager  | 
execution-manager  | [gRPC Client Async] Stream completed, received 1 responses
execution-manager  | [GRPC THREAD 2] Completed
execution-manager  | [SCHEDULER] ✅ T=27496 ms: Task 2 'sum2' completed with status 2
execution-manager  | [SCHEDULER] 🔕 Timeout disarmed for task 2
execution-manager  | [SCHEDULER] 0 tasks remaining
execution-manager  | 
execution-manager  | [SCHEDULER] 🏁 Iteration 22/50 complete!
execution-manager  | [SCHEDULER] Iteration execution time: 27496 ms
execution-manager  | 
execution-manager  | 
execution-manager  | [SCHEDULER] 🔁 ===== ITERATION 23 / 50 =====
execution-manager  | 
execution-manager  | [SCHEDULER] 🚀 Schedule started at T=0
execution-manager  | 
execution-manager  | [SCHEDULER] 🔄 Entering event loop (NO SLEEP - event-driven!)
execution-manager  | 
execution-manager  | [SCHEDULER] ⏰ T=10000 ms | T_wall=132566539.354 ms: Launching task 1 'sum1' (deadline: 30000 ms)
execution-manager  | [SCHEDULER] 🕐 Timeout armed for task 1 at T=30000 ms (in 20000 ms)
execution-manager  | [GRPC THREAD 1] Starting...
execution-manager  | [EXECUTION MANAGER] ⏱️ T1=132566539.489 ms | Sending gRPC request for task 1 'sum1'
execution-manager  | [gRPC Channel Pool] Reusing existing channel for localhost:50051
execution-manager  | [gRPC Client Async] Calling task 'sum1' at localhost:50051
execution-manager  | [gRPC Client Async] Inputs: {"total_ops": 200, "io_percentage": 50}
execution-manager  | [gRPC Client Async] Response #1 - Status: COMPLETED
execution-manager  | 🎉 [T=12485 ms] Task 1 'sum1' COMPLETED
execution-manager  | [EXECUTION MANAGER] ⏱️ T2=132566540.367 ms | Thread started (server measured)
execution-manager  | [EXECUTION MANAGER] ⏱️ T3=132569023.942 ms | Task completed (server measured)
execution-manager  | [EXECUTION MANAGER] ⏱️ T4=132569024.652 ms | Result received by client
execution-manager  |    [TASK EXECUTION] 2483.575 ms (T3-T2, measured in thread)
execution-manager  |    [RESULT] {"result": 0}
execution-manager  | 
execution-manager  | ╔═══════════════════════════════════════════════════════════════╗
execution-manager  | ║           END-TO-END TIMING MEASUREMENT RECAP                 ║
execution-manager  | ║                   Task 1: sum1                                 
execution-manager  | ╠═══════════════════════════════════════════════════════════════╣
execution-manager  | ║ T1 (start_request)    = 132566539.489 ms                        ║
execution-manager  | ║ T2 (end_request)      = 132566540.367 ms                        ║
execution-manager  | ║ T3 (start_result)     = 132569023.942 ms                        ║
execution-manager  | ║ T4 (end_result)       = 132569024.652 ms                        ║
execution-manager  | ╠═══════════════════════════════════════════════════════════════╣
execution-manager  | ║ METRICS:                                                      ║
execution-manager  | ║   Request Latency    =        0.878 ms  (T2 - T1)            ║
execution-manager  | ║   Task Execution     =     2483.575 ms  (T3 - T2)            ║
execution-manager  | ║   Response Latency   =        0.710 ms  (T4 - T3)            ║
execution-manager  | ║   Total End-to-End   =     2485.164 ms  (T4 - T1)            ║
execution-manager  | ║   Network Overhead   =        1.588 ms  (Req + Resp)         ║
execution-manager  | ╚═══════════════════════════════════════════════════════════════╝
execution-manager  | 
execution-manager  | [gRPC Client Async] Stream completed, received 1 responses
execution-manager  | [GRPC THREAD 1] Completed
execution-manager  | [SCHEDULER] ✅ T=12485 ms: Task 1 'sum1' completed with status 2
execution-manager  | [SCHEDULER] 🔕 Timeout disarmed for task 1
execution-manager  | [SCHEDULER] 3 tasks remaining
execution-manager  | [SCHEDULER] ⏰ T=20000 ms | T_wall=132576539.383 ms: Launching task 2 'sum2' (deadline: 40000 ms)
execution-manager  | [SCHEDULER] 🕐 Timeout armed for task 2 at T=40000 ms (in 20000 ms)
execution-manager  | [GRPC THREAD 2] Starting...
execution-manager  | [EXECUTION MANAGER] ⏱️ T1=132576539.521 ms | Sending gRPC request for task 2 'sum2'
execution-manager  | [gRPC Channel Pool] Reusing existing channel for localhost:50052
execution-manager  | [gRPC Client Async] Calling task 'sum2' at localhost:50052
execution-manager  | [gRPC Client Async] Inputs: {"total_ops": 200, "io_percentage": 50}
execution-manager  | [SCHEDULER] ⏰ T=21466 ms | T_wall=132578005.038 ms: Launching task 3 'sum3' (deadline: 41000 ms)
execution-manager  | [SCHEDULER] 🕐 Timeout armed for task 3 at T=41000 ms (in 19534 ms)
execution-manager  | [SCHEDULER] ⏰ T=21466 ms | T_wall=132578005.180 ms: Launching task 4 'sum4' (deadline: 41000 ms)
execution-manager  | [SCHEDULER] 🕐 Timeout armed for task 4 at T=41000 ms (in 19534 ms)
execution-manager  | [GRPC THREAD 3] Starting...
execution-manager  | [EXECUTION MANAGER] ⏱️ T1=132578005.290 ms | Sending gRPC request for task 3 'sum3'
execution-manager  | [gRPC Channel Pool] Reusing existing channel for localhost:50053
execution-manager  | [gRPC Client Async] Calling task 'sum3' at localhost:50053
execution-manager  | [gRPC Client Async] Inputs: {"total_ops": 200, "io_percentage": 50}
execution-manager  | [GRPC THREAD 4] Starting...
execution-manager  | [EXECUTION MANAGER] ⏱️ T1=132578005.759 ms | Sending gRPC request for task 4 'sum4'
execution-manager  | [gRPC Channel Pool] Reusing existing channel for localhost:50054
execution-manager  | [gRPC Client Async] Calling task 'sum4' at localhost:50054
execution-manager  | [gRPC Client Async] Inputs: {"total_ops": 200, "io_percentage": 50}
execution-manager  | [gRPC Client Async] Response #1 - Status: COMPLETED
execution-manager  | 🎉 [T=27468 ms] Task 3 'sum3' COMPLETED
execution-manager  | [EXECUTION MANAGER] ⏱️ T2=132578883.676 ms | Thread started (server measured)
execution-manager  | [EXECUTION MANAGER] ⏱️ T3=132584006.775 ms | Task completed (server measured)
execution-manager  | [EXECUTION MANAGER] ⏱️ T4=132584007.524 ms | Result received by client
execution-manager  |    [TASK EXECUTION] 5123.099 ms (T3-T2, measured in thread)
execution-manager  |    [RESULT] {"result": 0}
execution-manager  | 
execution-manager  | ╔═══════════════════════════════════════════════════════════════╗
execution-manager  | ║           END-TO-END TIMING MEASUREMENT RECAP                 ║
execution-manager  | ║                   Task 3: sum3                                 
execution-manager  | ╠═══════════════════════════════════════════════════════════════╣
execution-manager  | ║ T1 (start_request)    = 132578005.290 ms                        ║
execution-manager  | ║ T2 (end_request)      = 132578883.676 ms                        ║
execution-manager  | ║ T3 (start_result)     = 132584006.775 ms                        ║
execution-manager  | ║ T4 (end_result)       = 132584007.524 ms                        ║
execution-manager  | ╠═══════════════════════════════════════════════════════════════╣
execution-manager  | ║ METRICS:                                                      ║
execution-manager  | ║   Request Latency    =      878.386 ms  (T2 - T1)            ║
execution-manager  | ║   Task Execution     =     5123.099 ms  (T3 - T2)            ║
execution-manager  | ║   Response Latency   =        0.749 ms  (T4 - T3)            ║
execution-manager  | ║   Total End-to-End   =     6002.234 ms  (T4 - T1)            ║
execution-manager  | ║   Network Overhead   =      879.135 ms  (Req + Resp)         ║
execution-manager  | ╚═══════════════════════════════════════════════════════════════╝
execution-manager  | 
execution-manager  | [SCHEDULER] ✅ T=27468 ms: Task 3 'sum3' completed with status 2
execution-manager  | [SCHEDULER] 🔕 Timeout disarmed for task 3
execution-manager  | [SCHEDULER] 2 tasks remaining
execution-manager  | [gRPC Client Async] Stream completed, received 1 responses
execution-manager  | [GRPC THREAD 3] Completed
execution-manager  | [gRPC Client Async] Response #1 - Status: COMPLETED
execution-manager  | 🎉 [T=27476 ms] Task 2 'sum2' COMPLETED
execution-manager  | [EXECUTION MANAGER] ⏱️ T2=132576540.479 ms | Thread started (server measured)
execution-manager  | [EXECUTION MANAGER] ⏱️ T3=132584014.309 ms | Task completed (server measured)
execution-manager  | [EXECUTION MANAGER] ⏱️ T4=132584015.075 ms | Result received by client
execution-manager  |    [TASK EXECUTION] 7473.830 ms (T3-T2, measured in thread)
execution-manager  |    [RESULT] {"result": 0}
execution-manager  | 
execution-manager  | ╔═══════════════════════════════════════════════════════════════╗
execution-manager  | ║           END-TO-END TIMING MEASUREMENT RECAP                 ║
execution-manager  | ║                   Task 2: sum2                                 
execution-manager  | ╠═══════════════════════════════════════════════════════════════╣
execution-manager  | ║ T1 (start_request)    = 132576539.521 ms                        ║
execution-manager  | ║ T2 (end_request)      = 132576540.479 ms                        ║
execution-manager  | ║ T3 (start_result)     = 132584014.309 ms                        ║
execution-manager  | ║ T4 (end_result)       = 132584015.075 ms                        ║
execution-manager  | ╠═══════════════════════════════════════════════════════════════╣
execution-manager  | ║ METRICS:                                                      ║
execution-manager  | ║   Request Latency    =        0.958 ms  (T2 - T1)            ║
execution-manager  | ║   Task Execution     =     7473.830 ms  (T3 - T2)            ║
execution-manager  | ║   Response Latency   =        0.766 ms  (T4 - T3)            ║
execution-manager  | ║   Total End-to-End   =     7475.554 ms  (T4 - T1)            ║
execution-manager  | ║   Network Overhead   =        1.725 ms  (Req + Resp)         ║
execution-manager  | ╚═══════════════════════════════════════════════════════════════╝
execution-manager  | 
execution-manager  | [SCHEDULER] ✅ T=27476 ms: Task 2 'sum2' completed with status 2
execution-manager  | [SCHEDULER] 🔕 Timeout disarmed for task 2
execution-manager  | [SCHEDULER] 1 tasks remaining
execution-manager  | [gRPC Client Async] Stream completed, received 1 responses
execution-manager  | [GRPC THREAD 2] Completed
execution-manager  | [gRPC Client Async] Response #1 - Status: COMPLETED
execution-manager  | 🎉 [T=27480 ms] Task 4 'sum4' COMPLETED
execution-manager  | [EXECUTION MANAGER] ⏱️ T2=132581323.460 ms | Thread started (server measured)
execution-manager  | [EXECUTION MANAGER] ⏱️ T3=132584018.910 ms | Task completed (server measured)
execution-manager  | [EXECUTION MANAGER] ⏱️ T4=132584019.728 ms | Result received by client
execution-manager  |    [TASK EXECUTION] 2695.451 ms (T3-T2, measured in thread)
execution-manager  |    [RESULT] {"result": 0}
execution-manager  | 
execution-manager  | ╔═══════════════════════════════════════════════════════════════╗
execution-manager  | ║           END-TO-END TIMING MEASUREMENT RECAP                 ║
execution-manager  | ║                   Task 4: sum4                                 
execution-manager  | ╠═══════════════════════════════════════════════════════════════╣
execution-manager  | ║ T1 (start_request)    = 132578005.759 ms                        ║
execution-manager  | ║ T2 (end_request)      = 132581323.460 ms                        ║
execution-manager  | ║ T3 (start_result)     = 132584018.910 ms                        ║
execution-manager  | ║ T4 (end_result)       = 132584019.728 ms                        ║
execution-manager  | ╠═══════════════════════════════════════════════════════════════╣
execution-manager  | ║ METRICS:                                                      ║
execution-manager  | ║   Request Latency    =     3317.701 ms  (T2 - T1)            ║
execution-manager  | ║   Task Execution     =     2695.451 ms  (T3 - T2)            ║
execution-manager  | ║   Response Latency   =        0.817 ms  (T4 - T3)            ║
execution-manager  | ║   Total End-to-End   =     6013.969 ms  (T4 - T1)            ║
execution-manager  | ║   Network Overhead   =     3318.518 ms  (Req + Resp)         ║
execution-manager  | ╚═══════════════════════════════════════════════════════════════╝
execution-manager  | 
execution-manager  | [gRPC Client Async] Stream completed, received 1 responses
execution-manager  | [GRPC THREAD 4] Completed
execution-manager  | [SCHEDULER] ✅ T=27481 ms: Task 4 'sum4' completed with status 2
execution-manager  | [SCHEDULER] 🔕 Timeout disarmed for task 4
execution-manager  | [SCHEDULER] 0 tasks remaining
execution-manager  | 
execution-manager  | [SCHEDULER] 🏁 Iteration 23/50 complete!
execution-manager  | [SCHEDULER] Iteration execution time: 27481 ms
execution-manager  | 
execution-manager  | 
execution-manager  | [SCHEDULER] 🔁 ===== ITERATION 24 / 50 =====
execution-manager  | 
execution-manager  | [SCHEDULER] 🚀 Schedule started at T=0
execution-manager  | 
execution-manager  | [SCHEDULER] 🔄 Entering event loop (NO SLEEP - event-driven!)
execution-manager  | 
execution-manager  | [SCHEDULER] ⏰ T=10000 ms | T_wall=132594020.201 ms: Launching task 1 'sum1' (deadline: 30000 ms)
execution-manager  | [SCHEDULER] 🕐 Timeout armed for task 1 at T=30000 ms (in 20000 ms)
execution-manager  | [GRPC THREAD 1] Starting...
execution-manager  | [EXECUTION MANAGER] ⏱️ T1=132594020.338 ms | Sending gRPC request for task 1 'sum1'
execution-manager  | [gRPC Channel Pool] Reusing existing channel for localhost:50051
execution-manager  | [gRPC Client Async] Calling task 'sum1' at localhost:50051
execution-manager  | [gRPC Client Async] Inputs: {"total_ops": 200, "io_percentage": 50}
execution-manager  | [gRPC Client Async] Response #1 - Status: COMPLETED
execution-manager  | 🎉 [T=12519 ms] Task 1 'sum1' COMPLETED
execution-manager  | [EXECUTION MANAGER] ⏱️ T2=132594021.254 ms | Thread started (server measured)
execution-manager  | [EXECUTION MANAGER] ⏱️ T3=132596539.132 ms | Task completed (server measured)
execution-manager  | [EXECUTION MANAGER] ⏱️ T4=132596539.943 ms | Result received by client
execution-manager  |    [TASK EXECUTION] 2517.878 ms (T3-T2, measured in thread)
execution-manager  |    [RESULT] {"result": 0}
execution-manager  | 
execution-manager  | ╔═══════════════════════════════════════════════════════════════╗
execution-manager  | ║           END-TO-END TIMING MEASUREMENT RECAP                 ║
execution-manager  | ║                   Task 1: sum1                                 
execution-manager  | ╠═══════════════════════════════════════════════════════════════╣
execution-manager  | ║ T1 (start_request)    = 132594020.338 ms                        ║
execution-manager  | ║ T2 (end_request)      = 132594021.254 ms                        ║
execution-manager  | ║ T3 (start_result)     = 132596539.132 ms                        ║
execution-manager  | ║ T4 (end_result)       = 132596539.943 ms                        ║
execution-manager  | ╠═══════════════════════════════════════════════════════════════╣
execution-manager  | ║ METRICS:                                                      ║
execution-manager  | ║   Request Latency    =        0.916 ms  (T2 - T1)            ║
execution-manager  | ║   Task Execution     =     2517.878 ms  (T3 - T2)            ║
execution-manager  | ║   Response Latency   =        0.811 ms  (T4 - T3)            ║
execution-manager  | ║   Total End-to-End   =     2519.605 ms  (T4 - T1)            ║
execution-manager  | ║   Network Overhead   =        1.727 ms  (Req + Resp)         ║
execution-manager  | ╚═══════════════════════════════════════════════════════════════╝
execution-manager  | 
execution-manager  | [gRPC Client Async] Stream completed, received 1 responses
execution-manager  | [GRPC THREAD 1] Completed
execution-manager  | [SCHEDULER] ✅ T=12520 ms: Task 1 'sum1' completed with status 2
execution-manager  | [SCHEDULER] 🔕 Timeout disarmed for task 1
execution-manager  | [SCHEDULER] 3 tasks remaining
execution-manager  | [SCHEDULER] ⏰ T=20000 ms | T_wall=132604020.232 ms: Launching task 2 'sum2' (deadline: 40000 ms)
execution-manager  | [SCHEDULER] 🕐 Timeout armed for task 2 at T=40000 ms (in 20000 ms)
execution-manager  | [GRPC THREAD 2] Starting...
execution-manager  | [EXECUTION MANAGER] ⏱️ T1=132604020.366 ms | Sending gRPC request for task 2 'sum2'
execution-manager  | [gRPC Channel Pool] Reusing existing channel for localhost:50052
execution-manager  | [gRPC Client Async] Calling task 'sum2' at localhost:50052
execution-manager  | [gRPC Client Async] Inputs: {"total_ops": 200, "io_percentage": 50}
execution-manager  | [SCHEDULER] ⏰ T=21985 ms | T_wall=132606005.031 ms: Launching task 3 'sum3' (deadline: 41000 ms)
execution-manager  | [SCHEDULER] 🕐 Timeout armed for task 3 at T=41000 ms (in 19015 ms)
execution-manager  | [SCHEDULER] ⏰ T=21985 ms | T_wall=132606005.171 ms: Launching task 4 'sum4' (deadline: 41000 ms)
execution-manager  | [SCHEDULER] 🕐 Timeout armed for task 4 at T=41000 ms (in 19015 ms)
execution-manager  | [GRPC THREAD 3] Starting...
execution-manager  | [EXECUTION MANAGER] ⏱️ T1=132606005.282 ms | Sending gRPC request for task 3 'sum3'
execution-manager  | [gRPC Channel Pool] Reusing existing channel for localhost:50053
execution-manager  | [gRPC Client Async] Calling task 'sum3' at localhost:50053
execution-manager  | [gRPC Client Async] Inputs: {"total_ops": 200, "io_percentage": 50}
execution-manager  | [GRPC THREAD 4] Starting...
execution-manager  | [EXECUTION MANAGER] ⏱️ T1=132606005.812 ms | Sending gRPC request for task 4 'sum4'
execution-manager  | [gRPC Channel Pool] Reusing existing channel for localhost:50054
execution-manager  | [gRPC Client Async] Calling task 'sum4' at localhost:50054
execution-manager  | [gRPC Client Async] Inputs: {"total_ops": 200, "io_percentage": 50}
execution-manager  | [gRPC Client Async] Response #1 - Status: COMPLETED
execution-manager  | 🎉 [T=27497 ms] Task 3 'sum3' COMPLETED
execution-manager  | [EXECUTION MANAGER] ⏱️ T2=132606006.701 ms | Thread started (server measured)
execution-manager  | [EXECUTION MANAGER] ⏱️ T3=132611516.338 ms | Task completed (server measured)
execution-manager  | [EXECUTION MANAGER] ⏱️ T4=132611517.157 ms | Result received by client
execution-manager  |    [TASK EXECUTION] 5509.637 ms (T3-T2, measured in thread)
execution-manager  |    [RESULT] {"result": 0}
execution-manager  | 
execution-manager  | ╔═══════════════════════════════════════════════════════════════╗
execution-manager  | ║           END-TO-END TIMING MEASUREMENT RECAP                 ║
execution-manager  | ║                   Task 3: sum3                                 
execution-manager  | ╠═══════════════════════════════════════════════════════════════╣
execution-manager  | ║ T1 (start_request)    = 132606005.282 ms                        ║
execution-manager  | ║ T2 (end_request)      = 132606006.701 ms                        ║
execution-manager  | ║ T3 (start_result)     = 132611516.338 ms                        ║
execution-manager  | ║ T4 (end_result)       = 132611517.157 ms                        ║
execution-manager  | ╠═══════════════════════════════════════════════════════════════╣
execution-manager  | ║ METRICS:                                                      ║
execution-manager  | ║   Request Latency    =        1.419 ms  (T2 - T1)            ║
execution-manager  | ║   Task Execution     =     5509.637 ms  (T3 - T2)            ║
execution-manager  | ║   Response Latency   =        0.820 ms  (T4 - T3)            ║
execution-manager  | ║   Total End-to-End   =     5511.876 ms  (T4 - T1)            ║
execution-manager  | ║   Network Overhead   =        2.239 ms  (Req + Resp)         ║
execution-manager  | ╚═══════════════════════════════════════════════════════════════╝
execution-manager  | 
execution-manager  | [SCHEDULER] ✅ T=27497 ms: Task 3 'sum3' completed with status 2
execution-manager  | [SCHEDULER] 🔕 Timeout disarmed for task 3
execution-manager  | [SCHEDULER] 2 tasks remaining
execution-manager  | [gRPC Client Async] Stream completed, received 1 responses
execution-manager  | [GRPC THREAD 3] Completed
execution-manager  | [gRPC Client Async] Response #1 - Status: COMPLETED
execution-manager  | 🎉 [T=27501 ms] Task 4 'sum4' COMPLETED
execution-manager  | [EXECUTION MANAGER] ⏱️ T2=132606006.630 ms | Thread started (server measured)
execution-manager  | [EXECUTION MANAGER] ⏱️ T3=132611521.098 ms | Task completed (server measured)
execution-manager  | [EXECUTION MANAGER] ⏱️ T4=132611521.800 ms | Result received by client
execution-manager  |    [TASK EXECUTION] 5514.468 ms (T3-T2, measured in thread)
execution-manager  |    [RESULT] {"result": 0}
execution-manager  | 
execution-manager  | ╔═══════════════════════════════════════════════════════════════╗
execution-manager  | ║           END-TO-END TIMING MEASUREMENT RECAP                 ║
execution-manager  | ║                   Task 4: sum4                                 
execution-manager  | ╠═══════════════════════════════════════════════════════════════╣
execution-manager  | ║ T1 (start_request)    = 132606005.812 ms                        ║
execution-manager  | ║ T2 (end_request)      = 132606006.630 ms                        ║
execution-manager  | ║ T3 (start_result)     = 132611521.098 ms                        ║
execution-manager  | ║ T4 (end_result)       = 132611521.800 ms                        ║
execution-manager  | ╠═══════════════════════════════════════════════════════════════╣
execution-manager  | ║ METRICS:                                                      ║
execution-manager  | ║   Request Latency    =        0.818 ms  (T2 - T1)            ║
execution-manager  | ║   Task Execution     =     5514.468 ms  (T3 - T2)            ║
execution-manager  | ║   Response Latency   =        0.702 ms  (T4 - T3)            ║
execution-manager  | ║   Total End-to-End   =     5515.988 ms  (T4 - T1)            ║
execution-manager  | ║   Network Overhead   =        1.520 ms  (Req + Resp)         ║
execution-manager  | ╚═══════════════════════════════════════════════════════════════╝
execution-manager  | 
execution-manager  | [SCHEDULER] ✅ T=27501 ms: Task 4 'sum4' completed with status 2
execution-manager  | [SCHEDULER] 🔕 Timeout disarmed for task 4
execution-manager  | [SCHEDULER] 1 tasks remaining
execution-manager  | [gRPC Client Async] Stream completed, received 1 responses
execution-manager  | [GRPC THREAD 4] Completed
execution-manager  | [gRPC Client Async] Response #1 - Status: COMPLETED
execution-manager  | 🎉 [T=27507 ms] Task 2 'sum2' COMPLETED
execution-manager  | [EXECUTION MANAGER] ⏱️ T2=132604021.620 ms | Thread started (server measured)
execution-manager  | [EXECUTION MANAGER] ⏱️ T3=132611526.725 ms | Task completed (server measured)
execution-manager  | [EXECUTION MANAGER] ⏱️ T4=132611527.717 ms | Result received by client
execution-manager  |    [TASK EXECUTION] 7505.105 ms (T3-T2, measured in thread)
execution-manager  |    [RESULT] {"result": 0}
execution-manager  | 
execution-manager  | ╔═══════════════════════════════════════════════════════════════╗
execution-manager  | ║           END-TO-END TIMING MEASUREMENT RECAP                 ║
execution-manager  | ║                   Task 2: sum2                                 
execution-manager  | ╠═══════════════════════════════════════════════════════════════╣
execution-manager  | ║ T1 (start_request)    = 132604020.366 ms                        ║
execution-manager  | ║ T2 (end_request)      = 132604021.620 ms                        ║
execution-manager  | ║ T3 (start_result)     = 132611526.725 ms                        ║
execution-manager  | ║ T4 (end_result)       = 132611527.717 ms                        ║
execution-manager  | ╠═══════════════════════════════════════════════════════════════╣
execution-manager  | ║ METRICS:                                                      ║
execution-manager  | ║   Request Latency    =        1.254 ms  (T2 - T1)            ║
execution-manager  | ║   Task Execution     =     7505.105 ms  (T3 - T2)            ║
execution-manager  | ║   Response Latency   =        0.992 ms  (T4 - T3)            ║
execution-manager  | ║   Total End-to-End   =     7507.351 ms  (T4 - T1)            ║
execution-manager  | ║   Network Overhead   =        2.246 ms  (Req + Resp)         ║
execution-manager  | ╚═══════════════════════════════════════════════════════════════╝
execution-manager  | 
execution-manager  | [gRPC Client Async] Stream completed, received 1 responses
execution-manager  | [GRPC THREAD 2] Completed
execution-manager  | [SCHEDULER] ✅ T=27507 ms: Task 2 'sum2' completed with status 2
execution-manager  | [SCHEDULER] 🔕 Timeout disarmed for task 2
execution-manager  | [SCHEDULER] 0 tasks remaining
execution-manager  | 
execution-manager  | [SCHEDULER] 🏁 Iteration 24/50 complete!
execution-manager  | [SCHEDULER] Iteration execution time: 27507 ms
execution-manager  | 
execution-manager  | 
execution-manager  | [SCHEDULER] 🔁 ===== ITERATION 25 / 50 =====
execution-manager  | 
execution-manager  | [SCHEDULER] 🚀 Schedule started at T=0
execution-manager  | 
execution-manager  | [SCHEDULER] 🔄 Entering event loop (NO SLEEP - event-driven!)
execution-manager  | 
execution-manager  | [SCHEDULER] ⏰ T=10000 ms | T_wall=132621528.151 ms: Launching task 1 'sum1' (deadline: 30000 ms)
execution-manager  | [SCHEDULER] 🕐 Timeout armed for task 1 at T=30000 ms (in 20000 ms)
execution-manager  | [GRPC THREAD 1] Starting...
execution-manager  | [EXECUTION MANAGER] ⏱️ T1=132621528.287 ms | Sending gRPC request for task 1 'sum1'
execution-manager  | [gRPC Channel Pool] Reusing existing channel for localhost:50051
execution-manager  | [gRPC Client Async] Calling task 'sum1' at localhost:50051
execution-manager  | [gRPC Client Async] Inputs: {"total_ops": 200, "io_percentage": 50}
execution-manager  | [gRPC Client Async] Response #1 - Status: COMPLETED
execution-manager  | 🎉 [T=12490 ms] Task 1 'sum1' COMPLETED
execution-manager  | [EXECUTION MANAGER] ⏱️ T2=132621529.189 ms | Thread started (server measured)
execution-manager  | [EXECUTION MANAGER] ⏱️ T3=132624018.162 ms | Task completed (server measured)
execution-manager  | [EXECUTION MANAGER] ⏱️ T4=132624018.819 ms | Result received by client
execution-manager  |    [TASK EXECUTION] 2488.973 ms (T3-T2, measured in thread)
execution-manager  |    [RESULT] {"result": 0}
execution-manager  | 
execution-manager  | ╔═══════════════════════════════════════════════════════════════╗
execution-manager  | ║           END-TO-END TIMING MEASUREMENT RECAP                 ║
execution-manager  | ║                   Task 1: sum1                                 
execution-manager  | ╠═══════════════════════════════════════════════════════════════╣
execution-manager  | ║ T1 (start_request)    = 132621528.287 ms                        ║
execution-manager  | ║ T2 (end_request)      = 132621529.189 ms                        ║
execution-manager  | ║ T3 (start_result)     = 132624018.162 ms                        ║
execution-manager  | ║ T4 (end_result)       = 132624018.819 ms                        ║
execution-manager  | ╠═══════════════════════════════════════════════════════════════╣
execution-manager  | ║ METRICS:                                                      ║
execution-manager  | ║   Request Latency    =        0.902 ms  (T2 - T1)            ║
execution-manager  | ║   Task Execution     =     2488.973 ms  (T3 - T2)            ║
execution-manager  | ║   Response Latency   =        0.657 ms  (T4 - T3)            ║
execution-manager  | ║   Total End-to-End   =     2490.532 ms  (T4 - T1)            ║
execution-manager  | ║   Network Overhead   =        1.559 ms  (Req + Resp)         ║
execution-manager  | ╚═══════════════════════════════════════════════════════════════╝
execution-manager  | 
execution-manager  | [gRPC Client Async] Stream completed, received 1 responses
execution-manager  | [GRPC THREAD 1] Completed
execution-manager  | [SCHEDULER] ✅ T=12491 ms: Task 1 'sum1' completed with status 2
execution-manager  | [SCHEDULER] 🔕 Timeout disarmed for task 1
execution-manager  | [SCHEDULER] 3 tasks remaining
execution-manager  | [SCHEDULER] ⏰ T=20000 ms | T_wall=132631528.269 ms: Launching task 2 'sum2' (deadline: 40000 ms)
execution-manager  | [SCHEDULER] 🕐 Timeout armed for task 2 at T=40000 ms (in 20000 ms)
execution-manager  | [GRPC THREAD 2] Starting...
execution-manager  | [EXECUTION MANAGER] ⏱️ T1=132631528.413 ms | Sending gRPC request for task 2 'sum2'
execution-manager  | [gRPC Channel Pool] Reusing existing channel for localhost:50052
execution-manager  | [gRPC Client Async] Calling task 'sum2' at localhost:50052
execution-manager  | [gRPC Client Async] Inputs: {"total_ops": 200, "io_percentage": 50}
execution-manager  | [SCHEDULER] ⏰ T=21477 ms | T_wall=132633005.037 ms: Launching task 3 'sum3' (deadline: 41000 ms)
execution-manager  | [SCHEDULER] 🕐 Timeout armed for task 3 at T=41000 ms (in 19523 ms)
execution-manager  | [SCHEDULER] ⏰ T=21477 ms | T_wall=132633005.200 ms: Launching task 4 'sum4' (deadline: 41000 ms)
execution-manager  | [SCHEDULER] 🕐 Timeout armed for task 4 at T=41000 ms (in 19523 ms)
execution-manager  | [GRPC THREAD 3] Starting...
execution-manager  | [EXECUTION MANAGER] ⏱️ T1=132633005.291 ms | Sending gRPC request for task 3 'sum3'
execution-manager  | [gRPC Channel Pool] Reusing existing channel for localhost:50053
execution-manager  | [gRPC Client Async] Calling task 'sum3' at localhost:50053
execution-manager  | [gRPC Client Async] Inputs: {"total_ops": 200, "io_percentage": 50}
execution-manager  | [GRPC THREAD 4] Starting...
execution-manager  | [EXECUTION MANAGER] ⏱️ T1=132633005.825 ms | Sending gRPC request for task 4 'sum4'
execution-manager  | [gRPC Channel Pool] Reusing existing channel for localhost:50054
execution-manager  | [gRPC Client Async] Calling task 'sum4' at localhost:50054
execution-manager  | [gRPC Client Async] Inputs: {"total_ops": 200, "io_percentage": 50}
execution-manager  | [gRPC Client Async] Response #1 - Status: COMPLETED
execution-manager  | 🎉 [T=27455 ms] Task 3 'sum3' COMPLETED
execution-manager  | [EXECUTION MANAGER] ⏱️ T2=132633006.339 ms | Thread started (server measured)
execution-manager  | [EXECUTION MANAGER] ⏱️ T3=132638982.512 ms | Task completed (server measured)
execution-manager  | [EXECUTION MANAGER] ⏱️ T4=132638983.208 ms | Result received by client
execution-manager  |    [TASK EXECUTION] 5976.173 ms (T3-T2, measured in thread)
execution-manager  |    [RESULT] {"result": 0}
execution-manager  | 
execution-manager  | ╔═══════════════════════════════════════════════════════════════╗
execution-manager  | ║           END-TO-END TIMING MEASUREMENT RECAP                 ║
execution-manager  | ║                   Task 3: sum3                                 
execution-manager  | ╠═══════════════════════════════════════════════════════════════╣
execution-manager  | ║ T1 (start_request)    = 132633005.291 ms                        ║
execution-manager  | ║ T2 (end_request)      = 132633006.339 ms                        ║
execution-manager  | ║ T3 (start_result)     = 132638982.512 ms                        ║
execution-manager  | ║ T4 (end_result)       = 132638983.208 ms                        ║
execution-manager  | ╠═══════════════════════════════════════════════════════════════╣
execution-manager  | ║ METRICS:                                                      ║
execution-manager  | ║   Request Latency    =        1.049 ms  (T2 - T1)            ║
execution-manager  | ║   Task Execution     =     5976.173 ms  (T3 - T2)            ║
execution-manager  | ║   Response Latency   =        0.696 ms  (T4 - T3)            ║
execution-manager  | ║   Total End-to-End   =     5977.917 ms  (T4 - T1)            ║
execution-manager  | ║   Network Overhead   =        1.744 ms  (Req + Resp)         ║
execution-manager  | ╚═══════════════════════════════════════════════════════════════╝
execution-manager  | 
execution-manager  | [SCHEDULER] ✅ T=27455 ms: Task 3 'sum3' completed with status 2
execution-manager  | [SCHEDULER] 🔕 Timeout disarmed for task 3
execution-manager  | [SCHEDULER] 2 tasks remaining
execution-manager  | [gRPC Client Async] Stream completed, received 1 responses
execution-manager  | [GRPC THREAD 3] Completed
execution-manager  | [gRPC Client Async] Response #1 - Status: COMPLETED
execution-manager  | 🎉 [T=27457 ms] Task 4 'sum4' COMPLETED
execution-manager  | [EXECUTION MANAGER] ⏱️ T2=132635397.301 ms | Thread started (server measured)
execution-manager  | [EXECUTION MANAGER] ⏱️ T3=132638984.989 ms | Task completed (server measured)
execution-manager  | [EXECUTION MANAGER] ⏱️ T4=132638985.519 ms | Result received by client
execution-manager  |    [TASK EXECUTION] 3587.689 ms (T3-T2, measured in thread)
execution-manager  |    [RESULT] {"result": 0}
execution-manager  | 
execution-manager  | ╔═══════════════════════════════════════════════════════════════╗
execution-manager  | ║           END-TO-END TIMING MEASUREMENT RECAP                 ║
execution-manager  | ║                   Task 4: sum4                                 
execution-manager  | ╠═══════════════════════════════════════════════════════════════╣
execution-manager  | ║ T1 (start_request)    = 132633005.825 ms                        ║
execution-manager  | ║ T2 (end_request)      = 132635397.301 ms                        ║
execution-manager  | ║ T3 (start_result)     = 132638984.989 ms                        ║
execution-manager  | ║ T4 (end_result)       = 132638985.519 ms                        ║
execution-manager  | ╠═══════════════════════════════════════════════════════════════╣
execution-manager  | ║ METRICS:                                                      ║
execution-manager  | ║   Request Latency    =     2391.475 ms  (T2 - T1)            ║
execution-manager  | ║   Task Execution     =     3587.689 ms  (T3 - T2)            ║
execution-manager  | ║   Response Latency   =        0.529 ms  (T4 - T3)            ║
execution-manager  | ║   Total End-to-End   =     5979.693 ms  (T4 - T1)            ║
execution-manager  | ║   Network Overhead   =     2392.005 ms  (Req + Resp)         ║
execution-manager  | ╚═══════════════════════════════════════════════════════════════╝
execution-manager  | 
execution-manager  | [SCHEDULER] ✅ T=27457 ms: Task 4 'sum4' completed with status 2
execution-manager  | [SCHEDULER] 🔕 Timeout disarmed for task 4
execution-manager  | [SCHEDULER] 1 tasks remaining
execution-manager  | [gRPC Client Async] Stream completed, received 1 responses
execution-manager  | [GRPC THREAD 4] Completed
execution-manager  | [gRPC Client Async] Response #1 - Status: COMPLETED
execution-manager  | 🎉 [T=27463 ms] Task 2 'sum2' COMPLETED
execution-manager  | [EXECUTION MANAGER] ⏱️ T2=132631529.238 ms | Thread started (server measured)
execution-manager  | [EXECUTION MANAGER] ⏱️ T3=132638991.146 ms | Task completed (server measured)
execution-manager  | [EXECUTION MANAGER] ⏱️ T4=132638991.692 ms | Result received by client
execution-manager  |    [TASK EXECUTION] 7461.908 ms (T3-T2, measured in thread)
execution-manager  |    [RESULT] {"result": 0}
execution-manager  | 
execution-manager  | ╔═══════════════════════════════════════════════════════════════╗
execution-manager  | ║           END-TO-END TIMING MEASUREMENT RECAP                 ║
execution-manager  | ║                   Task 2: sum2                                 
execution-manager  | ╠═══════════════════════════════════════════════════════════════╣
execution-manager  | ║ T1 (start_request)    = 132631528.413 ms                        ║
execution-manager  | ║ T2 (end_request)      = 132631529.238 ms                        ║
execution-manager  | ║ T3 (start_result)     = 132638991.146 ms                        ║
execution-manager  | ║ T4 (end_result)       = 132638991.692 ms                        ║
execution-manager  | ╠═══════════════════════════════════════════════════════════════╣
execution-manager  | ║ METRICS:                                                      ║
execution-manager  | ║   Request Latency    =        0.825 ms  (T2 - T1)            ║
execution-manager  | ║   Task Execution     =     7461.908 ms  (T3 - T2)            ║
execution-manager  | ║   Response Latency   =        0.546 ms  (T4 - T3)            ║
execution-manager  | ║   Total End-to-End   =     7463.279 ms  (T4 - T1)            ║
execution-manager  | ║   Network Overhead   =        1.371 ms  (Req + Resp)         ║
execution-manager  | ╚═══════════════════════════════════════════════════════════════╝
execution-manager  | 
execution-manager  | [gRPC Client Async] Stream completed, received 1 responses
execution-manager  | [GRPC THREAD 2] Completed
execution-manager  | [SCHEDULER] ✅ T=27463 ms: Task 2 'sum2' completed with status 2
execution-manager  | [SCHEDULER] 🔕 Timeout disarmed for task 2
execution-manager  | [SCHEDULER] 0 tasks remaining
execution-manager  | 
execution-manager  | [SCHEDULER] 🏁 Iteration 25/50 complete!
execution-manager  | [SCHEDULER] Iteration execution time: 27463 ms
execution-manager  | 
execution-manager  | 
execution-manager  | [SCHEDULER] 🔁 ===== ITERATION 26 / 50 =====
execution-manager  | 
execution-manager  | [SCHEDULER] 🚀 Schedule started at T=0
execution-manager  | 
execution-manager  | [SCHEDULER] 🔄 Entering event loop (NO SLEEP - event-driven!)
execution-manager  | 
execution-manager  | [SCHEDULER] ⏰ T=10000 ms | T_wall=132648992.141 ms: Launching task 1 'sum1' (deadline: 30000 ms)
execution-manager  | [SCHEDULER] 🕐 Timeout armed for task 1 at T=30000 ms (in 20000 ms)
execution-manager  | [GRPC THREAD 1] Starting...
execution-manager  | [EXECUTION MANAGER] ⏱️ T1=132648992.276 ms | Sending gRPC request for task 1 'sum1'
execution-manager  | [gRPC Channel Pool] Reusing existing channel for localhost:50051
execution-manager  | [gRPC Client Async] Calling task 'sum1' at localhost:50051
execution-manager  | [gRPC Client Async] Inputs: {"total_ops": 200, "io_percentage": 50}
execution-manager  | [gRPC Client Async] Response #1 - Status: COMPLETED
execution-manager  | 🎉 [T=12533 ms] Task 1 'sum1' COMPLETED
execution-manager  | [EXECUTION MANAGER] ⏱️ T2=132648993.294 ms | Thread started (server measured)
execution-manager  | [EXECUTION MANAGER] ⏱️ T3=132651524.839 ms | Task completed (server measured)
execution-manager  | [EXECUTION MANAGER] ⏱️ T4=132651525.558 ms | Result received by client
execution-manager  |    [TASK EXECUTION] 2531.545 ms (T3-T2, measured in thread)
execution-manager  |    [RESULT] {"result": 0}
execution-manager  | 
execution-manager  | ╔═══════════════════════════════════════════════════════════════╗
execution-manager  | ║           END-TO-END TIMING MEASUREMENT RECAP                 ║
execution-manager  | ║                   Task 1: sum1                                 
execution-manager  | ╠═══════════════════════════════════════════════════════════════╣
execution-manager  | ║ T1 (start_request)    = 132648992.276 ms                        ║
execution-manager  | ║ T2 (end_request)      = 132648993.294 ms                        ║
execution-manager  | ║ T3 (start_result)     = 132651524.839 ms                        ║
execution-manager  | ║ T4 (end_result)       = 132651525.558 ms                        ║
execution-manager  | ╠═══════════════════════════════════════════════════════════════╣
execution-manager  | ║ METRICS:                                                      ║
execution-manager  | ║   Request Latency    =        1.018 ms  (T2 - T1)            ║
execution-manager  | ║   Task Execution     =     2531.545 ms  (T3 - T2)            ║
execution-manager  | ║   Response Latency   =        0.719 ms  (T4 - T3)            ║
execution-manager  | ║   Total End-to-End   =     2533.282 ms  (T4 - T1)            ║
execution-manager  | ║   Network Overhead   =        1.737 ms  (Req + Resp)         ║
execution-manager  | ╚═══════════════════════════════════════════════════════════════╝
execution-manager  | 
execution-manager  | [gRPC Client Async] Stream completed, received 1 responses
execution-manager  | [GRPC THREAD 1] Completed
execution-manager  | [SCHEDULER] ✅ T=12533 ms: Task 1 'sum1' completed with status 2
execution-manager  | [SCHEDULER] 🔕 Timeout disarmed for task 1
execution-manager  | [SCHEDULER] 3 tasks remaining
execution-manager  | [SCHEDULER] ⏰ T=20000 ms | T_wall=132658992.199 ms: Launching task 2 'sum2' (deadline: 40000 ms)
execution-manager  | [SCHEDULER] 🕐 Timeout armed for task 2 at T=40000 ms (in 20000 ms)
execution-manager  | [GRPC THREAD 2] Starting...
execution-manager  | [EXECUTION MANAGER] ⏱️ T1=132658992.335 ms | Sending gRPC request for task 2 'sum2'
execution-manager  | [gRPC Channel Pool] Reusing existing channel for localhost:50052
execution-manager  | [gRPC Client Async] Calling task 'sum2' at localhost:50052
execution-manager  | [gRPC Client Async] Inputs: {"total_ops": 200, "io_percentage": 50}
execution-manager  | [SCHEDULER] ⏰ T=21013 ms | T_wall=132660005.035 ms: Launching task 3 'sum3' (deadline: 41000 ms)
execution-manager  | [SCHEDULER] 🕐 Timeout armed for task 3 at T=41000 ms (in 19987 ms)
execution-manager  | [SCHEDULER] ⏰ T=21013 ms | T_wall=132660005.183 ms: Launching task 4 'sum4' (deadline: 41000 ms)
execution-manager  | [SCHEDULER] 🕐 Timeout armed for task 4 at T=41000 ms (in 19987 ms)
execution-manager  | [GRPC THREAD 3] Starting...
execution-manager  | [EXECUTION MANAGER] ⏱️ T1=132660005.337 ms | Sending gRPC request for task 3 'sum3'
execution-manager  | [gRPC Channel Pool] Reusing existing channel for localhost:50053
execution-manager  | [gRPC Client Async] Calling task 'sum3' at localhost:50053
execution-manager  | [gRPC Client Async] Inputs: {"total_ops": 200, "io_percentage": 50}
execution-manager  | [GRPC THREAD 4] Starting...
execution-manager  | [EXECUTION MANAGER] ⏱️ T1=132660005.854 ms | Sending gRPC request for task 4 'sum4'
execution-manager  | [gRPC Channel Pool] Reusing existing channel for localhost:50054
execution-manager  | [gRPC Client Async] Calling task 'sum4' at localhost:50054
execution-manager  | [gRPC Client Async] Inputs: {"total_ops": 200, "io_percentage": 50}
execution-manager  | [gRPC Client Async] Response #1 - Status: COMPLETED
execution-manager  | 🎉 [T=27509 ms] Task 3 'sum3' COMPLETED
execution-manager  | [EXECUTION MANAGER] ⏱️ T2=132660008.166 ms | Thread started (server measured)
execution-manager  | [EXECUTION MANAGER] ⏱️ T3=132666500.357 ms | Task completed (server measured)
execution-manager  | [EXECUTION MANAGER] ⏱️ T4=132666501.806 ms | Result received by client
execution-manager  |    [TASK EXECUTION] 6492.191 ms (T3-T2, measured in thread)
execution-manager  |    [RESULT] {"result": 0}
execution-manager  | 
execution-manager  | ╔═══════════════════════════════════════════════════════════════╗
execution-manager  | ║           END-TO-END TIMING MEASUREMENT RECAP                 ║
execution-manager  | ║                   Task 3: sum3                                 
execution-manager  | ╠═══════════════════════════════════════════════════════════════╣
execution-manager  | ║ T1 (start_request)    = 132660005.337 ms                        ║
execution-manager  | ║ T2 (end_request)      = 132660008.166 ms                        ║
execution-manager  | ║ T3 (start_result)     = 132666500.357 ms                        ║
execution-manager  | ║ T4 (end_result)       = 132666501.806 ms                        ║
execution-manager  | ╠═══════════════════════════════════════════════════════════════╣
execution-manager  | ║ METRICS:                                                      ║
execution-manager  | ║   Request Latency    =        2.829 ms  (T2 - T1)            ║
execution-manager  | ║   Task Execution     =     6492.191 ms  (T3 - T2)            ║
execution-manager  | ║   Response Latency   =        1.448 ms  (T4 - T3)            ║
execution-manager  | ║   Total End-to-End   =     6496.469 ms  (T4 - T1)            ║
execution-manager  | ║   Network Overhead   =        4.278 ms  (Req + Resp)         ║
execution-manager  | ╚═══════════════════════════════════════════════════════════════╝
execution-manager  | 
execution-manager  | [gRPC Client Async] Stream completed, received 1 responses
execution-manager  | [GRPC THREAD 3] Completed
execution-manager  | [SCHEDULER] ✅ T=27510 ms: Task 3 'sum3' completed with status 2
execution-manager  | [SCHEDULER] 🔕 Timeout disarmed for task 3
execution-manager  | [SCHEDULER] 2 tasks remaining
execution-manager  | [gRPC Client Async] Response #1 - Status: COMPLETED
execution-manager  | 🎉 [T=27517 ms] Task 4 'sum4' COMPLETED
execution-manager  | [EXECUTION MANAGER] ⏱️ T2=132660007.744 ms | Thread started (server measured)
execution-manager  | [EXECUTION MANAGER] ⏱️ T3=132666508.423 ms | Task completed (server measured)
execution-manager  | [EXECUTION MANAGER] ⏱️ T4=132666509.114 ms | Result received by client
execution-manager  |    [TASK EXECUTION] 6500.679 ms (T3-T2, measured in thread)
execution-manager  |    [RESULT] {"result": 0}
execution-manager  | 
execution-manager  | ╔═══════════════════════════════════════════════════════════════╗
execution-manager  | ║           END-TO-END TIMING MEASUREMENT RECAP                 ║
execution-manager  | ║                   Task 4: sum4                                 
execution-manager  | ╠═══════════════════════════════════════════════════════════════╣
execution-manager  | ║ T1 (start_request)    = 132660005.854 ms                        ║
execution-manager  | ║ T2 (end_request)      = 132660007.744 ms                        ║
execution-manager  | ║ T3 (start_result)     = 132666508.423 ms                        ║
execution-manager  | ║ T4 (end_result)       = 132666509.114 ms                        ║
execution-manager  | ╠═══════════════════════════════════════════════════════════════╣
execution-manager  | ║ METRICS:                                                      ║
execution-manager  | ║   Request Latency    =        1.890 ms  (T2 - T1)            ║
execution-manager  | ║   Task Execution     =     6500.679 ms  (T3 - T2)            ║
execution-manager  | ║   Response Latency   =        0.691 ms  (T4 - T3)            ║
execution-manager  | ║   Total End-to-End   =     6503.260 ms  (T4 - T1)            ║
execution-manager  | ║   Network Overhead   =        2.581 ms  (Req + Resp)         ║
execution-manager  | ╚═══════════════════════════════════════════════════════════════╝
execution-manager  | 
execution-manager  | [SCHEDULER] ✅ T=27517 ms: Task 4 'sum4' completed with status 2
execution-manager  | [SCHEDULER] 🔕 Timeout disarmed for task 4
execution-manager  | [SCHEDULER] 1 tasks remaining
execution-manager  | [gRPC Client Async] Stream completed, received 1 responses
execution-manager  | [GRPC THREAD 4] Completed
execution-manager  | [gRPC Client Async] Response #1 - Status: COMPLETED
execution-manager  | 🎉 [T=27524 ms] Task 2 'sum2' COMPLETED
execution-manager  | [EXECUTION MANAGER] ⏱️ T2=132658993.326 ms | Thread started (server measured)
execution-manager  | [EXECUTION MANAGER] ⏱️ T3=132666516.236 ms | Task completed (server measured)
execution-manager  | [EXECUTION MANAGER] ⏱️ T4=132666516.782 ms | Result received by client
execution-manager  |    [TASK EXECUTION] 7522.911 ms (T3-T2, measured in thread)
execution-manager  |    [RESULT] {"result": 0}
execution-manager  | 
execution-manager  | ╔═══════════════════════════════════════════════════════════════╗
execution-manager  | ║           END-TO-END TIMING MEASUREMENT RECAP                 ║
execution-manager  | ║                   Task 2: sum2                                 
execution-manager  | ╠═══════════════════════════════════════════════════════════════╣
execution-manager  | ║ T1 (start_request)    = 132658992.335 ms                        ║
execution-manager  | ║ T2 (end_request)      = 132658993.326 ms                        ║
execution-manager  | ║ T3 (start_result)     = 132666516.236 ms                        ║
execution-manager  | ║ T4 (end_result)       = 132666516.782 ms                        ║
execution-manager  | ╠═══════════════════════════════════════════════════════════════╣
execution-manager  | ║ METRICS:                                                      ║
execution-manager  | ║   Request Latency    =        0.991 ms  (T2 - T1)            ║
execution-manager  | ║   Task Execution     =     7522.911 ms  (T3 - T2)            ║
execution-manager  | ║   Response Latency   =        0.545 ms  (T4 - T3)            ║
execution-manager  | ║   Total End-to-End   =     7524.446 ms  (T4 - T1)            ║
execution-manager  | ║   Network Overhead   =        1.536 ms  (Req + Resp)         ║
execution-manager  | ╚═══════════════════════════════════════════════════════════════╝
execution-manager  | 
execution-manager  | [gRPC Client Async] Stream completed, received 1 responses
execution-manager  | [GRPC THREAD 2] Completed
execution-manager  | [SCHEDULER] ✅ T=27525 ms: Task 2 'sum2' completed with status 2
execution-manager  | [SCHEDULER] 🔕 Timeout disarmed for task 2
execution-manager  | [SCHEDULER] 0 tasks remaining
execution-manager  | 
execution-manager  | [SCHEDULER] 🏁 Iteration 26/50 complete!
execution-manager  | [SCHEDULER] Iteration execution time: 27525 ms
execution-manager  | 
execution-manager  | 
execution-manager  | [SCHEDULER] 🔁 ===== ITERATION 27 / 50 =====
execution-manager  | 
execution-manager  | [SCHEDULER] 🚀 Schedule started at T=0
execution-manager  | 
execution-manager  | [SCHEDULER] 🔄 Entering event loop (NO SLEEP - event-driven!)
execution-manager  | 
execution-manager  | [SCHEDULER] ⏰ T=10000 ms | T_wall=132676517.218 ms: Launching task 1 'sum1' (deadline: 30000 ms)
execution-manager  | [SCHEDULER] 🕐 Timeout armed for task 1 at T=30000 ms (in 20000 ms)
execution-manager  | [GRPC THREAD 1] Starting...
execution-manager  | [EXECUTION MANAGER] ⏱️ T1=132676517.348 ms | Sending gRPC request for task 1 'sum1'
execution-manager  | [gRPC Channel Pool] Reusing existing channel for localhost:50051
execution-manager  | [gRPC Client Async] Calling task 'sum1' at localhost:50051
execution-manager  | [gRPC Client Async] Inputs: {"total_ops": 200, "io_percentage": 50}
execution-manager  | [gRPC Client Async] Response #1 - Status: COMPLETED
execution-manager  | 🎉 [T=12481 ms] Task 1 'sum1' COMPLETED
execution-manager  | [EXECUTION MANAGER] ⏱️ T2=132676518.353 ms | Thread started (server measured)
execution-manager  | [EXECUTION MANAGER] ⏱️ T3=132678997.459 ms | Task completed (server measured)
execution-manager  | [EXECUTION MANAGER] ⏱️ T4=132678998.111 ms | Result received by client
execution-manager  |    [TASK EXECUTION] 2479.106 ms (T3-T2, measured in thread)
execution-manager  |    [RESULT] {"result": 0}
execution-manager  | 
execution-manager  | ╔═══════════════════════════════════════════════════════════════╗
execution-manager  | ║           END-TO-END TIMING MEASUREMENT RECAP                 ║
execution-manager  | ║                   Task 1: sum1                                 
execution-manager  | ╠═══════════════════════════════════════════════════════════════╣
execution-manager  | ║ T1 (start_request)    = 132676517.348 ms                        ║
execution-manager  | ║ T2 (end_request)      = 132676518.353 ms                        ║
execution-manager  | ║ T3 (start_result)     = 132678997.459 ms                        ║
execution-manager  | ║ T4 (end_result)       = 132678998.111 ms                        ║
execution-manager  | ╠═══════════════════════════════════════════════════════════════╣
execution-manager  | ║ METRICS:                                                      ║
execution-manager  | ║   Request Latency    =        1.005 ms  (T2 - T1)            ║
execution-manager  | ║   Task Execution     =     2479.106 ms  (T3 - T2)            ║
execution-manager  | ║   Response Latency   =        0.652 ms  (T4 - T3)            ║
execution-manager  | ║   Total End-to-End   =     2480.763 ms  (T4 - T1)            ║
execution-manager  | ║   Network Overhead   =        1.657 ms  (Req + Resp)         ║
execution-manager  | ╚═══════════════════════════════════════════════════════════════╝
execution-manager  | 
execution-manager  | [gRPC Client Async] Stream completed, received 1 responses
execution-manager  | [GRPC THREAD 1] Completed
execution-manager  | [SCHEDULER] ✅ T=12481 ms: Task 1 'sum1' completed with status 2
execution-manager  | [SCHEDULER] 🔕 Timeout disarmed for task 1
execution-manager  | [SCHEDULER] 3 tasks remaining
execution-manager  | [SCHEDULER] ⏰ T=20000 ms | T_wall=132686517.253 ms: Launching task 2 'sum2' (deadline: 40000 ms)
execution-manager  | [SCHEDULER] 🕐 Timeout armed for task 2 at T=40000 ms (in 20000 ms)
execution-manager  | [GRPC THREAD 2] Starting...
execution-manager  | [EXECUTION MANAGER] ⏱️ T1=132686517.382 ms | Sending gRPC request for task 2 'sum2'
execution-manager  | [gRPC Channel Pool] Reusing existing channel for localhost:50052
execution-manager  | [gRPC Client Async] Calling task 'sum2' at localhost:50052
execution-manager  | [gRPC Client Async] Inputs: {"total_ops": 200, "io_percentage": 50}
execution-manager  | [SCHEDULER] ⏰ T=21488 ms | T_wall=132688005.033 ms: Launching task 3 'sum3' (deadline: 41000 ms)
execution-manager  | [SCHEDULER] 🕐 Timeout armed for task 3 at T=41000 ms (in 19512 ms)
execution-manager  | [SCHEDULER] ⏰ T=21488 ms | T_wall=132688005.168 ms: Launching task 4 'sum4' (deadline: 41000 ms)
execution-manager  | [SCHEDULER] 🕐 Timeout armed for task 4 at T=41000 ms (in 19512 ms)
execution-manager  | [GRPC THREAD 3] Starting...
execution-manager  | [EXECUTION MANAGER] ⏱️ T1=132688005.276 ms | Sending gRPC request for task 3 'sum3'
execution-manager  | [gRPC Channel Pool] Reusing existing channel for localhost:50053
execution-manager  | [gRPC Client Async] Calling task 'sum3' at localhost:50053
execution-manager  | [gRPC Client Async] Inputs: {"total_ops": 200, "io_percentage": 50}
execution-manager  | [GRPC THREAD 4] Starting...
execution-manager  | [EXECUTION MANAGER] ⏱️ T1=132688005.729 ms | Sending gRPC request for task 4 'sum4'
execution-manager  | [gRPC Channel Pool] Reusing existing channel for localhost:50054
execution-manager  | [gRPC Client Async] Calling task 'sum4' at localhost:50054
execution-manager  | [gRPC Client Async] Inputs: {"total_ops": 200, "io_percentage": 50}
execution-manager  | [gRPC Client Async] Response #1 - Status: COMPLETED
execution-manager  | 🎉 [T=27470 ms] Task 3 'sum3' COMPLETED
execution-manager  | [EXECUTION MANAGER] ⏱️ T2=132688860.845 ms | Thread started (server measured)
execution-manager  | [EXECUTION MANAGER] ⏱️ T3=132693986.719 ms | Task completed (server measured)
execution-manager  | [EXECUTION MANAGER] ⏱️ T4=132693987.794 ms | Result received by client
execution-manager  |    [TASK EXECUTION] 5125.874 ms (T3-T2, measured in thread)
execution-manager  |    [RESULT] {"result": 0}
execution-manager  | 
execution-manager  | ╔═══════════════════════════════════════════════════════════════╗
execution-manager  | ║           END-TO-END TIMING MEASUREMENT RECAP                 ║
execution-manager  | ║                   Task 3: sum3                                 
execution-manager  | ╠═══════════════════════════════════════════════════════════════╣
execution-manager  | ║ T1 (start_request)    = 132688005.276 ms                        ║
execution-manager  | ║ T2 (end_request)      = 132688860.845 ms                        ║
execution-manager  | ║ T3 (start_result)     = 132693986.719 ms                        ║
execution-manager  | ║ T4 (end_result)       = 132693987.794 ms                        ║
execution-manager  | ╠═══════════════════════════════════════════════════════════════╣
execution-manager  | ║ METRICS:                                                      ║
execution-manager  | ║   Request Latency    =      855.569 ms  (T2 - T1)            ║
execution-manager  | ║   Task Execution     =     5125.874 ms  (T3 - T2)            ║
execution-manager  | ║   Response Latency   =        1.075 ms  (T4 - T3)            ║
execution-manager  | ║   Total End-to-End   =     5982.518 ms  (T4 - T1)            ║
execution-manager  | ║   Network Overhead   =      856.644 ms  (Req + Resp)         ║
execution-manager  | ╚═══════════════════════════════════════════════════════════════╝
execution-manager  | 
execution-manager  | [gRPC Client Async] Stream completed, received 1 responses
execution-manager  | [GRPC THREAD 3] Completed
execution-manager  | [SCHEDULER] ✅ T=27471 ms: Task 3 'sum3' completed with status 2
execution-manager  | [SCHEDULER] 🔕 Timeout disarmed for task 3
execution-manager  | [SCHEDULER] 2 tasks remaining
execution-manager  | [gRPC Client Async] Response #1 - Status: COMPLETED
execution-manager  | 🎉 [T=27478 ms] Task 2 'sum2' COMPLETED
execution-manager  | [EXECUTION MANAGER] ⏱️ T2=132686518.410 ms | Thread started (server measured)
execution-manager  | [EXECUTION MANAGER] ⏱️ T3=132693994.656 ms | Task completed (server measured)
execution-manager  | [EXECUTION MANAGER] ⏱️ T4=132693995.261 ms | Result received by client
execution-manager  |    [TASK EXECUTION] 7476.246 ms (T3-T2, measured in thread)
execution-manager  |    [RESULT] {"result": 0}
execution-manager  | 
execution-manager  | ╔═══════════════════════════════════════════════════════════════╗
execution-manager  | ║           END-TO-END TIMING MEASUREMENT RECAP                 ║
execution-manager  | ║                   Task 2: sum2                                 
execution-manager  | ╠═══════════════════════════════════════════════════════════════╣
execution-manager  | ║ T1 (start_request)    = 132686517.382 ms                        ║
execution-manager  | ║ T2 (end_request)      = 132686518.410 ms                        ║
execution-manager  | ║ T3 (start_result)     = 132693994.656 ms                        ║
execution-manager  | ║ T4 (end_result)       = 132693995.261 ms                        ║
execution-manager  | ╠═══════════════════════════════════════════════════════════════╣
execution-manager  | ║ METRICS:                                                      ║
execution-manager  | ║   Request Latency    =        1.028 ms  (T2 - T1)            ║
execution-manager  | ║   Task Execution     =     7476.246 ms  (T3 - T2)            ║
execution-manager  | ║   Response Latency   =        0.606 ms  (T4 - T3)            ║
execution-manager  | ║   Total End-to-End   =     7477.880 ms  (T4 - T1)            ║
execution-manager  | ║   Network Overhead   =        1.634 ms  (Req + Resp)         ║
execution-manager  | ╚═══════════════════════════════════════════════════════════════╝
execution-manager  | 
execution-manager  | [SCHEDULER] ✅ T=27478 ms: Task 2 'sum2' completed with status 2
execution-manager  | [SCHEDULER] 🔕 Timeout disarmed for task 2
execution-manager  | [SCHEDULER] 1 tasks remaining
execution-manager  | [gRPC Client Async] Stream completed, received 1 responses
execution-manager  | [GRPC THREAD 2] Completed
execution-manager  | [gRPC Client Async] Response #1 - Status: COMPLETED
execution-manager  | 🎉 [T=27480 ms] Task 4 'sum4' COMPLETED
execution-manager  | [EXECUTION MANAGER] ⏱️ T2=132688860.855 ms | Thread started (server measured)
execution-manager  | [EXECUTION MANAGER] ⏱️ T3=132693996.942 ms | Task completed (server measured)
execution-manager  | [EXECUTION MANAGER] ⏱️ T4=132693997.509 ms | Result received by client
execution-manager  |    [TASK EXECUTION] 5136.087 ms (T3-T2, measured in thread)
execution-manager  |    [RESULT] {"result": 0}
execution-manager  | 
execution-manager  | ╔═══════════════════════════════════════════════════════════════╗
execution-manager  | ║           END-TO-END TIMING MEASUREMENT RECAP                 ║
execution-manager  | ║                   Task 4: sum4                                 
execution-manager  | ╠═══════════════════════════════════════════════════════════════╣
execution-manager  | ║ T1 (start_request)    = 132688005.729 ms                        ║
execution-manager  | ║ T2 (end_request)      = 132688860.855 ms                        ║
execution-manager  | ║ T3 (start_result)     = 132693996.942 ms                        ║
execution-manager  | ║ T4 (end_result)       = 132693997.509 ms                        ║
execution-manager  | ╠═══════════════════════════════════════════════════════════════╣
execution-manager  | ║ METRICS:                                                      ║
execution-manager  | ║   Request Latency    =      855.126 ms  (T2 - T1)            ║
execution-manager  | ║   Task Execution     =     5136.087 ms  (T3 - T2)            ║
execution-manager  | ║   Response Latency   =        0.566 ms  (T4 - T3)            ║
execution-manager  | ║   Total End-to-End   =     5991.779 ms  (T4 - T1)            ║
execution-manager  | ║   Network Overhead   =      855.692 ms  (Req + Resp)         ║
execution-manager  | ╚═══════════════════════════════════════════════════════════════╝
execution-manager  | 
execution-manager  | [gRPC Client Async] Stream completed, received 1 responses
execution-manager  | [GRPC THREAD 4] Completed
execution-manager  | [SCHEDULER] ✅ T=27480 ms: Task 4 'sum4' completed with status 2
execution-manager  | [SCHEDULER] 🔕 Timeout disarmed for task 4
execution-manager  | [SCHEDULER] 0 tasks remaining
execution-manager  | 
execution-manager  | [SCHEDULER] 🏁 Iteration 27/50 complete!
execution-manager  | [SCHEDULER] Iteration execution time: 27480 ms
execution-manager  | 
execution-manager  | 
execution-manager  | [SCHEDULER] 🔁 ===== ITERATION 28 / 50 =====
execution-manager  | 
execution-manager  | [SCHEDULER] 🚀 Schedule started at T=0
execution-manager  | 
execution-manager  | [SCHEDULER] 🔄 Entering event loop (NO SLEEP - event-driven!)
execution-manager  | 
execution-manager  | [SCHEDULER] ⏰ T=10000 ms | T_wall=132703997.998 ms: Launching task 1 'sum1' (deadline: 30000 ms)
execution-manager  | [SCHEDULER] 🕐 Timeout armed for task 1 at T=30000 ms (in 19999 ms)
execution-manager  | [GRPC THREAD 1] Starting...
execution-manager  | [EXECUTION MANAGER] ⏱️ T1=132703998.177 ms | Sending gRPC request for task 1 'sum1'
execution-manager  | [gRPC Channel Pool] Reusing existing channel for localhost:50051
execution-manager  | [gRPC Client Async] Calling task 'sum1' at localhost:50051
execution-manager  | [gRPC Client Async] Inputs: {"total_ops": 200, "io_percentage": 50}
execution-manager  | [gRPC Client Async] Response #1 - Status: COMPLETED
execution-manager  | 🎉 [T=12537 ms] Task 1 'sum1' COMPLETED
execution-manager  | [EXECUTION MANAGER] ⏱️ T2=132703999.128 ms | Thread started (server measured)
execution-manager  | [EXECUTION MANAGER] ⏱️ T3=132706533.583 ms | Task completed (server measured)
execution-manager  | [EXECUTION MANAGER] ⏱️ T4=132706534.637 ms | Result received by client
execution-manager  |    [TASK EXECUTION] 2534.455 ms (T3-T2, measured in thread)
execution-manager  |    [RESULT] {"result": 0}
execution-manager  | 
execution-manager  | ╔═══════════════════════════════════════════════════════════════╗
execution-manager  | ║           END-TO-END TIMING MEASUREMENT RECAP                 ║
execution-manager  | ║                   Task 1: sum1                                 
execution-manager  | ╠═══════════════════════════════════════════════════════════════╣
execution-manager  | ║ T1 (start_request)    = 132703998.177 ms                        ║
execution-manager  | ║ T2 (end_request)      = 132703999.128 ms                        ║
execution-manager  | ║ T3 (start_result)     = 132706533.583 ms                        ║
execution-manager  | ║ T4 (end_result)       = 132706534.637 ms                        ║
execution-manager  | ╠═══════════════════════════════════════════════════════════════╣
execution-manager  | ║ METRICS:                                                      ║
execution-manager  | ║   Request Latency    =        0.951 ms  (T2 - T1)            ║
execution-manager  | ║   Task Execution     =     2534.455 ms  (T3 - T2)            ║
execution-manager  | ║   Response Latency   =        1.054 ms  (T4 - T3)            ║
execution-manager  | ║   Total End-to-End   =     2536.461 ms  (T4 - T1)            ║
execution-manager  | ║   Network Overhead   =        2.006 ms  (Req + Resp)         ║
execution-manager  | ╚═══════════════════════════════════════════════════════════════╝
execution-manager  | 
execution-manager  | [gRPC Client Async] Stream completed, received 1 responses
execution-manager  | [GRPC THREAD 1] Completed
execution-manager  | [SCHEDULER] ✅ T=12538 ms: Task 1 'sum1' completed with status 2
execution-manager  | [SCHEDULER] 🔕 Timeout disarmed for task 1
execution-manager  | [SCHEDULER] 3 tasks remaining
execution-manager  | [SCHEDULER] ⏰ T=20001 ms | T_wall=132713998.141 ms: Launching task 2 'sum2' (deadline: 40000 ms)
execution-manager  | [SCHEDULER] 🕐 Timeout armed for task 2 at T=40000 ms (in 19999 ms)
execution-manager  | [GRPC THREAD 2] Starting...
execution-manager  | [EXECUTION MANAGER] ⏱️ T1=132713998.424 ms | Sending gRPC request for task 2 'sum2'
execution-manager  | [gRPC Channel Pool] Reusing existing channel for localhost:50052
execution-manager  | [gRPC Client Async] Calling task 'sum2' at localhost:50052
execution-manager  | [gRPC Client Async] Inputs: {"total_ops": 200, "io_percentage": 50}
execution-manager  | [SCHEDULER] ⏰ T=21008 ms | T_wall=132715005.033 ms: Launching task 3 'sum3' (deadline: 41000 ms)
execution-manager  | [SCHEDULER] 🕐 Timeout armed for task 3 at T=41000 ms (in 19992 ms)
execution-manager  | [SCHEDULER] ⏰ T=21008 ms | T_wall=132715005.176 ms: Launching task 4 'sum4' (deadline: 41000 ms)
execution-manager  | [SCHEDULER] 🕐 Timeout armed for task 4 at T=41000 ms (in 19992 ms)
execution-manager  | [GRPC THREAD 3] Starting...
execution-manager  | [EXECUTION MANAGER] ⏱️ T1=132715005.289 ms | Sending gRPC request for task 3 'sum3'
execution-manager  | [gRPC Channel Pool] Reusing existing channel for localhost:50053
execution-manager  | [gRPC Client Async] Calling task 'sum3' at localhost:50053
execution-manager  | [gRPC Client Async] Inputs: {"total_ops": 200, "io_percentage": 50}
execution-manager  | [GRPC THREAD 4] Starting...
execution-manager  | [EXECUTION MANAGER] ⏱️ T1=132715005.771 ms | Sending gRPC request for task 4 'sum4'
execution-manager  | [gRPC Channel Pool] Reusing existing channel for localhost:50054
execution-manager  | [gRPC Client Async] Calling task 'sum4' at localhost:50054
execution-manager  | [gRPC Client Async] Inputs: {"total_ops": 200, "io_percentage": 50}
execution-manager  | [gRPC Client Async] Response #1 - Status: COMPLETED
execution-manager  | 🎉 [T=27512 ms] Task 3 'sum3' COMPLETED
execution-manager  | [EXECUTION MANAGER] ⏱️ T2=132715006.290 ms | Thread started (server measured)
execution-manager  | [EXECUTION MANAGER] ⏱️ T3=132721508.448 ms | Task completed (server measured)
execution-manager  | [EXECUTION MANAGER] ⏱️ T4=132721509.227 ms | Result received by client
execution-manager  |    [TASK EXECUTION] 6502.158 ms (T3-T2, measured in thread)
execution-manager  |    [RESULT] {"result": 0}
execution-manager  | 
execution-manager  | ╔═══════════════════════════════════════════════════════════════╗
execution-manager  | ║           END-TO-END TIMING MEASUREMENT RECAP                 ║
execution-manager  | ║                   Task 3: sum3                                 
execution-manager  | ╠═══════════════════════════════════════════════════════════════╣
execution-manager  | ║ T1 (start_request)    = 132715005.289 ms                        ║
execution-manager  | ║ T2 (end_request)      = 132715006.290 ms                        ║
execution-manager  | ║ T3 (start_result)     = 132721508.448 ms                        ║
execution-manager  | ║ T4 (end_result)       = 132721509.227 ms                        ║
execution-manager  | ╠═══════════════════════════════════════════════════════════════╣
execution-manager  | ║ METRICS:                                                      ║
execution-manager  | ║   Request Latency    =        1.002 ms  (T2 - T1)            ║
execution-manager  | ║   Task Execution     =     6502.158 ms  (T3 - T2)            ║
execution-manager  | ║   Response Latency   =        0.779 ms  (T4 - T3)            ║
execution-manager  | ║   Total End-to-End   =     6503.939 ms  (T4 - T1)            ║
execution-manager  | ║   Network Overhead   =        1.781 ms  (Req + Resp)         ║
execution-manager  | ╚═══════════════════════════════════════════════════════════════╝
execution-manager  | 
execution-manager  | [SCHEDULER] ✅ T=27512 ms: Task 3 'sum3' completed with status 2
execution-manager  | [SCHEDULER] 🔕 Timeout disarmed for task 3
execution-manager  | [SCHEDULER] 2 tasks remaining
execution-manager  | [gRPC Client Async] Stream completed, received 1 responses
execution-manager  | [GRPC THREAD 3] Completed
execution-manager  | [gRPC Client Async] Response #1 - Status: COMPLETED
execution-manager  | 🎉 [T=27518 ms] Task 4 'sum4' COMPLETED
execution-manager  | [EXECUTION MANAGER] ⏱️ T2=132717397.457 ms | Thread started (server measured)
execution-manager  | [EXECUTION MANAGER] ⏱️ T3=132721515.060 ms | Task completed (server measured)
execution-manager  | [EXECUTION MANAGER] ⏱️ T4=132721515.846 ms | Result received by client
execution-manager  |    [TASK EXECUTION] 4117.603 ms (T3-T2, measured in thread)
execution-manager  |    [RESULT] {"result": 0}
execution-manager  | 
execution-manager  | ╔═══════════════════════════════════════════════════════════════╗
execution-manager  | ║           END-TO-END TIMING MEASUREMENT RECAP                 ║
execution-manager  | ║                   Task 4: sum4                                 
execution-manager  | ╠═══════════════════════════════════════════════════════════════╣
execution-manager  | ║ T1 (start_request)    = 132715005.771 ms                        ║
execution-manager  | ║ T2 (end_request)      = 132717397.457 ms                        ║
execution-manager  | ║ T3 (start_result)     = 132721515.060 ms                        ║
execution-manager  | ║ T4 (end_result)       = 132721515.846 ms                        ║
execution-manager  | ╠═══════════════════════════════════════════════════════════════╣
execution-manager  | ║ METRICS:                                                      ║
execution-manager  | ║   Request Latency    =     2391.685 ms  (T2 - T1)            ║
execution-manager  | ║   Task Execution     =     4117.603 ms  (T3 - T2)            ║
execution-manager  | ║   Response Latency   =        0.785 ms  (T4 - T3)            ║
execution-manager  | ║   Total End-to-End   =     6510.074 ms  (T4 - T1)            ║
execution-manager  | ║   Network Overhead   =     2392.471 ms  (Req + Resp)         ║
execution-manager  | ╚═══════════════════════════════════════════════════════════════╝
execution-manager  | 
execution-manager  | [SCHEDULER] ✅ T=27518 ms: Task 4 'sum4' completed with status 2
execution-manager  | [SCHEDULER] 🔕 Timeout disarmed for task 4
execution-manager  | [SCHEDULER] 1 tasks remaining
execution-manager  | [gRPC Client Async] Stream completed, received 1 responses
execution-manager  | [GRPC THREAD 4] Completed
execution-manager  | [gRPC Client Async] Response #1 - Status: COMPLETED
execution-manager  | 🎉 [T=27523 ms] Task 2 'sum2' COMPLETED
execution-manager  | [EXECUTION MANAGER] ⏱️ T2=132713999.361 ms | Thread started (server measured)
execution-manager  | [EXECUTION MANAGER] ⏱️ T3=132721519.660 ms | Task completed (server measured)
execution-manager  | [EXECUTION MANAGER] ⏱️ T4=132721520.142 ms | Result received by client
execution-manager  |    [TASK EXECUTION] 7520.299 ms (T3-T2, measured in thread)
execution-manager  |    [RESULT] {"result": 0}
execution-manager  | 
execution-manager  | ╔═══════════════════════════════════════════════════════════════╗
execution-manager  | ║           END-TO-END TIMING MEASUREMENT RECAP                 ║
execution-manager  | ║                   Task 2: sum2                                 
execution-manager  | ╠═══════════════════════════════════════════════════════════════╣
execution-manager  | ║ T1 (start_request)    = 132713998.424 ms                        ║
execution-manager  | ║ T2 (end_request)      = 132713999.361 ms                        ║
execution-manager  | ║ T3 (start_result)     = 132721519.660 ms                        ║
execution-manager  | ║ T4 (end_result)       = 132721520.142 ms                        ║
execution-manager  | ╠═══════════════════════════════════════════════════════════════╣
execution-manager  | ║ METRICS:                                                      ║
execution-manager  | ║   Request Latency    =        0.937 ms  (T2 - T1)            ║
execution-manager  | ║   Task Execution     =     7520.299 ms  (T3 - T2)            ║
execution-manager  | ║   Response Latency   =        0.482 ms  (T4 - T3)            ║
execution-manager  | ║   Total End-to-End   =     7521.718 ms  (T4 - T1)            ║
execution-manager  | ║   Network Overhead   =        1.419 ms  (Req + Resp)         ║
execution-manager  | ╚═══════════════════════════════════════════════════════════════╝
execution-manager  | 
execution-manager  | [gRPC Client Async] Stream completed, received 1 responses
execution-manager  | [GRPC THREAD 2] Completed
execution-manager  | [SCHEDULER] ✅ T=27523 ms: Task 2 'sum2' completed with status 2
execution-manager  | [SCHEDULER] 🔕 Timeout disarmed for task 2
execution-manager  | [SCHEDULER] 0 tasks remaining
execution-manager  | 
execution-manager  | [SCHEDULER] 🏁 Iteration 28/50 complete!
execution-manager  | [SCHEDULER] Iteration execution time: 27523 ms
execution-manager  | 
execution-manager  | 
execution-manager  | [SCHEDULER] 🔁 ===== ITERATION 29 / 50 =====
execution-manager  | 
execution-manager  | [SCHEDULER] 🚀 Schedule started at T=0
execution-manager  | 
execution-manager  | [SCHEDULER] 🔄 Entering event loop (NO SLEEP - event-driven!)
execution-manager  | 
execution-manager  | [SCHEDULER] ⏰ T=10000 ms | T_wall=132731520.563 ms: Launching task 1 'sum1' (deadline: 30000 ms)
execution-manager  | [SCHEDULER] 🕐 Timeout armed for task 1 at T=30000 ms (in 20000 ms)
execution-manager  | [GRPC THREAD 1] Starting...
execution-manager  | [EXECUTION MANAGER] ⏱️ T1=132731520.698 ms | Sending gRPC request for task 1 'sum1'
execution-manager  | [gRPC Channel Pool] Reusing existing channel for localhost:50051
execution-manager  | [gRPC Client Async] Calling task 'sum1' at localhost:50051
execution-manager  | [gRPC Client Async] Inputs: {"total_ops": 200, "io_percentage": 50}
execution-manager  | [gRPC Client Async] Response #1 - Status: COMPLETED
execution-manager  | 🎉 [T=12485 ms] Task 1 'sum1' COMPLETED
execution-manager  | [EXECUTION MANAGER] ⏱️ T2=132731522.056 ms | Thread started (server measured)
execution-manager  | [EXECUTION MANAGER] ⏱️ T3=132734004.766 ms | Task completed (server measured)
execution-manager  | [EXECUTION MANAGER] ⏱️ T4=132734005.857 ms | Result received by client
execution-manager  |    [TASK EXECUTION] 2482.710 ms (T3-T2, measured in thread)
execution-manager  |    [RESULT] {"result": 0}
execution-manager  | 
execution-manager  | ╔═══════════════════════════════════════════════════════════════╗
execution-manager  | ║           END-TO-END TIMING MEASUREMENT RECAP                 ║
execution-manager  | ║                   Task 1: sum1                                 
execution-manager  | ╠═══════════════════════════════════════════════════════════════╣
execution-manager  | ║ T1 (start_request)    = 132731520.698 ms                        ║
execution-manager  | ║ T2 (end_request)      = 132731522.056 ms                        ║
execution-manager  | ║ T3 (start_result)     = 132734004.766 ms                        ║
execution-manager  | ║ T4 (end_result)       = 132734005.857 ms                        ║
execution-manager  | ╠═══════════════════════════════════════════════════════════════╣
execution-manager  | ║ METRICS:                                                      ║
execution-manager  | ║   Request Latency    =        1.359 ms  (T2 - T1)            ║
execution-manager  | ║   Task Execution     =     2482.710 ms  (T3 - T2)            ║
execution-manager  | ║   Response Latency   =        1.091 ms  (T4 - T3)            ║
execution-manager  | ║   Total End-to-End   =     2485.159 ms  (T4 - T1)            ║
execution-manager  | ║   Network Overhead   =        2.450 ms  (Req + Resp)         ║
execution-manager  | ╚═══════════════════════════════════════════════════════════════╝
execution-manager  | 
execution-manager  | [gRPC Client Async] Stream completed, received 1 responses
execution-manager  | [GRPC THREAD 1] Completed
execution-manager  | [SCHEDULER] ✅ T=12486 ms: Task 1 'sum1' completed with status 2
execution-manager  | [SCHEDULER] 🔕 Timeout disarmed for task 1
execution-manager  | [SCHEDULER] 3 tasks remaining
execution-manager  | [SCHEDULER] ⏰ T=20000 ms | T_wall=132741520.589 ms: Launching task 2 'sum2' (deadline: 40000 ms)
execution-manager  | [SCHEDULER] 🕐 Timeout armed for task 2 at T=40000 ms (in 20000 ms)
execution-manager  | [GRPC THREAD 2] Starting...
execution-manager  | [EXECUTION MANAGER] ⏱️ T1=132741520.722 ms | Sending gRPC request for task 2 'sum2'
execution-manager  | [gRPC Channel Pool] Reusing existing channel for localhost:50052
execution-manager  | [gRPC Client Async] Calling task 'sum2' at localhost:50052
execution-manager  | [gRPC Client Async] Inputs: {"total_ops": 200, "io_percentage": 50}
execution-manager  | [SCHEDULER] ⏰ T=21485 ms | T_wall=132743005.034 ms: Launching task 3 'sum3' (deadline: 41000 ms)
execution-manager  | [SCHEDULER] 🕐 Timeout armed for task 3 at T=41000 ms (in 19515 ms)
execution-manager  | [SCHEDULER] ⏰ T=21485 ms | T_wall=132743005.173 ms: Launching task 4 'sum4' (deadline: 41000 ms)
execution-manager  | [SCHEDULER] 🕐 Timeout armed for task 4 at T=41000 ms (in 19515 ms)
execution-manager  | [GRPC THREAD 3] Starting...
execution-manager  | [EXECUTION MANAGER] ⏱️ T1=132743005.448 ms | Sending gRPC request for task 3 'sum3'
execution-manager  | [gRPC Channel Pool] Reusing existing channel for localhost:50053
execution-manager  | [gRPC Client Async] Calling task 'sum3' at localhost:50053
execution-manager  | [gRPC Client Async] Inputs: {"total_ops": 200, "io_percentage": 50}
execution-manager  | [GRPC THREAD 4] Starting...
execution-manager  | [EXECUTION MANAGER] ⏱️ T1=132743005.823 ms | Sending gRPC request for task 4 'sum4'
execution-manager  | [gRPC Channel Pool] Reusing existing channel for localhost:50054
execution-manager  | [gRPC Client Async] Calling task 'sum4' at localhost:50054
execution-manager  | [gRPC Client Async] Inputs: {"total_ops": 200, "io_percentage": 50}
execution-manager  | [gRPC Client Async] Response #1 - Status: COMPLETED
execution-manager  | 🎉 [T=27468 ms] Task 3 'sum3' COMPLETED
execution-manager  | [EXECUTION MANAGER] ⏱️ T2=132743864.396 ms | Thread started (server measured)
execution-manager  | [EXECUTION MANAGER] ⏱️ T3=132748987.444 ms | Task completed (server measured)
execution-manager  | [EXECUTION MANAGER] ⏱️ T4=132748988.411 ms | Result received by client
execution-manager  |    [TASK EXECUTION] 5123.048 ms (T3-T2, measured in thread)
execution-manager  |    [RESULT] {"result": 0}
execution-manager  | 
execution-manager  | ╔═══════════════════════════════════════════════════════════════╗
execution-manager  | ║           END-TO-END TIMING MEASUREMENT RECAP                 ║
execution-manager  | ║                   Task 3: sum3                                 
execution-manager  | ╠═══════════════════════════════════════════════════════════════╣
execution-manager  | ║ T1 (start_request)    = 132743005.448 ms                        ║
execution-manager  | ║ T2 (end_request)      = 132743864.396 ms                        ║
execution-manager  | ║ T3 (start_result)     = 132748987.444 ms                        ║
execution-manager  | ║ T4 (end_result)       = 132748988.411 ms                        ║
execution-manager  | ╠═══════════════════════════════════════════════════════════════╣
execution-manager  | ║ METRICS:                                                      ║
execution-manager  | ║   Request Latency    =      858.949 ms  (T2 - T1)            ║
execution-manager  | ║   Task Execution     =     5123.048 ms  (T3 - T2)            ║
execution-manager  | ║   Response Latency   =        0.967 ms  (T4 - T3)            ║
execution-manager  | ║   Total End-to-End   =     5982.964 ms  (T4 - T1)            ║
execution-manager  | ║   Network Overhead   =      859.916 ms  (Req + Resp)         ║
execution-manager  | ╚═══════════════════════════════════════════════════════════════╝
execution-manager  | 
execution-manager  | [SCHEDULER] ✅ T=27468 ms: Task 3 'sum3' completed with status 2
execution-manager  | [SCHEDULER] 🔕 Timeout disarmed for task 3
execution-manager  | [SCHEDULER] 2 tasks remaining
execution-manager  | [gRPC Client Async] Stream completed, received 1 responses
execution-manager  | [GRPC THREAD 3] Completed
execution-manager  | [gRPC Client Async] Response #1 - Status: COMPLETED
execution-manager  | 🎉 [T=27471 ms] Task 2 'sum2' COMPLETED
execution-manager  | [EXECUTION MANAGER] ⏱️ T2=132741521.737 ms | Thread started (server measured)
execution-manager  | [EXECUTION MANAGER] ⏱️ T3=132748990.827 ms | Task completed (server measured)
execution-manager  | [EXECUTION MANAGER] ⏱️ T4=132748991.427 ms | Result received by client
execution-manager  |    [TASK EXECUTION] 7469.090 ms (T3-T2, measured in thread)
execution-manager  |    [RESULT] {"result": 0}
execution-manager  | 
execution-manager  | ╔═══════════════════════════════════════════════════════════════╗
execution-manager  | ║           END-TO-END TIMING MEASUREMENT RECAP                 ║
execution-manager  | ║                   Task 2: sum2                                 
execution-manager  | ╠═══════════════════════════════════════════════════════════════╣
execution-manager  | ║ T1 (start_request)    = 132741520.722 ms                        ║
execution-manager  | ║ T2 (end_request)      = 132741521.737 ms                        ║
execution-manager  | ║ T3 (start_result)     = 132748990.827 ms                        ║
execution-manager  | ║ T4 (end_result)       = 132748991.427 ms                        ║
execution-manager  | ╠═══════════════════════════════════════════════════════════════╣
execution-manager  | ║ METRICS:                                                      ║
execution-manager  | ║   Request Latency    =        1.016 ms  (T2 - T1)            ║
execution-manager  | ║   Task Execution     =     7469.090 ms  (T3 - T2)            ║
execution-manager  | ║   Response Latency   =        0.600 ms  (T4 - T3)            ║
execution-manager  | ║   Total End-to-End   =     7470.705 ms  (T4 - T1)            ║
execution-manager  | ║   Network Overhead   =        1.616 ms  (Req + Resp)         ║
execution-manager  | ╚═══════════════════════════════════════════════════════════════╝
execution-manager  | 
execution-manager  | [SCHEDULER] ✅ T=27471 ms: Task 2 'sum2' completed with status 2
execution-manager  | [SCHEDULER] 🔕 Timeout disarmed for task 2
execution-manager  | [SCHEDULER] 1 tasks remaining
execution-manager  | [gRPC Client Async] Stream completed, received 1 responses
execution-manager  | [GRPC THREAD 2] Completed
execution-manager  | [gRPC Client Async] Response #1 - Status: COMPLETED
execution-manager  | 🎉 [T=27474 ms] Task 4 'sum4' COMPLETED
execution-manager  | [EXECUTION MANAGER] ⏱️ T2=132743864.359 ms | Thread started (server measured)
execution-manager  | [EXECUTION MANAGER] ⏱️ T3=132748994.265 ms | Task completed (server measured)
execution-manager  | [EXECUTION MANAGER] ⏱️ T4=132748994.916 ms | Result received by client
execution-manager  |    [TASK EXECUTION] 5129.906 ms (T3-T2, measured in thread)
execution-manager  |    [RESULT] {"result": 0}
execution-manager  | 
execution-manager  | ╔═══════════════════════════════════════════════════════════════╗
execution-manager  | ║           END-TO-END TIMING MEASUREMENT RECAP                 ║
execution-manager  | ║                   Task 4: sum4                                 
execution-manager  | ╠═══════════════════════════════════════════════════════════════╣
execution-manager  | ║ T1 (start_request)    = 132743005.823 ms                        ║
execution-manager  | ║ T2 (end_request)      = 132743864.359 ms                        ║
execution-manager  | ║ T3 (start_result)     = 132748994.265 ms                        ║
execution-manager  | ║ T4 (end_result)       = 132748994.916 ms                        ║
execution-manager  | ╠═══════════════════════════════════════════════════════════════╣
execution-manager  | ║ METRICS:                                                      ║
execution-manager  | ║   Request Latency    =      858.536 ms  (T2 - T1)            ║
execution-manager  | ║   Task Execution     =     5129.906 ms  (T3 - T2)            ║
execution-manager  | ║   Response Latency   =        0.651 ms  (T4 - T3)            ║
execution-manager  | ║   Total End-to-End   =     5989.092 ms  (T4 - T1)            ║
execution-manager  | ║   Network Overhead   =      859.187 ms  (Req + Resp)         ║
execution-manager  | ╚═══════════════════════════════════════════════════════════════╝
execution-manager  | 
execution-manager  | [gRPC Client Async] Stream completed, received 1 responses
execution-manager  | [GRPC THREAD 4] Completed
execution-manager  | [SCHEDULER] ✅ T=27475 ms: Task 4 'sum4' completed with status 2
execution-manager  | [SCHEDULER] 🔕 Timeout disarmed for task 4
execution-manager  | [SCHEDULER] 0 tasks remaining
execution-manager  | 
execution-manager  | [SCHEDULER] 🏁 Iteration 29/50 complete!
execution-manager  | [SCHEDULER] Iteration execution time: 27475 ms
execution-manager  | 
execution-manager  | 
execution-manager  | [SCHEDULER] 🔁 ===== ITERATION 30 / 50 =====
execution-manager  | 
execution-manager  | [SCHEDULER] 🚀 Schedule started at T=0
execution-manager  | 
execution-manager  | [SCHEDULER] 🔄 Entering event loop (NO SLEEP - event-driven!)
execution-manager  | 
execution-manager  | [SCHEDULER] ⏰ T=10000 ms | T_wall=132758995.397 ms: Launching task 1 'sum1' (deadline: 30000 ms)
execution-manager  | [SCHEDULER] 🕐 Timeout armed for task 1 at T=30000 ms (in 20000 ms)
execution-manager  | [GRPC THREAD 1] Starting...
execution-manager  | [EXECUTION MANAGER] ⏱️ T1=132758995.533 ms | Sending gRPC request for task 1 'sum1'
execution-manager  | [gRPC Channel Pool] Reusing existing channel for localhost:50051
execution-manager  | [gRPC Client Async] Calling task 'sum1' at localhost:50051
execution-manager  | [gRPC Client Async] Inputs: {"total_ops": 200, "io_percentage": 50}
execution-manager  | [gRPC Client Async] Response #1 - Status: COMPLETED
execution-manager  | 🎉 [T=12534 ms] Task 1 'sum1' COMPLETED
execution-manager  | [EXECUTION MANAGER] ⏱️ T2=132758996.454 ms | Thread started (server measured)
execution-manager  | [EXECUTION MANAGER] ⏱️ T3=132761528.551 ms | Task completed (server measured)
execution-manager  | [EXECUTION MANAGER] ⏱️ T4=132761529.380 ms | Result received by client
execution-manager  |    [TASK EXECUTION] 2532.097 ms (T3-T2, measured in thread)
execution-manager  |    [RESULT] {"result": 0}
execution-manager  | 
execution-manager  | ╔═══════════════════════════════════════════════════════════════╗
execution-manager  | ║           END-TO-END TIMING MEASUREMENT RECAP                 ║
execution-manager  | ║                   Task 1: sum1                                 
execution-manager  | ╠═══════════════════════════════════════════════════════════════╣
execution-manager  | ║ T1 (start_request)    = 132758995.533 ms                        ║
execution-manager  | ║ T2 (end_request)      = 132758996.454 ms                        ║
execution-manager  | ║ T3 (start_result)     = 132761528.551 ms                        ║
execution-manager  | ║ T4 (end_result)       = 132761529.380 ms                        ║
execution-manager  | ╠═══════════════════════════════════════════════════════════════╣
execution-manager  | ║ METRICS:                                                      ║
execution-manager  | ║   Request Latency    =        0.920 ms  (T2 - T1)            ║
execution-manager  | ║   Task Execution     =     2532.097 ms  (T3 - T2)            ║
execution-manager  | ║   Response Latency   =        0.829 ms  (T4 - T3)            ║
execution-manager  | ║   Total End-to-End   =     2533.847 ms  (T4 - T1)            ║
execution-manager  | ║   Network Overhead   =        1.750 ms  (Req + Resp)         ║
execution-manager  | ╚═══════════════════════════════════════════════════════════════╝
execution-manager  | 
execution-manager  | [gRPC Client Async] Stream completed, received 1 responses
execution-manager  | [GRPC THREAD 1] Completed
execution-manager  | [SCHEDULER] ✅ T=12534 ms: Task 1 'sum1' completed with status 2
execution-manager  | [SCHEDULER] 🔕 Timeout disarmed for task 1
execution-manager  | [SCHEDULER] 3 tasks remaining
execution-manager  | [SCHEDULER] ⏰ T=20000 ms | T_wall=132768995.430 ms: Launching task 2 'sum2' (deadline: 40000 ms)
execution-manager  | [SCHEDULER] 🕐 Timeout armed for task 2 at T=40000 ms (in 20000 ms)
execution-manager  | [GRPC THREAD 2] Starting...
execution-manager  | [EXECUTION MANAGER] ⏱️ T1=132768995.568 ms | Sending gRPC request for task 2 'sum2'
execution-manager  | [gRPC Channel Pool] Reusing existing channel for localhost:50052
execution-manager  | [gRPC Client Async] Calling task 'sum2' at localhost:50052
execution-manager  | [gRPC Client Async] Inputs: {"total_ops": 200, "io_percentage": 50}
execution-manager  | [SCHEDULER] ⏰ T=21010 ms | T_wall=132770005.033 ms: Launching task 3 'sum3' (deadline: 41000 ms)
execution-manager  | [SCHEDULER] 🕐 Timeout armed for task 3 at T=41000 ms (in 19990 ms)
execution-manager  | [SCHEDULER] ⏰ T=21010 ms | T_wall=132770005.176 ms: Launching task 4 'sum4' (deadline: 41000 ms)
execution-manager  | [SCHEDULER] 🕐 Timeout armed for task 4 at T=41000 ms (in 19990 ms)
execution-manager  | [GRPC THREAD 3] Starting...
execution-manager  | [EXECUTION MANAGER] ⏱️ T1=132770005.285 ms | Sending gRPC request for task 3 'sum3'
execution-manager  | [gRPC Channel Pool] Reusing existing channel for localhost:50053
execution-manager  | [gRPC Client Async] Calling task 'sum3' at localhost:50053
execution-manager  | [gRPC Client Async] Inputs: {"total_ops": 200, "io_percentage": 50}
execution-manager  | [GRPC THREAD 4] Starting...
execution-manager  | [EXECUTION MANAGER] ⏱️ T1=132770005.810 ms | Sending gRPC request for task 4 'sum4'
execution-manager  | [gRPC Channel Pool] Reusing existing channel for localhost:50054
execution-manager  | [gRPC Client Async] Calling task 'sum4' at localhost:50054
execution-manager  | [gRPC Client Async] Inputs: {"total_ops": 200, "io_percentage": 50}
execution-manager  | [gRPC Client Async] Response #1 - Status: COMPLETED
execution-manager  | 🎉 [T=27523 ms] Task 3 'sum3' COMPLETED
execution-manager  | [EXECUTION MANAGER] ⏱️ T2=132770006.736 ms | Thread started (server measured)
execution-manager  | [EXECUTION MANAGER] ⏱️ T3=132776517.420 ms | Task completed (server measured)
execution-manager  | [EXECUTION MANAGER] ⏱️ T4=132776518.604 ms | Result received by client
execution-manager  |    [TASK EXECUTION] 6510.684 ms (T3-T2, measured in thread)
execution-manager  |    [RESULT] {"result": 0}
execution-manager  | 
execution-manager  | ╔═══════════════════════════════════════════════════════════════╗
execution-manager  | ║           END-TO-END TIMING MEASUREMENT RECAP                 ║
execution-manager  | ║                   Task 3: sum3                                 
execution-manager  | ╠═══════════════════════════════════════════════════════════════╣
execution-manager  | ║ T1 (start_request)    = 132770005.285 ms                        ║
execution-manager  | ║ T2 (end_request)      = 132770006.736 ms                        ║
execution-manager  | ║ T3 (start_result)     = 132776517.420 ms                        ║
execution-manager  | ║ T4 (end_result)       = 132776518.604 ms                        ║
execution-manager  | ╠═══════════════════════════════════════════════════════════════╣
execution-manager  | ║ METRICS:                                                      ║
execution-manager  | ║   Request Latency    =        1.451 ms  (T2 - T1)            ║
execution-manager  | ║   Task Execution     =     6510.684 ms  (T3 - T2)            ║
execution-manager  | ║   Response Latency   =        1.184 ms  (T4 - T3)            ║
execution-manager  | ║   Total End-to-End   =     6513.319 ms  (T4 - T1)            ║
execution-manager  | ║   Network Overhead   =        2.635 ms  (Req + Resp)         ║
execution-manager  | ╚═══════════════════════════════════════════════════════════════╝
execution-manager  | 
execution-manager  | [gRPC Client Async] Stream completed, received 1 responses
execution-manager  | [GRPC THREAD 3] Completed
execution-manager  | [SCHEDULER] ✅ T=27523 ms: Task 3 'sum3' completed with status 2
execution-manager  | [SCHEDULER] 🔕 Timeout disarmed for task 3
execution-manager  | [SCHEDULER] 2 tasks remaining
execution-manager  | [gRPC Client Async] Response #1 - Status: COMPLETED
execution-manager  | 🎉 [T=27530 ms] Task 4 'sum4' COMPLETED
execution-manager  | [EXECUTION MANAGER] ⏱️ T2=132770006.669 ms | Thread started (server measured)
execution-manager  | [EXECUTION MANAGER] ⏱️ T3=132776524.433 ms | Task completed (server measured)
execution-manager  | [EXECUTION MANAGER] ⏱️ T4=132776525.040 ms | Result received by client
execution-manager  |    [TASK EXECUTION] 6517.764 ms (T3-T2, measured in thread)
execution-manager  |    [RESULT] {"result": 0}
execution-manager  | 
execution-manager  | ╔═══════════════════════════════════════════════════════════════╗
execution-manager  | ║           END-TO-END TIMING MEASUREMENT RECAP                 ║
execution-manager  | ║                   Task 4: sum4                                 
execution-manager  | ╠═══════════════════════════════════════════════════════════════╣
execution-manager  | ║ T1 (start_request)    = 132770005.810 ms                        ║
execution-manager  | ║ T2 (end_request)      = 132770006.669 ms                        ║
execution-manager  | ║ T3 (start_result)     = 132776524.433 ms                        ║
execution-manager  | ║ T4 (end_result)       = 132776525.040 ms                        ║
execution-manager  | ╠═══════════════════════════════════════════════════════════════╣
execution-manager  | ║ METRICS:                                                      ║
execution-manager  | ║   Request Latency    =        0.859 ms  (T2 - T1)            ║
execution-manager  | ║   Task Execution     =     6517.764 ms  (T3 - T2)            ║
execution-manager  | ║   Response Latency   =        0.607 ms  (T4 - T3)            ║
execution-manager  | ║   Total End-to-End   =     6519.230 ms  (T4 - T1)            ║
execution-manager  | ║   Network Overhead   =        1.466 ms  (Req + Resp)         ║
execution-manager  | ╚═══════════════════════════════════════════════════════════════╝
execution-manager  | 
execution-manager  | [SCHEDULER] ✅ T=27530 ms: Task 4 'sum4' completed with status 2
execution-manager  | [SCHEDULER] 🔕 Timeout disarmed for task 4
execution-manager  | [SCHEDULER] 1 tasks remaining
execution-manager  | [gRPC Client Async] Stream completed, received 1 responses
execution-manager  | [GRPC THREAD 4] Completed
execution-manager  | [gRPC Client Async] Response #1 - Status: COMPLETED
execution-manager  | 🎉 [T=27537 ms] Task 2 'sum2' COMPLETED
execution-manager  | [EXECUTION MANAGER] ⏱️ T2=132768996.562 ms | Thread started (server measured)
execution-manager  | [EXECUTION MANAGER] ⏱️ T3=132776531.867 ms | Task completed (server measured)
execution-manager  | [EXECUTION MANAGER] ⏱️ T4=132776532.518 ms | Result received by client
execution-manager  |    [TASK EXECUTION] 7535.305 ms (T3-T2, measured in thread)
execution-manager  |    [RESULT] {"result": 0}
execution-manager  | 
execution-manager  | ╔═══════════════════════════════════════════════════════════════╗
execution-manager  | ║           END-TO-END TIMING MEASUREMENT RECAP                 ║
execution-manager  | ║                   Task 2: sum2                                 
execution-manager  | ╠═══════════════════════════════════════════════════════════════╣
execution-manager  | ║ T1 (start_request)    = 132768995.568 ms                        ║
execution-manager  | ║ T2 (end_request)      = 132768996.562 ms                        ║
execution-manager  | ║ T3 (start_result)     = 132776531.867 ms                        ║
execution-manager  | ║ T4 (end_result)       = 132776532.518 ms                        ║
execution-manager  | ╠═══════════════════════════════════════════════════════════════╣
execution-manager  | ║ METRICS:                                                      ║
execution-manager  | ║   Request Latency    =        0.994 ms  (T2 - T1)            ║
execution-manager  | ║   Task Execution     =     7535.305 ms  (T3 - T2)            ║
execution-manager  | ║   Response Latency   =        0.652 ms  (T4 - T3)            ║
execution-manager  | ║   Total End-to-End   =     7536.950 ms  (T4 - T1)            ║
execution-manager  | ║   Network Overhead   =        1.645 ms  (Req + Resp)         ║
execution-manager  | ╚═══════════════════════════════════════════════════════════════╝
execution-manager  | 
execution-manager  | [gRPC Client Async] Stream completed, received 1 responses
execution-manager  | [GRPC THREAD 2] Completed
execution-manager  | [SCHEDULER] ✅ T=27537 ms: Task 2 'sum2' completed with status 2
execution-manager  | [SCHEDULER] 🔕 Timeout disarmed for task 2
execution-manager  | [SCHEDULER] 0 tasks remaining
execution-manager  | 
execution-manager  | [SCHEDULER] 🏁 Iteration 30/50 complete!
execution-manager  | [SCHEDULER] Iteration execution time: 27537 ms
execution-manager  | 
execution-manager  | 
execution-manager  | [SCHEDULER] 🔁 ===== ITERATION 31 / 50 =====
execution-manager  | 
execution-manager  | [SCHEDULER] 🚀 Schedule started at T=0
execution-manager  | 
execution-manager  | [SCHEDULER] 🔄 Entering event loop (NO SLEEP - event-driven!)
execution-manager  | 
execution-manager  | [SCHEDULER] ⏰ T=10000 ms | T_wall=132786532.958 ms: Launching task 1 'sum1' (deadline: 30000 ms)
execution-manager  | [SCHEDULER] 🕐 Timeout armed for task 1 at T=30000 ms (in 19999 ms)
execution-manager  | [GRPC THREAD 1] Starting...
execution-manager  | [EXECUTION MANAGER] ⏱️ T1=132786533.116 ms | Sending gRPC request for task 1 'sum1'
execution-manager  | [gRPC Channel Pool] Reusing existing channel for localhost:50051
execution-manager  | [gRPC Client Async] Calling task 'sum1' at localhost:50051
execution-manager  | [gRPC Client Async] Inputs: {"total_ops": 200, "io_percentage": 50}
execution-manager  | [gRPC Client Async] Response #1 - Status: COMPLETED
execution-manager  | 🎉 [T=12489 ms] Task 1 'sum1' COMPLETED
execution-manager  | [EXECUTION MANAGER] ⏱️ T2=132786534.604 ms | Thread started (server measured)
execution-manager  | [EXECUTION MANAGER] ⏱️ T3=132789021.014 ms | Task completed (server measured)
execution-manager  | [EXECUTION MANAGER] ⏱️ T4=132789021.726 ms | Result received by client
execution-manager  |    [TASK EXECUTION] 2486.410 ms (T3-T2, measured in thread)
execution-manager  |    [RESULT] {"result": 0}
execution-manager  | 
execution-manager  | ╔═══════════════════════════════════════════════════════════════╗
execution-manager  | ║           END-TO-END TIMING MEASUREMENT RECAP                 ║
execution-manager  | ║                   Task 1: sum1                                 
execution-manager  | ╠═══════════════════════════════════════════════════════════════╣
execution-manager  | ║ T1 (start_request)    = 132786533.116 ms                        ║
execution-manager  | ║ T2 (end_request)      = 132786534.604 ms                        ║
execution-manager  | ║ T3 (start_result)     = 132789021.014 ms                        ║
execution-manager  | ║ T4 (end_result)       = 132789021.726 ms                        ║
execution-manager  | ╠═══════════════════════════════════════════════════════════════╣
execution-manager  | ║ METRICS:                                                      ║
execution-manager  | ║   Request Latency    =        1.488 ms  (T2 - T1)            ║
execution-manager  | ║   Task Execution     =     2486.410 ms  (T3 - T2)            ║
execution-manager  | ║   Response Latency   =        0.712 ms  (T4 - T3)            ║
execution-manager  | ║   Total End-to-End   =     2488.610 ms  (T4 - T1)            ║
execution-manager  | ║   Network Overhead   =        2.200 ms  (Req + Resp)         ║
execution-manager  | ╚═══════════════════════════════════════════════════════════════╝
execution-manager  | 
execution-manager  | [SCHEDULER] ✅ T=12489 ms: Task 1 'sum1' completed with status 2
execution-manager  | [SCHEDULER] 🔕 Timeout disarmed for task 1
execution-manager  | [SCHEDULER] 3 tasks remaining
execution-manager  | [gRPC Client Async] Stream completed, received 1 responses
execution-manager  | [GRPC THREAD 1] Completed
execution-manager  | [SCHEDULER] ⏰ T=20000 ms | T_wall=132796532.990 ms: Launching task 2 'sum2' (deadline: 40000 ms)
execution-manager  | [SCHEDULER] 🕐 Timeout armed for task 2 at T=40000 ms (in 19999 ms)
execution-manager  | [GRPC THREAD 2] Starting...
execution-manager  | [EXECUTION MANAGER] ⏱️ T1=132796533.186 ms | Sending gRPC request for task 2 'sum2'
execution-manager  | [gRPC Channel Pool] Reusing existing channel for localhost:50052
execution-manager  | [gRPC Client Async] Calling task 'sum2' at localhost:50052
execution-manager  | [gRPC Client Async] Inputs: {"total_ops": 200, "io_percentage": 50}
execution-manager  | [SCHEDULER] ⏰ T=21473 ms | T_wall=132798005.040 ms: Launching task 3 'sum3' (deadline: 41000 ms)
execution-manager  | [SCHEDULER] 🕐 Timeout armed for task 3 at T=41000 ms (in 19527 ms)
execution-manager  | [SCHEDULER] ⏰ T=21473 ms | T_wall=132798005.175 ms: Launching task 4 'sum4' (deadline: 41000 ms)
execution-manager  | [SCHEDULER] 🕐 Timeout armed for task 4 at T=41000 ms (in 19527 ms)
execution-manager  | [GRPC THREAD 3] Starting...
execution-manager  | [EXECUTION MANAGER] ⏱️ T1=132798005.288 ms | Sending gRPC request for task 3 'sum3'
execution-manager  | [gRPC Channel Pool] Reusing existing channel for localhost:50053
execution-manager  | [gRPC Client Async] Calling task 'sum3' at localhost:50053
execution-manager  | [gRPC Client Async] Inputs: {"total_ops": 200, "io_percentage": 50}
execution-manager  | [GRPC THREAD 4] Starting...
execution-manager  | [EXECUTION MANAGER] ⏱️ T1=132798005.823 ms | Sending gRPC request for task 4 'sum4'
execution-manager  | [gRPC Channel Pool] Reusing existing channel for localhost:50054
execution-manager  | [gRPC Client Async] Calling task 'sum4' at localhost:50054
execution-manager  | [gRPC Client Async] Inputs: {"total_ops": 200, "io_percentage": 50}
execution-manager  | [gRPC Client Async] Response #1 - Status: COMPLETED
execution-manager  | 🎉 [T=27461 ms] Task 3 'sum3' COMPLETED
execution-manager  | [EXECUTION MANAGER] ⏱️ T2=132798023.586 ms | Thread started (server measured)
execution-manager  | [EXECUTION MANAGER] ⏱️ T3=132803991.892 ms | Task completed (server measured)
execution-manager  | [EXECUTION MANAGER] ⏱️ T4=132803993.224 ms | Result received by client
execution-manager  |    [TASK EXECUTION] 5968.306 ms (T3-T2, measured in thread)
execution-manager  |    [RESULT] {"result": 0}
execution-manager  | 
execution-manager  | ╔═══════════════════════════════════════════════════════════════╗
execution-manager  | ║           END-TO-END TIMING MEASUREMENT RECAP                 ║
execution-manager  | ║                   Task 3: sum3                                 
execution-manager  | ╠═══════════════════════════════════════════════════════════════╣
execution-manager  | ║ T1 (start_request)    = 132798005.288 ms                        ║
execution-manager  | ║ T2 (end_request)      = 132798023.586 ms                        ║
execution-manager  | ║ T3 (start_result)     = 132803991.892 ms                        ║
execution-manager  | ║ T4 (end_result)       = 132803993.224 ms                        ║
execution-manager  | ╠═══════════════════════════════════════════════════════════════╣
execution-manager  | ║ METRICS:                                                      ║
execution-manager  | ║   Request Latency    =       18.297 ms  (T2 - T1)            ║
execution-manager  | ║   Task Execution     =     5968.306 ms  (T3 - T2)            ║
execution-manager  | ║   Response Latency   =        1.332 ms  (T4 - T3)            ║
execution-manager  | ║   Total End-to-End   =     5987.936 ms  (T4 - T1)            ║
execution-manager  | ║   Network Overhead   =       19.629 ms  (Req + Resp)         ║
execution-manager  | ╚═══════════════════════════════════════════════════════════════╝
execution-manager  | 
execution-manager  | [gRPC Client Async] Stream completed, received 1 responses
execution-manager  | [GRPC THREAD 3] Completed
execution-manager  | [SCHEDULER] ✅ T=27461 ms: Task 3 'sum3' completed with status 2
execution-manager  | [SCHEDULER] 🔕 Timeout disarmed for task 3
execution-manager  | [SCHEDULER] 2 tasks remaining
execution-manager  | [gRPC Client Async] Response #1 - Status: COMPLETED
execution-manager  | 🎉 [T=27466 ms] Task 4 'sum4' COMPLETED
execution-manager  | [EXECUTION MANAGER] ⏱️ T2=132798006.635 ms | Thread started (server measured)
execution-manager  | [EXECUTION MANAGER] ⏱️ T3=132803997.902 ms | Task completed (server measured)
execution-manager  | [EXECUTION MANAGER] ⏱️ T4=132803998.506 ms | Result received by client
execution-manager  |    [TASK EXECUTION] 5991.267 ms (T3-T2, measured in thread)
execution-manager  |    [RESULT] {"result": 0}
execution-manager  | 
execution-manager  | ╔═══════════════════════════════════════════════════════════════╗
execution-manager  | ║           END-TO-END TIMING MEASUREMENT RECAP                 ║
execution-manager  | ║                   Task 4: sum4                                 
execution-manager  | ╠═══════════════════════════════════════════════════════════════╣
execution-manager  | ║ T1 (start_request)    = 132798005.823 ms                        ║
execution-manager  | ║ T2 (end_request)      = 132798006.635 ms                        ║
execution-manager  | ║ T3 (start_result)     = 132803997.902 ms                        ║
execution-manager  | ║ T4 (end_result)       = 132803998.506 ms                        ║
execution-manager  | ╠═══════════════════════════════════════════════════════════════╣
execution-manager  | ║ METRICS:                                                      ║
execution-manager  | ║   Request Latency    =        0.812 ms  (T2 - T1)            ║
execution-manager  | ║   Task Execution     =     5991.267 ms  (T3 - T2)            ║
execution-manager  | ║   Response Latency   =        0.603 ms  (T4 - T3)            ║
execution-manager  | ║   Total End-to-End   =     5992.683 ms  (T4 - T1)            ║
execution-manager  | ║   Network Overhead   =        1.415 ms  (Req + Resp)         ║
execution-manager  | ╚═══════════════════════════════════════════════════════════════╝
execution-manager  | 
execution-manager  | [SCHEDULER] ✅ T=27466 ms: Task 4 'sum4' completed with status 2
execution-manager  | [SCHEDULER] 🔕 Timeout disarmed for task 4
execution-manager  | [SCHEDULER] 1 tasks remaining
execution-manager  | [gRPC Client Async] Stream completed, received 1 responses
execution-manager  | [GRPC THREAD 4] Completed
execution-manager  | [gRPC Client Async] Response #1 - Status: COMPLETED
execution-manager  | 🎉 [T=27471 ms] Task 2 'sum2' COMPLETED
execution-manager  | [EXECUTION MANAGER] ⏱️ T2=132796534.353 ms | Thread started (server measured)
execution-manager  | [EXECUTION MANAGER] ⏱️ T3=132804003.032 ms | Task completed (server measured)
execution-manager  | [EXECUTION MANAGER] ⏱️ T4=132804003.912 ms | Result received by client
execution-manager  |    [TASK EXECUTION] 7468.679 ms (T3-T2, measured in thread)
execution-manager  |    [RESULT] {"result": 0}
execution-manager  | 
execution-manager  | ╔═══════════════════════════════════════════════════════════════╗
execution-manager  | ║           END-TO-END TIMING MEASUREMENT RECAP                 ║
execution-manager  | ║                   Task 2: sum2                                 
execution-manager  | ╠═══════════════════════════════════════════════════════════════╣
execution-manager  | ║ T1 (start_request)    = 132796533.186 ms                        ║
execution-manager  | ║ T2 (end_request)      = 132796534.353 ms                        ║
execution-manager  | ║ T3 (start_result)     = 132804003.032 ms                        ║
execution-manager  | ║ T4 (end_result)       = 132804003.912 ms                        ║
execution-manager  | ╠═══════════════════════════════════════════════════════════════╣
execution-manager  | ║ METRICS:                                                      ║
execution-manager  | ║   Request Latency    =        1.168 ms  (T2 - T1)            ║
execution-manager  | ║   Task Execution     =     7468.679 ms  (T3 - T2)            ║
execution-manager  | ║   Response Latency   =        0.880 ms  (T4 - T3)            ║
execution-manager  | ║   Total End-to-End   =     7470.726 ms  (T4 - T1)            ║
execution-manager  | ║   Network Overhead   =        2.047 ms  (Req + Resp)         ║
execution-manager  | ╚═══════════════════════════════════════════════════════════════╝
execution-manager  | 
execution-manager  | [gRPC Client Async] Stream completed, received 1 responses
execution-manager  | [GRPC THREAD 2] Completed
execution-manager  | [SCHEDULER] ✅ T=27472 ms: Task 2 'sum2' completed with status 2
execution-manager  | [SCHEDULER] 🔕 Timeout disarmed for task 2
execution-manager  | [SCHEDULER] 0 tasks remaining
execution-manager  | 
execution-manager  | [SCHEDULER] 🏁 Iteration 31/50 complete!
execution-manager  | [SCHEDULER] Iteration execution time: 27472 ms
execution-manager  | 
execution-manager  | 
execution-manager  | [SCHEDULER] 🔁 ===== ITERATION 32 / 50 =====
execution-manager  | 
execution-manager  | [SCHEDULER] 🚀 Schedule started at T=0
execution-manager  | 
execution-manager  | [SCHEDULER] 🔄 Entering event loop (NO SLEEP - event-driven!)
execution-manager  | 
execution-manager  | [SCHEDULER] ⏰ T=10000 ms | T_wall=132814004.398 ms: Launching task 1 'sum1' (deadline: 30000 ms)
execution-manager  | [SCHEDULER] 🕐 Timeout armed for task 1 at T=30000 ms (in 20000 ms)
execution-manager  | [GRPC THREAD 1] Starting...
execution-manager  | [EXECUTION MANAGER] ⏱️ T1=132814004.537 ms | Sending gRPC request for task 1 'sum1'
execution-manager  | [gRPC Channel Pool] Reusing existing channel for localhost:50051
execution-manager  | [gRPC Client Async] Calling task 'sum1' at localhost:50051
execution-manager  | [gRPC Client Async] Inputs: {"total_ops": 200, "io_percentage": 50}
execution-manager  | [gRPC Client Async] Response #1 - Status: COMPLETED
execution-manager  | 🎉 [T=12533 ms] Task 1 'sum1' COMPLETED
execution-manager  | [EXECUTION MANAGER] ⏱️ T2=132814005.456 ms | Thread started (server measured)
execution-manager  | [EXECUTION MANAGER] ⏱️ T3=132816536.630 ms | Task completed (server measured)
execution-manager  | [EXECUTION MANAGER] ⏱️ T4=132816537.348 ms | Result received by client
execution-manager  |    [TASK EXECUTION] 2531.174 ms (T3-T2, measured in thread)
execution-manager  |    [RESULT] {"result": 0}
execution-manager  | 
execution-manager  | ╔═══════════════════════════════════════════════════════════════╗
execution-manager  | ║           END-TO-END TIMING MEASUREMENT RECAP                 ║
execution-manager  | ║                   Task 1: sum1                                 
execution-manager  | ╠═══════════════════════════════════════════════════════════════╣
execution-manager  | ║ T1 (start_request)    = 132814004.537 ms                        ║
execution-manager  | ║ T2 (end_request)      = 132814005.456 ms                        ║
execution-manager  | ║ T3 (start_result)     = 132816536.630 ms                        ║
execution-manager  | ║ T4 (end_result)       = 132816537.348 ms                        ║
execution-manager  | ╠═══════════════════════════════════════════════════════════════╣
execution-manager  | ║ METRICS:                                                      ║
execution-manager  | ║   Request Latency    =        0.919 ms  (T2 - T1)            ║
execution-manager  | ║   Task Execution     =     2531.174 ms  (T3 - T2)            ║
execution-manager  | ║   Response Latency   =        0.718 ms  (T4 - T3)            ║
execution-manager  | ║   Total End-to-End   =     2532.811 ms  (T4 - T1)            ║
execution-manager  | ║   Network Overhead   =        1.637 ms  (Req + Resp)         ║
execution-manager  | ╚═══════════════════════════════════════════════════════════════╝
execution-manager  | 
execution-manager  | [gRPC Client Async] Stream completed, received 1 responses
execution-manager  | [GRPC THREAD 1] Completed
execution-manager  | [SCHEDULER] ✅ T=12533 ms: Task 1 'sum1' completed with status 2
execution-manager  | [SCHEDULER] 🔕 Timeout disarmed for task 1
execution-manager  | [SCHEDULER] 3 tasks remaining
execution-manager  | [SCHEDULER] ⏰ T=20000 ms | T_wall=132824004.430 ms: Launching task 2 'sum2' (deadline: 40000 ms)
execution-manager  | [SCHEDULER] 🕐 Timeout armed for task 2 at T=40000 ms (in 20000 ms)
execution-manager  | [GRPC THREAD 2] Starting...
execution-manager  | [EXECUTION MANAGER] ⏱️ T1=132824004.573 ms | Sending gRPC request for task 2 'sum2'
execution-manager  | [gRPC Channel Pool] Reusing existing channel for localhost:50052
execution-manager  | [gRPC Client Async] Calling task 'sum2' at localhost:50052
execution-manager  | [gRPC Client Async] Inputs: {"total_ops": 200, "io_percentage": 50}
execution-manager  | [SCHEDULER] ⏰ T=21001 ms | T_wall=132825005.028 ms: Launching task 3 'sum3' (deadline: 41000 ms)
execution-manager  | [SCHEDULER] 🕐 Timeout armed for task 3 at T=41000 ms (in 19999 ms)
execution-manager  | [SCHEDULER] ⏰ T=21001 ms | T_wall=132825005.201 ms: Launching task 4 'sum4' (deadline: 41000 ms)
execution-manager  | [SCHEDULER] 🕐 Timeout armed for task 4 at T=41000 ms (in 19999 ms)
execution-manager  | [GRPC THREAD 3] Starting...
execution-manager  | [EXECUTION MANAGER] ⏱️ T1=132825005.297 ms | Sending gRPC request for task 3 'sum3'
execution-manager  | [gRPC Channel Pool] Reusing existing channel for localhost:50053
execution-manager  | [gRPC Client Async] Calling task 'sum3' at localhost:50053
execution-manager  | [gRPC Client Async] Inputs: {"total_ops": 200, "io_percentage": 50}
execution-manager  | [GRPC THREAD 4] Starting...
execution-manager  | [EXECUTION MANAGER] ⏱️ T1=132825005.789 ms | Sending gRPC request for task 4 'sum4'
execution-manager  | [gRPC Channel Pool] Reusing existing channel for localhost:50054
execution-manager  | [gRPC Client Async] Calling task 'sum4' at localhost:50054
execution-manager  | [gRPC Client Async] Inputs: {"total_ops": 200, "io_percentage": 50}
execution-manager  | [gRPC Client Async] Response #1 - Status: COMPLETED
execution-manager  | 🎉 [T=27507 ms] Task 3 'sum3' COMPLETED
execution-manager  | [EXECUTION MANAGER] ⏱️ T2=132825006.269 ms | Thread started (server measured)
execution-manager  | [EXECUTION MANAGER] ⏱️ T3=132831510.584 ms | Task completed (server measured)
execution-manager  | [EXECUTION MANAGER] ⏱️ T4=132831511.881 ms | Result received by client
execution-manager  |    [TASK EXECUTION] 6504.316 ms (T3-T2, measured in thread)
execution-manager  |    [RESULT] {"result": 0}
execution-manager  | 
execution-manager  | ╔═══════════════════════════════════════════════════════════════╗
execution-manager  | ║           END-TO-END TIMING MEASUREMENT RECAP                 ║
execution-manager  | ║                   Task 3: sum3                                 
execution-manager  | ╠═══════════════════════════════════════════════════════════════╣
execution-manager  | ║ T1 (start_request)    = 132825005.297 ms                        ║
execution-manager  | ║ T2 (end_request)      = 132825006.269 ms                        ║
execution-manager  | ║ T3 (start_result)     = 132831510.584 ms                        ║
execution-manager  | ║ T4 (end_result)       = 132831511.881 ms                        ║
execution-manager  | ╠═══════════════════════════════════════════════════════════════╣
execution-manager  | ║ METRICS:                                                      ║
execution-manager  | ║   Request Latency    =        0.972 ms  (T2 - T1)            ║
execution-manager  | ║   Task Execution     =     6504.316 ms  (T3 - T2)            ║
execution-manager  | ║   Response Latency   =        1.297 ms  (T4 - T3)            ║
execution-manager  | ║   Total End-to-End   =     6506.584 ms  (T4 - T1)            ║
execution-manager  | ║   Network Overhead   =        2.269 ms  (Req + Resp)         ║
execution-manager  | ╚═══════════════════════════════════════════════════════════════╝
execution-manager  | 
execution-manager  | [gRPC Client Async] Stream completed, received 1 responses
execution-manager  | [GRPC THREAD 3] Completed
execution-manager  | [SCHEDULER] ✅ T=27508 ms: Task 3 'sum3' completed with status 2
execution-manager  | [SCHEDULER] 🔕 Timeout disarmed for task 3
execution-manager  | [SCHEDULER] 2 tasks remaining
execution-manager  | [gRPC Client Async] Response #1 - Status: COMPLETED
execution-manager  | 🎉 [T=27516 ms] Task 4 'sum4' COMPLETED
execution-manager  | [EXECUTION MANAGER] ⏱️ T2=132827397.582 ms | Thread started (server measured)
execution-manager  | [EXECUTION MANAGER] ⏱️ T3=132831519.314 ms | Task completed (server measured)
execution-manager  | [EXECUTION MANAGER] ⏱️ T4=132831520.028 ms | Result received by client
execution-manager  |    [TASK EXECUTION] 4121.732 ms (T3-T2, measured in thread)
execution-manager  |    [RESULT] {"result": 0}
execution-manager  | 
execution-manager  | ╔═══════════════════════════════════════════════════════════════╗
execution-manager  | ║           END-TO-END TIMING MEASUREMENT RECAP                 ║
execution-manager  | ║                   Task 4: sum4                                 
execution-manager  | ╠═══════════════════════════════════════════════════════════════╣
execution-manager  | ║ T1 (start_request)    = 132825005.789 ms                        ║
execution-manager  | ║ T2 (end_request)      = 132827397.582 ms                        ║
execution-manager  | ║ T3 (start_result)     = 132831519.314 ms                        ║
execution-manager  | ║ T4 (end_result)       = 132831520.028 ms                        ║
execution-manager  | ╠═══════════════════════════════════════════════════════════════╣
execution-manager  | ║ METRICS:                                                      ║
execution-manager  | ║   Request Latency    =     2391.793 ms  (T2 - T1)            ║
execution-manager  | ║   Task Execution     =     4121.732 ms  (T3 - T2)            ║
execution-manager  | ║   Response Latency   =        0.714 ms  (T4 - T3)            ║
execution-manager  | ║   Total End-to-End   =     6514.239 ms  (T4 - T1)            ║
execution-manager  | ║   Network Overhead   =     2392.507 ms  (Req + Resp)         ║
execution-manager  | ╚═══════════════════════════════════════════════════════════════╝
execution-manager  | 
execution-manager  | [SCHEDULER] ✅ T=27516 ms: Task 4 'sum4' completed with status 2
execution-manager  | [SCHEDULER] 🔕 Timeout disarmed for task 4
execution-manager  | [SCHEDULER] 1 tasks remaining
execution-manager  | [gRPC Client Async] Stream completed, received 1 responses
execution-manager  | [GRPC THREAD 4] Completed
execution-manager  | [gRPC Client Async] Response #1 - Status: COMPLETED
execution-manager  | 🎉 [T=27520 ms] Task 2 'sum2' COMPLETED
execution-manager  | [EXECUTION MANAGER] ⏱️ T2=132824005.788 ms | Thread started (server measured)
execution-manager  | [EXECUTION MANAGER] ⏱️ T3=132831524.157 ms | Task completed (server measured)
execution-manager  | [EXECUTION MANAGER] ⏱️ T4=132831524.767 ms | Result received by client
execution-manager  |    [TASK EXECUTION] 7518.369 ms (T3-T2, measured in thread)
execution-manager  |    [RESULT] {"result": 0}
execution-manager  | 
execution-manager  | ╔═══════════════════════════════════════════════════════════════╗
execution-manager  | ║           END-TO-END TIMING MEASUREMENT RECAP                 ║
execution-manager  | ║                   Task 2: sum2                                 
execution-manager  | ╠═══════════════════════════════════════════════════════════════╣
execution-manager  | ║ T1 (start_request)    = 132824004.573 ms                        ║
execution-manager  | ║ T2 (end_request)      = 132824005.788 ms                        ║
execution-manager  | ║ T3 (start_result)     = 132831524.157 ms                        ║
execution-manager  | ║ T4 (end_result)       = 132831524.767 ms                        ║
execution-manager  | ╠═══════════════════════════════════════════════════════════════╣
execution-manager  | ║ METRICS:                                                      ║
execution-manager  | ║   Request Latency    =        1.214 ms  (T2 - T1)            ║
execution-manager  | ║   Task Execution     =     7518.369 ms  (T3 - T2)            ║
execution-manager  | ║   Response Latency   =        0.611 ms  (T4 - T3)            ║
execution-manager  | ║   Total End-to-End   =     7520.194 ms  (T4 - T1)            ║
execution-manager  | ║   Network Overhead   =        1.825 ms  (Req + Resp)         ║
execution-manager  | ╚═══════════════════════════════════════════════════════════════╝
execution-manager  | 
execution-manager  | [gRPC Client Async] Stream completed, received 1 responses
execution-manager  | [GRPC THREAD 2] Completed
execution-manager  | [SCHEDULER] ✅ T=27521 ms: Task 2 'sum2' completed with status 2
execution-manager  | [SCHEDULER] 🔕 Timeout disarmed for task 2
execution-manager  | [SCHEDULER] 0 tasks remaining
execution-manager  | 
execution-manager  | [SCHEDULER] 🏁 Iteration 32/50 complete!
execution-manager  | [SCHEDULER] Iteration execution time: 27521 ms
execution-manager  | 
execution-manager  | 
execution-manager  | [SCHEDULER] 🔁 ===== ITERATION 33 / 50 =====
execution-manager  | 
execution-manager  | [SCHEDULER] 🚀 Schedule started at T=0
execution-manager  | 
execution-manager  | [SCHEDULER] 🔄 Entering event loop (NO SLEEP - event-driven!)
execution-manager  | 
execution-manager  | [SCHEDULER] ⏰ T=10000 ms | T_wall=132841525.204 ms: Launching task 1 'sum1' (deadline: 30000 ms)
execution-manager  | [SCHEDULER] 🕐 Timeout armed for task 1 at T=30000 ms (in 20000 ms)
execution-manager  | [GRPC THREAD 1] Starting...
execution-manager  | [EXECUTION MANAGER] ⏱️ T1=132841525.337 ms | Sending gRPC request for task 1 'sum1'
execution-manager  | [gRPC Channel Pool] Reusing existing channel for localhost:50051
execution-manager  | [gRPC Client Async] Calling task 'sum1' at localhost:50051
execution-manager  | [gRPC Client Async] Inputs: {"total_ops": 200, "io_percentage": 50}
execution-manager  | [gRPC Client Async] Response #1 - Status: COMPLETED
execution-manager  | 🎉 [T=12486 ms] Task 1 'sum1' COMPLETED
execution-manager  | [EXECUTION MANAGER] ⏱️ T2=132841526.642 ms | Thread started (server measured)
execution-manager  | [EXECUTION MANAGER] ⏱️ T3=132844010.572 ms | Task completed (server measured)
execution-manager  | [EXECUTION MANAGER] ⏱️ T4=132844011.327 ms | Result received by client
execution-manager  |    [TASK EXECUTION] 2483.930 ms (T3-T2, measured in thread)
execution-manager  |    [RESULT] {"result": 0}
execution-manager  | 
execution-manager  | ╔═══════════════════════════════════════════════════════════════╗
execution-manager  | ║           END-TO-END TIMING MEASUREMENT RECAP                 ║
execution-manager  | ║                   Task 1: sum1                                 
execution-manager  | ╠═══════════════════════════════════════════════════════════════╣
execution-manager  | ║ T1 (start_request)    = 132841525.337 ms                        ║
execution-manager  | ║ T2 (end_request)      = 132841526.642 ms                        ║
execution-manager  | ║ T3 (start_result)     = 132844010.572 ms                        ║
execution-manager  | ║ T4 (end_result)       = 132844011.327 ms                        ║
execution-manager  | ╠═══════════════════════════════════════════════════════════════╣
execution-manager  | ║ METRICS:                                                      ║
execution-manager  | ║   Request Latency    =        1.305 ms  (T2 - T1)            ║
execution-manager  | ║   Task Execution     =     2483.930 ms  (T3 - T2)            ║
execution-manager  | ║   Response Latency   =        0.755 ms  (T4 - T3)            ║
execution-manager  | ║   Total End-to-End   =     2485.991 ms  (T4 - T1)            ║
execution-manager  | ║   Network Overhead   =        2.060 ms  (Req + Resp)         ║
execution-manager  | ╚═══════════════════════════════════════════════════════════════╝
execution-manager  | 
execution-manager  | [SCHEDULER] ✅ T=12486 ms: Task 1 'sum1' completed with status 2
execution-manager  | [SCHEDULER] 🔕 Timeout disarmed for task 1
execution-manager  | [SCHEDULER] 3 tasks remaining
execution-manager  | [gRPC Client Async] Stream completed, received 1 responses
execution-manager  | [GRPC THREAD 1] Completed
execution-manager  | [SCHEDULER] ⏰ T=20000 ms | T_wall=132851525.271 ms: Launching task 2 'sum2' (deadline: 40000 ms)
execution-manager  | [SCHEDULER] 🕐 Timeout armed for task 2 at T=40000 ms (in 20000 ms)
execution-manager  | [GRPC THREAD 2] Starting...
execution-manager  | [EXECUTION MANAGER] ⏱️ T1=132851525.403 ms | Sending gRPC request for task 2 'sum2'
execution-manager  | [gRPC Channel Pool] Reusing existing channel for localhost:50052
execution-manager  | [gRPC Client Async] Calling task 'sum2' at localhost:50052
execution-manager  | [gRPC Client Async] Inputs: {"total_ops": 200, "io_percentage": 50}
execution-manager  | [SCHEDULER] ⏰ T=21480 ms | T_wall=132853005.028 ms: Launching task 3 'sum3' (deadline: 41000 ms)
execution-manager  | [SCHEDULER] 🕐 Timeout armed for task 3 at T=41000 ms (in 19520 ms)
execution-manager  | [SCHEDULER] ⏰ T=21480 ms | T_wall=132853005.164 ms: Launching task 4 'sum4' (deadline: 41000 ms)
execution-manager  | [SCHEDULER] 🕐 Timeout armed for task 4 at T=41000 ms (in 19520 ms)
execution-manager  | [GRPC THREAD 3] Starting...
execution-manager  | [EXECUTION MANAGER] ⏱️ T1=132853005.276 ms | Sending gRPC request for task 3 'sum3'
execution-manager  | [gRPC Channel Pool] Reusing existing channel for localhost:50053
execution-manager  | [gRPC Client Async] Calling task 'sum3' at localhost:50053
execution-manager  | [gRPC Client Async] Inputs: {"total_ops": 200, "io_percentage": 50}
execution-manager  | [GRPC THREAD 4] Starting...
execution-manager  | [EXECUTION MANAGER] ⏱️ T1=132853005.712 ms | Sending gRPC request for task 4 'sum4'
execution-manager  | [gRPC Channel Pool] Reusing existing channel for localhost:50054
execution-manager  | [gRPC Client Async] Calling task 'sum4' at localhost:50054
execution-manager  | [gRPC Client Async] Inputs: {"total_ops": 200, "io_percentage": 50}
execution-manager  | [gRPC Client Async] Response #1 - Status: COMPLETED
execution-manager  | 🎉 [T=27461 ms] Task 3 'sum3' COMPLETED
execution-manager  | [EXECUTION MANAGER] ⏱️ T2=132853869.017 ms | Thread started (server measured)
execution-manager  | [EXECUTION MANAGER] ⏱️ T3=132858985.886 ms | Task completed (server measured)
execution-manager  | [EXECUTION MANAGER] ⏱️ T4=132858986.688 ms | Result received by client
execution-manager  |    [TASK EXECUTION] 5116.868 ms (T3-T2, measured in thread)
execution-manager  |    [RESULT] {"result": 0}
execution-manager  | 
execution-manager  | ╔═══════════════════════════════════════════════════════════════╗
execution-manager  | ║           END-TO-END TIMING MEASUREMENT RECAP                 ║
execution-manager  | ║                   Task 3: sum3                                 
execution-manager  | ╠═══════════════════════════════════════════════════════════════╣
execution-manager  | ║ T1 (start_request)    = 132853005.276 ms                        ║
execution-manager  | ║ T2 (end_request)      = 132853869.017 ms                        ║
execution-manager  | ║ T3 (start_result)     = 132858985.886 ms                        ║
execution-manager  | ║ T4 (end_result)       = 132858986.688 ms                        ║
execution-manager  | ╠═══════════════════════════════════════════════════════════════╣
execution-manager  | ║ METRICS:                                                      ║
execution-manager  | ║   Request Latency    =      863.741 ms  (T2 - T1)            ║
execution-manager  | ║   Task Execution     =     5116.868 ms  (T3 - T2)            ║
execution-manager  | ║   Response Latency   =        0.802 ms  (T4 - T3)            ║
execution-manager  | ║   Total End-to-End   =     5981.412 ms  (T4 - T1)            ║
execution-manager  | ║   Network Overhead   =      864.544 ms  (Req + Resp)         ║
execution-manager  | ╚═══════════════════════════════════════════════════════════════╝
execution-manager  | 
execution-manager  | [gRPC Client Async] Stream completed, received 1 responses
execution-manager  | [GRPC THREAD 3] Completed
execution-manager  | [SCHEDULER] ✅ T=27462 ms: Task 3 'sum3' completed with status 2
execution-manager  | [SCHEDULER] 🔕 Timeout disarmed for task 3
execution-manager  | [SCHEDULER] 2 tasks remaining
execution-manager  | [gRPC Client Async] Response #1 - Status: COMPLETED
execution-manager  | 🎉 [T=27464 ms] Task 2 'sum2' COMPLETED
execution-manager  | [EXECUTION MANAGER] ⏱️ T2=132851526.325 ms | Thread started (server measured)
execution-manager  | [EXECUTION MANAGER] ⏱️ T3=132858989.480 ms | Task completed (server measured)
execution-manager  | [EXECUTION MANAGER] ⏱️ T4=132858989.990 ms | Result received by client
execution-manager  |    [TASK EXECUTION] 7463.155 ms (T3-T2, measured in thread)
execution-manager  |    [RESULT] {"result": 0}
execution-manager  | 
execution-manager  | ╔═══════════════════════════════════════════════════════════════╗
execution-manager  | ║           END-TO-END TIMING MEASUREMENT RECAP                 ║
execution-manager  | ║                   Task 2: sum2                                 
execution-manager  | ╠═══════════════════════════════════════════════════════════════╣
execution-manager  | ║ T1 (start_request)    = 132851525.403 ms                        ║
execution-manager  | ║ T2 (end_request)      = 132851526.325 ms                        ║
execution-manager  | ║ T3 (start_result)     = 132858989.480 ms                        ║
execution-manager  | ║ T4 (end_result)       = 132858989.990 ms                        ║
execution-manager  | ╠═══════════════════════════════════════════════════════════════╣
execution-manager  | ║ METRICS:                                                      ║
execution-manager  | ║   Request Latency    =        0.922 ms  (T2 - T1)            ║
execution-manager  | ║   Task Execution     =     7463.155 ms  (T3 - T2)            ║
execution-manager  | ║   Response Latency   =        0.510 ms  (T4 - T3)            ║
execution-manager  | ║   Total End-to-End   =     7464.587 ms  (T4 - T1)            ║
execution-manager  | ║   Network Overhead   =        1.432 ms  (Req + Resp)         ║
execution-manager  | ╚═══════════════════════════════════════════════════════════════╝
execution-manager  | 
execution-manager  | [SCHEDULER] ✅ T=27465 ms: Task 2 'sum2' completed with status 2
execution-manager  | [SCHEDULER] 🔕 Timeout disarmed for task 2
execution-manager  | [SCHEDULER] 1 tasks remaining
execution-manager  | [gRPC Client Async] Stream completed, received 1 responses
execution-manager  | [GRPC THREAD 2] Completed
execution-manager  | [gRPC Client Async] Response #1 - Status: COMPLETED
execution-manager  | 🎉 [T=27470 ms] Task 4 'sum4' COMPLETED
execution-manager  | [EXECUTION MANAGER] ⏱️ T2=132856308.714 ms | Thread started (server measured)
execution-manager  | [EXECUTION MANAGER] ⏱️ T3=132858994.932 ms | Task completed (server measured)
execution-manager  | [EXECUTION MANAGER] ⏱️ T4=132858995.423 ms | Result received by client
execution-manager  |    [TASK EXECUTION] 2686.218 ms (T3-T2, measured in thread)
execution-manager  |    [RESULT] {"result": 0}
execution-manager  | 
execution-manager  | ╔═══════════════════════════════════════════════════════════════╗
execution-manager  | ║           END-TO-END TIMING MEASUREMENT RECAP                 ║
execution-manager  | ║                   Task 4: sum4                                 
execution-manager  | ╠═══════════════════════════════════════════════════════════════╣
execution-manager  | ║ T1 (start_request)    = 132853005.712 ms                        ║
execution-manager  | ║ T2 (end_request)      = 132856308.714 ms                        ║
execution-manager  | ║ T3 (start_result)     = 132858994.932 ms                        ║
execution-manager  | ║ T4 (end_result)       = 132858995.423 ms                        ║
execution-manager  | ╠═══════════════════════════════════════════════════════════════╣
execution-manager  | ║ METRICS:                                                      ║
execution-manager  | ║   Request Latency    =     3303.002 ms  (T2 - T1)            ║
execution-manager  | ║   Task Execution     =     2686.218 ms  (T3 - T2)            ║
execution-manager  | ║   Response Latency   =        0.491 ms  (T4 - T3)            ║
execution-manager  | ║   Total End-to-End   =     5989.711 ms  (T4 - T1)            ║
execution-manager  | ║   Network Overhead   =     3303.493 ms  (Req + Resp)         ║
execution-manager  | ╚═══════════════════════════════════════════════════════════════╝
execution-manager  | 
execution-manager  | [gRPC Client Async] Stream completed, received 1 responses
execution-manager  | [GRPC THREAD 4] Completed
execution-manager  | [SCHEDULER] ✅ T=27470 ms: Task 4 'sum4' completed with status 2
execution-manager  | [SCHEDULER] 🔕 Timeout disarmed for task 4
execution-manager  | [SCHEDULER] 0 tasks remaining
execution-manager  | 
execution-manager  | [SCHEDULER] 🏁 Iteration 33/50 complete!
execution-manager  | [SCHEDULER] Iteration execution time: 27470 ms
execution-manager  | 
execution-manager  | 
execution-manager  | [SCHEDULER] 🔁 ===== ITERATION 34 / 50 =====
execution-manager  | 
execution-manager  | [SCHEDULER] 🚀 Schedule started at T=0
execution-manager  | 
execution-manager  | [SCHEDULER] 🔄 Entering event loop (NO SLEEP - event-driven!)
execution-manager  | 
execution-manager  | [SCHEDULER] ⏰ T=10000 ms | T_wall=132868995.829 ms: Launching task 1 'sum1' (deadline: 30000 ms)
execution-manager  | [SCHEDULER] 🕐 Timeout armed for task 1 at T=30000 ms (in 20000 ms)
execution-manager  | [GRPC THREAD 1] Starting...
execution-manager  | [EXECUTION MANAGER] ⏱️ T1=132868996.011 ms | Sending gRPC request for task 1 'sum1'
execution-manager  | [gRPC Channel Pool] Reusing existing channel for localhost:50051
execution-manager  | [gRPC Client Async] Calling task 'sum1' at localhost:50051
execution-manager  | [gRPC Client Async] Inputs: {"total_ops": 200, "io_percentage": 50}
execution-manager  | [gRPC Client Async] Response #1 - Status: COMPLETED
execution-manager  | 🎉 [T=12536 ms] Task 1 'sum1' COMPLETED
execution-manager  | [EXECUTION MANAGER] ⏱️ T2=132868997.387 ms | Thread started (server measured)
execution-manager  | [EXECUTION MANAGER] ⏱️ T3=132871530.394 ms | Task completed (server measured)
execution-manager  | [EXECUTION MANAGER] ⏱️ T4=132871531.118 ms | Result received by client
execution-manager  |    [TASK EXECUTION] 2533.007 ms (T3-T2, measured in thread)
execution-manager  |    [RESULT] {"result": 0}
execution-manager  | 
execution-manager  | ╔═══════════════════════════════════════════════════════════════╗
execution-manager  | ║           END-TO-END TIMING MEASUREMENT RECAP                 ║
execution-manager  | ║                   Task 1: sum1                                 
execution-manager  | ╠═══════════════════════════════════════════════════════════════╣
execution-manager  | ║ T1 (start_request)    = 132868996.011 ms                        ║
execution-manager  | ║ T2 (end_request)      = 132868997.387 ms                        ║
execution-manager  | ║ T3 (start_result)     = 132871530.394 ms                        ║
execution-manager  | ║ T4 (end_result)       = 132871531.118 ms                        ║
execution-manager  | ╠═══════════════════════════════════════════════════════════════╣
execution-manager  | ║ METRICS:                                                      ║
execution-manager  | ║   Request Latency    =        1.376 ms  (T2 - T1)            ║
execution-manager  | ║   Task Execution     =     2533.007 ms  (T3 - T2)            ║
execution-manager  | ║   Response Latency   =        0.724 ms  (T4 - T3)            ║
execution-manager  | ║   Total End-to-End   =     2535.107 ms  (T4 - T1)            ║
execution-manager  | ║   Network Overhead   =        2.101 ms  (Req + Resp)         ║
execution-manager  | ╚═══════════════════════════════════════════════════════════════╝
execution-manager  | 
execution-manager  | [SCHEDULER] ✅ T=12536 ms: Task 1 'sum1' completed with status 2
execution-manager  | [SCHEDULER] 🔕 Timeout disarmed for task 1
execution-manager  | [SCHEDULER] 3 tasks remaining
execution-manager  | [gRPC Client Async] Stream completed, received 1 responses
execution-manager  | [GRPC THREAD 1] Completed
execution-manager  | [SCHEDULER] ⏰ T=20000 ms | T_wall=132878995.862 ms: Launching task 2 'sum2' (deadline: 40000 ms)
execution-manager  | [SCHEDULER] 🕐 Timeout armed for task 2 at T=40000 ms (in 20000 ms)
execution-manager  | [GRPC THREAD 2] Starting...
execution-manager  | [EXECUTION MANAGER] ⏱️ T1=132878996.016 ms | Sending gRPC request for task 2 'sum2'
execution-manager  | [gRPC Channel Pool] Reusing existing channel for localhost:50052
execution-manager  | [gRPC Client Async] Calling task 'sum2' at localhost:50052
execution-manager  | [gRPC Client Async] Inputs: {"total_ops": 200, "io_percentage": 50}
execution-manager  | [SCHEDULER] ⏰ T=21010 ms | T_wall=132880005.029 ms: Launching task 3 'sum3' (deadline: 41000 ms)
execution-manager  | [SCHEDULER] 🕐 Timeout armed for task 3 at T=41000 ms (in 19990 ms)
execution-manager  | [SCHEDULER] ⏰ T=21010 ms | T_wall=132880005.180 ms: Launching task 4 'sum4' (deadline: 41000 ms)
execution-manager  | [SCHEDULER] 🕐 Timeout armed for task 4 at T=41000 ms (in 19990 ms)
execution-manager  | [GRPC THREAD 3] Starting...
execution-manager  | [EXECUTION MANAGER] ⏱️ T1=132880005.293 ms | Sending gRPC request for task 3 'sum3'
execution-manager  | [gRPC Channel Pool] Reusing existing channel for localhost:50053
execution-manager  | [gRPC Client Async] Calling task 'sum3' at localhost:50053
execution-manager  | [gRPC Client Async] Inputs: {"total_ops": 200, "io_percentage": 50}
execution-manager  | [GRPC THREAD 4] Starting...
execution-manager  | [EXECUTION MANAGER] ⏱️ T1=132880005.827 ms | Sending gRPC request for task 4 'sum4'
execution-manager  | [gRPC Channel Pool] Reusing existing channel for localhost:50054
execution-manager  | [gRPC Client Async] Calling task 'sum4' at localhost:50054
execution-manager  | [gRPC Client Async] Inputs: {"total_ops": 200, "io_percentage": 50}
execution-manager  | [gRPC Client Async] Response #1 - Status: COMPLETED
execution-manager  | 🎉 [T=27518 ms] Task 3 'sum3' COMPLETED
execution-manager  | [EXECUTION MANAGER] ⏱️ T2=132880006.638 ms | Thread started (server measured)
execution-manager  | [EXECUTION MANAGER] ⏱️ T3=132886512.538 ms | Task completed (server measured)
execution-manager  | [EXECUTION MANAGER] ⏱️ T4=132886513.323 ms | Result received by client
execution-manager  |    [TASK EXECUTION] 6505.900 ms (T3-T2, measured in thread)
execution-manager  |    [RESULT] {"result": 0}
execution-manager  | 
execution-manager  | ╔═══════════════════════════════════════════════════════════════╗
execution-manager  | ║           END-TO-END TIMING MEASUREMENT RECAP                 ║
execution-manager  | ║                   Task 3: sum3                                 
execution-manager  | ╠═══════════════════════════════════════════════════════════════╣
execution-manager  | ║ T1 (start_request)    = 132880005.293 ms                        ║
execution-manager  | ║ T2 (end_request)      = 132880006.638 ms                        ║
execution-manager  | ║ T3 (start_result)     = 132886512.538 ms                        ║
execution-manager  | ║ T4 (end_result)       = 132886513.323 ms                        ║
execution-manager  | ╠═══════════════════════════════════════════════════════════════╣
execution-manager  | ║ METRICS:                                                      ║
execution-manager  | ║   Request Latency    =        1.345 ms  (T2 - T1)            ║
execution-manager  | ║   Task Execution     =     6505.900 ms  (T3 - T2)            ║
execution-manager  | ║   Response Latency   =        0.784 ms  (T4 - T3)            ║
execution-manager  | ║   Total End-to-End   =     6508.029 ms  (T4 - T1)            ║
execution-manager  | ║   Network Overhead   =        2.129 ms  (Req + Resp)         ║
execution-manager  | ╚═══════════════════════════════════════════════════════════════╝
execution-manager  | 
execution-manager  | [SCHEDULER] ✅ T=27518 ms: Task 3 'sum3' completed with status 2
execution-manager  | [SCHEDULER] 🔕 Timeout disarmed for task 3
execution-manager  | [SCHEDULER] 2 tasks remaining
execution-manager  | [gRPC Client Async] Stream completed, received 1 responses
execution-manager  | [GRPC THREAD 3] Completed
execution-manager  | [gRPC Client Async] Response #1 - Status: COMPLETED
execution-manager  | 🎉 [T=27525 ms] Task 4 'sum4' COMPLETED
execution-manager  | [EXECUTION MANAGER] ⏱️ T2=132880006.592 ms | Thread started (server measured)
execution-manager  | [EXECUTION MANAGER] ⏱️ T3=132886519.470 ms | Task completed (server measured)
execution-manager  | [EXECUTION MANAGER] ⏱️ T4=132886520.046 ms | Result received by client
execution-manager  |    [TASK EXECUTION] 6512.878 ms (T3-T2, measured in thread)
execution-manager  |    [RESULT] {"result": 0}
execution-manager  | 
execution-manager  | ╔═══════════════════════════════════════════════════════════════╗
execution-manager  | ║           END-TO-END TIMING MEASUREMENT RECAP                 ║
execution-manager  | ║                   Task 4: sum4                                 
execution-manager  | ╠═══════════════════════════════════════════════════════════════╣
execution-manager  | ║ T1 (start_request)    = 132880005.827 ms                        ║
execution-manager  | ║ T2 (end_request)      = 132880006.592 ms                        ║
execution-manager  | ║ T3 (start_result)     = 132886519.470 ms                        ║
execution-manager  | ║ T4 (end_result)       = 132886520.046 ms                        ║
execution-manager  | ╠═══════════════════════════════════════════════════════════════╣
execution-manager  | ║ METRICS:                                                      ║
execution-manager  | ║   Request Latency    =        0.764 ms  (T2 - T1)            ║
execution-manager  | ║   Task Execution     =     6512.878 ms  (T3 - T2)            ║
execution-manager  | ║   Response Latency   =        0.576 ms  (T4 - T3)            ║
execution-manager  | ║   Total End-to-End   =     6514.218 ms  (T4 - T1)            ║
execution-manager  | ║   Network Overhead   =        1.340 ms  (Req + Resp)         ║
execution-manager  | ╚═══════════════════════════════════════════════════════════════╝
execution-manager  | 
execution-manager  | [SCHEDULER] ✅ T=27525 ms: Task 4 'sum4' completed with status 2
execution-manager  | [SCHEDULER] 🔕 Timeout disarmed for task 4
execution-manager  | [SCHEDULER] 1 tasks remaining
execution-manager  | [gRPC Client Async] Stream completed, received 1 responses
execution-manager  | [GRPC THREAD 4] Completed
execution-manager  | [gRPC Client Async] Response #1 - Status: COMPLETED
execution-manager  | 🎉 [T=27529 ms] Task 2 'sum2' COMPLETED
execution-manager  | [EXECUTION MANAGER] ⏱️ T2=132878997.399 ms | Thread started (server measured)
execution-manager  | [EXECUTION MANAGER] ⏱️ T3=132886524.404 ms | Task completed (server measured)
execution-manager  | [EXECUTION MANAGER] ⏱️ T4=132886524.998 ms | Result received by client
execution-manager  |    [TASK EXECUTION] 7527.005 ms (T3-T2, measured in thread)
execution-manager  |    [RESULT] {"result": 0}
execution-manager  | 
execution-manager  | ╔═══════════════════════════════════════════════════════════════╗
execution-manager  | ║           END-TO-END TIMING MEASUREMENT RECAP                 ║
execution-manager  | ║                   Task 2: sum2                                 
execution-manager  | ╠═══════════════════════════════════════════════════════════════╣
execution-manager  | ║ T1 (start_request)    = 132878996.016 ms                        ║
execution-manager  | ║ T2 (end_request)      = 132878997.399 ms                        ║
execution-manager  | ║ T3 (start_result)     = 132886524.404 ms                        ║
execution-manager  | ║ T4 (end_result)       = 132886524.998 ms                        ║
execution-manager  | ╠═══════════════════════════════════════════════════════════════╣
execution-manager  | ║ METRICS:                                                      ║
execution-manager  | ║   Request Latency    =        1.382 ms  (T2 - T1)            ║
execution-manager  | ║   Task Execution     =     7527.005 ms  (T3 - T2)            ║
execution-manager  | ║   Response Latency   =        0.594 ms  (T4 - T3)            ║
execution-manager  | ║   Total End-to-End   =     7528.982 ms  (T4 - T1)            ║
execution-manager  | ║   Network Overhead   =        1.977 ms  (Req + Resp)         ║
execution-manager  | ╚═══════════════════════════════════════════════════════════════╝
execution-manager  | 
execution-manager  | [gRPC Client Async] Stream completed, received 1 responses
execution-manager  | [GRPC THREAD 2] Completed
execution-manager  | [SCHEDULER] ✅ T=27530 ms: Task 2 'sum2' completed with status 2
execution-manager  | [SCHEDULER] 🔕 Timeout disarmed for task 2
execution-manager  | [SCHEDULER] 0 tasks remaining
execution-manager  | 
execution-manager  | [SCHEDULER] 🏁 Iteration 34/50 complete!
execution-manager  | [SCHEDULER] Iteration execution time: 27530 ms
execution-manager  | 
execution-manager  | 
execution-manager  | [SCHEDULER] 🔁 ===== ITERATION 35 / 50 =====
execution-manager  | 
execution-manager  | [SCHEDULER] 🚀 Schedule started at T=0
execution-manager  | 
execution-manager  | [SCHEDULER] 🔄 Entering event loop (NO SLEEP - event-driven!)
execution-manager  | 
execution-manager  | [SCHEDULER] ⏰ T=10000 ms | T_wall=132896525.403 ms: Launching task 1 'sum1' (deadline: 30000 ms)
execution-manager  | [SCHEDULER] 🕐 Timeout armed for task 1 at T=30000 ms (in 20000 ms)
execution-manager  | [GRPC THREAD 1] Starting...
execution-manager  | [EXECUTION MANAGER] ⏱️ T1=132896525.538 ms | Sending gRPC request for task 1 'sum1'
execution-manager  | [gRPC Channel Pool] Reusing existing channel for localhost:50051
execution-manager  | [gRPC Client Async] Calling task 'sum1' at localhost:50051
execution-manager  | [gRPC Client Async] Inputs: {"total_ops": 200, "io_percentage": 50}
execution-manager  | [gRPC Client Async] Response #1 - Status: COMPLETED
execution-manager  | 🎉 [T=12481 ms] Task 1 'sum1' COMPLETED
execution-manager  | [EXECUTION MANAGER] ⏱️ T2=132896526.438 ms | Thread started (server measured)
execution-manager  | [EXECUTION MANAGER] ⏱️ T3=132899005.776 ms | Task completed (server measured)
execution-manager  | [EXECUTION MANAGER] ⏱️ T4=132899006.441 ms | Result received by client
execution-manager  |    [TASK EXECUTION] 2479.338 ms (T3-T2, measured in thread)
execution-manager  |    [RESULT] {"result": 0}
execution-manager  | 
execution-manager  | ╔═══════════════════════════════════════════════════════════════╗
execution-manager  | ║           END-TO-END TIMING MEASUREMENT RECAP                 ║
execution-manager  | ║                   Task 1: sum1                                 
execution-manager  | ╠═══════════════════════════════════════════════════════════════╣
execution-manager  | ║ T1 (start_request)    = 132896525.538 ms                        ║
execution-manager  | ║ T2 (end_request)      = 132896526.438 ms                        ║
execution-manager  | ║ T3 (start_result)     = 132899005.776 ms                        ║
execution-manager  | ║ T4 (end_result)       = 132899006.441 ms                        ║
execution-manager  | ╠═══════════════════════════════════════════════════════════════╣
execution-manager  | ║ METRICS:                                                      ║
execution-manager  | ║   Request Latency    =        0.901 ms  (T2 - T1)            ║
execution-manager  | ║   Task Execution     =     2479.338 ms  (T3 - T2)            ║
execution-manager  | ║   Response Latency   =        0.665 ms  (T4 - T3)            ║
execution-manager  | ║   Total End-to-End   =     2480.903 ms  (T4 - T1)            ║
execution-manager  | ║   Network Overhead   =        1.565 ms  (Req + Resp)         ║
execution-manager  | ╚═══════════════════════════════════════════════════════════════╝
execution-manager  | 
execution-manager  | [gRPC Client Async] Stream completed, received 1 responses
execution-manager  | [GRPC THREAD 1] Completed
execution-manager  | [SCHEDULER] ✅ T=12481 ms: Task 1 'sum1' completed with status 2
execution-manager  | [SCHEDULER] 🔕 Timeout disarmed for task 1
execution-manager  | [SCHEDULER] 3 tasks remaining
execution-manager  | [SCHEDULER] ⏰ T=20000 ms | T_wall=132906525.433 ms: Launching task 2 'sum2' (deadline: 40000 ms)
execution-manager  | [SCHEDULER] 🕐 Timeout armed for task 2 at T=40000 ms (in 20000 ms)
execution-manager  | [GRPC THREAD 2] Starting...
execution-manager  | [EXECUTION MANAGER] ⏱️ T1=132906525.564 ms | Sending gRPC request for task 2 'sum2'
execution-manager  | [gRPC Channel Pool] Reusing existing channel for localhost:50052
execution-manager  | [gRPC Client Async] Calling task 'sum2' at localhost:50052
execution-manager  | [gRPC Client Async] Inputs: {"total_ops": 200, "io_percentage": 50}
execution-manager  | [SCHEDULER] ⏰ T=21480 ms | T_wall=132908005.033 ms: Launching task 3 'sum3' (deadline: 41000 ms)
execution-manager  | [SCHEDULER] 🕐 Timeout armed for task 3 at T=41000 ms (in 19520 ms)
execution-manager  | [SCHEDULER] ⏰ T=21480 ms | T_wall=132908005.174 ms: Launching task 4 'sum4' (deadline: 41000 ms)
execution-manager  | [SCHEDULER] 🕐 Timeout armed for task 4 at T=41000 ms (in 19520 ms)
execution-manager  | [GRPC THREAD 3] Starting...
execution-manager  | [EXECUTION MANAGER] ⏱️ T1=132908005.649 ms | Sending gRPC request for task 3 'sum3'
execution-manager  | [gRPC Channel Pool] Reusing existing channel for localhost:50053
execution-manager  | [gRPC Client Async] Calling task 'sum3' at localhost:50053
execution-manager  | [gRPC Client Async] Inputs: {"total_ops": 200, "io_percentage": 50}
execution-manager  | [GRPC THREAD 4] Starting...
execution-manager  | [EXECUTION MANAGER] ⏱️ T1=132908006.064 ms | Sending gRPC request for task 4 'sum4'
execution-manager  | [gRPC Channel Pool] Reusing existing channel for localhost:50054
execution-manager  | [gRPC Client Async] Calling task 'sum4' at localhost:50054
execution-manager  | [gRPC Client Async] Inputs: {"total_ops": 200, "io_percentage": 50}
execution-manager  | [gRPC Client Async] Response #1 - Status: COMPLETED
execution-manager  | 🎉 [T=27463 ms] Task 3 'sum3' COMPLETED
execution-manager  | [EXECUTION MANAGER] ⏱️ T2=132908006.645 ms | Thread started (server measured)
execution-manager  | [EXECUTION MANAGER] ⏱️ T3=132913987.340 ms | Task completed (server measured)
execution-manager  | [EXECUTION MANAGER] ⏱️ T4=132913988.086 ms | Result received by client
execution-manager  |    [TASK EXECUTION] 5980.695 ms (T3-T2, measured in thread)
execution-manager  |    [RESULT] {"result": 0}
execution-manager  | 
execution-manager  | ╔═══════════════════════════════════════════════════════════════╗
execution-manager  | ║           END-TO-END TIMING MEASUREMENT RECAP                 ║
execution-manager  | ║                   Task 3: sum3                                 
execution-manager  | ╠═══════════════════════════════════════════════════════════════╣
execution-manager  | ║ T1 (start_request)    = 132908005.649 ms                        ║
execution-manager  | ║ T2 (end_request)      = 132908006.645 ms                        ║
execution-manager  | ║ T3 (start_result)     = 132913987.340 ms                        ║
execution-manager  | ║ T4 (end_result)       = 132913988.086 ms                        ║
execution-manager  | ╠═══════════════════════════════════════════════════════════════╣
execution-manager  | ║ METRICS:                                                      ║
execution-manager  | ║   Request Latency    =        0.996 ms  (T2 - T1)            ║
execution-manager  | ║   Task Execution     =     5980.695 ms  (T3 - T2)            ║
execution-manager  | ║   Response Latency   =        0.745 ms  (T4 - T3)            ║
execution-manager  | ║   Total End-to-End   =     5982.436 ms  (T4 - T1)            ║
execution-manager  | ║   Network Overhead   =        1.742 ms  (Req + Resp)         ║
execution-manager  | ╚═══════════════════════════════════════════════════════════════╝
execution-manager  | 
execution-manager  | [SCHEDULER] ✅ T=27463 ms: Task 3 'sum3' completed with status 2
execution-manager  | [SCHEDULER] 🔕 Timeout disarmed for task 3
execution-manager  | [SCHEDULER] 2 tasks remaining
execution-manager  | [gRPC Client Async] Stream completed, received 1 responses
execution-manager  | [GRPC THREAD 3] Completed
execution-manager  | [gRPC Client Async] Response #1 - Status: COMPLETED
execution-manager  | 🎉 [T=27468 ms] Task 4 'sum4' COMPLETED
execution-manager  | [EXECUTION MANAGER] ⏱️ T2=132910398.092 ms | Thread started (server measured)
execution-manager  | [EXECUTION MANAGER] ⏱️ T3=132913992.233 ms | Task completed (server measured)
execution-manager  | [EXECUTION MANAGER] ⏱️ T4=132913993.019 ms | Result received by client
execution-manager  |    [TASK EXECUTION] 3594.140 ms (T3-T2, measured in thread)
execution-manager  |    [RESULT] {"result": 0}
execution-manager  | 
execution-manager  | ╔═══════════════════════════════════════════════════════════════╗
execution-manager  | ║           END-TO-END TIMING MEASUREMENT RECAP                 ║
execution-manager  | ║                   Task 4: sum4                                 
execution-manager  | ╠═══════════════════════════════════════════════════════════════╣
execution-manager  | ║ T1 (start_request)    = 132908006.064 ms                        ║
execution-manager  | ║ T2 (end_request)      = 132910398.092 ms                        ║
execution-manager  | ║ T3 (start_result)     = 132913992.233 ms                        ║
execution-manager  | ║ T4 (end_result)       = 132913993.019 ms                        ║
execution-manager  | ╠═══════════════════════════════════════════════════════════════╣
execution-manager  | ║ METRICS:                                                      ║
execution-manager  | ║   Request Latency    =     2392.028 ms  (T2 - T1)            ║
execution-manager  | ║   Task Execution     =     3594.140 ms  (T3 - T2)            ║
execution-manager  | ║   Response Latency   =        0.787 ms  (T4 - T3)            ║
execution-manager  | ║   Total End-to-End   =     5986.955 ms  (T4 - T1)            ║
execution-manager  | ║   Network Overhead   =     2392.815 ms  (Req + Resp)         ║
execution-manager  | ╚═══════════════════════════════════════════════════════════════╝
execution-manager  | 
execution-manager  | [SCHEDULER] ✅ T=27468 ms: Task 4 'sum4' completed with status 2
execution-manager  | [SCHEDULER] 🔕 Timeout disarmed for task 4
execution-manager  | [SCHEDULER] 1 tasks remaining
execution-manager  | [gRPC Client Async] Stream completed, received 1 responses
execution-manager  | [GRPC THREAD 4] Completed
execution-manager  | [gRPC Client Async] Response #1 - Status: COMPLETED
execution-manager  | 🎉 [T=27473 ms] Task 2 'sum2' COMPLETED
execution-manager  | [EXECUTION MANAGER] ⏱️ T2=132906526.566 ms | Thread started (server measured)
execution-manager  | [EXECUTION MANAGER] ⏱️ T3=132913998.259 ms | Task completed (server measured)
execution-manager  | [EXECUTION MANAGER] ⏱️ T4=132913998.831 ms | Result received by client
execution-manager  |    [TASK EXECUTION] 7471.693 ms (T3-T2, measured in thread)
execution-manager  |    [RESULT] {"result": 0}
execution-manager  | 
execution-manager  | ╔═══════════════════════════════════════════════════════════════╗
execution-manager  | ║           END-TO-END TIMING MEASUREMENT RECAP                 ║
execution-manager  | ║                   Task 2: sum2                                 
execution-manager  | ╠═══════════════════════════════════════════════════════════════╣
execution-manager  | ║ T1 (start_request)    = 132906525.564 ms                        ║
execution-manager  | ║ T2 (end_request)      = 132906526.566 ms                        ║
execution-manager  | ║ T3 (start_result)     = 132913998.259 ms                        ║
execution-manager  | ║ T4 (end_result)       = 132913998.831 ms                        ║
execution-manager  | ╠═══════════════════════════════════════════════════════════════╣
execution-manager  | ║ METRICS:                                                      ║
execution-manager  | ║   Request Latency    =        1.002 ms  (T2 - T1)            ║
execution-manager  | ║   Task Execution     =     7471.693 ms  (T3 - T2)            ║
execution-manager  | ║   Response Latency   =        0.572 ms  (T4 - T3)            ║
execution-manager  | ║   Total End-to-End   =     7473.267 ms  (T4 - T1)            ║
execution-manager  | ║   Network Overhead   =        1.574 ms  (Req + Resp)         ║
execution-manager  | ╚═══════════════════════════════════════════════════════════════╝
execution-manager  | 
execution-manager  | [gRPC Client Async] Stream completed, received 1 responses
execution-manager  | [GRPC THREAD 2] Completed
execution-manager  | [SCHEDULER] ✅ T=27474 ms: Task 2 'sum2' completed with status 2
execution-manager  | [SCHEDULER] 🔕 Timeout disarmed for task 2
execution-manager  | [SCHEDULER] 0 tasks remaining
execution-manager  | 
execution-manager  | [SCHEDULER] 🏁 Iteration 35/50 complete!
execution-manager  | [SCHEDULER] Iteration execution time: 27474 ms
execution-manager  | 
execution-manager  | 
execution-manager  | [SCHEDULER] 🔁 ===== ITERATION 36 / 50 =====
execution-manager  | 
execution-manager  | [SCHEDULER] 🚀 Schedule started at T=0
execution-manager  | 
execution-manager  | [SCHEDULER] 🔄 Entering event loop (NO SLEEP - event-driven!)
execution-manager  | 
execution-manager  | [SCHEDULER] ⏰ T=10000 ms | T_wall=132923999.355 ms: Launching task 1 'sum1' (deadline: 30000 ms)
execution-manager  | [SCHEDULER] 🕐 Timeout armed for task 1 at T=30000 ms (in 20000 ms)
execution-manager  | [GRPC THREAD 1] Starting...
execution-manager  | [EXECUTION MANAGER] ⏱️ T1=132923999.491 ms | Sending gRPC request for task 1 'sum1'
execution-manager  | [gRPC Channel Pool] Reusing existing channel for localhost:50051
execution-manager  | [gRPC Client Async] Calling task 'sum1' at localhost:50051
execution-manager  | [gRPC Client Async] Inputs: {"total_ops": 200, "io_percentage": 50}
execution-manager  | [gRPC Client Async] Response #1 - Status: COMPLETED
execution-manager  | 🎉 [T=12537 ms] Task 1 'sum1' COMPLETED
execution-manager  | [EXECUTION MANAGER] ⏱️ T2=132924000.810 ms | Thread started (server measured)
execution-manager  | [EXECUTION MANAGER] ⏱️ T3=132926535.807 ms | Task completed (server measured)
execution-manager  | [EXECUTION MANAGER] ⏱️ T4=132926536.572 ms | Result received by client
execution-manager  |    [TASK EXECUTION] 2534.997 ms (T3-T2, measured in thread)
execution-manager  |    [RESULT] {"result": 0}
execution-manager  | 
execution-manager  | ╔═══════════════════════════════════════════════════════════════╗
execution-manager  | ║           END-TO-END TIMING MEASUREMENT RECAP                 ║
execution-manager  | ║                   Task 1: sum1                                 
execution-manager  | ╠═══════════════════════════════════════════════════════════════╣
execution-manager  | ║ T1 (start_request)    = 132923999.491 ms                        ║
execution-manager  | ║ T2 (end_request)      = 132924000.810 ms                        ║
execution-manager  | ║ T3 (start_result)     = 132926535.807 ms                        ║
execution-manager  | ║ T4 (end_result)       = 132926536.572 ms                        ║
execution-manager  | ╠═══════════════════════════════════════════════════════════════╣
execution-manager  | ║ METRICS:                                                      ║
execution-manager  | ║   Request Latency    =        1.319 ms  (T2 - T1)            ║
execution-manager  | ║   Task Execution     =     2534.997 ms  (T3 - T2)            ║
execution-manager  | ║   Response Latency   =        0.765 ms  (T4 - T3)            ║
execution-manager  | ║   Total End-to-End   =     2537.081 ms  (T4 - T1)            ║
execution-manager  | ║   Network Overhead   =        2.084 ms  (Req + Resp)         ║
execution-manager  | ╚═══════════════════════════════════════════════════════════════╝
execution-manager  | 
execution-manager  | [SCHEDULER] ✅ T=12537 ms: Task 1 'sum1' completed with status 2
execution-manager  | [SCHEDULER] 🔕 Timeout disarmed for task 1
execution-manager  | [SCHEDULER] 3 tasks remaining
execution-manager  | [gRPC Client Async] Stream completed, received 1 responses
execution-manager  | [GRPC THREAD 1] Completed
execution-manager  | [SCHEDULER] ⏰ T=20000 ms | T_wall=132933999.390 ms: Launching task 2 'sum2' (deadline: 40000 ms)
execution-manager  | [SCHEDULER] 🕐 Timeout armed for task 2 at T=40000 ms (in 20000 ms)
execution-manager  | [GRPC THREAD 2] Starting...
execution-manager  | [EXECUTION MANAGER] ⏱️ T1=132933999.529 ms | Sending gRPC request for task 2 'sum2'
execution-manager  | [gRPC Channel Pool] Reusing existing channel for localhost:50052
execution-manager  | [gRPC Client Async] Calling task 'sum2' at localhost:50052
execution-manager  | [gRPC Client Async] Inputs: {"total_ops": 200, "io_percentage": 50}
execution-manager  | [SCHEDULER] ⏰ T=21006 ms | T_wall=132935005.235 ms: Launching task 3 'sum3' (deadline: 41000 ms)
execution-manager  | [SCHEDULER] 🕐 Timeout armed for task 3 at T=41000 ms (in 19994 ms)
execution-manager  | [SCHEDULER] ⏰ T=21006 ms | T_wall=132935005.417 ms: Launching task 4 'sum4' (deadline: 41000 ms)
execution-manager  | [SCHEDULER] 🕐 Timeout armed for task 4 at T=41000 ms (in 19994 ms)
execution-manager  | [GRPC THREAD 3] Starting...
execution-manager  | [EXECUTION MANAGER] ⏱️ T1=132935005.517 ms | Sending gRPC request for task 3 'sum3'
execution-manager  | [gRPC Channel Pool] Reusing existing channel for localhost:50053
execution-manager  | [gRPC Client Async] Calling task 'sum3' at localhost:50053
execution-manager  | [gRPC Client Async] Inputs: {"total_ops": 200, "io_percentage": 50}
execution-manager  | [GRPC THREAD 4] Starting...
execution-manager  | [EXECUTION MANAGER] ⏱️ T1=132935005.930 ms | Sending gRPC request for task 4 'sum4'
execution-manager  | [gRPC Channel Pool] Reusing existing channel for localhost:50054
execution-manager  | [gRPC Client Async] Calling task 'sum4' at localhost:50054
execution-manager  | [gRPC Client Async] Inputs: {"total_ops": 200, "io_percentage": 50}
execution-manager  | [gRPC Client Async] Response #1 - Status: COMPLETED
execution-manager  | 🎉 [T=27516 ms] Task 3 'sum3' COMPLETED
execution-manager  | [EXECUTION MANAGER] ⏱️ T2=132936005.223 ms | Thread started (server measured)
execution-manager  | [EXECUTION MANAGER] ⏱️ T3=132941514.689 ms | Task completed (server measured)
execution-manager  | [EXECUTION MANAGER] ⏱️ T4=132941515.696 ms | Result received by client
execution-manager  |    [TASK EXECUTION] 5509.466 ms (T3-T2, measured in thread)
execution-manager  |    [RESULT] {"result": 0}
execution-manager  | 
execution-manager  | ╔═══════════════════════════════════════════════════════════════╗
execution-manager  | ║           END-TO-END TIMING MEASUREMENT RECAP                 ║
execution-manager  | ║                   Task 3: sum3                                 
execution-manager  | ╠═══════════════════════════════════════════════════════════════╣
execution-manager  | ║ T1 (start_request)    = 132935005.517 ms                        ║
execution-manager  | ║ T2 (end_request)      = 132936005.223 ms                        ║
execution-manager  | ║ T3 (start_result)     = 132941514.689 ms                        ║
execution-manager  | ║ T4 (end_result)       = 132941515.696 ms                        ║
execution-manager  | ╠═══════════════════════════════════════════════════════════════╣
execution-manager  | ║ METRICS:                                                      ║
execution-manager  | ║   Request Latency    =      999.706 ms  (T2 - T1)            ║
execution-manager  | ║   Task Execution     =     5509.466 ms  (T3 - T2)            ║
execution-manager  | ║   Response Latency   =        1.007 ms  (T4 - T3)            ║
execution-manager  | ║   Total End-to-End   =     6510.179 ms  (T4 - T1)            ║
execution-manager  | ║   Network Overhead   =     1000.713 ms  (Req + Resp)         ║
execution-manager  | ╚═══════════════════════════════════════════════════════════════╝
execution-manager  | 
execution-manager  | [SCHEDULER] ✅ T=27516 ms: Task 3 'sum3' completed with status 2
execution-manager  | [SCHEDULER] 🔕 Timeout disarmed for task 3
execution-manager  | [SCHEDULER] 2 tasks remaining
execution-manager  | [gRPC Client Async] Stream completed, received 1 responses
execution-manager  | [GRPC THREAD 3] Completed
execution-manager  | [gRPC Client Async] Response #1 - Status: COMPLETED
execution-manager  | 🎉 [T=27524 ms] Task 4 'sum4' COMPLETED
execution-manager  | [EXECUTION MANAGER] ⏱️ T2=132938396.434 ms | Thread started (server measured)
execution-manager  | [EXECUTION MANAGER] ⏱️ T3=132941522.699 ms | Task completed (server measured)
execution-manager  | [EXECUTION MANAGER] ⏱️ T4=132941523.289 ms | Result received by client
execution-manager  |    [TASK EXECUTION] 3126.265 ms (T3-T2, measured in thread)
execution-manager  |    [RESULT] {"result": 0}
execution-manager  | 
execution-manager  | ╔═══════════════════════════════════════════════════════════════╗
execution-manager  | ║           END-TO-END TIMING MEASUREMENT RECAP                 ║
execution-manager  | ║                   Task 4: sum4                                 
execution-manager  | ╠═══════════════════════════════════════════════════════════════╣
execution-manager  | ║ T1 (start_request)    = 132935005.930 ms                        ║
execution-manager  | ║ T2 (end_request)      = 132938396.434 ms                        ║
execution-manager  | ║ T3 (start_result)     = 132941522.699 ms                        ║
execution-manager  | ║ T4 (end_result)       = 132941523.289 ms                        ║
execution-manager  | ╠═══════════════════════════════════════════════════════════════╣
execution-manager  | ║ METRICS:                                                      ║
execution-manager  | ║   Request Latency    =     3390.504 ms  (T2 - T1)            ║
execution-manager  | ║   Task Execution     =     3126.265 ms  (T3 - T2)            ║
execution-manager  | ║   Response Latency   =        0.590 ms  (T4 - T3)            ║
execution-manager  | ║   Total End-to-End   =     6517.359 ms  (T4 - T1)            ║
execution-manager  | ║   Network Overhead   =     3391.094 ms  (Req + Resp)         ║
execution-manager  | ╚═══════════════════════════════════════════════════════════════╝
execution-manager  | 
execution-manager  | [SCHEDULER] ✅ T=27524 ms: Task 4 'sum4' completed with status 2
execution-manager  | [SCHEDULER] 🔕 Timeout disarmed for task 4
execution-manager  | [SCHEDULER] 1 tasks remaining
execution-manager  | [gRPC Client Async] Stream completed, received 1 responses
execution-manager  | [GRPC THREAD 4] Completed
execution-manager  | [gRPC Client Async] Response #1 - Status: COMPLETED
execution-manager  | 🎉 [T=27528 ms] Task 2 'sum2' COMPLETED
execution-manager  | [EXECUTION MANAGER] ⏱️ T2=132934000.828 ms | Thread started (server measured)
execution-manager  | [EXECUTION MANAGER] ⏱️ T3=132941526.834 ms | Task completed (server measured)
execution-manager  | [EXECUTION MANAGER] ⏱️ T4=132941527.449 ms | Result received by client
execution-manager  |    [TASK EXECUTION] 7526.005 ms (T3-T2, measured in thread)
execution-manager  |    [RESULT] {"result": 0}
execution-manager  | 
execution-manager  | ╔═══════════════════════════════════════════════════════════════╗
execution-manager  | ║           END-TO-END TIMING MEASUREMENT RECAP                 ║
execution-manager  | ║                   Task 2: sum2                                 
execution-manager  | ╠═══════════════════════════════════════════════════════════════╣
execution-manager  | ║ T1 (start_request)    = 132933999.529 ms                        ║
execution-manager  | ║ T2 (end_request)      = 132934000.828 ms                        ║
execution-manager  | ║ T3 (start_result)     = 132941526.834 ms                        ║
execution-manager  | ║ T4 (end_result)       = 132941527.449 ms                        ║
execution-manager  | ╠═══════════════════════════════════════════════════════════════╣
execution-manager  | ║ METRICS:                                                      ║
execution-manager  | ║   Request Latency    =        1.300 ms  (T2 - T1)            ║
execution-manager  | ║   Task Execution     =     7526.005 ms  (T3 - T2)            ║
execution-manager  | ║   Response Latency   =        0.615 ms  (T4 - T3)            ║
execution-manager  | ║   Total End-to-End   =     7527.920 ms  (T4 - T1)            ║
execution-manager  | ║   Network Overhead   =        1.915 ms  (Req + Resp)         ║
execution-manager  | ╚═══════════════════════════════════════════════════════════════╝
execution-manager  | 
execution-manager  | [SCHEDULER] ✅ T=27528 ms: Task 2 'sum2' completed with status 2
execution-manager  | [SCHEDULER] 🔕 Timeout disarmed for task 2
execution-manager  | [SCHEDULER] 0 tasks remaining
execution-manager  | 
execution-manager  | [SCHEDULER] 🏁 Iteration 36/50 complete!
execution-manager  | [SCHEDULER] Iteration execution time: 27528 ms
execution-manager  | 
execution-manager  | 
execution-manager  | [SCHEDULER] 🔁 ===== ITERATION 37 / 50 =====
execution-manager  | 
execution-manager  | [SCHEDULER] 🚀 Schedule started at T=0
execution-manager  | 
execution-manager  | [SCHEDULER] 🔄 Entering event loop (NO SLEEP - event-driven!)
execution-manager  | 
execution-manager  | [gRPC Client Async] Stream completed, received 1 responses
execution-manager  | [GRPC THREAD 2] Completed
execution-manager  | [SCHEDULER] ⏰ T=10000 ms | T_wall=132951527.699 ms: Launching task 1 'sum1' (deadline: 30000 ms)
execution-manager  | [SCHEDULER] 🕐 Timeout armed for task 1 at T=30000 ms (in 20000 ms)
execution-manager  | [GRPC THREAD 1] Starting...
execution-manager  | [EXECUTION MANAGER] ⏱️ T1=132951527.835 ms | Sending gRPC request for task 1 'sum1'
execution-manager  | [gRPC Channel Pool] Reusing existing channel for localhost:50051
execution-manager  | [gRPC Client Async] Calling task 'sum1' at localhost:50051
execution-manager  | [gRPC Client Async] Inputs: {"total_ops": 200, "io_percentage": 50}
execution-manager  | [gRPC Client Async] Response #1 - Status: COMPLETED
execution-manager  | 🎉 [T=12485 ms] Task 1 'sum1' COMPLETED
execution-manager  | [EXECUTION MANAGER] ⏱️ T2=132951529.549 ms | Thread started (server measured)
execution-manager  | [EXECUTION MANAGER] ⏱️ T3=132954011.700 ms | Task completed (server measured)
execution-manager  | [EXECUTION MANAGER] ⏱️ T4=132954012.403 ms | Result received by client
execution-manager  |    [TASK EXECUTION] 2482.151 ms (T3-T2, measured in thread)
execution-manager  |    [RESULT] {"result": 0}
execution-manager  | 
execution-manager  | ╔═══════════════════════════════════════════════════════════════╗
execution-manager  | ║           END-TO-END TIMING MEASUREMENT RECAP                 ║
execution-manager  | ║                   Task 1: sum1                                 
execution-manager  | ╠═══════════════════════════════════════════════════════════════╣
execution-manager  | ║ T1 (start_request)    = 132951527.835 ms                        ║
execution-manager  | ║ T2 (end_request)      = 132951529.549 ms                        ║
execution-manager  | ║ T3 (start_result)     = 132954011.700 ms                        ║
execution-manager  | ║ T4 (end_result)       = 132954012.403 ms                        ║
execution-manager  | ╠═══════════════════════════════════════════════════════════════╣
execution-manager  | ║ METRICS:                                                      ║
execution-manager  | ║   Request Latency    =        1.714 ms  (T2 - T1)            ║
execution-manager  | ║   Task Execution     =     2482.151 ms  (T3 - T2)            ║
execution-manager  | ║   Response Latency   =        0.703 ms  (T4 - T3)            ║
execution-manager  | ║   Total End-to-End   =     2484.568 ms  (T4 - T1)            ║
execution-manager  | ║   Network Overhead   =        2.417 ms  (Req + Resp)         ║
execution-manager  | ╚═══════════════════════════════════════════════════════════════╝
execution-manager  | 
execution-manager  | [SCHEDULER] ✅ T=12485 ms: Task 1 'sum1' completed with status 2
execution-manager  | [SCHEDULER] 🔕 Timeout disarmed for task 1
execution-manager  | [SCHEDULER] 3 tasks remaining
execution-manager  | [gRPC Client Async] Stream completed, received 1 responses
execution-manager  | [GRPC THREAD 1] Completed
execution-manager  | [SCHEDULER] ⏰ T=20000 ms | T_wall=132961527.727 ms: Launching task 2 'sum2' (deadline: 40000 ms)
execution-manager  | [SCHEDULER] 🕐 Timeout armed for task 2 at T=40000 ms (in 20000 ms)
execution-manager  | [GRPC THREAD 2] Starting...
execution-manager  | [EXECUTION MANAGER] ⏱️ T1=132961527.897 ms | Sending gRPC request for task 2 'sum2'
execution-manager  | [gRPC Channel Pool] Reusing existing channel for localhost:50052
execution-manager  | [gRPC Client Async] Calling task 'sum2' at localhost:50052
execution-manager  | [gRPC Client Async] Inputs: {"total_ops": 200, "io_percentage": 50}
execution-manager  | [SCHEDULER] ⏰ T=21478 ms | T_wall=132963005.038 ms: Launching task 3 'sum3' (deadline: 41000 ms)
execution-manager  | [SCHEDULER] 🕐 Timeout armed for task 3 at T=41000 ms (in 19522 ms)
execution-manager  | [SCHEDULER] ⏰ T=21478 ms | T_wall=132963005.211 ms: Launching task 4 'sum4' (deadline: 41000 ms)
execution-manager  | [SCHEDULER] 🕐 Timeout armed for task 4 at T=41000 ms (in 19522 ms)
execution-manager  | [GRPC THREAD 3] Starting...
execution-manager  | [EXECUTION MANAGER] ⏱️ T1=132963005.311 ms | Sending gRPC request for task 3 'sum3'
execution-manager  | [gRPC Channel Pool] Reusing existing channel for localhost:50053
execution-manager  | [gRPC Client Async] Calling task 'sum3' at localhost:50053
execution-manager  | [gRPC Client Async] Inputs: {"total_ops": 200, "io_percentage": 50}
execution-manager  | [GRPC THREAD 4] Starting...
execution-manager  | [EXECUTION MANAGER] ⏱️ T1=132963005.758 ms | Sending gRPC request for task 4 'sum4'
execution-manager  | [gRPC Channel Pool] Reusing existing channel for localhost:50054
execution-manager  | [gRPC Client Async] Calling task 'sum4' at localhost:50054
execution-manager  | [gRPC Client Async] Inputs: {"total_ops": 200, "io_percentage": 50}
execution-manager  | [gRPC Client Async] Response #1 - Status: COMPLETED
execution-manager  | 🎉 [T=27470 ms] Task 3 'sum3' COMPLETED
execution-manager  | [EXECUTION MANAGER] ⏱️ T2=132963874.233 ms | Thread started (server measured)
execution-manager  | [EXECUTION MANAGER] ⏱️ T3=132968997.143 ms | Task completed (server measured)
execution-manager  | [EXECUTION MANAGER] ⏱️ T4=132968997.896 ms | Result received by client
execution-manager  |    [TASK EXECUTION] 5122.910 ms (T3-T2, measured in thread)
execution-manager  |    [RESULT] {"result": 0}
execution-manager  | 
execution-manager  | ╔═══════════════════════════════════════════════════════════════╗
execution-manager  | ║           END-TO-END TIMING MEASUREMENT RECAP                 ║
execution-manager  | ║                   Task 3: sum3                                 
execution-manager  | ╠═══════════════════════════════════════════════════════════════╣
execution-manager  | ║ T1 (start_request)    = 132963005.311 ms                        ║
execution-manager  | ║ T2 (end_request)      = 132963874.233 ms                        ║
execution-manager  | ║ T3 (start_result)     = 132968997.143 ms                        ║
execution-manager  | ║ T4 (end_result)       = 132968997.896 ms                        ║
execution-manager  | ╠═══════════════════════════════════════════════════════════════╣
execution-manager  | ║ METRICS:                                                      ║
execution-manager  | ║   Request Latency    =      868.922 ms  (T2 - T1)            ║
execution-manager  | ║   Task Execution     =     5122.910 ms  (T3 - T2)            ║
execution-manager  | ║   Response Latency   =        0.754 ms  (T4 - T3)            ║
execution-manager  | ║   Total End-to-End   =     5992.585 ms  (T4 - T1)            ║
execution-manager  | ║   Network Overhead   =      869.675 ms  (Req + Resp)         ║
execution-manager  | ╚═══════════════════════════════════════════════════════════════╝
execution-manager  | 
execution-manager  | [SCHEDULER] ✅ T=27471 ms: Task 3 'sum3' completed with status 2
execution-manager  | [SCHEDULER] 🔕 Timeout disarmed for task 3
execution-manager  | [SCHEDULER] 2 tasks remaining
execution-manager  | [gRPC Client Async] Stream completed, received 1 responses
execution-manager  | [GRPC THREAD 3] Completed
execution-manager  | [gRPC Client Async] Response #1 - Status: COMPLETED
execution-manager  | 🎉 [T=27474 ms] Task 2 'sum2' COMPLETED
execution-manager  | [EXECUTION MANAGER] ⏱️ T2=132961530.674 ms | Thread started (server measured)
execution-manager  | [EXECUTION MANAGER] ⏱️ T3=132969000.864 ms | Task completed (server measured)
execution-manager  | [EXECUTION MANAGER] ⏱️ T4=132969001.546 ms | Result received by client
execution-manager  |    [TASK EXECUTION] 7470.190 ms (T3-T2, measured in thread)
execution-manager  |    [RESULT] {"result": 0}
execution-manager  | 
execution-manager  | ╔═══════════════════════════════════════════════════════════════╗
execution-manager  | ║           END-TO-END TIMING MEASUREMENT RECAP                 ║
execution-manager  | ║                   Task 2: sum2                                 
execution-manager  | ╠═══════════════════════════════════════════════════════════════╣
execution-manager  | ║ T1 (start_request)    = 132961527.897 ms                        ║
execution-manager  | ║ T2 (end_request)      = 132961530.674 ms                        ║
execution-manager  | ║ T3 (start_result)     = 132969000.864 ms                        ║
execution-manager  | ║ T4 (end_result)       = 132969001.546 ms                        ║
execution-manager  | ╠═══════════════════════════════════════════════════════════════╣
execution-manager  | ║ METRICS:                                                      ║
execution-manager  | ║   Request Latency    =        2.776 ms  (T2 - T1)            ║
execution-manager  | ║   Task Execution     =     7470.190 ms  (T3 - T2)            ║
execution-manager  | ║   Response Latency   =        0.682 ms  (T4 - T3)            ║
execution-manager  | ║   Total End-to-End   =     7473.649 ms  (T4 - T1)            ║
execution-manager  | ║   Network Overhead   =        3.459 ms  (Req + Resp)         ║
execution-manager  | ╚═══════════════════════════════════════════════════════════════╝
execution-manager  | 
execution-manager  | [SCHEDULER] ✅ T=27474 ms: Task 2 'sum2' completed with status 2
execution-manager  | [SCHEDULER] 🔕 Timeout disarmed for task 2
execution-manager  | [SCHEDULER] 1 tasks remaining
execution-manager  | [gRPC Client Async] Stream completed, received 1 responses
execution-manager  | [GRPC THREAD 2] Completed
execution-manager  | [gRPC Client Async] Response #1 - Status: COMPLETED
execution-manager  | 🎉 [T=27476 ms] Task 4 'sum4' COMPLETED
execution-manager  | [EXECUTION MANAGER] ⏱️ T2=132966314.626 ms | Thread started (server measured)
execution-manager  | [EXECUTION MANAGER] ⏱️ T3=132969003.035 ms | Task completed (server measured)
execution-manager  | [EXECUTION MANAGER] ⏱️ T4=132969003.570 ms | Result received by client
execution-manager  |    [TASK EXECUTION] 2688.409 ms (T3-T2, measured in thread)
execution-manager  |    [RESULT] {"result": 0}
execution-manager  | 
execution-manager  | ╔═══════════════════════════════════════════════════════════════╗
execution-manager  | ║           END-TO-END TIMING MEASUREMENT RECAP                 ║
execution-manager  | ║                   Task 4: sum4                                 
execution-manager  | ╠═══════════════════════════════════════════════════════════════╣
execution-manager  | ║ T1 (start_request)    = 132963005.758 ms                        ║
execution-manager  | ║ T2 (end_request)      = 132966314.626 ms                        ║
execution-manager  | ║ T3 (start_result)     = 132969003.035 ms                        ║
execution-manager  | ║ T4 (end_result)       = 132969003.570 ms                        ║
execution-manager  | ╠═══════════════════════════════════════════════════════════════╣
execution-manager  | ║ METRICS:                                                      ║
execution-manager  | ║   Request Latency    =     3308.869 ms  (T2 - T1)            ║
execution-manager  | ║   Task Execution     =     2688.409 ms  (T3 - T2)            ║
execution-manager  | ║   Response Latency   =        0.535 ms  (T4 - T3)            ║
execution-manager  | ║   Total End-to-End   =     5997.813 ms  (T4 - T1)            ║
execution-manager  | ║   Network Overhead   =     3309.404 ms  (Req + Resp)         ║
execution-manager  | ╚═══════════════════════════════════════════════════════════════╝
execution-manager  | 
execution-manager  | [gRPC Client Async] Stream completed, received 1 responses
execution-manager  | [GRPC THREAD 4] Completed
execution-manager  | [SCHEDULER] ✅ T=27476 ms: Task 4 'sum4' completed with status 2
execution-manager  | [SCHEDULER] 🔕 Timeout disarmed for task 4
execution-manager  | [SCHEDULER] 0 tasks remaining
execution-manager  | 
execution-manager  | [SCHEDULER] 🏁 Iteration 37/50 complete!
execution-manager  | [SCHEDULER] Iteration execution time: 27476 ms
execution-manager  | 
execution-manager  | 
execution-manager  | [SCHEDULER] 🔁 ===== ITERATION 38 / 50 =====
execution-manager  | 
execution-manager  | [SCHEDULER] 🚀 Schedule started at T=0
execution-manager  | 
execution-manager  | [SCHEDULER] 🔄 Entering event loop (NO SLEEP - event-driven!)
execution-manager  | 
execution-manager  | [SCHEDULER] ⏰ T=10001 ms | T_wall=132979004.029 ms: Launching task 1 'sum1' (deadline: 30000 ms)
execution-manager  | [SCHEDULER] 🕐 Timeout armed for task 1 at T=30000 ms (in 19999 ms)
execution-manager  | [GRPC THREAD 1] Starting...
execution-manager  | [EXECUTION MANAGER] ⏱️ T1=132979004.173 ms | Sending gRPC request for task 1 'sum1'
execution-manager  | [gRPC Channel Pool] Reusing existing channel for localhost:50051
execution-manager  | [gRPC Client Async] Calling task 'sum1' at localhost:50051
execution-manager  | [gRPC Client Async] Inputs: {"total_ops": 200, "io_percentage": 50}
execution-manager  | [gRPC Client Async] Response #1 - Status: COMPLETED
execution-manager  | 🎉 [T=12531 ms] Task 1 'sum1' COMPLETED
execution-manager  | [EXECUTION MANAGER] ⏱️ T2=132979005.115 ms | Thread started (server measured)
execution-manager  | [EXECUTION MANAGER] ⏱️ T3=132981534.030 ms | Task completed (server measured)
execution-manager  | [EXECUTION MANAGER] ⏱️ T4=132981534.727 ms | Result received by client
execution-manager  |    [TASK EXECUTION] 2528.915 ms (T3-T2, measured in thread)
execution-manager  |    [RESULT] {"result": 0}
execution-manager  | 
execution-manager  | ╔═══════════════════════════════════════════════════════════════╗
execution-manager  | ║           END-TO-END TIMING MEASUREMENT RECAP                 ║
execution-manager  | ║                   Task 1: sum1                                 
execution-manager  | ╠═══════════════════════════════════════════════════════════════╣
execution-manager  | ║ T1 (start_request)    = 132979004.173 ms                        ║
execution-manager  | ║ T2 (end_request)      = 132979005.115 ms                        ║
execution-manager  | ║ T3 (start_result)     = 132981534.030 ms                        ║
execution-manager  | ║ T4 (end_result)       = 132981534.727 ms                        ║
execution-manager  | ╠═══════════════════════════════════════════════════════════════╣
execution-manager  | ║ METRICS:                                                      ║
execution-manager  | ║   Request Latency    =        0.942 ms  (T2 - T1)            ║
execution-manager  | ║   Task Execution     =     2528.915 ms  (T3 - T2)            ║
execution-manager  | ║   Response Latency   =        0.697 ms  (T4 - T3)            ║
execution-manager  | ║   Total End-to-End   =     2530.554 ms  (T4 - T1)            ║
execution-manager  | ║   Network Overhead   =        1.639 ms  (Req + Resp)         ║
execution-manager  | ╚═══════════════════════════════════════════════════════════════╝
execution-manager  | 
execution-manager  | [gRPC Client Async] Stream completed, received 1 responses
execution-manager  | [GRPC THREAD 1] Completed
execution-manager  | [SCHEDULER] ✅ T=12532 ms: Task 1 'sum1' completed with status 2
execution-manager  | [SCHEDULER] 🔕 Timeout disarmed for task 1
execution-manager  | [SCHEDULER] 3 tasks remaining
execution-manager  | [SCHEDULER] ⏰ T=20001 ms | T_wall=132989004.170 ms: Launching task 2 'sum2' (deadline: 40000 ms)
execution-manager  | [SCHEDULER] 🕐 Timeout armed for task 2 at T=40000 ms (in 19999 ms)
execution-manager  | [GRPC THREAD 2] Starting...
execution-manager  | [EXECUTION MANAGER] ⏱️ T1=132989004.313 ms | Sending gRPC request for task 2 'sum2'
execution-manager  | [gRPC Channel Pool] Reusing existing channel for localhost:50052
execution-manager  | [gRPC Client Async] Calling task 'sum2' at localhost:50052
execution-manager  | [gRPC Client Async] Inputs: {"total_ops": 200, "io_percentage": 50}
execution-manager  | [SCHEDULER] ⏰ T=21002 ms | T_wall=132990005.037 ms: Launching task 3 'sum3' (deadline: 41000 ms)
execution-manager  | [SCHEDULER] 🕐 Timeout armed for task 3 at T=41000 ms (in 19998 ms)
execution-manager  | [SCHEDULER] ⏰ T=21002 ms | T_wall=132990005.177 ms: Launching task 4 'sum4' (deadline: 41000 ms)
execution-manager  | [SCHEDULER] 🕐 Timeout armed for task 4 at T=41000 ms (in 19998 ms)
execution-manager  | [GRPC THREAD 3] Starting...
execution-manager  | [EXECUTION MANAGER] ⏱️ T1=132990005.330 ms | Sending gRPC request for task 3 'sum3'
execution-manager  | [gRPC Channel Pool] Reusing existing channel for localhost:50053
execution-manager  | [gRPC Client Async] Calling task 'sum3' at localhost:50053
execution-manager  | [gRPC Client Async] Inputs: {"total_ops": 200, "io_percentage": 50}
execution-manager  | [GRPC THREAD 4] Starting...
execution-manager  | [EXECUTION MANAGER] ⏱️ T1=132990005.847 ms | Sending gRPC request for task 4 'sum4'
execution-manager  | [gRPC Channel Pool] Reusing existing channel for localhost:50054
execution-manager  | [gRPC Client Async] Calling task 'sum4' at localhost:50054
execution-manager  | [gRPC Client Async] Inputs: {"total_ops": 200, "io_percentage": 50}
execution-manager  | [gRPC Client Async] Response #1 - Status: COMPLETED
execution-manager  | 🎉 [T=27725 ms] Task 3 'sum3' COMPLETED
execution-manager  | [EXECUTION MANAGER] ⏱️ T2=132990012.945 ms | Thread started (server measured)
execution-manager  | [EXECUTION MANAGER] ⏱️ T3=132996728.256 ms | Task completed (server measured)
execution-manager  | [EXECUTION MANAGER] ⏱️ T4=132996728.997 ms | Result received by client
execution-manager  |    [TASK EXECUTION] 6715.311 ms (T3-T2, measured in thread)
execution-manager  |    [RESULT] {"result": 0}
execution-manager  | 
execution-manager  | ╔═══════════════════════════════════════════════════════════════╗
execution-manager  | ║           END-TO-END TIMING MEASUREMENT RECAP                 ║
execution-manager  | ║                   Task 3: sum3                                 
execution-manager  | ╠═══════════════════════════════════════════════════════════════╣
execution-manager  | ║ T1 (start_request)    = 132990005.330 ms                        ║
execution-manager  | ║ T2 (end_request)      = 132990012.945 ms                        ║
execution-manager  | ║ T3 (start_result)     = 132996728.256 ms                        ║
execution-manager  | ║ T4 (end_result)       = 132996728.997 ms                        ║
execution-manager  | ╠═══════════════════════════════════════════════════════════════╣
execution-manager  | ║ METRICS:                                                      ║
execution-manager  | ║   Request Latency    =        7.615 ms  (T2 - T1)            ║
execution-manager  | ║   Task Execution     =     6715.311 ms  (T3 - T2)            ║
execution-manager  | ║   Response Latency   =        0.741 ms  (T4 - T3)            ║
execution-manager  | ║   Total End-to-End   =     6723.668 ms  (T4 - T1)            ║
execution-manager  | ║   Network Overhead   =        8.356 ms  (Req + Resp)         ║
execution-manager  | ╚═══════════════════════════════════════════════════════════════╝
execution-manager  | 
execution-manager  | [SCHEDULER] ✅ T=27726 ms: Task 3 'sum3' completed with status 2
execution-manager  | [SCHEDULER] 🔕 Timeout disarmed for task 3
execution-manager  | [SCHEDULER] 2 tasks remaining
execution-manager  | [gRPC Client Async] Stream completed, received 1 responses
execution-manager  | [GRPC THREAD 3] Completed
execution-manager  | [gRPC Client Async] Response #1 - Status: COMPLETED
execution-manager  | 🎉 [T=27735 ms] Task 4 'sum4' COMPLETED
execution-manager  | [EXECUTION MANAGER] ⏱️ T2=132990006.591 ms | Thread started (server measured)
execution-manager  | [EXECUTION MANAGER] ⏱️ T3=132996737.723 ms | Task completed (server measured)
execution-manager  | [EXECUTION MANAGER] ⏱️ T4=132996738.468 ms | Result received by client
execution-manager  |    [TASK EXECUTION] 6731.132 ms (T3-T2, measured in thread)
execution-manager  |    [RESULT] {"result": 0}
execution-manager  | 
execution-manager  | ╔═══════════════════════════════════════════════════════════════╗
execution-manager  | ║           END-TO-END TIMING MEASUREMENT RECAP                 ║
execution-manager  | ║                   Task 4: sum4                                 
execution-manager  | ╠═══════════════════════════════════════════════════════════════╣
execution-manager  | ║ T1 (start_request)    = 132990005.847 ms                        ║
execution-manager  | ║ T2 (end_request)      = 132990006.591 ms                        ║
execution-manager  | ║ T3 (start_result)     = 132996737.723 ms                        ║
execution-manager  | ║ T4 (end_result)       = 132996738.468 ms                        ║
execution-manager  | ╠═══════════════════════════════════════════════════════════════╣
execution-manager  | ║ METRICS:                                                      ║
execution-manager  | ║   Request Latency    =        0.745 ms  (T2 - T1)            ║
execution-manager  | ║   Task Execution     =     6731.132 ms  (T3 - T2)            ║
execution-manager  | ║   Response Latency   =        0.745 ms  (T4 - T3)            ║
execution-manager  | ║   Total End-to-End   =     6732.622 ms  (T4 - T1)            ║
execution-manager  | ║   Network Overhead   =        1.490 ms  (Req + Resp)         ║
execution-manager  | ╚═══════════════════════════════════════════════════════════════╝
execution-manager  | 
execution-manager  | [gRPC Client Async] Stream completed, received 1 responses
execution-manager  | [GRPC THREAD 4] Completed
execution-manager  | [SCHEDULER] ✅ T=27735 ms: Task 4 'sum4' completed with status 2
execution-manager  | [SCHEDULER] 🔕 Timeout disarmed for task 4
execution-manager  | [SCHEDULER] 1 tasks remaining
execution-manager  | [gRPC Client Async] Response #1 - Status: COMPLETED
execution-manager  | 🎉 [T=27740 ms] Task 2 'sum2' COMPLETED
execution-manager  | [EXECUTION MANAGER] ⏱️ T2=132989005.381 ms | Thread started (server measured)
execution-manager  | [EXECUTION MANAGER] ⏱️ T3=132996742.643 ms | Task completed (server measured)
execution-manager  | [EXECUTION MANAGER] ⏱️ T4=132996743.135 ms | Result received by client
execution-manager  |    [TASK EXECUTION] 7737.262 ms (T3-T2, measured in thread)
execution-manager  |    [RESULT] {"result": 0}
execution-manager  | 
execution-manager  | ╔═══════════════════════════════════════════════════════════════╗
execution-manager  | ║           END-TO-END TIMING MEASUREMENT RECAP                 ║
execution-manager  | ║                   Task 2: sum2                                 
execution-manager  | ╠═══════════════════════════════════════════════════════════════╣
execution-manager  | ║ T1 (start_request)    = 132989004.313 ms                        ║
execution-manager  | ║ T2 (end_request)      = 132989005.381 ms                        ║
execution-manager  | ║ T3 (start_result)     = 132996742.643 ms                        ║
execution-manager  | ║ T4 (end_result)       = 132996743.135 ms                        ║
execution-manager  | ╠═══════════════════════════════════════════════════════════════╣
execution-manager  | ║ METRICS:                                                      ║
execution-manager  | ║   Request Latency    =        1.068 ms  (T2 - T1)            ║
execution-manager  | ║   Task Execution     =     7737.262 ms  (T3 - T2)            ║
execution-manager  | ║   Response Latency   =        0.492 ms  (T4 - T3)            ║
execution-manager  | ║   Total End-to-End   =     7738.822 ms  (T4 - T1)            ║
execution-manager  | ║   Network Overhead   =        1.561 ms  (Req + Resp)         ║
execution-manager  | ╚═══════════════════════════════════════════════════════════════╝
execution-manager  | 
execution-manager  | [gRPC Client Async] Stream completed, received 1 responses
execution-manager  | [GRPC THREAD 2] Completed
execution-manager  | [SCHEDULER] ✅ T=27740 ms: Task 2 'sum2' completed with status 2
execution-manager  | [SCHEDULER] 🔕 Timeout disarmed for task 2
execution-manager  | [SCHEDULER] 0 tasks remaining
execution-manager  | 
execution-manager  | [SCHEDULER] 🏁 Iteration 38/50 complete!
execution-manager  | [SCHEDULER] Iteration execution time: 27740 ms
execution-manager  | 
execution-manager  | 
execution-manager  | [SCHEDULER] 🔁 ===== ITERATION 39 / 50 =====
execution-manager  | 
execution-manager  | [SCHEDULER] 🚀 Schedule started at T=0
execution-manager  | 
execution-manager  | [SCHEDULER] 🔄 Entering event loop (NO SLEEP - event-driven!)
execution-manager  | 
execution-manager  | [SCHEDULER] ⏰ T=10000 ms | T_wall=133006743.514 ms: Launching task 1 'sum1' (deadline: 30000 ms)
execution-manager  | [SCHEDULER] 🕐 Timeout armed for task 1 at T=30000 ms (in 20000 ms)
execution-manager  | [GRPC THREAD 1] Starting...
execution-manager  | [EXECUTION MANAGER] ⏱️ T1=133006743.651 ms | Sending gRPC request for task 1 'sum1'
execution-manager  | [gRPC Channel Pool] Reusing existing channel for localhost:50051
execution-manager  | [gRPC Client Async] Calling task 'sum1' at localhost:50051
execution-manager  | [gRPC Client Async] Inputs: {"total_ops": 200, "io_percentage": 50}
execution-manager  | [gRPC Client Async] Response #1 - Status: COMPLETED
execution-manager  | 🎉 [T=12533 ms] Task 1 'sum1' COMPLETED
execution-manager  | [EXECUTION MANAGER] ⏱️ T2=133006745.204 ms | Thread started (server measured)
execution-manager  | [EXECUTION MANAGER] ⏱️ T3=133009275.350 ms | Task completed (server measured)
execution-manager  | [EXECUTION MANAGER] ⏱️ T4=133009276.119 ms | Result received by client
execution-manager  |    [TASK EXECUTION] 2530.146 ms (T3-T2, measured in thread)
execution-manager  |    [RESULT] {"result": 0}
execution-manager  | 
execution-manager  | ╔═══════════════════════════════════════════════════════════════╗
execution-manager  | ║           END-TO-END TIMING MEASUREMENT RECAP                 ║
execution-manager  | ║                   Task 1: sum1                                 
execution-manager  | ╠═══════════════════════════════════════════════════════════════╣
execution-manager  | ║ T1 (start_request)    = 133006743.651 ms                        ║
execution-manager  | ║ T2 (end_request)      = 133006745.204 ms                        ║
execution-manager  | ║ T3 (start_result)     = 133009275.350 ms                        ║
execution-manager  | ║ T4 (end_result)       = 133009276.119 ms                        ║
execution-manager  | ╠═══════════════════════════════════════════════════════════════╣
execution-manager  | ║ METRICS:                                                      ║
execution-manager  | ║   Request Latency    =        1.553 ms  (T2 - T1)            ║
execution-manager  | ║   Task Execution     =     2530.146 ms  (T3 - T2)            ║
execution-manager  | ║   Response Latency   =        0.769 ms  (T4 - T3)            ║
execution-manager  | ║   Total End-to-End   =     2532.469 ms  (T4 - T1)            ║
execution-manager  | ║   Network Overhead   =        2.323 ms  (Req + Resp)         ║
execution-manager  | ╚═══════════════════════════════════════════════════════════════╝
execution-manager  | 
execution-manager  | [SCHEDULER] ✅ T=12533 ms: Task 1 'sum1' completed with status 2
execution-manager  | [SCHEDULER] 🔕 Timeout disarmed for task 1
execution-manager  | [SCHEDULER] 3 tasks remaining
execution-manager  | [gRPC Client Async] Stream completed, received 1 responses
execution-manager  | [GRPC THREAD 1] Completed
execution-manager  | [SCHEDULER] ⏰ T=20000 ms | T_wall=133016743.544 ms: Launching task 2 'sum2' (deadline: 40000 ms)
execution-manager  | [SCHEDULER] 🕐 Timeout armed for task 2 at T=40000 ms (in 20000 ms)
execution-manager  | [GRPC THREAD 2] Starting...
execution-manager  | [EXECUTION MANAGER] ⏱️ T1=133016743.675 ms | Sending gRPC request for task 2 'sum2'
execution-manager  | [gRPC Channel Pool] Reusing existing channel for localhost:50052
execution-manager  | [gRPC Client Async] Calling task 'sum2' at localhost:50052
execution-manager  | [gRPC Client Async] Inputs: {"total_ops": 200, "io_percentage": 50}
execution-manager  | [SCHEDULER] ⏰ T=21262 ms | T_wall=133018005.040 ms: Launching task 3 'sum3' (deadline: 41000 ms)
execution-manager  | [SCHEDULER] 🕐 Timeout armed for task 3 at T=41000 ms (in 19738 ms)
execution-manager  | [SCHEDULER] ⏰ T=21262 ms | T_wall=133018005.180 ms: Launching task 4 'sum4' (deadline: 41000 ms)
execution-manager  | [SCHEDULER] 🕐 Timeout armed for task 4 at T=41000 ms (in 19738 ms)
execution-manager  | [GRPC THREAD 3] Starting...
execution-manager  | [EXECUTION MANAGER] ⏱️ T1=133018005.337 ms | Sending gRPC request for task 3 'sum3'
execution-manager  | [gRPC Channel Pool] Reusing existing channel for localhost:50053
execution-manager  | [gRPC Client Async] Calling task 'sum3' at localhost:50053
execution-manager  | [gRPC Client Async] Inputs: {"total_ops": 200, "io_percentage": 50}
execution-manager  | [GRPC THREAD 4] Starting...
execution-manager  | [EXECUTION MANAGER] ⏱️ T1=133018005.852 ms | Sending gRPC request for task 4 'sum4'
execution-manager  | [gRPC Channel Pool] Reusing existing channel for localhost:50054
execution-manager  | [gRPC Client Async] Calling task 'sum4' at localhost:50054
execution-manager  | [gRPC Client Async] Inputs: {"total_ops": 200, "io_percentage": 50}
execution-manager  | [gRPC Client Async] Response #1 - Status: COMPLETED
execution-manager  | 🎉 [T=27471 ms] Task 3 'sum3' COMPLETED
execution-manager  | [EXECUTION MANAGER] ⏱️ T2=133018006.449 ms | Thread started (server measured)
execution-manager  | [EXECUTION MANAGER] ⏱️ T3=133024213.806 ms | Task completed (server measured)
execution-manager  | [EXECUTION MANAGER] ⏱️ T4=133024214.633 ms | Result received by client
execution-manager  |    [TASK EXECUTION] 6207.358 ms (T3-T2, measured in thread)
execution-manager  |    [RESULT] {"result": 0}
execution-manager  | 
execution-manager  | ╔═══════════════════════════════════════════════════════════════╗
execution-manager  | ║           END-TO-END TIMING MEASUREMENT RECAP                 ║
execution-manager  | ║                   Task 3: sum3                                 
execution-manager  | ╠═══════════════════════════════════════════════════════════════╣
execution-manager  | ║ T1 (start_request)    = 133018005.337 ms                        ║
execution-manager  | ║ T2 (end_request)      = 133018006.449 ms                        ║
execution-manager  | ║ T3 (start_result)     = 133024213.806 ms                        ║
execution-manager  | ║ T4 (end_result)       = 133024214.633 ms                        ║
execution-manager  | ╠═══════════════════════════════════════════════════════════════╣
execution-manager  | ║ METRICS:                                                      ║
execution-manager  | ║   Request Latency    =        1.111 ms  (T2 - T1)            ║
execution-manager  | ║   Task Execution     =     6207.358 ms  (T3 - T2)            ║
execution-manager  | ║   Response Latency   =        0.827 ms  (T4 - T3)            ║
execution-manager  | ║   Total End-to-End   =     6209.296 ms  (T4 - T1)            ║
execution-manager  | ║   Network Overhead   =        1.938 ms  (Req + Resp)         ║
execution-manager  | ╚═══════════════════════════════════════════════════════════════╝
execution-manager  | 
execution-manager  | [SCHEDULER] ✅ T=27471 ms: Task 3 'sum3' completed with status 2
execution-manager  | [SCHEDULER] 🔕 Timeout disarmed for task 3
execution-manager  | [SCHEDULER] 2 tasks remaining
execution-manager  | [gRPC Client Async] Stream completed, received 1 responses
execution-manager  | [GRPC THREAD 3] Completed
execution-manager  | [gRPC Client Async] Response #1 - Status: COMPLETED
execution-manager  | 🎉 [T=27477 ms] Task 4 'sum4' COMPLETED
execution-manager  | [EXECUTION MANAGER] ⏱️ T2=133020398.031 ms | Thread started (server measured)
execution-manager  | [EXECUTION MANAGER] ⏱️ T3=133024220.205 ms | Task completed (server measured)
execution-manager  | [EXECUTION MANAGER] ⏱️ T4=133024220.893 ms | Result received by client
execution-manager  |    [TASK EXECUTION] 3822.174 ms (T3-T2, measured in thread)
execution-manager  |    [RESULT] {"result": 0}
execution-manager  | 
execution-manager  | ╔═══════════════════════════════════════════════════════════════╗
execution-manager  | ║           END-TO-END TIMING MEASUREMENT RECAP                 ║
execution-manager  | ║                   Task 4: sum4                                 
execution-manager  | ╠═══════════════════════════════════════════════════════════════╣
execution-manager  | ║ T1 (start_request)    = 133018005.852 ms                        ║
execution-manager  | ║ T2 (end_request)      = 133020398.031 ms                        ║
execution-manager  | ║ T3 (start_result)     = 133024220.205 ms                        ║
execution-manager  | ║ T4 (end_result)       = 133024220.893 ms                        ║
execution-manager  | ╠═══════════════════════════════════════════════════════════════╣
execution-manager  | ║ METRICS:                                                      ║
execution-manager  | ║   Request Latency    =     2392.179 ms  (T2 - T1)            ║
execution-manager  | ║   Task Execution     =     3822.174 ms  (T3 - T2)            ║
execution-manager  | ║   Response Latency   =        0.689 ms  (T4 - T3)            ║
execution-manager  | ║   Total End-to-End   =     6215.042 ms  (T4 - T1)            ║
execution-manager  | ║   Network Overhead   =     2392.867 ms  (Req + Resp)         ║
execution-manager  | ╚═══════════════════════════════════════════════════════════════╝
execution-manager  | 
execution-manager  | [SCHEDULER] ✅ T=27477 ms: Task 4 'sum4' completed with status 2
execution-manager  | [SCHEDULER] 🔕 Timeout disarmed for task 4
execution-manager  | [SCHEDULER] 1 tasks remaining
execution-manager  | [gRPC Client Async] Stream completed, received 1 responses
execution-manager  | [GRPC THREAD 4] Completed
execution-manager  | [gRPC Client Async] Response #1 - Status: COMPLETED
execution-manager  | 🎉 [T=27480 ms] Task 2 'sum2' COMPLETED
execution-manager  | [EXECUTION MANAGER] ⏱️ T2=133016745.060 ms | Thread started (server measured)
execution-manager  | [EXECUTION MANAGER] ⏱️ T3=133024222.786 ms | Task completed (server measured)
execution-manager  | [EXECUTION MANAGER] ⏱️ T4=133024223.249 ms | Result received by client
execution-manager  |    [TASK EXECUTION] 7477.726 ms (T3-T2, measured in thread)
execution-manager  |    [RESULT] {"result": 0}
execution-manager  | 
execution-manager  | ╔═══════════════════════════════════════════════════════════════╗
execution-manager  | ║           END-TO-END TIMING MEASUREMENT RECAP                 ║
execution-manager  | ║                   Task 2: sum2                                 
execution-manager  | ╠═══════════════════════════════════════════════════════════════╣
execution-manager  | ║ T1 (start_request)    = 133016743.675 ms                        ║
execution-manager  | ║ T2 (end_request)      = 133016745.060 ms                        ║
execution-manager  | ║ T3 (start_result)     = 133024222.786 ms                        ║
execution-manager  | ║ T4 (end_result)       = 133024223.249 ms                        ║
execution-manager  | ╠═══════════════════════════════════════════════════════════════╣
execution-manager  | ║ METRICS:                                                      ║
execution-manager  | ║   Request Latency    =        1.385 ms  (T2 - T1)            ║
execution-manager  | ║   Task Execution     =     7477.726 ms  (T3 - T2)            ║
execution-manager  | ║   Response Latency   =        0.463 ms  (T4 - T3)            ║
execution-manager  | ║   Total End-to-End   =     7479.574 ms  (T4 - T1)            ║
execution-manager  | ║   Network Overhead   =        1.847 ms  (Req + Resp)         ║
execution-manager  | ╚═══════════════════════════════════════════════════════════════╝
execution-manager  | 
execution-manager  | [gRPC Client Async] Stream completed, received 1 responses
execution-manager  | [GRPC THREAD 2] Completed
execution-manager  | [SCHEDULER] ✅ T=27480 ms: Task 2 'sum2' completed with status 2
execution-manager  | [SCHEDULER] 🔕 Timeout disarmed for task 2
execution-manager  | [SCHEDULER] 0 tasks remaining
execution-manager  | 
execution-manager  | [SCHEDULER] 🏁 Iteration 39/50 complete!
execution-manager  | [SCHEDULER] Iteration execution time: 27480 ms
execution-manager  | 
execution-manager  | 
execution-manager  | [SCHEDULER] 🔁 ===== ITERATION 40 / 50 =====
execution-manager  | 
execution-manager  | [SCHEDULER] 🚀 Schedule started at T=0
execution-manager  | 
execution-manager  | [SCHEDULER] 🔄 Entering event loop (NO SLEEP - event-driven!)
execution-manager  | 
execution-manager  | [SCHEDULER] ⏰ T=10000 ms | T_wall=133034223.663 ms: Launching task 1 'sum1' (deadline: 30000 ms)
execution-manager  | [SCHEDULER] 🕐 Timeout armed for task 1 at T=30000 ms (in 20000 ms)
execution-manager  | [GRPC THREAD 1] Starting...
execution-manager  | [EXECUTION MANAGER] ⏱️ T1=133034223.797 ms | Sending gRPC request for task 1 'sum1'
execution-manager  | [gRPC Channel Pool] Reusing existing channel for localhost:50051
execution-manager  | [gRPC Client Async] Calling task 'sum1' at localhost:50051
execution-manager  | [gRPC Client Async] Inputs: {"total_ops": 200, "io_percentage": 50}
execution-manager  | [gRPC Client Async] Response #1 - Status: COMPLETED
execution-manager  | 🎉 [T=12477 ms] Task 1 'sum1' COMPLETED
execution-manager  | [EXECUTION MANAGER] ⏱️ T2=133034224.811 ms | Thread started (server measured)
execution-manager  | [EXECUTION MANAGER] ⏱️ T3=133036699.968 ms | Task completed (server measured)
execution-manager  | [EXECUTION MANAGER] ⏱️ T4=133036700.685 ms | Result received by client
execution-manager  |    [TASK EXECUTION] 2475.157 ms (T3-T2, measured in thread)
execution-manager  |    [RESULT] {"result": 0}
execution-manager  | 
execution-manager  | ╔═══════════════════════════════════════════════════════════════╗
execution-manager  | ║           END-TO-END TIMING MEASUREMENT RECAP                 ║
execution-manager  | ║                   Task 1: sum1                                 
execution-manager  | ╠═══════════════════════════════════════════════════════════════╣
execution-manager  | ║ T1 (start_request)    = 133034223.797 ms                        ║
execution-manager  | ║ T2 (end_request)      = 133034224.811 ms                        ║
execution-manager  | ║ T3 (start_result)     = 133036699.968 ms                        ║
execution-manager  | ║ T4 (end_result)       = 133036700.685 ms                        ║
execution-manager  | ╠═══════════════════════════════════════════════════════════════╣
execution-manager  | ║ METRICS:                                                      ║
execution-manager  | ║   Request Latency    =        1.014 ms  (T2 - T1)            ║
execution-manager  | ║   Task Execution     =     2475.157 ms  (T3 - T2)            ║
execution-manager  | ║   Response Latency   =        0.717 ms  (T4 - T3)            ║
execution-manager  | ║   Total End-to-End   =     2476.888 ms  (T4 - T1)            ║
execution-manager  | ║   Network Overhead   =        1.731 ms  (Req + Resp)         ║
execution-manager  | ╚═══════════════════════════════════════════════════════════════╝
execution-manager  | 
execution-manager  | [gRPC Client Async] Stream completed, received 1 responses
execution-manager  | [GRPC THREAD 1] Completed
execution-manager  | [SCHEDULER] ✅ T=12478 ms: Task 1 'sum1' completed with status 2
execution-manager  | [SCHEDULER] 🔕 Timeout disarmed for task 1
execution-manager  | [SCHEDULER] 3 tasks remaining
execution-manager  | [SCHEDULER] ⏰ T=20000 ms | T_wall=133044223.700 ms: Launching task 2 'sum2' (deadline: 40000 ms)
execution-manager  | [SCHEDULER] 🕐 Timeout armed for task 2 at T=40000 ms (in 20000 ms)
execution-manager  | [GRPC THREAD 2] Starting...
execution-manager  | [EXECUTION MANAGER] ⏱️ T1=133044223.840 ms | Sending gRPC request for task 2 'sum2'
execution-manager  | [gRPC Channel Pool] Reusing existing channel for localhost:50052
execution-manager  | [gRPC Client Async] Calling task 'sum2' at localhost:50052
execution-manager  | [gRPC Client Async] Inputs: {"total_ops": 200, "io_percentage": 50}
execution-manager  | [SCHEDULER] ⏰ T=21782 ms | T_wall=133046005.037 ms: Launching task 3 'sum3' (deadline: 41000 ms)
execution-manager  | [SCHEDULER] 🕐 Timeout armed for task 3 at T=41000 ms (in 19218 ms)
execution-manager  | [SCHEDULER] ⏰ T=21782 ms | T_wall=133046005.184 ms: Launching task 4 'sum4' (deadline: 41000 ms)
execution-manager  | [SCHEDULER] 🕐 Timeout armed for task 4 at T=41000 ms (in 19218 ms)
execution-manager  | [GRPC THREAD 3] Starting...
execution-manager  | [EXECUTION MANAGER] ⏱️ T1=133046005.346 ms | Sending gRPC request for task 3 'sum3'
execution-manager  | [gRPC Channel Pool] Reusing existing channel for localhost:50053
execution-manager  | [gRPC Client Async] Calling task 'sum3' at localhost:50053
execution-manager  | [gRPC Client Async] Inputs: {"total_ops": 200, "io_percentage": 50}
execution-manager  | [GRPC THREAD 4] Starting...
execution-manager  | [EXECUTION MANAGER] ⏱️ T1=133046005.838 ms | Sending gRPC request for task 4 'sum4'
execution-manager  | [gRPC Channel Pool] Reusing existing channel for localhost:50054
execution-manager  | [gRPC Client Async] Calling task 'sum4' at localhost:50054
execution-manager  | [gRPC Client Async] Inputs: {"total_ops": 200, "io_percentage": 50}
execution-manager  | [gRPC Client Async] Response #1 - Status: COMPLETED
execution-manager  | 🎉 [T=27477 ms] Task 3 'sum3' COMPLETED
execution-manager  | [EXECUTION MANAGER] ⏱️ T2=133046010.375 ms | Thread started (server measured)
execution-manager  | [EXECUTION MANAGER] ⏱️ T3=133051699.710 ms | Task completed (server measured)
execution-manager  | [EXECUTION MANAGER] ⏱️ T4=133051700.556 ms | Result received by client
execution-manager  |    [TASK EXECUTION] 5689.335 ms (T3-T2, measured in thread)
execution-manager  |    [RESULT] {"result": 0}
execution-manager  | 
execution-manager  | ╔═══════════════════════════════════════════════════════════════╗
execution-manager  | ║           END-TO-END TIMING MEASUREMENT RECAP                 ║
execution-manager  | ║                   Task 3: sum3                                 
execution-manager  | ╠═══════════════════════════════════════════════════════════════╣
execution-manager  | ║ T1 (start_request)    = 133046005.346 ms                        ║
execution-manager  | ║ T2 (end_request)      = 133046010.375 ms                        ║
execution-manager  | ║ T3 (start_result)     = 133051699.710 ms                        ║
execution-manager  | ║ T4 (end_result)       = 133051700.556 ms                        ║
execution-manager  | ╠═══════════════════════════════════════════════════════════════╣
execution-manager  | ║ METRICS:                                                      ║
execution-manager  | ║   Request Latency    =        5.029 ms  (T2 - T1)            ║
execution-manager  | ║   Task Execution     =     5689.335 ms  (T3 - T2)            ║
execution-manager  | ║   Response Latency   =        0.846 ms  (T4 - T3)            ║
execution-manager  | ║   Total End-to-End   =     5695.211 ms  (T4 - T1)            ║
execution-manager  | ║   Network Overhead   =        5.876 ms  (Req + Resp)         ║
execution-manager  | ╚═══════════════════════════════════════════════════════════════╝
execution-manager  | 
execution-manager  | [SCHEDULER] ✅ T=27477 ms: Task 3 'sum3' completed with status 2
execution-manager  | [SCHEDULER] 🔕 Timeout disarmed for task 3
execution-manager  | [SCHEDULER] 2 tasks remaining
execution-manager  | [gRPC Client Async] Stream completed, received 1 responses
execution-manager  | [GRPC THREAD 3] Completed
execution-manager  | [gRPC Client Async] Response #1 - Status: COMPLETED
execution-manager  | 🎉 [T=27484 ms] Task 4 'sum4' COMPLETED
execution-manager  | [EXECUTION MANAGER] ⏱️ T2=133046006.662 ms | Thread started (server measured)
execution-manager  | [EXECUTION MANAGER] ⏱️ T3=133051707.000 ms | Task completed (server measured)
execution-manager  | [EXECUTION MANAGER] ⏱️ T4=133051707.577 ms | Result received by client
execution-manager  |    [TASK EXECUTION] 5700.338 ms (T3-T2, measured in thread)
execution-manager  |    [RESULT] {"result": 0}
execution-manager  | 
execution-manager  | ╔═══════════════════════════════════════════════════════════════╗
execution-manager  | ║           END-TO-END TIMING MEASUREMENT RECAP                 ║
execution-manager  | ║                   Task 4: sum4                                 
execution-manager  | ╠═══════════════════════════════════════════════════════════════╣
execution-manager  | ║ T1 (start_request)    = 133046005.838 ms                        ║
execution-manager  | ║ T2 (end_request)      = 133046006.662 ms                        ║
execution-manager  | ║ T3 (start_result)     = 133051707.000 ms                        ║
execution-manager  | ║ T4 (end_result)       = 133051707.577 ms                        ║
execution-manager  | ╠═══════════════════════════════════════════════════════════════╣
execution-manager  | ║ METRICS:                                                      ║
execution-manager  | ║   Request Latency    =        0.824 ms  (T2 - T1)            ║
execution-manager  | ║   Task Execution     =     5700.338 ms  (T3 - T2)            ║
execution-manager  | ║   Response Latency   =        0.577 ms  (T4 - T3)            ║
execution-manager  | ║   Total End-to-End   =     5701.739 ms  (T4 - T1)            ║
execution-manager  | ║   Network Overhead   =        1.401 ms  (Req + Resp)         ║
execution-manager  | ╚═══════════════════════════════════════════════════════════════╝
execution-manager  | 
execution-manager  | [SCHEDULER] ✅ T=27484 ms: Task 4 'sum4' completed with status 2
execution-manager  | [SCHEDULER] 🔕 Timeout disarmed for task 4
execution-manager  | [SCHEDULER] 1 tasks remaining
execution-manager  | [gRPC Client Async] Stream completed, received 1 responses
execution-manager  | [GRPC THREAD 4] Completed
execution-manager  | [gRPC Client Async] Response #1 - Status: COMPLETED
execution-manager  | 🎉 [T=27489 ms] Task 2 'sum2' COMPLETED
execution-manager  | [EXECUTION MANAGER] ⏱️ T2=133044224.863 ms | Thread started (server measured)
execution-manager  | [EXECUTION MANAGER] ⏱️ T3=133051711.912 ms | Task completed (server measured)
execution-manager  | [EXECUTION MANAGER] ⏱️ T4=133051712.444 ms | Result received by client
execution-manager  |    [TASK EXECUTION] 7487.049 ms (T3-T2, measured in thread)
execution-manager  |    [RESULT] {"result": 0}
execution-manager  | 
execution-manager  | ╔═══════════════════════════════════════════════════════════════╗
execution-manager  | ║           END-TO-END TIMING MEASUREMENT RECAP                 ║
execution-manager  | ║                   Task 2: sum2                                 
execution-manager  | ╠═══════════════════════════════════════════════════════════════╣
execution-manager  | ║ T1 (start_request)    = 133044223.840 ms                        ║
execution-manager  | ║ T2 (end_request)      = 133044224.863 ms                        ║
execution-manager  | ║ T3 (start_result)     = 133051711.912 ms                        ║
execution-manager  | ║ T4 (end_result)       = 133051712.444 ms                        ║
execution-manager  | ╠═══════════════════════════════════════════════════════════════╣
execution-manager  | ║ METRICS:                                                      ║
execution-manager  | ║   Request Latency    =        1.023 ms  (T2 - T1)            ║
execution-manager  | ║   Task Execution     =     7487.049 ms  (T3 - T2)            ║
execution-manager  | ║   Response Latency   =        0.532 ms  (T4 - T3)            ║
execution-manager  | ║   Total End-to-End   =     7488.605 ms  (T4 - T1)            ║
execution-manager  | ║   Network Overhead   =        1.555 ms  (Req + Resp)         ║
execution-manager  | ╚═══════════════════════════════════════════════════════════════╝
execution-manager  | 
execution-manager  | [gRPC Client Async] Stream completed, received 1 responses
execution-manager  | [GRPC THREAD 2] Completed
execution-manager  | [SCHEDULER] ✅ T=27489 ms: Task 2 'sum2' completed with status 2
execution-manager  | [SCHEDULER] 🔕 Timeout disarmed for task 2
execution-manager  | [SCHEDULER] 0 tasks remaining
execution-manager  | 
execution-manager  | [SCHEDULER] 🏁 Iteration 40/50 complete!
execution-manager  | [SCHEDULER] Iteration execution time: 27489 ms
execution-manager  | 
execution-manager  | 
execution-manager  | [SCHEDULER] 🔁 ===== ITERATION 41 / 50 =====
execution-manager  | 
execution-manager  | [SCHEDULER] 🚀 Schedule started at T=0
execution-manager  | 
execution-manager  | [SCHEDULER] 🔄 Entering event loop (NO SLEEP - event-driven!)
execution-manager  | 
execution-manager  | [SCHEDULER] ⏰ T=10000 ms | T_wall=133061712.866 ms: Launching task 1 'sum1' (deadline: 30000 ms)
execution-manager  | [SCHEDULER] 🕐 Timeout armed for task 1 at T=30000 ms (in 20000 ms)
execution-manager  | [GRPC THREAD 1] Starting...
execution-manager  | [EXECUTION MANAGER] ⏱️ T1=133061712.999 ms | Sending gRPC request for task 1 'sum1'
execution-manager  | [gRPC Channel Pool] Reusing existing channel for localhost:50051
execution-manager  | [gRPC Client Async] Calling task 'sum1' at localhost:50051
execution-manager  | [gRPC Client Async] Inputs: {"total_ops": 200, "io_percentage": 50}
execution-manager  | [gRPC Client Async] Response #1 - Status: COMPLETED
execution-manager  | 🎉 [T=12533 ms] Task 1 'sum1' COMPLETED
execution-manager  | [EXECUTION MANAGER] ⏱️ T2=133061714.269 ms | Thread started (server measured)
execution-manager  | [EXECUTION MANAGER] ⏱️ T3=133064244.387 ms | Task completed (server measured)
execution-manager  | [EXECUTION MANAGER] ⏱️ T4=133064245.113 ms | Result received by client
execution-manager  |    [TASK EXECUTION] 2530.118 ms (T3-T2, measured in thread)
execution-manager  |    [RESULT] {"result": 0}
execution-manager  | 
execution-manager  | ╔═══════════════════════════════════════════════════════════════╗
execution-manager  | ║           END-TO-END TIMING MEASUREMENT RECAP                 ║
execution-manager  | ║                   Task 1: sum1                                 
execution-manager  | ╠═══════════════════════════════════════════════════════════════╣
execution-manager  | ║ T1 (start_request)    = 133061712.999 ms                        ║
execution-manager  | ║ T2 (end_request)      = 133061714.269 ms                        ║
execution-manager  | ║ T3 (start_result)     = 133064244.387 ms                        ║
execution-manager  | ║ T4 (end_result)       = 133064245.113 ms                        ║
execution-manager  | ╠═══════════════════════════════════════════════════════════════╣
execution-manager  | ║ METRICS:                                                      ║
execution-manager  | ║   Request Latency    =        1.270 ms  (T2 - T1)            ║
execution-manager  | ║   Task Execution     =     2530.118 ms  (T3 - T2)            ║
execution-manager  | ║   Response Latency   =        0.727 ms  (T4 - T3)            ║
execution-manager  | ║   Total End-to-End   =     2532.115 ms  (T4 - T1)            ║
execution-manager  | ║   Network Overhead   =        1.997 ms  (Req + Resp)         ║
execution-manager  | ╚═══════════════════════════════════════════════════════════════╝
execution-manager  | 
execution-manager  | [SCHEDULER] ✅ T=12533 ms: Task 1 'sum1' completed with status 2
execution-manager  | [SCHEDULER] 🔕 Timeout disarmed for task 1
execution-manager  | [SCHEDULER] 3 tasks remaining
execution-manager  | [gRPC Client Async] Stream completed, received 1 responses
execution-manager  | [GRPC THREAD 1] Completed
execution-manager  | [SCHEDULER] ⏰ T=20000 ms | T_wall=133071712.893 ms: Launching task 2 'sum2' (deadline: 40000 ms)
execution-manager  | [SCHEDULER] 🕐 Timeout armed for task 2 at T=40000 ms (in 20000 ms)
execution-manager  | [GRPC THREAD 2] Starting...
execution-manager  | [EXECUTION MANAGER] ⏱️ T1=133071713.064 ms | Sending gRPC request for task 2 'sum2'
execution-manager  | [gRPC Channel Pool] Reusing existing channel for localhost:50052
execution-manager  | [gRPC Client Async] Calling task 'sum2' at localhost:50052
execution-manager  | [gRPC Client Async] Inputs: {"total_ops": 200, "io_percentage": 50}
execution-manager  | [SCHEDULER] ⏰ T=21293 ms | T_wall=133073005.035 ms: Launching task 3 'sum3' (deadline: 41000 ms)
execution-manager  | [SCHEDULER] 🕐 Timeout armed for task 3 at T=41000 ms (in 19707 ms)
execution-manager  | [SCHEDULER] ⏰ T=21293 ms | T_wall=133073005.161 ms: Launching task 4 'sum4' (deadline: 41000 ms)
execution-manager  | [SCHEDULER] 🕐 Timeout armed for task 4 at T=41000 ms (in 19707 ms)
execution-manager  | [GRPC THREAD 3] Starting...
execution-manager  | [EXECUTION MANAGER] ⏱️ T1=133073005.268 ms | Sending gRPC request for task 3 'sum3'
execution-manager  | [gRPC Channel Pool] Reusing existing channel for localhost:50053
execution-manager  | [gRPC Client Async] Calling task 'sum3' at localhost:50053
execution-manager  | [gRPC Client Async] Inputs: {"total_ops": 200, "io_percentage": 50}
execution-manager  | [GRPC THREAD 4] Starting...
execution-manager  | [EXECUTION MANAGER] ⏱️ T1=133073005.734 ms | Sending gRPC request for task 4 'sum4'
execution-manager  | [gRPC Channel Pool] Reusing existing channel for localhost:50054
execution-manager  | [gRPC Client Async] Calling task 'sum4' at localhost:50054
execution-manager  | [gRPC Client Async] Inputs: {"total_ops": 200, "io_percentage": 50}
execution-manager  | [gRPC Client Async] Response #1 - Status: COMPLETED
execution-manager  | 🎉 [T=27472 ms] Task 3 'sum3' COMPLETED
execution-manager  | [EXECUTION MANAGER] ⏱️ T2=133074005.207 ms | Thread started (server measured)
execution-manager  | [EXECUTION MANAGER] ⏱️ T3=133079183.915 ms | Task completed (server measured)
execution-manager  | [EXECUTION MANAGER] ⏱️ T4=133079184.605 ms | Result received by client
execution-manager  |    [TASK EXECUTION] 5178.708 ms (T3-T2, measured in thread)
execution-manager  |    [RESULT] {"result": 0}
execution-manager  | 
execution-manager  | ╔═══════════════════════════════════════════════════════════════╗
execution-manager  | ║           END-TO-END TIMING MEASUREMENT RECAP                 ║
execution-manager  | ║                   Task 3: sum3                                 
execution-manager  | ╠═══════════════════════════════════════════════════════════════╣
execution-manager  | ║ T1 (start_request)    = 133073005.268 ms                        ║
execution-manager  | ║ T2 (end_request)      = 133074005.207 ms                        ║
execution-manager  | ║ T3 (start_result)     = 133079183.915 ms                        ║
execution-manager  | ║ T4 (end_result)       = 133079184.605 ms                        ║
execution-manager  | ╠═══════════════════════════════════════════════════════════════╣
execution-manager  | ║ METRICS:                                                      ║
execution-manager  | ║   Request Latency    =      999.939 ms  (T2 - T1)            ║
execution-manager  | ║   Task Execution     =     5178.708 ms  (T3 - T2)            ║
execution-manager  | ║   Response Latency   =        0.690 ms  (T4 - T3)            ║
execution-manager  | ║   Total End-to-End   =     6179.337 ms  (T4 - T1)            ║
execution-manager  | ║   Network Overhead   =     1000.629 ms  (Req + Resp)         ║
execution-manager  | ╚═══════════════════════════════════════════════════════════════╝
execution-manager  | 
execution-manager  | [SCHEDULER] ✅ T=27472 ms: Task 3 'sum3' completed with status 2
execution-manager  | [SCHEDULER] 🔕 Timeout disarmed for task 3
execution-manager  | [SCHEDULER] 2 tasks remaining
execution-manager  | [gRPC Client Async] Stream completed, received 1 responses
execution-manager  | [GRPC THREAD 3] Completed
execution-manager  | [gRPC Client Async] Response #1 - Status: COMPLETED
execution-manager  | 🎉 [T=27479 ms] Task 4 'sum4' COMPLETED
execution-manager  | [EXECUTION MANAGER] ⏱️ T2=133076396.722 ms | Thread started (server measured)
execution-manager  | [EXECUTION MANAGER] ⏱️ T3=133079190.906 ms | Task completed (server measured)
execution-manager  | [EXECUTION MANAGER] ⏱️ T4=133079191.400 ms | Result received by client
execution-manager  |    [TASK EXECUTION] 2794.184 ms (T3-T2, measured in thread)
execution-manager  |    [RESULT] {"result": 0}
execution-manager  | 
execution-manager  | ╔═══════════════════════════════════════════════════════════════╗
execution-manager  | ║           END-TO-END TIMING MEASUREMENT RECAP                 ║
execution-manager  | ║                   Task 4: sum4                                 
execution-manager  | ╠═══════════════════════════════════════════════════════════════╣
execution-manager  | ║ T1 (start_request)    = 133073005.734 ms                        ║
execution-manager  | ║ T2 (end_request)      = 133076396.722 ms                        ║
execution-manager  | ║ T3 (start_result)     = 133079190.906 ms                        ║
execution-manager  | ║ T4 (end_result)       = 133079191.400 ms                        ║
execution-manager  | ╠═══════════════════════════════════════════════════════════════╣
execution-manager  | ║ METRICS:                                                      ║
execution-manager  | ║   Request Latency    =     3390.988 ms  (T2 - T1)            ║
execution-manager  | ║   Task Execution     =     2794.184 ms  (T3 - T2)            ║
execution-manager  | ║   Response Latency   =        0.495 ms  (T4 - T3)            ║
execution-manager  | ║   Total End-to-End   =     6185.667 ms  (T4 - T1)            ║
execution-manager  | ║   Network Overhead   =     3391.483 ms  (Req + Resp)         ║
execution-manager  | ╚═══════════════════════════════════════════════════════════════╝
execution-manager  | 
execution-manager  | [SCHEDULER] ✅ T=27479 ms: Task 4 'sum4' completed with status 2
execution-manager  | [SCHEDULER] 🔕 Timeout disarmed for task 4
execution-manager  | [SCHEDULER] 1 tasks remaining
execution-manager  | [gRPC Client Async] Stream completed, received 1 responses
execution-manager  | [GRPC THREAD 4] Completed
execution-manager  | [gRPC Client Async] Response #1 - Status: COMPLETED
execution-manager  | 🎉 [T=27480 ms] Task 2 'sum2' COMPLETED
execution-manager  | [EXECUTION MANAGER] ⏱️ T2=133071714.944 ms | Thread started (server measured)
execution-manager  | [EXECUTION MANAGER] ⏱️ T3=133079191.899 ms | Task completed (server measured)
execution-manager  | [EXECUTION MANAGER] ⏱️ T4=133079192.590 ms | Result received by client
execution-manager  |    [TASK EXECUTION] 7476.955 ms (T3-T2, measured in thread)
execution-manager  |    [RESULT] {"result": 0}
execution-manager  | 
execution-manager  | ╔═══════════════════════════════════════════════════════════════╗
execution-manager  | ║           END-TO-END TIMING MEASUREMENT RECAP                 ║
execution-manager  | ║                   Task 2: sum2                                 
execution-manager  | ╠═══════════════════════════════════════════════════════════════╣
execution-manager  | ║ T1 (start_request)    = 133071713.064 ms                        ║
execution-manager  | ║ T2 (end_request)      = 133071714.944 ms                        ║
execution-manager  | ║ T3 (start_result)     = 133079191.899 ms                        ║
execution-manager  | ║ T4 (end_result)       = 133079192.590 ms                        ║
execution-manager  | ╠═══════════════════════════════════════════════════════════════╣
execution-manager  | ║ METRICS:                                                      ║
execution-manager  | ║   Request Latency    =        1.880 ms  (T2 - T1)            ║
execution-manager  | ║   Task Execution     =     7476.955 ms  (T3 - T2)            ║
execution-manager  | ║   Response Latency   =        0.691 ms  (T4 - T3)            ║
execution-manager  | ║   Total End-to-End   =     7479.526 ms  (T4 - T1)            ║
execution-manager  | ║   Network Overhead   =        2.571 ms  (Req + Resp)         ║
execution-manager  | ╚═══════════════════════════════════════════════════════════════╝
execution-manager  | 
execution-manager  | [gRPC Client Async] Stream completed, received 1 responses
execution-manager  | [GRPC THREAD 2] Completed
execution-manager  | [SCHEDULER] ✅ T=27480 ms: Task 2 'sum2' completed with status 2
execution-manager  | [SCHEDULER] 🔕 Timeout disarmed for task 2
execution-manager  | [SCHEDULER] 0 tasks remaining
execution-manager  | 
execution-manager  | [SCHEDULER] 🏁 Iteration 41/50 complete!
execution-manager  | [SCHEDULER] Iteration execution time: 27480 ms
execution-manager  | 
execution-manager  | 
execution-manager  | [SCHEDULER] 🔁 ===== ITERATION 42 / 50 =====
execution-manager  | 
execution-manager  | [SCHEDULER] 🚀 Schedule started at T=0
execution-manager  | 
execution-manager  | [SCHEDULER] 🔄 Entering event loop (NO SLEEP - event-driven!)
execution-manager  | 
execution-manager  | [SCHEDULER] ⏰ T=10000 ms | T_wall=133089192.993 ms: Launching task 1 'sum1' (deadline: 30000 ms)
execution-manager  | [SCHEDULER] 🕐 Timeout armed for task 1 at T=30000 ms (in 19999 ms)
execution-manager  | [GRPC THREAD 1] Starting...
execution-manager  | [EXECUTION MANAGER] ⏱️ T1=133089193.136 ms | Sending gRPC request for task 1 'sum1'
execution-manager  | [gRPC Channel Pool] Reusing existing channel for localhost:50051
execution-manager  | [gRPC Client Async] Calling task 'sum1' at localhost:50051
execution-manager  | [gRPC Client Async] Inputs: {"total_ops": 200, "io_percentage": 50}
execution-manager  | [gRPC Client Async] Response #1 - Status: COMPLETED
execution-manager  | 🎉 [T=12476 ms] Task 1 'sum1' COMPLETED
execution-manager  | [EXECUTION MANAGER] ⏱️ T2=133089194.625 ms | Thread started (server measured)
execution-manager  | [EXECUTION MANAGER] ⏱️ T3=133091667.775 ms | Task completed (server measured)
execution-manager  | [EXECUTION MANAGER] ⏱️ T4=133091668.530 ms | Result received by client
execution-manager  |    [TASK EXECUTION] 2473.150 ms (T3-T2, measured in thread)
execution-manager  |    [RESULT] {"result": 0}
execution-manager  | 
execution-manager  | ╔═══════════════════════════════════════════════════════════════╗
execution-manager  | ║           END-TO-END TIMING MEASUREMENT RECAP                 ║
execution-manager  | ║                   Task 1: sum1                                 
execution-manager  | ╠═══════════════════════════════════════════════════════════════╣
execution-manager  | ║ T1 (start_request)    = 133089193.136 ms                        ║
execution-manager  | ║ T2 (end_request)      = 133089194.625 ms                        ║
execution-manager  | ║ T3 (start_result)     = 133091667.775 ms                        ║
execution-manager  | ║ T4 (end_result)       = 133091668.530 ms                        ║
execution-manager  | ╠═══════════════════════════════════════════════════════════════╣
execution-manager  | ║ METRICS:                                                      ║
execution-manager  | ║   Request Latency    =        1.489 ms  (T2 - T1)            ║
execution-manager  | ║   Task Execution     =     2473.150 ms  (T3 - T2)            ║
execution-manager  | ║   Response Latency   =        0.754 ms  (T4 - T3)            ║
execution-manager  | ║   Total End-to-End   =     2475.393 ms  (T4 - T1)            ║
execution-manager  | ║   Network Overhead   =        2.243 ms  (Req + Resp)         ║
execution-manager  | ╚═══════════════════════════════════════════════════════════════╝
execution-manager  | 
execution-manager  | [SCHEDULER] ✅ T=12476 ms: Task 1 'sum1' completed with status 2
execution-manager  | [SCHEDULER] 🔕 Timeout disarmed for task 1
execution-manager  | [SCHEDULER] 3 tasks remaining
execution-manager  | [gRPC Client Async] Stream completed, received 1 responses
execution-manager  | [GRPC THREAD 1] Completed
execution-manager  | [SCHEDULER] ⏰ T=20001 ms | T_wall=133099193.124 ms: Launching task 2 'sum2' (deadline: 40000 ms)
execution-manager  | [SCHEDULER] 🕐 Timeout armed for task 2 at T=40000 ms (in 19999 ms)
execution-manager  | [GRPC THREAD 2] Starting...
execution-manager  | [EXECUTION MANAGER] ⏱️ T1=133099193.274 ms | Sending gRPC request for task 2 'sum2'
execution-manager  | [gRPC Channel Pool] Reusing existing channel for localhost:50052
execution-manager  | [gRPC Client Async] Calling task 'sum2' at localhost:50052
execution-manager  | [gRPC Client Async] Inputs: {"total_ops": 200, "io_percentage": 50}
execution-manager  | [SCHEDULER] ⏰ T=21813 ms | T_wall=133101005.030 ms: Launching task 3 'sum3' (deadline: 41000 ms)
execution-manager  | [SCHEDULER] 🕐 Timeout armed for task 3 at T=41000 ms (in 19187 ms)
execution-manager  | [SCHEDULER] ⏰ T=21813 ms | T_wall=133101005.194 ms: Launching task 4 'sum4' (deadline: 41000 ms)
execution-manager  | [SCHEDULER] 🕐 Timeout armed for task 4 at T=41000 ms (in 19187 ms)
execution-manager  | [GRPC THREAD 3] Starting...
execution-manager  | [EXECUTION MANAGER] ⏱️ T1=133101005.286 ms | Sending gRPC request for task 3 'sum3'
execution-manager  | [gRPC Channel Pool] Reusing existing channel for localhost:50053
execution-manager  | [gRPC Client Async] Calling task 'sum3' at localhost:50053
execution-manager  | [gRPC Client Async] Inputs: {"total_ops": 200, "io_percentage": 50}
execution-manager  | [GRPC THREAD 4] Starting...
execution-manager  | [EXECUTION MANAGER] ⏱️ T1=133101005.793 ms | Sending gRPC request for task 4 'sum4'
execution-manager  | [gRPC Channel Pool] Reusing existing channel for localhost:50054
execution-manager  | [gRPC Client Async] Calling task 'sum4' at localhost:50054
execution-manager  | [gRPC Client Async] Inputs: {"total_ops": 200, "io_percentage": 50}
execution-manager  | [gRPC Client Async] Response #1 - Status: COMPLETED
execution-manager  | 🎉 [T=27468 ms] Task 3 'sum3' COMPLETED
execution-manager  | [EXECUTION MANAGER] ⏱️ T2=133101006.316 ms | Thread started (server measured)
execution-manager  | [EXECUTION MANAGER] ⏱️ T3=133106659.917 ms | Task completed (server measured)
execution-manager  | [EXECUTION MANAGER] ⏱️ T4=133106660.758 ms | Result received by client
execution-manager  |    [TASK EXECUTION] 5653.602 ms (T3-T2, measured in thread)
execution-manager  |    [RESULT] {"result": 0}
execution-manager  | 
execution-manager  | ╔═══════════════════════════════════════════════════════════════╗
execution-manager  | ║           END-TO-END TIMING MEASUREMENT RECAP                 ║
execution-manager  | ║                   Task 3: sum3                                 
execution-manager  | ╠═══════════════════════════════════════════════════════════════╣
execution-manager  | ║ T1 (start_request)    = 133101005.286 ms                        ║
execution-manager  | ║ T2 (end_request)      = 133101006.316 ms                        ║
execution-manager  | ║ T3 (start_result)     = 133106659.917 ms                        ║
execution-manager  | ║ T4 (end_result)       = 133106660.758 ms                        ║
execution-manager  | ╠═══════════════════════════════════════════════════════════════╣
execution-manager  | ║ METRICS:                                                      ║
execution-manager  | ║   Request Latency    =        1.030 ms  (T2 - T1)            ║
execution-manager  | ║   Task Execution     =     5653.602 ms  (T3 - T2)            ║
execution-manager  | ║   Response Latency   =        0.840 ms  (T4 - T3)            ║
execution-manager  | ║   Total End-to-End   =     5655.472 ms  (T4 - T1)            ║
execution-manager  | ║   Network Overhead   =        1.870 ms  (Req + Resp)         ║
execution-manager  | ╚═══════════════════════════════════════════════════════════════╝
execution-manager  | 
execution-manager  | [SCHEDULER] ✅ T=27468 ms: Task 3 'sum3' completed with status 2
execution-manager  | [SCHEDULER] 🔕 Timeout disarmed for task 3
execution-manager  | [SCHEDULER] 2 tasks remaining
execution-manager  | [gRPC Client Async] Stream completed, received 1 responses
execution-manager  | [GRPC THREAD 3] Completed
execution-manager  | [gRPC Client Async] Response #1 - Status: COMPLETED
execution-manager  | 🎉 [T=27479 ms] Task 4 'sum4' COMPLETED
execution-manager  | [EXECUTION MANAGER] ⏱️ T2=133103398.340 ms | Thread started (server measured)
execution-manager  | [EXECUTION MANAGER] ⏱️ T3=133106671.259 ms | Task completed (server measured)
execution-manager  | [EXECUTION MANAGER] ⏱️ T4=133106671.996 ms | Result received by client
execution-manager  |    [TASK EXECUTION] 3272.919 ms (T3-T2, measured in thread)
execution-manager  |    [RESULT] {"result": 0}
execution-manager  | 
execution-manager  | ╔═══════════════════════════════════════════════════════════════╗
execution-manager  | ║           END-TO-END TIMING MEASUREMENT RECAP                 ║
execution-manager  | ║                   Task 4: sum4                                 
execution-manager  | ╠═══════════════════════════════════════════════════════════════╣
execution-manager  | ║ T1 (start_request)    = 133101005.793 ms                        ║
execution-manager  | ║ T2 (end_request)      = 133103398.340 ms                        ║
execution-manager  | ║ T3 (start_result)     = 133106671.259 ms                        ║
execution-manager  | ║ T4 (end_result)       = 133106671.996 ms                        ║
execution-manager  | ╠═══════════════════════════════════════════════════════════════╣
execution-manager  | ║ METRICS:                                                      ║
execution-manager  | ║   Request Latency    =     2392.547 ms  (T2 - T1)            ║
execution-manager  | ║   Task Execution     =     3272.919 ms  (T3 - T2)            ║
execution-manager  | ║   Response Latency   =        0.736 ms  (T4 - T3)            ║
execution-manager  | ║   Total End-to-End   =     5666.203 ms  (T4 - T1)            ║
execution-manager  | ║   Network Overhead   =     2393.284 ms  (Req + Resp)         ║
execution-manager  | ╚═══════════════════════════════════════════════════════════════╝
execution-manager  | 
execution-manager  | [SCHEDULER] ✅ T=27480 ms: Task 4 'sum4' completed with status 2
execution-manager  | [SCHEDULER] 🔕 Timeout disarmed for task 4
execution-manager  | [SCHEDULER] 1 tasks remaining
execution-manager  | [gRPC Client Async] Stream completed, received 1 responses
execution-manager  | [GRPC THREAD 4] Completed
execution-manager  | [gRPC Client Async] Response #1 - Status: COMPLETED
execution-manager  | 🎉 [T=27489 ms] Task 2 'sum2' COMPLETED
execution-manager  | [EXECUTION MANAGER] ⏱️ T2=133099194.695 ms | Thread started (server measured)
execution-manager  | [EXECUTION MANAGER] ⏱️ T3=133106680.639 ms | Task completed (server measured)
execution-manager  | [EXECUTION MANAGER] ⏱️ T4=133106681.289 ms | Result received by client
execution-manager  |    [TASK EXECUTION] 7485.944 ms (T3-T2, measured in thread)
execution-manager  |    [RESULT] {"result": 0}
execution-manager  | 
execution-manager  | ╔═══════════════════════════════════════════════════════════════╗
execution-manager  | ║           END-TO-END TIMING MEASUREMENT RECAP                 ║
execution-manager  | ║                   Task 2: sum2                                 
execution-manager  | ╠═══════════════════════════════════════════════════════════════╣
execution-manager  | ║ T1 (start_request)    = 133099193.274 ms                        ║
execution-manager  | ║ T2 (end_request)      = 133099194.695 ms                        ║
execution-manager  | ║ T3 (start_result)     = 133106680.639 ms                        ║
execution-manager  | ║ T4 (end_result)       = 133106681.289 ms                        ║
execution-manager  | ╠═══════════════════════════════════════════════════════════════╣
execution-manager  | ║ METRICS:                                                      ║
execution-manager  | ║   Request Latency    =        1.421 ms  (T2 - T1)            ║
execution-manager  | ║   Task Execution     =     7485.944 ms  (T3 - T2)            ║
execution-manager  | ║   Response Latency   =        0.650 ms  (T4 - T3)            ║
execution-manager  | ║   Total End-to-End   =     7488.015 ms  (T4 - T1)            ║
execution-manager  | ║   Network Overhead   =        2.071 ms  (Req + Resp)         ║
execution-manager  | ╚═══════════════════════════════════════════════════════════════╝
execution-manager  | 
execution-manager  | [SCHEDULER] ✅ T=27489 ms: Task 2 'sum2' completed with status 2
execution-manager  | [SCHEDULER] 🔕 Timeout disarmed for task 2
execution-manager  | [SCHEDULER] 0 tasks remaining
execution-manager  | 
execution-manager  | [SCHEDULER] 🏁 Iteration 42/50 complete!
execution-manager  | [SCHEDULER] Iteration execution time: 27489 ms
execution-manager  | 
execution-manager  | 
execution-manager  | [SCHEDULER] 🔁 ===== ITERATION 43 / 50 =====
execution-manager  | 
execution-manager  | [SCHEDULER] 🚀 Schedule started at T=0
execution-manager  | 
execution-manager  | [SCHEDULER] 🔄 Entering event loop (NO SLEEP - event-driven!)
execution-manager  | 
execution-manager  | [gRPC Client Async] Stream completed, received 1 responses
execution-manager  | [GRPC THREAD 2] Completed
execution-manager  | [SCHEDULER] ⏰ T=10000 ms | T_wall=133116681.522 ms: Launching task 1 'sum1' (deadline: 30000 ms)
execution-manager  | [SCHEDULER] 🕐 Timeout armed for task 1 at T=30000 ms (in 20000 ms)
execution-manager  | [GRPC THREAD 1] Starting...
execution-manager  | [EXECUTION MANAGER] ⏱️ T1=133116681.656 ms | Sending gRPC request for task 1 'sum1'
execution-manager  | [gRPC Channel Pool] Reusing existing channel for localhost:50051
execution-manager  | [gRPC Client Async] Calling task 'sum1' at localhost:50051
execution-manager  | [gRPC Client Async] Inputs: {"total_ops": 200, "io_percentage": 50}
execution-manager  | [gRPC Client Async] Response #1 - Status: COMPLETED
execution-manager  | 🎉 [T=12537 ms] Task 1 'sum1' COMPLETED
execution-manager  | [EXECUTION MANAGER] ⏱️ T2=133116682.593 ms | Thread started (server measured)
execution-manager  | [EXECUTION MANAGER] ⏱️ T3=133119217.650 ms | Task completed (server measured)
execution-manager  | [EXECUTION MANAGER] ⏱️ T4=133119218.892 ms | Result received by client
execution-manager  |    [TASK EXECUTION] 2535.057 ms (T3-T2, measured in thread)
execution-manager  |    [RESULT] {"result": 0}
execution-manager  | 
execution-manager  | ╔═══════════════════════════════════════════════════════════════╗
execution-manager  | ║           END-TO-END TIMING MEASUREMENT RECAP                 ║
execution-manager  | ║                   Task 1: sum1                                 
execution-manager  | ╠═══════════════════════════════════════════════════════════════╣
execution-manager  | ║ T1 (start_request)    = 133116681.656 ms                        ║
execution-manager  | ║ T2 (end_request)      = 133116682.593 ms                        ║
execution-manager  | ║ T3 (start_result)     = 133119217.650 ms                        ║
execution-manager  | ║ T4 (end_result)       = 133119218.892 ms                        ║
execution-manager  | ╠═══════════════════════════════════════════════════════════════╣
execution-manager  | ║ METRICS:                                                      ║
execution-manager  | ║   Request Latency    =        0.938 ms  (T2 - T1)            ║
execution-manager  | ║   Task Execution     =     2535.057 ms  (T3 - T2)            ║
execution-manager  | ║   Response Latency   =        1.241 ms  (T4 - T3)            ║
execution-manager  | ║   Total End-to-End   =     2537.236 ms  (T4 - T1)            ║
execution-manager  | ║   Network Overhead   =        2.179 ms  (Req + Resp)         ║
execution-manager  | ╚═══════════════════════════════════════════════════════════════╝
execution-manager  | 
execution-manager  | [gRPC Client Async] Stream completed, received 1 responses
execution-manager  | [GRPC THREAD 1] Completed
execution-manager  | [SCHEDULER] ✅ T=12538 ms: Task 1 'sum1' completed with status 2
execution-manager  | [SCHEDULER] 🔕 Timeout disarmed for task 1
execution-manager  | [SCHEDULER] 3 tasks remaining
execution-manager  | [SCHEDULER] ⏰ T=20000 ms | T_wall=133126681.554 ms: Launching task 2 'sum2' (deadline: 40000 ms)
execution-manager  | [SCHEDULER] 🕐 Timeout armed for task 2 at T=40000 ms (in 20000 ms)
execution-manager  | [GRPC THREAD 2] Starting...
execution-manager  | [EXECUTION MANAGER] ⏱️ T1=133126681.689 ms | Sending gRPC request for task 2 'sum2'
execution-manager  | [gRPC Channel Pool] Reusing existing channel for localhost:50052
execution-manager  | [gRPC Client Async] Calling task 'sum2' at localhost:50052
execution-manager  | [gRPC Client Async] Inputs: {"total_ops": 200, "io_percentage": 50}
execution-manager  | [SCHEDULER] ⏰ T=21324 ms | T_wall=133128005.033 ms: Launching task 3 'sum3' (deadline: 41000 ms)
execution-manager  | [SCHEDULER] 🕐 Timeout armed for task 3 at T=41000 ms (in 19676 ms)
execution-manager  | [SCHEDULER] ⏰ T=21324 ms | T_wall=133128005.171 ms: Launching task 4 'sum4' (deadline: 41000 ms)
execution-manager  | [SCHEDULER] 🕐 Timeout armed for task 4 at T=41000 ms (in 19676 ms)
execution-manager  | [GRPC THREAD 3] Starting...
execution-manager  | [EXECUTION MANAGER] ⏱️ T1=133128005.287 ms | Sending gRPC request for task 3 'sum3'
execution-manager  | [gRPC Channel Pool] Reusing existing channel for localhost:50053
execution-manager  | [gRPC Client Async] Calling task 'sum3' at localhost:50053
execution-manager  | [gRPC Client Async] Inputs: {"total_ops": 200, "io_percentage": 50}
execution-manager  | [GRPC THREAD 4] Starting...
execution-manager  | [EXECUTION MANAGER] ⏱️ T1=133128005.738 ms | Sending gRPC request for task 4 'sum4'
execution-manager  | [gRPC Channel Pool] Reusing existing channel for localhost:50054
execution-manager  | [gRPC Client Async] Calling task 'sum4' at localhost:50054
execution-manager  | [gRPC Client Async] Inputs: {"total_ops": 200, "io_percentage": 50}
execution-manager  | [gRPC Client Async] Response #1 - Status: COMPLETED
execution-manager  | 🎉 [T=27467 ms] Task 3 'sum3' COMPLETED
execution-manager  | [EXECUTION MANAGER] ⏱️ T2=133129005.221 ms | Thread started (server measured)
execution-manager  | [EXECUTION MANAGER] ⏱️ T3=133134147.605 ms | Task completed (server measured)
execution-manager  | [EXECUTION MANAGER] ⏱️ T4=133134148.471 ms | Result received by client
execution-manager  |    [TASK EXECUTION] 5142.384 ms (T3-T2, measured in thread)
execution-manager  |    [RESULT] {"result": 0}
execution-manager  | 
execution-manager  | ╔═══════════════════════════════════════════════════════════════╗
execution-manager  | ║           END-TO-END TIMING MEASUREMENT RECAP                 ║
execution-manager  | ║                   Task 3: sum3                                 
execution-manager  | ╠═══════════════════════════════════════════════════════════════╣
execution-manager  | ║ T1 (start_request)    = 133128005.287 ms                        ║
execution-manager  | ║ T2 (end_request)      = 133129005.221 ms                        ║
execution-manager  | ║ T3 (start_result)     = 133134147.605 ms                        ║
execution-manager  | ║ T4 (end_result)       = 133134148.471 ms                        ║
execution-manager  | ╠═══════════════════════════════════════════════════════════════╣
execution-manager  | ║ METRICS:                                                      ║
execution-manager  | ║   Request Latency    =      999.934 ms  (T2 - T1)            ║
execution-manager  | ║   Task Execution     =     5142.384 ms  (T3 - T2)            ║
execution-manager  | ║   Response Latency   =        0.866 ms  (T4 - T3)            ║
execution-manager  | ║   Total End-to-End   =     6143.184 ms  (T4 - T1)            ║
execution-manager  | ║   Network Overhead   =     1000.800 ms  (Req + Resp)         ║
execution-manager  | ╚═══════════════════════════════════════════════════════════════╝
execution-manager  | 
execution-manager  | [SCHEDULER] ✅ T=27467 ms: Task 3 'sum3' completed with status 2
execution-manager  | [SCHEDULER] 🔕 Timeout disarmed for task 3
execution-manager  | [SCHEDULER] 2 tasks remaining
execution-manager  | [gRPC Client Async] Stream completed, received 1 responses
execution-manager  | [GRPC THREAD 3] Completed
execution-manager  | [gRPC Client Async] Response #1 - Status: COMPLETED
execution-manager  | 🎉 [T=27474 ms] Task 4 'sum4' COMPLETED
execution-manager  | [EXECUTION MANAGER] ⏱️ T2=133131396.384 ms | Thread started (server measured)
execution-manager  | [EXECUTION MANAGER] ⏱️ T3=133134155.029 ms | Task completed (server measured)
execution-manager  | [EXECUTION MANAGER] ⏱️ T4=133134155.759 ms | Result received by client
execution-manager  |    [TASK EXECUTION] 2758.645 ms (T3-T2, measured in thread)
execution-manager  |    [RESULT] {"result": 0}
execution-manager  | 
execution-manager  | ╔═══════════════════════════════════════════════════════════════╗
execution-manager  | ║           END-TO-END TIMING MEASUREMENT RECAP                 ║
execution-manager  | ║                   Task 4: sum4                                 
execution-manager  | ╠═══════════════════════════════════════════════════════════════╣
execution-manager  | ║ T1 (start_request)    = 133128005.738 ms                        ║
execution-manager  | ║ T2 (end_request)      = 133131396.384 ms                        ║
execution-manager  | ║ T3 (start_result)     = 133134155.029 ms                        ║
execution-manager  | ║ T4 (end_result)       = 133134155.759 ms                        ║
execution-manager  | ╠═══════════════════════════════════════════════════════════════╣
execution-manager  | ║ METRICS:                                                      ║
execution-manager  | ║   Request Latency    =     3390.645 ms  (T2 - T1)            ║
execution-manager  | ║   Task Execution     =     2758.645 ms  (T3 - T2)            ║
execution-manager  | ║   Response Latency   =        0.731 ms  (T4 - T3)            ║
execution-manager  | ║   Total End-to-End   =     6150.021 ms  (T4 - T1)            ║
execution-manager  | ║   Network Overhead   =     3391.376 ms  (Req + Resp)         ║
execution-manager  | ╚═══════════════════════════════════════════════════════════════╝
execution-manager  | 
execution-manager  | [SCHEDULER] ✅ T=27474 ms: Task 4 'sum4' completed with status 2
execution-manager  | [SCHEDULER] 🔕 Timeout disarmed for task 4
execution-manager  | [SCHEDULER] 1 tasks remaining
execution-manager  | [gRPC Client Async] Stream completed, received 1 responses
execution-manager  | [GRPC THREAD 4] Completed
execution-manager  | [gRPC Client Async] Response #1 - Status: COMPLETED
execution-manager  | 🎉 [T=27475 ms] Task 2 'sum2' COMPLETED
execution-manager  | [EXECUTION MANAGER] ⏱️ T2=133126683.127 ms | Thread started (server measured)
execution-manager  | [EXECUTION MANAGER] ⏱️ T3=133134156.404 ms | Task completed (server measured)
execution-manager  | [EXECUTION MANAGER] ⏱️ T4=133134156.947 ms | Result received by client
execution-manager  |    [TASK EXECUTION] 7473.277 ms (T3-T2, measured in thread)
execution-manager  |    [RESULT] {"result": 0}
execution-manager  | 
execution-manager  | ╔═══════════════════════════════════════════════════════════════╗
execution-manager  | ║           END-TO-END TIMING MEASUREMENT RECAP                 ║
execution-manager  | ║                   Task 2: sum2                                 
execution-manager  | ╠═══════════════════════════════════════════════════════════════╣
execution-manager  | ║ T1 (start_request)    = 133126681.689 ms                        ║
execution-manager  | ║ T2 (end_request)      = 133126683.127 ms                        ║
execution-manager  | ║ T3 (start_result)     = 133134156.404 ms                        ║
execution-manager  | ║ T4 (end_result)       = 133134156.947 ms                        ║
execution-manager  | ╠═══════════════════════════════════════════════════════════════╣
execution-manager  | ║ METRICS:                                                      ║
execution-manager  | ║   Request Latency    =        1.438 ms  (T2 - T1)            ║
execution-manager  | ║   Task Execution     =     7473.277 ms  (T3 - T2)            ║
execution-manager  | ║   Response Latency   =        0.542 ms  (T4 - T3)            ║
execution-manager  | ║   Total End-to-End   =     7475.258 ms  (T4 - T1)            ║
execution-manager  | ║   Network Overhead   =        1.981 ms  (Req + Resp)         ║
execution-manager  | ╚═══════════════════════════════════════════════════════════════╝
execution-manager  | 
execution-manager  | [gRPC Client Async] Stream completed, received 1 responses
execution-manager  | [GRPC THREAD 2] Completed
execution-manager  | [SCHEDULER] ✅ T=27476 ms: Task 2 'sum2' completed with status 2
execution-manager  | [SCHEDULER] 🔕 Timeout disarmed for task 2
execution-manager  | [SCHEDULER] 0 tasks remaining
execution-manager  | 
execution-manager  | [SCHEDULER] 🏁 Iteration 43/50 complete!
execution-manager  | [SCHEDULER] Iteration execution time: 27476 ms
execution-manager  | 
execution-manager  | 
execution-manager  | [SCHEDULER] 🔁 ===== ITERATION 44 / 50 =====
execution-manager  | 
execution-manager  | [SCHEDULER] 🚀 Schedule started at T=0
execution-manager  | 
execution-manager  | [SCHEDULER] 🔄 Entering event loop (NO SLEEP - event-driven!)
execution-manager  | 
execution-manager  | [SCHEDULER] ⏰ T=10000 ms | T_wall=133144157.474 ms: Launching task 1 'sum1' (deadline: 30000 ms)
execution-manager  | [SCHEDULER] 🕐 Timeout armed for task 1 at T=30000 ms (in 20000 ms)
execution-manager  | [GRPC THREAD 1] Starting...
execution-manager  | [EXECUTION MANAGER] ⏱️ T1=133144157.606 ms | Sending gRPC request for task 1 'sum1'
execution-manager  | [gRPC Channel Pool] Reusing existing channel for localhost:50051
execution-manager  | [gRPC Client Async] Calling task 'sum1' at localhost:50051
execution-manager  | [gRPC Client Async] Inputs: {"total_ops": 200, "io_percentage": 50}
execution-manager  | [gRPC Client Async] Response #1 - Status: COMPLETED
execution-manager  | 🎉 [T=12477 ms] Task 1 'sum1' COMPLETED
execution-manager  | [EXECUTION MANAGER] ⏱️ T2=133144158.965 ms | Thread started (server measured)
execution-manager  | [EXECUTION MANAGER] ⏱️ T3=133146633.307 ms | Task completed (server measured)
execution-manager  | [EXECUTION MANAGER] ⏱️ T4=133146634.059 ms | Result received by client
execution-manager  |    [TASK EXECUTION] 2474.342 ms (T3-T2, measured in thread)
execution-manager  |    [RESULT] {"result": 0}
execution-manager  | 
execution-manager  | ╔═══════════════════════════════════════════════════════════════╗
execution-manager  | ║           END-TO-END TIMING MEASUREMENT RECAP                 ║
execution-manager  | ║                   Task 1: sum1                                 
execution-manager  | ╠═══════════════════════════════════════════════════════════════╣
execution-manager  | ║ T1 (start_request)    = 133144157.606 ms                        ║
execution-manager  | ║ T2 (end_request)      = 133144158.965 ms                        ║
execution-manager  | ║ T3 (start_result)     = 133146633.307 ms                        ║
execution-manager  | ║ T4 (end_result)       = 133146634.059 ms                        ║
execution-manager  | ╠═══════════════════════════════════════════════════════════════╣
execution-manager  | ║ METRICS:                                                      ║
execution-manager  | ║   Request Latency    =        1.359 ms  (T2 - T1)            ║
execution-manager  | ║   Task Execution     =     2474.342 ms  (T3 - T2)            ║
execution-manager  | ║   Response Latency   =        0.752 ms  (T4 - T3)            ║
execution-manager  | ║   Total End-to-End   =     2476.452 ms  (T4 - T1)            ║
execution-manager  | ║   Network Overhead   =        2.111 ms  (Req + Resp)         ║
execution-manager  | ╚═══════════════════════════════════════════════════════════════╝
execution-manager  | 
execution-manager  | [gRPC Client Async] Stream completed, received 1 responses
execution-manager  | [GRPC THREAD 1] Completed
execution-manager  | [SCHEDULER] ✅ T=12477 ms: Task 1 'sum1' completed with status 2
execution-manager  | [SCHEDULER] 🔕 Timeout disarmed for task 1
execution-manager  | [SCHEDULER] 3 tasks remaining
execution-manager  | [SCHEDULER] ⏰ T=20000 ms | T_wall=133154157.516 ms: Launching task 2 'sum2' (deadline: 40000 ms)
execution-manager  | [SCHEDULER] 🕐 Timeout armed for task 2 at T=40000 ms (in 20000 ms)
execution-manager  | [GRPC THREAD 2] Starting...
execution-manager  | [EXECUTION MANAGER] ⏱️ T1=133154157.649 ms | Sending gRPC request for task 2 'sum2'
execution-manager  | [gRPC Channel Pool] Reusing existing channel for localhost:50052
execution-manager  | [gRPC Client Async] Calling task 'sum2' at localhost:50052
execution-manager  | [gRPC Client Async] Inputs: {"total_ops": 200, "io_percentage": 50}
execution-manager  | [SCHEDULER] ⏰ T=21848 ms | T_wall=133156005.029 ms: Launching task 3 'sum3' (deadline: 41000 ms)
execution-manager  | [SCHEDULER] 🕐 Timeout armed for task 3 at T=41000 ms (in 19152 ms)
execution-manager  | [SCHEDULER] ⏰ T=21848 ms | T_wall=133156005.174 ms: Launching task 4 'sum4' (deadline: 41000 ms)
execution-manager  | [SCHEDULER] 🕐 Timeout armed for task 4 at T=41000 ms (in 19152 ms)
execution-manager  | [GRPC THREAD 3] Starting...
execution-manager  | [EXECUTION MANAGER] ⏱️ T1=133156005.286 ms | Sending gRPC request for task 3 'sum3'
execution-manager  | [gRPC Channel Pool] Reusing existing channel for localhost:50053
execution-manager  | [gRPC Client Async] Calling task 'sum3' at localhost:50053
execution-manager  | [gRPC Client Async] Inputs: {"total_ops": 200, "io_percentage": 50}
execution-manager  | [GRPC THREAD 4] Starting...
execution-manager  | [EXECUTION MANAGER] ⏱️ T1=133156005.773 ms | Sending gRPC request for task 4 'sum4'
execution-manager  | [gRPC Channel Pool] Reusing existing channel for localhost:50054
execution-manager  | [gRPC Client Async] Calling task 'sum4' at localhost:50054
execution-manager  | [gRPC Client Async] Inputs: {"total_ops": 200, "io_percentage": 50}
execution-manager  | [gRPC Client Async] Response #1 - Status: COMPLETED
execution-manager  | 🎉 [T=27441 ms] Task 3 'sum3' COMPLETED
execution-manager  | [EXECUTION MANAGER] ⏱️ T2=133156006.298 ms | Thread started (server measured)
execution-manager  | [EXECUTION MANAGER] ⏱️ T3=133161598.128 ms | Task completed (server measured)
execution-manager  | [EXECUTION MANAGER] ⏱️ T4=133161598.903 ms | Result received by client
execution-manager  |    [TASK EXECUTION] 5591.831 ms (T3-T2, measured in thread)
execution-manager  |    [RESULT] {"result": 0}
execution-manager  | 
execution-manager  | ╔═══════════════════════════════════════════════════════════════╗
execution-manager  | ║           END-TO-END TIMING MEASUREMENT RECAP                 ║
execution-manager  | ║                   Task 3: sum3                                 
execution-manager  | ╠═══════════════════════════════════════════════════════════════╣
execution-manager  | ║ T1 (start_request)    = 133156005.286 ms                        ║
execution-manager  | ║ T2 (end_request)      = 133156006.298 ms                        ║
execution-manager  | ║ T3 (start_result)     = 133161598.128 ms                        ║
execution-manager  | ║ T4 (end_result)       = 133161598.903 ms                        ║
execution-manager  | ╠═══════════════════════════════════════════════════════════════╣
execution-manager  | ║ METRICS:                                                      ║
execution-manager  | ║   Request Latency    =        1.012 ms  (T2 - T1)            ║
execution-manager  | ║   Task Execution     =     5591.831 ms  (T3 - T2)            ║
execution-manager  | ║   Response Latency   =        0.775 ms  (T4 - T3)            ║
execution-manager  | ║   Total End-to-End   =     5593.618 ms  (T4 - T1)            ║
execution-manager  | ║   Network Overhead   =        1.787 ms  (Req + Resp)         ║
execution-manager  | ╚═══════════════════════════════════════════════════════════════╝
execution-manager  | 
execution-manager  | [SCHEDULER] ✅ T=27442 ms: Task 3 'sum3' completed with status 2
execution-manager  | [SCHEDULER] 🔕 Timeout disarmed for task 3
execution-manager  | [SCHEDULER] 2 tasks remaining
execution-manager  | [gRPC Client Async] Stream completed, received 1 responses
execution-manager  | [GRPC THREAD 3] Completed
execution-manager  | [gRPC Client Async] Response #1 - Status: COMPLETED
execution-manager  | 🎉 [T=27449 ms] Task 4 'sum4' COMPLETED
execution-manager  | [EXECUTION MANAGER] ⏱️ T2=133158397.890 ms | Thread started (server measured)
execution-manager  | [EXECUTION MANAGER] ⏱️ T3=133161605.426 ms | Task completed (server measured)
execution-manager  | [EXECUTION MANAGER] ⏱️ T4=133161606.125 ms | Result received by client
execution-manager  |    [TASK EXECUTION] 3207.536 ms (T3-T2, measured in thread)
execution-manager  |    [RESULT] {"result": 0}
execution-manager  | 
execution-manager  | ╔═══════════════════════════════════════════════════════════════╗
execution-manager  | ║           END-TO-END TIMING MEASUREMENT RECAP                 ║
execution-manager  | ║                   Task 4: sum4                                 
execution-manager  | ╠═══════════════════════════════════════════════════════════════╣
execution-manager  | ║ T1 (start_request)    = 133156005.773 ms                        ║
execution-manager  | ║ T2 (end_request)      = 133158397.890 ms                        ║
execution-manager  | ║ T3 (start_result)     = 133161605.426 ms                        ║
execution-manager  | ║ T4 (end_result)       = 133161606.125 ms                        ║
execution-manager  | ╠═══════════════════════════════════════════════════════════════╣
execution-manager  | ║ METRICS:                                                      ║
execution-manager  | ║   Request Latency    =     2392.117 ms  (T2 - T1)            ║
execution-manager  | ║   Task Execution     =     3207.536 ms  (T3 - T2)            ║
execution-manager  | ║   Response Latency   =        0.699 ms  (T4 - T3)            ║
execution-manager  | ║   Total End-to-End   =     5600.352 ms  (T4 - T1)            ║
execution-manager  | ║   Network Overhead   =     2392.816 ms  (Req + Resp)         ║
execution-manager  | ╚═══════════════════════════════════════════════════════════════╝
execution-manager  | 
execution-manager  | [SCHEDULER] ✅ T=27449 ms: Task 4 'sum4' completed with status 2
execution-manager  | [SCHEDULER] 🔕 Timeout disarmed for task 4
execution-manager  | [SCHEDULER] 1 tasks remaining
execution-manager  | [gRPC Client Async] Stream completed, received 1 responses
execution-manager  | [GRPC THREAD 4] Completed
execution-manager  | [gRPC Client Async] Response #1 - Status: COMPLETED
execution-manager  | 🎉 [T=27468 ms] Task 2 'sum2' COMPLETED
execution-manager  | [EXECUTION MANAGER] ⏱️ T2=133154158.913 ms | Thread started (server measured)
execution-manager  | [EXECUTION MANAGER] ⏱️ T3=133161624.463 ms | Task completed (server measured)
execution-manager  | [EXECUTION MANAGER] ⏱️ T4=133161625.111 ms | Result received by client
execution-manager  |    [TASK EXECUTION] 7465.550 ms (T3-T2, measured in thread)
execution-manager  |    [RESULT] {"result": 0}
execution-manager  | 
execution-manager  | ╔═══════════════════════════════════════════════════════════════╗
execution-manager  | ║           END-TO-END TIMING MEASUREMENT RECAP                 ║
execution-manager  | ║                   Task 2: sum2                                 
execution-manager  | ╠═══════════════════════════════════════════════════════════════╣
execution-manager  | ║ T1 (start_request)    = 133154157.649 ms                        ║
execution-manager  | ║ T2 (end_request)      = 133154158.913 ms                        ║
execution-manager  | ║ T3 (start_result)     = 133161624.463 ms                        ║
execution-manager  | ║ T4 (end_result)       = 133161625.111 ms                        ║
execution-manager  | ╠═══════════════════════════════════════════════════════════════╣
execution-manager  | ║ METRICS:                                                      ║
execution-manager  | ║   Request Latency    =        1.264 ms  (T2 - T1)            ║
execution-manager  | ║   Task Execution     =     7465.550 ms  (T3 - T2)            ║
execution-manager  | ║   Response Latency   =        0.647 ms  (T4 - T3)            ║
execution-manager  | ║   Total End-to-End   =     7467.461 ms  (T4 - T1)            ║
execution-manager  | ║   Network Overhead   =        1.911 ms  (Req + Resp)         ║
execution-manager  | ╚═══════════════════════════════════════════════════════════════╝
execution-manager  | 
execution-manager  | [gRPC Client Async] Stream completed, received 1 responses
execution-manager  | [GRPC THREAD 2] Completed
execution-manager  | [SCHEDULER] ✅ T=27468 ms: Task 2 'sum2' completed with status 2
execution-manager  | [SCHEDULER] 🔕 Timeout disarmed for task 2
execution-manager  | [SCHEDULER] 0 tasks remaining
execution-manager  | 
execution-manager  | [SCHEDULER] 🏁 Iteration 44/50 complete!
execution-manager  | [SCHEDULER] Iteration execution time: 27468 ms
execution-manager  | 
execution-manager  | 
execution-manager  | [SCHEDULER] 🔁 ===== ITERATION 45 / 50 =====
execution-manager  | 
execution-manager  | [SCHEDULER] 🚀 Schedule started at T=0
execution-manager  | 
execution-manager  | [SCHEDULER] 🔄 Entering event loop (NO SLEEP - event-driven!)
execution-manager  | 
execution-manager  | [SCHEDULER] ⏰ T=10000 ms | T_wall=133171625.592 ms: Launching task 1 'sum1' (deadline: 30000 ms)
execution-manager  | [SCHEDULER] 🕐 Timeout armed for task 1 at T=30000 ms (in 20000 ms)
execution-manager  | [GRPC THREAD 1] Starting...
execution-manager  | [EXECUTION MANAGER] ⏱️ T1=133171625.732 ms | Sending gRPC request for task 1 'sum1'
execution-manager  | [gRPC Channel Pool] Reusing existing channel for localhost:50051
execution-manager  | [gRPC Client Async] Calling task 'sum1' at localhost:50051
execution-manager  | [gRPC Client Async] Inputs: {"total_ops": 200, "io_percentage": 50}
execution-manager  | [gRPC Client Async] Response #1 - Status: COMPLETED
execution-manager  | 🎉 [T=12543 ms] Task 1 'sum1' COMPLETED
execution-manager  | [EXECUTION MANAGER] ⏱️ T2=133171626.699 ms | Thread started (server measured)
execution-manager  | [EXECUTION MANAGER] ⏱️ T3=133174167.511 ms | Task completed (server measured)
execution-manager  | [EXECUTION MANAGER] ⏱️ T4=133174168.154 ms | Result received by client
execution-manager  |    [TASK EXECUTION] 2540.812 ms (T3-T2, measured in thread)
execution-manager  |    [RESULT] {"result": 0}
execution-manager  | 
execution-manager  | ╔═══════════════════════════════════════════════════════════════╗
execution-manager  | ║           END-TO-END TIMING MEASUREMENT RECAP                 ║
execution-manager  | ║                   Task 1: sum1                                 
execution-manager  | ╠═══════════════════════════════════════════════════════════════╣
execution-manager  | ║ T1 (start_request)    = 133171625.732 ms                        ║
execution-manager  | ║ T2 (end_request)      = 133171626.699 ms                        ║
execution-manager  | ║ T3 (start_result)     = 133174167.511 ms                        ║
execution-manager  | ║ T4 (end_result)       = 133174168.154 ms                        ║
execution-manager  | ╠═══════════════════════════════════════════════════════════════╣
execution-manager  | ║ METRICS:                                                      ║
execution-manager  | ║   Request Latency    =        0.967 ms  (T2 - T1)            ║
execution-manager  | ║   Task Execution     =     2540.812 ms  (T3 - T2)            ║
execution-manager  | ║   Response Latency   =        0.644 ms  (T4 - T3)            ║
execution-manager  | ║   Total End-to-End   =     2542.422 ms  (T4 - T1)            ║
execution-manager  | ║   Network Overhead   =        1.611 ms  (Req + Resp)         ║
execution-manager  | ╚═══════════════════════════════════════════════════════════════╝
execution-manager  | 
execution-manager  | [gRPC Client Async] Stream completed, received 1 responses
execution-manager  | [GRPC THREAD 1] Completed
execution-manager  | [SCHEDULER] ✅ T=12543 ms: Task 1 'sum1' completed with status 2
execution-manager  | [SCHEDULER] 🔕 Timeout disarmed for task 1
execution-manager  | [SCHEDULER] 3 tasks remaining
execution-manager  | [SCHEDULER] ⏰ T=20000 ms | T_wall=133181625.624 ms: Launching task 2 'sum2' (deadline: 40000 ms)
execution-manager  | [SCHEDULER] 🕐 Timeout armed for task 2 at T=40000 ms (in 20000 ms)
execution-manager  | [GRPC THREAD 2] Starting...
execution-manager  | [EXECUTION MANAGER] ⏱️ T1=133181625.762 ms | Sending gRPC request for task 2 'sum2'
execution-manager  | [gRPC Channel Pool] Reusing existing channel for localhost:50052
execution-manager  | [gRPC Client Async] Calling task 'sum2' at localhost:50052
execution-manager  | [gRPC Client Async] Inputs: {"total_ops": 200, "io_percentage": 50}
execution-manager  | [SCHEDULER] ⏰ T=21380 ms | T_wall=133183005.030 ms: Launching task 3 'sum3' (deadline: 41000 ms)
execution-manager  | [SCHEDULER] 🕐 Timeout armed for task 3 at T=41000 ms (in 19620 ms)
execution-manager  | [SCHEDULER] ⏰ T=21380 ms | T_wall=133183005.170 ms: Launching task 4 'sum4' (deadline: 41000 ms)
execution-manager  | [SCHEDULER] 🕐 Timeout armed for task 4 at T=41000 ms (in 19620 ms)
execution-manager  | [GRPC THREAD 3] Starting...
execution-manager  | [EXECUTION MANAGER] ⏱️ T1=133183005.277 ms | Sending gRPC request for task 3 'sum3'
execution-manager  | [gRPC Channel Pool] Reusing existing channel for localhost:50053
execution-manager  | [gRPC Client Async] Calling task 'sum3' at localhost:50053
execution-manager  | [gRPC Client Async] Inputs: {"total_ops": 200, "io_percentage": 50}
execution-manager  | [GRPC THREAD 4] Starting...
execution-manager  | [EXECUTION MANAGER] ⏱️ T1=133183005.822 ms | Sending gRPC request for task 4 'sum4'
execution-manager  | [gRPC Channel Pool] Reusing existing channel for localhost:50054
execution-manager  | [gRPC Client Async] Calling task 'sum4' at localhost:50054
execution-manager  | [gRPC Client Async] Inputs: {"total_ops": 200, "io_percentage": 50}
execution-manager  | [gRPC Client Async] Response #1 - Status: COMPLETED
execution-manager  | 🎉 [T=27464 ms] Task 3 'sum3' COMPLETED
execution-manager  | [EXECUTION MANAGER] ⏱️ T2=133183006.336 ms | Thread started (server measured)
execution-manager  | [EXECUTION MANAGER] ⏱️ T3=133189088.566 ms | Task completed (server measured)
execution-manager  | [EXECUTION MANAGER] ⏱️ T4=133189089.756 ms | Result received by client
execution-manager  |    [TASK EXECUTION] 6082.230 ms (T3-T2, measured in thread)
execution-manager  |    [RESULT] {"result": 0}
execution-manager  | 
execution-manager  | ╔═══════════════════════════════════════════════════════════════╗
execution-manager  | ║           END-TO-END TIMING MEASUREMENT RECAP                 ║
execution-manager  | ║                   Task 3: sum3                                 
execution-manager  | ╠═══════════════════════════════════════════════════════════════╣
execution-manager  | ║ T1 (start_request)    = 133183005.277 ms                        ║
execution-manager  | ║ T2 (end_request)      = 133183006.336 ms                        ║
execution-manager  | ║ T3 (start_result)     = 133189088.566 ms                        ║
execution-manager  | ║ T4 (end_result)       = 133189089.756 ms                        ║
execution-manager  | ╠═══════════════════════════════════════════════════════════════╣
execution-manager  | ║ METRICS:                                                      ║
execution-manager  | ║   Request Latency    =        1.058 ms  (T2 - T1)            ║
execution-manager  | ║   Task Execution     =     6082.230 ms  (T3 - T2)            ║
execution-manager  | ║   Response Latency   =        1.190 ms  (T4 - T3)            ║
execution-manager  | ║   Total End-to-End   =     6084.478 ms  (T4 - T1)            ║
execution-manager  | ║   Network Overhead   =        2.248 ms  (Req + Resp)         ║
execution-manager  | ╚═══════════════════════════════════════════════════════════════╝
execution-manager  | 
execution-manager  | [gRPC Client Async] Stream completed, received 1 responses
execution-manager  | [GRPC THREAD 3] Completed
execution-manager  | [SCHEDULER] ✅ T=27465 ms: Task 3 'sum3' completed with status 2
execution-manager  | [SCHEDULER] 🔕 Timeout disarmed for task 3
execution-manager  | [SCHEDULER] 2 tasks remaining
execution-manager  | [gRPC Client Async] Response #1 - Status: COMPLETED
execution-manager  | 🎉 [T=27471 ms] Task 4 'sum4' COMPLETED
execution-manager  | [EXECUTION MANAGER] ⏱️ T2=133185397.603 ms | Thread started (server measured)
execution-manager  | [EXECUTION MANAGER] ⏱️ T3=133189095.743 ms | Task completed (server measured)
execution-manager  | [EXECUTION MANAGER] ⏱️ T4=133189096.548 ms | Result received by client
execution-manager  |    [TASK EXECUTION] 3698.139 ms (T3-T2, measured in thread)
execution-manager  |    [RESULT] {"result": 0}
execution-manager  | 
execution-manager  | ╔═══════════════════════════════════════════════════════════════╗
execution-manager  | ║           END-TO-END TIMING MEASUREMENT RECAP                 ║
execution-manager  | ║                   Task 4: sum4                                 
execution-manager  | ╠═══════════════════════════════════════════════════════════════╣
execution-manager  | ║ T1 (start_request)    = 133183005.822 ms                        ║
execution-manager  | ║ T2 (end_request)      = 133185397.603 ms                        ║
execution-manager  | ║ T3 (start_result)     = 133189095.743 ms                        ║
execution-manager  | ║ T4 (end_result)       = 133189096.548 ms                        ║
execution-manager  | ╠═══════════════════════════════════════════════════════════════╣
execution-manager  | ║ METRICS:                                                      ║
execution-manager  | ║   Request Latency    =     2391.781 ms  (T2 - T1)            ║
execution-manager  | ║   Task Execution     =     3698.139 ms  (T3 - T2)            ║
execution-manager  | ║   Response Latency   =        0.805 ms  (T4 - T3)            ║
execution-manager  | ║   Total End-to-End   =     6090.726 ms  (T4 - T1)            ║
execution-manager  | ║   Network Overhead   =     2392.587 ms  (Req + Resp)         ║
execution-manager  | ╚═══════════════════════════════════════════════════════════════╝
execution-manager  | 
execution-manager  | [gRPC Client Async] Stream completed, received 1 responses
execution-manager  | [GRPC THREAD 4] Completed
execution-manager  | [SCHEDULER] ✅ T=27471 ms: Task 4 'sum4' completed with status 2
execution-manager  | [SCHEDULER] 🔕 Timeout disarmed for task 4
execution-manager  | [SCHEDULER] 1 tasks remaining
execution-manager  | [gRPC Client Async] Response #1 - Status: COMPLETED
execution-manager  | 🎉 [T=27477 ms] Task 2 'sum2' COMPLETED
execution-manager  | [EXECUTION MANAGER] ⏱️ T2=133181627.858 ms | Thread started (server measured)
execution-manager  | [EXECUTION MANAGER] ⏱️ T3=133189102.034 ms | Task completed (server measured)
execution-manager  | [EXECUTION MANAGER] ⏱️ T4=133189102.581 ms | Result received by client
execution-manager  |    [TASK EXECUTION] 7474.176 ms (T3-T2, measured in thread)
execution-manager  |    [RESULT] {"result": 0}
execution-manager  | 
execution-manager  | ╔═══════════════════════════════════════════════════════════════╗
execution-manager  | ║           END-TO-END TIMING MEASUREMENT RECAP                 ║
execution-manager  | ║                   Task 2: sum2                                 
execution-manager  | ╠═══════════════════════════════════════════════════════════════╣
execution-manager  | ║ T1 (start_request)    = 133181625.762 ms                        ║
execution-manager  | ║ T2 (end_request)      = 133181627.858 ms                        ║
execution-manager  | ║ T3 (start_result)     = 133189102.034 ms                        ║
execution-manager  | ║ T4 (end_result)       = 133189102.581 ms                        ║
execution-manager  | ╠═══════════════════════════════════════════════════════════════╣
execution-manager  | ║ METRICS:                                                      ║
execution-manager  | ║   Request Latency    =        2.096 ms  (T2 - T1)            ║
execution-manager  | ║   Task Execution     =     7474.176 ms  (T3 - T2)            ║
execution-manager  | ║   Response Latency   =        0.547 ms  (T4 - T3)            ║
execution-manager  | ║   Total End-to-End   =     7476.819 ms  (T4 - T1)            ║
execution-manager  | ║   Network Overhead   =        2.643 ms  (Req + Resp)         ║
execution-manager  | ╚═══════════════════════════════════════════════════════════════╝
execution-manager  | 
execution-manager  | [gRPC Client Async] Stream completed, received 1 responses
execution-manager  | [GRPC THREAD 2] Completed
execution-manager  | [SCHEDULER] ✅ T=27477 ms: Task 2 'sum2' completed with status 2
execution-manager  | [SCHEDULER] 🔕 Timeout disarmed for task 2
execution-manager  | [SCHEDULER] 0 tasks remaining
execution-manager  | 
execution-manager  | [SCHEDULER] 🏁 Iteration 45/50 complete!
execution-manager  | [SCHEDULER] Iteration execution time: 27477 ms
execution-manager  | 
execution-manager  | 
execution-manager  | [SCHEDULER] 🔁 ===== ITERATION 46 / 50 =====
execution-manager  | 
execution-manager  | [SCHEDULER] 🚀 Schedule started at T=0
execution-manager  | 
execution-manager  | [SCHEDULER] 🔄 Entering event loop (NO SLEEP - event-driven!)
execution-manager  | 
execution-manager  | [SCHEDULER] ⏰ T=10000 ms | T_wall=133199102.985 ms: Launching task 1 'sum1' (deadline: 30000 ms)
execution-manager  | [SCHEDULER] 🕐 Timeout armed for task 1 at T=30000 ms (in 19999 ms)
execution-manager  | [GRPC THREAD 1] Starting...
execution-manager  | [EXECUTION MANAGER] ⏱️ T1=133199103.125 ms | Sending gRPC request for task 1 'sum1'
execution-manager  | [gRPC Channel Pool] Reusing existing channel for localhost:50051
execution-manager  | [gRPC Client Async] Calling task 'sum1' at localhost:50051
execution-manager  | [gRPC Client Async] Inputs: {"total_ops": 200, "io_percentage": 50}
execution-manager  | [gRPC Client Async] Response #1 - Status: COMPLETED
execution-manager  | 🎉 [T=12489 ms] Task 1 'sum1' COMPLETED
execution-manager  | [EXECUTION MANAGER] ⏱️ T2=133199104.199 ms | Thread started (server measured)
execution-manager  | [EXECUTION MANAGER] ⏱️ T3=133201590.435 ms | Task completed (server measured)
execution-manager  | [EXECUTION MANAGER] ⏱️ T4=133201591.350 ms | Result received by client
execution-manager  |    [TASK EXECUTION] 2486.236 ms (T3-T2, measured in thread)
execution-manager  |    [RESULT] {"result": 0}
execution-manager  | 
execution-manager  | ╔═══════════════════════════════════════════════════════════════╗
execution-manager  | ║           END-TO-END TIMING MEASUREMENT RECAP                 ║
execution-manager  | ║                   Task 1: sum1                                 
execution-manager  | ╠═══════════════════════════════════════════════════════════════╣
execution-manager  | ║ T1 (start_request)    = 133199103.125 ms                        ║
execution-manager  | ║ T2 (end_request)      = 133199104.199 ms                        ║
execution-manager  | ║ T3 (start_result)     = 133201590.435 ms                        ║
execution-manager  | ║ T4 (end_result)       = 133201591.350 ms                        ║
execution-manager  | ╠═══════════════════════════════════════════════════════════════╣
execution-manager  | ║ METRICS:                                                      ║
execution-manager  | ║   Request Latency    =        1.074 ms  (T2 - T1)            ║
execution-manager  | ║   Task Execution     =     2486.236 ms  (T3 - T2)            ║
execution-manager  | ║   Response Latency   =        0.915 ms  (T4 - T3)            ║
execution-manager  | ║   Total End-to-End   =     2488.225 ms  (T4 - T1)            ║
execution-manager  | ║   Network Overhead   =        1.989 ms  (Req + Resp)         ║
execution-manager  | ╚═══════════════════════════════════════════════════════════════╝
execution-manager  | 
execution-manager  | [gRPC Client Async] Stream completed, received 1 responses
execution-manager  | [GRPC THREAD 1] Completed
execution-manager  | [SCHEDULER] ✅ T=12489 ms: Task 1 'sum1' completed with status 2
execution-manager  | [SCHEDULER] 🔕 Timeout disarmed for task 1
execution-manager  | [SCHEDULER] 3 tasks remaining
execution-manager  | [SCHEDULER] ⏰ T=20001 ms | T_wall=133209103.026 ms: Launching task 2 'sum2' (deadline: 40000 ms)
execution-manager  | [SCHEDULER] 🕐 Timeout armed for task 2 at T=40000 ms (in 19999 ms)
execution-manager  | [GRPC THREAD 2] Starting...
execution-manager  | [EXECUTION MANAGER] ⏱️ T1=133209103.251 ms | Sending gRPC request for task 2 'sum2'
execution-manager  | [gRPC Channel Pool] Reusing existing channel for localhost:50052
execution-manager  | [gRPC Client Async] Calling task 'sum2' at localhost:50052
execution-manager  | [gRPC Client Async] Inputs: {"total_ops": 200, "io_percentage": 50}
execution-manager  | [SCHEDULER] ⏰ T=21903 ms | T_wall=133211005.030 ms: Launching task 3 'sum3' (deadline: 41000 ms)
execution-manager  | [SCHEDULER] 🕐 Timeout armed for task 3 at T=41000 ms (in 19097 ms)
execution-manager  | [SCHEDULER] ⏰ T=21903 ms | T_wall=133211005.173 ms: Launching task 4 'sum4' (deadline: 41000 ms)
execution-manager  | [SCHEDULER] 🕐 Timeout armed for task 4 at T=41000 ms (in 19097 ms)
execution-manager  | [GRPC THREAD 3] Starting...
execution-manager  | [EXECUTION MANAGER] ⏱️ T1=133211005.285 ms | Sending gRPC request for task 3 'sum3'
execution-manager  | [gRPC Channel Pool] Reusing existing channel for localhost:50053
execution-manager  | [gRPC Client Async] Calling task 'sum3' at localhost:50053
execution-manager  | [gRPC Client Async] Inputs: {"total_ops": 200, "io_percentage": 50}
execution-manager  | [GRPC THREAD 4] Starting...
execution-manager  | [EXECUTION MANAGER] ⏱️ T1=133211005.722 ms | Sending gRPC request for task 4 'sum4'
execution-manager  | [gRPC Channel Pool] Reusing existing channel for localhost:50054
execution-manager  | [gRPC Client Async] Calling task 'sum4' at localhost:50054
execution-manager  | [gRPC Client Async] Inputs: {"total_ops": 200, "io_percentage": 50}
execution-manager  | [gRPC Client Async] Response #1 - Status: COMPLETED
execution-manager  | 🎉 [T=27468 ms] Task 3 'sum3' COMPLETED
execution-manager  | [EXECUTION MANAGER] ⏱️ T2=133211447.476 ms | Thread started (server measured)
execution-manager  | [EXECUTION MANAGER] ⏱️ T3=133216568.650 ms | Task completed (server measured)
execution-manager  | [EXECUTION MANAGER] ⏱️ T4=133216570.219 ms | Result received by client
execution-manager  |    [TASK EXECUTION] 5121.174 ms (T3-T2, measured in thread)
execution-manager  |    [RESULT] {"result": 0}
execution-manager  | 
execution-manager  | ╔═══════════════════════════════════════════════════════════════╗
execution-manager  | ║           END-TO-END TIMING MEASUREMENT RECAP                 ║
execution-manager  | ║                   Task 3: sum3                                 
execution-manager  | ╠═══════════════════════════════════════════════════════════════╣
execution-manager  | ║ T1 (start_request)    = 133211005.285 ms                        ║
execution-manager  | ║ T2 (end_request)      = 133211447.476 ms                        ║
execution-manager  | ║ T3 (start_result)     = 133216568.650 ms                        ║
execution-manager  | ║ T4 (end_result)       = 133216570.219 ms                        ║
execution-manager  | ╠═══════════════════════════════════════════════════════════════╣
execution-manager  | ║ METRICS:                                                      ║
execution-manager  | ║   Request Latency    =      442.190 ms  (T2 - T1)            ║
execution-manager  | ║   Task Execution     =     5121.174 ms  (T3 - T2)            ║
execution-manager  | ║   Response Latency   =        1.569 ms  (T4 - T3)            ║
execution-manager  | ║   Total End-to-End   =     5564.933 ms  (T4 - T1)            ║
execution-manager  | ║   Network Overhead   =      443.759 ms  (Req + Resp)         ║
execution-manager  | ╚═══════════════════════════════════════════════════════════════╝
execution-manager  | 
execution-manager  | [gRPC Client Async] Stream completed, received 1 responses
execution-manager  | [GRPC THREAD 3] Completed
execution-manager  | [SCHEDULER] ✅ T=27468 ms: Task 3 'sum3' completed with status 2
execution-manager  | [SCHEDULER] 🔕 Timeout disarmed for task 3
execution-manager  | [SCHEDULER] 2 tasks remaining
execution-manager  | [gRPC Client Async] Response #1 - Status: COMPLETED
execution-manager  | 🎉 [T=27474 ms] Task 2 'sum2' COMPLETED
execution-manager  | [EXECUTION MANAGER] ⏱️ T2=133209104.356 ms | Thread started (server measured)
execution-manager  | [EXECUTION MANAGER] ⏱️ T3=133216575.934 ms | Task completed (server measured)
execution-manager  | [EXECUTION MANAGER] ⏱️ T4=133216576.436 ms | Result received by client
execution-manager  |    [TASK EXECUTION] 7471.578 ms (T3-T2, measured in thread)
execution-manager  |    [RESULT] {"result": 0}
execution-manager  | 
execution-manager  | ╔═══════════════════════════════════════════════════════════════╗
execution-manager  | ║           END-TO-END TIMING MEASUREMENT RECAP                 ║
execution-manager  | ║                   Task 2: sum2                                 
execution-manager  | ╠═══════════════════════════════════════════════════════════════╣
execution-manager  | ║ T1 (start_request)    = 133209103.251 ms                        ║
execution-manager  | ║ T2 (end_request)      = 133209104.356 ms                        ║
execution-manager  | ║ T3 (start_result)     = 133216575.934 ms                        ║
execution-manager  | ║ T4 (end_result)       = 133216576.436 ms                        ║
execution-manager  | ╠═══════════════════════════════════════════════════════════════╣
execution-manager  | ║ METRICS:                                                      ║
execution-manager  | ║   Request Latency    =        1.105 ms  (T2 - T1)            ║
execution-manager  | ║   Task Execution     =     7471.578 ms  (T3 - T2)            ║
execution-manager  | ║   Response Latency   =        0.503 ms  (T4 - T3)            ║
execution-manager  | ║   Total End-to-End   =     7473.186 ms  (T4 - T1)            ║
execution-manager  | ║   Network Overhead   =        1.608 ms  (Req + Resp)         ║
execution-manager  | ╚═══════════════════════════════════════════════════════════════╝
execution-manager  | 
execution-manager  | [SCHEDULER] ✅ T=27474 ms: Task 2 'sum2' completed with status 2
execution-manager  | [SCHEDULER] 🔕 Timeout disarmed for task 2
execution-manager  | [SCHEDULER] 1 tasks remaining
execution-manager  | [gRPC Client Async] Stream completed, received 1 responses
execution-manager  | [GRPC THREAD 2] Completed
execution-manager  | [gRPC Client Async] Response #1 - Status: COMPLETED
execution-manager  | 🎉 [T=27480 ms] Task 4 'sum4' COMPLETED
execution-manager  | [EXECUTION MANAGER] ⏱️ T2=133211447.366 ms | Thread started (server measured)
execution-manager  | [EXECUTION MANAGER] ⏱️ T3=133216582.259 ms | Task completed (server measured)
execution-manager  | [EXECUTION MANAGER] ⏱️ T4=133216582.716 ms | Result received by client
execution-manager  |    [TASK EXECUTION] 5134.893 ms (T3-T2, measured in thread)
execution-manager  |    [RESULT] {"result": 0}
execution-manager  | 
execution-manager  | ╔═══════════════════════════════════════════════════════════════╗
execution-manager  | ║           END-TO-END TIMING MEASUREMENT RECAP                 ║
execution-manager  | ║                   Task 4: sum4                                 
execution-manager  | ╠═══════════════════════════════════════════════════════════════╣
execution-manager  | ║ T1 (start_request)    = 133211005.722 ms                        ║
execution-manager  | ║ T2 (end_request)      = 133211447.366 ms                        ║
execution-manager  | ║ T3 (start_result)     = 133216582.259 ms                        ║
execution-manager  | ║ T4 (end_result)       = 133216582.716 ms                        ║
execution-manager  | ╠═══════════════════════════════════════════════════════════════╣
execution-manager  | ║ METRICS:                                                      ║
execution-manager  | ║   Request Latency    =      441.643 ms  (T2 - T1)            ║
execution-manager  | ║   Task Execution     =     5134.893 ms  (T3 - T2)            ║
execution-manager  | ║   Response Latency   =        0.457 ms  (T4 - T3)            ║
execution-manager  | ║   Total End-to-End   =     5576.994 ms  (T4 - T1)            ║
execution-manager  | ║   Network Overhead   =      442.101 ms  (Req + Resp)         ║
execution-manager  | ╚═══════════════════════════════════════════════════════════════╝
execution-manager  | 
execution-manager  | [gRPC Client Async] Stream completed, received 1 responses
execution-manager  | [GRPC THREAD 4] Completed
execution-manager  | [SCHEDULER] ✅ T=27480 ms: Task 4 'sum4' completed with status 2
execution-manager  | [SCHEDULER] 🔕 Timeout disarmed for task 4
execution-manager  | [SCHEDULER] 0 tasks remaining
execution-manager  | 
execution-manager  | [SCHEDULER] 🏁 Iteration 46/50 complete!
execution-manager  | [SCHEDULER] Iteration execution time: 27480 ms
execution-manager  | 
execution-manager  | 
execution-manager  | [SCHEDULER] 🔁 ===== ITERATION 47 / 50 =====
execution-manager  | 
execution-manager  | [SCHEDULER] 🚀 Schedule started at T=0
execution-manager  | 
execution-manager  | [SCHEDULER] 🔄 Entering event loop (NO SLEEP - event-driven!)
execution-manager  | 
execution-manager  | [SCHEDULER] ⏰ T=10000 ms | T_wall=133226583.123 ms: Launching task 1 'sum1' (deadline: 30000 ms)
execution-manager  | [SCHEDULER] 🕐 Timeout armed for task 1 at T=30000 ms (in 20000 ms)
execution-manager  | [GRPC THREAD 1] Starting...
execution-manager  | [EXECUTION MANAGER] ⏱️ T1=133226583.256 ms | Sending gRPC request for task 1 'sum1'
execution-manager  | [gRPC Channel Pool] Reusing existing channel for localhost:50051
execution-manager  | [gRPC Client Async] Calling task 'sum1' at localhost:50051
execution-manager  | [gRPC Client Async] Inputs: {"total_ops": 200, "io_percentage": 50}
execution-manager  | [gRPC Client Async] Response #1 - Status: COMPLETED
execution-manager  | 🎉 [T=12485 ms] Task 1 'sum1' COMPLETED
execution-manager  | [EXECUTION MANAGER] ⏱️ T2=133226584.814 ms | Thread started (server measured)
execution-manager  | [EXECUTION MANAGER] ⏱️ T3=133229067.962 ms | Task completed (server measured)
execution-manager  | [EXECUTION MANAGER] ⏱️ T4=133229068.669 ms | Result received by client
execution-manager  |    [TASK EXECUTION] 2483.148 ms (T3-T2, measured in thread)
execution-manager  |    [RESULT] {"result": 0}
execution-manager  | 
execution-manager  | ╔═══════════════════════════════════════════════════════════════╗
execution-manager  | ║           END-TO-END TIMING MEASUREMENT RECAP                 ║
execution-manager  | ║                   Task 1: sum1                                 
execution-manager  | ╠═══════════════════════════════════════════════════════════════╣
execution-manager  | ║ T1 (start_request)    = 133226583.256 ms                        ║
execution-manager  | ║ T2 (end_request)      = 133226584.814 ms                        ║
execution-manager  | ║ T3 (start_result)     = 133229067.962 ms                        ║
execution-manager  | ║ T4 (end_result)       = 133229068.669 ms                        ║
execution-manager  | ╠═══════════════════════════════════════════════════════════════╣
execution-manager  | ║ METRICS:                                                      ║
execution-manager  | ║   Request Latency    =        1.558 ms  (T2 - T1)            ║
execution-manager  | ║   Task Execution     =     2483.148 ms  (T3 - T2)            ║
execution-manager  | ║   Response Latency   =        0.707 ms  (T4 - T3)            ║
execution-manager  | ║   Total End-to-End   =     2485.413 ms  (T4 - T1)            ║
execution-manager  | ║   Network Overhead   =        2.265 ms  (Req + Resp)         ║
execution-manager  | ╚═══════════════════════════════════════════════════════════════╝
execution-manager  | 
execution-manager  | [SCHEDULER] ✅ T=12485 ms: Task 1 'sum1' completed with status 2
execution-manager  | [SCHEDULER] 🔕 Timeout disarmed for task 1
execution-manager  | [SCHEDULER] 3 tasks remaining
execution-manager  | [gRPC Client Async] Stream completed, received 1 responses
execution-manager  | [GRPC THREAD 1] Completed
execution-manager  | [SCHEDULER] ⏰ T=20000 ms | T_wall=133236583.378 ms: Launching task 2 'sum2' (deadline: 40000 ms)
execution-manager  | [SCHEDULER] 🕐 Timeout armed for task 2 at T=40000 ms (in 20000 ms)
execution-manager  | [GRPC THREAD 2] Starting...
execution-manager  | [EXECUTION MANAGER] ⏱️ T1=133236583.511 ms | Sending gRPC request for task 2 'sum2'
execution-manager  | [gRPC Channel Pool] Reusing existing channel for localhost:50052
execution-manager  | [gRPC Client Async] Calling task 'sum2' at localhost:50052
execution-manager  | [gRPC Client Async] Inputs: {"total_ops": 200, "io_percentage": 50}
execution-manager  | [SCHEDULER] ⏰ T=21422 ms | T_wall=133238005.030 ms: Launching task 3 'sum3' (deadline: 41000 ms)
execution-manager  | [SCHEDULER] 🕐 Timeout armed for task 3 at T=41000 ms (in 19578 ms)
execution-manager  | [SCHEDULER] ⏰ T=21422 ms | T_wall=133238005.181 ms: Launching task 4 'sum4' (deadline: 41000 ms)
execution-manager  | [SCHEDULER] 🕐 Timeout armed for task 4 at T=41000 ms (in 19578 ms)
execution-manager  | [GRPC THREAD 3] Starting...
execution-manager  | [EXECUTION MANAGER] ⏱️ T1=133238005.295 ms | Sending gRPC request for task 3 'sum3'
execution-manager  | [gRPC Channel Pool] Reusing existing channel for localhost:50053
execution-manager  | [gRPC Client Async] Calling task 'sum3' at localhost:50053
execution-manager  | [gRPC Client Async] Inputs: {"total_ops": 200, "io_percentage": 50}
execution-manager  | [GRPC THREAD 4] Starting...
execution-manager  | [EXECUTION MANAGER] ⏱️ T1=133238005.789 ms | Sending gRPC request for task 4 'sum4'
execution-manager  | [gRPC Channel Pool] Reusing existing channel for localhost:50054
execution-manager  | [gRPC Client Async] Calling task 'sum4' at localhost:50054
execution-manager  | [gRPC Client Async] Inputs: {"total_ops": 200, "io_percentage": 50}
execution-manager  | [gRPC Client Async] Response #1 - Status: COMPLETED
execution-manager  | 🎉 [T=27470 ms] Task 3 'sum3' COMPLETED
execution-manager  | [EXECUTION MANAGER] ⏱️ T2=133238006.304 ms | Thread started (server measured)
execution-manager  | [EXECUTION MANAGER] ⏱️ T3=133244052.734 ms | Task completed (server measured)
execution-manager  | [EXECUTION MANAGER] ⏱️ T4=133244053.513 ms | Result received by client
execution-manager  |    [TASK EXECUTION] 6046.430 ms (T3-T2, measured in thread)
execution-manager  |    [RESULT] {"result": 0}
execution-manager  | 
execution-manager  | ╔═══════════════════════════════════════════════════════════════╗
execution-manager  | ║           END-TO-END TIMING MEASUREMENT RECAP                 ║
execution-manager  | ║                   Task 3: sum3                                 
execution-manager  | ╠═══════════════════════════════════════════════════════════════╣
execution-manager  | ║ T1 (start_request)    = 133238005.295 ms                        ║
execution-manager  | ║ T2 (end_request)      = 133238006.304 ms                        ║
execution-manager  | ║ T3 (start_result)     = 133244052.734 ms                        ║
execution-manager  | ║ T4 (end_result)       = 133244053.513 ms                        ║
execution-manager  | ╠═══════════════════════════════════════════════════════════════╣
execution-manager  | ║ METRICS:                                                      ║
execution-manager  | ║   Request Latency    =        1.009 ms  (T2 - T1)            ║
execution-manager  | ║   Task Execution     =     6046.430 ms  (T3 - T2)            ║
execution-manager  | ║   Response Latency   =        0.779 ms  (T4 - T3)            ║
execution-manager  | ║   Total End-to-End   =     6048.218 ms  (T4 - T1)            ║
execution-manager  | ║   Network Overhead   =        1.788 ms  (Req + Resp)         ║
execution-manager  | ╚═══════════════════════════════════════════════════════════════╝
execution-manager  | 
execution-manager  | [SCHEDULER] ✅ T=27470 ms: Task 3 'sum3' completed with status 2
execution-manager  | [SCHEDULER] 🔕 Timeout disarmed for task 3
execution-manager  | [SCHEDULER] 2 tasks remaining
execution-manager  | [gRPC Client Async] Stream completed, received 1 responses
execution-manager  | [GRPC THREAD 3] Completed
execution-manager  | [gRPC Client Async] Response #1 - Status: COMPLETED
execution-manager  | 🎉 [T=27479 ms] Task 4 'sum4' COMPLETED
execution-manager  | [EXECUTION MANAGER] ⏱️ T2=133240397.429 ms | Thread started (server measured)
execution-manager  | [EXECUTION MANAGER] ⏱️ T3=133244061.919 ms | Task completed (server measured)
execution-manager  | [EXECUTION MANAGER] ⏱️ T4=133244062.973 ms | Result received by client
execution-manager  |    [TASK EXECUTION] 3664.491 ms (T3-T2, measured in thread)
execution-manager  |    [RESULT] {"result": 0}
execution-manager  | 
execution-manager  | ╔═══════════════════════════════════════════════════════════════╗
execution-manager  | ║           END-TO-END TIMING MEASUREMENT RECAP                 ║
execution-manager  | ║                   Task 4: sum4                                 
execution-manager  | ╠═══════════════════════════════════════════════════════════════╣
execution-manager  | ║ T1 (start_request)    = 133238005.789 ms                        ║
execution-manager  | ║ T2 (end_request)      = 133240397.429 ms                        ║
execution-manager  | ║ T3 (start_result)     = 133244061.919 ms                        ║
execution-manager  | ║ T4 (end_result)       = 133244062.973 ms                        ║
execution-manager  | ╠═══════════════════════════════════════════════════════════════╣
execution-manager  | ║ METRICS:                                                      ║
execution-manager  | ║   Request Latency    =     2391.640 ms  (T2 - T1)            ║
execution-manager  | ║   Task Execution     =     3664.491 ms  (T3 - T2)            ║
execution-manager  | ║   Response Latency   =        1.054 ms  (T4 - T3)            ║
execution-manager  | ║   Total End-to-End   =     6057.185 ms  (T4 - T1)            ║
execution-manager  | ║   Network Overhead   =     2392.694 ms  (Req + Resp)         ║
execution-manager  | ╚═══════════════════════════════════════════════════════════════╝
execution-manager  | 
execution-manager  | [gRPC Client Async] Stream completed, received 1 responses
execution-manager  | [GRPC THREAD 4] Completed
execution-manager  | [SCHEDULER] ✅ T=27480 ms: Task 4 'sum4' completed with status 2
execution-manager  | [SCHEDULER] 🔕 Timeout disarmed for task 4
execution-manager  | [SCHEDULER] 1 tasks remaining
execution-manager  | [gRPC Client Async] Response #1 - Status: COMPLETED
execution-manager  | 🎉 [T=27483 ms] Task 2 'sum2' COMPLETED
execution-manager  | [EXECUTION MANAGER] ⏱️ T2=133236585.485 ms | Thread started (server measured)
execution-manager  | [EXECUTION MANAGER] ⏱️ T3=133244065.841 ms | Task completed (server measured)
execution-manager  | [EXECUTION MANAGER] ⏱️ T4=133244066.407 ms | Result received by client
execution-manager  |    [TASK EXECUTION] 7480.356 ms (T3-T2, measured in thread)
execution-manager  |    [RESULT] {"result": 0}
execution-manager  | 
execution-manager  | ╔═══════════════════════════════════════════════════════════════╗
execution-manager  | ║           END-TO-END TIMING MEASUREMENT RECAP                 ║
execution-manager  | ║                   Task 2: sum2                                 
execution-manager  | ╠═══════════════════════════════════════════════════════════════╣
execution-manager  | ║ T1 (start_request)    = 133236583.511 ms                        ║
execution-manager  | ║ T2 (end_request)      = 133236585.485 ms                        ║
execution-manager  | ║ T3 (start_result)     = 133244065.841 ms                        ║
execution-manager  | ║ T4 (end_result)       = 133244066.407 ms                        ║
execution-manager  | ╠═══════════════════════════════════════════════════════════════╣
execution-manager  | ║ METRICS:                                                      ║
execution-manager  | ║   Request Latency    =        1.974 ms  (T2 - T1)            ║
execution-manager  | ║   Task Execution     =     7480.356 ms  (T3 - T2)            ║
execution-manager  | ║   Response Latency   =        0.566 ms  (T4 - T3)            ║
execution-manager  | ║   Total End-to-End   =     7482.896 ms  (T4 - T1)            ║
execution-manager  | ║   Network Overhead   =        2.540 ms  (Req + Resp)         ║
execution-manager  | ╚═══════════════════════════════════════════════════════════════╝
execution-manager  | 
execution-manager  | [gRPC Client Async] Stream completed, received 1 responses
execution-manager  | [GRPC THREAD 2] Completed
execution-manager  | [SCHEDULER] ✅ T=27483 ms: Task 2 'sum2' completed with status 2
execution-manager  | [SCHEDULER] 🔕 Timeout disarmed for task 2
execution-manager  | [SCHEDULER] 0 tasks remaining
execution-manager  | 
execution-manager  | [SCHEDULER] 🏁 Iteration 47/50 complete!
execution-manager  | [SCHEDULER] Iteration execution time: 27483 ms
execution-manager  | 
execution-manager  | 
execution-manager  | [SCHEDULER] 🔁 ===== ITERATION 48 / 50 =====
execution-manager  | 
execution-manager  | [SCHEDULER] 🚀 Schedule started at T=0
execution-manager  | 
execution-manager  | [SCHEDULER] 🔄 Entering event loop (NO SLEEP - event-driven!)
execution-manager  | 
execution-manager  | [SCHEDULER] ⏰ T=10000 ms | T_wall=133254066.862 ms: Launching task 1 'sum1' (deadline: 30000 ms)
execution-manager  | [SCHEDULER] 🕐 Timeout armed for task 1 at T=30000 ms (in 20000 ms)
execution-manager  | [GRPC THREAD 1] Starting...
execution-manager  | [EXECUTION MANAGER] ⏱️ T1=133254067.012 ms | Sending gRPC request for task 1 'sum1'
execution-manager  | [gRPC Channel Pool] Reusing existing channel for localhost:50051
execution-manager  | [gRPC Client Async] Calling task 'sum1' at localhost:50051
execution-manager  | [gRPC Client Async] Inputs: {"total_ops": 200, "io_percentage": 50}
execution-manager  | [gRPC Client Async] Response #1 - Status: COMPLETED
execution-manager  | 🎉 [T=12478 ms] Task 1 'sum1' COMPLETED
execution-manager  | [EXECUTION MANAGER] ⏱️ T2=133254067.883 ms | Thread started (server measured)
execution-manager  | [EXECUTION MANAGER] ⏱️ T3=133256543.526 ms | Task completed (server measured)
execution-manager  | [EXECUTION MANAGER] ⏱️ T4=133256544.234 ms | Result received by client
execution-manager  |    [TASK EXECUTION] 2475.643 ms (T3-T2, measured in thread)
execution-manager  |    [RESULT] {"result": 0}
execution-manager  | 
execution-manager  | ╔═══════════════════════════════════════════════════════════════╗
execution-manager  | ║           END-TO-END TIMING MEASUREMENT RECAP                 ║
execution-manager  | ║                   Task 1: sum1                                 
execution-manager  | ╠═══════════════════════════════════════════════════════════════╣
execution-manager  | ║ T1 (start_request)    = 133254067.012 ms                        ║
execution-manager  | ║ T2 (end_request)      = 133254067.883 ms                        ║
execution-manager  | ║ T3 (start_result)     = 133256543.526 ms                        ║
execution-manager  | ║ T4 (end_result)       = 133256544.234 ms                        ║
execution-manager  | ╠═══════════════════════════════════════════════════════════════╣
execution-manager  | ║ METRICS:                                                      ║
execution-manager  | ║   Request Latency    =        0.871 ms  (T2 - T1)            ║
execution-manager  | ║   Task Execution     =     2475.643 ms  (T3 - T2)            ║
execution-manager  | ║   Response Latency   =        0.708 ms  (T4 - T3)            ║
execution-manager  | ║   Total End-to-End   =     2477.222 ms  (T4 - T1)            ║
execution-manager  | ║   Network Overhead   =        1.578 ms  (Req + Resp)         ║
execution-manager  | ╚═══════════════════════════════════════════════════════════════╝
execution-manager  | 
execution-manager  | [gRPC Client Async] Stream completed, received 1 responses
execution-manager  | [GRPC THREAD 1] Completed
execution-manager  | [SCHEDULER] ✅ T=12478 ms: Task 1 'sum1' completed with status 2
execution-manager  | [SCHEDULER] 🔕 Timeout disarmed for task 1
execution-manager  | [SCHEDULER] 3 tasks remaining
execution-manager  | [SCHEDULER] ⏰ T=20000 ms | T_wall=133264066.893 ms: Launching task 2 'sum2' (deadline: 40000 ms)
execution-manager  | [SCHEDULER] 🕐 Timeout armed for task 2 at T=40000 ms (in 20000 ms)
execution-manager  | [GRPC THREAD 2] Starting...
execution-manager  | [EXECUTION MANAGER] ⏱️ T1=133264067.046 ms | Sending gRPC request for task 2 'sum2'
execution-manager  | [gRPC Channel Pool] Reusing existing channel for localhost:50052
execution-manager  | [gRPC Client Async] Calling task 'sum2' at localhost:50052
execution-manager  | [gRPC Client Async] Inputs: {"total_ops": 200, "io_percentage": 50}
execution-manager  | [SCHEDULER] ⏰ T=21939 ms | T_wall=133266005.030 ms: Launching task 3 'sum3' (deadline: 41000 ms)
execution-manager  | [SCHEDULER] 🕐 Timeout armed for task 3 at T=41000 ms (in 19061 ms)
execution-manager  | [SCHEDULER] ⏰ T=21939 ms | T_wall=133266005.171 ms: Launching task 4 'sum4' (deadline: 41000 ms)
execution-manager  | [SCHEDULER] 🕐 Timeout armed for task 4 at T=41000 ms (in 19061 ms)
execution-manager  | [GRPC THREAD 3] Starting...
execution-manager  | [EXECUTION MANAGER] ⏱️ T1=133266005.285 ms | Sending gRPC request for task 3 'sum3'
execution-manager  | [gRPC Channel Pool] Reusing existing channel for localhost:50053
execution-manager  | [gRPC Client Async] Calling task 'sum3' at localhost:50053
execution-manager  | [gRPC Client Async] Inputs: {"total_ops": 200, "io_percentage": 50}
execution-manager  | [GRPC THREAD 4] Starting...
execution-manager  | [EXECUTION MANAGER] ⏱️ T1=133266005.791 ms | Sending gRPC request for task 4 'sum4'
execution-manager  | [gRPC Channel Pool] Reusing existing channel for localhost:50054
execution-manager  | [gRPC Client Async] Calling task 'sum4' at localhost:50054
execution-manager  | [gRPC Client Async] Inputs: {"total_ops": 200, "io_percentage": 50}
execution-manager  | [gRPC Client Async] Response #1 - Status: COMPLETED
execution-manager  | 🎉 [T=27468 ms] Task 3 'sum3' COMPLETED
execution-manager  | [EXECUTION MANAGER] ⏱️ T2=133266006.382 ms | Thread started (server measured)
execution-manager  | [EXECUTION MANAGER] ⏱️ T3=133271533.549 ms | Task completed (server measured)
execution-manager  | [EXECUTION MANAGER] ⏱️ T4=133271534.618 ms | Result received by client
execution-manager  |    [TASK EXECUTION] 5527.167 ms (T3-T2, measured in thread)
execution-manager  |    [RESULT] {"result": 0}
execution-manager  | 
execution-manager  | ╔═══════════════════════════════════════════════════════════════╗
execution-manager  | ║           END-TO-END TIMING MEASUREMENT RECAP                 ║
execution-manager  | ║                   Task 3: sum3                                 
execution-manager  | ╠═══════════════════════════════════════════════════════════════╣
execution-manager  | ║ T1 (start_request)    = 133266005.285 ms                        ║
execution-manager  | ║ T2 (end_request)      = 133266006.382 ms                        ║
execution-manager  | ║ T3 (start_result)     = 133271533.549 ms                        ║
execution-manager  | ║ T4 (end_result)       = 133271534.618 ms                        ║
execution-manager  | ╠═══════════════════════════════════════════════════════════════╣
execution-manager  | ║ METRICS:                                                      ║
execution-manager  | ║   Request Latency    =        1.097 ms  (T2 - T1)            ║
execution-manager  | ║   Task Execution     =     5527.167 ms  (T3 - T2)            ║
execution-manager  | ║   Response Latency   =        1.069 ms  (T4 - T3)            ║
execution-manager  | ║   Total End-to-End   =     5529.333 ms  (T4 - T1)            ║
execution-manager  | ║   Network Overhead   =        2.166 ms  (Req + Resp)         ║
execution-manager  | ╚═══════════════════════════════════════════════════════════════╝
execution-manager  | 
execution-manager  | [SCHEDULER] ✅ T=27468 ms: Task 3 'sum3' completed with status 2
execution-manager  | [SCHEDULER] 🔕 Timeout disarmed for task 3
execution-manager  | [SCHEDULER] 2 tasks remaining
execution-manager  | [gRPC Client Async] Stream completed, received 1 responses
execution-manager  | [GRPC THREAD 3] Completed
execution-manager  | [gRPC Client Async] Response #1 - Status: COMPLETED
execution-manager  | 🎉 [T=27474 ms] Task 4 'sum4' COMPLETED
execution-manager  | [EXECUTION MANAGER] ⏱️ T2=133268398.406 ms | Thread started (server measured)
execution-manager  | [EXECUTION MANAGER] ⏱️ T3=133271540.168 ms | Task completed (server measured)
execution-manager  | [EXECUTION MANAGER] ⏱️ T4=133271540.789 ms | Result received by client
execution-manager  |    [TASK EXECUTION] 3141.763 ms (T3-T2, measured in thread)
execution-manager  |    [RESULT] {"result": 0}
execution-manager  | 
execution-manager  | ╔═══════════════════════════════════════════════════════════════╗
execution-manager  | ║           END-TO-END TIMING MEASUREMENT RECAP                 ║
execution-manager  | ║                   Task 4: sum4                                 
execution-manager  | ╠═══════════════════════════════════════════════════════════════╣
execution-manager  | ║ T1 (start_request)    = 133266005.791 ms                        ║
execution-manager  | ║ T2 (end_request)      = 133268398.406 ms                        ║
execution-manager  | ║ T3 (start_result)     = 133271540.168 ms                        ║
execution-manager  | ║ T4 (end_result)       = 133271540.789 ms                        ║
execution-manager  | ╠═══════════════════════════════════════════════════════════════╣
execution-manager  | ║ METRICS:                                                      ║
execution-manager  | ║   Request Latency    =     2392.615 ms  (T2 - T1)            ║
execution-manager  | ║   Task Execution     =     3141.763 ms  (T3 - T2)            ║
execution-manager  | ║   Response Latency   =        0.620 ms  (T4 - T3)            ║
execution-manager  | ║   Total End-to-End   =     5534.998 ms  (T4 - T1)            ║
execution-manager  | ║   Network Overhead   =     2393.235 ms  (Req + Resp)         ║
execution-manager  | ╚═══════════════════════════════════════════════════════════════╝
execution-manager  | 
execution-manager  | [SCHEDULER] ✅ T=27474 ms: Task 4 'sum4' completed with status 2
execution-manager  | [SCHEDULER] 🔕 Timeout disarmed for task 4
execution-manager  | [SCHEDULER] 1 tasks remaining
execution-manager  | [gRPC Client Async] Stream completed, received 1 responses
execution-manager  | [GRPC THREAD 4] Completed
execution-manager  | [gRPC Client Async] Response #1 - Status: COMPLETED
execution-manager  | 🎉 [T=27478 ms] Task 2 'sum2' COMPLETED
execution-manager  | [EXECUTION MANAGER] ⏱️ T2=133264068.068 ms | Thread started (server measured)
execution-manager  | [EXECUTION MANAGER] ⏱️ T3=133271543.591 ms | Task completed (server measured)
execution-manager  | [EXECUTION MANAGER] ⏱️ T4=133271544.134 ms | Result received by client
execution-manager  |    [TASK EXECUTION] 7475.523 ms (T3-T2, measured in thread)
execution-manager  |    [RESULT] {"result": 0}
execution-manager  | 
execution-manager  | ╔═══════════════════════════════════════════════════════════════╗
execution-manager  | ║           END-TO-END TIMING MEASUREMENT RECAP                 ║
execution-manager  | ║                   Task 2: sum2                                 
execution-manager  | ╠═══════════════════════════════════════════════════════════════╣
execution-manager  | ║ T1 (start_request)    = 133264067.046 ms                        ║
execution-manager  | ║ T2 (end_request)      = 133264068.068 ms                        ║
execution-manager  | ║ T3 (start_result)     = 133271543.591 ms                        ║
execution-manager  | ║ T4 (end_result)       = 133271544.134 ms                        ║
execution-manager  | ╠═══════════════════════════════════════════════════════════════╣
execution-manager  | ║ METRICS:                                                      ║
execution-manager  | ║   Request Latency    =        1.021 ms  (T2 - T1)            ║
execution-manager  | ║   Task Execution     =     7475.523 ms  (T3 - T2)            ║
execution-manager  | ║   Response Latency   =        0.544 ms  (T4 - T3)            ║
execution-manager  | ║   Total End-to-End   =     7477.088 ms  (T4 - T1)            ║
execution-manager  | ║   Network Overhead   =        1.565 ms  (Req + Resp)         ║
execution-manager  | ╚═══════════════════════════════════════════════════════════════╝
execution-manager  | 
execution-manager  | [SCHEDULER] ✅ T=27478 ms: Task 2 'sum2' completed with status 2
execution-manager  | [SCHEDULER] 🔕 Timeout disarmed for task 2
execution-manager  | [SCHEDULER] 0 tasks remaining
execution-manager  | 
execution-manager  | [SCHEDULER] 🏁 Iteration 48/50 complete!
execution-manager  | [SCHEDULER] Iteration execution time: 27478 ms
execution-manager  | 
execution-manager  | 
execution-manager  | [SCHEDULER] 🔁 ===== ITERATION 49 / 50 =====
execution-manager  | 
execution-manager  | [SCHEDULER] 🚀 Schedule started at T=0
execution-manager  | 
execution-manager  | [SCHEDULER] 🔄 Entering event loop (NO SLEEP - event-driven!)
execution-manager  | 
execution-manager  | [gRPC Client Async] Stream completed, received 1 responses
execution-manager  | [GRPC THREAD 2] Completed
execution-manager  | [SCHEDULER] ⏰ T=10000 ms | T_wall=133281544.394 ms: Launching task 1 'sum1' (deadline: 30000 ms)
execution-manager  | [SCHEDULER] 🕐 Timeout armed for task 1 at T=30000 ms (in 20000 ms)
execution-manager  | [GRPC THREAD 1] Starting...
execution-manager  | [EXECUTION MANAGER] ⏱️ T1=133281544.527 ms | Sending gRPC request for task 1 'sum1'
execution-manager  | [gRPC Channel Pool] Reusing existing channel for localhost:50051
execution-manager  | [gRPC Client Async] Calling task 'sum1' at localhost:50051
execution-manager  | [gRPC Client Async] Inputs: {"total_ops": 200, "io_percentage": 50}
execution-manager  | [gRPC Client Async] Response #1 - Status: COMPLETED
execution-manager  | 🎉 [T=12486 ms] Task 1 'sum1' COMPLETED
execution-manager  | [EXECUTION MANAGER] ⏱️ T2=133281545.447 ms | Thread started (server measured)
execution-manager  | [EXECUTION MANAGER] ⏱️ T3=133284029.361 ms | Task completed (server measured)
execution-manager  | [EXECUTION MANAGER] ⏱️ T4=133284030.678 ms | Result received by client
execution-manager  |    [TASK EXECUTION] 2483.914 ms (T3-T2, measured in thread)
execution-manager  |    [RESULT] {"result": 0}
execution-manager  | 
execution-manager  | ╔═══════════════════════════════════════════════════════════════╗
execution-manager  | ║           END-TO-END TIMING MEASUREMENT RECAP                 ║
execution-manager  | ║                   Task 1: sum1                                 
execution-manager  | ╠═══════════════════════════════════════════════════════════════╣
execution-manager  | ║ T1 (start_request)    = 133281544.527 ms                        ║
execution-manager  | ║ T2 (end_request)      = 133281545.447 ms                        ║
execution-manager  | ║ T3 (start_result)     = 133284029.361 ms                        ║
execution-manager  | ║ T4 (end_result)       = 133284030.678 ms                        ║
execution-manager  | ╠═══════════════════════════════════════════════════════════════╣
execution-manager  | ║ METRICS:                                                      ║
execution-manager  | ║   Request Latency    =        0.920 ms  (T2 - T1)            ║
execution-manager  | ║   Task Execution     =     2483.914 ms  (T3 - T2)            ║
execution-manager  | ║   Response Latency   =        1.316 ms  (T4 - T3)            ║
execution-manager  | ║   Total End-to-End   =     2486.151 ms  (T4 - T1)            ║
execution-manager  | ║   Network Overhead   =        2.237 ms  (Req + Resp)         ║
execution-manager  | ╚═══════════════════════════════════════════════════════════════╝
execution-manager  | 
execution-manager  | [gRPC Client Async] Stream completed, received 1 responses
execution-manager  | [GRPC THREAD 1] Completed
execution-manager  | [SCHEDULER] ✅ T=12486 ms: Task 1 'sum1' completed with status 2
execution-manager  | [SCHEDULER] 🔕 Timeout disarmed for task 1
execution-manager  | [SCHEDULER] 3 tasks remaining
execution-manager  | [SCHEDULER] ⏰ T=20000 ms | T_wall=133291544.420 ms: Launching task 2 'sum2' (deadline: 40000 ms)
execution-manager  | [SCHEDULER] 🕐 Timeout armed for task 2 at T=40000 ms (in 20000 ms)
execution-manager  | [GRPC THREAD 2] Starting...
execution-manager  | [EXECUTION MANAGER] ⏱️ T1=133291544.585 ms | Sending gRPC request for task 2 'sum2'
execution-manager  | [gRPC Channel Pool] Reusing existing channel for localhost:50052
execution-manager  | [gRPC Client Async] Calling task 'sum2' at localhost:50052
execution-manager  | [gRPC Client Async] Inputs: {"total_ops": 200, "io_percentage": 50}
execution-manager  | [SCHEDULER] ⏰ T=22344 ms | T_wall=133293888.934 ms: Launching task 3 'sum3' (deadline: 41000 ms)
execution-manager  | [SCHEDULER] 🕐 Timeout armed for task 3 at T=41000 ms (in 18655 ms)
execution-manager  | [GRPC THREAD 3] Starting...
execution-manager  | [EXECUTION MANAGER] ⏱️ T1=133293889.106 ms | Sending gRPC request for task 3 'sum3'
execution-manager  | [gRPC Channel Pool] Reusing existing channel for localhost:50053
execution-manager  | [gRPC Client Async] Calling task 'sum3' at localhost:50053
execution-manager  | [gRPC Client Async] Inputs: {"total_ops": 200, "io_percentage": 50}
execution-manager  | [SCHEDULER] ⏰ T=22345 ms | T_wall=133293889.581 ms: Launching task 4 'sum4' (deadline: 41000 ms)
execution-manager  | [SCHEDULER] 🕐 Timeout armed for task 4 at T=41000 ms (in 18655 ms)
execution-manager  | [GRPC THREAD 4] Starting...
execution-manager  | [EXECUTION MANAGER] ⏱️ T1=133293889.955 ms | Sending gRPC request for task 4 'sum4'
execution-manager  | [gRPC Channel Pool] Reusing existing channel for localhost:50054
execution-manager  | [gRPC Client Async] Calling task 'sum4' at localhost:50054
execution-manager  | [gRPC Client Async] Inputs: {"total_ops": 200, "io_percentage": 50}
execution-manager  | [gRPC Client Async] Response #1 - Status: COMPLETED
execution-manager  | 🎉 [T=27474 ms] Task 3 'sum3' COMPLETED
execution-manager  | [EXECUTION MANAGER] ⏱️ T2=133293890.518 ms | Thread started (server measured)
execution-manager  | [EXECUTION MANAGER] ⏱️ T3=133299018.168 ms | Task completed (server measured)
execution-manager  | [EXECUTION MANAGER] ⏱️ T4=133299018.993 ms | Result received by client
execution-manager  |    [TASK EXECUTION] 5127.650 ms (T3-T2, measured in thread)
execution-manager  |    [RESULT] {"result": 0}
execution-manager  | 
execution-manager  | ╔═══════════════════════════════════════════════════════════════╗
execution-manager  | ║           END-TO-END TIMING MEASUREMENT RECAP                 ║
execution-manager  | ║                   Task 3: sum3                                 
execution-manager  | ╠═══════════════════════════════════════════════════════════════╣
execution-manager  | ║ T1 (start_request)    = 133293889.106 ms                        ║
execution-manager  | ║ T2 (end_request)      = 133293890.518 ms                        ║
execution-manager  | ║ T3 (start_result)     = 133299018.168 ms                        ║
execution-manager  | ║ T4 (end_result)       = 133299018.993 ms                        ║
execution-manager  | ╠═══════════════════════════════════════════════════════════════╣
execution-manager  | ║ METRICS:                                                      ║
execution-manager  | ║   Request Latency    =        1.413 ms  (T2 - T1)            ║
execution-manager  | ║   Task Execution     =     5127.650 ms  (T3 - T2)            ║
execution-manager  | ║   Response Latency   =        0.826 ms  (T4 - T3)            ║
execution-manager  | ║   Total End-to-End   =     5129.888 ms  (T4 - T1)            ║
execution-manager  | ║   Network Overhead   =        2.238 ms  (Req + Resp)         ║
execution-manager  | ╚═══════════════════════════════════════════════════════════════╝
execution-manager  | 
execution-manager  | [SCHEDULER] ✅ T=27475 ms: Task 3 'sum3' completed with status 2
execution-manager  | [SCHEDULER] 🔕 Timeout disarmed for task 3
execution-manager  | [SCHEDULER] 2 tasks remaining
execution-manager  | [gRPC Client Async] Stream completed, received 1 responses
execution-manager  | [GRPC THREAD 3] Completed
execution-manager  | [gRPC Client Async] Response #1 - Status: COMPLETED
execution-manager  | 🎉 [T=27481 ms] Task 2 'sum2' COMPLETED
execution-manager  | [EXECUTION MANAGER] ⏱️ T2=133291546.825 ms | Thread started (server measured)
execution-manager  | [EXECUTION MANAGER] ⏱️ T3=133299024.916 ms | Task completed (server measured)
execution-manager  | [EXECUTION MANAGER] ⏱️ T4=133299025.459 ms | Result received by client
execution-manager  |    [TASK EXECUTION] 7478.091 ms (T3-T2, measured in thread)
execution-manager  |    [RESULT] {"result": 0}
execution-manager  | 
execution-manager  | ╔═══════════════════════════════════════════════════════════════╗
execution-manager  | ║           END-TO-END TIMING MEASUREMENT RECAP                 ║
execution-manager  | ║                   Task 2: sum2                                 
execution-manager  | ╠═══════════════════════════════════════════════════════════════╣
execution-manager  | ║ T1 (start_request)    = 133291544.585 ms                        ║
execution-manager  | ║ T2 (end_request)      = 133291546.825 ms                        ║
execution-manager  | ║ T3 (start_result)     = 133299024.916 ms                        ║
execution-manager  | ║ T4 (end_result)       = 133299025.459 ms                        ║
execution-manager  | ╠═══════════════════════════════════════════════════════════════╣
execution-manager  | ║ METRICS:                                                      ║
execution-manager  | ║   Request Latency    =        2.241 ms  (T2 - T1)            ║
execution-manager  | ║   Task Execution     =     7478.091 ms  (T3 - T2)            ║
execution-manager  | ║   Response Latency   =        0.543 ms  (T4 - T3)            ║
execution-manager  | ║   Total End-to-End   =     7480.874 ms  (T4 - T1)            ║
execution-manager  | ║   Network Overhead   =        2.784 ms  (Req + Resp)         ║
execution-manager  | ╚═══════════════════════════════════════════════════════════════╝
execution-manager  | 
execution-manager  | [SCHEDULER] ✅ T=27481 ms: Task 2 'sum2' completed with status 2
execution-manager  | [SCHEDULER] 🔕 Timeout disarmed for task 2
execution-manager  | [SCHEDULER] 1 tasks remaining
execution-manager  | [gRPC Client Async] Stream completed, received 1 responses
execution-manager  | [GRPC THREAD 2] Completed
execution-manager  | [gRPC Client Async] Response #1 - Status: COMPLETED
execution-manager  | 🎉 [T=27485 ms] Task 4 'sum4' COMPLETED
execution-manager  | [EXECUTION MANAGER] ⏱️ T2=133296330.991 ms | Thread started (server measured)
execution-manager  | [EXECUTION MANAGER] ⏱️ T3=133299028.993 ms | Task completed (server measured)
execution-manager  | [EXECUTION MANAGER] ⏱️ T4=133299029.643 ms | Result received by client
execution-manager  |    [TASK EXECUTION] 2698.002 ms (T3-T2, measured in thread)
execution-manager  |    [RESULT] {"result": 0}
execution-manager  | 
execution-manager  | ╔═══════════════════════════════════════════════════════════════╗
execution-manager  | ║           END-TO-END TIMING MEASUREMENT RECAP                 ║
execution-manager  | ║                   Task 4: sum4                                 
execution-manager  | ╠═══════════════════════════════════════════════════════════════╣
execution-manager  | ║ T1 (start_request)    = 133293889.955 ms                        ║
execution-manager  | ║ T2 (end_request)      = 133296330.991 ms                        ║
execution-manager  | ║ T3 (start_result)     = 133299028.993 ms                        ║
execution-manager  | ║ T4 (end_result)       = 133299029.643 ms                        ║
execution-manager  | ╠═══════════════════════════════════════════════════════════════╣
execution-manager  | ║ METRICS:                                                      ║
execution-manager  | ║   Request Latency    =     2441.036 ms  (T2 - T1)            ║
execution-manager  | ║   Task Execution     =     2698.002 ms  (T3 - T2)            ║
execution-manager  | ║   Response Latency   =        0.650 ms  (T4 - T3)            ║
execution-manager  | ║   Total End-to-End   =     5139.689 ms  (T4 - T1)            ║
execution-manager  | ║   Network Overhead   =     2441.686 ms  (Req + Resp)         ║
execution-manager  | ╚═══════════════════════════════════════════════════════════════╝
execution-manager  | 
execution-manager  | [gRPC Client Async] Stream completed, received 1 responses
execution-manager  | [GRPC THREAD 4] Completed
execution-manager  | [SCHEDULER] ✅ T=27485 ms: Task 4 'sum4' completed with status 2
execution-manager  | [SCHEDULER] 🔕 Timeout disarmed for task 4
execution-manager  | [SCHEDULER] 0 tasks remaining
execution-manager  | 
execution-manager  | [SCHEDULER] 🏁 Iteration 49/50 complete!
execution-manager  | [SCHEDULER] Iteration execution time: 27485 ms
execution-manager  | 
execution-manager  | 
execution-manager  | [SCHEDULER] 🔁 ===== ITERATION 50 / 50 =====
execution-manager  | 
execution-manager  | [SCHEDULER] 🚀 Schedule started at T=0
execution-manager  | 
execution-manager  | [SCHEDULER] 🔄 Entering event loop (NO SLEEP - event-driven!)
execution-manager  | 
execution-manager  | [SCHEDULER] ⏰ T=10001 ms | T_wall=133309030.065 ms: Launching task 1 'sum1' (deadline: 30000 ms)
execution-manager  | [SCHEDULER] 🕐 Timeout armed for task 1 at T=30000 ms (in 19999 ms)
execution-manager  | [GRPC THREAD 1] Starting...
execution-manager  | [EXECUTION MANAGER] ⏱️ T1=133309030.244 ms | Sending gRPC request for task 1 'sum1'
execution-manager  | [gRPC Channel Pool] Reusing existing channel for localhost:50051
execution-manager  | [gRPC Client Async] Calling task 'sum1' at localhost:50051
execution-manager  | [gRPC Client Async] Inputs: {"total_ops": 200, "io_percentage": 50}
execution-manager  | [gRPC Client Async] Response #1 - Status: COMPLETED
execution-manager  | 🎉 [T=12511 ms] Task 1 'sum1' COMPLETED
execution-manager  | [EXECUTION MANAGER] ⏱️ T2=133309031.140 ms | Thread started (server measured)
execution-manager  | [EXECUTION MANAGER] ⏱️ T3=133311540.033 ms | Task completed (server measured)
execution-manager  | [EXECUTION MANAGER] ⏱️ T4=133311540.732 ms | Result received by client
execution-manager  |    [TASK EXECUTION] 2508.893 ms (T3-T2, measured in thread)
execution-manager  |    [RESULT] {"result": 0}
execution-manager  | 
execution-manager  | ╔═══════════════════════════════════════════════════════════════╗
execution-manager  | ║           END-TO-END TIMING MEASUREMENT RECAP                 ║
execution-manager  | ║                   Task 1: sum1                                 
execution-manager  | ╠═══════════════════════════════════════════════════════════════╣
execution-manager  | ║ T1 (start_request)    = 133309030.244 ms                        ║
execution-manager  | ║ T2 (end_request)      = 133309031.140 ms                        ║
execution-manager  | ║ T3 (start_result)     = 133311540.033 ms                        ║
execution-manager  | ║ T4 (end_result)       = 133311540.732 ms                        ║
execution-manager  | ╠═══════════════════════════════════════════════════════════════╣
execution-manager  | ║ METRICS:                                                      ║
execution-manager  | ║   Request Latency    =        0.896 ms  (T2 - T1)            ║
execution-manager  | ║   Task Execution     =     2508.893 ms  (T3 - T2)            ║
execution-manager  | ║   Response Latency   =        0.699 ms  (T4 - T3)            ║
execution-manager  | ║   Total End-to-End   =     2510.488 ms  (T4 - T1)            ║
execution-manager  | ║   Network Overhead   =        1.595 ms  (Req + Resp)         ║
execution-manager  | ╚═══════════════════════════════════════════════════════════════╝
execution-manager  | 
execution-manager  | [gRPC Client Async] Stream completed, received 1 responses
execution-manager  | [GRPC THREAD 1] Completed
execution-manager  | [SCHEDULER] ✅ T=12512 ms: Task 1 'sum1' completed with status 2
execution-manager  | [SCHEDULER] 🔕 Timeout disarmed for task 1
execution-manager  | [SCHEDULER] 3 tasks remaining
execution-manager  | [SCHEDULER] ⏰ T=20001 ms | T_wall=133319030.338 ms: Launching task 2 'sum2' (deadline: 40000 ms)
execution-manager  | [SCHEDULER] 🕐 Timeout armed for task 2 at T=40000 ms (in 19999 ms)
execution-manager  | [GRPC THREAD 2] Starting...
execution-manager  | [EXECUTION MANAGER] ⏱️ T1=133319030.489 ms | Sending gRPC request for task 2 'sum2'
execution-manager  | [gRPC Channel Pool] Reusing existing channel for localhost:50052
execution-manager  | [gRPC Client Async] Calling task 'sum2' at localhost:50052
execution-manager  | [gRPC Client Async] Inputs: {"total_ops": 200, "io_percentage": 50}
execution-manager  | [SCHEDULER] ⏰ T=21976 ms | T_wall=133321005.029 ms: Launching task 3 'sum3' (deadline: 41000 ms)
execution-manager  | [SCHEDULER] 🕐 Timeout armed for task 3 at T=41000 ms (in 19024 ms)
execution-manager  | [SCHEDULER] ⏰ T=21976 ms | T_wall=133321005.175 ms: Launching task 4 'sum4' (deadline: 41000 ms)
execution-manager  | [SCHEDULER] 🕐 Timeout armed for task 4 at T=41000 ms (in 19024 ms)
execution-manager  | [GRPC THREAD 3] Starting...
execution-manager  | [EXECUTION MANAGER] ⏱️ T1=133321005.290 ms | Sending gRPC request for task 3 'sum3'
execution-manager  | [gRPC Channel Pool] Reusing existing channel for localhost:50053
execution-manager  | [gRPC Client Async] Calling task 'sum3' at localhost:50053
execution-manager  | [gRPC Client Async] Inputs: {"total_ops": 200, "io_percentage": 50}
execution-manager  | [GRPC THREAD 4] Starting...
execution-manager  | [EXECUTION MANAGER] ⏱️ T1=133321005.780 ms | Sending gRPC request for task 4 'sum4'
execution-manager  | [gRPC Channel Pool] Reusing existing channel for localhost:50054
execution-manager  | [gRPC Client Async] Calling task 'sum4' at localhost:50054
execution-manager  | [gRPC Client Async] Inputs: {"total_ops": 200, "io_percentage": 50}
execution-manager  | [gRPC Client Async] Response #1 - Status: COMPLETED
execution-manager  | 🎉 [T=27480 ms] Task 3 'sum3' COMPLETED
execution-manager  | [EXECUTION MANAGER] ⏱️ T2=133321006.356 ms | Thread started (server measured)
execution-manager  | [EXECUTION MANAGER] ⏱️ T3=133326508.225 ms | Task completed (server measured)
execution-manager  | [EXECUTION MANAGER] ⏱️ T4=133326509.238 ms | Result received by client
execution-manager  |    [TASK EXECUTION] 5501.869 ms (T3-T2, measured in thread)
execution-manager  |    [RESULT] {"result": 0}
execution-manager  | 
execution-manager  | ╔═══════════════════════════════════════════════════════════════╗
execution-manager  | ║           END-TO-END TIMING MEASUREMENT RECAP                 ║
execution-manager  | ║                   Task 3: sum3                                 
execution-manager  | ╠═══════════════════════════════════════════════════════════════╣
execution-manager  | ║ T1 (start_request)    = 133321005.290 ms                        ║
execution-manager  | ║ T2 (end_request)      = 133321006.356 ms                        ║
execution-manager  | ║ T3 (start_result)     = 133326508.225 ms                        ║
execution-manager  | ║ T4 (end_result)       = 133326509.238 ms                        ║
execution-manager  | ╠═══════════════════════════════════════════════════════════════╣
execution-manager  | ║ METRICS:                                                      ║
execution-manager  | ║   Request Latency    =        1.066 ms  (T2 - T1)            ║
execution-manager  | ║   Task Execution     =     5501.869 ms  (T3 - T2)            ║
execution-manager  | ║   Response Latency   =        1.013 ms  (T4 - T3)            ║
execution-manager  | ║   Total End-to-End   =     5503.948 ms  (T4 - T1)            ║
execution-manager  | ║   Network Overhead   =        2.079 ms  (Req + Resp)         ║
execution-manager  | ╚═══════════════════════════════════════════════════════════════╝
execution-manager  | 
execution-manager  | [SCHEDULER] ✅ T=27480 ms: Task 3 'sum3' completed with status 2
execution-manager  | [SCHEDULER] 🔕 Timeout disarmed for task 3
execution-manager  | [SCHEDULER] 2 tasks remaining
execution-manager  | [gRPC Client Async] Stream completed, received 1 responses
execution-manager  | [GRPC THREAD 3] Completed
execution-manager  | [gRPC Client Async] Response #1 - Status: COMPLETED
execution-manager  | 🎉 [T=27489 ms] Task 4 'sum4' COMPLETED
execution-manager  | [EXECUTION MANAGER] ⏱️ T2=133323394.885 ms | Thread started (server measured)
execution-manager  | [EXECUTION MANAGER] ⏱️ T3=133326517.353 ms | Task completed (server measured)
execution-manager  | [EXECUTION MANAGER] ⏱️ T4=133326518.214 ms | Result received by client
execution-manager  |    [TASK EXECUTION] 3122.469 ms (T3-T2, measured in thread)
execution-manager  |    [RESULT] {"result": 0}
execution-manager  | 
execution-manager  | ╔═══════════════════════════════════════════════════════════════╗
execution-manager  | ║           END-TO-END TIMING MEASUREMENT RECAP                 ║
execution-manager  | ║                   Task 4: sum4                                 
execution-manager  | ╠═══════════════════════════════════════════════════════════════╣
execution-manager  | ║ T1 (start_request)    = 133321005.780 ms                        ║
execution-manager  | ║ T2 (end_request)      = 133323394.885 ms                        ║
execution-manager  | ║ T3 (start_result)     = 133326517.353 ms                        ║
execution-manager  | ║ T4 (end_result)       = 133326518.214 ms                        ║
execution-manager  | ╠═══════════════════════════════════════════════════════════════╣
execution-manager  | ║ METRICS:                                                      ║
execution-manager  | ║   Request Latency    =     2389.104 ms  (T2 - T1)            ║
execution-manager  | ║   Task Execution     =     3122.469 ms  (T3 - T2)            ║
execution-manager  | ║   Response Latency   =        0.861 ms  (T4 - T3)            ║
execution-manager  | ║   Total End-to-End   =     5512.434 ms  (T4 - T1)            ║
execution-manager  | ║   Network Overhead   =     2389.965 ms  (Req + Resp)         ║
execution-manager  | ╚═══════════════════════════════════════════════════════════════╝
execution-manager  | 
execution-manager  | [SCHEDULER] ✅ T=27489 ms: Task 4 'sum4' completed with status 2
execution-manager  | [SCHEDULER] 🔕 Timeout disarmed for task 4
execution-manager  | [SCHEDULER] 1 tasks remaining
execution-manager  | [gRPC Client Async] Stream completed, received 1 responses
execution-manager  | [GRPC THREAD 4] Completed
execution-manager  | [gRPC Client Async] Response #1 - Status: COMPLETED
execution-manager  | 🎉 [T=27496 ms] Task 2 'sum2' COMPLETED
execution-manager  | [EXECUTION MANAGER] ⏱️ T2=133319031.616 ms | Thread started (server measured)
execution-manager  | [EXECUTION MANAGER] ⏱️ T3=133326524.854 ms | Task completed (server measured)
execution-manager  | [EXECUTION MANAGER] ⏱️ T4=133326525.591 ms | Result received by client
execution-manager  |    [TASK EXECUTION] 7493.237 ms (T3-T2, measured in thread)
execution-manager  |    [RESULT] {"result": 0}
execution-manager  | 
execution-manager  | ╔═══════════════════════════════════════════════════════════════╗
execution-manager  | ║           END-TO-END TIMING MEASUREMENT RECAP                 ║
execution-manager  | ║                   Task 2: sum2                                 
execution-manager  | ╠═══════════════════════════════════════════════════════════════╣
execution-manager  | ║ T1 (start_request)    = 133319030.489 ms                        ║
execution-manager  | ║ T2 (end_request)      = 133319031.616 ms                        ║
execution-manager  | ║ T3 (start_result)     = 133326524.854 ms                        ║
execution-manager  | ║ T4 (end_result)       = 133326525.591 ms                        ║
execution-manager  | ╠═══════════════════════════════════════════════════════════════╣
execution-manager  | ║ METRICS:                                                      ║
execution-manager  | ║   Request Latency    =        1.127 ms  (T2 - T1)            ║
execution-manager  | ║   Task Execution     =     7493.237 ms  (T3 - T2)            ║
execution-manager  | ║   Response Latency   =        0.738 ms  (T4 - T3)            ║
execution-manager  | ║   Total End-to-End   =     7495.102 ms  (T4 - T1)            ║
execution-manager  | ║   Network Overhead   =        1.865 ms  (Req + Resp)         ║
execution-manager  | ╚═══════════════════════════════════════════════════════════════╝
execution-manager  | 
execution-manager  | [gRPC Client Async] Stream completed, received 1 responses
execution-manager  | [GRPC THREAD 2] Completed
execution-manager  | [SCHEDULER] ✅ T=27496 ms: Task 2 'sum2' completed with status 2
execution-manager  | [SCHEDULER] 🔕 Timeout disarmed for task 2
execution-manager  | [SCHEDULER] 0 tasks remaining
execution-manager  | 
execution-manager  | [SCHEDULER] 🏁 Iteration 50/50 complete!
execution-manager  | [SCHEDULER] Iteration execution time: 27496 ms
execution-manager  | 
execution-manager  | 
execution-manager  | [SCHEDULER] 🏁 All 50 iteration(s) completed!
execution-manager  | [SCHEDULER] Total execution time: 27496 ms
execution-manager  | 
execution-manager  | Test Suite Finished Successfully.
[Kexecution-manager exited with code 0
