 Container execution-manager  Creating
 Container execution-manager  Created
Attaching to execution-manager
execution-manager  | ============================================
execution-manager  |    DUAL PRIORITY QUEUE ARCHITECTURE TESTER  
execution-manager  | ============================================
execution-manager  | 
execution-manager  | ✅ Execution Manager running with SCHED_FIFO priority 90
execution-manager  |    This ensures precise timing and prevents preemption by tasks
execution-manager  | 
execution-manager  | 
execution-manager  | [Redis] Reading schedule from Redis...
execution-manager  | 
execution-manager  | === REDIS DATA ===
execution-manager  | Schedule: Configurable CPU/IO Benchmark (v0.0.0)
execution-manager  | Number of tasks: 1
execution-manager  | Iterations: 50
execution-manager  | 
execution-manager  | Tasks:
execution-manager  |   1. Task: sum1
execution-manager  |      Policy: fifo, Priority: 50, Start: 10 ms
execution-manager  |      Inputs: {"total_ops": {"type": "int", "value": 100}, "io_percentage": {"type": "int", "value": 25}}
execution-manager  | 
execution-manager  | ==================
execution-manager  | 
execution-manager  | 
execution-manager  | ============================================
execution-manager  |    REAL-TIME EVENT-DRIVEN SCHEDULER
execution-manager  | ============================================
execution-manager  | 
execution-manager  | [SCHEDULER] 🚀 Loading schedule: 1 task(s), 50 iteration(s)
execution-manager  | 
execution-manager  | [SCHEDULER] DEBUG - Task 1: start_time=10 s, deadline=30 s (parsed from Redis)
execution-manager  | [SCHEDULER] 📋 Task 1 'sum1': start=10000 ms, deadline=30000 ms
execution-manager  | 
execution-manager  | [SCHEDULER] 🔁 ===== ITERATION 1 / 50 =====
execution-manager  | 
execution-manager  | [SCHEDULER] 🚀 Schedule started at T=0
execution-manager  | 
execution-manager  | [SCHEDULER] 🔄 Entering event loop (NO SLEEP - event-driven!)
execution-manager  | 
execution-manager  | [SCHEDULER] ⏰ T=10000 ms | T_wall=110642386.660 ms: Launching task 1 'sum1' (deadline: 30000 ms)
execution-manager  | [SCHEDULER] 🕐 Timeout armed for task 1 at T=30000 ms (in 20000 ms)
execution-manager  | [GRPC THREAD 1] Starting...
execution-manager  | [EXECUTION MANAGER] ⏱️ T1=110642386.895 ms | Sending gRPC request for task 1 'sum1'
execution-manager  | [gRPC Channel Pool] Creating new channel for localhost:50051
execution-manager  | [gRPC Client Async] Calling task 'sum1' at localhost:50051
execution-manager  | [gRPC Client Async] Inputs: {"total_ops": 100, "io_percentage": 25}
execution-manager  | [gRPC Client Async] Response #1 - Status: COMPLETED
execution-manager  | 🎉 [T=11832 ms] Task 1 'sum1' COMPLETED
execution-manager  | [EXECUTION MANAGER] ⏱️ T2=110642413.655 ms | Thread started (server measured)
execution-manager  | [EXECUTION MANAGER] ⏱️ T3=110644218.044 ms | Task completed (server measured)
execution-manager  | [EXECUTION MANAGER] ⏱️ T4=110644218.862 ms | Result received by client
execution-manager  |    [TASK EXECUTION] 1804.388 ms (T3-T2, measured in thread)
execution-manager  |    [RESULT] {"result": 0}
execution-manager  | 
execution-manager  | ╔═══════════════════════════════════════════════════════════════╗
execution-manager  | ║           END-TO-END TIMING MEASUREMENT RECAP                 ║
execution-manager  | ║                   Task 1: sum1                                 
execution-manager  | ╠═══════════════════════════════════════════════════════════════╣
execution-manager  | ║ T1 (start_request)    = 110642386.895 ms                        ║
execution-manager  | ║ T2 (end_request)      = 110642413.655 ms                        ║
execution-manager  | ║ T3 (start_result)     = 110644218.044 ms                        ║
execution-manager  | ║ T4 (end_result)       = 110644218.862 ms                        ║
execution-manager  | ╠═══════════════════════════════════════════════════════════════╣
execution-manager  | ║ METRICS:                                                      ║
execution-manager  | ║   Request Latency    =       26.760 ms  (T2 - T1)            ║
execution-manager  | ║   Task Execution     =     1804.388 ms  (T3 - T2)            ║
execution-manager  | ║   Response Latency   =        0.818 ms  (T4 - T3)            ║
execution-manager  | ║   Total End-to-End   =     1831.966 ms  (T4 - T1)            ║
execution-manager  | ║   Network Overhead   =       27.578 ms  (Req + Resp)         ║
execution-manager  | ╚═══════════════════════════════════════════════════════════════╝
execution-manager  | 
execution-manager  | [gRPC Client Async] Stream completed, received 1 responses
execution-manager  | [GRPC THREAD 1] Completed
execution-manager  | [SCHEDULER] ✅ T=11833 ms: Task 1 'sum1' completed with status 2
execution-manager  | [SCHEDULER] 🔕 Timeout disarmed for task 1
execution-manager  | [SCHEDULER] 0 tasks remaining
execution-manager  | 
execution-manager  | [SCHEDULER] 🏁 Iteration 1/50 complete!
execution-manager  | [SCHEDULER] Iteration execution time: 11833 ms
execution-manager  | 
execution-manager  | 
execution-manager  | [SCHEDULER] 🔁 ===== ITERATION 2 / 50 =====
execution-manager  | 
execution-manager  | [SCHEDULER] 🚀 Schedule started at T=0
execution-manager  | 
execution-manager  | [SCHEDULER] 🔄 Entering event loop (NO SLEEP - event-driven!)
execution-manager  | 
execution-manager  | [SCHEDULER] ⏰ T=10000 ms | T_wall=110654219.387 ms: Launching task 1 'sum1' (deadline: 30000 ms)
execution-manager  | [SCHEDULER] 🕐 Timeout armed for task 1 at T=30000 ms (in 20000 ms)
execution-manager  | [GRPC THREAD 1] Starting...
execution-manager  | [EXECUTION MANAGER] ⏱️ T1=110654219.638 ms | Sending gRPC request for task 1 'sum1'
execution-manager  | [gRPC Channel Pool] Reusing existing channel for localhost:50051
execution-manager  | [gRPC Client Async] Calling task 'sum1' at localhost:50051
execution-manager  | [gRPC Client Async] Inputs: {"total_ops": 100, "io_percentage": 25}
execution-manager  | [gRPC Client Async] Response #1 - Status: COMPLETED
execution-manager  | 🎉 [T=11758 ms] Task 1 'sum1' COMPLETED
execution-manager  | [EXECUTION MANAGER] ⏱️ T2=110654220.614 ms | Thread started (server measured)
execution-manager  | [EXECUTION MANAGER] ⏱️ T3=110655976.104 ms | Task completed (server measured)
execution-manager  | [EXECUTION MANAGER] ⏱️ T4=110655977.062 ms | Result received by client
execution-manager  |    [TASK EXECUTION] 1755.490 ms (T3-T2, measured in thread)
execution-manager  |    [RESULT] {"result": 0}
execution-manager  | 
execution-manager  | ╔═══════════════════════════════════════════════════════════════╗
execution-manager  | ║           END-TO-END TIMING MEASUREMENT RECAP                 ║
execution-manager  | ║                   Task 1: sum1                                 
execution-manager  | ╠═══════════════════════════════════════════════════════════════╣
execution-manager  | ║ T1 (start_request)    = 110654219.638 ms                        ║
execution-manager  | ║ T2 (end_request)      = 110654220.614 ms                        ║
execution-manager  | ║ T3 (start_result)     = 110655976.104 ms                        ║
execution-manager  | ║ T4 (end_result)       = 110655977.062 ms                        ║
execution-manager  | ╠═══════════════════════════════════════════════════════════════╣
execution-manager  | ║ METRICS:                                                      ║
execution-manager  | ║   Request Latency    =        0.976 ms  (T2 - T1)            ║
execution-manager  | ║   Task Execution     =     1755.490 ms  (T3 - T2)            ║
execution-manager  | ║   Response Latency   =        0.958 ms  (T4 - T3)            ║
execution-manager  | ║   Total End-to-End   =     1757.424 ms  (T4 - T1)            ║
execution-manager  | ║   Network Overhead   =        1.933 ms  (Req + Resp)         ║
execution-manager  | ╚═══════════════════════════════════════════════════════════════╝
execution-manager  | 
execution-manager  | [gRPC Client Async] Stream completed, received 1 responses
execution-manager  | [GRPC THREAD 1] Completed
execution-manager  | [SCHEDULER] ✅ T=11758 ms: Task 1 'sum1' completed with status 2
execution-manager  | [SCHEDULER] 🔕 Timeout disarmed for task 1
execution-manager  | [SCHEDULER] 0 tasks remaining
execution-manager  | 
execution-manager  | [SCHEDULER] 🏁 Iteration 2/50 complete!
execution-manager  | [SCHEDULER] Iteration execution time: 11758 ms
execution-manager  | 
execution-manager  | 
execution-manager  | [SCHEDULER] 🔁 ===== ITERATION 3 / 50 =====
execution-manager  | 
execution-manager  | [SCHEDULER] 🚀 Schedule started at T=0
execution-manager  | 
execution-manager  | [SCHEDULER] 🔄 Entering event loop (NO SLEEP - event-driven!)
execution-manager  | 
execution-manager  | [SCHEDULER] ⏰ T=10000 ms | T_wall=110665977.456 ms: Launching task 1 'sum1' (deadline: 30000 ms)
execution-manager  | [SCHEDULER] 🕐 Timeout armed for task 1 at T=30000 ms (in 20000 ms)
execution-manager  | [GRPC THREAD 1] Starting...
execution-manager  | [EXECUTION MANAGER] ⏱️ T1=110665977.599 ms | Sending gRPC request for task 1 'sum1'
execution-manager  | [gRPC Channel Pool] Reusing existing channel for localhost:50051
execution-manager  | [gRPC Client Async] Calling task 'sum1' at localhost:50051
execution-manager  | [gRPC Client Async] Inputs: {"total_ops": 100, "io_percentage": 25}
execution-manager  | [gRPC Client Async] Response #1 - Status: COMPLETED
execution-manager  | 🎉 [T=11805 ms] Task 1 'sum1' COMPLETED
execution-manager  | [EXECUTION MANAGER] ⏱️ T2=110665978.572 ms | Thread started (server measured)
execution-manager  | [EXECUTION MANAGER] ⏱️ T3=110667782.359 ms | Task completed (server measured)
execution-manager  | [EXECUTION MANAGER] ⏱️ T4=110667782.978 ms | Result received by client
execution-manager  |    [TASK EXECUTION] 1803.787 ms (T3-T2, measured in thread)
execution-manager  |    [RESULT] {"result": 0}
execution-manager  | 
execution-manager  | ╔═══════════════════════════════════════════════════════════════╗
execution-manager  | ║           END-TO-END TIMING MEASUREMENT RECAP                 ║
execution-manager  | ║                   Task 1: sum1                                 
execution-manager  | ╠═══════════════════════════════════════════════════════════════╣
execution-manager  | ║ T1 (start_request)    = 110665977.599 ms                        ║
execution-manager  | ║ T2 (end_request)      = 110665978.572 ms                        ║
execution-manager  | ║ T3 (start_result)     = 110667782.359 ms                        ║
execution-manager  | ║ T4 (end_result)       = 110667782.978 ms                        ║
execution-manager  | ╠═══════════════════════════════════════════════════════════════╣
execution-manager  | ║ METRICS:                                                      ║
execution-manager  | ║   Request Latency    =        0.974 ms  (T2 - T1)            ║
execution-manager  | ║   Task Execution     =     1803.787 ms  (T3 - T2)            ║
execution-manager  | ║   Response Latency   =        0.619 ms  (T4 - T3)            ║
execution-manager  | ║   Total End-to-End   =     1805.380 ms  (T4 - T1)            ║
execution-manager  | ║   Network Overhead   =        1.592 ms  (Req + Resp)         ║
execution-manager  | ╚═══════════════════════════════════════════════════════════════╝
execution-manager  | 
execution-manager  | [gRPC Client Async] Stream completed, received 1 responses
execution-manager  | [GRPC THREAD 1] Completed
execution-manager  | [SCHEDULER] ✅ T=11806 ms: Task 1 'sum1' completed with status 2
execution-manager  | [SCHEDULER] 🔕 Timeout disarmed for task 1
execution-manager  | [SCHEDULER] 0 tasks remaining
execution-manager  | 
execution-manager  | [SCHEDULER] 🏁 Iteration 3/50 complete!
execution-manager  | [SCHEDULER] Iteration execution time: 11806 ms
execution-manager  | 
execution-manager  | 
execution-manager  | [SCHEDULER] 🔁 ===== ITERATION 4 / 50 =====
execution-manager  | 
execution-manager  | [SCHEDULER] 🚀 Schedule started at T=0
execution-manager  | 
execution-manager  | [SCHEDULER] 🔄 Entering event loop (NO SLEEP - event-driven!)
execution-manager  | 
execution-manager  | [SCHEDULER] ⏰ T=10000 ms | T_wall=110677783.512 ms: Launching task 1 'sum1' (deadline: 30000 ms)
execution-manager  | [SCHEDULER] 🕐 Timeout armed for task 1 at T=30000 ms (in 20000 ms)
execution-manager  | [GRPC THREAD 1] Starting...
execution-manager  | [EXECUTION MANAGER] ⏱️ T1=110677783.643 ms | Sending gRPC request for task 1 'sum1'
execution-manager  | [gRPC Channel Pool] Reusing existing channel for localhost:50051
execution-manager  | [gRPC Client Async] Calling task 'sum1' at localhost:50051
execution-manager  | [gRPC Client Async] Inputs: {"total_ops": 100, "io_percentage": 25}
execution-manager  | [gRPC Client Async] Response #1 - Status: COMPLETED
execution-manager  | 🎉 [T=11807 ms] Task 1 'sum1' COMPLETED
execution-manager  | [EXECUTION MANAGER] ⏱️ T2=110677784.749 ms | Thread started (server measured)
execution-manager  | [EXECUTION MANAGER] ⏱️ T3=110679589.813 ms | Task completed (server measured)
execution-manager  | [EXECUTION MANAGER] ⏱️ T4=110679590.552 ms | Result received by client
execution-manager  |    [TASK EXECUTION] 1805.063 ms (T3-T2, measured in thread)
execution-manager  |    [RESULT] {"result": 0}
execution-manager  | 
execution-manager  | ╔═══════════════════════════════════════════════════════════════╗
execution-manager  | ║           END-TO-END TIMING MEASUREMENT RECAP                 ║
execution-manager  | ║                   Task 1: sum1                                 
execution-manager  | ╠═══════════════════════════════════════════════════════════════╣
execution-manager  | ║ T1 (start_request)    = 110677783.643 ms                        ║
execution-manager  | ║ T2 (end_request)      = 110677784.749 ms                        ║
execution-manager  | ║ T3 (start_result)     = 110679589.813 ms                        ║
execution-manager  | ║ T4 (end_result)       = 110679590.552 ms                        ║
execution-manager  | ╠═══════════════════════════════════════════════════════════════╣
execution-manager  | ║ METRICS:                                                      ║
execution-manager  | ║   Request Latency    =        1.106 ms  (T2 - T1)            ║
execution-manager  | ║   Task Execution     =     1805.063 ms  (T3 - T2)            ║
execution-manager  | ║   Response Latency   =        0.739 ms  (T4 - T3)            ║
execution-manager  | ║   Total End-to-End   =     1806.909 ms  (T4 - T1)            ║
execution-manager  | ║   Network Overhead   =        1.845 ms  (Req + Resp)         ║
execution-manager  | ╚═══════════════════════════════════════════════════════════════╝
execution-manager  | 
execution-manager  | [gRPC Client Async] Stream completed, received 1 responses
execution-manager  | [GRPC THREAD 1] Completed
execution-manager  | [SCHEDULER] ✅ T=11807 ms: Task 1 'sum1' completed with status 2
execution-manager  | [SCHEDULER] 🔕 Timeout disarmed for task 1
execution-manager  | [SCHEDULER] 0 tasks remaining
execution-manager  | 
execution-manager  | [SCHEDULER] 🏁 Iteration 4/50 complete!
execution-manager  | [SCHEDULER] Iteration execution time: 11807 ms
execution-manager  | 
execution-manager  | 
execution-manager  | [SCHEDULER] 🔁 ===== ITERATION 5 / 50 =====
execution-manager  | 
execution-manager  | [SCHEDULER] 🚀 Schedule started at T=0
execution-manager  | 
execution-manager  | [SCHEDULER] 🔄 Entering event loop (NO SLEEP - event-driven!)
execution-manager  | 
execution-manager  | [SCHEDULER] ⏰ T=10001 ms | T_wall=110689591.045 ms: Launching task 1 'sum1' (deadline: 30000 ms)
execution-manager  | [SCHEDULER] 🕐 Timeout armed for task 1 at T=30000 ms (in 19999 ms)
execution-manager  | [GRPC THREAD 1] Starting...
execution-manager  | [EXECUTION MANAGER] ⏱️ T1=110689591.192 ms | Sending gRPC request for task 1 'sum1'
execution-manager  | [gRPC Channel Pool] Reusing existing channel for localhost:50051
execution-manager  | [gRPC Client Async] Calling task 'sum1' at localhost:50051
execution-manager  | [gRPC Client Async] Inputs: {"total_ops": 100, "io_percentage": 25}
execution-manager  | [gRPC Client Async] Response #1 - Status: COMPLETED
execution-manager  | 🎉 [T=11808 ms] Task 1 'sum1' COMPLETED
execution-manager  | [EXECUTION MANAGER] ⏱️ T2=110689592.323 ms | Thread started (server measured)
execution-manager  | [EXECUTION MANAGER] ⏱️ T3=110691397.199 ms | Task completed (server measured)
execution-manager  | [EXECUTION MANAGER] ⏱️ T4=110691398.244 ms | Result received by client
execution-manager  |    [TASK EXECUTION] 1804.876 ms (T3-T2, measured in thread)
execution-manager  |    [RESULT] {"result": 0}
execution-manager  | 
execution-manager  | ╔═══════════════════════════════════════════════════════════════╗
execution-manager  | ║           END-TO-END TIMING MEASUREMENT RECAP                 ║
execution-manager  | ║                   Task 1: sum1                                 
execution-manager  | ╠═══════════════════════════════════════════════════════════════╣
execution-manager  | ║ T1 (start_request)    = 110689591.192 ms                        ║
execution-manager  | ║ T2 (end_request)      = 110689592.323 ms                        ║
execution-manager  | ║ T3 (start_result)     = 110691397.199 ms                        ║
execution-manager  | ║ T4 (end_result)       = 110691398.244 ms                        ║
execution-manager  | ╠═══════════════════════════════════════════════════════════════╣
execution-manager  | ║ METRICS:                                                      ║
execution-manager  | ║   Request Latency    =        1.131 ms  (T2 - T1)            ║
execution-manager  | ║   Task Execution     =     1804.876 ms  (T3 - T2)            ║
execution-manager  | ║   Response Latency   =        1.044 ms  (T4 - T3)            ║
execution-manager  | ║   Total End-to-End   =     1807.052 ms  (T4 - T1)            ║
execution-manager  | ║   Network Overhead   =        2.176 ms  (Req + Resp)         ║
execution-manager  | ╚═══════════════════════════════════════════════════════════════╝
execution-manager  | 
execution-manager  | [gRPC Client Async] Stream completed, received 1 responses
execution-manager  | [GRPC THREAD 1] Completed
execution-manager  | [SCHEDULER] ✅ T=11808 ms: Task 1 'sum1' completed with status 2
execution-manager  | [SCHEDULER] 🔕 Timeout disarmed for task 1
execution-manager  | [SCHEDULER] 0 tasks remaining
execution-manager  | 
execution-manager  | [SCHEDULER] 🏁 Iteration 5/50 complete!
execution-manager  | [SCHEDULER] Iteration execution time: 11808 ms
execution-manager  | 
execution-manager  | 
execution-manager  | [SCHEDULER] 🔁 ===== ITERATION 6 / 50 =====
execution-manager  | 
execution-manager  | [SCHEDULER] 🚀 Schedule started at T=0
execution-manager  | 
execution-manager  | [SCHEDULER] 🔄 Entering event loop (NO SLEEP - event-driven!)
execution-manager  | 
execution-manager  | [SCHEDULER] ⏰ T=10000 ms | T_wall=110701398.687 ms: Launching task 1 'sum1' (deadline: 30000 ms)
execution-manager  | [SCHEDULER] 🕐 Timeout armed for task 1 at T=30000 ms (in 20000 ms)
execution-manager  | [GRPC THREAD 1] Starting...
execution-manager  | [EXECUTION MANAGER] ⏱️ T1=110701398.825 ms | Sending gRPC request for task 1 'sum1'
execution-manager  | [gRPC Channel Pool] Reusing existing channel for localhost:50051
execution-manager  | [gRPC Client Async] Calling task 'sum1' at localhost:50051
execution-manager  | [gRPC Client Async] Inputs: {"total_ops": 100, "io_percentage": 25}
execution-manager  | [gRPC Client Async] Response #1 - Status: COMPLETED
execution-manager  | 🎉 [T=11809 ms] Task 1 'sum1' COMPLETED
execution-manager  | [EXECUTION MANAGER] ⏱️ T2=110701399.758 ms | Thread started (server measured)
execution-manager  | [EXECUTION MANAGER] ⏱️ T3=110703206.587 ms | Task completed (server measured)
execution-manager  | [EXECUTION MANAGER] ⏱️ T4=110703207.328 ms | Result received by client
execution-manager  |    [TASK EXECUTION] 1806.829 ms (T3-T2, measured in thread)
execution-manager  |    [RESULT] {"result": 0}
execution-manager  | 
execution-manager  | ╔═══════════════════════════════════════════════════════════════╗
execution-manager  | ║           END-TO-END TIMING MEASUREMENT RECAP                 ║
execution-manager  | ║                   Task 1: sum1                                 
execution-manager  | ╠═══════════════════════════════════════════════════════════════╣
execution-manager  | ║ T1 (start_request)    = 110701398.825 ms                        ║
execution-manager  | ║ T2 (end_request)      = 110701399.758 ms                        ║
execution-manager  | ║ T3 (start_result)     = 110703206.587 ms                        ║
execution-manager  | ║ T4 (end_result)       = 110703207.328 ms                        ║
execution-manager  | ╠═══════════════════════════════════════════════════════════════╣
execution-manager  | ║ METRICS:                                                      ║
execution-manager  | ║   Request Latency    =        0.933 ms  (T2 - T1)            ║
execution-manager  | ║   Task Execution     =     1806.829 ms  (T3 - T2)            ║
execution-manager  | ║   Response Latency   =        0.740 ms  (T4 - T3)            ║
execution-manager  | ║   Total End-to-End   =     1808.503 ms  (T4 - T1)            ║
execution-manager  | ║   Network Overhead   =        1.674 ms  (Req + Resp)         ║
execution-manager  | ╚═══════════════════════════════════════════════════════════════╝
execution-manager  | 
execution-manager  | [gRPC Client Async] Stream completed, received 1 responses
execution-manager  | [GRPC THREAD 1] Completed
execution-manager  | [SCHEDULER] ✅ T=11809 ms: Task 1 'sum1' completed with status 2
execution-manager  | [SCHEDULER] 🔕 Timeout disarmed for task 1
execution-manager  | [SCHEDULER] 0 tasks remaining
execution-manager  | 
execution-manager  | [SCHEDULER] 🏁 Iteration 6/50 complete!
execution-manager  | [SCHEDULER] Iteration execution time: 11809 ms
execution-manager  | 
execution-manager  | 
execution-manager  | [SCHEDULER] 🔁 ===== ITERATION 7 / 50 =====
execution-manager  | 
execution-manager  | [SCHEDULER] 🚀 Schedule started at T=0
execution-manager  | 
execution-manager  | [SCHEDULER] 🔄 Entering event loop (NO SLEEP - event-driven!)
execution-manager  | 
execution-manager  | [SCHEDULER] ⏰ T=10000 ms | T_wall=110713207.757 ms: Launching task 1 'sum1' (deadline: 30000 ms)
execution-manager  | [SCHEDULER] 🕐 Timeout armed for task 1 at T=30000 ms (in 20000 ms)
execution-manager  | [GRPC THREAD 1] Starting...
execution-manager  | [EXECUTION MANAGER] ⏱️ T1=110713207.899 ms | Sending gRPC request for task 1 'sum1'
execution-manager  | [gRPC Channel Pool] Reusing existing channel for localhost:50051
execution-manager  | [gRPC Client Async] Calling task 'sum1' at localhost:50051
execution-manager  | [gRPC Client Async] Inputs: {"total_ops": 100, "io_percentage": 25}
execution-manager  | [gRPC Client Async] Response #1 - Status: COMPLETED
execution-manager  | 🎉 [T=11773 ms] Task 1 'sum1' COMPLETED
execution-manager  | [EXECUTION MANAGER] ⏱️ T2=110713208.810 ms | Thread started (server measured)
execution-manager  | [EXECUTION MANAGER] ⏱️ T3=110714979.952 ms | Task completed (server measured)
execution-manager  | [EXECUTION MANAGER] ⏱️ T4=110714980.861 ms | Result received by client
execution-manager  |    [TASK EXECUTION] 1771.142 ms (T3-T2, measured in thread)
execution-manager  |    [RESULT] {"result": 0}
execution-manager  | 
execution-manager  | ╔═══════════════════════════════════════════════════════════════╗
execution-manager  | ║           END-TO-END TIMING MEASUREMENT RECAP                 ║
execution-manager  | ║                   Task 1: sum1                                 
execution-manager  | ╠═══════════════════════════════════════════════════════════════╣
execution-manager  | ║ T1 (start_request)    = 110713207.899 ms                        ║
execution-manager  | ║ T2 (end_request)      = 110713208.810 ms                        ║
execution-manager  | ║ T3 (start_result)     = 110714979.952 ms                        ║
execution-manager  | ║ T4 (end_result)       = 110714980.861 ms                        ║
execution-manager  | ╠═══════════════════════════════════════════════════════════════╣
execution-manager  | ║ METRICS:                                                      ║
execution-manager  | ║   Request Latency    =        0.911 ms  (T2 - T1)            ║
execution-manager  | ║   Task Execution     =     1771.142 ms  (T3 - T2)            ║
execution-manager  | ║   Response Latency   =        0.909 ms  (T4 - T3)            ║
execution-manager  | ║   Total End-to-End   =     1772.962 ms  (T4 - T1)            ║
execution-manager  | ║   Network Overhead   =        1.820 ms  (Req + Resp)         ║
execution-manager  | ╚═══════════════════════════════════════════════════════════════╝
execution-manager  | 
execution-manager  | [gRPC Client Async] Stream completed, received 1 responses
execution-manager  | [GRPC THREAD 1] Completed
execution-manager  | [SCHEDULER] ✅ T=11774 ms: Task 1 'sum1' completed with status 2
execution-manager  | [SCHEDULER] 🔕 Timeout disarmed for task 1
execution-manager  | [SCHEDULER] 0 tasks remaining
execution-manager  | 
execution-manager  | [SCHEDULER] 🏁 Iteration 7/50 complete!
execution-manager  | [SCHEDULER] Iteration execution time: 11774 ms
execution-manager  | 
execution-manager  | 
execution-manager  | [SCHEDULER] 🔁 ===== ITERATION 8 / 50 =====
execution-manager  | 
execution-manager  | [SCHEDULER] 🚀 Schedule started at T=0
execution-manager  | 
execution-manager  | [SCHEDULER] 🔄 Entering event loop (NO SLEEP - event-driven!)
execution-manager  | 
execution-manager  | [SCHEDULER] ⏰ T=10000 ms | T_wall=110724981.395 ms: Launching task 1 'sum1' (deadline: 30000 ms)
execution-manager  | [SCHEDULER] 🕐 Timeout armed for task 1 at T=30000 ms (in 20000 ms)
execution-manager  | [GRPC THREAD 1] Starting...
execution-manager  | [EXECUTION MANAGER] ⏱️ T1=110724981.541 ms | Sending gRPC request for task 1 'sum1'
execution-manager  | [gRPC Channel Pool] Reusing existing channel for localhost:50051
execution-manager  | [gRPC Client Async] Calling task 'sum1' at localhost:50051
execution-manager  | [gRPC Client Async] Inputs: {"total_ops": 100, "io_percentage": 25}
execution-manager  | [gRPC Client Async] Response #1 - Status: COMPLETED
execution-manager  | 🎉 [T=11806 ms] Task 1 'sum1' COMPLETED
execution-manager  | [EXECUTION MANAGER] ⏱️ T2=110724982.485 ms | Thread started (server measured)
execution-manager  | [EXECUTION MANAGER] ⏱️ T3=110726787.193 ms | Task completed (server measured)
execution-manager  | [EXECUTION MANAGER] ⏱️ T4=110726787.876 ms | Result received by client
execution-manager  |    [TASK EXECUTION] 1804.708 ms (T3-T2, measured in thread)
execution-manager  |    [RESULT] {"result": 0}
execution-manager  | 
execution-manager  | ╔═══════════════════════════════════════════════════════════════╗
execution-manager  | ║           END-TO-END TIMING MEASUREMENT RECAP                 ║
execution-manager  | ║                   Task 1: sum1                                 
execution-manager  | ╠═══════════════════════════════════════════════════════════════╣
execution-manager  | ║ T1 (start_request)    = 110724981.541 ms                        ║
execution-manager  | ║ T2 (end_request)      = 110724982.485 ms                        ║
execution-manager  | ║ T3 (start_result)     = 110726787.193 ms                        ║
execution-manager  | ║ T4 (end_result)       = 110726787.876 ms                        ║
execution-manager  | ╠═══════════════════════════════════════════════════════════════╣
execution-manager  | ║ METRICS:                                                      ║
execution-manager  | ║   Request Latency    =        0.944 ms  (T2 - T1)            ║
execution-manager  | ║   Task Execution     =     1804.708 ms  (T3 - T2)            ║
execution-manager  | ║   Response Latency   =        0.683 ms  (T4 - T3)            ║
execution-manager  | ║   Total End-to-End   =     1806.335 ms  (T4 - T1)            ║
execution-manager  | ║   Network Overhead   =        1.626 ms  (Req + Resp)         ║
execution-manager  | ╚═══════════════════════════════════════════════════════════════╝
execution-manager  | 
execution-manager  | [gRPC Client Async] Stream completed, received 1 responses
execution-manager  | [GRPC THREAD 1] Completed
execution-manager  | [SCHEDULER] ✅ T=11807 ms: Task 1 'sum1' completed with status 2
execution-manager  | [SCHEDULER] 🔕 Timeout disarmed for task 1
execution-manager  | [SCHEDULER] 0 tasks remaining
execution-manager  | 
execution-manager  | [SCHEDULER] 🏁 Iteration 8/50 complete!
execution-manager  | [SCHEDULER] Iteration execution time: 11807 ms
execution-manager  | 
execution-manager  | 
execution-manager  | [SCHEDULER] 🔁 ===== ITERATION 9 / 50 =====
execution-manager  | 
execution-manager  | [SCHEDULER] 🚀 Schedule started at T=0
execution-manager  | 
execution-manager  | [SCHEDULER] 🔄 Entering event loop (NO SLEEP - event-driven!)
execution-manager  | 
execution-manager  | [SCHEDULER] ⏰ T=10000 ms | T_wall=110736788.375 ms: Launching task 1 'sum1' (deadline: 30000 ms)
execution-manager  | [SCHEDULER] 🕐 Timeout armed for task 1 at T=30000 ms (in 20000 ms)
execution-manager  | [GRPC THREAD 1] Starting...
execution-manager  | [EXECUTION MANAGER] ⏱️ T1=110736788.515 ms | Sending gRPC request for task 1 'sum1'
execution-manager  | [gRPC Channel Pool] Reusing existing channel for localhost:50051
execution-manager  | [gRPC Client Async] Calling task 'sum1' at localhost:50051
execution-manager  | [gRPC Client Async] Inputs: {"total_ops": 100, "io_percentage": 25}
execution-manager  | [gRPC Client Async] Response #1 - Status: COMPLETED
execution-manager  | 🎉 [T=11806 ms] Task 1 'sum1' COMPLETED
execution-manager  | [EXECUTION MANAGER] ⏱️ T2=110736789.651 ms | Thread started (server measured)
execution-manager  | [EXECUTION MANAGER] ⏱️ T3=110738593.548 ms | Task completed (server measured)
execution-manager  | [EXECUTION MANAGER] ⏱️ T4=110738594.277 ms | Result received by client
execution-manager  |    [TASK EXECUTION] 1803.897 ms (T3-T2, measured in thread)
execution-manager  |    [RESULT] {"result": 0}
execution-manager  | 
execution-manager  | ╔═══════════════════════════════════════════════════════════════╗
execution-manager  | ║           END-TO-END TIMING MEASUREMENT RECAP                 ║
execution-manager  | ║                   Task 1: sum1                                 
execution-manager  | ╠═══════════════════════════════════════════════════════════════╣
execution-manager  | ║ T1 (start_request)    = 110736788.515 ms                        ║
execution-manager  | ║ T2 (end_request)      = 110736789.651 ms                        ║
execution-manager  | ║ T3 (start_result)     = 110738593.548 ms                        ║
execution-manager  | ║ T4 (end_result)       = 110738594.277 ms                        ║
execution-manager  | ╠═══════════════════════════════════════════════════════════════╣
execution-manager  | ║ METRICS:                                                      ║
execution-manager  | ║   Request Latency    =        1.136 ms  (T2 - T1)            ║
execution-manager  | ║   Task Execution     =     1803.897 ms  (T3 - T2)            ║
execution-manager  | ║   Response Latency   =        0.729 ms  (T4 - T3)            ║
execution-manager  | ║   Total End-to-End   =     1805.762 ms  (T4 - T1)            ║
execution-manager  | ║   Network Overhead   =        1.865 ms  (Req + Resp)         ║
execution-manager  | ╚═══════════════════════════════════════════════════════════════╝
execution-manager  | 
execution-manager  | [gRPC Client Async] Stream completed, received 1 responses
execution-manager  | [GRPC THREAD 1] Completed
execution-manager  | [SCHEDULER] ✅ T=11806 ms: Task 1 'sum1' completed with status 2
execution-manager  | [SCHEDULER] 🔕 Timeout disarmed for task 1
execution-manager  | [SCHEDULER] 0 tasks remaining
execution-manager  | 
execution-manager  | [SCHEDULER] 🏁 Iteration 9/50 complete!
execution-manager  | [SCHEDULER] Iteration execution time: 11806 ms
execution-manager  | 
execution-manager  | 
execution-manager  | [SCHEDULER] 🔁 ===== ITERATION 10 / 50 =====
execution-manager  | 
execution-manager  | [SCHEDULER] 🚀 Schedule started at T=0
execution-manager  | 
execution-manager  | [SCHEDULER] 🔄 Entering event loop (NO SLEEP - event-driven!)
execution-manager  | 
execution-manager  | [SCHEDULER] ⏰ T=10000 ms | T_wall=110748594.727 ms: Launching task 1 'sum1' (deadline: 30000 ms)
execution-manager  | [SCHEDULER] 🕐 Timeout armed for task 1 at T=30000 ms (in 20000 ms)
execution-manager  | [GRPC THREAD 1] Starting...
execution-manager  | [EXECUTION MANAGER] ⏱️ T1=110748594.862 ms | Sending gRPC request for task 1 'sum1'
execution-manager  | [gRPC Channel Pool] Reusing existing channel for localhost:50051
execution-manager  | [gRPC Client Async] Calling task 'sum1' at localhost:50051
execution-manager  | [gRPC Client Async] Inputs: {"total_ops": 100, "io_percentage": 25}
execution-manager  | [gRPC Client Async] Response #1 - Status: COMPLETED
execution-manager  | 🎉 [T=11805 ms] Task 1 'sum1' COMPLETED
execution-manager  | [EXECUTION MANAGER] ⏱️ T2=110748595.694 ms | Thread started (server measured)
execution-manager  | [EXECUTION MANAGER] ⏱️ T3=110750398.701 ms | Task completed (server measured)
execution-manager  | [EXECUTION MANAGER] ⏱️ T4=110750399.387 ms | Result received by client
execution-manager  |    [TASK EXECUTION] 1803.007 ms (T3-T2, measured in thread)
execution-manager  |    [RESULT] {"result": 0}
execution-manager  | 
execution-manager  | ╔═══════════════════════════════════════════════════════════════╗
execution-manager  | ║           END-TO-END TIMING MEASUREMENT RECAP                 ║
execution-manager  | ║                   Task 1: sum1                                 
execution-manager  | ╠═══════════════════════════════════════════════════════════════╣
execution-manager  | ║ T1 (start_request)    = 110748594.862 ms                        ║
execution-manager  | ║ T2 (end_request)      = 110748595.694 ms                        ║
execution-manager  | ║ T3 (start_result)     = 110750398.701 ms                        ║
execution-manager  | ║ T4 (end_result)       = 110750399.387 ms                        ║
execution-manager  | ╠═══════════════════════════════════════════════════════════════╣
execution-manager  | ║ METRICS:                                                      ║
execution-manager  | ║   Request Latency    =        0.832 ms  (T2 - T1)            ║
execution-manager  | ║   Task Execution     =     1803.007 ms  (T3 - T2)            ║
execution-manager  | ║   Response Latency   =        0.686 ms  (T4 - T3)            ║
execution-manager  | ║   Total End-to-End   =     1804.525 ms  (T4 - T1)            ║
execution-manager  | ║   Network Overhead   =        1.517 ms  (Req + Resp)         ║
execution-manager  | ╚═══════════════════════════════════════════════════════════════╝
execution-manager  | 
execution-manager  | [gRPC Client Async] Stream completed, received 1 responses
execution-manager  | [GRPC THREAD 1] Completed
execution-manager  | [SCHEDULER] ✅ T=11805 ms: Task 1 'sum1' completed with status 2
execution-manager  | [SCHEDULER] 🔕 Timeout disarmed for task 1
execution-manager  | [SCHEDULER] 0 tasks remaining
execution-manager  | 
execution-manager  | [SCHEDULER] 🏁 Iteration 10/50 complete!
execution-manager  | [SCHEDULER] Iteration execution time: 11805 ms
execution-manager  | 
execution-manager  | 
execution-manager  | [SCHEDULER] 🔁 ===== ITERATION 11 / 50 =====
execution-manager  | 
execution-manager  | [SCHEDULER] 🚀 Schedule started at T=0
execution-manager  | 
execution-manager  | [SCHEDULER] 🔄 Entering event loop (NO SLEEP - event-driven!)
execution-manager  | 
execution-manager  | [SCHEDULER] ⏰ T=10000 ms | T_wall=110760399.886 ms: Launching task 1 'sum1' (deadline: 30000 ms)
execution-manager  | [SCHEDULER] 🕐 Timeout armed for task 1 at T=30000 ms (in 20000 ms)
execution-manager  | [GRPC THREAD 1] Starting...
execution-manager  | [EXECUTION MANAGER] ⏱️ T1=110760400.032 ms | Sending gRPC request for task 1 'sum1'
execution-manager  | [gRPC Channel Pool] Reusing existing channel for localhost:50051
execution-manager  | [gRPC Client Async] Calling task 'sum1' at localhost:50051
execution-manager  | [gRPC Client Async] Inputs: {"total_ops": 100, "io_percentage": 25}
execution-manager  | [gRPC Client Async] Response #1 - Status: COMPLETED
execution-manager  | 🎉 [T=11810 ms] Task 1 'sum1' COMPLETED
execution-manager  | [EXECUTION MANAGER] ⏱️ T2=110760400.981 ms | Thread started (server measured)
execution-manager  | [EXECUTION MANAGER] ⏱️ T3=110762208.272 ms | Task completed (server measured)
execution-manager  | [EXECUTION MANAGER] ⏱️ T4=110762209.059 ms | Result received by client
execution-manager  |    [TASK EXECUTION] 1807.291 ms (T3-T2, measured in thread)
execution-manager  |    [RESULT] {"result": 0}
execution-manager  | 
execution-manager  | ╔═══════════════════════════════════════════════════════════════╗
execution-manager  | ║           END-TO-END TIMING MEASUREMENT RECAP                 ║
execution-manager  | ║                   Task 1: sum1                                 
execution-manager  | ╠═══════════════════════════════════════════════════════════════╣
execution-manager  | ║ T1 (start_request)    = 110760400.032 ms                        ║
execution-manager  | ║ T2 (end_request)      = 110760400.981 ms                        ║
execution-manager  | ║ T3 (start_result)     = 110762208.272 ms                        ║
execution-manager  | ║ T4 (end_result)       = 110762209.059 ms                        ║
execution-manager  | ╠═══════════════════════════════════════════════════════════════╣
execution-manager  | ║ METRICS:                                                      ║
execution-manager  | ║   Request Latency    =        0.949 ms  (T2 - T1)            ║
execution-manager  | ║   Task Execution     =     1807.291 ms  (T3 - T2)            ║
execution-manager  | ║   Response Latency   =        0.787 ms  (T4 - T3)            ║
execution-manager  | ║   Total End-to-End   =     1809.027 ms  (T4 - T1)            ║
execution-manager  | ║   Network Overhead   =        1.736 ms  (Req + Resp)         ║
execution-manager  | ╚═══════════════════════════════════════════════════════════════╝
execution-manager  | 
execution-manager  | [SCHEDULER] ✅ T=11810 ms: Task 1 'sum1' completed with status 2
execution-manager  | [SCHEDULER] 🔕 Timeout disarmed for task 1
execution-manager  | [SCHEDULER] 0 tasks remaining
execution-manager  | 
execution-manager  | [SCHEDULER] 🏁 Iteration 11/50 complete!
execution-manager  | [SCHEDULER] Iteration execution time: 11810 ms
execution-manager  | 
execution-manager  | 
execution-manager  | [SCHEDULER] 🔁 ===== ITERATION 12 / 50 =====
execution-manager  | 
execution-manager  | [SCHEDULER] 🚀 Schedule started at T=0
execution-manager  | 
execution-manager  | [SCHEDULER] 🔄 Entering event loop (NO SLEEP - event-driven!)
execution-manager  | 
execution-manager  | [gRPC Client Async] Stream completed, received 1 responses
execution-manager  | [GRPC THREAD 1] Completed
execution-manager  | [SCHEDULER] ⏰ T=10000 ms | T_wall=110772209.321 ms: Launching task 1 'sum1' (deadline: 30000 ms)
execution-manager  | [SCHEDULER] 🕐 Timeout armed for task 1 at T=30000 ms (in 20000 ms)
execution-manager  | [GRPC THREAD 1] Starting...
execution-manager  | [EXECUTION MANAGER] ⏱️ T1=110772209.506 ms | Sending gRPC request for task 1 'sum1'
execution-manager  | [gRPC Channel Pool] Reusing existing channel for localhost:50051
execution-manager  | [gRPC Client Async] Calling task 'sum1' at localhost:50051
execution-manager  | [gRPC Client Async] Inputs: {"total_ops": 100, "io_percentage": 25}
execution-manager  | [gRPC Client Async] Response #1 - Status: COMPLETED
execution-manager  | 🎉 [T=11754 ms] Task 1 'sum1' COMPLETED
execution-manager  | [EXECUTION MANAGER] ⏱️ T2=110772210.398 ms | Thread started (server measured)
execution-manager  | [EXECUTION MANAGER] ⏱️ T3=110773963.231 ms | Task completed (server measured)
execution-manager  | [EXECUTION MANAGER] ⏱️ T4=110773963.942 ms | Result received by client
execution-manager  |    [TASK EXECUTION] 1752.833 ms (T3-T2, measured in thread)
execution-manager  |    [RESULT] {"result": 0}
execution-manager  | 
execution-manager  | ╔═══════════════════════════════════════════════════════════════╗
execution-manager  | ║           END-TO-END TIMING MEASUREMENT RECAP                 ║
execution-manager  | ║                   Task 1: sum1                                 
execution-manager  | ╠═══════════════════════════════════════════════════════════════╣
execution-manager  | ║ T1 (start_request)    = 110772209.506 ms                        ║
execution-manager  | ║ T2 (end_request)      = 110772210.398 ms                        ║
execution-manager  | ║ T3 (start_result)     = 110773963.231 ms                        ║
execution-manager  | ║ T4 (end_result)       = 110773963.942 ms                        ║
execution-manager  | ╠═══════════════════════════════════════════════════════════════╣
execution-manager  | ║ METRICS:                                                      ║
execution-manager  | ║   Request Latency    =        0.892 ms  (T2 - T1)            ║
execution-manager  | ║   Task Execution     =     1752.833 ms  (T3 - T2)            ║
execution-manager  | ║   Response Latency   =        0.711 ms  (T4 - T3)            ║
execution-manager  | ║   Total End-to-End   =     1754.436 ms  (T4 - T1)            ║
execution-manager  | ║   Network Overhead   =        1.603 ms  (Req + Resp)         ║
execution-manager  | ╚═══════════════════════════════════════════════════════════════╝
execution-manager  | 
execution-manager  | [gRPC Client Async] Stream completed, received 1 responses
execution-manager  | [GRPC THREAD 1] Completed
execution-manager  | [SCHEDULER] ✅ T=11755 ms: Task 1 'sum1' completed with status 2
execution-manager  | [SCHEDULER] 🔕 Timeout disarmed for task 1
execution-manager  | [SCHEDULER] 0 tasks remaining
execution-manager  | 
execution-manager  | [SCHEDULER] 🏁 Iteration 12/50 complete!
execution-manager  | [SCHEDULER] Iteration execution time: 11755 ms
execution-manager  | 
execution-manager  | 
execution-manager  | [SCHEDULER] 🔁 ===== ITERATION 13 / 50 =====
execution-manager  | 
execution-manager  | [SCHEDULER] 🚀 Schedule started at T=0
execution-manager  | 
execution-manager  | [SCHEDULER] 🔄 Entering event loop (NO SLEEP - event-driven!)
execution-manager  | 
execution-manager  | [SCHEDULER] ⏰ T=10000 ms | T_wall=110783964.453 ms: Launching task 1 'sum1' (deadline: 30000 ms)
execution-manager  | [SCHEDULER] 🕐 Timeout armed for task 1 at T=30000 ms (in 20000 ms)
execution-manager  | [GRPC THREAD 1] Starting...
execution-manager  | [EXECUTION MANAGER] ⏱️ T1=110783964.598 ms | Sending gRPC request for task 1 'sum1'
execution-manager  | [gRPC Channel Pool] Reusing existing channel for localhost:50051
execution-manager  | [gRPC Client Async] Calling task 'sum1' at localhost:50051
execution-manager  | [gRPC Client Async] Inputs: {"total_ops": 100, "io_percentage": 25}
execution-manager  | [gRPC Client Async] Response #1 - Status: COMPLETED
execution-manager  | 🎉 [T=11804 ms] Task 1 'sum1' COMPLETED
execution-manager  | [EXECUTION MANAGER] ⏱️ T2=110783965.485 ms | Thread started (server measured)
execution-manager  | [EXECUTION MANAGER] ⏱️ T3=110785767.985 ms | Task completed (server measured)
execution-manager  | [EXECUTION MANAGER] ⏱️ T4=110785768.714 ms | Result received by client
execution-manager  |    [TASK EXECUTION] 1802.499 ms (T3-T2, measured in thread)
execution-manager  |    [RESULT] {"result": 0}
execution-manager  | 
execution-manager  | ╔═══════════════════════════════════════════════════════════════╗
execution-manager  | ║           END-TO-END TIMING MEASUREMENT RECAP                 ║
execution-manager  | ║                   Task 1: sum1                                 
execution-manager  | ╠═══════════════════════════════════════════════════════════════╣
execution-manager  | ║ T1 (start_request)    = 110783964.598 ms                        ║
execution-manager  | ║ T2 (end_request)      = 110783965.485 ms                        ║
execution-manager  | ║ T3 (start_result)     = 110785767.985 ms                        ║
execution-manager  | ║ T4 (end_result)       = 110785768.714 ms                        ║
execution-manager  | ╠═══════════════════════════════════════════════════════════════╣
execution-manager  | ║ METRICS:                                                      ║
execution-manager  | ║   Request Latency    =        0.888 ms  (T2 - T1)            ║
execution-manager  | ║   Task Execution     =     1802.499 ms  (T3 - T2)            ║
execution-manager  | ║   Response Latency   =        0.729 ms  (T4 - T3)            ║
execution-manager  | ║   Total End-to-End   =     1804.116 ms  (T4 - T1)            ║
execution-manager  | ║   Network Overhead   =        1.617 ms  (Req + Resp)         ║
execution-manager  | ╚═══════════════════════════════════════════════════════════════╝
execution-manager  | 
execution-manager  | [SCHEDULER] ✅ T=11804 ms: Task 1 'sum1' completed with status 2
execution-manager  | [SCHEDULER] 🔕 Timeout disarmed for task 1
execution-manager  | [SCHEDULER] 0 tasks remaining
execution-manager  | 
execution-manager  | [SCHEDULER] 🏁 Iteration 13/50 complete!
execution-manager  | [SCHEDULER] Iteration execution time: 11804 ms
execution-manager  | 
execution-manager  | 
execution-manager  | [SCHEDULER] 🔁 ===== ITERATION 14 / 50 =====
execution-manager  | 
execution-manager  | [SCHEDULER] 🚀 Schedule started at T=0
execution-manager  | 
execution-manager  | [SCHEDULER] 🔄 Entering event loop (NO SLEEP - event-driven!)
execution-manager  | 
execution-manager  | [gRPC Client Async] Stream completed, received 1 responses
execution-manager  | [GRPC THREAD 1] Completed
execution-manager  | [SCHEDULER] ⏰ T=10000 ms | T_wall=110795768.926 ms: Launching task 1 'sum1' (deadline: 30000 ms)
execution-manager  | [SCHEDULER] 🕐 Timeout armed for task 1 at T=30000 ms (in 19999 ms)
execution-manager  | [GRPC THREAD 1] Starting...
execution-manager  | [EXECUTION MANAGER] ⏱️ T1=110795769.130 ms | Sending gRPC request for task 1 'sum1'
execution-manager  | [gRPC Channel Pool] Reusing existing channel for localhost:50051
execution-manager  | [gRPC Client Async] Calling task 'sum1' at localhost:50051
execution-manager  | [gRPC Client Async] Inputs: {"total_ops": 100, "io_percentage": 25}
execution-manager  | [gRPC Client Async] Response #1 - Status: COMPLETED
execution-manager  | 🎉 [T=11806 ms] Task 1 'sum1' COMPLETED
execution-manager  | [EXECUTION MANAGER] ⏱️ T2=110795770.365 ms | Thread started (server measured)
execution-manager  | [EXECUTION MANAGER] ⏱️ T3=110797573.639 ms | Task completed (server measured)
execution-manager  | [EXECUTION MANAGER] ⏱️ T4=110797574.343 ms | Result received by client
execution-manager  |    [TASK EXECUTION] 1803.274 ms (T3-T2, measured in thread)
execution-manager  |    [RESULT] {"result": 0}
execution-manager  | 
execution-manager  | ╔═══════════════════════════════════════════════════════════════╗
execution-manager  | ║           END-TO-END TIMING MEASUREMENT RECAP                 ║
execution-manager  | ║                   Task 1: sum1                                 
execution-manager  | ╠═══════════════════════════════════════════════════════════════╣
execution-manager  | ║ T1 (start_request)    = 110795769.130 ms                        ║
execution-manager  | ║ T2 (end_request)      = 110795770.365 ms                        ║
execution-manager  | ║ T3 (start_result)     = 110797573.639 ms                        ║
execution-manager  | ║ T4 (end_result)       = 110797574.343 ms                        ║
execution-manager  | ╠═══════════════════════════════════════════════════════════════╣
execution-manager  | ║ METRICS:                                                      ║
execution-manager  | ║   Request Latency    =        1.234 ms  (T2 - T1)            ║
execution-manager  | ║   Task Execution     =     1803.274 ms  (T3 - T2)            ║
execution-manager  | ║   Response Latency   =        0.705 ms  (T4 - T3)            ║
execution-manager  | ║   Total End-to-End   =     1805.213 ms  (T4 - T1)            ║
execution-manager  | ║   Network Overhead   =        1.939 ms  (Req + Resp)         ║
execution-manager  | ╚═══════════════════════════════════════════════════════════════╝
execution-manager  | 
execution-manager  | [gRPC Client Async] Stream completed, received 1 responses
execution-manager  | [GRPC THREAD 1] Completed
execution-manager  | [SCHEDULER] ✅ T=11806 ms: Task 1 'sum1' completed with status 2
execution-manager  | [SCHEDULER] 🔕 Timeout disarmed for task 1
execution-manager  | [SCHEDULER] 0 tasks remaining
execution-manager  | 
execution-manager  | [SCHEDULER] 🏁 Iteration 14/50 complete!
execution-manager  | [SCHEDULER] Iteration execution time: 11806 ms
execution-manager  | 
execution-manager  | 
execution-manager  | [SCHEDULER] 🔁 ===== ITERATION 15 / 50 =====
execution-manager  | 
execution-manager  | [SCHEDULER] 🚀 Schedule started at T=0
execution-manager  | 
execution-manager  | [SCHEDULER] 🔄 Entering event loop (NO SLEEP - event-driven!)
execution-manager  | 
execution-manager  | [SCHEDULER] ⏰ T=10000 ms | T_wall=110807574.801 ms: Launching task 1 'sum1' (deadline: 30000 ms)
execution-manager  | [SCHEDULER] 🕐 Timeout armed for task 1 at T=30000 ms (in 20000 ms)
execution-manager  | [GRPC THREAD 1] Starting...
execution-manager  | [EXECUTION MANAGER] ⏱️ T1=110807574.936 ms | Sending gRPC request for task 1 'sum1'
execution-manager  | [gRPC Channel Pool] Reusing existing channel for localhost:50051
execution-manager  | [gRPC Client Async] Calling task 'sum1' at localhost:50051
execution-manager  | [gRPC Client Async] Inputs: {"total_ops": 100, "io_percentage": 25}
execution-manager  | [gRPC Client Async] Response #1 - Status: COMPLETED
execution-manager  | 🎉 [T=11810 ms] Task 1 'sum1' COMPLETED
execution-manager  | [EXECUTION MANAGER] ⏱️ T2=110807575.873 ms | Thread started (server measured)
execution-manager  | [EXECUTION MANAGER] ⏱️ T3=110809383.765 ms | Task completed (server measured)
execution-manager  | [EXECUTION MANAGER] ⏱️ T4=110809384.479 ms | Result received by client
execution-manager  |    [TASK EXECUTION] 1807.892 ms (T3-T2, measured in thread)
execution-manager  |    [RESULT] {"result": 0}
execution-manager  | 
execution-manager  | ╔═══════════════════════════════════════════════════════════════╗
execution-manager  | ║           END-TO-END TIMING MEASUREMENT RECAP                 ║
execution-manager  | ║                   Task 1: sum1                                 
execution-manager  | ╠═══════════════════════════════════════════════════════════════╣
execution-manager  | ║ T1 (start_request)    = 110807574.936 ms                        ║
execution-manager  | ║ T2 (end_request)      = 110807575.873 ms                        ║
execution-manager  | ║ T3 (start_result)     = 110809383.765 ms                        ║
execution-manager  | ║ T4 (end_result)       = 110809384.479 ms                        ║
execution-manager  | ╠═══════════════════════════════════════════════════════════════╣
execution-manager  | ║ METRICS:                                                      ║
execution-manager  | ║   Request Latency    =        0.938 ms  (T2 - T1)            ║
execution-manager  | ║   Task Execution     =     1807.892 ms  (T3 - T2)            ║
execution-manager  | ║   Response Latency   =        0.714 ms  (T4 - T3)            ║
execution-manager  | ║   Total End-to-End   =     1809.543 ms  (T4 - T1)            ║
execution-manager  | ║   Network Overhead   =        1.651 ms  (Req + Resp)         ║
execution-manager  | ╚═══════════════════════════════════════════════════════════════╝
execution-manager  | 
execution-manager  | [gRPC Client Async] Stream completed, received 1 responses
execution-manager  | [GRPC THREAD 1] Completed
execution-manager  | [SCHEDULER] ✅ T=11810 ms: Task 1 'sum1' completed with status 2
execution-manager  | [SCHEDULER] 🔕 Timeout disarmed for task 1
execution-manager  | [SCHEDULER] 0 tasks remaining
execution-manager  | 
execution-manager  | [SCHEDULER] 🏁 Iteration 15/50 complete!
execution-manager  | [SCHEDULER] Iteration execution time: 11810 ms
execution-manager  | 
execution-manager  | 
execution-manager  | [SCHEDULER] 🔁 ===== ITERATION 16 / 50 =====
execution-manager  | 
execution-manager  | [SCHEDULER] 🚀 Schedule started at T=0
execution-manager  | 
execution-manager  | [SCHEDULER] 🔄 Entering event loop (NO SLEEP - event-driven!)
execution-manager  | 
execution-manager  | [SCHEDULER] ⏰ T=10001 ms | T_wall=110819385.007 ms: Launching task 1 'sum1' (deadline: 30000 ms)
execution-manager  | [SCHEDULER] 🕐 Timeout armed for task 1 at T=30000 ms (in 19999 ms)
execution-manager  | [GRPC THREAD 1] Starting...
execution-manager  | [EXECUTION MANAGER] ⏱️ T1=110819385.141 ms | Sending gRPC request for task 1 'sum1'
execution-manager  | [gRPC Channel Pool] Reusing existing channel for localhost:50051
execution-manager  | [gRPC Client Async] Calling task 'sum1' at localhost:50051
execution-manager  | [gRPC Client Async] Inputs: {"total_ops": 100, "io_percentage": 25}
execution-manager  | [gRPC Client Async] Response #1 - Status: COMPLETED
execution-manager  | 🎉 [T=11808 ms] Task 1 'sum1' COMPLETED
execution-manager  | [EXECUTION MANAGER] ⏱️ T2=110819386.123 ms | Thread started (server measured)
execution-manager  | [EXECUTION MANAGER] ⏱️ T3=110821191.893 ms | Task completed (server measured)
execution-manager  | [EXECUTION MANAGER] ⏱️ T4=110821192.587 ms | Result received by client
execution-manager  |    [TASK EXECUTION] 1805.770 ms (T3-T2, measured in thread)
execution-manager  |    [RESULT] {"result": 0}
execution-manager  | 
execution-manager  | ╔═══════════════════════════════════════════════════════════════╗
execution-manager  | ║           END-TO-END TIMING MEASUREMENT RECAP                 ║
execution-manager  | ║                   Task 1: sum1                                 
execution-manager  | ╠═══════════════════════════════════════════════════════════════╣
execution-manager  | ║ T1 (start_request)    = 110819385.141 ms                        ║
execution-manager  | ║ T2 (end_request)      = 110819386.123 ms                        ║
execution-manager  | ║ T3 (start_result)     = 110821191.893 ms                        ║
execution-manager  | ║ T4 (end_result)       = 110821192.587 ms                        ║
execution-manager  | ╠═══════════════════════════════════════════════════════════════╣
execution-manager  | ║ METRICS:                                                      ║
execution-manager  | ║   Request Latency    =        0.981 ms  (T2 - T1)            ║
execution-manager  | ║   Task Execution     =     1805.770 ms  (T3 - T2)            ║
execution-manager  | ║   Response Latency   =        0.694 ms  (T4 - T3)            ║
execution-manager  | ║   Total End-to-End   =     1807.446 ms  (T4 - T1)            ║
execution-manager  | ║   Network Overhead   =        1.675 ms  (Req + Resp)         ║
execution-manager  | ╚═══════════════════════════════════════════════════════════════╝
execution-manager  | 
execution-manager  | [gRPC Client Async] Stream completed, received 1 responses
execution-manager  | [GRPC THREAD 1] Completed
execution-manager  | [SCHEDULER] ✅ T=11808 ms: Task 1 'sum1' completed with status 2
execution-manager  | [SCHEDULER] 🔕 Timeout disarmed for task 1
execution-manager  | [SCHEDULER] 0 tasks remaining
execution-manager  | 
execution-manager  | [SCHEDULER] 🏁 Iteration 16/50 complete!
execution-manager  | [SCHEDULER] Iteration execution time: 11808 ms
execution-manager  | 
execution-manager  | 
execution-manager  | [SCHEDULER] 🔁 ===== ITERATION 17 / 50 =====
execution-manager  | 
execution-manager  | [SCHEDULER] 🚀 Schedule started at T=0
execution-manager  | 
execution-manager  | [SCHEDULER] 🔄 Entering event loop (NO SLEEP - event-driven!)
execution-manager  | 
execution-manager  | [SCHEDULER] ⏰ T=10001 ms | T_wall=110831193.016 ms: Launching task 1 'sum1' (deadline: 30000 ms)
execution-manager  | [SCHEDULER] 🕐 Timeout armed for task 1 at T=30000 ms (in 19999 ms)
execution-manager  | [GRPC THREAD 1] Starting...
execution-manager  | [EXECUTION MANAGER] ⏱️ T1=110831193.180 ms | Sending gRPC request for task 1 'sum1'
execution-manager  | [gRPC Channel Pool] Reusing existing channel for localhost:50051
execution-manager  | [gRPC Client Async] Calling task 'sum1' at localhost:50051
execution-manager  | [gRPC Client Async] Inputs: {"total_ops": 100, "io_percentage": 25}
execution-manager  | [gRPC Client Async] Response #1 - Status: COMPLETED
execution-manager  | 🎉 [T=11758 ms] Task 1 'sum1' COMPLETED
execution-manager  | [EXECUTION MANAGER] ⏱️ T2=110831194.220 ms | Thread started (server measured)
execution-manager  | [EXECUTION MANAGER] ⏱️ T3=110832949.870 ms | Task completed (server measured)
execution-manager  | [EXECUTION MANAGER] ⏱️ T4=110832950.632 ms | Result received by client
execution-manager  |    [TASK EXECUTION] 1755.649 ms (T3-T2, measured in thread)
execution-manager  |    [RESULT] {"result": 0}
execution-manager  | 
execution-manager  | ╔═══════════════════════════════════════════════════════════════╗
execution-manager  | ║           END-TO-END TIMING MEASUREMENT RECAP                 ║
execution-manager  | ║                   Task 1: sum1                                 
execution-manager  | ╠═══════════════════════════════════════════════════════════════╣
execution-manager  | ║ T1 (start_request)    = 110831193.180 ms                        ║
execution-manager  | ║ T2 (end_request)      = 110831194.220 ms                        ║
execution-manager  | ║ T3 (start_result)     = 110832949.870 ms                        ║
execution-manager  | ║ T4 (end_result)       = 110832950.632 ms                        ║
execution-manager  | ╠═══════════════════════════════════════════════════════════════╣
execution-manager  | ║ METRICS:                                                      ║
execution-manager  | ║   Request Latency    =        1.041 ms  (T2 - T1)            ║
execution-manager  | ║   Task Execution     =     1755.649 ms  (T3 - T2)            ║
execution-manager  | ║   Response Latency   =        0.763 ms  (T4 - T3)            ║
execution-manager  | ║   Total End-to-End   =     1757.453 ms  (T4 - T1)            ║
execution-manager  | ║   Network Overhead   =        1.803 ms  (Req + Resp)         ║
execution-manager  | ╚═══════════════════════════════════════════════════════════════╝
execution-manager  | 
execution-manager  | [SCHEDULER] ✅ T=11758 ms: Task 1 'sum1' completed with status 2
execution-manager  | [SCHEDULER] 🔕 Timeout disarmed for task 1
execution-manager  | [SCHEDULER] 0 tasks remaining
execution-manager  | 
execution-manager  | [SCHEDULER] 🏁 Iteration 17/50 complete!
execution-manager  | [SCHEDULER] Iteration execution time: 11758 ms
execution-manager  | 
execution-manager  | 
execution-manager  | [SCHEDULER] 🔁 ===== ITERATION 18 / 50 =====
execution-manager  | 
execution-manager  | [SCHEDULER] 🚀 Schedule started at T=0
execution-manager  | 
execution-manager  | [SCHEDULER] 🔄 Entering event loop (NO SLEEP - event-driven!)
execution-manager  | 
execution-manager  | [gRPC Client Async] Stream completed, received 1 responses
execution-manager  | [GRPC THREAD 1] Completed
execution-manager  | [SCHEDULER] ⏰ T=10000 ms | T_wall=110842950.844 ms: Launching task 1 'sum1' (deadline: 30000 ms)
execution-manager  | [SCHEDULER] 🕐 Timeout armed for task 1 at T=30000 ms (in 20000 ms)
execution-manager  | [GRPC THREAD 1] Starting...
execution-manager  | [EXECUTION MANAGER] ⏱️ T1=110842950.985 ms | Sending gRPC request for task 1 'sum1'
execution-manager  | [gRPC Channel Pool] Reusing existing channel for localhost:50051
execution-manager  | [gRPC Client Async] Calling task 'sum1' at localhost:50051
execution-manager  | [gRPC Client Async] Inputs: {"total_ops": 100, "io_percentage": 25}
execution-manager  | [gRPC Client Async] Response #1 - Status: COMPLETED
execution-manager  | 🎉 [T=11807 ms] Task 1 'sum1' COMPLETED
execution-manager  | [EXECUTION MANAGER] ⏱️ T2=110842952.080 ms | Thread started (server measured)
execution-manager  | [EXECUTION MANAGER] ⏱️ T3=110844756.816 ms | Task completed (server measured)
execution-manager  | [EXECUTION MANAGER] ⏱️ T4=110844757.564 ms | Result received by client
execution-manager  |    [TASK EXECUTION] 1804.736 ms (T3-T2, measured in thread)
execution-manager  |    [RESULT] {"result": 0}
execution-manager  | 
execution-manager  | ╔═══════════════════════════════════════════════════════════════╗
execution-manager  | ║           END-TO-END TIMING MEASUREMENT RECAP                 ║
execution-manager  | ║                   Task 1: sum1                                 
execution-manager  | ╠═══════════════════════════════════════════════════════════════╣
execution-manager  | ║ T1 (start_request)    = 110842950.985 ms                        ║
execution-manager  | ║ T2 (end_request)      = 110842952.080 ms                        ║
execution-manager  | ║ T3 (start_result)     = 110844756.816 ms                        ║
execution-manager  | ║ T4 (end_result)       = 110844757.564 ms                        ║
execution-manager  | ╠═══════════════════════════════════════════════════════════════╣
execution-manager  | ║ METRICS:                                                      ║
execution-manager  | ║   Request Latency    =        1.095 ms  (T2 - T1)            ║
execution-manager  | ║   Task Execution     =     1804.736 ms  (T3 - T2)            ║
execution-manager  | ║   Response Latency   =        0.748 ms  (T4 - T3)            ║
execution-manager  | ║   Total End-to-End   =     1806.579 ms  (T4 - T1)            ║
execution-manager  | ║   Network Overhead   =        1.844 ms  (Req + Resp)         ║
execution-manager  | ╚═══════════════════════════════════════════════════════════════╝
execution-manager  | 
execution-manager  | [SCHEDULER] ✅ T=11807 ms: Task 1 'sum1' completed with status 2
execution-manager  | [SCHEDULER] 🔕 Timeout disarmed for task 1
execution-manager  | [SCHEDULER] 0 tasks remaining
execution-manager  | 
execution-manager  | [SCHEDULER] 🏁 Iteration 18/50 complete!
execution-manager  | [SCHEDULER] Iteration execution time: 11807 ms
execution-manager  | 
execution-manager  | 
execution-manager  | [SCHEDULER] 🔁 ===== ITERATION 19 / 50 =====
execution-manager  | 
execution-manager  | [SCHEDULER] 🚀 Schedule started at T=0
execution-manager  | 
execution-manager  | [SCHEDULER] 🔄 Entering event loop (NO SLEEP - event-driven!)
execution-manager  | 
execution-manager  | [gRPC Client Async] Stream completed, received 1 responses
execution-manager  | [GRPC THREAD 1] Completed
execution-manager  | [SCHEDULER] ⏰ T=10000 ms | T_wall=110854757.806 ms: Launching task 1 'sum1' (deadline: 30000 ms)
execution-manager  | [SCHEDULER] 🕐 Timeout armed for task 1 at T=30000 ms (in 20000 ms)
execution-manager  | [GRPC THREAD 1] Starting...
execution-manager  | [EXECUTION MANAGER] ⏱️ T1=110854757.942 ms | Sending gRPC request for task 1 'sum1'
execution-manager  | [gRPC Channel Pool] Reusing existing channel for localhost:50051
execution-manager  | [gRPC Client Async] Calling task 'sum1' at localhost:50051
execution-manager  | [gRPC Client Async] Inputs: {"total_ops": 100, "io_percentage": 25}
execution-manager  | [gRPC Client Async] Response #1 - Status: COMPLETED
execution-manager  | 🎉 [T=11808 ms] Task 1 'sum1' COMPLETED
execution-manager  | [EXECUTION MANAGER] ⏱️ T2=110854759.432 ms | Thread started (server measured)
execution-manager  | [EXECUTION MANAGER] ⏱️ T3=110856565.153 ms | Task completed (server measured)
execution-manager  | [EXECUTION MANAGER] ⏱️ T4=110856565.879 ms | Result received by client
execution-manager  |    [TASK EXECUTION] 1805.720 ms (T3-T2, measured in thread)
execution-manager  |    [RESULT] {"result": 0}
execution-manager  | 
execution-manager  | ╔═══════════════════════════════════════════════════════════════╗
execution-manager  | ║           END-TO-END TIMING MEASUREMENT RECAP                 ║
execution-manager  | ║                   Task 1: sum1                                 
execution-manager  | ╠═══════════════════════════════════════════════════════════════╣
execution-manager  | ║ T1 (start_request)    = 110854757.942 ms                        ║
execution-manager  | ║ T2 (end_request)      = 110854759.432 ms                        ║
execution-manager  | ║ T3 (start_result)     = 110856565.153 ms                        ║
execution-manager  | ║ T4 (end_result)       = 110856565.879 ms                        ║
execution-manager  | ╠═══════════════════════════════════════════════════════════════╣
execution-manager  | ║ METRICS:                                                      ║
execution-manager  | ║   Request Latency    =        1.491 ms  (T2 - T1)            ║
execution-manager  | ║   Task Execution     =     1805.720 ms  (T3 - T2)            ║
execution-manager  | ║   Response Latency   =        0.726 ms  (T4 - T3)            ║
execution-manager  | ║   Total End-to-End   =     1807.937 ms  (T4 - T1)            ║
execution-manager  | ║   Network Overhead   =        2.216 ms  (Req + Resp)         ║
execution-manager  | ╚═══════════════════════════════════════════════════════════════╝
execution-manager  | 
execution-manager  | [gRPC Client Async] Stream completed, received 1 responses
execution-manager  | [GRPC THREAD 1] Completed
execution-manager  | [SCHEDULER] ✅ T=11809 ms: Task 1 'sum1' completed with status 2
execution-manager  | [SCHEDULER] 🔕 Timeout disarmed for task 1
execution-manager  | [SCHEDULER] 0 tasks remaining
execution-manager  | 
execution-manager  | [SCHEDULER] 🏁 Iteration 19/50 complete!
execution-manager  | [SCHEDULER] Iteration execution time: 11809 ms
execution-manager  | 
execution-manager  | 
execution-manager  | [SCHEDULER] 🔁 ===== ITERATION 20 / 50 =====
execution-manager  | 
execution-manager  | [SCHEDULER] 🚀 Schedule started at T=0
execution-manager  | 
execution-manager  | [SCHEDULER] 🔄 Entering event loop (NO SLEEP - event-driven!)
execution-manager  | 
execution-manager  | [SCHEDULER] ⏰ T=10000 ms | T_wall=110866566.388 ms: Launching task 1 'sum1' (deadline: 30000 ms)
execution-manager  | [SCHEDULER] 🕐 Timeout armed for task 1 at T=30000 ms (in 20000 ms)
execution-manager  | [GRPC THREAD 1] Starting...
execution-manager  | [EXECUTION MANAGER] ⏱️ T1=110866566.521 ms | Sending gRPC request for task 1 'sum1'
execution-manager  | [gRPC Channel Pool] Reusing existing channel for localhost:50051
execution-manager  | [gRPC Client Async] Calling task 'sum1' at localhost:50051
execution-manager  | [gRPC Client Async] Inputs: {"total_ops": 100, "io_percentage": 25}
execution-manager  | [gRPC Client Async] Response #1 - Status: COMPLETED
execution-manager  | 🎉 [T=11808 ms] Task 1 'sum1' COMPLETED
execution-manager  | [EXECUTION MANAGER] ⏱️ T2=110866567.670 ms | Thread started (server measured)
execution-manager  | [EXECUTION MANAGER] ⏱️ T3=110868373.966 ms | Task completed (server measured)
execution-manager  | [EXECUTION MANAGER] ⏱️ T4=110868374.857 ms | Result received by client
execution-manager  |    [TASK EXECUTION] 1806.297 ms (T3-T2, measured in thread)
execution-manager  |    [RESULT] {"result": 0}
execution-manager  | 
execution-manager  | ╔═══════════════════════════════════════════════════════════════╗
execution-manager  | ║           END-TO-END TIMING MEASUREMENT RECAP                 ║
execution-manager  | ║                   Task 1: sum1                                 
execution-manager  | ╠═══════════════════════════════════════════════════════════════╣
execution-manager  | ║ T1 (start_request)    = 110866566.521 ms                        ║
execution-manager  | ║ T2 (end_request)      = 110866567.670 ms                        ║
execution-manager  | ║ T3 (start_result)     = 110868373.966 ms                        ║
execution-manager  | ║ T4 (end_result)       = 110868374.857 ms                        ║
execution-manager  | ╠═══════════════════════════════════════════════════════════════╣
execution-manager  | ║ METRICS:                                                      ║
execution-manager  | ║   Request Latency    =        1.148 ms  (T2 - T1)            ║
execution-manager  | ║   Task Execution     =     1806.297 ms  (T3 - T2)            ║
execution-manager  | ║   Response Latency   =        0.891 ms  (T4 - T3)            ║
execution-manager  | ║   Total End-to-End   =     1808.336 ms  (T4 - T1)            ║
execution-manager  | ║   Network Overhead   =        2.039 ms  (Req + Resp)         ║
execution-manager  | ╚═══════════════════════════════════════════════════════════════╝
execution-manager  | 
execution-manager  | [gRPC Client Async] Stream completed, received 1 responses
execution-manager  | [GRPC THREAD 1] Completed
execution-manager  | [SCHEDULER] ✅ T=11809 ms: Task 1 'sum1' completed with status 2
execution-manager  | [SCHEDULER] 🔕 Timeout disarmed for task 1
execution-manager  | [SCHEDULER] 0 tasks remaining
execution-manager  | 
execution-manager  | [SCHEDULER] 🏁 Iteration 20/50 complete!
execution-manager  | [SCHEDULER] Iteration execution time: 11809 ms
execution-manager  | 
execution-manager  | 
execution-manager  | [SCHEDULER] 🔁 ===== ITERATION 21 / 50 =====
execution-manager  | 
execution-manager  | [SCHEDULER] 🚀 Schedule started at T=0
execution-manager  | 
execution-manager  | [SCHEDULER] 🔄 Entering event loop (NO SLEEP - event-driven!)
execution-manager  | 
execution-manager  | [SCHEDULER] ⏰ T=10000 ms | T_wall=110878375.303 ms: Launching task 1 'sum1' (deadline: 30000 ms)
execution-manager  | [SCHEDULER] 🕐 Timeout armed for task 1 at T=30000 ms (in 20000 ms)
execution-manager  | [GRPC THREAD 1] Starting...
execution-manager  | [EXECUTION MANAGER] ⏱️ T1=110878375.430 ms | Sending gRPC request for task 1 'sum1'
execution-manager  | [gRPC Channel Pool] Reusing existing channel for localhost:50051
execution-manager  | [gRPC Client Async] Calling task 'sum1' at localhost:50051
execution-manager  | [gRPC Client Async] Inputs: {"total_ops": 100, "io_percentage": 25}
execution-manager  | [gRPC Client Async] Response #1 - Status: COMPLETED
execution-manager  | 🎉 [T=11809 ms] Task 1 'sum1' COMPLETED
execution-manager  | [EXECUTION MANAGER] ⏱️ T2=110878377.612 ms | Thread started (server measured)
execution-manager  | [EXECUTION MANAGER] ⏱️ T3=110880184.011 ms | Task completed (server measured)
execution-manager  | [EXECUTION MANAGER] ⏱️ T4=110880184.787 ms | Result received by client
execution-manager  |    [TASK EXECUTION] 1806.398 ms (T3-T2, measured in thread)
execution-manager  |    [RESULT] {"result": 0}
execution-manager  | 
execution-manager  | ╔═══════════════════════════════════════════════════════════════╗
execution-manager  | ║           END-TO-END TIMING MEASUREMENT RECAP                 ║
execution-manager  | ║                   Task 1: sum1                                 
execution-manager  | ╠═══════════════════════════════════════════════════════════════╣
execution-manager  | ║ T1 (start_request)    = 110878375.430 ms                        ║
execution-manager  | ║ T2 (end_request)      = 110878377.612 ms                        ║
execution-manager  | ║ T3 (start_result)     = 110880184.011 ms                        ║
execution-manager  | ║ T4 (end_result)       = 110880184.787 ms                        ║
execution-manager  | ╠═══════════════════════════════════════════════════════════════╣
execution-manager  | ║ METRICS:                                                      ║
execution-manager  | ║   Request Latency    =        2.182 ms  (T2 - T1)            ║
execution-manager  | ║   Task Execution     =     1806.398 ms  (T3 - T2)            ║
execution-manager  | ║   Response Latency   =        0.777 ms  (T4 - T3)            ║
execution-manager  | ║   Total End-to-End   =     1809.357 ms  (T4 - T1)            ║
execution-manager  | ║   Network Overhead   =        2.959 ms  (Req + Resp)         ║
execution-manager  | ╚═══════════════════════════════════════════════════════════════╝
execution-manager  | 
execution-manager  | [gRPC Client Async] Stream completed, received 1 responses
execution-manager  | [GRPC THREAD 1] Completed
execution-manager  | [SCHEDULER] ✅ T=11810 ms: Task 1 'sum1' completed with status 2
execution-manager  | [SCHEDULER] 🔕 Timeout disarmed for task 1
execution-manager  | [SCHEDULER] 0 tasks remaining
execution-manager  | 
execution-manager  | [SCHEDULER] 🏁 Iteration 21/50 complete!
execution-manager  | [SCHEDULER] Iteration execution time: 11810 ms
execution-manager  | 
execution-manager  | 
execution-manager  | [SCHEDULER] 🔁 ===== ITERATION 22 / 50 =====
execution-manager  | 
execution-manager  | [SCHEDULER] 🚀 Schedule started at T=0
execution-manager  | 
execution-manager  | [SCHEDULER] 🔄 Entering event loop (NO SLEEP - event-driven!)
execution-manager  | 
execution-manager  | [SCHEDULER] ⏰ T=10000 ms | T_wall=110890185.240 ms: Launching task 1 'sum1' (deadline: 30000 ms)
execution-manager  | [SCHEDULER] 🕐 Timeout armed for task 1 at T=30000 ms (in 20000 ms)
execution-manager  | [GRPC THREAD 1] Starting...
execution-manager  | [EXECUTION MANAGER] ⏱️ T1=110890185.376 ms | Sending gRPC request for task 1 'sum1'
execution-manager  | [gRPC Channel Pool] Reusing existing channel for localhost:50051
execution-manager  | [gRPC Client Async] Calling task 'sum1' at localhost:50051
execution-manager  | [gRPC Client Async] Inputs: {"total_ops": 100, "io_percentage": 25}
execution-manager  | [gRPC Client Async] Response #1 - Status: COMPLETED
execution-manager  | 🎉 [T=11752 ms] Task 1 'sum1' COMPLETED
execution-manager  | [EXECUTION MANAGER] ⏱️ T2=110890186.372 ms | Thread started (server measured)
execution-manager  | [EXECUTION MANAGER] ⏱️ T3=110891937.046 ms | Task completed (server measured)
execution-manager  | [EXECUTION MANAGER] ⏱️ T4=110891937.782 ms | Result received by client
execution-manager  |    [TASK EXECUTION] 1750.674 ms (T3-T2, measured in thread)
execution-manager  |    [RESULT] {"result": 0}
execution-manager  | 
execution-manager  | ╔═══════════════════════════════════════════════════════════════╗
execution-manager  | ║           END-TO-END TIMING MEASUREMENT RECAP                 ║
execution-manager  | ║                   Task 1: sum1                                 
execution-manager  | ╠═══════════════════════════════════════════════════════════════╣
execution-manager  | ║ T1 (start_request)    = 110890185.376 ms                        ║
execution-manager  | ║ T2 (end_request)      = 110890186.372 ms                        ║
execution-manager  | ║ T3 (start_result)     = 110891937.046 ms                        ║
execution-manager  | ║ T4 (end_result)       = 110891937.782 ms                        ║
execution-manager  | ╠═══════════════════════════════════════════════════════════════╣
execution-manager  | ║ METRICS:                                                      ║
execution-manager  | ║   Request Latency    =        0.996 ms  (T2 - T1)            ║
execution-manager  | ║   Task Execution     =     1750.674 ms  (T3 - T2)            ║
execution-manager  | ║   Response Latency   =        0.736 ms  (T4 - T3)            ║
execution-manager  | ║   Total End-to-End   =     1752.405 ms  (T4 - T1)            ║
execution-manager  | ║   Network Overhead   =        1.732 ms  (Req + Resp)         ║
execution-manager  | ╚═══════════════════════════════════════════════════════════════╝
execution-manager  | 
execution-manager  | [gRPC Client Async] Stream completed, received 1 responses
execution-manager  | [GRPC THREAD 1] Completed
execution-manager  | [SCHEDULER] ✅ T=11753 ms: Task 1 'sum1' completed with status 2
execution-manager  | [SCHEDULER] 🔕 Timeout disarmed for task 1
execution-manager  | [SCHEDULER] 0 tasks remaining
execution-manager  | 
execution-manager  | [SCHEDULER] 🏁 Iteration 22/50 complete!
execution-manager  | [SCHEDULER] Iteration execution time: 11753 ms
execution-manager  | 
execution-manager  | 
execution-manager  | [SCHEDULER] 🔁 ===== ITERATION 23 / 50 =====
execution-manager  | 
execution-manager  | [SCHEDULER] 🚀 Schedule started at T=0
execution-manager  | 
execution-manager  | [SCHEDULER] 🔄 Entering event loop (NO SLEEP - event-driven!)
execution-manager  | 
execution-manager  | [SCHEDULER] ⏰ T=10000 ms | T_wall=110901938.268 ms: Launching task 1 'sum1' (deadline: 30000 ms)
execution-manager  | [SCHEDULER] 🕐 Timeout armed for task 1 at T=30000 ms (in 20000 ms)
execution-manager  | [GRPC THREAD 1] Starting...
execution-manager  | [EXECUTION MANAGER] ⏱️ T1=110901938.406 ms | Sending gRPC request for task 1 'sum1'
execution-manager  | [gRPC Channel Pool] Reusing existing channel for localhost:50051
execution-manager  | [gRPC Client Async] Calling task 'sum1' at localhost:50051
execution-manager  | [gRPC Client Async] Inputs: {"total_ops": 100, "io_percentage": 25}
execution-manager  | [gRPC Client Async] Response #1 - Status: COMPLETED
execution-manager  | 🎉 [T=12099 ms] Task 1 'sum1' COMPLETED
execution-manager  | [EXECUTION MANAGER] ⏱️ T2=110901939.332 ms | Thread started (server measured)
execution-manager  | [EXECUTION MANAGER] ⏱️ T3=110904035.818 ms | Task completed (server measured)
execution-manager  | [EXECUTION MANAGER] ⏱️ T4=110904037.059 ms | Result received by client
execution-manager  |    [TASK EXECUTION] 2096.486 ms (T3-T2, measured in thread)
execution-manager  |    [RESULT] {"result": 0}
execution-manager  | 
execution-manager  | ╔═══════════════════════════════════════════════════════════════╗
execution-manager  | ║           END-TO-END TIMING MEASUREMENT RECAP                 ║
execution-manager  | ║                   Task 1: sum1                                 
execution-manager  | ╠═══════════════════════════════════════════════════════════════╣
execution-manager  | ║ T1 (start_request)    = 110901938.406 ms                        ║
execution-manager  | ║ T2 (end_request)      = 110901939.332 ms                        ║
execution-manager  | ║ T3 (start_result)     = 110904035.818 ms                        ║
execution-manager  | ║ T4 (end_result)       = 110904037.059 ms                        ║
execution-manager  | ╠═══════════════════════════════════════════════════════════════╣
execution-manager  | ║ METRICS:                                                      ║
execution-manager  | ║   Request Latency    =        0.926 ms  (T2 - T1)            ║
execution-manager  | ║   Task Execution     =     2096.486 ms  (T3 - T2)            ║
execution-manager  | ║   Response Latency   =        1.242 ms  (T4 - T3)            ║
execution-manager  | ║   Total End-to-End   =     2098.653 ms  (T4 - T1)            ║
execution-manager  | ║   Network Overhead   =        2.167 ms  (Req + Resp)         ║
execution-manager  | ╚═══════════════════════════════════════════════════════════════╝
execution-manager  | 
execution-manager  | [gRPC Client Async] Stream completed, received 1 responses
execution-manager  | [GRPC THREAD 1] Completed
execution-manager  | [SCHEDULER] ✅ T=12099 ms: Task 1 'sum1' completed with status 2
execution-manager  | [SCHEDULER] 🔕 Timeout disarmed for task 1
execution-manager  | [SCHEDULER] 0 tasks remaining
execution-manager  | 
execution-manager  | [SCHEDULER] 🏁 Iteration 23/50 complete!
execution-manager  | [SCHEDULER] Iteration execution time: 12099 ms
execution-manager  | 
execution-manager  | 
execution-manager  | [SCHEDULER] 🔁 ===== ITERATION 24 / 50 =====
execution-manager  | 
execution-manager  | [SCHEDULER] 🚀 Schedule started at T=0
execution-manager  | 
execution-manager  | [SCHEDULER] 🔄 Entering event loop (NO SLEEP - event-driven!)
execution-manager  | 
execution-manager  | [SCHEDULER] ⏰ T=10000 ms | T_wall=110914037.471 ms: Launching task 1 'sum1' (deadline: 30000 ms)
execution-manager  | [SCHEDULER] 🕐 Timeout armed for task 1 at T=30000 ms (in 20000 ms)
execution-manager  | [GRPC THREAD 1] Starting...
execution-manager  | [EXECUTION MANAGER] ⏱️ T1=110914037.611 ms | Sending gRPC request for task 1 'sum1'
execution-manager  | [gRPC Channel Pool] Reusing existing channel for localhost:50051
execution-manager  | [gRPC Client Async] Calling task 'sum1' at localhost:50051
execution-manager  | [gRPC Client Async] Inputs: {"total_ops": 100, "io_percentage": 25}
execution-manager  | [gRPC Client Async] Response #1 - Status: COMPLETED
execution-manager  | 🎉 [T=11773 ms] Task 1 'sum1' COMPLETED
execution-manager  | [EXECUTION MANAGER] ⏱️ T2=110914038.567 ms | Thread started (server measured)
execution-manager  | [EXECUTION MANAGER] ⏱️ T3=110915809.865 ms | Task completed (server measured)
execution-manager  | [EXECUTION MANAGER] ⏱️ T4=110915810.578 ms | Result received by client
execution-manager  |    [TASK EXECUTION] 1771.298 ms (T3-T2, measured in thread)
execution-manager  |    [RESULT] {"result": 0}
execution-manager  | 
execution-manager  | ╔═══════════════════════════════════════════════════════════════╗
execution-manager  | ║           END-TO-END TIMING MEASUREMENT RECAP                 ║
execution-manager  | ║                   Task 1: sum1                                 
execution-manager  | ╠═══════════════════════════════════════════════════════════════╣
execution-manager  | ║ T1 (start_request)    = 110914037.611 ms                        ║
execution-manager  | ║ T2 (end_request)      = 110914038.567 ms                        ║
execution-manager  | ║ T3 (start_result)     = 110915809.865 ms                        ║
execution-manager  | ║ T4 (end_result)       = 110915810.578 ms                        ║
execution-manager  | ╠═══════════════════════════════════════════════════════════════╣
execution-manager  | ║ METRICS:                                                      ║
execution-manager  | ║   Request Latency    =        0.955 ms  (T2 - T1)            ║
execution-manager  | ║   Task Execution     =     1771.298 ms  (T3 - T2)            ║
execution-manager  | ║   Response Latency   =        0.713 ms  (T4 - T3)            ║
execution-manager  | ║   Total End-to-End   =     1772.967 ms  (T4 - T1)            ║
execution-manager  | ║   Network Overhead   =        1.669 ms  (Req + Resp)         ║
execution-manager  | ╚═══════════════════════════════════════════════════════════════╝
execution-manager  | 
execution-manager  | [gRPC Client Async] Stream completed, received 1 responses
execution-manager  | [GRPC THREAD 1] Completed
execution-manager  | [SCHEDULER] ✅ T=11773 ms: Task 1 'sum1' completed with status 2
execution-manager  | [SCHEDULER] 🔕 Timeout disarmed for task 1
execution-manager  | [SCHEDULER] 0 tasks remaining
execution-manager  | 
execution-manager  | [SCHEDULER] 🏁 Iteration 24/50 complete!
execution-manager  | [SCHEDULER] Iteration execution time: 11773 ms
execution-manager  | 
execution-manager  | 
execution-manager  | [SCHEDULER] 🔁 ===== ITERATION 25 / 50 =====
execution-manager  | 
execution-manager  | [SCHEDULER] 🚀 Schedule started at T=0
execution-manager  | 
execution-manager  | [SCHEDULER] 🔄 Entering event loop (NO SLEEP - event-driven!)
execution-manager  | 
execution-manager  | [SCHEDULER] ⏰ T=10001 ms | T_wall=110925811.036 ms: Launching task 1 'sum1' (deadline: 30000 ms)
execution-manager  | [SCHEDULER] 🕐 Timeout armed for task 1 at T=30000 ms (in 19999 ms)
execution-manager  | [GRPC THREAD 1] Starting...
execution-manager  | [EXECUTION MANAGER] ⏱️ T1=110925811.198 ms | Sending gRPC request for task 1 'sum1'
execution-manager  | [gRPC Channel Pool] Reusing existing channel for localhost:50051
execution-manager  | [gRPC Client Async] Calling task 'sum1' at localhost:50051
execution-manager  | [gRPC Client Async] Inputs: {"total_ops": 100, "io_percentage": 25}
execution-manager  | [gRPC Client Async] Response #1 - Status: COMPLETED
execution-manager  | 🎉 [T=11805 ms] Task 1 'sum1' COMPLETED
execution-manager  | [EXECUTION MANAGER] ⏱️ T2=110925812.110 ms | Thread started (server measured)
execution-manager  | [EXECUTION MANAGER] ⏱️ T3=110927614.939 ms | Task completed (server measured)
execution-manager  | [EXECUTION MANAGER] ⏱️ T4=110927615.634 ms | Result received by client
execution-manager  |    [TASK EXECUTION] 1802.830 ms (T3-T2, measured in thread)
execution-manager  |    [RESULT] {"result": 0}
execution-manager  | 
execution-manager  | ╔═══════════════════════════════════════════════════════════════╗
execution-manager  | ║           END-TO-END TIMING MEASUREMENT RECAP                 ║
execution-manager  | ║                   Task 1: sum1                                 
execution-manager  | ╠═══════════════════════════════════════════════════════════════╣
execution-manager  | ║ T1 (start_request)    = 110925811.198 ms                        ║
execution-manager  | ║ T2 (end_request)      = 110925812.110 ms                        ║
execution-manager  | ║ T3 (start_result)     = 110927614.939 ms                        ║
execution-manager  | ║ T4 (end_result)       = 110927615.634 ms                        ║
execution-manager  | ╠═══════════════════════════════════════════════════════════════╣
execution-manager  | ║ METRICS:                                                      ║
execution-manager  | ║   Request Latency    =        0.912 ms  (T2 - T1)            ║
execution-manager  | ║   Task Execution     =     1802.830 ms  (T3 - T2)            ║
execution-manager  | ║   Response Latency   =        0.694 ms  (T4 - T3)            ║
execution-manager  | ║   Total End-to-End   =     1804.436 ms  (T4 - T1)            ║
execution-manager  | ║   Network Overhead   =        1.606 ms  (Req + Resp)         ║
execution-manager  | ╚═══════════════════════════════════════════════════════════════╝
execution-manager  | 
execution-manager  | [gRPC Client Async] Stream completed, received 1 responses
execution-manager  | [GRPC THREAD 1] Completed
execution-manager  | [SCHEDULER] ✅ T=11806 ms: Task 1 'sum1' completed with status 2
execution-manager  | [SCHEDULER] 🔕 Timeout disarmed for task 1
execution-manager  | [SCHEDULER] 0 tasks remaining
execution-manager  | 
execution-manager  | [SCHEDULER] 🏁 Iteration 25/50 complete!
execution-manager  | [SCHEDULER] Iteration execution time: 11806 ms
execution-manager  | 
execution-manager  | 
execution-manager  | [SCHEDULER] 🔁 ===== ITERATION 26 / 50 =====
execution-manager  | 
execution-manager  | [SCHEDULER] 🚀 Schedule started at T=0
execution-manager  | 
execution-manager  | [SCHEDULER] 🔄 Entering event loop (NO SLEEP - event-driven!)
execution-manager  | 
execution-manager  | [SCHEDULER] ⏰ T=10000 ms | T_wall=110937616.148 ms: Launching task 1 'sum1' (deadline: 30000 ms)
execution-manager  | [SCHEDULER] 🕐 Timeout armed for task 1 at T=30000 ms (in 20000 ms)
execution-manager  | [GRPC THREAD 1] Starting...
execution-manager  | [EXECUTION MANAGER] ⏱️ T1=110937616.281 ms | Sending gRPC request for task 1 'sum1'
execution-manager  | [gRPC Channel Pool] Reusing existing channel for localhost:50051
execution-manager  | [gRPC Client Async] Calling task 'sum1' at localhost:50051
execution-manager  | [gRPC Client Async] Inputs: {"total_ops": 100, "io_percentage": 25}
execution-manager  | [gRPC Client Async] Response #1 - Status: COMPLETED
execution-manager  | 🎉 [T=11806 ms] Task 1 'sum1' COMPLETED
execution-manager  | [EXECUTION MANAGER] ⏱️ T2=110937617.399 ms | Thread started (server measured)
execution-manager  | [EXECUTION MANAGER] ⏱️ T3=110939421.762 ms | Task completed (server measured)
execution-manager  | [EXECUTION MANAGER] ⏱️ T4=110939422.523 ms | Result received by client
execution-manager  |    [TASK EXECUTION] 1804.363 ms (T3-T2, measured in thread)
execution-manager  |    [RESULT] {"result": 0}
execution-manager  | 
execution-manager  | ╔═══════════════════════════════════════════════════════════════╗
execution-manager  | ║           END-TO-END TIMING MEASUREMENT RECAP                 ║
execution-manager  | ║                   Task 1: sum1                                 
execution-manager  | ╠═══════════════════════════════════════════════════════════════╣
execution-manager  | ║ T1 (start_request)    = 110937616.281 ms                        ║
execution-manager  | ║ T2 (end_request)      = 110937617.399 ms                        ║
execution-manager  | ║ T3 (start_result)     = 110939421.762 ms                        ║
execution-manager  | ║ T4 (end_result)       = 110939422.523 ms                        ║
execution-manager  | ╠═══════════════════════════════════════════════════════════════╣
execution-manager  | ║ METRICS:                                                      ║
execution-manager  | ║   Request Latency    =        1.118 ms  (T2 - T1)            ║
execution-manager  | ║   Task Execution     =     1804.363 ms  (T3 - T2)            ║
execution-manager  | ║   Response Latency   =        0.760 ms  (T4 - T3)            ║
execution-manager  | ║   Total End-to-End   =     1806.241 ms  (T4 - T1)            ║
execution-manager  | ║   Network Overhead   =        1.878 ms  (Req + Resp)         ║
execution-manager  | ╚═══════════════════════════════════════════════════════════════╝
execution-manager  | 
execution-manager  | [SCHEDULER] ✅ T=11806 ms: Task 1 'sum1' completed with status 2
execution-manager  | [SCHEDULER] 🔕 Timeout disarmed for task 1
execution-manager  | [SCHEDULER] 0 tasks remaining
execution-manager  | 
execution-manager  | [SCHEDULER] 🏁 Iteration 26/50 complete!
execution-manager  | [SCHEDULER] Iteration execution time: 11806 ms
execution-manager  | 
execution-manager  | 
execution-manager  | [SCHEDULER] 🔁 ===== ITERATION 27 / 50 =====
execution-manager  | 
execution-manager  | [SCHEDULER] 🚀 Schedule started at T=0
execution-manager  | 
execution-manager  | [SCHEDULER] 🔄 Entering event loop (NO SLEEP - event-driven!)
execution-manager  | 
execution-manager  | [gRPC Client Async] Stream completed, received 1 responses
execution-manager  | [GRPC THREAD 1] Completed
execution-manager  | [SCHEDULER] ⏰ T=10000 ms | T_wall=110949422.773 ms: Launching task 1 'sum1' (deadline: 30000 ms)
execution-manager  | [SCHEDULER] 🕐 Timeout armed for task 1 at T=30000 ms (in 20000 ms)
execution-manager  | [GRPC THREAD 1] Starting...
execution-manager  | [EXECUTION MANAGER] ⏱️ T1=110949422.915 ms | Sending gRPC request for task 1 'sum1'
execution-manager  | [gRPC Channel Pool] Reusing existing channel for localhost:50051
execution-manager  | [gRPC Client Async] Calling task 'sum1' at localhost:50051
execution-manager  | [gRPC Client Async] Inputs: {"total_ops": 100, "io_percentage": 25}
execution-manager  | [gRPC Client Async] Response #1 - Status: COMPLETED
execution-manager  | 🎉 [T=11808 ms] Task 1 'sum1' COMPLETED
execution-manager  | [EXECUTION MANAGER] ⏱️ T2=110949423.957 ms | Thread started (server measured)
execution-manager  | [EXECUTION MANAGER] ⏱️ T3=110951229.088 ms | Task completed (server measured)
execution-manager  | [EXECUTION MANAGER] ⏱️ T4=110951230.147 ms | Result received by client
execution-manager  |    [TASK EXECUTION] 1805.131 ms (T3-T2, measured in thread)
execution-manager  |    [RESULT] {"result": 0}
execution-manager  | 
execution-manager  | ╔═══════════════════════════════════════════════════════════════╗
execution-manager  | ║           END-TO-END TIMING MEASUREMENT RECAP                 ║
execution-manager  | ║                   Task 1: sum1                                 
execution-manager  | ╠═══════════════════════════════════════════════════════════════╣
execution-manager  | ║ T1 (start_request)    = 110949422.915 ms                        ║
execution-manager  | ║ T2 (end_request)      = 110949423.957 ms                        ║
execution-manager  | ║ T3 (start_result)     = 110951229.088 ms                        ║
execution-manager  | ║ T4 (end_result)       = 110951230.147 ms                        ║
execution-manager  | ╠═══════════════════════════════════════════════════════════════╣
execution-manager  | ║ METRICS:                                                      ║
execution-manager  | ║   Request Latency    =        1.042 ms  (T2 - T1)            ║
execution-manager  | ║   Task Execution     =     1805.131 ms  (T3 - T2)            ║
execution-manager  | ║   Response Latency   =        1.059 ms  (T4 - T3)            ║
execution-manager  | ║   Total End-to-End   =     1807.232 ms  (T4 - T1)            ║
execution-manager  | ║   Network Overhead   =        2.101 ms  (Req + Resp)         ║
execution-manager  | ╚═══════════════════════════════════════════════════════════════╝
execution-manager  | 
execution-manager  | [gRPC Client Async] Stream completed, received 1 responses
execution-manager  | [GRPC THREAD 1] Completed
execution-manager  | [SCHEDULER] ✅ T=11808 ms: Task 1 'sum1' completed with status 2
execution-manager  | [SCHEDULER] 🔕 Timeout disarmed for task 1
execution-manager  | [SCHEDULER] 0 tasks remaining
execution-manager  | 
execution-manager  | [SCHEDULER] 🏁 Iteration 27/50 complete!
execution-manager  | [SCHEDULER] Iteration execution time: 11808 ms
execution-manager  | 
execution-manager  | 
execution-manager  | [SCHEDULER] 🔁 ===== ITERATION 28 / 50 =====
execution-manager  | 
execution-manager  | [SCHEDULER] 🚀 Schedule started at T=0
execution-manager  | 
execution-manager  | [SCHEDULER] 🔄 Entering event loop (NO SLEEP - event-driven!)
execution-manager  | 
execution-manager  | [SCHEDULER] ⏰ T=10000 ms | T_wall=110961230.596 ms: Launching task 1 'sum1' (deadline: 30000 ms)
execution-manager  | [SCHEDULER] 🕐 Timeout armed for task 1 at T=30000 ms (in 20000 ms)
execution-manager  | [GRPC THREAD 1] Starting...
execution-manager  | [EXECUTION MANAGER] ⏱️ T1=110961230.732 ms | Sending gRPC request for task 1 'sum1'
execution-manager  | [gRPC Channel Pool] Reusing existing channel for localhost:50051
execution-manager  | [gRPC Client Async] Calling task 'sum1' at localhost:50051
execution-manager  | [gRPC Client Async] Inputs: {"total_ops": 100, "io_percentage": 25}
execution-manager  | [gRPC Client Async] Response #1 - Status: COMPLETED
execution-manager  | 🎉 [T=11756 ms] Task 1 'sum1' COMPLETED
execution-manager  | [EXECUTION MANAGER] ⏱️ T2=110961231.736 ms | Thread started (server measured)
execution-manager  | [EXECUTION MANAGER] ⏱️ T3=110962986.213 ms | Task completed (server measured)
execution-manager  | [EXECUTION MANAGER] ⏱️ T4=110962986.983 ms | Result received by client
execution-manager  |    [TASK EXECUTION] 1754.476 ms (T3-T2, measured in thread)
execution-manager  |    [RESULT] {"result": 0}
execution-manager  | 
execution-manager  | ╔═══════════════════════════════════════════════════════════════╗
execution-manager  | ║           END-TO-END TIMING MEASUREMENT RECAP                 ║
execution-manager  | ║                   Task 1: sum1                                 
execution-manager  | ╠═══════════════════════════════════════════════════════════════╣
execution-manager  | ║ T1 (start_request)    = 110961230.732 ms                        ║
execution-manager  | ║ T2 (end_request)      = 110961231.736 ms                        ║
execution-manager  | ║ T3 (start_result)     = 110962986.213 ms                        ║
execution-manager  | ║ T4 (end_result)       = 110962986.983 ms                        ║
execution-manager  | ╠═══════════════════════════════════════════════════════════════╣
execution-manager  | ║ METRICS:                                                      ║
execution-manager  | ║   Request Latency    =        1.004 ms  (T2 - T1)            ║
execution-manager  | ║   Task Execution     =     1754.476 ms  (T3 - T2)            ║
execution-manager  | ║   Response Latency   =        0.771 ms  (T4 - T3)            ║
execution-manager  | ║   Total End-to-End   =     1756.251 ms  (T4 - T1)            ║
execution-manager  | ║   Network Overhead   =        1.774 ms  (Req + Resp)         ║
execution-manager  | ╚═══════════════════════════════════════════════════════════════╝
execution-manager  | 
execution-manager  | [gRPC Client Async] Stream completed, received 1 responses
execution-manager  | [GRPC THREAD 1] Completed
execution-manager  | [SCHEDULER] ✅ T=11757 ms: Task 1 'sum1' completed with status 2
execution-manager  | [SCHEDULER] 🔕 Timeout disarmed for task 1
execution-manager  | [SCHEDULER] 0 tasks remaining
execution-manager  | 
execution-manager  | [SCHEDULER] 🏁 Iteration 28/50 complete!
execution-manager  | [SCHEDULER] Iteration execution time: 11757 ms
execution-manager  | 
execution-manager  | 
execution-manager  | [SCHEDULER] 🔁 ===== ITERATION 29 / 50 =====
execution-manager  | 
execution-manager  | [SCHEDULER] 🚀 Schedule started at T=0
execution-manager  | 
execution-manager  | [SCHEDULER] 🔄 Entering event loop (NO SLEEP - event-driven!)
execution-manager  | 
execution-manager  | [SCHEDULER] ⏰ T=10000 ms | T_wall=110972987.546 ms: Launching task 1 'sum1' (deadline: 30000 ms)
execution-manager  | [SCHEDULER] 🕐 Timeout armed for task 1 at T=30000 ms (in 20000 ms)
execution-manager  | [GRPC THREAD 1] Starting...
execution-manager  | [EXECUTION MANAGER] ⏱️ T1=110972987.687 ms | Sending gRPC request for task 1 'sum1'
execution-manager  | [gRPC Channel Pool] Reusing existing channel for localhost:50051
execution-manager  | [gRPC Client Async] Calling task 'sum1' at localhost:50051
execution-manager  | [gRPC Client Async] Inputs: {"total_ops": 100, "io_percentage": 25}
execution-manager  | [gRPC Client Async] Response #1 - Status: COMPLETED
execution-manager  | 🎉 [T=11805 ms] Task 1 'sum1' COMPLETED
execution-manager  | [EXECUTION MANAGER] ⏱️ T2=110972988.571 ms | Thread started (server measured)
execution-manager  | [EXECUTION MANAGER] ⏱️ T3=110974792.180 ms | Task completed (server measured)
execution-manager  | [EXECUTION MANAGER] ⏱️ T4=110974792.912 ms | Result received by client
execution-manager  |    [TASK EXECUTION] 1803.609 ms (T3-T2, measured in thread)
execution-manager  |    [RESULT] {"result": 0}
execution-manager  | 
execution-manager  | ╔═══════════════════════════════════════════════════════════════╗
execution-manager  | ║           END-TO-END TIMING MEASUREMENT RECAP                 ║
execution-manager  | ║                   Task 1: sum1                                 
execution-manager  | ╠═══════════════════════════════════════════════════════════════╣
execution-manager  | ║ T1 (start_request)    = 110972987.687 ms                        ║
execution-manager  | ║ T2 (end_request)      = 110972988.571 ms                        ║
execution-manager  | ║ T3 (start_result)     = 110974792.180 ms                        ║
execution-manager  | ║ T4 (end_result)       = 110974792.912 ms                        ║
execution-manager  | ╠═══════════════════════════════════════════════════════════════╣
execution-manager  | ║ METRICS:                                                      ║
execution-manager  | ║   Request Latency    =        0.884 ms  (T2 - T1)            ║
execution-manager  | ║   Task Execution     =     1803.609 ms  (T3 - T2)            ║
execution-manager  | ║   Response Latency   =        0.732 ms  (T4 - T3)            ║
execution-manager  | ║   Total End-to-End   =     1805.225 ms  (T4 - T1)            ║
execution-manager  | ║   Network Overhead   =        1.616 ms  (Req + Resp)         ║
execution-manager  | ╚═══════════════════════════════════════════════════════════════╝
execution-manager  | 
execution-manager  | [gRPC Client Async] Stream completed, received 1 responses
execution-manager  | [GRPC THREAD 1] Completed
execution-manager  | [SCHEDULER] ✅ T=11806 ms: Task 1 'sum1' completed with status 2
execution-manager  | [SCHEDULER] 🔕 Timeout disarmed for task 1
execution-manager  | [SCHEDULER] 0 tasks remaining
execution-manager  | 
execution-manager  | [SCHEDULER] 🏁 Iteration 29/50 complete!
execution-manager  | [SCHEDULER] Iteration execution time: 11806 ms
execution-manager  | 
execution-manager  | 
execution-manager  | [SCHEDULER] 🔁 ===== ITERATION 30 / 50 =====
execution-manager  | 
execution-manager  | [SCHEDULER] 🚀 Schedule started at T=0
execution-manager  | 
execution-manager  | [SCHEDULER] 🔄 Entering event loop (NO SLEEP - event-driven!)
execution-manager  | 
execution-manager  | [SCHEDULER] ⏰ T=10000 ms | T_wall=110984793.426 ms: Launching task 1 'sum1' (deadline: 30000 ms)
execution-manager  | [SCHEDULER] 🕐 Timeout armed for task 1 at T=30000 ms (in 20000 ms)
execution-manager  | [GRPC THREAD 1] Starting...
execution-manager  | [EXECUTION MANAGER] ⏱️ T1=110984793.559 ms | Sending gRPC request for task 1 'sum1'
execution-manager  | [gRPC Channel Pool] Reusing existing channel for localhost:50051
execution-manager  | [gRPC Client Async] Calling task 'sum1' at localhost:50051
execution-manager  | [gRPC Client Async] Inputs: {"total_ops": 100, "io_percentage": 25}
execution-manager  | [gRPC Client Async] Response #1 - Status: COMPLETED
execution-manager  | 🎉 [T=11804 ms] Task 1 'sum1' COMPLETED
execution-manager  | [EXECUTION MANAGER] ⏱️ T2=110984794.676 ms | Thread started (server measured)
execution-manager  | [EXECUTION MANAGER] ⏱️ T3=110986596.292 ms | Task completed (server measured)
execution-manager  | [EXECUTION MANAGER] ⏱️ T4=110986597.020 ms | Result received by client
execution-manager  |    [TASK EXECUTION] 1801.616 ms (T3-T2, measured in thread)
execution-manager  |    [RESULT] {"result": 0}
execution-manager  | 
execution-manager  | ╔═══════════════════════════════════════════════════════════════╗
execution-manager  | ║           END-TO-END TIMING MEASUREMENT RECAP                 ║
execution-manager  | ║                   Task 1: sum1                                 
execution-manager  | ╠═══════════════════════════════════════════════════════════════╣
execution-manager  | ║ T1 (start_request)    = 110984793.559 ms                        ║
execution-manager  | ║ T2 (end_request)      = 110984794.676 ms                        ║
execution-manager  | ║ T3 (start_result)     = 110986596.292 ms                        ║
execution-manager  | ║ T4 (end_result)       = 110986597.020 ms                        ║
execution-manager  | ╠═══════════════════════════════════════════════════════════════╣
execution-manager  | ║ METRICS:                                                      ║
execution-manager  | ║   Request Latency    =        1.117 ms  (T2 - T1)            ║
execution-manager  | ║   Task Execution     =     1801.616 ms  (T3 - T2)            ║
execution-manager  | ║   Response Latency   =        0.728 ms  (T4 - T3)            ║
execution-manager  | ║   Total End-to-End   =     1803.461 ms  (T4 - T1)            ║
execution-manager  | ║   Network Overhead   =        1.845 ms  (Req + Resp)         ║
execution-manager  | ╚═══════════════════════════════════════════════════════════════╝
execution-manager  | 
execution-manager  | [gRPC Client Async] Stream completed, received 1 responses
execution-manager  | [GRPC THREAD 1] Completed
execution-manager  | [SCHEDULER] ✅ T=11804 ms: Task 1 'sum1' completed with status 2
execution-manager  | [SCHEDULER] 🔕 Timeout disarmed for task 1
execution-manager  | [SCHEDULER] 0 tasks remaining
execution-manager  | 
execution-manager  | [SCHEDULER] 🏁 Iteration 30/50 complete!
execution-manager  | [SCHEDULER] Iteration execution time: 11804 ms
execution-manager  | 
execution-manager  | 
execution-manager  | [SCHEDULER] 🔁 ===== ITERATION 31 / 50 =====
execution-manager  | 
execution-manager  | [SCHEDULER] 🚀 Schedule started at T=0
execution-manager  | 
execution-manager  | [SCHEDULER] 🔄 Entering event loop (NO SLEEP - event-driven!)
execution-manager  | 
execution-manager  | [SCHEDULER] ⏰ T=10000 ms | T_wall=110996597.523 ms: Launching task 1 'sum1' (deadline: 30000 ms)
execution-manager  | [SCHEDULER] 🕐 Timeout armed for task 1 at T=30000 ms (in 20000 ms)
execution-manager  | [GRPC THREAD 1] Starting...
execution-manager  | [EXECUTION MANAGER] ⏱️ T1=110996597.654 ms | Sending gRPC request for task 1 'sum1'
execution-manager  | [gRPC Channel Pool] Reusing existing channel for localhost:50051
execution-manager  | [gRPC Client Async] Calling task 'sum1' at localhost:50051
execution-manager  | [gRPC Client Async] Inputs: {"total_ops": 100, "io_percentage": 25}
execution-manager  | [gRPC Client Async] Response #1 - Status: COMPLETED
execution-manager  | 🎉 [T=11809 ms] Task 1 'sum1' COMPLETED
execution-manager  | [EXECUTION MANAGER] ⏱️ T2=110996598.549 ms | Thread started (server measured)
execution-manager  | [EXECUTION MANAGER] ⏱️ T3=110998405.972 ms | Task completed (server measured)
execution-manager  | [EXECUTION MANAGER] ⏱️ T4=110998406.844 ms | Result received by client
execution-manager  |    [TASK EXECUTION] 1807.423 ms (T3-T2, measured in thread)
execution-manager  |    [RESULT] {"result": 0}
execution-manager  | 
execution-manager  | ╔═══════════════════════════════════════════════════════════════╗
execution-manager  | ║           END-TO-END TIMING MEASUREMENT RECAP                 ║
execution-manager  | ║                   Task 1: sum1                                 
execution-manager  | ╠═══════════════════════════════════════════════════════════════╣
execution-manager  | ║ T1 (start_request)    = 110996597.654 ms                        ║
execution-manager  | ║ T2 (end_request)      = 110996598.549 ms                        ║
execution-manager  | ║ T3 (start_result)     = 110998405.972 ms                        ║
execution-manager  | ║ T4 (end_result)       = 110998406.844 ms                        ║
execution-manager  | ╠═══════════════════════════════════════════════════════════════╣
execution-manager  | ║ METRICS:                                                      ║
execution-manager  | ║   Request Latency    =        0.894 ms  (T2 - T1)            ║
execution-manager  | ║   Task Execution     =     1807.423 ms  (T3 - T2)            ║
execution-manager  | ║   Response Latency   =        0.872 ms  (T4 - T3)            ║
execution-manager  | ║   Total End-to-End   =     1809.190 ms  (T4 - T1)            ║
execution-manager  | ║   Network Overhead   =        1.766 ms  (Req + Resp)         ║
execution-manager  | ╚═══════════════════════════════════════════════════════════════╝
execution-manager  | 
execution-manager  | [gRPC Client Async] Stream completed, received 1 responses
execution-manager  | [GRPC THREAD 1] Completed
execution-manager  | [SCHEDULER] ✅ T=11810 ms: Task 1 'sum1' completed with status 2
execution-manager  | [SCHEDULER] 🔕 Timeout disarmed for task 1
execution-manager  | [SCHEDULER] 0 tasks remaining
execution-manager  | 
execution-manager  | [SCHEDULER] 🏁 Iteration 31/50 complete!
execution-manager  | [SCHEDULER] Iteration execution time: 11810 ms
execution-manager  | 
execution-manager  | 
execution-manager  | [SCHEDULER] 🔁 ===== ITERATION 32 / 50 =====
execution-manager  | 
execution-manager  | [SCHEDULER] 🚀 Schedule started at T=0
execution-manager  | 
execution-manager  | [SCHEDULER] 🔄 Entering event loop (NO SLEEP - event-driven!)
execution-manager  | 
execution-manager  | [SCHEDULER] ⏰ T=10000 ms | T_wall=111008407.319 ms: Launching task 1 'sum1' (deadline: 30000 ms)
execution-manager  | [SCHEDULER] 🕐 Timeout armed for task 1 at T=30000 ms (in 20000 ms)
execution-manager  | [GRPC THREAD 1] Starting...
execution-manager  | [EXECUTION MANAGER] ⏱️ T1=111008407.460 ms | Sending gRPC request for task 1 'sum1'
execution-manager  | [gRPC Channel Pool] Reusing existing channel for localhost:50051
execution-manager  | [gRPC Client Async] Calling task 'sum1' at localhost:50051
execution-manager  | [gRPC Client Async] Inputs: {"total_ops": 100, "io_percentage": 25}
execution-manager  | [gRPC Client Async] Response #1 - Status: COMPLETED
execution-manager  | 🎉 [T=11808 ms] Task 1 'sum1' COMPLETED
execution-manager  | [EXECUTION MANAGER] ⏱️ T2=111008408.709 ms | Thread started (server measured)
execution-manager  | [EXECUTION MANAGER] ⏱️ T3=111010214.731 ms | Task completed (server measured)
execution-manager  | [EXECUTION MANAGER] ⏱️ T4=111010215.488 ms | Result received by client
execution-manager  |    [TASK EXECUTION] 1806.022 ms (T3-T2, measured in thread)
execution-manager  |    [RESULT] {"result": 0}
execution-manager  | 
execution-manager  | ╔═══════════════════════════════════════════════════════════════╗
execution-manager  | ║           END-TO-END TIMING MEASUREMENT RECAP                 ║
execution-manager  | ║                   Task 1: sum1                                 
execution-manager  | ╠═══════════════════════════════════════════════════════════════╣
execution-manager  | ║ T1 (start_request)    = 111008407.460 ms                        ║
execution-manager  | ║ T2 (end_request)      = 111008408.709 ms                        ║
execution-manager  | ║ T3 (start_result)     = 111010214.731 ms                        ║
execution-manager  | ║ T4 (end_result)       = 111010215.488 ms                        ║
execution-manager  | ╠═══════════════════════════════════════════════════════════════╣
execution-manager  | ║ METRICS:                                                      ║
execution-manager  | ║   Request Latency    =        1.249 ms  (T2 - T1)            ║
execution-manager  | ║   Task Execution     =     1806.022 ms  (T3 - T2)            ║
execution-manager  | ║   Response Latency   =        0.758 ms  (T4 - T3)            ║
execution-manager  | ║   Total End-to-End   =     1808.028 ms  (T4 - T1)            ║
execution-manager  | ║   Network Overhead   =        2.006 ms  (Req + Resp)         ║
execution-manager  | ╚═══════════════════════════════════════════════════════════════╝
execution-manager  | 
execution-manager  | [SCHEDULER] ✅ T=11808 ms: Task 1 'sum1' completed with status 2
execution-manager  | [SCHEDULER] 🔕 Timeout disarmed for task 1
execution-manager  | [SCHEDULER] 0 tasks remaining
execution-manager  | 
execution-manager  | [SCHEDULER] 🏁 Iteration 32/50 complete!
execution-manager  | [SCHEDULER] Iteration execution time: 11808 ms
execution-manager  | 
execution-manager  | 
execution-manager  | [SCHEDULER] 🔁 ===== ITERATION 33 / 50 =====
execution-manager  | 
execution-manager  | [SCHEDULER] 🚀 Schedule started at T=0
execution-manager  | 
execution-manager  | [SCHEDULER] 🔄 Entering event loop (NO SLEEP - event-driven!)
execution-manager  | 
execution-manager  | [gRPC Client Async] Stream completed, received 1 responses
execution-manager  | [GRPC THREAD 1] Completed
execution-manager  | [SCHEDULER] ⏰ T=10000 ms | T_wall=111020215.709 ms: Launching task 1 'sum1' (deadline: 30000 ms)
execution-manager  | [SCHEDULER] 🕐 Timeout armed for task 1 at T=30000 ms (in 20000 ms)
execution-manager  | [GRPC THREAD 1] Starting...
execution-manager  | [EXECUTION MANAGER] ⏱️ T1=111020215.844 ms | Sending gRPC request for task 1 'sum1'
execution-manager  | [gRPC Channel Pool] Reusing existing channel for localhost:50051
execution-manager  | [gRPC Client Async] Calling task 'sum1' at localhost:50051
execution-manager  | [gRPC Client Async] Inputs: {"total_ops": 100, "io_percentage": 25}
execution-manager  | [gRPC Client Async] Response #1 - Status: COMPLETED
execution-manager  | 🎉 [T=11755 ms] Task 1 'sum1' COMPLETED
execution-manager  | [EXECUTION MANAGER] ⏱️ T2=111020217.055 ms | Thread started (server measured)
execution-manager  | [EXECUTION MANAGER] ⏱️ T3=111021969.981 ms | Task completed (server measured)
execution-manager  | [EXECUTION MANAGER] ⏱️ T4=111021970.652 ms | Result received by client
execution-manager  |    [TASK EXECUTION] 1752.926 ms (T3-T2, measured in thread)
execution-manager  |    [RESULT] {"result": 0}
execution-manager  | 
execution-manager  | ╔═══════════════════════════════════════════════════════════════╗
execution-manager  | ║           END-TO-END TIMING MEASUREMENT RECAP                 ║
execution-manager  | ║                   Task 1: sum1                                 
execution-manager  | ╠═══════════════════════════════════════════════════════════════╣
execution-manager  | ║ T1 (start_request)    = 111020215.844 ms                        ║
execution-manager  | ║ T2 (end_request)      = 111020217.055 ms                        ║
execution-manager  | ║ T3 (start_result)     = 111021969.981 ms                        ║
execution-manager  | ║ T4 (end_result)       = 111021970.652 ms                        ║
execution-manager  | ╠═══════════════════════════════════════════════════════════════╣
execution-manager  | ║ METRICS:                                                      ║
execution-manager  | ║   Request Latency    =        1.211 ms  (T2 - T1)            ║
execution-manager  | ║   Task Execution     =     1752.926 ms  (T3 - T2)            ║
execution-manager  | ║   Response Latency   =        0.670 ms  (T4 - T3)            ║
execution-manager  | ║   Total End-to-End   =     1754.808 ms  (T4 - T1)            ║
execution-manager  | ║   Network Overhead   =        1.882 ms  (Req + Resp)         ║
execution-manager  | ╚═══════════════════════════════════════════════════════════════╝
execution-manager  | 
execution-manager  | [gRPC Client Async] Stream completed, received 1 responses
execution-manager  | [GRPC THREAD 1] Completed
execution-manager  | [SCHEDULER] ✅ T=11756 ms: Task 1 'sum1' completed with status 2
execution-manager  | [SCHEDULER] 🔕 Timeout disarmed for task 1
execution-manager  | [SCHEDULER] 0 tasks remaining
execution-manager  | 
execution-manager  | [SCHEDULER] 🏁 Iteration 33/50 complete!
execution-manager  | [SCHEDULER] Iteration execution time: 11756 ms
execution-manager  | 
execution-manager  | 
execution-manager  | [SCHEDULER] 🔁 ===== ITERATION 34 / 50 =====
execution-manager  | 
execution-manager  | [SCHEDULER] 🚀 Schedule started at T=0
execution-manager  | 
execution-manager  | [SCHEDULER] 🔄 Entering event loop (NO SLEEP - event-driven!)
execution-manager  | 
execution-manager  | [SCHEDULER] ⏰ T=10000 ms | T_wall=111031971.170 ms: Launching task 1 'sum1' (deadline: 30000 ms)
execution-manager  | [SCHEDULER] 🕐 Timeout armed for task 1 at T=30000 ms (in 20000 ms)
execution-manager  | [GRPC THREAD 1] Starting...
execution-manager  | [EXECUTION MANAGER] ⏱️ T1=111031971.316 ms | Sending gRPC request for task 1 'sum1'
execution-manager  | [gRPC Channel Pool] Reusing existing channel for localhost:50051
execution-manager  | [gRPC Client Async] Calling task 'sum1' at localhost:50051
execution-manager  | [gRPC Client Async] Inputs: {"total_ops": 100, "io_percentage": 25}
execution-manager  | [gRPC Client Async] Response #1 - Status: COMPLETED
execution-manager  | 🎉 [T=11805 ms] Task 1 'sum1' COMPLETED
execution-manager  | [EXECUTION MANAGER] ⏱️ T2=111031972.228 ms | Thread started (server measured)
execution-manager  | [EXECUTION MANAGER] ⏱️ T3=111033775.546 ms | Task completed (server measured)
execution-manager  | [EXECUTION MANAGER] ⏱️ T4=111033776.295 ms | Result received by client
execution-manager  |    [TASK EXECUTION] 1803.318 ms (T3-T2, measured in thread)
execution-manager  |    [RESULT] {"result": 0}
execution-manager  | 
execution-manager  | ╔═══════════════════════════════════════════════════════════════╗
execution-manager  | ║           END-TO-END TIMING MEASUREMENT RECAP                 ║
execution-manager  | ║                   Task 1: sum1                                 
execution-manager  | ╠═══════════════════════════════════════════════════════════════╣
execution-manager  | ║ T1 (start_request)    = 111031971.316 ms                        ║
execution-manager  | ║ T2 (end_request)      = 111031972.228 ms                        ║
execution-manager  | ║ T3 (start_result)     = 111033775.546 ms                        ║
execution-manager  | ║ T4 (end_result)       = 111033776.295 ms                        ║
execution-manager  | ╠═══════════════════════════════════════════════════════════════╣
execution-manager  | ║ METRICS:                                                      ║
execution-manager  | ║   Request Latency    =        0.912 ms  (T2 - T1)            ║
execution-manager  | ║   Task Execution     =     1803.318 ms  (T3 - T2)            ║
execution-manager  | ║   Response Latency   =        0.749 ms  (T4 - T3)            ║
execution-manager  | ║   Total End-to-End   =     1804.979 ms  (T4 - T1)            ║
execution-manager  | ║   Network Overhead   =        1.661 ms  (Req + Resp)         ║
execution-manager  | ╚═══════════════════════════════════════════════════════════════╝
execution-manager  | 
execution-manager  | [SCHEDULER] ✅ T=11805 ms: Task 1 'sum1' completed with status 2
execution-manager  | [SCHEDULER] 🔕 Timeout disarmed for task 1
execution-manager  | [SCHEDULER] 0 tasks remaining
execution-manager  | 
execution-manager  | [SCHEDULER] 🏁 Iteration 34/50 complete!
execution-manager  | [SCHEDULER] Iteration execution time: 11805 ms
execution-manager  | 
execution-manager  | 
execution-manager  | [SCHEDULER] 🔁 ===== ITERATION 35 / 50 =====
execution-manager  | 
execution-manager  | [SCHEDULER] 🚀 Schedule started at T=0
execution-manager  | 
execution-manager  | [SCHEDULER] 🔄 Entering event loop (NO SLEEP - event-driven!)
execution-manager  | 
execution-manager  | [gRPC Client Async] Stream completed, received 1 responses
execution-manager  | [GRPC THREAD 1] Completed
execution-manager  | [SCHEDULER] ⏰ T=10000 ms | T_wall=111043776.539 ms: Launching task 1 'sum1' (deadline: 30000 ms)
execution-manager  | [SCHEDULER] 🕐 Timeout armed for task 1 at T=30000 ms (in 20000 ms)
execution-manager  | [GRPC THREAD 1] Starting...
execution-manager  | [EXECUTION MANAGER] ⏱️ T1=111043776.674 ms | Sending gRPC request for task 1 'sum1'
execution-manager  | [gRPC Channel Pool] Reusing existing channel for localhost:50051
execution-manager  | [gRPC Client Async] Calling task 'sum1' at localhost:50051
execution-manager  | [gRPC Client Async] Inputs: {"total_ops": 100, "io_percentage": 25}
execution-manager  | [gRPC Client Async] Response #1 - Status: COMPLETED
execution-manager  | 🎉 [T=11806 ms] Task 1 'sum1' COMPLETED
execution-manager  | [EXECUTION MANAGER] ⏱️ T2=111043777.625 ms | Thread started (server measured)
execution-manager  | [EXECUTION MANAGER] ⏱️ T3=111045582.000 ms | Task completed (server measured)
execution-manager  | [EXECUTION MANAGER] ⏱️ T4=111045582.670 ms | Result received by client
execution-manager  |    [TASK EXECUTION] 1804.375 ms (T3-T2, measured in thread)
execution-manager  |    [RESULT] {"result": 0}
execution-manager  | 
execution-manager  | ╔═══════════════════════════════════════════════════════════════╗
execution-manager  | ║           END-TO-END TIMING MEASUREMENT RECAP                 ║
execution-manager  | ║                   Task 1: sum1                                 
execution-manager  | ╠═══════════════════════════════════════════════════════════════╣
execution-manager  | ║ T1 (start_request)    = 111043776.674 ms                        ║
execution-manager  | ║ T2 (end_request)      = 111043777.625 ms                        ║
execution-manager  | ║ T3 (start_result)     = 111045582.000 ms                        ║
execution-manager  | ║ T4 (end_result)       = 111045582.670 ms                        ║
execution-manager  | ╠═══════════════════════════════════════════════════════════════╣
execution-manager  | ║ METRICS:                                                      ║
execution-manager  | ║   Request Latency    =        0.951 ms  (T2 - T1)            ║
execution-manager  | ║   Task Execution     =     1804.375 ms  (T3 - T2)            ║
execution-manager  | ║   Response Latency   =        0.669 ms  (T4 - T3)            ║
execution-manager  | ║   Total End-to-End   =     1805.996 ms  (T4 - T1)            ║
execution-manager  | ║   Network Overhead   =        1.620 ms  (Req + Resp)         ║
execution-manager  | ╚═══════════════════════════════════════════════════════════════╝
execution-manager  | 
execution-manager  | [gRPC Client Async] Stream completed, received 1 responses
execution-manager  | [GRPC THREAD 1] Completed
execution-manager  | [SCHEDULER] ✅ T=11807 ms: Task 1 'sum1' completed with status 2
execution-manager  | [SCHEDULER] 🔕 Timeout disarmed for task 1
execution-manager  | [SCHEDULER] 0 tasks remaining
execution-manager  | 
execution-manager  | [SCHEDULER] 🏁 Iteration 35/50 complete!
execution-manager  | [SCHEDULER] Iteration execution time: 11807 ms
execution-manager  | 
execution-manager  | 
execution-manager  | [SCHEDULER] 🔁 ===== ITERATION 36 / 50 =====
execution-manager  | 
execution-manager  | [SCHEDULER] 🚀 Schedule started at T=0
execution-manager  | 
execution-manager  | [SCHEDULER] 🔄 Entering event loop (NO SLEEP - event-driven!)
execution-manager  | 
execution-manager  | [SCHEDULER] ⏰ T=10000 ms | T_wall=111055583.147 ms: Launching task 1 'sum1' (deadline: 30000 ms)
execution-manager  | [SCHEDULER] 🕐 Timeout armed for task 1 at T=30000 ms (in 20000 ms)
execution-manager  | [GRPC THREAD 1] Starting...
execution-manager  | [EXECUTION MANAGER] ⏱️ T1=111055583.289 ms | Sending gRPC request for task 1 'sum1'
execution-manager  | [gRPC Channel Pool] Reusing existing channel for localhost:50051
execution-manager  | [gRPC Client Async] Calling task 'sum1' at localhost:50051
execution-manager  | [gRPC Client Async] Inputs: {"total_ops": 100, "io_percentage": 25}
execution-manager  | [gRPC Client Async] Response #1 - Status: COMPLETED
execution-manager  | 🎉 [T=11806 ms] Task 1 'sum1' COMPLETED
execution-manager  | [EXECUTION MANAGER] ⏱️ T2=111055584.402 ms | Thread started (server measured)
execution-manager  | [EXECUTION MANAGER] ⏱️ T3=111057388.516 ms | Task completed (server measured)
execution-manager  | [EXECUTION MANAGER] ⏱️ T4=111057389.535 ms | Result received by client
execution-manager  |    [TASK EXECUTION] 1804.114 ms (T3-T2, measured in thread)
execution-manager  |    [RESULT] {"result": 0}
execution-manager  | 
execution-manager  | ╔═══════════════════════════════════════════════════════════════╗
execution-manager  | ║           END-TO-END TIMING MEASUREMENT RECAP                 ║
execution-manager  | ║                   Task 1: sum1                                 
execution-manager  | ╠═══════════════════════════════════════════════════════════════╣
execution-manager  | ║ T1 (start_request)    = 111055583.289 ms                        ║
execution-manager  | ║ T2 (end_request)      = 111055584.402 ms                        ║
execution-manager  | ║ T3 (start_result)     = 111057388.516 ms                        ║
execution-manager  | ║ T4 (end_result)       = 111057389.535 ms                        ║
execution-manager  | ╠═══════════════════════════════════════════════════════════════╣
execution-manager  | ║ METRICS:                                                      ║
execution-manager  | ║   Request Latency    =        1.113 ms  (T2 - T1)            ║
execution-manager  | ║   Task Execution     =     1804.114 ms  (T3 - T2)            ║
execution-manager  | ║   Response Latency   =        1.019 ms  (T4 - T3)            ║
execution-manager  | ║   Total End-to-End   =     1806.246 ms  (T4 - T1)            ║
execution-manager  | ║   Network Overhead   =        2.132 ms  (Req + Resp)         ║
execution-manager  | ╚═══════════════════════════════════════════════════════════════╝
execution-manager  | 
execution-manager  | [gRPC Client Async] Stream completed, received 1 responses
execution-manager  | [GRPC THREAD 1] Completed
execution-manager  | [SCHEDULER] ✅ T=11806 ms: Task 1 'sum1' completed with status 2
execution-manager  | [SCHEDULER] 🔕 Timeout disarmed for task 1
execution-manager  | [SCHEDULER] 0 tasks remaining
execution-manager  | 
execution-manager  | [SCHEDULER] 🏁 Iteration 36/50 complete!
execution-manager  | [SCHEDULER] Iteration execution time: 11806 ms
execution-manager  | 
execution-manager  | 
execution-manager  | [SCHEDULER] 🔁 ===== ITERATION 37 / 50 =====
execution-manager  | 
execution-manager  | [SCHEDULER] 🚀 Schedule started at T=0
execution-manager  | 
execution-manager  | [SCHEDULER] 🔄 Entering event loop (NO SLEEP - event-driven!)
execution-manager  | 
execution-manager  | [SCHEDULER] ⏰ T=10000 ms | T_wall=111067389.956 ms: Launching task 1 'sum1' (deadline: 30000 ms)
execution-manager  | [SCHEDULER] 🕐 Timeout armed for task 1 at T=30000 ms (in 19999 ms)
execution-manager  | [GRPC THREAD 1] Starting...
execution-manager  | [EXECUTION MANAGER] ⏱️ T1=111067390.097 ms | Sending gRPC request for task 1 'sum1'
execution-manager  | [gRPC Channel Pool] Reusing existing channel for localhost:50051
execution-manager  | [gRPC Client Async] Calling task 'sum1' at localhost:50051
execution-manager  | [gRPC Client Async] Inputs: {"total_ops": 100, "io_percentage": 25}
execution-manager  | [gRPC Client Async] Response #1 - Status: COMPLETED
execution-manager  | 🎉 [T=11809 ms] Task 1 'sum1' COMPLETED
execution-manager  | [EXECUTION MANAGER] ⏱️ T2=111067391.065 ms | Thread started (server measured)
execution-manager  | [EXECUTION MANAGER] ⏱️ T3=111069197.330 ms | Task completed (server measured)
execution-manager  | [EXECUTION MANAGER] ⏱️ T4=111069198.063 ms | Result received by client
execution-manager  |    [TASK EXECUTION] 1806.265 ms (T3-T2, measured in thread)
execution-manager  |    [RESULT] {"result": 0}
execution-manager  | 
execution-manager  | ╔═══════════════════════════════════════════════════════════════╗
execution-manager  | ║           END-TO-END TIMING MEASUREMENT RECAP                 ║
execution-manager  | ║                   Task 1: sum1                                 
execution-manager  | ╠═══════════════════════════════════════════════════════════════╣
execution-manager  | ║ T1 (start_request)    = 111067390.097 ms                        ║
execution-manager  | ║ T2 (end_request)      = 111067391.065 ms                        ║
execution-manager  | ║ T3 (start_result)     = 111069197.330 ms                        ║
execution-manager  | ║ T4 (end_result)       = 111069198.063 ms                        ║
execution-manager  | ╠═══════════════════════════════════════════════════════════════╣
execution-manager  | ║ METRICS:                                                      ║
execution-manager  | ║   Request Latency    =        0.968 ms  (T2 - T1)            ║
execution-manager  | ║   Task Execution     =     1806.265 ms  (T3 - T2)            ║
execution-manager  | ║   Response Latency   =        0.733 ms  (T4 - T3)            ║
execution-manager  | ║   Total End-to-End   =     1807.966 ms  (T4 - T1)            ║
execution-manager  | ║   Network Overhead   =        1.701 ms  (Req + Resp)         ║
execution-manager  | ╚═══════════════════════════════════════════════════════════════╝
execution-manager  | 
execution-manager  | [gRPC Client Async] Stream completed, received 1 responses
execution-manager  | [GRPC THREAD 1] Completed
execution-manager  | [SCHEDULER] ✅ T=11809 ms: Task 1 'sum1' completed with status 2
execution-manager  | [SCHEDULER] 🔕 Timeout disarmed for task 1
execution-manager  | [SCHEDULER] 0 tasks remaining
execution-manager  | 
execution-manager  | [SCHEDULER] 🏁 Iteration 37/50 complete!
execution-manager  | [SCHEDULER] Iteration execution time: 11809 ms
execution-manager  | 
execution-manager  | 
execution-manager  | [SCHEDULER] 🔁 ===== ITERATION 38 / 50 =====
execution-manager  | 
execution-manager  | [SCHEDULER] 🚀 Schedule started at T=0
execution-manager  | 
execution-manager  | [SCHEDULER] 🔄 Entering event loop (NO SLEEP - event-driven!)
execution-manager  | 
execution-manager  | [SCHEDULER] ⏰ T=10000 ms | T_wall=111079198.559 ms: Launching task 1 'sum1' (deadline: 30000 ms)
execution-manager  | [SCHEDULER] 🕐 Timeout armed for task 1 at T=30000 ms (in 20000 ms)
execution-manager  | [GRPC THREAD 1] Starting...
execution-manager  | [EXECUTION MANAGER] ⏱️ T1=111079198.695 ms | Sending gRPC request for task 1 'sum1'
execution-manager  | [gRPC Channel Pool] Reusing existing channel for localhost:50051
execution-manager  | [gRPC Client Async] Calling task 'sum1' at localhost:50051
execution-manager  | [gRPC Client Async] Inputs: {"total_ops": 100, "io_percentage": 25}
execution-manager  | [gRPC Client Async] Response #1 - Status: COMPLETED
execution-manager  | 🎉 [T=11756 ms] Task 1 'sum1' COMPLETED
execution-manager  | [EXECUTION MANAGER] ⏱️ T2=111079199.825 ms | Thread started (server measured)
execution-manager  | [EXECUTION MANAGER] ⏱️ T3=111080953.414 ms | Task completed (server measured)
execution-manager  | [EXECUTION MANAGER] ⏱️ T4=111080954.129 ms | Result received by client
execution-manager  |    [TASK EXECUTION] 1753.589 ms (T3-T2, measured in thread)
execution-manager  |    [RESULT] {"result": 0}
execution-manager  | 
execution-manager  | ╔═══════════════════════════════════════════════════════════════╗
execution-manager  | ║           END-TO-END TIMING MEASUREMENT RECAP                 ║
execution-manager  | ║                   Task 1: sum1                                 
execution-manager  | ╠═══════════════════════════════════════════════════════════════╣
execution-manager  | ║ T1 (start_request)    = 111079198.695 ms                        ║
execution-manager  | ║ T2 (end_request)      = 111079199.825 ms                        ║
execution-manager  | ║ T3 (start_result)     = 111080953.414 ms                        ║
execution-manager  | ║ T4 (end_result)       = 111080954.129 ms                        ║
execution-manager  | ╠═══════════════════════════════════════════════════════════════╣
execution-manager  | ║ METRICS:                                                      ║
execution-manager  | ║   Request Latency    =        1.130 ms  (T2 - T1)            ║
execution-manager  | ║   Task Execution     =     1753.589 ms  (T3 - T2)            ║
execution-manager  | ║   Response Latency   =        0.715 ms  (T4 - T3)            ║
execution-manager  | ║   Total End-to-End   =     1755.434 ms  (T4 - T1)            ║
execution-manager  | ║   Network Overhead   =        1.845 ms  (Req + Resp)         ║
execution-manager  | ╚═══════════════════════════════════════════════════════════════╝
execution-manager  | 
execution-manager  | [gRPC Client Async] Stream completed, received 1 responses
execution-manager  | [GRPC THREAD 1] Completed
execution-manager  | [SCHEDULER] ✅ T=11756 ms: Task 1 'sum1' completed with status 2
execution-manager  | [SCHEDULER] 🔕 Timeout disarmed for task 1
execution-manager  | [SCHEDULER] 0 tasks remaining
execution-manager  | 
execution-manager  | [SCHEDULER] 🏁 Iteration 38/50 complete!
execution-manager  | [SCHEDULER] Iteration execution time: 11756 ms
execution-manager  | 
execution-manager  | 
execution-manager  | [SCHEDULER] 🔁 ===== ITERATION 39 / 50 =====
execution-manager  | 
execution-manager  | [SCHEDULER] 🚀 Schedule started at T=0
execution-manager  | 
execution-manager  | [SCHEDULER] 🔄 Entering event loop (NO SLEEP - event-driven!)
execution-manager  | 
execution-manager  | [SCHEDULER] ⏰ T=10000 ms | T_wall=111090954.603 ms: Launching task 1 'sum1' (deadline: 30000 ms)
execution-manager  | [SCHEDULER] 🕐 Timeout armed for task 1 at T=30000 ms (in 20000 ms)
execution-manager  | [GRPC THREAD 1] Starting...
execution-manager  | [EXECUTION MANAGER] ⏱️ T1=111090954.739 ms | Sending gRPC request for task 1 'sum1'
execution-manager  | [gRPC Channel Pool] Reusing existing channel for localhost:50051
execution-manager  | [gRPC Client Async] Calling task 'sum1' at localhost:50051
execution-manager  | [gRPC Client Async] Inputs: {"total_ops": 100, "io_percentage": 25}
execution-manager  | [gRPC Client Async] Response #1 - Status: COMPLETED
execution-manager  | 🎉 [T=11807 ms] Task 1 'sum1' COMPLETED
execution-manager  | [EXECUTION MANAGER] ⏱️ T2=111090955.791 ms | Thread started (server measured)
execution-manager  | [EXECUTION MANAGER] ⏱️ T3=111092760.492 ms | Task completed (server measured)
execution-manager  | [EXECUTION MANAGER] ⏱️ T4=111092761.224 ms | Result received by client
execution-manager  |    [TASK EXECUTION] 1804.700 ms (T3-T2, measured in thread)
execution-manager  |    [RESULT] {"result": 0}
execution-manager  | 
execution-manager  | ╔═══════════════════════════════════════════════════════════════╗
execution-manager  | ║           END-TO-END TIMING MEASUREMENT RECAP                 ║
execution-manager  | ║                   Task 1: sum1                                 
execution-manager  | ╠═══════════════════════════════════════════════════════════════╣
execution-manager  | ║ T1 (start_request)    = 111090954.739 ms                        ║
execution-manager  | ║ T2 (end_request)      = 111090955.791 ms                        ║
execution-manager  | ║ T3 (start_result)     = 111092760.492 ms                        ║
execution-manager  | ║ T4 (end_result)       = 111092761.224 ms                        ║
execution-manager  | ╠═══════════════════════════════════════════════════════════════╣
execution-manager  | ║ METRICS:                                                      ║
execution-manager  | ║   Request Latency    =        1.053 ms  (T2 - T1)            ║
execution-manager  | ║   Task Execution     =     1804.700 ms  (T3 - T2)            ║
execution-manager  | ║   Response Latency   =        0.732 ms  (T4 - T3)            ║
execution-manager  | ║   Total End-to-End   =     1806.485 ms  (T4 - T1)            ║
execution-manager  | ║   Network Overhead   =        1.785 ms  (Req + Resp)         ║
execution-manager  | ╚═══════════════════════════════════════════════════════════════╝
execution-manager  | 
execution-manager  | [SCHEDULER] ✅ T=11807 ms: Task 1 'sum1' completed with status 2
execution-manager  | [SCHEDULER] 🔕 Timeout disarmed for task 1
execution-manager  | [SCHEDULER] 0 tasks remaining
execution-manager  | 
execution-manager  | [SCHEDULER] 🏁 Iteration 39/50 complete!
execution-manager  | [SCHEDULER] Iteration execution time: 11807 ms
execution-manager  | 
execution-manager  | 
execution-manager  | [SCHEDULER] 🔁 ===== ITERATION 40 / 50 =====
execution-manager  | 
execution-manager  | [SCHEDULER] 🚀 Schedule started at T=0
execution-manager  | 
execution-manager  | [SCHEDULER] 🔄 Entering event loop (NO SLEEP - event-driven!)
execution-manager  | 
execution-manager  | [gRPC Client Async] Stream completed, received 1 responses
execution-manager  | [GRPC THREAD 1] Completed
execution-manager  | [SCHEDULER] ⏰ T=10000 ms | T_wall=111102761.440 ms: Launching task 1 'sum1' (deadline: 30000 ms)
execution-manager  | [SCHEDULER] 🕐 Timeout armed for task 1 at T=30000 ms (in 20000 ms)
execution-manager  | [GRPC THREAD 1] Starting...
execution-manager  | [EXECUTION MANAGER] ⏱️ T1=111102761.580 ms | Sending gRPC request for task 1 'sum1'
execution-manager  | [gRPC Channel Pool] Reusing existing channel for localhost:50051
execution-manager  | [gRPC Client Async] Calling task 'sum1' at localhost:50051
execution-manager  | [gRPC Client Async] Inputs: {"total_ops": 100, "io_percentage": 25}
execution-manager  | [gRPC Client Async] Response #1 - Status: COMPLETED
execution-manager  | 🎉 [T=11805 ms] Task 1 'sum1' COMPLETED
execution-manager  | [EXECUTION MANAGER] ⏱️ T2=111102762.597 ms | Thread started (server measured)
execution-manager  | [EXECUTION MANAGER] ⏱️ T3=111104566.241 ms | Task completed (server measured)
execution-manager  | [EXECUTION MANAGER] ⏱️ T4=111104566.951 ms | Result received by client
execution-manager  |    [TASK EXECUTION] 1803.644 ms (T3-T2, measured in thread)
execution-manager  |    [RESULT] {"result": 0}
execution-manager  | 
execution-manager  | ╔═══════════════════════════════════════════════════════════════╗
execution-manager  | ║           END-TO-END TIMING MEASUREMENT RECAP                 ║
execution-manager  | ║                   Task 1: sum1                                 
execution-manager  | ╠═══════════════════════════════════════════════════════════════╣
execution-manager  | ║ T1 (start_request)    = 111102761.580 ms                        ║
execution-manager  | ║ T2 (end_request)      = 111102762.597 ms                        ║
execution-manager  | ║ T3 (start_result)     = 111104566.241 ms                        ║
execution-manager  | ║ T4 (end_result)       = 111104566.951 ms                        ║
execution-manager  | ╠═══════════════════════════════════════════════════════════════╣
execution-manager  | ║ METRICS:                                                      ║
execution-manager  | ║   Request Latency    =        1.016 ms  (T2 - T1)            ║
execution-manager  | ║   Task Execution     =     1803.644 ms  (T3 - T2)            ║
execution-manager  | ║   Response Latency   =        0.710 ms  (T4 - T3)            ║
execution-manager  | ║   Total End-to-End   =     1805.370 ms  (T4 - T1)            ║
execution-manager  | ║   Network Overhead   =        1.727 ms  (Req + Resp)         ║
execution-manager  | ╚═══════════════════════════════════════════════════════════════╝
execution-manager  | 
execution-manager  | [gRPC Client Async] Stream completed, received 1 responses
execution-manager  | [GRPC THREAD 1] Completed
execution-manager  | [SCHEDULER] ✅ T=11806 ms: Task 1 'sum1' completed with status 2
execution-manager  | [SCHEDULER] 🔕 Timeout disarmed for task 1
execution-manager  | [SCHEDULER] 0 tasks remaining
execution-manager  | 
execution-manager  | [SCHEDULER] 🏁 Iteration 40/50 complete!
execution-manager  | [SCHEDULER] Iteration execution time: 11806 ms
execution-manager  | 
execution-manager  | 
execution-manager  | [SCHEDULER] 🔁 ===== ITERATION 41 / 50 =====
execution-manager  | 
execution-manager  | [SCHEDULER] 🚀 Schedule started at T=0
execution-manager  | 
execution-manager  | [SCHEDULER] 🔄 Entering event loop (NO SLEEP - event-driven!)
execution-manager  | 
execution-manager  | [SCHEDULER] ⏰ T=10000 ms | T_wall=111114567.474 ms: Launching task 1 'sum1' (deadline: 30000 ms)
execution-manager  | [SCHEDULER] 🕐 Timeout armed for task 1 at T=30000 ms (in 20000 ms)
execution-manager  | [GRPC THREAD 1] Starting...
execution-manager  | [EXECUTION MANAGER] ⏱️ T1=111114567.606 ms | Sending gRPC request for task 1 'sum1'
execution-manager  | [gRPC Channel Pool] Reusing existing channel for localhost:50051
execution-manager  | [gRPC Client Async] Calling task 'sum1' at localhost:50051
execution-manager  | [gRPC Client Async] Inputs: {"total_ops": 100, "io_percentage": 25}
execution-manager  | [gRPC Client Async] Response #1 - Status: COMPLETED
execution-manager  | 🎉 [T=11806 ms] Task 1 'sum1' COMPLETED
execution-manager  | [EXECUTION MANAGER] ⏱️ T2=111114568.580 ms | Thread started (server measured)
execution-manager  | [EXECUTION MANAGER] ⏱️ T3=111116372.596 ms | Task completed (server measured)
execution-manager  | [EXECUTION MANAGER] ⏱️ T4=111116373.375 ms | Result received by client
execution-manager  |    [TASK EXECUTION] 1804.016 ms (T3-T2, measured in thread)
execution-manager  |    [RESULT] {"result": 0}
execution-manager  | 
execution-manager  | ╔═══════════════════════════════════════════════════════════════╗
execution-manager  | ║           END-TO-END TIMING MEASUREMENT RECAP                 ║
execution-manager  | ║                   Task 1: sum1                                 
execution-manager  | ╠═══════════════════════════════════════════════════════════════╣
execution-manager  | ║ T1 (start_request)    = 111114567.606 ms                        ║
execution-manager  | ║ T2 (end_request)      = 111114568.580 ms                        ║
execution-manager  | ║ T3 (start_result)     = 111116372.596 ms                        ║
execution-manager  | ║ T4 (end_result)       = 111116373.375 ms                        ║
execution-manager  | ╠═══════════════════════════════════════════════════════════════╣
execution-manager  | ║ METRICS:                                                      ║
execution-manager  | ║   Request Latency    =        0.974 ms  (T2 - T1)            ║
execution-manager  | ║   Task Execution     =     1804.016 ms  (T3 - T2)            ║
execution-manager  | ║   Response Latency   =        0.779 ms  (T4 - T3)            ║
execution-manager  | ║   Total End-to-End   =     1805.769 ms  (T4 - T1)            ║
execution-manager  | ║   Network Overhead   =        1.753 ms  (Req + Resp)         ║
execution-manager  | ╚═══════════════════════════════════════════════════════════════╝
execution-manager  | 
execution-manager  | [SCHEDULER] ✅ T=11806 ms: Task 1 'sum1' completed with status 2
execution-manager  | [SCHEDULER] 🔕 Timeout disarmed for task 1
execution-manager  | [SCHEDULER] 0 tasks remaining
execution-manager  | 
execution-manager  | [SCHEDULER] 🏁 Iteration 41/50 complete!
execution-manager  | [SCHEDULER] Iteration execution time: 11806 ms
execution-manager  | 
execution-manager  | 
execution-manager  | [SCHEDULER] 🔁 ===== ITERATION 42 / 50 =====
execution-manager  | 
execution-manager  | [SCHEDULER] 🚀 Schedule started at T=0
execution-manager  | 
execution-manager  | [SCHEDULER] 🔄 Entering event loop (NO SLEEP - event-driven!)
execution-manager  | 
execution-manager  | [gRPC Client Async] Stream completed, received 1 responses
execution-manager  | [GRPC THREAD 1] Completed
execution-manager  | [SCHEDULER] ⏰ T=10000 ms | T_wall=111126373.617 ms: Launching task 1 'sum1' (deadline: 30000 ms)
execution-manager  | [SCHEDULER] 🕐 Timeout armed for task 1 at T=30000 ms (in 20000 ms)
execution-manager  | [GRPC THREAD 1] Starting...
execution-manager  | [EXECUTION MANAGER] ⏱️ T1=111126373.750 ms | Sending gRPC request for task 1 'sum1'
execution-manager  | [gRPC Channel Pool] Reusing existing channel for localhost:50051
execution-manager  | [gRPC Client Async] Calling task 'sum1' at localhost:50051
execution-manager  | [gRPC Client Async] Inputs: {"total_ops": 100, "io_percentage": 25}
execution-manager  | [gRPC Client Async] Response #1 - Status: COMPLETED
execution-manager  | 🎉 [T=11807 ms] Task 1 'sum1' COMPLETED
execution-manager  | [EXECUTION MANAGER] ⏱️ T2=111126374.712 ms | Thread started (server measured)
execution-manager  | [EXECUTION MANAGER] ⏱️ T3=111128180.039 ms | Task completed (server measured)
execution-manager  | [EXECUTION MANAGER] ⏱️ T4=111128180.757 ms | Result received by client
execution-manager  |    [TASK EXECUTION] 1805.327 ms (T3-T2, measured in thread)
execution-manager  |    [RESULT] {"result": 0}
execution-manager  | 
execution-manager  | ╔═══════════════════════════════════════════════════════════════╗
execution-manager  | ║           END-TO-END TIMING MEASUREMENT RECAP                 ║
execution-manager  | ║                   Task 1: sum1                                 
execution-manager  | ╠═══════════════════════════════════════════════════════════════╣
execution-manager  | ║ T1 (start_request)    = 111126373.750 ms                        ║
execution-manager  | ║ T2 (end_request)      = 111126374.712 ms                        ║
execution-manager  | ║ T3 (start_result)     = 111128180.039 ms                        ║
execution-manager  | ║ T4 (end_result)       = 111128180.757 ms                        ║
execution-manager  | ╠═══════════════════════════════════════════════════════════════╣
execution-manager  | ║ METRICS:                                                      ║
execution-manager  | ║   Request Latency    =        0.962 ms  (T2 - T1)            ║
execution-manager  | ║   Task Execution     =     1805.327 ms  (T3 - T2)            ║
execution-manager  | ║   Response Latency   =        0.718 ms  (T4 - T3)            ║
execution-manager  | ║   Total End-to-End   =     1807.007 ms  (T4 - T1)            ║
execution-manager  | ║   Network Overhead   =        1.680 ms  (Req + Resp)         ║
execution-manager  | ╚═══════════════════════════════════════════════════════════════╝
execution-manager  | 
execution-manager  | [gRPC Client Async] Stream completed, received 1 responses
execution-manager  | [GRPC THREAD 1] Completed
execution-manager  | [SCHEDULER] ✅ T=11808 ms: Task 1 'sum1' completed with status 2
execution-manager  | [SCHEDULER] 🔕 Timeout disarmed for task 1
execution-manager  | [SCHEDULER] 0 tasks remaining
execution-manager  | 
execution-manager  | [SCHEDULER] 🏁 Iteration 42/50 complete!
execution-manager  | [SCHEDULER] Iteration execution time: 11808 ms
execution-manager  | 
execution-manager  | 
execution-manager  | [SCHEDULER] 🔁 ===== ITERATION 43 / 50 =====
execution-manager  | 
execution-manager  | [SCHEDULER] 🚀 Schedule started at T=0
execution-manager  | 
execution-manager  | [SCHEDULER] 🔄 Entering event loop (NO SLEEP - event-driven!)
execution-manager  | 
execution-manager  | [SCHEDULER] ⏰ T=10000 ms | T_wall=111138181.218 ms: Launching task 1 'sum1' (deadline: 30000 ms)
execution-manager  | [SCHEDULER] 🕐 Timeout armed for task 1 at T=30000 ms (in 20000 ms)
execution-manager  | [GRPC THREAD 1] Starting...
execution-manager  | [EXECUTION MANAGER] ⏱️ T1=111138181.416 ms | Sending gRPC request for task 1 'sum1'
execution-manager  | [gRPC Channel Pool] Reusing existing channel for localhost:50051
execution-manager  | [gRPC Client Async] Calling task 'sum1' at localhost:50051
execution-manager  | [gRPC Client Async] Inputs: {"total_ops": 100, "io_percentage": 25}
execution-manager  | [gRPC Client Async] Response #1 - Status: COMPLETED
execution-manager  | 🎉 [T=11755 ms] Task 1 'sum1' COMPLETED
execution-manager  | [EXECUTION MANAGER] ⏱️ T2=111138182.425 ms | Thread started (server measured)
execution-manager  | [EXECUTION MANAGER] ⏱️ T3=111139936.307 ms | Task completed (server measured)
execution-manager  | [EXECUTION MANAGER] ⏱️ T4=111139936.981 ms | Result received by client
execution-manager  |    [TASK EXECUTION] 1753.882 ms (T3-T2, measured in thread)
execution-manager  |    [RESULT] {"result": 0}
execution-manager  | 
execution-manager  | ╔═══════════════════════════════════════════════════════════════╗
execution-manager  | ║           END-TO-END TIMING MEASUREMENT RECAP                 ║
execution-manager  | ║                   Task 1: sum1                                 
execution-manager  | ╠═══════════════════════════════════════════════════════════════╣
execution-manager  | ║ T1 (start_request)    = 111138181.416 ms                        ║
execution-manager  | ║ T2 (end_request)      = 111138182.425 ms                        ║
execution-manager  | ║ T3 (start_result)     = 111139936.307 ms                        ║
execution-manager  | ║ T4 (end_result)       = 111139936.981 ms                        ║
execution-manager  | ╠═══════════════════════════════════════════════════════════════╣
execution-manager  | ║ METRICS:                                                      ║
execution-manager  | ║   Request Latency    =        1.009 ms  (T2 - T1)            ║
execution-manager  | ║   Task Execution     =     1753.882 ms  (T3 - T2)            ║
execution-manager  | ║   Response Latency   =        0.674 ms  (T4 - T3)            ║
execution-manager  | ║   Total End-to-End   =     1755.565 ms  (T4 - T1)            ║
execution-manager  | ║   Network Overhead   =        1.683 ms  (Req + Resp)         ║
execution-manager  | ╚═══════════════════════════════════════════════════════════════╝
execution-manager  | 
execution-manager  | [gRPC Client Async] Stream completed, received 1 responses
execution-manager  | [GRPC THREAD 1] Completed
execution-manager  | [SCHEDULER] ✅ T=11756 ms: Task 1 'sum1' completed with status 2
execution-manager  | [SCHEDULER] 🔕 Timeout disarmed for task 1
execution-manager  | [SCHEDULER] 0 tasks remaining
execution-manager  | 
execution-manager  | [SCHEDULER] 🏁 Iteration 43/50 complete!
execution-manager  | [SCHEDULER] Iteration execution time: 11756 ms
execution-manager  | 
execution-manager  | 
execution-manager  | [SCHEDULER] 🔁 ===== ITERATION 44 / 50 =====
execution-manager  | 
execution-manager  | [SCHEDULER] 🚀 Schedule started at T=0
execution-manager  | 
execution-manager  | [SCHEDULER] 🔄 Entering event loop (NO SLEEP - event-driven!)
execution-manager  | 
execution-manager  | [SCHEDULER] ⏰ T=10000 ms | T_wall=111149937.447 ms: Launching task 1 'sum1' (deadline: 30000 ms)
execution-manager  | [SCHEDULER] 🕐 Timeout armed for task 1 at T=30000 ms (in 20000 ms)
execution-manager  | [GRPC THREAD 1] Starting...
execution-manager  | [EXECUTION MANAGER] ⏱️ T1=111149937.583 ms | Sending gRPC request for task 1 'sum1'
execution-manager  | [gRPC Channel Pool] Reusing existing channel for localhost:50051
execution-manager  | [gRPC Client Async] Calling task 'sum1' at localhost:50051
execution-manager  | [gRPC Client Async] Inputs: {"total_ops": 100, "io_percentage": 25}
execution-manager  | [gRPC Client Async] Response #1 - Status: COMPLETED
execution-manager  | 🎉 [T=11809 ms] Task 1 'sum1' COMPLETED
execution-manager  | [EXECUTION MANAGER] ⏱️ T2=111149938.504 ms | Thread started (server measured)
execution-manager  | [EXECUTION MANAGER] ⏱️ T3=111151745.713 ms | Task completed (server measured)
execution-manager  | [EXECUTION MANAGER] ⏱️ T4=111151746.406 ms | Result received by client
execution-manager  |    [TASK EXECUTION] 1807.209 ms (T3-T2, measured in thread)
execution-manager  |    [RESULT] {"result": 0}
execution-manager  | 
execution-manager  | ╔═══════════════════════════════════════════════════════════════╗
execution-manager  | ║           END-TO-END TIMING MEASUREMENT RECAP                 ║
execution-manager  | ║                   Task 1: sum1                                 
execution-manager  | ╠═══════════════════════════════════════════════════════════════╣
execution-manager  | ║ T1 (start_request)    = 111149937.583 ms                        ║
execution-manager  | ║ T2 (end_request)      = 111149938.504 ms                        ║
execution-manager  | ║ T3 (start_result)     = 111151745.713 ms                        ║
execution-manager  | ║ T4 (end_result)       = 111151746.406 ms                        ║
execution-manager  | ╠═══════════════════════════════════════════════════════════════╣
execution-manager  | ║ METRICS:                                                      ║
execution-manager  | ║   Request Latency    =        0.920 ms  (T2 - T1)            ║
execution-manager  | ║   Task Execution     =     1807.209 ms  (T3 - T2)            ║
execution-manager  | ║   Response Latency   =        0.693 ms  (T4 - T3)            ║
execution-manager  | ║   Total End-to-End   =     1808.823 ms  (T4 - T1)            ║
execution-manager  | ║   Network Overhead   =        1.613 ms  (Req + Resp)         ║
execution-manager  | ╚═══════════════════════════════════════════════════════════════╝
execution-manager  | 
execution-manager  | [gRPC Client Async] Stream completed, received 1 responses
execution-manager  | [GRPC THREAD 1] Completed
execution-manager  | [SCHEDULER] ✅ T=11809 ms: Task 1 'sum1' completed with status 2
execution-manager  | [SCHEDULER] 🔕 Timeout disarmed for task 1
execution-manager  | [SCHEDULER] 0 tasks remaining
execution-manager  | 
execution-manager  | [SCHEDULER] 🏁 Iteration 44/50 complete!
execution-manager  | [SCHEDULER] Iteration execution time: 11809 ms
execution-manager  | 
execution-manager  | 
execution-manager  | [SCHEDULER] 🔁 ===== ITERATION 45 / 50 =====
execution-manager  | 
execution-manager  | [SCHEDULER] 🚀 Schedule started at T=0
execution-manager  | 
execution-manager  | [SCHEDULER] 🔄 Entering event loop (NO SLEEP - event-driven!)
execution-manager  | 
execution-manager  | [SCHEDULER] ⏰ T=10000 ms | T_wall=111161746.905 ms: Launching task 1 'sum1' (deadline: 30000 ms)
execution-manager  | [SCHEDULER] 🕐 Timeout armed for task 1 at T=30000 ms (in 19999 ms)
execution-manager  | [GRPC THREAD 1] Starting...
execution-manager  | [EXECUTION MANAGER] ⏱️ T1=111161747.049 ms | Sending gRPC request for task 1 'sum1'
execution-manager  | [gRPC Channel Pool] Reusing existing channel for localhost:50051
execution-manager  | [gRPC Client Async] Calling task 'sum1' at localhost:50051
execution-manager  | [gRPC Client Async] Inputs: {"total_ops": 100, "io_percentage": 25}
execution-manager  | [gRPC Client Async] Response #1 - Status: COMPLETED
execution-manager  | 🎉 [T=11808 ms] Task 1 'sum1' COMPLETED
execution-manager  | [EXECUTION MANAGER] ⏱️ T2=111161748.019 ms | Thread started (server measured)
execution-manager  | [EXECUTION MANAGER] ⏱️ T3=111163553.827 ms | Task completed (server measured)
execution-manager  | [EXECUTION MANAGER] ⏱️ T4=111163554.529 ms | Result received by client
execution-manager  |    [TASK EXECUTION] 1805.809 ms (T3-T2, measured in thread)
execution-manager  |    [RESULT] {"result": 0}
execution-manager  | 
execution-manager  | ╔═══════════════════════════════════════════════════════════════╗
execution-manager  | ║           END-TO-END TIMING MEASUREMENT RECAP                 ║
execution-manager  | ║                   Task 1: sum1                                 
execution-manager  | ╠═══════════════════════════════════════════════════════════════╣
execution-manager  | ║ T1 (start_request)    = 111161747.049 ms                        ║
execution-manager  | ║ T2 (end_request)      = 111161748.019 ms                        ║
execution-manager  | ║ T3 (start_result)     = 111163553.827 ms                        ║
execution-manager  | ║ T4 (end_result)       = 111163554.529 ms                        ║
execution-manager  | ╠═══════════════════════════════════════════════════════════════╣
execution-manager  | ║ METRICS:                                                      ║
execution-manager  | ║   Request Latency    =        0.969 ms  (T2 - T1)            ║
execution-manager  | ║   Task Execution     =     1805.809 ms  (T3 - T2)            ║
execution-manager  | ║   Response Latency   =        0.701 ms  (T4 - T3)            ║
execution-manager  | ║   Total End-to-End   =     1807.479 ms  (T4 - T1)            ║
execution-manager  | ║   Network Overhead   =        1.671 ms  (Req + Resp)         ║
execution-manager  | ╚═══════════════════════════════════════════════════════════════╝
execution-manager  | 
execution-manager  | [gRPC Client Async] Stream completed, received 1 responses
execution-manager  | [GRPC THREAD 1] Completed
execution-manager  | [SCHEDULER] ✅ T=11808 ms: Task 1 'sum1' completed with status 2
execution-manager  | [SCHEDULER] 🔕 Timeout disarmed for task 1
execution-manager  | [SCHEDULER] 0 tasks remaining
execution-manager  | 
execution-manager  | [SCHEDULER] 🏁 Iteration 45/50 complete!
execution-manager  | [SCHEDULER] Iteration execution time: 11808 ms
execution-manager  | 
execution-manager  | 
execution-manager  | [SCHEDULER] 🔁 ===== ITERATION 46 / 50 =====
execution-manager  | 
execution-manager  | [SCHEDULER] 🚀 Schedule started at T=0
execution-manager  | 
execution-manager  | [SCHEDULER] 🔄 Entering event loop (NO SLEEP - event-driven!)
execution-manager  | 
execution-manager  | [SCHEDULER] ⏰ T=10001 ms | T_wall=111173555.034 ms: Launching task 1 'sum1' (deadline: 30000 ms)
execution-manager  | [SCHEDULER] 🕐 Timeout armed for task 1 at T=30000 ms (in 19999 ms)
execution-manager  | [GRPC THREAD 1] Starting...
execution-manager  | [EXECUTION MANAGER] ⏱️ T1=111173555.171 ms | Sending gRPC request for task 1 'sum1'
execution-manager  | [gRPC Channel Pool] Reusing existing channel for localhost:50051
execution-manager  | [gRPC Client Async] Calling task 'sum1' at localhost:50051
execution-manager  | [gRPC Client Async] Inputs: {"total_ops": 100, "io_percentage": 25}
execution-manager  | [gRPC Client Async] Response #1 - Status: COMPLETED
execution-manager  | 🎉 [T=11809 ms] Task 1 'sum1' COMPLETED
execution-manager  | [EXECUTION MANAGER] ⏱️ T2=111173556.041 ms | Thread started (server measured)
execution-manager  | [EXECUTION MANAGER] ⏱️ T3=111175363.084 ms | Task completed (server measured)
execution-manager  | [EXECUTION MANAGER] ⏱️ T4=111175363.770 ms | Result received by client
execution-manager  |    [TASK EXECUTION] 1807.043 ms (T3-T2, measured in thread)
execution-manager  |    [RESULT] {"result": 0}
execution-manager  | 
execution-manager  | ╔═══════════════════════════════════════════════════════════════╗
execution-manager  | ║           END-TO-END TIMING MEASUREMENT RECAP                 ║
execution-manager  | ║                   Task 1: sum1                                 
execution-manager  | ╠═══════════════════════════════════════════════════════════════╣
execution-manager  | ║ T1 (start_request)    = 111173555.171 ms                        ║
execution-manager  | ║ T2 (end_request)      = 111173556.041 ms                        ║
execution-manager  | ║ T3 (start_result)     = 111175363.084 ms                        ║
execution-manager  | ║ T4 (end_result)       = 111175363.770 ms                        ║
execution-manager  | ╠═══════════════════════════════════════════════════════════════╣
execution-manager  | ║ METRICS:                                                      ║
execution-manager  | ║   Request Latency    =        0.871 ms  (T2 - T1)            ║
execution-manager  | ║   Task Execution     =     1807.043 ms  (T3 - T2)            ║
execution-manager  | ║   Response Latency   =        0.685 ms  (T4 - T3)            ║
execution-manager  | ║   Total End-to-End   =     1808.599 ms  (T4 - T1)            ║
execution-manager  | ║   Network Overhead   =        1.556 ms  (Req + Resp)         ║
execution-manager  | ╚═══════════════════════════════════════════════════════════════╝
execution-manager  | 
execution-manager  | [gRPC Client Async] Stream completed, received 1 responses
execution-manager  | [GRPC THREAD 1] Completed
execution-manager  | [SCHEDULER] ✅ T=11810 ms: Task 1 'sum1' completed with status 2
execution-manager  | [SCHEDULER] 🔕 Timeout disarmed for task 1
execution-manager  | [SCHEDULER] 0 tasks remaining
execution-manager  | 
execution-manager  | [SCHEDULER] 🏁 Iteration 46/50 complete!
execution-manager  | [SCHEDULER] Iteration execution time: 11810 ms
execution-manager  | 
execution-manager  | 
execution-manager  | [SCHEDULER] 🔁 ===== ITERATION 47 / 50 =====
execution-manager  | 
execution-manager  | [SCHEDULER] 🚀 Schedule started at T=0
execution-manager  | 
execution-manager  | [SCHEDULER] 🔄 Entering event loop (NO SLEEP - event-driven!)
execution-manager  | 
execution-manager  | [SCHEDULER] ⏰ T=10000 ms | T_wall=111185364.198 ms: Launching task 1 'sum1' (deadline: 30000 ms)
execution-manager  | [SCHEDULER] 🕐 Timeout armed for task 1 at T=30000 ms (in 20000 ms)
execution-manager  | [GRPC THREAD 1] Starting...
execution-manager  | [EXECUTION MANAGER] ⏱️ T1=111185364.332 ms | Sending gRPC request for task 1 'sum1'
execution-manager  | [gRPC Channel Pool] Reusing existing channel for localhost:50051
execution-manager  | [gRPC Client Async] Calling task 'sum1' at localhost:50051
execution-manager  | [gRPC Client Async] Inputs: {"total_ops": 100, "io_percentage": 25}
execution-manager  | [gRPC Client Async] Response #1 - Status: COMPLETED
execution-manager  | 🎉 [T=11814 ms] Task 1 'sum1' COMPLETED
execution-manager  | [EXECUTION MANAGER] ⏱️ T2=111185366.705 ms | Thread started (server measured)
execution-manager  | [EXECUTION MANAGER] ⏱️ T3=111187177.913 ms | Task completed (server measured)
execution-manager  | [EXECUTION MANAGER] ⏱️ T4=111187178.964 ms | Result received by client
execution-manager  |    [TASK EXECUTION] 1811.208 ms (T3-T2, measured in thread)
execution-manager  |    [RESULT] {"result": 0}
execution-manager  | 
execution-manager  | ╔═══════════════════════════════════════════════════════════════╗
execution-manager  | ║           END-TO-END TIMING MEASUREMENT RECAP                 ║
execution-manager  | ║                   Task 1: sum1                                 
execution-manager  | ╠═══════════════════════════════════════════════════════════════╣
execution-manager  | ║ T1 (start_request)    = 111185364.332 ms                        ║
execution-manager  | ║ T2 (end_request)      = 111185366.705 ms                        ║
execution-manager  | ║ T3 (start_result)     = 111187177.913 ms                        ║
execution-manager  | ║ T4 (end_result)       = 111187178.964 ms                        ║
execution-manager  | ╠═══════════════════════════════════════════════════════════════╣
execution-manager  | ║ METRICS:                                                      ║
execution-manager  | ║   Request Latency    =        2.373 ms  (T2 - T1)            ║
execution-manager  | ║   Task Execution     =     1811.208 ms  (T3 - T2)            ║
execution-manager  | ║   Response Latency   =        1.052 ms  (T4 - T3)            ║
execution-manager  | ║   Total End-to-End   =     1814.632 ms  (T4 - T1)            ║
execution-manager  | ║   Network Overhead   =        3.425 ms  (Req + Resp)         ║
execution-manager  | ╚═══════════════════════════════════════════════════════════════╝
execution-manager  | 
execution-manager  | [gRPC Client Async] Stream completed, received 1 responses
execution-manager  | [GRPC THREAD 1] Completed
execution-manager  | [SCHEDULER] ✅ T=11815 ms: Task 1 'sum1' completed with status 2
execution-manager  | [SCHEDULER] 🔕 Timeout disarmed for task 1
execution-manager  | [SCHEDULER] 0 tasks remaining
execution-manager  | 
execution-manager  | [SCHEDULER] 🏁 Iteration 47/50 complete!
execution-manager  | [SCHEDULER] Iteration execution time: 11815 ms
execution-manager  | 
execution-manager  | 
execution-manager  | [SCHEDULER] 🔁 ===== ITERATION 48 / 50 =====
execution-manager  | 
execution-manager  | [SCHEDULER] 🚀 Schedule started at T=0
execution-manager  | 
execution-manager  | [SCHEDULER] 🔄 Entering event loop (NO SLEEP - event-driven!)
execution-manager  | 
execution-manager  | [SCHEDULER] ⏰ T=10000 ms | T_wall=111197179.435 ms: Launching task 1 'sum1' (deadline: 30000 ms)
execution-manager  | [SCHEDULER] 🕐 Timeout armed for task 1 at T=30000 ms (in 20000 ms)
execution-manager  | [GRPC THREAD 1] Starting...
execution-manager  | [EXECUTION MANAGER] ⏱️ T1=111197179.573 ms | Sending gRPC request for task 1 'sum1'
execution-manager  | [gRPC Channel Pool] Reusing existing channel for localhost:50051
execution-manager  | [gRPC Client Async] Calling task 'sum1' at localhost:50051
execution-manager  | [gRPC Client Async] Inputs: {"total_ops": 100, "io_percentage": 25}
execution-manager  | [gRPC Client Async] Response #1 - Status: COMPLETED
execution-manager  | 🎉 [T=11756 ms] Task 1 'sum1' COMPLETED
execution-manager  | [EXECUTION MANAGER] ⏱️ T2=111197180.471 ms | Thread started (server measured)
execution-manager  | [EXECUTION MANAGER] ⏱️ T3=111198935.141 ms | Task completed (server measured)
execution-manager  | [EXECUTION MANAGER] ⏱️ T4=111198935.799 ms | Result received by client
execution-manager  |    [TASK EXECUTION] 1754.671 ms (T3-T2, measured in thread)
execution-manager  |    [RESULT] {"result": 0}
execution-manager  | 
execution-manager  | ╔═══════════════════════════════════════════════════════════════╗
execution-manager  | ║           END-TO-END TIMING MEASUREMENT RECAP                 ║
execution-manager  | ║                   Task 1: sum1                                 
execution-manager  | ╠═══════════════════════════════════════════════════════════════╣
execution-manager  | ║ T1 (start_request)    = 111197179.573 ms                        ║
execution-manager  | ║ T2 (end_request)      = 111197180.471 ms                        ║
execution-manager  | ║ T3 (start_result)     = 111198935.141 ms                        ║
execution-manager  | ║ T4 (end_result)       = 111198935.799 ms                        ║
execution-manager  | ╠═══════════════════════════════════════════════════════════════╣
execution-manager  | ║ METRICS:                                                      ║
execution-manager  | ║   Request Latency    =        0.898 ms  (T2 - T1)            ║
execution-manager  | ║   Task Execution     =     1754.671 ms  (T3 - T2)            ║
execution-manager  | ║   Response Latency   =        0.658 ms  (T4 - T3)            ║
execution-manager  | ║   Total End-to-End   =     1756.227 ms  (T4 - T1)            ║
execution-manager  | ║   Network Overhead   =        1.556 ms  (Req + Resp)         ║
execution-manager  | ╚═══════════════════════════════════════════════════════════════╝
execution-manager  | 
execution-manager  | [gRPC Client Async] Stream completed, received 1 responses
execution-manager  | [GRPC THREAD 1] Completed
execution-manager  | [SCHEDULER] ✅ T=11757 ms: Task 1 'sum1' completed with status 2
execution-manager  | [SCHEDULER] 🔕 Timeout disarmed for task 1
execution-manager  | [SCHEDULER] 0 tasks remaining
execution-manager  | 
execution-manager  | [SCHEDULER] 🏁 Iteration 48/50 complete!
execution-manager  | [SCHEDULER] Iteration execution time: 11757 ms
execution-manager  | 
execution-manager  | 
execution-manager  | [SCHEDULER] 🔁 ===== ITERATION 49 / 50 =====
execution-manager  | 
execution-manager  | [SCHEDULER] 🚀 Schedule started at T=0
execution-manager  | 
execution-manager  | [SCHEDULER] 🔄 Entering event loop (NO SLEEP - event-driven!)
execution-manager  | 
execution-manager  | [SCHEDULER] ⏰ T=10000 ms | T_wall=111208936.313 ms: Launching task 1 'sum1' (deadline: 30000 ms)
execution-manager  | [SCHEDULER] 🕐 Timeout armed for task 1 at T=30000 ms (in 20000 ms)
execution-manager  | [GRPC THREAD 1] Starting...
execution-manager  | [EXECUTION MANAGER] ⏱️ T1=111208936.456 ms | Sending gRPC request for task 1 'sum1'
execution-manager  | [gRPC Channel Pool] Reusing existing channel for localhost:50051
execution-manager  | [gRPC Client Async] Calling task 'sum1' at localhost:50051
execution-manager  | [gRPC Client Async] Inputs: {"total_ops": 100, "io_percentage": 25}
execution-manager  | [gRPC Client Async] Response #1 - Status: COMPLETED
execution-manager  | 🎉 [T=11805 ms] Task 1 'sum1' COMPLETED
execution-manager  | [EXECUTION MANAGER] ⏱️ T2=111208937.400 ms | Thread started (server measured)
execution-manager  | [EXECUTION MANAGER] ⏱️ T3=111210741.072 ms | Task completed (server measured)
execution-manager  | [EXECUTION MANAGER] ⏱️ T4=111210741.759 ms | Result received by client
execution-manager  |    [TASK EXECUTION] 1803.672 ms (T3-T2, measured in thread)
execution-manager  |    [RESULT] {"result": 0}
execution-manager  | 
execution-manager  | ╔═══════════════════════════════════════════════════════════════╗
execution-manager  | ║           END-TO-END TIMING MEASUREMENT RECAP                 ║
execution-manager  | ║                   Task 1: sum1                                 
execution-manager  | ╠═══════════════════════════════════════════════════════════════╣
execution-manager  | ║ T1 (start_request)    = 111208936.456 ms                        ║
execution-manager  | ║ T2 (end_request)      = 111208937.400 ms                        ║
execution-manager  | ║ T3 (start_result)     = 111210741.072 ms                        ║
execution-manager  | ║ T4 (end_result)       = 111210741.759 ms                        ║
execution-manager  | ╠═══════════════════════════════════════════════════════════════╣
execution-manager  | ║ METRICS:                                                      ║
execution-manager  | ║   Request Latency    =        0.944 ms  (T2 - T1)            ║
execution-manager  | ║   Task Execution     =     1803.672 ms  (T3 - T2)            ║
execution-manager  | ║   Response Latency   =        0.687 ms  (T4 - T3)            ║
execution-manager  | ║   Total End-to-End   =     1805.303 ms  (T4 - T1)            ║
execution-manager  | ║   Network Overhead   =        1.631 ms  (Req + Resp)         ║
execution-manager  | ╚═══════════════════════════════════════════════════════════════╝
execution-manager  | 
execution-manager  | [gRPC Client Async] Stream completed, received 1 responses
execution-manager  | [GRPC THREAD 1] Completed
execution-manager  | [SCHEDULER] ✅ T=11806 ms: Task 1 'sum1' completed with status 2
execution-manager  | [SCHEDULER] 🔕 Timeout disarmed for task 1
execution-manager  | [SCHEDULER] 0 tasks remaining
execution-manager  | 
execution-manager  | [SCHEDULER] 🏁 Iteration 49/50 complete!
execution-manager  | [SCHEDULER] Iteration execution time: 11806 ms
execution-manager  | 
execution-manager  | 
execution-manager  | [SCHEDULER] 🔁 ===== ITERATION 50 / 50 =====
execution-manager  | 
execution-manager  | [SCHEDULER] 🚀 Schedule started at T=0
execution-manager  | 
execution-manager  | [SCHEDULER] 🔄 Entering event loop (NO SLEEP - event-driven!)
execution-manager  | 
execution-manager  | [SCHEDULER] ⏰ T=10000 ms | T_wall=111220742.250 ms: Launching task 1 'sum1' (deadline: 30000 ms)
execution-manager  | [SCHEDULER] 🕐 Timeout armed for task 1 at T=30000 ms (in 20000 ms)
execution-manager  | [GRPC THREAD 1] Starting...
execution-manager  | [EXECUTION MANAGER] ⏱️ T1=111220742.385 ms | Sending gRPC request for task 1 'sum1'
execution-manager  | [gRPC Channel Pool] Reusing existing channel for localhost:50051
execution-manager  | [gRPC Client Async] Calling task 'sum1' at localhost:50051
execution-manager  | [gRPC Client Async] Inputs: {"total_ops": 100, "io_percentage": 25}
execution-manager  | [gRPC Client Async] Response #1 - Status: COMPLETED
execution-manager  | 🎉 [T=11808 ms] Task 1 'sum1' COMPLETED
execution-manager  | [EXECUTION MANAGER] ⏱️ T2=111220743.473 ms | Thread started (server measured)
execution-manager  | [EXECUTION MANAGER] ⏱️ T3=111222549.649 ms | Task completed (server measured)
execution-manager  | [EXECUTION MANAGER] ⏱️ T4=111222550.352 ms | Result received by client
execution-manager  |    [TASK EXECUTION] 1806.177 ms (T3-T2, measured in thread)
execution-manager  |    [RESULT] {"result": 0}
execution-manager  | 
execution-manager  | ╔═══════════════════════════════════════════════════════════════╗
execution-manager  | ║           END-TO-END TIMING MEASUREMENT RECAP                 ║
execution-manager  | ║                   Task 1: sum1                                 
execution-manager  | ╠═══════════════════════════════════════════════════════════════╣
execution-manager  | ║ T1 (start_request)    = 111220742.385 ms                        ║
execution-manager  | ║ T2 (end_request)      = 111220743.473 ms                        ║
execution-manager  | ║ T3 (start_result)     = 111222549.649 ms                        ║
execution-manager  | ║ T4 (end_result)       = 111222550.352 ms                        ║
execution-manager  | ╠═══════════════════════════════════════════════════════════════╣
execution-manager  | ║ METRICS:                                                      ║
execution-manager  | ║   Request Latency    =        1.088 ms  (T2 - T1)            ║
execution-manager  | ║   Task Execution     =     1806.177 ms  (T3 - T2)            ║
execution-manager  | ║   Response Latency   =        0.703 ms  (T4 - T3)            ║
execution-manager  | ║   Total End-to-End   =     1807.968 ms  (T4 - T1)            ║
execution-manager  | ║   Network Overhead   =        1.791 ms  (Req + Resp)         ║
execution-manager  | ╚═══════════════════════════════════════════════════════════════╝
execution-manager  | 
execution-manager  | [gRPC Client Async] Stream completed, received 1 responses
execution-manager  | [GRPC THREAD 1] Completed
execution-manager  | [SCHEDULER] ✅ T=11808 ms: Task 1 'sum1' completed with status 2
execution-manager  | [SCHEDULER] 🔕 Timeout disarmed for task 1
execution-manager  | [SCHEDULER] 0 tasks remaining
execution-manager  | 
execution-manager  | [SCHEDULER] 🏁 Iteration 50/50 complete!
execution-manager  | [SCHEDULER] Iteration execution time: 11808 ms
execution-manager  | 
execution-manager  | 
execution-manager  | [SCHEDULER] 🏁 All 50 iteration(s) completed!
execution-manager  | [SCHEDULER] Total execution time: 11808 ms
execution-manager  | 
execution-manager  | Test Suite Finished Successfully.
[Kexecution-manager exited with code 0
