 Container execution-manager  Creating
 Container execution-manager  Created
Attaching to execution-manager
execution-manager  | ============================================
execution-manager  |    DUAL PRIORITY QUEUE ARCHITECTURE TESTER  
execution-manager  | ============================================
execution-manager  | 
execution-manager  | ✅ Execution Manager running with SCHED_FIFO priority 95
execution-manager  |    This ensures precise timing and prevents preemption by tasks
execution-manager  | 
execution-manager  | 
execution-manager  | [Redis] Reading schedule from Redis...
execution-manager  | 
execution-manager  | === REDIS DATA ===
execution-manager  | Schedule: Configurable CPU/IO Benchmark (v0.0.0)
execution-manager  | Number of tasks: 1
execution-manager  | Iterations: 50
execution-manager  | 
execution-manager  | Tasks:
execution-manager  |   1. Task: sum1
execution-manager  |      Policy: fifo, Priority: 50, Start: 10 ms
execution-manager  |      Inputs: {"total_ops": {"type": "int", "value": 100}, "io_percentage": {"type": "int", "value": 25}}
execution-manager  | 
execution-manager  | ==================
execution-manager  | 
execution-manager  | 
execution-manager  | ============================================
execution-manager  |    REAL-TIME EVENT-DRIVEN SCHEDULER
execution-manager  | ============================================
execution-manager  | 
execution-manager  | [SCHEDULER] 🚀 Loading schedule: 1 task(s), 50 iteration(s)
execution-manager  | 
execution-manager  | [SCHEDULER] DEBUG - Task 1: start_time=10 s, deadline=30 s (parsed from Redis)
execution-manager  | [SCHEDULER] 📋 Task 1 'sum1': start=10000 ms, deadline=30000 ms
execution-manager  | 
execution-manager  | [SCHEDULER] 🔁 ===== ITERATION 1 / 50 =====
execution-manager  | 
execution-manager  | [SCHEDULER] 🚀 Schedule started at T=0
execution-manager  | 
execution-manager  | [SCHEDULER] 🔄 Entering event loop (NO SLEEP - event-driven!)
execution-manager  | 
execution-manager  | [EPOLL] T=10000 ms: epoll_wait returned 1 event(s)
execution-manager  | [EPOLL] event[0]: type=0 task=sum1
execution-manager  | [SCHEDULER] ⏰ T=10000 ms | T_wall=738921515.681 ms: Launching task 1 'sum1' (deadline: 30000 ms)
execution-manager  | [SCHEDULER] 🕐 Timeout armed for task 1 at T=30000 ms (in 20000 ms)
execution-manager  | [GRPC THREAD 1] Starting...
execution-manager  | [EXECUTION MANAGER] ⏱️ T1=738921515.950 ms | Sending gRPC request for task 1 'sum1'
execution-manager  | [gRPC Channel Pool] Creating new channel for localhost:50051
execution-manager  | [gRPC Client Async] Calling task 'sum1' at localhost:50051
execution-manager  | [gRPC Client Async] Inputs: {"total_ops": 100, "io_percentage": 25}
execution-manager  | [gRPC Client Async] Response #1 - Status: COMPLETED
execution-manager  | 🎉 [T=11744 ms] Task 1 'sum1' COMPLETED
execution-manager  | [EXECUTION MANAGER] ⏱️ T2=738921543.127 ms | Thread started (server measured)
execution-manager  | [EXECUTION MANAGER] ⏱️ T3=738923258.274 ms | Task completed (server measured)
execution-manager  | [EXECUTION MANAGER] ⏱️ T4=738923259.092 ms | Result received by client
execution-manager  |    [TASK EXECUTION] 1715.148 ms (T3-T2, measured in thread)
execution-manager  |    [RESULT] {"result": 0}
execution-manager  | 
execution-manager  | ╔═══════════════════════════════════════════════════════════════╗
execution-manager  | ║           END-TO-END TIMING MEASUREMENT RECAP                 ║
execution-manager  | ║                   Task 1: sum1                                 
execution-manager  | ╠═══════════════════════════════════════════════════════════════╣
execution-manager  | ║ T1 (start_request)    = 738921515.950 ms                        ║
execution-manager  | ║ T2 (end_request)      = 738921543.127 ms                        ║
execution-manager  | ║ T3 (start_result)     = 738923258.274 ms                        ║
execution-manager  | ║ T4 (end_result)       = 738923259.092 ms                        ║
execution-manager  | ╠═══════════════════════════════════════════════════════════════╣
execution-manager  | ║ METRICS:                                                      ║
execution-manager  | ║   Request Latency    =       27.176 ms  (T2 - T1)            ║
execution-manager  | ║   Task Execution     =     1715.148 ms  (T3 - T2)            ║
execution-manager  | ║   Response Latency   =        0.818 ms  (T4 - T3)            ║
execution-manager  | ║   Total End-to-End   =     1743.142 ms  (T4 - T1)            ║
execution-manager  | ║   Network Overhead   =       27.994 ms  (Req + Resp)         ║
execution-manager  | ╚═══════════════════════════════════════════════════════════════╝
execution-manager  | 
execution-manager  | [EPOLL] T=11744 ms: epoll_wait returned 1 event(s)
execution-manager  | [EPOLL] event[0]: type=2 task=NULL
execution-manager  | [SCHEDULER] ✅ T=11744 ms: Task 1 'sum1' completed with status 2
execution-manager  | [SCHEDULER] 🔕 Timeout disarmed for task 1
execution-manager  | [SCHEDULER] 0 tasks remaining
execution-manager  | 
execution-manager  | [SCHEDULER] 🏁 Iteration 1/50 complete!
execution-manager  | [SCHEDULER] Iteration execution time: 11744 ms
execution-manager  | 
execution-manager  | 
execution-manager  | [SCHEDULER] 🔁 ===== ITERATION 2 / 50 =====
execution-manager  | 
execution-manager  | [SCHEDULER] 🚀 Schedule started at T=0
execution-manager  | 
execution-manager  | [SCHEDULER] 🔄 Entering event loop (NO SLEEP - event-driven!)
execution-manager  | 
execution-manager  | [gRPC Client Async] Stream completed, received 1 responses
execution-manager  | [GRPC THREAD 1] Completed
execution-manager  | [EPOLL] T=10016 ms: epoll_wait returned 1 event(s)
execution-manager  | [EPOLL] event[0]: type=0 task=sum1
execution-manager  | [SCHEDULER] ⏰ T=10016 ms | T_wall=738933275.877 ms: Launching task 1 'sum1' (deadline: 30000 ms)
execution-manager  | [SCHEDULER] 🕐 Timeout armed for task 1 at T=30000 ms (in 19983 ms)
execution-manager  | [GRPC THREAD 1] Starting...
execution-manager  | [EXECUTION MANAGER] ⏱️ T1=738933276.138 ms | Sending gRPC request for task 1 'sum1'
execution-manager  | [gRPC Channel Pool] Reusing existing channel for localhost:50051 (state=2)
execution-manager  | [gRPC Client Async] Calling task 'sum1' at localhost:50051
execution-manager  | [gRPC Client Async] Inputs: {"total_ops": 100, "io_percentage": 25}
execution-manager  | [gRPC Client Async] Response #1 - Status: COMPLETED
execution-manager  | 🎉 [T=11732 ms] Task 1 'sum1' COMPLETED
execution-manager  | [EXECUTION MANAGER] ⏱️ T2=738933277.377 ms | Thread started (server measured)
execution-manager  | [EXECUTION MANAGER] ⏱️ T3=738934991.296 ms | Task completed (server measured)
execution-manager  | [EXECUTION MANAGER] ⏱️ T4=738934991.993 ms | Result received by client
execution-manager  |    [TASK EXECUTION] 1713.918 ms (T3-T2, measured in thread)
execution-manager  |    [RESULT] {"result": 0}
execution-manager  | 
execution-manager  | ╔═══════════════════════════════════════════════════════════════╗
execution-manager  | ║           END-TO-END TIMING MEASUREMENT RECAP                 ║
execution-manager  | ║                   Task 1: sum1                                 
execution-manager  | ╠═══════════════════════════════════════════════════════════════╣
execution-manager  | ║ T1 (start_request)    = 738933276.138 ms                        ║
execution-manager  | ║ T2 (end_request)      = 738933277.377 ms                        ║
execution-manager  | ║ T3 (start_result)     = 738934991.296 ms                        ║
execution-manager  | ║ T4 (end_result)       = 738934991.993 ms                        ║
execution-manager  | ╠═══════════════════════════════════════════════════════════════╣
execution-manager  | ║ METRICS:                                                      ║
execution-manager  | ║   Request Latency    =        1.239 ms  (T2 - T1)            ║
execution-manager  | ║   Task Execution     =     1713.918 ms  (T3 - T2)            ║
execution-manager  | ║   Response Latency   =        0.697 ms  (T4 - T3)            ║
execution-manager  | ║   Total End-to-End   =     1715.855 ms  (T4 - T1)            ║
execution-manager  | ║   Network Overhead   =        1.936 ms  (Req + Resp)         ║
execution-manager  | ╚═══════════════════════════════════════════════════════════════╝
execution-manager  | 
execution-manager  | [EPOLL] T=11733 ms: epoll_wait returned 1 event(s)
execution-manager  | [EPOLL] event[0]: type=2 task=NULL
execution-manager  | [SCHEDULER] ✅ T=11733 ms: Task 1 'sum1' completed with status 2
execution-manager  | [SCHEDULER] 🔕 Timeout disarmed for task 1
execution-manager  | [SCHEDULER] 0 tasks remaining
execution-manager  | 
execution-manager  | [SCHEDULER] 🏁 Iteration 2/50 complete!
execution-manager  | [SCHEDULER] Iteration execution time: 11733 ms
execution-manager  | 
execution-manager  | 
execution-manager  | [SCHEDULER] 🔁 ===== ITERATION 3 / 50 =====
execution-manager  | 
execution-manager  | [SCHEDULER] 🚀 Schedule started at T=0
execution-manager  | 
execution-manager  | [SCHEDULER] 🔄 Entering event loop (NO SLEEP - event-driven!)
execution-manager  | 
execution-manager  | [gRPC Client Async] Stream completed, received 1 responses
execution-manager  | [GRPC THREAD 1] Completed
execution-manager  | [EPOLL] T=10000 ms: epoll_wait returned 1 event(s)
execution-manager  | [EPOLL] event[0]: type=0 task=sum1
execution-manager  | [SCHEDULER] ⏰ T=10000 ms | T_wall=738944992.257 ms: Launching task 1 'sum1' (deadline: 30000 ms)
execution-manager  | [SCHEDULER] 🕐 Timeout armed for task 1 at T=30000 ms (in 20000 ms)
execution-manager  | [GRPC THREAD 1] Starting...
execution-manager  | [EXECUTION MANAGER] ⏱️ T1=738944992.454 ms | Sending gRPC request for task 1 'sum1'
execution-manager  | [gRPC Channel Pool] Reusing existing channel for localhost:50051 (state=2)
execution-manager  | [gRPC Client Async] Calling task 'sum1' at localhost:50051
execution-manager  | [gRPC Client Async] Inputs: {"total_ops": 100, "io_percentage": 25}
execution-manager  | [gRPC Client Async] Response #1 - Status: COMPLETED
execution-manager  | 🎉 [T=11715 ms] Task 1 'sum1' COMPLETED
execution-manager  | [EXECUTION MANAGER] ⏱️ T2=738944993.304 ms | Thread started (server measured)
execution-manager  | [EXECUTION MANAGER] ⏱️ T3=738946707.383 ms | Task completed (server measured)
execution-manager  | [EXECUTION MANAGER] ⏱️ T4=738946707.918 ms | Result received by client
execution-manager  |    [TASK EXECUTION] 1714.078 ms (T3-T2, measured in thread)
execution-manager  |    [RESULT] {"result": 0}
execution-manager  | 
execution-manager  | ╔═══════════════════════════════════════════════════════════════╗
execution-manager  | ║           END-TO-END TIMING MEASUREMENT RECAP                 ║
execution-manager  | ║                   Task 1: sum1                                 
execution-manager  | ╠═══════════════════════════════════════════════════════════════╣
execution-manager  | ║ T1 (start_request)    = 738944992.454 ms                        ║
execution-manager  | ║ T2 (end_request)      = 738944993.304 ms                        ║
execution-manager  | ║ T3 (start_result)     = 738946707.383 ms                        ║
execution-manager  | ║ T4 (end_result)       = 738946707.918 ms                        ║
execution-manager  | ╠═══════════════════════════════════════════════════════════════╣
execution-manager  | ║ METRICS:                                                      ║
execution-manager  | ║   Request Latency    =        0.850 ms  (T2 - T1)            ║
execution-manager  | ║   Task Execution     =     1714.078 ms  (T3 - T2)            ║
execution-manager  | ║   Response Latency   =        0.536 ms  (T4 - T3)            ║
execution-manager  | ║   Total End-to-End   =     1715.464 ms  (T4 - T1)            ║
execution-manager  | ║   Network Overhead   =        1.386 ms  (Req + Resp)         ║
execution-manager  | ╚═══════════════════════════════════════════════════════════════╝
execution-manager  | 
execution-manager  | [EPOLL] T=11716 ms: epoll_wait returned 1 event(s)
execution-manager  | [EPOLL] event[0]: type=2 task=NULL
execution-manager  | [SCHEDULER] ✅ T=11716 ms: Task 1 'sum1' completed with status 2
execution-manager  | [SCHEDULER] 🔕 Timeout disarmed for task 1
execution-manager  | [SCHEDULER] 0 tasks remaining
execution-manager  | 
execution-manager  | [SCHEDULER] 🏁 Iteration 3/50 complete!
execution-manager  | [SCHEDULER] Iteration execution time: 11716 ms
execution-manager  | 
execution-manager  | 
execution-manager  | [SCHEDULER] 🔁 ===== ITERATION 4 / 50 =====
execution-manager  | 
execution-manager  | [SCHEDULER] 🚀 Schedule started at T=0
execution-manager  | 
execution-manager  | [SCHEDULER] 🔄 Entering event loop (NO SLEEP - event-driven!)
execution-manager  | 
execution-manager  | [gRPC Client Async] Stream completed, received 1 responses
execution-manager  | [GRPC THREAD 1] Completed
execution-manager  | [EPOLL] T=10000 ms: epoll_wait returned 1 event(s)
execution-manager  | [EPOLL] event[0]: type=0 task=sum1
execution-manager  | [SCHEDULER] ⏰ T=10000 ms | T_wall=738956708.223 ms: Launching task 1 'sum1' (deadline: 30000 ms)
execution-manager  | [SCHEDULER] 🕐 Timeout armed for task 1 at T=30000 ms (in 20000 ms)
execution-manager  | [GRPC THREAD 1] Starting...
execution-manager  | [EXECUTION MANAGER] ⏱️ T1=738956708.406 ms | Sending gRPC request for task 1 'sum1'
execution-manager  | [gRPC Channel Pool] Reusing existing channel for localhost:50051 (state=2)
execution-manager  | [gRPC Client Async] Calling task 'sum1' at localhost:50051
execution-manager  | [gRPC Client Async] Inputs: {"total_ops": 100, "io_percentage": 25}
execution-manager  | [gRPC Client Async] Response #1 - Status: COMPLETED
execution-manager  | 🎉 [T=11716 ms] Task 1 'sum1' COMPLETED
execution-manager  | [EXECUTION MANAGER] ⏱️ T2=738956709.277 ms | Thread started (server measured)
execution-manager  | [EXECUTION MANAGER] ⏱️ T3=738958423.516 ms | Task completed (server measured)
execution-manager  | [EXECUTION MANAGER] ⏱️ T4=738958424.242 ms | Result received by client
execution-manager  |    [TASK EXECUTION] 1714.239 ms (T3-T2, measured in thread)
execution-manager  |    [RESULT] {"result": 0}
execution-manager  | 
execution-manager  | ╔═══════════════════════════════════════════════════════════════╗
execution-manager  | ║           END-TO-END TIMING MEASUREMENT RECAP                 ║
execution-manager  | ║                   Task 1: sum1                                 
execution-manager  | ╠═══════════════════════════════════════════════════════════════╣
execution-manager  | ║ T1 (start_request)    = 738956708.406 ms                        ║
execution-manager  | ║ T2 (end_request)      = 738956709.277 ms                        ║
execution-manager  | ║ T3 (start_result)     = 738958423.516 ms                        ║
execution-manager  | ║ T4 (end_result)       = 738958424.242 ms                        ║
execution-manager  | ╠═══════════════════════════════════════════════════════════════╣
execution-manager  | ║ METRICS:                                                      ║
execution-manager  | ║   Request Latency    =        0.871 ms  (T2 - T1)            ║
execution-manager  | ║   Task Execution     =     1714.239 ms  (T3 - T2)            ║
execution-manager  | ║   Response Latency   =        0.726 ms  (T4 - T3)            ║
execution-manager  | ║   Total End-to-End   =     1715.836 ms  (T4 - T1)            ║
execution-manager  | ║   Network Overhead   =        1.597 ms  (Req + Resp)         ║
execution-manager  | ╚═══════════════════════════════════════════════════════════════╝
execution-manager  | 
execution-manager  | [EPOLL] T=11716 ms: epoll_wait returned 1 event(s)
execution-manager  | [EPOLL] event[0]: type=2 task=NULL
execution-manager  | [SCHEDULER] ✅ T=11716 ms: Task 1 'sum1' completed with status 2
execution-manager  | [SCHEDULER] 🔕 Timeout disarmed for task 1
execution-manager  | [SCHEDULER] 0 tasks remaining
execution-manager  | 
execution-manager  | [SCHEDULER] 🏁 Iteration 4/50 complete!
execution-manager  | [SCHEDULER] Iteration execution time: 11716 ms
execution-manager  | 
execution-manager  | 
execution-manager  | [SCHEDULER] 🔁 ===== ITERATION 5 / 50 =====
execution-manager  | 
execution-manager  | [SCHEDULER] 🚀 Schedule started at T=0
execution-manager  | 
execution-manager  | [SCHEDULER] 🔄 Entering event loop (NO SLEEP - event-driven!)
execution-manager  | 
execution-manager  | [gRPC Client Async] Stream completed, received 1 responses
execution-manager  | [GRPC THREAD 1] Completed
execution-manager  | [EPOLL] T=10000 ms: epoll_wait returned 1 event(s)
execution-manager  | [EPOLL] event[0]: type=0 task=sum1
execution-manager  | [SCHEDULER] ⏰ T=10000 ms | T_wall=738968424.498 ms: Launching task 1 'sum1' (deadline: 30000 ms)
execution-manager  | [SCHEDULER] 🕐 Timeout armed for task 1 at T=30000 ms (in 20000 ms)
execution-manager  | [GRPC THREAD 1] Starting...
execution-manager  | [EXECUTION MANAGER] ⏱️ T1=738968424.687 ms | Sending gRPC request for task 1 'sum1'
execution-manager  | [gRPC Channel Pool] Reusing existing channel for localhost:50051 (state=2)
execution-manager  | [gRPC Client Async] Calling task 'sum1' at localhost:50051
execution-manager  | [gRPC Client Async] Inputs: {"total_ops": 100, "io_percentage": 25}
execution-manager  | [gRPC Client Async] Response #1 - Status: COMPLETED
execution-manager  | 🎉 [T=11716 ms] Task 1 'sum1' COMPLETED
execution-manager  | [EXECUTION MANAGER] ⏱️ T2=738968425.567 ms | Thread started (server measured)
execution-manager  | [EXECUTION MANAGER] ⏱️ T3=738970140.303 ms | Task completed (server measured)
execution-manager  | [EXECUTION MANAGER] ⏱️ T4=738970140.967 ms | Result received by client
execution-manager  |    [TASK EXECUTION] 1714.737 ms (T3-T2, measured in thread)
execution-manager  |    [RESULT] {"result": 0}
execution-manager  | 
execution-manager  | ╔═══════════════════════════════════════════════════════════════╗
execution-manager  | ║           END-TO-END TIMING MEASUREMENT RECAP                 ║
execution-manager  | ║                   Task 1: sum1                                 
execution-manager  | ╠═══════════════════════════════════════════════════════════════╣
execution-manager  | ║ T1 (start_request)    = 738968424.687 ms                        ║
execution-manager  | ║ T2 (end_request)      = 738968425.567 ms                        ║
execution-manager  | ║ T3 (start_result)     = 738970140.303 ms                        ║
execution-manager  | ║ T4 (end_result)       = 738970140.967 ms                        ║
execution-manager  | ╠═══════════════════════════════════════════════════════════════╣
execution-manager  | ║ METRICS:                                                      ║
execution-manager  | ║   Request Latency    =        0.880 ms  (T2 - T1)            ║
execution-manager  | ║   Task Execution     =     1714.737 ms  (T3 - T2)            ║
execution-manager  | ║   Response Latency   =        0.664 ms  (T4 - T3)            ║
execution-manager  | ║   Total End-to-End   =     1716.280 ms  (T4 - T1)            ║
execution-manager  | ║   Network Overhead   =        1.543 ms  (Req + Resp)         ║
execution-manager  | ╚═══════════════════════════════════════════════════════════════╝
execution-manager  | 
execution-manager  | [EPOLL] T=11717 ms: epoll_wait returned 1 event(s)
execution-manager  | [EPOLL] event[0]: type=2 task=NULL
execution-manager  | [SCHEDULER] ✅ T=11717 ms: Task 1 'sum1' completed with status 2
execution-manager  | [SCHEDULER] 🔕 Timeout disarmed for task 1
execution-manager  | [SCHEDULER] 0 tasks remaining
execution-manager  | 
execution-manager  | [SCHEDULER] 🏁 Iteration 5/50 complete!
execution-manager  | [SCHEDULER] Iteration execution time: 11717 ms
execution-manager  | 
execution-manager  | 
execution-manager  | [SCHEDULER] 🔁 ===== ITERATION 6 / 50 =====
execution-manager  | 
execution-manager  | [SCHEDULER] 🚀 Schedule started at T=0
execution-manager  | 
execution-manager  | [SCHEDULER] 🔄 Entering event loop (NO SLEEP - event-driven!)
execution-manager  | 
execution-manager  | [gRPC Client Async] Stream completed, received 1 responses
execution-manager  | [GRPC THREAD 1] Completed
execution-manager  | [EPOLL] T=10000 ms: epoll_wait returned 1 event(s)
execution-manager  | [EPOLL] event[0]: type=0 task=sum1
execution-manager  | [SCHEDULER] ⏰ T=10000 ms | T_wall=738980141.227 ms: Launching task 1 'sum1' (deadline: 30000 ms)
execution-manager  | [SCHEDULER] 🕐 Timeout armed for task 1 at T=30000 ms (in 20000 ms)
execution-manager  | [GRPC THREAD 1] Starting...
execution-manager  | [EXECUTION MANAGER] ⏱️ T1=738980141.395 ms | Sending gRPC request for task 1 'sum1'
execution-manager  | [gRPC Channel Pool] Reusing existing channel for localhost:50051 (state=2)
execution-manager  | [gRPC Client Async] Calling task 'sum1' at localhost:50051
execution-manager  | [gRPC Client Async] Inputs: {"total_ops": 100, "io_percentage": 25}
execution-manager  | [gRPC Client Async] Response #1 - Status: COMPLETED
execution-manager  | 🎉 [T=11716 ms] Task 1 'sum1' COMPLETED
execution-manager  | [EXECUTION MANAGER] ⏱️ T2=738980142.351 ms | Thread started (server measured)
execution-manager  | [EXECUTION MANAGER] ⏱️ T3=738981856.884 ms | Task completed (server measured)
execution-manager  | [EXECUTION MANAGER] ⏱️ T4=738981857.548 ms | Result received by client
execution-manager  |    [TASK EXECUTION] 1714.533 ms (T3-T2, measured in thread)
execution-manager  |    [RESULT] {"result": 0}
execution-manager  | 
execution-manager  | ╔═══════════════════════════════════════════════════════════════╗
execution-manager  | ║           END-TO-END TIMING MEASUREMENT RECAP                 ║
execution-manager  | ║                   Task 1: sum1                                 
execution-manager  | ╠═══════════════════════════════════════════════════════════════╣
execution-manager  | ║ T1 (start_request)    = 738980141.395 ms                        ║
execution-manager  | ║ T2 (end_request)      = 738980142.351 ms                        ║
execution-manager  | ║ T3 (start_result)     = 738981856.884 ms                        ║
execution-manager  | ║ T4 (end_result)       = 738981857.548 ms                        ║
execution-manager  | ╠═══════════════════════════════════════════════════════════════╣
execution-manager  | ║ METRICS:                                                      ║
execution-manager  | ║   Request Latency    =        0.955 ms  (T2 - T1)            ║
execution-manager  | ║   Task Execution     =     1714.533 ms  (T3 - T2)            ║
execution-manager  | ║   Response Latency   =        0.664 ms  (T4 - T3)            ║
execution-manager  | ║   Total End-to-End   =     1716.153 ms  (T4 - T1)            ║
execution-manager  | ║   Network Overhead   =        1.620 ms  (Req + Resp)         ║
execution-manager  | ╚═══════════════════════════════════════════════════════════════╝
execution-manager  | 
execution-manager  | [EPOLL] T=11716 ms: epoll_wait returned 1 event(s)
execution-manager  | [EPOLL] event[0]: type=2 task=NULL
execution-manager  | [SCHEDULER] ✅ T=11716 ms: Task 1 'sum1' completed with status 2
execution-manager  | [SCHEDULER] 🔕 Timeout disarmed for task 1
execution-manager  | [SCHEDULER] 0 tasks remaining
execution-manager  | 
execution-manager  | [SCHEDULER] 🏁 Iteration 6/50 complete!
execution-manager  | [SCHEDULER] Iteration execution time: 11716 ms
execution-manager  | 
execution-manager  | 
execution-manager  | [SCHEDULER] 🔁 ===== ITERATION 7 / 50 =====
execution-manager  | 
execution-manager  | [SCHEDULER] 🚀 Schedule started at T=0
execution-manager  | 
execution-manager  | [SCHEDULER] 🔄 Entering event loop (NO SLEEP - event-driven!)
execution-manager  | 
execution-manager  | [gRPC Client Async] Stream completed, received 1 responses
execution-manager  | [GRPC THREAD 1] Completed
execution-manager  | [EPOLL] T=10000 ms: epoll_wait returned 1 event(s)
execution-manager  | [EPOLL] event[0]: type=0 task=sum1
execution-manager  | [SCHEDULER] ⏰ T=10000 ms | T_wall=738991857.766 ms: Launching task 1 'sum1' (deadline: 30000 ms)
execution-manager  | [SCHEDULER] 🕐 Timeout armed for task 1 at T=30000 ms (in 20000 ms)
execution-manager  | [GRPC THREAD 1] Starting...
execution-manager  | [EXECUTION MANAGER] ⏱️ T1=738991857.933 ms | Sending gRPC request for task 1 'sum1'
execution-manager  | [gRPC Channel Pool] Reusing existing channel for localhost:50051 (state=2)
execution-manager  | [gRPC Client Async] Calling task 'sum1' at localhost:50051
execution-manager  | [gRPC Client Async] Inputs: {"total_ops": 100, "io_percentage": 25}
execution-manager  | [gRPC Client Async] Response #1 - Status: COMPLETED
execution-manager  | 🎉 [T=11717 ms] Task 1 'sum1' COMPLETED
execution-manager  | [EXECUTION MANAGER] ⏱️ T2=738991858.936 ms | Thread started (server measured)
execution-manager  | [EXECUTION MANAGER] ⏱️ T3=738993573.742 ms | Task completed (server measured)
execution-manager  | [EXECUTION MANAGER] ⏱️ T4=738993574.416 ms | Result received by client
execution-manager  |    [TASK EXECUTION] 1714.806 ms (T3-T2, measured in thread)
execution-manager  |    [RESULT] {"result": 0}
execution-manager  | 
execution-manager  | ╔═══════════════════════════════════════════════════════════════╗
execution-manager  | ║           END-TO-END TIMING MEASUREMENT RECAP                 ║
execution-manager  | ║                   Task 1: sum1                                 
execution-manager  | ╠═══════════════════════════════════════════════════════════════╣
execution-manager  | ║ T1 (start_request)    = 738991857.933 ms                        ║
execution-manager  | ║ T2 (end_request)      = 738991858.936 ms                        ║
execution-manager  | ║ T3 (start_result)     = 738993573.742 ms                        ║
execution-manager  | ║ T4 (end_result)       = 738993574.416 ms                        ║
execution-manager  | ╠═══════════════════════════════════════════════════════════════╣
execution-manager  | ║ METRICS:                                                      ║
execution-manager  | ║   Request Latency    =        1.004 ms  (T2 - T1)            ║
execution-manager  | ║   Task Execution     =     1714.806 ms  (T3 - T2)            ║
execution-manager  | ║   Response Latency   =        0.673 ms  (T4 - T3)            ║
execution-manager  | ║   Total End-to-End   =     1716.483 ms  (T4 - T1)            ║
execution-manager  | ║   Network Overhead   =        1.677 ms  (Req + Resp)         ║
execution-manager  | ╚═══════════════════════════════════════════════════════════════╝
execution-manager  | 
execution-manager  | [EPOLL] T=11717 ms: epoll_wait returned 1 event(s)
execution-manager  | [EPOLL] event[0]: type=2 task=NULL
execution-manager  | [SCHEDULER] ✅ T=11717 ms: Task 1 'sum1' completed with status 2
execution-manager  | [SCHEDULER] 🔕 Timeout disarmed for task 1
execution-manager  | [SCHEDULER] 0 tasks remaining
execution-manager  | 
execution-manager  | [SCHEDULER] 🏁 Iteration 7/50 complete!
execution-manager  | [SCHEDULER] Iteration execution time: 11717 ms
execution-manager  | 
execution-manager  | 
execution-manager  | [SCHEDULER] 🔁 ===== ITERATION 8 / 50 =====
execution-manager  | 
execution-manager  | [SCHEDULER] 🚀 Schedule started at T=0
execution-manager  | 
execution-manager  | [SCHEDULER] 🔄 Entering event loop (NO SLEEP - event-driven!)
execution-manager  | 
execution-manager  | [gRPC Client Async] Stream completed, received 1 responses
execution-manager  | [GRPC THREAD 1] Completed
execution-manager  | [EPOLL] T=10000 ms: epoll_wait returned 1 event(s)
execution-manager  | [EPOLL] event[0]: type=0 task=sum1
execution-manager  | [SCHEDULER] ⏰ T=10000 ms | T_wall=739003574.639 ms: Launching task 1 'sum1' (deadline: 30000 ms)
execution-manager  | [SCHEDULER] 🕐 Timeout armed for task 1 at T=30000 ms (in 20000 ms)
execution-manager  | [GRPC THREAD 1] Starting...
execution-manager  | [EXECUTION MANAGER] ⏱️ T1=739003574.802 ms | Sending gRPC request for task 1 'sum1'
execution-manager  | [gRPC Channel Pool] Reusing existing channel for localhost:50051 (state=2)
execution-manager  | [gRPC Client Async] Calling task 'sum1' at localhost:50051
execution-manager  | [gRPC Client Async] Inputs: {"total_ops": 100, "io_percentage": 25}
execution-manager  | [gRPC Client Async] Response #1 - Status: COMPLETED
execution-manager  | 🎉 [T=11717 ms] Task 1 'sum1' COMPLETED
execution-manager  | [EXECUTION MANAGER] ⏱️ T2=739003575.664 ms | Thread started (server measured)
execution-manager  | [EXECUTION MANAGER] ⏱️ T3=739005290.525 ms | Task completed (server measured)
execution-manager  | [EXECUTION MANAGER] ⏱️ T4=739005291.217 ms | Result received by client
execution-manager  |    [TASK EXECUTION] 1714.861 ms (T3-T2, measured in thread)
execution-manager  |    [RESULT] {"result": 0}
execution-manager  | 
execution-manager  | ╔═══════════════════════════════════════════════════════════════╗
execution-manager  | ║           END-TO-END TIMING MEASUREMENT RECAP                 ║
execution-manager  | ║                   Task 1: sum1                                 
execution-manager  | ╠═══════════════════════════════════════════════════════════════╣
execution-manager  | ║ T1 (start_request)    = 739003574.802 ms                        ║
execution-manager  | ║ T2 (end_request)      = 739003575.664 ms                        ║
execution-manager  | ║ T3 (start_result)     = 739005290.525 ms                        ║
execution-manager  | ║ T4 (end_result)       = 739005291.217 ms                        ║
execution-manager  | ╠═══════════════════════════════════════════════════════════════╣
execution-manager  | ║ METRICS:                                                      ║
execution-manager  | ║   Request Latency    =        0.862 ms  (T2 - T1)            ║
execution-manager  | ║   Task Execution     =     1714.861 ms  (T3 - T2)            ║
execution-manager  | ║   Response Latency   =        0.692 ms  (T4 - T3)            ║
execution-manager  | ║   Total End-to-End   =     1716.415 ms  (T4 - T1)            ║
execution-manager  | ║   Network Overhead   =        1.554 ms  (Req + Resp)         ║
execution-manager  | ╚═══════════════════════════════════════════════════════════════╝
execution-manager  | 
execution-manager  | [EPOLL] T=11717 ms: epoll_wait returned 1 event(s)
execution-manager  | [EPOLL] event[0]: type=2 task=NULL
execution-manager  | [SCHEDULER] ✅ T=11717 ms: Task 1 'sum1' completed with status 2
execution-manager  | [SCHEDULER] 🔕 Timeout disarmed for task 1
execution-manager  | [SCHEDULER] 0 tasks remaining
execution-manager  | 
execution-manager  | [SCHEDULER] 🏁 Iteration 8/50 complete!
execution-manager  | [SCHEDULER] Iteration execution time: 11717 ms
execution-manager  | 
execution-manager  | 
execution-manager  | [SCHEDULER] 🔁 ===== ITERATION 9 / 50 =====
execution-manager  | 
execution-manager  | [SCHEDULER] 🚀 Schedule started at T=0
execution-manager  | 
execution-manager  | [SCHEDULER] 🔄 Entering event loop (NO SLEEP - event-driven!)
execution-manager  | 
execution-manager  | [gRPC Client Async] Stream completed, received 1 responses
execution-manager  | [GRPC THREAD 1] Completed
execution-manager  | [EPOLL] T=10000 ms: epoll_wait returned 1 event(s)
execution-manager  | [EPOLL] event[0]: type=0 task=sum1
execution-manager  | [SCHEDULER] ⏰ T=10000 ms | T_wall=739015291.462 ms: Launching task 1 'sum1' (deadline: 30000 ms)
execution-manager  | [SCHEDULER] 🕐 Timeout armed for task 1 at T=30000 ms (in 20000 ms)
execution-manager  | [GRPC THREAD 1] Starting...
execution-manager  | [EXECUTION MANAGER] ⏱️ T1=739015291.626 ms | Sending gRPC request for task 1 'sum1'
execution-manager  | [gRPC Channel Pool] Reusing existing channel for localhost:50051 (state=2)
execution-manager  | [gRPC Client Async] Calling task 'sum1' at localhost:50051
execution-manager  | [gRPC Client Async] Inputs: {"total_ops": 100, "io_percentage": 25}
execution-manager  | [gRPC Client Async] Response #1 - Status: COMPLETED
execution-manager  | 🎉 [T=11716 ms] Task 1 'sum1' COMPLETED
execution-manager  | [EXECUTION MANAGER] ⏱️ T2=739015292.518 ms | Thread started (server measured)
execution-manager  | [EXECUTION MANAGER] ⏱️ T3=739017007.290 ms | Task completed (server measured)
execution-manager  | [EXECUTION MANAGER] ⏱️ T4=739017007.909 ms | Result received by client
execution-manager  |    [TASK EXECUTION] 1714.772 ms (T3-T2, measured in thread)
execution-manager  |    [RESULT] {"result": 0}
execution-manager  | 
execution-manager  | ╔═══════════════════════════════════════════════════════════════╗
execution-manager  | ║           END-TO-END TIMING MEASUREMENT RECAP                 ║
execution-manager  | ║                   Task 1: sum1                                 
execution-manager  | ╠═══════════════════════════════════════════════════════════════╣
execution-manager  | ║ T1 (start_request)    = 739015291.626 ms                        ║
execution-manager  | ║ T2 (end_request)      = 739015292.518 ms                        ║
execution-manager  | ║ T3 (start_result)     = 739017007.290 ms                        ║
execution-manager  | ║ T4 (end_result)       = 739017007.909 ms                        ║
execution-manager  | ╠═══════════════════════════════════════════════════════════════╣
execution-manager  | ║ METRICS:                                                      ║
execution-manager  | ║   Request Latency    =        0.892 ms  (T2 - T1)            ║
execution-manager  | ║   Task Execution     =     1714.772 ms  (T3 - T2)            ║
execution-manager  | ║   Response Latency   =        0.620 ms  (T4 - T3)            ║
execution-manager  | ║   Total End-to-End   =     1716.283 ms  (T4 - T1)            ║
execution-manager  | ║   Network Overhead   =        1.512 ms  (Req + Resp)         ║
execution-manager  | ╚═══════════════════════════════════════════════════════════════╝
execution-manager  | 
execution-manager  | [EPOLL] T=11717 ms: epoll_wait returned 1 event(s)
execution-manager  | [EPOLL] event[0]: type=2 task=NULL
execution-manager  | [SCHEDULER] ✅ T=11717 ms: Task 1 'sum1' completed with status 2
execution-manager  | [SCHEDULER] 🔕 Timeout disarmed for task 1
execution-manager  | [SCHEDULER] 0 tasks remaining
execution-manager  | 
execution-manager  | [SCHEDULER] 🏁 Iteration 9/50 complete!
execution-manager  | [SCHEDULER] Iteration execution time: 11717 ms
execution-manager  | 
execution-manager  | 
execution-manager  | [SCHEDULER] 🔁 ===== ITERATION 10 / 50 =====
execution-manager  | 
execution-manager  | [SCHEDULER] 🚀 Schedule started at T=0
execution-manager  | 
execution-manager  | [SCHEDULER] 🔄 Entering event loop (NO SLEEP - event-driven!)
execution-manager  | 
execution-manager  | [gRPC Client Async] Stream completed, received 1 responses
execution-manager  | [GRPC THREAD 1] Completed
execution-manager  | [EPOLL] T=10000 ms: epoll_wait returned 1 event(s)
execution-manager  | [EPOLL] event[0]: type=0 task=sum1
execution-manager  | [SCHEDULER] ⏰ T=10000 ms | T_wall=739027008.224 ms: Launching task 1 'sum1' (deadline: 30000 ms)
execution-manager  | [SCHEDULER] 🕐 Timeout armed for task 1 at T=30000 ms (in 20000 ms)
execution-manager  | [GRPC THREAD 1] Starting...
execution-manager  | [EXECUTION MANAGER] ⏱️ T1=739027008.396 ms | Sending gRPC request for task 1 'sum1'
execution-manager  | [gRPC Channel Pool] Reusing existing channel for localhost:50051 (state=2)
execution-manager  | [gRPC Client Async] Calling task 'sum1' at localhost:50051
execution-manager  | [gRPC Client Async] Inputs: {"total_ops": 100, "io_percentage": 25}
execution-manager  | [gRPC Client Async] Response #1 - Status: COMPLETED
execution-manager  | 🎉 [T=11716 ms] Task 1 'sum1' COMPLETED
execution-manager  | [EXECUTION MANAGER] ⏱️ T2=739027009.236 ms | Thread started (server measured)
execution-manager  | [EXECUTION MANAGER] ⏱️ T3=739028724.141 ms | Task completed (server measured)
execution-manager  | [EXECUTION MANAGER] ⏱️ T4=739028724.813 ms | Result received by client
execution-manager  |    [TASK EXECUTION] 1714.905 ms (T3-T2, measured in thread)
execution-manager  |    [RESULT] {"result": 0}
execution-manager  | 
execution-manager  | ╔═══════════════════════════════════════════════════════════════╗
execution-manager  | ║           END-TO-END TIMING MEASUREMENT RECAP                 ║
execution-manager  | ║                   Task 1: sum1                                 
execution-manager  | ╠═══════════════════════════════════════════════════════════════╣
execution-manager  | ║ T1 (start_request)    = 739027008.396 ms                        ║
execution-manager  | ║ T2 (end_request)      = 739027009.236 ms                        ║
execution-manager  | ║ T3 (start_result)     = 739028724.141 ms                        ║
execution-manager  | ║ T4 (end_result)       = 739028724.813 ms                        ║
execution-manager  | ╠═══════════════════════════════════════════════════════════════╣
execution-manager  | ║ METRICS:                                                      ║
execution-manager  | ║   Request Latency    =        0.840 ms  (T2 - T1)            ║
execution-manager  | ║   Task Execution     =     1714.905 ms  (T3 - T2)            ║
execution-manager  | ║   Response Latency   =        0.672 ms  (T4 - T3)            ║
execution-manager  | ║   Total End-to-End   =     1716.417 ms  (T4 - T1)            ║
execution-manager  | ║   Network Overhead   =        1.512 ms  (Req + Resp)         ║
execution-manager  | ╚═══════════════════════════════════════════════════════════════╝
execution-manager  | 
execution-manager  | [EPOLL] T=11716 ms: epoll_wait returned 1 event(s)
execution-manager  | [EPOLL] event[0]: type=2 task=NULL
execution-manager  | [SCHEDULER] ✅ T=11716 ms: Task 1 'sum1' completed with status 2
execution-manager  | [SCHEDULER] 🔕 Timeout disarmed for task 1
execution-manager  | [SCHEDULER] 0 tasks remaining
execution-manager  | 
execution-manager  | [SCHEDULER] 🏁 Iteration 10/50 complete!
execution-manager  | [SCHEDULER] Iteration execution time: 11716 ms
execution-manager  | 
execution-manager  | 
execution-manager  | [SCHEDULER] 🔁 ===== ITERATION 11 / 50 =====
execution-manager  | 
execution-manager  | [SCHEDULER] 🚀 Schedule started at T=0
execution-manager  | 
execution-manager  | [SCHEDULER] 🔄 Entering event loop (NO SLEEP - event-driven!)
execution-manager  | 
execution-manager  | [gRPC Client Async] Stream completed, received 1 responses
execution-manager  | [GRPC THREAD 1] Completed
execution-manager  | [EPOLL] T=10001 ms: epoll_wait returned 1 event(s)
execution-manager  | [EPOLL] event[0]: type=0 task=sum1
execution-manager  | [SCHEDULER] ⏰ T=10001 ms | T_wall=739038725.132 ms: Launching task 1 'sum1' (deadline: 30000 ms)
execution-manager  | [SCHEDULER] 🕐 Timeout armed for task 1 at T=30000 ms (in 19999 ms)
execution-manager  | [GRPC THREAD 1] Starting...
execution-manager  | [EXECUTION MANAGER] ⏱️ T1=739038725.303 ms | Sending gRPC request for task 1 'sum1'
execution-manager  | [gRPC Channel Pool] Reusing existing channel for localhost:50051 (state=2)
execution-manager  | [gRPC Client Async] Calling task 'sum1' at localhost:50051
execution-manager  | [gRPC Client Async] Inputs: {"total_ops": 100, "io_percentage": 25}
execution-manager  | [gRPC Client Async] Response #1 - Status: COMPLETED
execution-manager  | 🎉 [T=11718 ms] Task 1 'sum1' COMPLETED
execution-manager  | [EXECUTION MANAGER] ⏱️ T2=739038726.378 ms | Thread started (server measured)
execution-manager  | [EXECUTION MANAGER] ⏱️ T3=739040441.363 ms | Task completed (server measured)
execution-manager  | [EXECUTION MANAGER] ⏱️ T4=739040442.086 ms | Result received by client
execution-manager  |    [TASK EXECUTION] 1714.985 ms (T3-T2, measured in thread)
execution-manager  |    [RESULT] {"result": 0}
execution-manager  | 
execution-manager  | ╔═══════════════════════════════════════════════════════════════╗
execution-manager  | ║           END-TO-END TIMING MEASUREMENT RECAP                 ║
execution-manager  | ║                   Task 1: sum1                                 
execution-manager  | ╠═══════════════════════════════════════════════════════════════╣
execution-manager  | ║ T1 (start_request)    = 739038725.303 ms                        ║
execution-manager  | ║ T2 (end_request)      = 739038726.378 ms                        ║
execution-manager  | ║ T3 (start_result)     = 739040441.363 ms                        ║
execution-manager  | ║ T4 (end_result)       = 739040442.086 ms                        ║
execution-manager  | ╠═══════════════════════════════════════════════════════════════╣
execution-manager  | ║ METRICS:                                                      ║
execution-manager  | ║   Request Latency    =        1.075 ms  (T2 - T1)            ║
execution-manager  | ║   Task Execution     =     1714.985 ms  (T3 - T2)            ║
execution-manager  | ║   Response Latency   =        0.724 ms  (T4 - T3)            ║
execution-manager  | ║   Total End-to-End   =     1716.783 ms  (T4 - T1)            ║
execution-manager  | ║   Network Overhead   =        1.798 ms  (Req + Resp)         ║
execution-manager  | ╚═══════════════════════════════════════════════════════════════╝
execution-manager  | 
execution-manager  | [EPOLL] T=11718 ms: epoll_wait returned 1 event(s)
execution-manager  | [EPOLL] event[0]: type=2 task=NULL
execution-manager  | [SCHEDULER] ✅ T=11718 ms: Task 1 'sum1' completed with status 2
execution-manager  | [SCHEDULER] 🔕 Timeout disarmed for task 1
execution-manager  | [SCHEDULER] 0 tasks remaining
execution-manager  | 
execution-manager  | [SCHEDULER] 🏁 Iteration 11/50 complete!
execution-manager  | [SCHEDULER] Iteration execution time: 11718 ms
execution-manager  | 
execution-manager  | 
execution-manager  | [SCHEDULER] 🔁 ===== ITERATION 12 / 50 =====
execution-manager  | 
execution-manager  | [SCHEDULER] 🚀 Schedule started at T=0
execution-manager  | 
execution-manager  | [SCHEDULER] 🔄 Entering event loop (NO SLEEP - event-driven!)
execution-manager  | 
execution-manager  | [gRPC Client Async] Stream completed, received 1 responses
execution-manager  | [GRPC THREAD 1] Completed
execution-manager  | [EPOLL] T=10000 ms: epoll_wait returned 1 event(s)
execution-manager  | [EPOLL] event[0]: type=0 task=sum1
execution-manager  | [SCHEDULER] ⏰ T=10000 ms | T_wall=739050442.301 ms: Launching task 1 'sum1' (deadline: 30000 ms)
execution-manager  | [SCHEDULER] 🕐 Timeout armed for task 1 at T=30000 ms (in 20000 ms)
execution-manager  | [GRPC THREAD 1] Starting...
execution-manager  | [EXECUTION MANAGER] ⏱️ T1=739050442.482 ms | Sending gRPC request for task 1 'sum1'
execution-manager  | [gRPC Channel Pool] Reusing existing channel for localhost:50051 (state=2)
execution-manager  | [gRPC Client Async] Calling task 'sum1' at localhost:50051
execution-manager  | [gRPC Client Async] Inputs: {"total_ops": 100, "io_percentage": 25}
execution-manager  | [gRPC Client Async] Response #1 - Status: COMPLETED
execution-manager  | 🎉 [T=11716 ms] Task 1 'sum1' COMPLETED
execution-manager  | [EXECUTION MANAGER] ⏱️ T2=739050443.285 ms | Thread started (server measured)
execution-manager  | [EXECUTION MANAGER] ⏱️ T3=739052158.194 ms | Task completed (server measured)
execution-manager  | [EXECUTION MANAGER] ⏱️ T4=739052158.810 ms | Result received by client
execution-manager  |    [TASK EXECUTION] 1714.908 ms (T3-T2, measured in thread)
execution-manager  |    [RESULT] {"result": 0}
execution-manager  | 
execution-manager  | ╔═══════════════════════════════════════════════════════════════╗
execution-manager  | ║           END-TO-END TIMING MEASUREMENT RECAP                 ║
execution-manager  | ║                   Task 1: sum1                                 
execution-manager  | ╠═══════════════════════════════════════════════════════════════╣
execution-manager  | ║ T1 (start_request)    = 739050442.482 ms                        ║
execution-manager  | ║ T2 (end_request)      = 739050443.285 ms                        ║
execution-manager  | ║ T3 (start_result)     = 739052158.194 ms                        ║
execution-manager  | ║ T4 (end_result)       = 739052158.810 ms                        ║
execution-manager  | ╠═══════════════════════════════════════════════════════════════╣
execution-manager  | ║ METRICS:                                                      ║
execution-manager  | ║   Request Latency    =        0.804 ms  (T2 - T1)            ║
execution-manager  | ║   Task Execution     =     1714.908 ms  (T3 - T2)            ║
execution-manager  | ║   Response Latency   =        0.616 ms  (T4 - T3)            ║
execution-manager  | ║   Total End-to-End   =     1716.328 ms  (T4 - T1)            ║
execution-manager  | ║   Network Overhead   =        1.420 ms  (Req + Resp)         ║
execution-manager  | ╚═══════════════════════════════════════════════════════════════╝
execution-manager  | 
execution-manager  | [EPOLL] T=11716 ms: epoll_wait returned 1 event(s)
execution-manager  | [EPOLL] event[0]: type=2 task=NULL
execution-manager  | [SCHEDULER] ✅ T=11716 ms: Task 1 'sum1' completed with status 2
execution-manager  | [SCHEDULER] 🔕 Timeout disarmed for task 1
execution-manager  | [SCHEDULER] 0 tasks remaining
execution-manager  | 
execution-manager  | [SCHEDULER] 🏁 Iteration 12/50 complete!
execution-manager  | [SCHEDULER] Iteration execution time: 11716 ms
execution-manager  | 
execution-manager  | 
execution-manager  | [SCHEDULER] 🔁 ===== ITERATION 13 / 50 =====
execution-manager  | 
execution-manager  | [SCHEDULER] 🚀 Schedule started at T=0
execution-manager  | 
execution-manager  | [SCHEDULER] 🔄 Entering event loop (NO SLEEP - event-driven!)
execution-manager  | 
execution-manager  | [gRPC Client Async] Stream completed, received 1 responses
execution-manager  | [GRPC THREAD 1] Completed
execution-manager  | [EPOLL] T=10001 ms: epoll_wait returned 1 event(s)
execution-manager  | [EPOLL] event[0]: type=0 task=sum1
execution-manager  | [SCHEDULER] ⏰ T=10001 ms | T_wall=739062159.191 ms: Launching task 1 'sum1' (deadline: 30000 ms)
execution-manager  | [SCHEDULER] 🕐 Timeout armed for task 1 at T=30000 ms (in 19999 ms)
execution-manager  | [GRPC THREAD 1] Starting...
execution-manager  | [EXECUTION MANAGER] ⏱️ T1=739062159.391 ms | Sending gRPC request for task 1 'sum1'
execution-manager  | [gRPC Channel Pool] Reusing existing channel for localhost:50051 (state=2)
execution-manager  | [gRPC Client Async] Calling task 'sum1' at localhost:50051
execution-manager  | [gRPC Client Async] Inputs: {"total_ops": 100, "io_percentage": 25}
execution-manager  | [gRPC Client Async] Response #1 - Status: COMPLETED
execution-manager  | 🎉 [T=11717 ms] Task 1 'sum1' COMPLETED
execution-manager  | [EXECUTION MANAGER] ⏱️ T2=739062160.241 ms | Thread started (server measured)
execution-manager  | [EXECUTION MANAGER] ⏱️ T3=739063875.159 ms | Task completed (server measured)
execution-manager  | [EXECUTION MANAGER] ⏱️ T4=739063875.942 ms | Result received by client
execution-manager  |    [TASK EXECUTION] 1714.918 ms (T3-T2, measured in thread)
execution-manager  |    [RESULT] {"result": 0}
execution-manager  | 
execution-manager  | ╔═══════════════════════════════════════════════════════════════╗
execution-manager  | ║           END-TO-END TIMING MEASUREMENT RECAP                 ║
execution-manager  | ║                   Task 1: sum1                                 
execution-manager  | ╠═══════════════════════════════════════════════════════════════╣
execution-manager  | ║ T1 (start_request)    = 739062159.391 ms                        ║
execution-manager  | ║ T2 (end_request)      = 739062160.241 ms                        ║
execution-manager  | ║ T3 (start_result)     = 739063875.159 ms                        ║
execution-manager  | ║ T4 (end_result)       = 739063875.942 ms                        ║
execution-manager  | ╠═══════════════════════════════════════════════════════════════╣
execution-manager  | ║ METRICS:                                                      ║
execution-manager  | ║   Request Latency    =        0.850 ms  (T2 - T1)            ║
execution-manager  | ║   Task Execution     =     1714.918 ms  (T3 - T2)            ║
execution-manager  | ║   Response Latency   =        0.783 ms  (T4 - T3)            ║
execution-manager  | ║   Total End-to-End   =     1716.550 ms  (T4 - T1)            ║
execution-manager  | ║   Network Overhead   =        1.633 ms  (Req + Resp)         ║
execution-manager  | ╚═══════════════════════════════════════════════════════════════╝
execution-manager  | 
execution-manager  | [EPOLL] T=11718 ms: epoll_wait returned 1 event(s)
execution-manager  | [EPOLL] event[0]: type=2 task=NULL
execution-manager  | [SCHEDULER] ✅ T=11718 ms: Task 1 'sum1' completed with status 2
execution-manager  | [SCHEDULER] 🔕 Timeout disarmed for task 1
execution-manager  | [SCHEDULER] 0 tasks remaining
execution-manager  | 
execution-manager  | [SCHEDULER] 🏁 Iteration 13/50 complete!
execution-manager  | [SCHEDULER] Iteration execution time: 11718 ms
execution-manager  | 
execution-manager  | 
execution-manager  | [SCHEDULER] 🔁 ===== ITERATION 14 / 50 =====
execution-manager  | 
execution-manager  | [SCHEDULER] 🚀 Schedule started at T=0
execution-manager  | 
execution-manager  | [SCHEDULER] 🔄 Entering event loop (NO SLEEP - event-driven!)
execution-manager  | 
execution-manager  | [gRPC Client Async] Stream completed, received 1 responses
execution-manager  | [GRPC THREAD 1] Completed
execution-manager  | [EPOLL] T=10000 ms: epoll_wait returned 1 event(s)
execution-manager  | [EPOLL] event[0]: type=0 task=sum1
execution-manager  | [SCHEDULER] ⏰ T=10000 ms | T_wall=739073876.207 ms: Launching task 1 'sum1' (deadline: 30000 ms)
execution-manager  | [SCHEDULER] 🕐 Timeout armed for task 1 at T=30000 ms (in 20000 ms)
execution-manager  | [GRPC THREAD 1] Starting...
execution-manager  | [EXECUTION MANAGER] ⏱️ T1=739073876.405 ms | Sending gRPC request for task 1 'sum1'
execution-manager  | [gRPC Channel Pool] Reusing existing channel for localhost:50051 (state=2)
execution-manager  | [gRPC Client Async] Calling task 'sum1' at localhost:50051
execution-manager  | [gRPC Client Async] Inputs: {"total_ops": 100, "io_percentage": 25}
execution-manager  | [gRPC Client Async] Response #1 - Status: COMPLETED
execution-manager  | 🎉 [T=11717 ms] Task 1 'sum1' COMPLETED
execution-manager  | [EXECUTION MANAGER] ⏱️ T2=739073877.281 ms | Thread started (server measured)
execution-manager  | [EXECUTION MANAGER] ⏱️ T3=739075592.568 ms | Task completed (server measured)
execution-manager  | [EXECUTION MANAGER] ⏱️ T4=739075593.268 ms | Result received by client
execution-manager  |    [TASK EXECUTION] 1715.287 ms (T3-T2, measured in thread)
execution-manager  |    [RESULT] {"result": 0}
execution-manager  | 
execution-manager  | ╔═══════════════════════════════════════════════════════════════╗
execution-manager  | ║           END-TO-END TIMING MEASUREMENT RECAP                 ║
execution-manager  | ║                   Task 1: sum1                                 
execution-manager  | ╠═══════════════════════════════════════════════════════════════╣
execution-manager  | ║ T1 (start_request)    = 739073876.405 ms                        ║
execution-manager  | ║ T2 (end_request)      = 739073877.281 ms                        ║
execution-manager  | ║ T3 (start_result)     = 739075592.568 ms                        ║
execution-manager  | ║ T4 (end_result)       = 739075593.268 ms                        ║
execution-manager  | ╠═══════════════════════════════════════════════════════════════╣
execution-manager  | ║ METRICS:                                                      ║
execution-manager  | ║   Request Latency    =        0.876 ms  (T2 - T1)            ║
execution-manager  | ║   Task Execution     =     1715.287 ms  (T3 - T2)            ║
execution-manager  | ║   Response Latency   =        0.700 ms  (T4 - T3)            ║
execution-manager  | ║   Total End-to-End   =     1716.863 ms  (T4 - T1)            ║
execution-manager  | ║   Network Overhead   =        1.576 ms  (Req + Resp)         ║
execution-manager  | ╚═══════════════════════════════════════════════════════════════╝
execution-manager  | 
execution-manager  | [EPOLL] T=11717 ms: epoll_wait returned 1 event(s)
execution-manager  | [EPOLL] event[0]: type=2 task=NULL
execution-manager  | [SCHEDULER] ✅ T=11717 ms: Task 1 'sum1' completed with status 2
execution-manager  | [SCHEDULER] 🔕 Timeout disarmed for task 1
execution-manager  | [SCHEDULER] 0 tasks remaining
execution-manager  | 
execution-manager  | [SCHEDULER] 🏁 Iteration 14/50 complete!
execution-manager  | [SCHEDULER] Iteration execution time: 11717 ms
execution-manager  | 
execution-manager  | 
execution-manager  | [SCHEDULER] 🔁 ===== ITERATION 15 / 50 =====
execution-manager  | 
execution-manager  | [SCHEDULER] 🚀 Schedule started at T=0
execution-manager  | 
execution-manager  | [SCHEDULER] 🔄 Entering event loop (NO SLEEP - event-driven!)
execution-manager  | 
execution-manager  | [gRPC Client Async] Stream completed, received 1 responses
execution-manager  | [GRPC THREAD 1] Completed
execution-manager  | [EPOLL] T=10000 ms: epoll_wait returned 1 event(s)
execution-manager  | [EPOLL] event[0]: type=0 task=sum1
execution-manager  | [SCHEDULER] ⏰ T=10000 ms | T_wall=739085593.517 ms: Launching task 1 'sum1' (deadline: 30000 ms)
execution-manager  | [SCHEDULER] 🕐 Timeout armed for task 1 at T=30000 ms (in 20000 ms)
execution-manager  | [GRPC THREAD 1] Starting...
execution-manager  | [EXECUTION MANAGER] ⏱️ T1=739085593.684 ms | Sending gRPC request for task 1 'sum1'
execution-manager  | [gRPC Channel Pool] Reusing existing channel for localhost:50051 (state=2)
execution-manager  | [gRPC Client Async] Calling task 'sum1' at localhost:50051
execution-manager  | [gRPC Client Async] Inputs: {"total_ops": 100, "io_percentage": 25}
execution-manager  | [gRPC Client Async] Response #1 - Status: COMPLETED
execution-manager  | 🎉 [T=11717 ms] Task 1 'sum1' COMPLETED
execution-manager  | [EXECUTION MANAGER] ⏱️ T2=739085594.531 ms | Thread started (server measured)
execution-manager  | [EXECUTION MANAGER] ⏱️ T3=739087309.788 ms | Task completed (server measured)
execution-manager  | [EXECUTION MANAGER] ⏱️ T4=739087310.426 ms | Result received by client
execution-manager  |    [TASK EXECUTION] 1715.256 ms (T3-T2, measured in thread)
execution-manager  |    [RESULT] {"result": 0}
execution-manager  | 
execution-manager  | ╔═══════════════════════════════════════════════════════════════╗
execution-manager  | ║           END-TO-END TIMING MEASUREMENT RECAP                 ║
execution-manager  | ║                   Task 1: sum1                                 
execution-manager  | ╠═══════════════════════════════════════════════════════════════╣
execution-manager  | ║ T1 (start_request)    = 739085593.684 ms                        ║
execution-manager  | ║ T2 (end_request)      = 739085594.531 ms                        ║
execution-manager  | ║ T3 (start_result)     = 739087309.788 ms                        ║
execution-manager  | ║ T4 (end_result)       = 739087310.426 ms                        ║
execution-manager  | ╠═══════════════════════════════════════════════════════════════╣
execution-manager  | ║ METRICS:                                                      ║
execution-manager  | ║   Request Latency    =        0.847 ms  (T2 - T1)            ║
execution-manager  | ║   Task Execution     =     1715.256 ms  (T3 - T2)            ║
execution-manager  | ║   Response Latency   =        0.638 ms  (T4 - T3)            ║
execution-manager  | ║   Total End-to-End   =     1716.741 ms  (T4 - T1)            ║
execution-manager  | ║   Network Overhead   =        1.485 ms  (Req + Resp)         ║
execution-manager  | ╚═══════════════════════════════════════════════════════════════╝
execution-manager  | 
execution-manager  | [EPOLL] T=11717 ms: epoll_wait returned 1 event(s)
execution-manager  | [EPOLL] event[0]: type=2 task=NULL
execution-manager  | [SCHEDULER] ✅ T=11717 ms: Task 1 'sum1' completed with status 2
execution-manager  | [SCHEDULER] 🔕 Timeout disarmed for task 1
execution-manager  | [SCHEDULER] 0 tasks remaining
execution-manager  | 
execution-manager  | [SCHEDULER] 🏁 Iteration 15/50 complete!
execution-manager  | [SCHEDULER] Iteration execution time: 11717 ms
execution-manager  | 
execution-manager  | 
execution-manager  | [SCHEDULER] 🔁 ===== ITERATION 16 / 50 =====
execution-manager  | 
execution-manager  | [SCHEDULER] 🚀 Schedule started at T=0
execution-manager  | 
execution-manager  | [SCHEDULER] 🔄 Entering event loop (NO SLEEP - event-driven!)
execution-manager  | 
execution-manager  | [gRPC Client Async] Stream completed, received 1 responses
execution-manager  | [GRPC THREAD 1] Completed
execution-manager  | [EPOLL] T=10000 ms: epoll_wait returned 1 event(s)
execution-manager  | [EPOLL] event[0]: type=0 task=sum1
execution-manager  | [SCHEDULER] ⏰ T=10000 ms | T_wall=739097310.644 ms: Launching task 1 'sum1' (deadline: 30000 ms)
execution-manager  | [SCHEDULER] 🕐 Timeout armed for task 1 at T=30000 ms (in 20000 ms)
execution-manager  | [GRPC THREAD 1] Starting...
execution-manager  | [EXECUTION MANAGER] ⏱️ T1=739097310.806 ms | Sending gRPC request for task 1 'sum1'
execution-manager  | [gRPC Channel Pool] Reusing existing channel for localhost:50051 (state=2)
execution-manager  | [gRPC Client Async] Calling task 'sum1' at localhost:50051
execution-manager  | [gRPC Client Async] Inputs: {"total_ops": 100, "io_percentage": 25}
execution-manager  | [gRPC Client Async] Response #1 - Status: COMPLETED
execution-manager  | 🎉 [T=11717 ms] Task 1 'sum1' COMPLETED
execution-manager  | [EXECUTION MANAGER] ⏱️ T2=739097311.865 ms | Thread started (server measured)
execution-manager  | [EXECUTION MANAGER] ⏱️ T3=739099027.121 ms | Task completed (server measured)
execution-manager  | [EXECUTION MANAGER] ⏱️ T4=739099027.840 ms | Result received by client
execution-manager  |    [TASK EXECUTION] 1715.255 ms (T3-T2, measured in thread)
execution-manager  |    [RESULT] {"result": 0}
execution-manager  | 
execution-manager  | ╔═══════════════════════════════════════════════════════════════╗
execution-manager  | ║           END-TO-END TIMING MEASUREMENT RECAP                 ║
execution-manager  | ║                   Task 1: sum1                                 
execution-manager  | ╠═══════════════════════════════════════════════════════════════╣
execution-manager  | ║ T1 (start_request)    = 739097310.806 ms                        ║
execution-manager  | ║ T2 (end_request)      = 739097311.865 ms                        ║
execution-manager  | ║ T3 (start_result)     = 739099027.121 ms                        ║
execution-manager  | ║ T4 (end_result)       = 739099027.840 ms                        ║
execution-manager  | ╠═══════════════════════════════════════════════════════════════╣
execution-manager  | ║ METRICS:                                                      ║
execution-manager  | ║   Request Latency    =        1.059 ms  (T2 - T1)            ║
execution-manager  | ║   Task Execution     =     1715.255 ms  (T3 - T2)            ║
execution-manager  | ║   Response Latency   =        0.720 ms  (T4 - T3)            ║
execution-manager  | ║   Total End-to-End   =     1717.034 ms  (T4 - T1)            ║
execution-manager  | ║   Network Overhead   =        1.779 ms  (Req + Resp)         ║
execution-manager  | ╚═══════════════════════════════════════════════════════════════╝
execution-manager  | 
execution-manager  | [EPOLL] T=11717 ms: epoll_wait returned 1 event(s)
execution-manager  | [EPOLL] event[0]: type=2 task=NULL
execution-manager  | [SCHEDULER] ✅ T=11717 ms: Task 1 'sum1' completed with status 2
execution-manager  | [SCHEDULER] 🔕 Timeout disarmed for task 1
execution-manager  | [SCHEDULER] 0 tasks remaining
execution-manager  | 
execution-manager  | [SCHEDULER] 🏁 Iteration 16/50 complete!
execution-manager  | [SCHEDULER] Iteration execution time: 11717 ms
execution-manager  | 
execution-manager  | 
execution-manager  | [SCHEDULER] 🔁 ===== ITERATION 17 / 50 =====
execution-manager  | 
execution-manager  | [SCHEDULER] 🚀 Schedule started at T=0
execution-manager  | 
execution-manager  | [SCHEDULER] 🔄 Entering event loop (NO SLEEP - event-driven!)
execution-manager  | 
execution-manager  | [gRPC Client Async] Stream completed, received 1 responses
execution-manager  | [GRPC THREAD 1] Completed
execution-manager  | [EPOLL] T=10001 ms: epoll_wait returned 1 event(s)
execution-manager  | [EPOLL] event[0]: type=0 task=sum1
execution-manager  | [SCHEDULER] ⏰ T=10001 ms | T_wall=739109028.221 ms: Launching task 1 'sum1' (deadline: 30000 ms)
execution-manager  | [SCHEDULER] 🕐 Timeout armed for task 1 at T=30000 ms (in 19999 ms)
execution-manager  | [GRPC THREAD 1] Starting...
execution-manager  | [EXECUTION MANAGER] ⏱️ T1=739109028.411 ms | Sending gRPC request for task 1 'sum1'
execution-manager  | [gRPC Channel Pool] Reusing existing channel for localhost:50051 (state=2)
execution-manager  | [gRPC Client Async] Calling task 'sum1' at localhost:50051
execution-manager  | [gRPC Client Async] Inputs: {"total_ops": 100, "io_percentage": 25}
execution-manager  | [gRPC Client Async] Response #1 - Status: COMPLETED
execution-manager  | 🎉 [T=11718 ms] Task 1 'sum1' COMPLETED
execution-manager  | [EXECUTION MANAGER] ⏱️ T2=739109029.257 ms | Thread started (server measured)
execution-manager  | [EXECUTION MANAGER] ⏱️ T3=739110744.939 ms | Task completed (server measured)
execution-manager  | [EXECUTION MANAGER] ⏱️ T4=739110745.607 ms | Result received by client
execution-manager  |    [TASK EXECUTION] 1715.682 ms (T3-T2, measured in thread)
execution-manager  |    [RESULT] {"result": 0}
execution-manager  | 
execution-manager  | ╔═══════════════════════════════════════════════════════════════╗
execution-manager  | ║           END-TO-END TIMING MEASUREMENT RECAP                 ║
execution-manager  | ║                   Task 1: sum1                                 
execution-manager  | ╠═══════════════════════════════════════════════════════════════╣
execution-manager  | ║ T1 (start_request)    = 739109028.411 ms                        ║
execution-manager  | ║ T2 (end_request)      = 739109029.257 ms                        ║
execution-manager  | ║ T3 (start_result)     = 739110744.939 ms                        ║
execution-manager  | ║ T4 (end_result)       = 739110745.607 ms                        ║
execution-manager  | ╠═══════════════════════════════════════════════════════════════╣
execution-manager  | ║ METRICS:                                                      ║
execution-manager  | ║   Request Latency    =        0.846 ms  (T2 - T1)            ║
execution-manager  | ║   Task Execution     =     1715.682 ms  (T3 - T2)            ║
execution-manager  | ║   Response Latency   =        0.668 ms  (T4 - T3)            ║
execution-manager  | ║   Total End-to-End   =     1717.196 ms  (T4 - T1)            ║
execution-manager  | ║   Network Overhead   =        1.514 ms  (Req + Resp)         ║
execution-manager  | ╚═══════════════════════════════════════════════════════════════╝
execution-manager  | 
execution-manager  | [EPOLL] T=11718 ms: epoll_wait returned 1 event(s)
execution-manager  | [EPOLL] event[0]: type=2 task=NULL
execution-manager  | [SCHEDULER] ✅ T=11718 ms: Task 1 'sum1' completed with status 2
execution-manager  | [SCHEDULER] 🔕 Timeout disarmed for task 1
execution-manager  | [SCHEDULER] 0 tasks remaining
execution-manager  | 
execution-manager  | [SCHEDULER] 🏁 Iteration 17/50 complete!
execution-manager  | [SCHEDULER] Iteration execution time: 11718 ms
execution-manager  | 
execution-manager  | 
execution-manager  | [SCHEDULER] 🔁 ===== ITERATION 18 / 50 =====
execution-manager  | 
execution-manager  | [SCHEDULER] 🚀 Schedule started at T=0
execution-manager  | 
execution-manager  | [SCHEDULER] 🔄 Entering event loop (NO SLEEP - event-driven!)
execution-manager  | 
execution-manager  | [gRPC Client Async] Stream completed, received 1 responses
execution-manager  | [GRPC THREAD 1] Completed
execution-manager  | [EPOLL] T=10000 ms: epoll_wait returned 1 event(s)
execution-manager  | [EPOLL] event[0]: type=0 task=sum1
execution-manager  | [SCHEDULER] ⏰ T=10000 ms | T_wall=739120745.862 ms: Launching task 1 'sum1' (deadline: 30000 ms)
execution-manager  | [SCHEDULER] 🕐 Timeout armed for task 1 at T=30000 ms (in 20000 ms)
execution-manager  | [GRPC THREAD 1] Starting...
execution-manager  | [EXECUTION MANAGER] ⏱️ T1=739120746.053 ms | Sending gRPC request for task 1 'sum1'
execution-manager  | [gRPC Channel Pool] Reusing existing channel for localhost:50051 (state=2)
execution-manager  | [gRPC Client Async] Calling task 'sum1' at localhost:50051
execution-manager  | [gRPC Client Async] Inputs: {"total_ops": 100, "io_percentage": 25}
execution-manager  | [gRPC Client Async] Response #1 - Status: COMPLETED
execution-manager  | 🎉 [T=11717 ms] Task 1 'sum1' COMPLETED
execution-manager  | [EXECUTION MANAGER] ⏱️ T2=739120746.871 ms | Thread started (server measured)
execution-manager  | [EXECUTION MANAGER] ⏱️ T3=739122462.348 ms | Task completed (server measured)
execution-manager  | [EXECUTION MANAGER] ⏱️ T4=739122462.941 ms | Result received by client
execution-manager  |    [TASK EXECUTION] 1715.477 ms (T3-T2, measured in thread)
execution-manager  |    [RESULT] {"result": 0}
execution-manager  | 
execution-manager  | ╔═══════════════════════════════════════════════════════════════╗
execution-manager  | ║           END-TO-END TIMING MEASUREMENT RECAP                 ║
execution-manager  | ║                   Task 1: sum1                                 
execution-manager  | ╠═══════════════════════════════════════════════════════════════╣
execution-manager  | ║ T1 (start_request)    = 739120746.053 ms                        ║
execution-manager  | ║ T2 (end_request)      = 739120746.871 ms                        ║
execution-manager  | ║ T3 (start_result)     = 739122462.348 ms                        ║
execution-manager  | ║ T4 (end_result)       = 739122462.941 ms                        ║
execution-manager  | ╠═══════════════════════════════════════════════════════════════╣
execution-manager  | ║ METRICS:                                                      ║
execution-manager  | ║   Request Latency    =        0.818 ms  (T2 - T1)            ║
execution-manager  | ║   Task Execution     =     1715.477 ms  (T3 - T2)            ║
execution-manager  | ║   Response Latency   =        0.592 ms  (T4 - T3)            ║
execution-manager  | ║   Total End-to-End   =     1716.888 ms  (T4 - T1)            ║
execution-manager  | ║   Network Overhead   =        1.411 ms  (Req + Resp)         ║
execution-manager  | ╚═══════════════════════════════════════════════════════════════╝
execution-manager  | 
execution-manager  | [EPOLL] T=11718 ms: epoll_wait returned 1 event(s)
execution-manager  | [EPOLL] event[0]: type=2 task=NULL
execution-manager  | [SCHEDULER] ✅ T=11718 ms: Task 1 'sum1' completed with status 2
execution-manager  | [SCHEDULER] 🔕 Timeout disarmed for task 1
execution-manager  | [SCHEDULER] 0 tasks remaining
execution-manager  | 
execution-manager  | [SCHEDULER] 🏁 Iteration 18/50 complete!
execution-manager  | [SCHEDULER] Iteration execution time: 11718 ms
execution-manager  | 
execution-manager  | 
execution-manager  | [SCHEDULER] 🔁 ===== ITERATION 19 / 50 =====
execution-manager  | 
execution-manager  | [SCHEDULER] 🚀 Schedule started at T=0
execution-manager  | 
execution-manager  | [SCHEDULER] 🔄 Entering event loop (NO SLEEP - event-driven!)
execution-manager  | 
execution-manager  | [gRPC Client Async] Stream completed, received 1 responses
execution-manager  | [GRPC THREAD 1] Completed
execution-manager  | [EPOLL] T=10000 ms: epoll_wait returned 1 event(s)
execution-manager  | [EPOLL] event[0]: type=0 task=sum1
execution-manager  | [SCHEDULER] ⏰ T=10000 ms | T_wall=739132463.196 ms: Launching task 1 'sum1' (deadline: 30000 ms)
execution-manager  | [SCHEDULER] 🕐 Timeout armed for task 1 at T=30000 ms (in 20000 ms)
execution-manager  | [GRPC THREAD 1] Starting...
execution-manager  | [EXECUTION MANAGER] ⏱️ T1=739132463.360 ms | Sending gRPC request for task 1 'sum1'
execution-manager  | [gRPC Channel Pool] Reusing existing channel for localhost:50051 (state=2)
execution-manager  | [gRPC Client Async] Calling task 'sum1' at localhost:50051
execution-manager  | [gRPC Client Async] Inputs: {"total_ops": 100, "io_percentage": 25}
execution-manager  | [gRPC Client Async] Response #1 - Status: COMPLETED
execution-manager  | 🎉 [T=11717 ms] Task 1 'sum1' COMPLETED
execution-manager  | [EXECUTION MANAGER] ⏱️ T2=739132464.251 ms | Thread started (server measured)
execution-manager  | [EXECUTION MANAGER] ⏱️ T3=739134179.647 ms | Task completed (server measured)
execution-manager  | [EXECUTION MANAGER] ⏱️ T4=739134180.331 ms | Result received by client
execution-manager  |    [TASK EXECUTION] 1715.395 ms (T3-T2, measured in thread)
execution-manager  |    [RESULT] {"result": 0}
execution-manager  | 
execution-manager  | ╔═══════════════════════════════════════════════════════════════╗
execution-manager  | ║           END-TO-END TIMING MEASUREMENT RECAP                 ║
execution-manager  | ║                   Task 1: sum1                                 
execution-manager  | ╠═══════════════════════════════════════════════════════════════╣
execution-manager  | ║ T1 (start_request)    = 739132463.360 ms                        ║
execution-manager  | ║ T2 (end_request)      = 739132464.251 ms                        ║
execution-manager  | ║ T3 (start_result)     = 739134179.647 ms                        ║
execution-manager  | ║ T4 (end_result)       = 739134180.331 ms                        ║
execution-manager  | ╠═══════════════════════════════════════════════════════════════╣
execution-manager  | ║ METRICS:                                                      ║
execution-manager  | ║   Request Latency    =        0.891 ms  (T2 - T1)            ║
execution-manager  | ║   Task Execution     =     1715.395 ms  (T3 - T2)            ║
execution-manager  | ║   Response Latency   =        0.685 ms  (T4 - T3)            ║
execution-manager  | ║   Total End-to-End   =     1716.971 ms  (T4 - T1)            ║
execution-manager  | ║   Network Overhead   =        1.576 ms  (Req + Resp)         ║
execution-manager  | ╚═══════════════════════════════════════════════════════════════╝
execution-manager  | 
execution-manager  | [EPOLL] T=11717 ms: epoll_wait returned 1 event(s)
execution-manager  | [EPOLL] event[0]: type=2 task=NULL
execution-manager  | [SCHEDULER] ✅ T=11717 ms: Task 1 'sum1' completed with status 2
execution-manager  | [SCHEDULER] 🔕 Timeout disarmed for task 1
execution-manager  | [SCHEDULER] 0 tasks remaining
execution-manager  | 
execution-manager  | [SCHEDULER] 🏁 Iteration 19/50 complete!
execution-manager  | [SCHEDULER] Iteration execution time: 11717 ms
execution-manager  | 
execution-manager  | 
execution-manager  | [SCHEDULER] 🔁 ===== ITERATION 20 / 50 =====
execution-manager  | 
execution-manager  | [SCHEDULER] 🚀 Schedule started at T=0
execution-manager  | 
execution-manager  | [SCHEDULER] 🔄 Entering event loop (NO SLEEP - event-driven!)
execution-manager  | 
execution-manager  | [gRPC Client Async] Stream completed, received 1 responses
execution-manager  | [GRPC THREAD 1] Completed
execution-manager  | [EPOLL] T=10000 ms: epoll_wait returned 1 event(s)
execution-manager  | [EPOLL] event[0]: type=0 task=sum1
execution-manager  | [SCHEDULER] ⏰ T=10000 ms | T_wall=739144180.564 ms: Launching task 1 'sum1' (deadline: 30000 ms)
execution-manager  | [SCHEDULER] 🕐 Timeout armed for task 1 at T=30000 ms (in 20000 ms)
execution-manager  | [GRPC THREAD 1] Starting...
execution-manager  | [EXECUTION MANAGER] ⏱️ T1=739144180.723 ms | Sending gRPC request for task 1 'sum1'
execution-manager  | [gRPC Channel Pool] Reusing existing channel for localhost:50051 (state=2)
execution-manager  | [gRPC Client Async] Calling task 'sum1' at localhost:50051
execution-manager  | [gRPC Client Async] Inputs: {"total_ops": 100, "io_percentage": 25}
execution-manager  | [gRPC Client Async] Response #1 - Status: COMPLETED
execution-manager  | 🎉 [T=11717 ms] Task 1 'sum1' COMPLETED
execution-manager  | [EXECUTION MANAGER] ⏱️ T2=739144181.585 ms | Thread started (server measured)
execution-manager  | [EXECUTION MANAGER] ⏱️ T3=739145897.284 ms | Task completed (server measured)
execution-manager  | [EXECUTION MANAGER] ⏱️ T4=739145897.970 ms | Result received by client
execution-manager  |    [TASK EXECUTION] 1715.700 ms (T3-T2, measured in thread)
execution-manager  |    [RESULT] {"result": 0}
execution-manager  | 
execution-manager  | ╔═══════════════════════════════════════════════════════════════╗
execution-manager  | ║           END-TO-END TIMING MEASUREMENT RECAP                 ║
execution-manager  | ║                   Task 1: sum1                                 
execution-manager  | ╠═══════════════════════════════════════════════════════════════╣
execution-manager  | ║ T1 (start_request)    = 739144180.723 ms                        ║
execution-manager  | ║ T2 (end_request)      = 739144181.585 ms                        ║
execution-manager  | ║ T3 (start_result)     = 739145897.284 ms                        ║
execution-manager  | ║ T4 (end_result)       = 739145897.970 ms                        ║
execution-manager  | ╠═══════════════════════════════════════════════════════════════╣
execution-manager  | ║ METRICS:                                                      ║
execution-manager  | ║   Request Latency    =        0.862 ms  (T2 - T1)            ║
execution-manager  | ║   Task Execution     =     1715.700 ms  (T3 - T2)            ║
execution-manager  | ║   Response Latency   =        0.686 ms  (T4 - T3)            ║
execution-manager  | ║   Total End-to-End   =     1717.247 ms  (T4 - T1)            ║
execution-manager  | ║   Network Overhead   =        1.548 ms  (Req + Resp)         ║
execution-manager  | ╚═══════════════════════════════════════════════════════════════╝
execution-manager  | 
execution-manager  | [EPOLL] T=11718 ms: epoll_wait returned 1 event(s)
execution-manager  | [EPOLL] event[0]: type=2 task=NULL
execution-manager  | [SCHEDULER] ✅ T=11718 ms: Task 1 'sum1' completed with status 2
execution-manager  | [SCHEDULER] 🔕 Timeout disarmed for task 1
execution-manager  | [SCHEDULER] 0 tasks remaining
execution-manager  | 
execution-manager  | [SCHEDULER] 🏁 Iteration 20/50 complete!
execution-manager  | [SCHEDULER] Iteration execution time: 11718 ms
execution-manager  | 
execution-manager  | 
execution-manager  | [SCHEDULER] 🔁 ===== ITERATION 21 / 50 =====
execution-manager  | 
execution-manager  | [SCHEDULER] 🚀 Schedule started at T=0
execution-manager  | 
execution-manager  | [SCHEDULER] 🔄 Entering event loop (NO SLEEP - event-driven!)
execution-manager  | 
execution-manager  | [gRPC Client Async] Stream completed, received 1 responses
execution-manager  | [GRPC THREAD 1] Completed
execution-manager  | [EPOLL] T=10000 ms: epoll_wait returned 1 event(s)
execution-manager  | [EPOLL] event[0]: type=0 task=sum1
execution-manager  | [SCHEDULER] ⏰ T=10000 ms | T_wall=739155898.229 ms: Launching task 1 'sum1' (deadline: 30000 ms)
execution-manager  | [SCHEDULER] 🕐 Timeout armed for task 1 at T=30000 ms (in 20000 ms)
execution-manager  | [GRPC THREAD 1] Starting...
execution-manager  | [EXECUTION MANAGER] ⏱️ T1=739155898.399 ms | Sending gRPC request for task 1 'sum1'
execution-manager  | [gRPC Channel Pool] Reusing existing channel for localhost:50051 (state=2)
execution-manager  | [gRPC Client Async] Calling task 'sum1' at localhost:50051
execution-manager  | [gRPC Client Async] Inputs: {"total_ops": 100, "io_percentage": 25}
execution-manager  | [gRPC Client Async] Response #1 - Status: COMPLETED
execution-manager  | 🎉 [T=11718 ms] Task 1 'sum1' COMPLETED
execution-manager  | [EXECUTION MANAGER] ⏱️ T2=739155899.353 ms | Thread started (server measured)
execution-manager  | [EXECUTION MANAGER] ⏱️ T3=739157614.718 ms | Task completed (server measured)
execution-manager  | [EXECUTION MANAGER] ⏱️ T4=739157616.106 ms | Result received by client
execution-manager  |    [TASK EXECUTION] 1715.365 ms (T3-T2, measured in thread)
execution-manager  |    [RESULT] {"result": 0}
execution-manager  | 
execution-manager  | ╔═══════════════════════════════════════════════════════════════╗
execution-manager  | ║           END-TO-END TIMING MEASUREMENT RECAP                 ║
execution-manager  | ║                   Task 1: sum1                                 
execution-manager  | ╠═══════════════════════════════════════════════════════════════╣
execution-manager  | ║ T1 (start_request)    = 739155898.399 ms                        ║
execution-manager  | ║ T2 (end_request)      = 739155899.353 ms                        ║
execution-manager  | ║ T3 (start_result)     = 739157614.718 ms                        ║
execution-manager  | ║ T4 (end_result)       = 739157616.106 ms                        ║
execution-manager  | ╠═══════════════════════════════════════════════════════════════╣
execution-manager  | ║ METRICS:                                                      ║
execution-manager  | ║   Request Latency    =        0.954 ms  (T2 - T1)            ║
execution-manager  | ║   Task Execution     =     1715.365 ms  (T3 - T2)            ║
execution-manager  | ║   Response Latency   =        1.388 ms  (T4 - T3)            ║
execution-manager  | ║   Total End-to-End   =     1717.707 ms  (T4 - T1)            ║
execution-manager  | ║   Network Overhead   =        2.343 ms  (Req + Resp)         ║
execution-manager  | ╚═══════════════════════════════════════════════════════════════╝
execution-manager  | 
execution-manager  | [EPOLL] T=11718 ms: epoll_wait returned 1 event(s)
execution-manager  | [EPOLL] event[0]: type=2 task=NULL
execution-manager  | [SCHEDULER] ✅ T=11718 ms: Task 1 'sum1' completed with status 2
execution-manager  | [SCHEDULER] 🔕 Timeout disarmed for task 1
execution-manager  | [SCHEDULER] 0 tasks remaining
execution-manager  | 
execution-manager  | [SCHEDULER] 🏁 Iteration 21/50 complete!
execution-manager  | [SCHEDULER] Iteration execution time: 11718 ms
execution-manager  | 
execution-manager  | 
execution-manager  | [SCHEDULER] 🔁 ===== ITERATION 22 / 50 =====
execution-manager  | 
execution-manager  | [SCHEDULER] 🚀 Schedule started at T=0
execution-manager  | 
execution-manager  | [SCHEDULER] 🔄 Entering event loop (NO SLEEP - event-driven!)
execution-manager  | 
execution-manager  | [gRPC Client Async] Stream completed, received 1 responses
execution-manager  | [GRPC THREAD 1] Completed
execution-manager  | [EPOLL] T=10000 ms: epoll_wait returned 1 event(s)
execution-manager  | [EPOLL] event[0]: type=0 task=sum1
execution-manager  | [SCHEDULER] ⏰ T=10000 ms | T_wall=739167616.357 ms: Launching task 1 'sum1' (deadline: 30000 ms)
execution-manager  | [SCHEDULER] 🕐 Timeout armed for task 1 at T=30000 ms (in 20000 ms)
execution-manager  | [GRPC THREAD 1] Starting...
execution-manager  | [EXECUTION MANAGER] ⏱️ T1=739167616.559 ms | Sending gRPC request for task 1 'sum1'
execution-manager  | [gRPC Channel Pool] Reusing existing channel for localhost:50051 (state=2)
execution-manager  | [gRPC Client Async] Calling task 'sum1' at localhost:50051
execution-manager  | [gRPC Client Async] Inputs: {"total_ops": 100, "io_percentage": 25}
execution-manager  | [gRPC Client Async] Response #1 - Status: COMPLETED
execution-manager  | 🎉 [T=11717 ms] Task 1 'sum1' COMPLETED
execution-manager  | [EXECUTION MANAGER] ⏱️ T2=739167617.418 ms | Thread started (server measured)
execution-manager  | [EXECUTION MANAGER] ⏱️ T3=739169333.148 ms | Task completed (server measured)
execution-manager  | [EXECUTION MANAGER] ⏱️ T4=739169333.889 ms | Result received by client
execution-manager  |    [TASK EXECUTION] 1715.730 ms (T3-T2, measured in thread)
execution-manager  |    [RESULT] {"result": 0}
execution-manager  | 
execution-manager  | ╔═══════════════════════════════════════════════════════════════╗
execution-manager  | ║           END-TO-END TIMING MEASUREMENT RECAP                 ║
execution-manager  | ║                   Task 1: sum1                                 
execution-manager  | ╠═══════════════════════════════════════════════════════════════╣
execution-manager  | ║ T1 (start_request)    = 739167616.559 ms                        ║
execution-manager  | ║ T2 (end_request)      = 739167617.418 ms                        ║
execution-manager  | ║ T3 (start_result)     = 739169333.148 ms                        ║
execution-manager  | ║ T4 (end_result)       = 739169333.889 ms                        ║
execution-manager  | ╠═══════════════════════════════════════════════════════════════╣
execution-manager  | ║ METRICS:                                                      ║
execution-manager  | ║   Request Latency    =        0.859 ms  (T2 - T1)            ║
execution-manager  | ║   Task Execution     =     1715.730 ms  (T3 - T2)            ║
execution-manager  | ║   Response Latency   =        0.741 ms  (T4 - T3)            ║
execution-manager  | ║   Total End-to-End   =     1717.330 ms  (T4 - T1)            ║
execution-manager  | ║   Network Overhead   =        1.600 ms  (Req + Resp)         ║
execution-manager  | ╚═══════════════════════════════════════════════════════════════╝
execution-manager  | 
execution-manager  | [EPOLL] T=11717 ms: epoll_wait returned 1 event(s)
execution-manager  | [EPOLL] event[0]: type=2 task=NULL
execution-manager  | [SCHEDULER] ✅ T=11718 ms: Task 1 'sum1' completed with status 2
execution-manager  | [SCHEDULER] 🔕 Timeout disarmed for task 1
execution-manager  | [SCHEDULER] 0 tasks remaining
execution-manager  | 
execution-manager  | [SCHEDULER] 🏁 Iteration 22/50 complete!
execution-manager  | [SCHEDULER] Iteration execution time: 11718 ms
execution-manager  | 
execution-manager  | 
execution-manager  | [SCHEDULER] 🔁 ===== ITERATION 23 / 50 =====
execution-manager  | 
execution-manager  | [SCHEDULER] 🚀 Schedule started at T=0
execution-manager  | 
execution-manager  | [SCHEDULER] 🔄 Entering event loop (NO SLEEP - event-driven!)
execution-manager  | 
execution-manager  | [gRPC Client Async] Stream completed, received 1 responses
execution-manager  | [GRPC THREAD 1] Completed
execution-manager  | [EPOLL] T=10000 ms: epoll_wait returned 1 event(s)
execution-manager  | [EPOLL] event[0]: type=0 task=sum1
execution-manager  | [SCHEDULER] ⏰ T=10000 ms | T_wall=739179334.164 ms: Launching task 1 'sum1' (deadline: 30000 ms)
execution-manager  | [SCHEDULER] 🕐 Timeout armed for task 1 at T=30000 ms (in 20000 ms)
execution-manager  | [GRPC THREAD 1] Starting...
execution-manager  | [EXECUTION MANAGER] ⏱️ T1=739179334.345 ms | Sending gRPC request for task 1 'sum1'
execution-manager  | [gRPC Channel Pool] Reusing existing channel for localhost:50051 (state=2)
execution-manager  | [gRPC Client Async] Calling task 'sum1' at localhost:50051
execution-manager  | [gRPC Client Async] Inputs: {"total_ops": 100, "io_percentage": 25}
execution-manager  | [gRPC Client Async] Response #1 - Status: COMPLETED
execution-manager  | 🎉 [T=11718 ms] Task 1 'sum1' COMPLETED
execution-manager  | [EXECUTION MANAGER] ⏱️ T2=739179335.231 ms | Thread started (server measured)
execution-manager  | [EXECUTION MANAGER] ⏱️ T3=739181051.531 ms | Task completed (server measured)
execution-manager  | [EXECUTION MANAGER] ⏱️ T4=739181052.461 ms | Result received by client
execution-manager  |    [TASK EXECUTION] 1716.300 ms (T3-T2, measured in thread)
execution-manager  |    [RESULT] {"result": 0}
execution-manager  | 
execution-manager  | ╔═══════════════════════════════════════════════════════════════╗
execution-manager  | ║           END-TO-END TIMING MEASUREMENT RECAP                 ║
execution-manager  | ║                   Task 1: sum1                                 
execution-manager  | ╠═══════════════════════════════════════════════════════════════╣
execution-manager  | ║ T1 (start_request)    = 739179334.345 ms                        ║
execution-manager  | ║ T2 (end_request)      = 739179335.231 ms                        ║
execution-manager  | ║ T3 (start_result)     = 739181051.531 ms                        ║
execution-manager  | ║ T4 (end_result)       = 739181052.461 ms                        ║
execution-manager  | ╠═══════════════════════════════════════════════════════════════╣
execution-manager  | ║ METRICS:                                                      ║
execution-manager  | ║   Request Latency    =        0.887 ms  (T2 - T1)            ║
execution-manager  | ║   Task Execution     =     1716.300 ms  (T3 - T2)            ║
execution-manager  | ║   Response Latency   =        0.930 ms  (T4 - T3)            ║
execution-manager  | ║   Total End-to-End   =     1718.116 ms  (T4 - T1)            ║
execution-manager  | ║   Network Overhead   =        1.816 ms  (Req + Resp)         ║
execution-manager  | ╚═══════════════════════════════════════════════════════════════╝
execution-manager  | 
execution-manager  | [EPOLL] T=11718 ms: epoll_wait returned 1 event(s)
execution-manager  | [EPOLL] event[0]: type=2 task=NULL
execution-manager  | [SCHEDULER] ✅ T=11718 ms: Task 1 'sum1' completed with status 2
execution-manager  | [SCHEDULER] 🔕 Timeout disarmed for task 1
execution-manager  | [SCHEDULER] 0 tasks remaining
execution-manager  | 
execution-manager  | [SCHEDULER] 🏁 Iteration 23/50 complete!
execution-manager  | [SCHEDULER] Iteration execution time: 11718 ms
execution-manager  | 
execution-manager  | 
execution-manager  | [SCHEDULER] 🔁 ===== ITERATION 24 / 50 =====
execution-manager  | 
execution-manager  | [SCHEDULER] 🚀 Schedule started at T=0
execution-manager  | 
execution-manager  | [SCHEDULER] 🔄 Entering event loop (NO SLEEP - event-driven!)
execution-manager  | 
execution-manager  | [gRPC Client Async] Stream completed, received 1 responses
execution-manager  | [GRPC THREAD 1] Completed
execution-manager  | [EPOLL] T=10000 ms: epoll_wait returned 1 event(s)
execution-manager  | [EPOLL] event[0]: type=0 task=sum1
execution-manager  | [SCHEDULER] ⏰ T=10000 ms | T_wall=739191052.716 ms: Launching task 1 'sum1' (deadline: 30000 ms)
execution-manager  | [SCHEDULER] 🕐 Timeout armed for task 1 at T=30000 ms (in 20000 ms)
execution-manager  | [GRPC THREAD 1] Starting...
execution-manager  | [EXECUTION MANAGER] ⏱️ T1=739191052.900 ms | Sending gRPC request for task 1 'sum1'
execution-manager  | [gRPC Channel Pool] Reusing existing channel for localhost:50051 (state=2)
execution-manager  | [gRPC Client Async] Calling task 'sum1' at localhost:50051
execution-manager  | [gRPC Client Async] Inputs: {"total_ops": 100, "io_percentage": 25}
execution-manager  | [gRPC Client Async] Response #1 - Status: COMPLETED
execution-manager  | 🎉 [T=11718 ms] Task 1 'sum1' COMPLETED
execution-manager  | [EXECUTION MANAGER] ⏱️ T2=739191054.022 ms | Thread started (server measured)
execution-manager  | [EXECUTION MANAGER] ⏱️ T3=739192770.097 ms | Task completed (server measured)
execution-manager  | [EXECUTION MANAGER] ⏱️ T4=739192770.786 ms | Result received by client
execution-manager  |    [TASK EXECUTION] 1716.075 ms (T3-T2, measured in thread)
execution-manager  |    [RESULT] {"result": 0}
execution-manager  | 
execution-manager  | ╔═══════════════════════════════════════════════════════════════╗
execution-manager  | ║           END-TO-END TIMING MEASUREMENT RECAP                 ║
execution-manager  | ║                   Task 1: sum1                                 
execution-manager  | ╠═══════════════════════════════════════════════════════════════╣
execution-manager  | ║ T1 (start_request)    = 739191052.900 ms                        ║
execution-manager  | ║ T2 (end_request)      = 739191054.022 ms                        ║
execution-manager  | ║ T3 (start_result)     = 739192770.097 ms                        ║
execution-manager  | ║ T4 (end_result)       = 739192770.786 ms                        ║
execution-manager  | ╠═══════════════════════════════════════════════════════════════╣
execution-manager  | ║ METRICS:                                                      ║
execution-manager  | ║   Request Latency    =        1.122 ms  (T2 - T1)            ║
execution-manager  | ║   Task Execution     =     1716.075 ms  (T3 - T2)            ║
execution-manager  | ║   Response Latency   =        0.689 ms  (T4 - T3)            ║
execution-manager  | ║   Total End-to-End   =     1717.887 ms  (T4 - T1)            ║
execution-manager  | ║   Network Overhead   =        1.812 ms  (Req + Resp)         ║
execution-manager  | ╚═══════════════════════════════════════════════════════════════╝
execution-manager  | 
execution-manager  | [EPOLL] T=11718 ms: epoll_wait returned 1 event(s)
execution-manager  | [EPOLL] event[0]: type=2 task=NULL
execution-manager  | [SCHEDULER] ✅ T=11718 ms: Task 1 'sum1' completed with status 2
execution-manager  | [SCHEDULER] 🔕 Timeout disarmed for task 1
execution-manager  | [SCHEDULER] 0 tasks remaining
execution-manager  | 
execution-manager  | [SCHEDULER] 🏁 Iteration 24/50 complete!
execution-manager  | [SCHEDULER] Iteration execution time: 11718 ms
execution-manager  | 
execution-manager  | 
execution-manager  | [SCHEDULER] 🔁 ===== ITERATION 25 / 50 =====
execution-manager  | 
execution-manager  | [SCHEDULER] 🚀 Schedule started at T=0
execution-manager  | 
execution-manager  | [SCHEDULER] 🔄 Entering event loop (NO SLEEP - event-driven!)
execution-manager  | 
execution-manager  | [gRPC Client Async] Stream completed, received 1 responses
execution-manager  | [GRPC THREAD 1] Completed
execution-manager  | [EPOLL] T=10000 ms: epoll_wait returned 1 event(s)
execution-manager  | [EPOLL] event[0]: type=0 task=sum1
execution-manager  | [SCHEDULER] ⏰ T=10001 ms | T_wall=739202771.022 ms: Launching task 1 'sum1' (deadline: 30000 ms)
execution-manager  | [SCHEDULER] 🕐 Timeout armed for task 1 at T=30000 ms (in 19999 ms)
execution-manager  | [GRPC THREAD 1] Starting...
execution-manager  | [EXECUTION MANAGER] ⏱️ T1=739202771.189 ms | Sending gRPC request for task 1 'sum1'
execution-manager  | [gRPC Channel Pool] Reusing existing channel for localhost:50051 (state=2)
execution-manager  | [gRPC Client Async] Calling task 'sum1' at localhost:50051
execution-manager  | [gRPC Client Async] Inputs: {"total_ops": 100, "io_percentage": 25}
execution-manager  | [gRPC Client Async] Response #1 - Status: COMPLETED
execution-manager  | 🎉 [T=11719 ms] Task 1 'sum1' COMPLETED
execution-manager  | [EXECUTION MANAGER] ⏱️ T2=739202772.373 ms | Thread started (server measured)
execution-manager  | [EXECUTION MANAGER] ⏱️ T3=739204489.172 ms | Task completed (server measured)
execution-manager  | [EXECUTION MANAGER] ⏱️ T4=739204489.935 ms | Result received by client
execution-manager  |    [TASK EXECUTION] 1716.800 ms (T3-T2, measured in thread)
execution-manager  |    [RESULT] {"result": 0}
execution-manager  | 
execution-manager  | ╔═══════════════════════════════════════════════════════════════╗
execution-manager  | ║           END-TO-END TIMING MEASUREMENT RECAP                 ║
execution-manager  | ║                   Task 1: sum1                                 
execution-manager  | ╠═══════════════════════════════════════════════════════════════╣
execution-manager  | ║ T1 (start_request)    = 739202771.189 ms                        ║
execution-manager  | ║ T2 (end_request)      = 739202772.373 ms                        ║
execution-manager  | ║ T3 (start_result)     = 739204489.172 ms                        ║
execution-manager  | ║ T4 (end_result)       = 739204489.935 ms                        ║
execution-manager  | ╠═══════════════════════════════════════════════════════════════╣
execution-manager  | ║ METRICS:                                                      ║
execution-manager  | ║   Request Latency    =        1.184 ms  (T2 - T1)            ║
execution-manager  | ║   Task Execution     =     1716.800 ms  (T3 - T2)            ║
execution-manager  | ║   Response Latency   =        0.763 ms  (T4 - T3)            ║
execution-manager  | ║   Total End-to-End   =     1718.746 ms  (T4 - T1)            ║
execution-manager  | ║   Network Overhead   =        1.947 ms  (Req + Resp)         ║
execution-manager  | ╚═══════════════════════════════════════════════════════════════╝
execution-manager  | 
execution-manager  | [EPOLL] T=11720 ms: epoll_wait returned 1 event(s)
execution-manager  | [EPOLL] event[0]: type=2 task=NULL
execution-manager  | [SCHEDULER] ✅ T=11720 ms: Task 1 'sum1' completed with status 2
execution-manager  | [SCHEDULER] 🔕 Timeout disarmed for task 1
execution-manager  | [SCHEDULER] 0 tasks remaining
execution-manager  | 
execution-manager  | [SCHEDULER] 🏁 Iteration 25/50 complete!
execution-manager  | [SCHEDULER] Iteration execution time: 11720 ms
execution-manager  | 
execution-manager  | 
execution-manager  | [SCHEDULER] 🔁 ===== ITERATION 26 / 50 =====
execution-manager  | 
execution-manager  | [SCHEDULER] 🚀 Schedule started at T=0
execution-manager  | 
execution-manager  | [SCHEDULER] 🔄 Entering event loop (NO SLEEP - event-driven!)
execution-manager  | 
execution-manager  | [gRPC Client Async] Stream completed, received 1 responses
execution-manager  | [GRPC THREAD 1] Completed
execution-manager  | [EPOLL] T=10000 ms: epoll_wait returned 1 event(s)
execution-manager  | [EPOLL] event[0]: type=0 task=sum1
execution-manager  | [SCHEDULER] ⏰ T=10000 ms | T_wall=739214490.178 ms: Launching task 1 'sum1' (deadline: 30000 ms)
execution-manager  | [SCHEDULER] 🕐 Timeout armed for task 1 at T=30000 ms (in 20000 ms)
execution-manager  | [GRPC THREAD 1] Starting...
execution-manager  | [EXECUTION MANAGER] ⏱️ T1=739214490.346 ms | Sending gRPC request for task 1 'sum1'
execution-manager  | [gRPC Channel Pool] Reusing existing channel for localhost:50051 (state=2)
execution-manager  | [gRPC Client Async] Calling task 'sum1' at localhost:50051
execution-manager  | [gRPC Client Async] Inputs: {"total_ops": 100, "io_percentage": 25}
execution-manager  | [gRPC Client Async] Response #1 - Status: COMPLETED
execution-manager  | 🎉 [T=11718 ms] Task 1 'sum1' COMPLETED
execution-manager  | [EXECUTION MANAGER] ⏱️ T2=739214491.157 ms | Thread started (server measured)
execution-manager  | [EXECUTION MANAGER] ⏱️ T3=739216207.392 ms | Task completed (server measured)
execution-manager  | [EXECUTION MANAGER] ⏱️ T4=739216208.015 ms | Result received by client
execution-manager  |    [TASK EXECUTION] 1716.235 ms (T3-T2, measured in thread)
execution-manager  |    [RESULT] {"result": 0}
execution-manager  | 
execution-manager  | ╔═══════════════════════════════════════════════════════════════╗
execution-manager  | ║           END-TO-END TIMING MEASUREMENT RECAP                 ║
execution-manager  | ║                   Task 1: sum1                                 
execution-manager  | ╠═══════════════════════════════════════════════════════════════╣
execution-manager  | ║ T1 (start_request)    = 739214490.346 ms                        ║
execution-manager  | ║ T2 (end_request)      = 739214491.157 ms                        ║
execution-manager  | ║ T3 (start_result)     = 739216207.392 ms                        ║
execution-manager  | ║ T4 (end_result)       = 739216208.015 ms                        ║
execution-manager  | ╠═══════════════════════════════════════════════════════════════╣
execution-manager  | ║ METRICS:                                                      ║
execution-manager  | ║   Request Latency    =        0.811 ms  (T2 - T1)            ║
execution-manager  | ║   Task Execution     =     1716.235 ms  (T3 - T2)            ║
execution-manager  | ║   Response Latency   =        0.622 ms  (T4 - T3)            ║
execution-manager  | ║   Total End-to-End   =     1717.669 ms  (T4 - T1)            ║
execution-manager  | ║   Network Overhead   =        1.433 ms  (Req + Resp)         ║
execution-manager  | ╚═══════════════════════════════════════════════════════════════╝
execution-manager  | 
execution-manager  | [EPOLL] T=11718 ms: epoll_wait returned 1 event(s)
execution-manager  | [EPOLL] event[0]: type=2 task=NULL
execution-manager  | [SCHEDULER] ✅ T=11718 ms: Task 1 'sum1' completed with status 2
execution-manager  | [SCHEDULER] 🔕 Timeout disarmed for task 1
execution-manager  | [SCHEDULER] 0 tasks remaining
execution-manager  | 
execution-manager  | [SCHEDULER] 🏁 Iteration 26/50 complete!
execution-manager  | [SCHEDULER] Iteration execution time: 11718 ms
execution-manager  | 
execution-manager  | 
execution-manager  | [SCHEDULER] 🔁 ===== ITERATION 27 / 50 =====
execution-manager  | 
execution-manager  | [SCHEDULER] 🚀 Schedule started at T=0
execution-manager  | 
execution-manager  | [SCHEDULER] 🔄 Entering event loop (NO SLEEP - event-driven!)
execution-manager  | 
execution-manager  | [gRPC Client Async] Stream completed, received 1 responses
execution-manager  | [GRPC THREAD 1] Completed
execution-manager  | [EPOLL] T=10000 ms: epoll_wait returned 1 event(s)
execution-manager  | [EPOLL] event[0]: type=0 task=sum1
execution-manager  | [SCHEDULER] ⏰ T=10000 ms | T_wall=739226208.262 ms: Launching task 1 'sum1' (deadline: 30000 ms)
execution-manager  | [SCHEDULER] 🕐 Timeout armed for task 1 at T=30000 ms (in 20000 ms)
execution-manager  | [GRPC THREAD 1] Starting...
execution-manager  | [EXECUTION MANAGER] ⏱️ T1=739226208.432 ms | Sending gRPC request for task 1 'sum1'
execution-manager  | [gRPC Channel Pool] Reusing existing channel for localhost:50051 (state=2)
execution-manager  | [gRPC Client Async] Calling task 'sum1' at localhost:50051
execution-manager  | [gRPC Client Async] Inputs: {"total_ops": 100, "io_percentage": 25}
execution-manager  | [gRPC Client Async] Response #1 - Status: COMPLETED
execution-manager  | 🎉 [T=11717 ms] Task 1 'sum1' COMPLETED
execution-manager  | [EXECUTION MANAGER] ⏱️ T2=739226209.337 ms | Thread started (server measured)
execution-manager  | [EXECUTION MANAGER] ⏱️ T3=739227925.342 ms | Task completed (server measured)
execution-manager  | [EXECUTION MANAGER] ⏱️ T4=739227925.839 ms | Result received by client
execution-manager  |    [TASK EXECUTION] 1716.005 ms (T3-T2, measured in thread)
execution-manager  |    [RESULT] {"result": 0}
execution-manager  | 
execution-manager  | ╔═══════════════════════════════════════════════════════════════╗
execution-manager  | ║           END-TO-END TIMING MEASUREMENT RECAP                 ║
execution-manager  | ║                   Task 1: sum1                                 
execution-manager  | ╠═══════════════════════════════════════════════════════════════╣
execution-manager  | ║ T1 (start_request)    = 739226208.432 ms                        ║
execution-manager  | ║ T2 (end_request)      = 739226209.337 ms                        ║
execution-manager  | ║ T3 (start_result)     = 739227925.342 ms                        ║
execution-manager  | ║ T4 (end_result)       = 739227925.839 ms                        ║
execution-manager  | ╠═══════════════════════════════════════════════════════════════╣
execution-manager  | ║ METRICS:                                                      ║
execution-manager  | ║   Request Latency    =        0.904 ms  (T2 - T1)            ║
execution-manager  | ║   Task Execution     =     1716.005 ms  (T3 - T2)            ║
execution-manager  | ║   Response Latency   =        0.497 ms  (T4 - T3)            ║
execution-manager  | ║   Total End-to-End   =     1717.406 ms  (T4 - T1)            ║
execution-manager  | ║   Network Overhead   =        1.401 ms  (Req + Resp)         ║
execution-manager  | ╚═══════════════════════════════════════════════════════════════╝
execution-manager  | 
execution-manager  | [EPOLL] T=11717 ms: epoll_wait returned 1 event(s)
execution-manager  | [EPOLL] event[0]: type=2 task=NULL
execution-manager  | [SCHEDULER] ✅ T=11717 ms: Task 1 'sum1' completed with status 2
execution-manager  | [SCHEDULER] 🔕 Timeout disarmed for task 1
execution-manager  | [SCHEDULER] 0 tasks remaining
execution-manager  | 
execution-manager  | [SCHEDULER] 🏁 Iteration 27/50 complete!
execution-manager  | [SCHEDULER] Iteration execution time: 11717 ms
execution-manager  | 
execution-manager  | 
execution-manager  | [SCHEDULER] 🔁 ===== ITERATION 28 / 50 =====
execution-manager  | 
execution-manager  | [SCHEDULER] 🚀 Schedule started at T=0
execution-manager  | 
execution-manager  | [SCHEDULER] 🔄 Entering event loop (NO SLEEP - event-driven!)
execution-manager  | 
execution-manager  | [gRPC Client Async] Stream completed, received 1 responses
execution-manager  | [GRPC THREAD 1] Completed
execution-manager  | [EPOLL] T=10000 ms: epoll_wait returned 1 event(s)
execution-manager  | [EPOLL] event[0]: type=0 task=sum1
execution-manager  | [SCHEDULER] ⏰ T=10000 ms | T_wall=739237926.213 ms: Launching task 1 'sum1' (deadline: 30000 ms)
execution-manager  | [SCHEDULER] 🕐 Timeout armed for task 1 at T=30000 ms (in 20000 ms)
execution-manager  | [GRPC THREAD 1] Starting...
execution-manager  | [EXECUTION MANAGER] ⏱️ T1=739237926.391 ms | Sending gRPC request for task 1 'sum1'
execution-manager  | [gRPC Channel Pool] Reusing existing channel for localhost:50051 (state=2)
execution-manager  | [gRPC Client Async] Calling task 'sum1' at localhost:50051
execution-manager  | [gRPC Client Async] Inputs: {"total_ops": 100, "io_percentage": 25}
execution-manager  | [gRPC Client Async] Response #1 - Status: COMPLETED
execution-manager  | 🎉 [T=11718 ms] Task 1 'sum1' COMPLETED
execution-manager  | [EXECUTION MANAGER] ⏱️ T2=739237927.442 ms | Thread started (server measured)
execution-manager  | [EXECUTION MANAGER] ⏱️ T3=739239643.607 ms | Task completed (server measured)
execution-manager  | [EXECUTION MANAGER] ⏱️ T4=739239644.370 ms | Result received by client
execution-manager  |    [TASK EXECUTION] 1716.165 ms (T3-T2, measured in thread)
execution-manager  |    [RESULT] {"result": 0}
execution-manager  | 
execution-manager  | ╔═══════════════════════════════════════════════════════════════╗
execution-manager  | ║           END-TO-END TIMING MEASUREMENT RECAP                 ║
execution-manager  | ║                   Task 1: sum1                                 
execution-manager  | ╠═══════════════════════════════════════════════════════════════╣
execution-manager  | ║ T1 (start_request)    = 739237926.391 ms                        ║
execution-manager  | ║ T2 (end_request)      = 739237927.442 ms                        ║
execution-manager  | ║ T3 (start_result)     = 739239643.607 ms                        ║
execution-manager  | ║ T4 (end_result)       = 739239644.370 ms                        ║
execution-manager  | ╠═══════════════════════════════════════════════════════════════╣
execution-manager  | ║ METRICS:                                                      ║
execution-manager  | ║   Request Latency    =        1.051 ms  (T2 - T1)            ║
execution-manager  | ║   Task Execution     =     1716.165 ms  (T3 - T2)            ║
execution-manager  | ║   Response Latency   =        0.762 ms  (T4 - T3)            ║
execution-manager  | ║   Total End-to-End   =     1717.978 ms  (T4 - T1)            ║
execution-manager  | ║   Network Overhead   =        1.813 ms  (Req + Resp)         ║
execution-manager  | ╚═══════════════════════════════════════════════════════════════╝
execution-manager  | 
execution-manager  | [EPOLL] T=11718 ms: epoll_wait returned 1 event(s)
execution-manager  | [EPOLL] event[0]: type=2 task=NULL
execution-manager  | [SCHEDULER] ✅ T=11718 ms: Task 1 'sum1' completed with status 2
execution-manager  | [SCHEDULER] 🔕 Timeout disarmed for task 1
execution-manager  | [SCHEDULER] 0 tasks remaining
execution-manager  | 
execution-manager  | [SCHEDULER] 🏁 Iteration 28/50 complete!
execution-manager  | [SCHEDULER] Iteration execution time: 11718 ms
execution-manager  | 
execution-manager  | 
execution-manager  | [SCHEDULER] 🔁 ===== ITERATION 29 / 50 =====
execution-manager  | 
execution-manager  | [SCHEDULER] 🚀 Schedule started at T=0
execution-manager  | 
execution-manager  | [SCHEDULER] 🔄 Entering event loop (NO SLEEP - event-driven!)
execution-manager  | 
execution-manager  | [gRPC Client Async] Stream completed, received 1 responses
execution-manager  | [GRPC THREAD 1] Completed
execution-manager  | [EPOLL] T=10000 ms: epoll_wait returned 1 event(s)
execution-manager  | [EPOLL] event[0]: type=0 task=sum1
execution-manager  | [SCHEDULER] ⏰ T=10000 ms | T_wall=739249644.627 ms: Launching task 1 'sum1' (deadline: 30000 ms)
execution-manager  | [SCHEDULER] 🕐 Timeout armed for task 1 at T=30000 ms (in 20000 ms)
execution-manager  | [GRPC THREAD 1] Starting...
execution-manager  | [EXECUTION MANAGER] ⏱️ T1=739249644.792 ms | Sending gRPC request for task 1 'sum1'
execution-manager  | [gRPC Channel Pool] Reusing existing channel for localhost:50051 (state=2)
execution-manager  | [gRPC Client Async] Calling task 'sum1' at localhost:50051
execution-manager  | [gRPC Client Async] Inputs: {"total_ops": 100, "io_percentage": 25}
execution-manager  | [gRPC Client Async] Response #1 - Status: COMPLETED
execution-manager  | 🎉 [T=11718 ms] Task 1 'sum1' COMPLETED
execution-manager  | [EXECUTION MANAGER] ⏱️ T2=739249645.688 ms | Thread started (server measured)
execution-manager  | [EXECUTION MANAGER] ⏱️ T3=739251361.745 ms | Task completed (server measured)
execution-manager  | [EXECUTION MANAGER] ⏱️ T4=739251362.695 ms | Result received by client
execution-manager  |    [TASK EXECUTION] 1716.058 ms (T3-T2, measured in thread)
execution-manager  |    [RESULT] {"result": 0}
execution-manager  | 
execution-manager  | ╔═══════════════════════════════════════════════════════════════╗
execution-manager  | ║           END-TO-END TIMING MEASUREMENT RECAP                 ║
execution-manager  | ║                   Task 1: sum1                                 
execution-manager  | ╠═══════════════════════════════════════════════════════════════╣
execution-manager  | ║ T1 (start_request)    = 739249644.792 ms                        ║
execution-manager  | ║ T2 (end_request)      = 739249645.688 ms                        ║
execution-manager  | ║ T3 (start_result)     = 739251361.745 ms                        ║
execution-manager  | ║ T4 (end_result)       = 739251362.695 ms                        ║
execution-manager  | ╠═══════════════════════════════════════════════════════════════╣
execution-manager  | ║ METRICS:                                                      ║
execution-manager  | ║   Request Latency    =        0.896 ms  (T2 - T1)            ║
execution-manager  | ║   Task Execution     =     1716.058 ms  (T3 - T2)            ║
execution-manager  | ║   Response Latency   =        0.949 ms  (T4 - T3)            ║
execution-manager  | ║   Total End-to-End   =     1717.903 ms  (T4 - T1)            ║
execution-manager  | ║   Network Overhead   =        1.845 ms  (Req + Resp)         ║
execution-manager  | ╚═══════════════════════════════════════════════════════════════╝
execution-manager  | 
execution-manager  | [EPOLL] T=11718 ms: epoll_wait returned 1 event(s)
execution-manager  | [EPOLL] event[0]: type=2 task=NULL
execution-manager  | [SCHEDULER] ✅ T=11718 ms: Task 1 'sum1' completed with status 2
execution-manager  | [SCHEDULER] 🔕 Timeout disarmed for task 1
execution-manager  | [SCHEDULER] 0 tasks remaining
execution-manager  | 
execution-manager  | [SCHEDULER] 🏁 Iteration 29/50 complete!
execution-manager  | [SCHEDULER] Iteration execution time: 11718 ms
execution-manager  | 
execution-manager  | 
execution-manager  | [SCHEDULER] 🔁 ===== ITERATION 30 / 50 =====
execution-manager  | 
execution-manager  | [SCHEDULER] 🚀 Schedule started at T=0
execution-manager  | 
execution-manager  | [SCHEDULER] 🔄 Entering event loop (NO SLEEP - event-driven!)
execution-manager  | 
execution-manager  | [gRPC Client Async] Stream completed, received 1 responses
execution-manager  | [GRPC THREAD 1] Completed
execution-manager  | [EPOLL] T=10000 ms: epoll_wait returned 1 event(s)
execution-manager  | [EPOLL] event[0]: type=0 task=sum1
execution-manager  | [SCHEDULER] ⏰ T=10000 ms | T_wall=739261362.923 ms: Launching task 1 'sum1' (deadline: 30000 ms)
execution-manager  | [SCHEDULER] 🕐 Timeout armed for task 1 at T=30000 ms (in 19999 ms)
execution-manager  | [GRPC THREAD 1] Starting...
execution-manager  | [EXECUTION MANAGER] ⏱️ T1=739261363.145 ms | Sending gRPC request for task 1 'sum1'
execution-manager  | [gRPC Channel Pool] Reusing existing channel for localhost:50051 (state=2)
execution-manager  | [gRPC Client Async] Calling task 'sum1' at localhost:50051
execution-manager  | [gRPC Client Async] Inputs: {"total_ops": 100, "io_percentage": 25}
execution-manager  | [gRPC Client Async] Response #1 - Status: COMPLETED
execution-manager  | 🎉 [T=11718 ms] Task 1 'sum1' COMPLETED
execution-manager  | [EXECUTION MANAGER] ⏱️ T2=739261364.033 ms | Thread started (server measured)
execution-manager  | [EXECUTION MANAGER] ⏱️ T3=739263080.082 ms | Task completed (server measured)
execution-manager  | [EXECUTION MANAGER] ⏱️ T4=739263080.769 ms | Result received by client
execution-manager  |    [TASK EXECUTION] 1716.049 ms (T3-T2, measured in thread)
execution-manager  |    [RESULT] {"result": 0}
execution-manager  | 
execution-manager  | ╔═══════════════════════════════════════════════════════════════╗
execution-manager  | ║           END-TO-END TIMING MEASUREMENT RECAP                 ║
execution-manager  | ║                   Task 1: sum1                                 
execution-manager  | ╠═══════════════════════════════════════════════════════════════╣
execution-manager  | ║ T1 (start_request)    = 739261363.145 ms                        ║
execution-manager  | ║ T2 (end_request)      = 739261364.033 ms                        ║
execution-manager  | ║ T3 (start_result)     = 739263080.082 ms                        ║
execution-manager  | ║ T4 (end_result)       = 739263080.769 ms                        ║
execution-manager  | ╠═══════════════════════════════════════════════════════════════╣
execution-manager  | ║ METRICS:                                                      ║
execution-manager  | ║   Request Latency    =        0.888 ms  (T2 - T1)            ║
execution-manager  | ║   Task Execution     =     1716.049 ms  (T3 - T2)            ║
execution-manager  | ║   Response Latency   =        0.687 ms  (T4 - T3)            ║
execution-manager  | ║   Total End-to-End   =     1717.623 ms  (T4 - T1)            ║
execution-manager  | ║   Network Overhead   =        1.575 ms  (Req + Resp)         ║
execution-manager  | ╚═══════════════════════════════════════════════════════════════╝
execution-manager  | 
execution-manager  | [EPOLL] T=11718 ms: epoll_wait returned 1 event(s)
execution-manager  | [EPOLL] event[0]: type=2 task=NULL
execution-manager  | [SCHEDULER] ✅ T=11718 ms: Task 1 'sum1' completed with status 2
execution-manager  | [SCHEDULER] 🔕 Timeout disarmed for task 1
execution-manager  | [SCHEDULER] 0 tasks remaining
execution-manager  | 
execution-manager  | [SCHEDULER] 🏁 Iteration 30/50 complete!
execution-manager  | [SCHEDULER] Iteration execution time: 11718 ms
execution-manager  | 
execution-manager  | 
execution-manager  | [SCHEDULER] 🔁 ===== ITERATION 31 / 50 =====
execution-manager  | 
execution-manager  | [SCHEDULER] 🚀 Schedule started at T=0
execution-manager  | 
execution-manager  | [SCHEDULER] 🔄 Entering event loop (NO SLEEP - event-driven!)
execution-manager  | 
execution-manager  | [gRPC Client Async] Stream completed, received 1 responses
execution-manager  | [GRPC THREAD 1] Completed
execution-manager  | [EPOLL] T=10001 ms: epoll_wait returned 1 event(s)
execution-manager  | [EPOLL] event[0]: type=0 task=sum1
execution-manager  | [SCHEDULER] ⏰ T=10001 ms | T_wall=739273081.032 ms: Launching task 1 'sum1' (deadline: 30000 ms)
execution-manager  | [SCHEDULER] 🕐 Timeout armed for task 1 at T=30000 ms (in 19999 ms)
execution-manager  | [GRPC THREAD 1] Starting...
execution-manager  | [EXECUTION MANAGER] ⏱️ T1=739273081.203 ms | Sending gRPC request for task 1 'sum1'
execution-manager  | [gRPC Channel Pool] Reusing existing channel for localhost:50051 (state=2)
execution-manager  | [gRPC Client Async] Calling task 'sum1' at localhost:50051
execution-manager  | [gRPC Client Async] Inputs: {"total_ops": 100, "io_percentage": 25}
execution-manager  | [gRPC Client Async] Response #1 - Status: COMPLETED
execution-manager  | 🎉 [T=11719 ms] Task 1 'sum1' COMPLETED
execution-manager  | [EXECUTION MANAGER] ⏱️ T2=739273082.071 ms | Thread started (server measured)
execution-manager  | [EXECUTION MANAGER] ⏱️ T3=739274798.608 ms | Task completed (server measured)
execution-manager  | [EXECUTION MANAGER] ⏱️ T4=739274799.275 ms | Result received by client
execution-manager  |    [TASK EXECUTION] 1716.537 ms (T3-T2, measured in thread)
execution-manager  |    [RESULT] {"result": 0}
execution-manager  | 
execution-manager  | ╔═══════════════════════════════════════════════════════════════╗
execution-manager  | ║           END-TO-END TIMING MEASUREMENT RECAP                 ║
execution-manager  | ║                   Task 1: sum1                                 
execution-manager  | ╠═══════════════════════════════════════════════════════════════╣
execution-manager  | ║ T1 (start_request)    = 739273081.203 ms                        ║
execution-manager  | ║ T2 (end_request)      = 739273082.071 ms                        ║
execution-manager  | ║ T3 (start_result)     = 739274798.608 ms                        ║
execution-manager  | ║ T4 (end_result)       = 739274799.275 ms                        ║
execution-manager  | ╠═══════════════════════════════════════════════════════════════╣
execution-manager  | ║ METRICS:                                                      ║
execution-manager  | ║   Request Latency    =        0.868 ms  (T2 - T1)            ║
execution-manager  | ║   Task Execution     =     1716.537 ms  (T3 - T2)            ║
execution-manager  | ║   Response Latency   =        0.667 ms  (T4 - T3)            ║
execution-manager  | ║   Total End-to-End   =     1718.072 ms  (T4 - T1)            ║
execution-manager  | ║   Network Overhead   =        1.535 ms  (Req + Resp)         ║
execution-manager  | ╚═══════════════════════════════════════════════════════════════╝
execution-manager  | 
execution-manager  | [EPOLL] T=11719 ms: epoll_wait returned 1 event(s)
execution-manager  | [EPOLL] event[0]: type=2 task=NULL
execution-manager  | [SCHEDULER] ✅ T=11719 ms: Task 1 'sum1' completed with status 2
execution-manager  | [SCHEDULER] 🔕 Timeout disarmed for task 1
execution-manager  | [SCHEDULER] 0 tasks remaining
execution-manager  | 
execution-manager  | [SCHEDULER] 🏁 Iteration 31/50 complete!
execution-manager  | [SCHEDULER] Iteration execution time: 11719 ms
execution-manager  | 
execution-manager  | 
execution-manager  | [SCHEDULER] 🔁 ===== ITERATION 32 / 50 =====
execution-manager  | 
execution-manager  | [SCHEDULER] 🚀 Schedule started at T=0
execution-manager  | 
execution-manager  | [SCHEDULER] 🔄 Entering event loop (NO SLEEP - event-driven!)
execution-manager  | 
execution-manager  | [gRPC Client Async] Stream completed, received 1 responses
execution-manager  | [GRPC THREAD 1] Completed
execution-manager  | [EPOLL] T=10000 ms: epoll_wait returned 1 event(s)
execution-manager  | [EPOLL] event[0]: type=0 task=sum1
execution-manager  | [SCHEDULER] ⏰ T=10000 ms | T_wall=739284799.538 ms: Launching task 1 'sum1' (deadline: 30000 ms)
execution-manager  | [SCHEDULER] 🕐 Timeout armed for task 1 at T=30000 ms (in 20000 ms)
execution-manager  | [GRPC THREAD 1] Starting...
execution-manager  | [EXECUTION MANAGER] ⏱️ T1=739284799.708 ms | Sending gRPC request for task 1 'sum1'
execution-manager  | [gRPC Channel Pool] Reusing existing channel for localhost:50051 (state=2)
execution-manager  | [gRPC Client Async] Calling task 'sum1' at localhost:50051
execution-manager  | [gRPC Client Async] Inputs: {"total_ops": 100, "io_percentage": 25}
execution-manager  | [gRPC Client Async] Response #1 - Status: COMPLETED
execution-manager  | 🎉 [T=11718 ms] Task 1 'sum1' COMPLETED
execution-manager  | [EXECUTION MANAGER] ⏱️ T2=739284800.672 ms | Thread started (server measured)
execution-manager  | [EXECUTION MANAGER] ⏱️ T3=739286517.218 ms | Task completed (server measured)
execution-manager  | [EXECUTION MANAGER] ⏱️ T4=739286517.932 ms | Result received by client
execution-manager  |    [TASK EXECUTION] 1716.547 ms (T3-T2, measured in thread)
execution-manager  |    [RESULT] {"result": 0}
execution-manager  | 
execution-manager  | ╔═══════════════════════════════════════════════════════════════╗
execution-manager  | ║           END-TO-END TIMING MEASUREMENT RECAP                 ║
execution-manager  | ║                   Task 1: sum1                                 
execution-manager  | ╠═══════════════════════════════════════════════════════════════╣
execution-manager  | ║ T1 (start_request)    = 739284799.708 ms                        ║
execution-manager  | ║ T2 (end_request)      = 739284800.672 ms                        ║
execution-manager  | ║ T3 (start_result)     = 739286517.218 ms                        ║
execution-manager  | ║ T4 (end_result)       = 739286517.932 ms                        ║
execution-manager  | ╠═══════════════════════════════════════════════════════════════╣
execution-manager  | ║ METRICS:                                                      ║
execution-manager  | ║   Request Latency    =        0.964 ms  (T2 - T1)            ║
execution-manager  | ║   Task Execution     =     1716.547 ms  (T3 - T2)            ║
execution-manager  | ║   Response Latency   =        0.714 ms  (T4 - T3)            ║
execution-manager  | ║   Total End-to-End   =     1718.225 ms  (T4 - T1)            ║
execution-manager  | ║   Network Overhead   =        1.678 ms  (Req + Resp)         ║
execution-manager  | ╚═══════════════════════════════════════════════════════════════╝
execution-manager  | 
execution-manager  | [EPOLL] T=11718 ms: epoll_wait returned 1 event(s)
execution-manager  | [EPOLL] event[0]: type=2 task=NULL
execution-manager  | [SCHEDULER] ✅ T=11719 ms: Task 1 'sum1' completed with status 2
execution-manager  | [SCHEDULER] 🔕 Timeout disarmed for task 1
execution-manager  | [SCHEDULER] 0 tasks remaining
execution-manager  | 
execution-manager  | [SCHEDULER] 🏁 Iteration 32/50 complete!
execution-manager  | [SCHEDULER] Iteration execution time: 11719 ms
execution-manager  | 
execution-manager  | 
execution-manager  | [SCHEDULER] 🔁 ===== ITERATION 33 / 50 =====
execution-manager  | 
execution-manager  | [SCHEDULER] 🚀 Schedule started at T=0
execution-manager  | 
execution-manager  | [SCHEDULER] 🔄 Entering event loop (NO SLEEP - event-driven!)
execution-manager  | 
execution-manager  | [gRPC Client Async] Stream completed, received 1 responses
execution-manager  | [GRPC THREAD 1] Completed
execution-manager  | [EPOLL] T=10000 ms: epoll_wait returned 1 event(s)
execution-manager  | [EPOLL] event[0]: type=0 task=sum1
execution-manager  | [SCHEDULER] ⏰ T=10000 ms | T_wall=739296518.208 ms: Launching task 1 'sum1' (deadline: 30000 ms)
execution-manager  | [SCHEDULER] 🕐 Timeout armed for task 1 at T=30000 ms (in 20000 ms)
execution-manager  | [GRPC THREAD 1] Starting...
execution-manager  | [EXECUTION MANAGER] ⏱️ T1=739296518.385 ms | Sending gRPC request for task 1 'sum1'
execution-manager  | [gRPC Channel Pool] Reusing existing channel for localhost:50051 (state=2)
execution-manager  | [gRPC Client Async] Calling task 'sum1' at localhost:50051
execution-manager  | [gRPC Client Async] Inputs: {"total_ops": 100, "io_percentage": 25}
execution-manager  | [gRPC Client Async] Response #1 - Status: COMPLETED
execution-manager  | 🎉 [T=11718 ms] Task 1 'sum1' COMPLETED
execution-manager  | [EXECUTION MANAGER] ⏱️ T2=739296519.269 ms | Thread started (server measured)
execution-manager  | [EXECUTION MANAGER] ⏱️ T3=739298235.565 ms | Task completed (server measured)
execution-manager  | [EXECUTION MANAGER] ⏱️ T4=739298236.091 ms | Result received by client
execution-manager  |    [TASK EXECUTION] 1716.296 ms (T3-T2, measured in thread)
execution-manager  |    [RESULT] {"result": 0}
execution-manager  | 
execution-manager  | ╔═══════════════════════════════════════════════════════════════╗
execution-manager  | ║           END-TO-END TIMING MEASUREMENT RECAP                 ║
execution-manager  | ║                   Task 1: sum1                                 
execution-manager  | ╠═══════════════════════════════════════════════════════════════╣
execution-manager  | ║ T1 (start_request)    = 739296518.385 ms                        ║
execution-manager  | ║ T2 (end_request)      = 739296519.269 ms                        ║
execution-manager  | ║ T3 (start_result)     = 739298235.565 ms                        ║
execution-manager  | ║ T4 (end_result)       = 739298236.091 ms                        ║
execution-manager  | ╠═══════════════════════════════════════════════════════════════╣
execution-manager  | ║ METRICS:                                                      ║
execution-manager  | ║   Request Latency    =        0.884 ms  (T2 - T1)            ║
execution-manager  | ║   Task Execution     =     1716.296 ms  (T3 - T2)            ║
execution-manager  | ║   Response Latency   =        0.526 ms  (T4 - T3)            ║
execution-manager  | ║   Total End-to-End   =     1717.706 ms  (T4 - T1)            ║
execution-manager  | ║   Network Overhead   =        1.410 ms  (Req + Resp)         ║
execution-manager  | ╚═══════════════════════════════════════════════════════════════╝
execution-manager  | 
execution-manager  | [EPOLL] T=11718 ms: epoll_wait returned 1 event(s)
execution-manager  | [EPOLL] event[0]: type=2 task=NULL
execution-manager  | [SCHEDULER] ✅ T=11718 ms: Task 1 'sum1' completed with status 2
execution-manager  | [SCHEDULER] 🔕 Timeout disarmed for task 1
execution-manager  | [SCHEDULER] 0 tasks remaining
execution-manager  | 
execution-manager  | [SCHEDULER] 🏁 Iteration 33/50 complete!
execution-manager  | [SCHEDULER] Iteration execution time: 11718 ms
execution-manager  | 
execution-manager  | 
execution-manager  | [SCHEDULER] 🔁 ===== ITERATION 34 / 50 =====
execution-manager  | 
execution-manager  | [SCHEDULER] 🚀 Schedule started at T=0
execution-manager  | 
execution-manager  | [SCHEDULER] 🔄 Entering event loop (NO SLEEP - event-driven!)
execution-manager  | 
execution-manager  | [gRPC Client Async] Stream completed, received 1 responses
execution-manager  | [GRPC THREAD 1] Completed
execution-manager  | [EPOLL] T=10000 ms: epoll_wait returned 1 event(s)
execution-manager  | [EPOLL] event[0]: type=0 task=sum1
execution-manager  | [SCHEDULER] ⏰ T=10000 ms | T_wall=739308236.307 ms: Launching task 1 'sum1' (deadline: 30000 ms)
execution-manager  | [SCHEDULER] 🕐 Timeout armed for task 1 at T=30000 ms (in 20000 ms)
execution-manager  | [GRPC THREAD 1] Starting...
execution-manager  | [EXECUTION MANAGER] ⏱️ T1=739308236.484 ms | Sending gRPC request for task 1 'sum1'
execution-manager  | [gRPC Channel Pool] Reusing existing channel for localhost:50051 (state=2)
execution-manager  | [gRPC Client Async] Calling task 'sum1' at localhost:50051
execution-manager  | [gRPC Client Async] Inputs: {"total_ops": 100, "io_percentage": 25}
execution-manager  | [gRPC Client Async] Response #1 - Status: COMPLETED
execution-manager  | 🎉 [T=11719 ms] Task 1 'sum1' COMPLETED
execution-manager  | [EXECUTION MANAGER] ⏱️ T2=739308237.367 ms | Thread started (server measured)
execution-manager  | [EXECUTION MANAGER] ⏱️ T3=739309953.831 ms | Task completed (server measured)
execution-manager  | [EXECUTION MANAGER] ⏱️ T4=739309955.085 ms | Result received by client
execution-manager  |    [TASK EXECUTION] 1716.464 ms (T3-T2, measured in thread)
execution-manager  |    [RESULT] {"result": 0}
execution-manager  | 
execution-manager  | ╔═══════════════════════════════════════════════════════════════╗
execution-manager  | ║           END-TO-END TIMING MEASUREMENT RECAP                 ║
execution-manager  | ║                   Task 1: sum1                                 
execution-manager  | ╠═══════════════════════════════════════════════════════════════╣
execution-manager  | ║ T1 (start_request)    = 739308236.484 ms                        ║
execution-manager  | ║ T2 (end_request)      = 739308237.367 ms                        ║
execution-manager  | ║ T3 (start_result)     = 739309953.831 ms                        ║
execution-manager  | ║ T4 (end_result)       = 739309955.085 ms                        ║
execution-manager  | ╠═══════════════════════════════════════════════════════════════╣
execution-manager  | ║ METRICS:                                                      ║
execution-manager  | ║   Request Latency    =        0.883 ms  (T2 - T1)            ║
execution-manager  | ║   Task Execution     =     1716.464 ms  (T3 - T2)            ║
execution-manager  | ║   Response Latency   =        1.254 ms  (T4 - T3)            ║
execution-manager  | ║   Total End-to-End   =     1718.601 ms  (T4 - T1)            ║
execution-manager  | ║   Network Overhead   =        2.136 ms  (Req + Resp)         ║
execution-manager  | ╚═══════════════════════════════════════════════════════════════╝
execution-manager  | 
execution-manager  | [EPOLL] T=11719 ms: epoll_wait returned 1 event(s)
execution-manager  | [EPOLL] event[0]: type=2 task=NULL
execution-manager  | [SCHEDULER] ✅ T=11719 ms: Task 1 'sum1' completed with status 2
execution-manager  | [SCHEDULER] 🔕 Timeout disarmed for task 1
execution-manager  | [SCHEDULER] 0 tasks remaining
execution-manager  | 
execution-manager  | [SCHEDULER] 🏁 Iteration 34/50 complete!
execution-manager  | [SCHEDULER] Iteration execution time: 11719 ms
execution-manager  | 
execution-manager  | 
execution-manager  | [SCHEDULER] 🔁 ===== ITERATION 35 / 50 =====
execution-manager  | 
execution-manager  | [SCHEDULER] 🚀 Schedule started at T=0
execution-manager  | 
execution-manager  | [SCHEDULER] 🔄 Entering event loop (NO SLEEP - event-driven!)
execution-manager  | 
execution-manager  | [gRPC Client Async] Stream completed, received 1 responses
execution-manager  | [GRPC THREAD 1] Completed
execution-manager  | [EPOLL] T=10000 ms: epoll_wait returned 1 event(s)
execution-manager  | [EPOLL] event[0]: type=0 task=sum1
execution-manager  | [SCHEDULER] ⏰ T=10000 ms | T_wall=739319955.307 ms: Launching task 1 'sum1' (deadline: 30000 ms)
execution-manager  | [SCHEDULER] 🕐 Timeout armed for task 1 at T=30000 ms (in 20000 ms)
execution-manager  | [GRPC THREAD 1] Starting...
execution-manager  | [EXECUTION MANAGER] ⏱️ T1=739319955.503 ms | Sending gRPC request for task 1 'sum1'
execution-manager  | [gRPC Channel Pool] Reusing existing channel for localhost:50051 (state=2)
execution-manager  | [gRPC Client Async] Calling task 'sum1' at localhost:50051
execution-manager  | [gRPC Client Async] Inputs: {"total_ops": 100, "io_percentage": 25}
execution-manager  | [gRPC Client Async] Response #1 - Status: COMPLETED
execution-manager  | 🎉 [T=11718 ms] Task 1 'sum1' COMPLETED
execution-manager  | [EXECUTION MANAGER] ⏱️ T2=739319956.381 ms | Thread started (server measured)
execution-manager  | [EXECUTION MANAGER] ⏱️ T3=739321672.715 ms | Task completed (server measured)
execution-manager  | [EXECUTION MANAGER] ⏱️ T4=739321673.367 ms | Result received by client
execution-manager  |    [TASK EXECUTION] 1716.333 ms (T3-T2, measured in thread)
execution-manager  |    [RESULT] {"result": 0}
execution-manager  | 
execution-manager  | ╔═══════════════════════════════════════════════════════════════╗
execution-manager  | ║           END-TO-END TIMING MEASUREMENT RECAP                 ║
execution-manager  | ║                   Task 1: sum1                                 
execution-manager  | ╠═══════════════════════════════════════════════════════════════╣
execution-manager  | ║ T1 (start_request)    = 739319955.503 ms                        ║
execution-manager  | ║ T2 (end_request)      = 739319956.381 ms                        ║
execution-manager  | ║ T3 (start_result)     = 739321672.715 ms                        ║
execution-manager  | ║ T4 (end_result)       = 739321673.367 ms                        ║
execution-manager  | ╠═══════════════════════════════════════════════════════════════╣
execution-manager  | ║ METRICS:                                                      ║
execution-manager  | ║   Request Latency    =        0.878 ms  (T2 - T1)            ║
execution-manager  | ║   Task Execution     =     1716.333 ms  (T3 - T2)            ║
execution-manager  | ║   Response Latency   =        0.653 ms  (T4 - T3)            ║
execution-manager  | ║   Total End-to-End   =     1717.864 ms  (T4 - T1)            ║
execution-manager  | ║   Network Overhead   =        1.531 ms  (Req + Resp)         ║
execution-manager  | ╚═══════════════════════════════════════════════════════════════╝
execution-manager  | 
execution-manager  | [EPOLL] T=11718 ms: epoll_wait returned 1 event(s)
execution-manager  | [EPOLL] event[0]: type=2 task=NULL
execution-manager  | [SCHEDULER] ✅ T=11718 ms: Task 1 'sum1' completed with status 2
execution-manager  | [SCHEDULER] 🔕 Timeout disarmed for task 1
execution-manager  | [SCHEDULER] 0 tasks remaining
execution-manager  | 
execution-manager  | [SCHEDULER] 🏁 Iteration 35/50 complete!
execution-manager  | [SCHEDULER] Iteration execution time: 11718 ms
execution-manager  | 
execution-manager  | 
execution-manager  | [SCHEDULER] 🔁 ===== ITERATION 36 / 50 =====
execution-manager  | 
execution-manager  | [SCHEDULER] 🚀 Schedule started at T=0
execution-manager  | 
execution-manager  | [SCHEDULER] 🔄 Entering event loop (NO SLEEP - event-driven!)
execution-manager  | 
execution-manager  | [gRPC Client Async] Stream completed, received 1 responses
execution-manager  | [GRPC THREAD 1] Completed
execution-manager  | [EPOLL] T=10000 ms: epoll_wait returned 1 event(s)
execution-manager  | [EPOLL] event[0]: type=0 task=sum1
execution-manager  | [SCHEDULER] ⏰ T=10000 ms | T_wall=739331673.626 ms: Launching task 1 'sum1' (deadline: 30000 ms)
execution-manager  | [SCHEDULER] 🕐 Timeout armed for task 1 at T=30000 ms (in 20000 ms)
execution-manager  | [GRPC THREAD 1] Starting...
execution-manager  | [EXECUTION MANAGER] ⏱️ T1=739331673.796 ms | Sending gRPC request for task 1 'sum1'
execution-manager  | [gRPC Channel Pool] Reusing existing channel for localhost:50051 (state=2)
execution-manager  | [gRPC Client Async] Calling task 'sum1' at localhost:50051
execution-manager  | [gRPC Client Async] Inputs: {"total_ops": 100, "io_percentage": 25}
execution-manager  | [gRPC Client Async] Response #1 - Status: COMPLETED
execution-manager  | 🎉 [T=11718 ms] Task 1 'sum1' COMPLETED
execution-manager  | [EXECUTION MANAGER] ⏱️ T2=739331674.694 ms | Thread started (server measured)
execution-manager  | [EXECUTION MANAGER] ⏱️ T3=739333391.279 ms | Task completed (server measured)
execution-manager  | [EXECUTION MANAGER] ⏱️ T4=739333391.976 ms | Result received by client
execution-manager  |    [TASK EXECUTION] 1716.585 ms (T3-T2, measured in thread)
execution-manager  |    [RESULT] {"result": 0}
execution-manager  | 
execution-manager  | ╔═══════════════════════════════════════════════════════════════╗
execution-manager  | ║           END-TO-END TIMING MEASUREMENT RECAP                 ║
execution-manager  | ║                   Task 1: sum1                                 
execution-manager  | ╠═══════════════════════════════════════════════════════════════╣
execution-manager  | ║ T1 (start_request)    = 739331673.796 ms                        ║
execution-manager  | ║ T2 (end_request)      = 739331674.694 ms                        ║
execution-manager  | ║ T3 (start_result)     = 739333391.279 ms                        ║
execution-manager  | ║ T4 (end_result)       = 739333391.976 ms                        ║
execution-manager  | ╠═══════════════════════════════════════════════════════════════╣
execution-manager  | ║ METRICS:                                                      ║
execution-manager  | ║   Request Latency    =        0.899 ms  (T2 - T1)            ║
execution-manager  | ║   Task Execution     =     1716.585 ms  (T3 - T2)            ║
execution-manager  | ║   Response Latency   =        0.697 ms  (T4 - T3)            ║
execution-manager  | ║   Total End-to-End   =     1718.181 ms  (T4 - T1)            ║
execution-manager  | ║   Network Overhead   =        1.596 ms  (Req + Resp)         ║
execution-manager  | ╚═══════════════════════════════════════════════════════════════╝
execution-manager  | 
execution-manager  | [EPOLL] T=11719 ms: epoll_wait returned 1 event(s)
execution-manager  | [EPOLL] event[0]: type=2 task=NULL
execution-manager  | [SCHEDULER] ✅ T=11719 ms: Task 1 'sum1' completed with status 2
execution-manager  | [SCHEDULER] 🔕 Timeout disarmed for task 1
execution-manager  | [SCHEDULER] 0 tasks remaining
execution-manager  | 
execution-manager  | [SCHEDULER] 🏁 Iteration 36/50 complete!
execution-manager  | [SCHEDULER] Iteration execution time: 11719 ms
execution-manager  | 
execution-manager  | 
execution-manager  | [SCHEDULER] 🔁 ===== ITERATION 37 / 50 =====
execution-manager  | 
execution-manager  | [SCHEDULER] 🚀 Schedule started at T=0
execution-manager  | 
execution-manager  | [SCHEDULER] 🔄 Entering event loop (NO SLEEP - event-driven!)
execution-manager  | 
execution-manager  | [gRPC Client Async] Stream completed, received 1 responses
execution-manager  | [GRPC THREAD 1] Completed
execution-manager  | [EPOLL] T=10000 ms: epoll_wait returned 1 event(s)
execution-manager  | [EPOLL] event[0]: type=0 task=sum1
execution-manager  | [SCHEDULER] ⏰ T=10000 ms | T_wall=739343392.249 ms: Launching task 1 'sum1' (deadline: 30000 ms)
execution-manager  | [SCHEDULER] 🕐 Timeout armed for task 1 at T=30000 ms (in 20000 ms)
execution-manager  | [GRPC THREAD 1] Starting...
execution-manager  | [EXECUTION MANAGER] ⏱️ T1=739343392.435 ms | Sending gRPC request for task 1 'sum1'
execution-manager  | [gRPC Channel Pool] Reusing existing channel for localhost:50051 (state=2)
execution-manager  | [gRPC Client Async] Calling task 'sum1' at localhost:50051
execution-manager  | [gRPC Client Async] Inputs: {"total_ops": 100, "io_percentage": 25}
execution-manager  | [gRPC Client Async] Response #1 - Status: COMPLETED
execution-manager  | 🎉 [T=11718 ms] Task 1 'sum1' COMPLETED
execution-manager  | [EXECUTION MANAGER] ⏱️ T2=739343393.289 ms | Thread started (server measured)
execution-manager  | [EXECUTION MANAGER] ⏱️ T3=739345109.942 ms | Task completed (server measured)
execution-manager  | [EXECUTION MANAGER] ⏱️ T4=739345110.634 ms | Result received by client
execution-manager  |    [TASK EXECUTION] 1716.653 ms (T3-T2, measured in thread)
execution-manager  |    [RESULT] {"result": 0}
execution-manager  | 
execution-manager  | ╔═══════════════════════════════════════════════════════════════╗
execution-manager  | ║           END-TO-END TIMING MEASUREMENT RECAP                 ║
execution-manager  | ║                   Task 1: sum1                                 
execution-manager  | ╠═══════════════════════════════════════════════════════════════╣
execution-manager  | ║ T1 (start_request)    = 739343392.435 ms                        ║
execution-manager  | ║ T2 (end_request)      = 739343393.289 ms                        ║
execution-manager  | ║ T3 (start_result)     = 739345109.942 ms                        ║
execution-manager  | ║ T4 (end_result)       = 739345110.634 ms                        ║
execution-manager  | ╠═══════════════════════════════════════════════════════════════╣
execution-manager  | ║ METRICS:                                                      ║
execution-manager  | ║   Request Latency    =        0.854 ms  (T2 - T1)            ║
execution-manager  | ║   Task Execution     =     1716.653 ms  (T3 - T2)            ║
execution-manager  | ║   Response Latency   =        0.691 ms  (T4 - T3)            ║
execution-manager  | ║   Total End-to-End   =     1718.198 ms  (T4 - T1)            ║
execution-manager  | ║   Network Overhead   =        1.545 ms  (Req + Resp)         ║
execution-manager  | ╚═══════════════════════════════════════════════════════════════╝
execution-manager  | 
execution-manager  | [EPOLL] T=11718 ms: epoll_wait returned 1 event(s)
execution-manager  | [EPOLL] event[0]: type=2 task=NULL
execution-manager  | [SCHEDULER] ✅ T=11718 ms: Task 1 'sum1' completed with status 2
execution-manager  | [SCHEDULER] 🔕 Timeout disarmed for task 1
execution-manager  | [SCHEDULER] 0 tasks remaining
execution-manager  | 
execution-manager  | [SCHEDULER] 🏁 Iteration 37/50 complete!
execution-manager  | [SCHEDULER] Iteration execution time: 11718 ms
execution-manager  | 
execution-manager  | 
execution-manager  | [SCHEDULER] 🔁 ===== ITERATION 38 / 50 =====
execution-manager  | 
execution-manager  | [SCHEDULER] 🚀 Schedule started at T=0
execution-manager  | 
execution-manager  | [SCHEDULER] 🔄 Entering event loop (NO SLEEP - event-driven!)
execution-manager  | 
execution-manager  | [gRPC Client Async] Stream completed, received 1 responses
execution-manager  | [GRPC THREAD 1] Completed
execution-manager  | [EPOLL] T=10000 ms: epoll_wait returned 1 event(s)
execution-manager  | [EPOLL] event[0]: type=0 task=sum1
execution-manager  | [SCHEDULER] ⏰ T=10000 ms | T_wall=739355110.860 ms: Launching task 1 'sum1' (deadline: 30000 ms)
execution-manager  | [SCHEDULER] 🕐 Timeout armed for task 1 at T=30000 ms (in 20000 ms)
execution-manager  | [GRPC THREAD 1] Starting...
execution-manager  | [EXECUTION MANAGER] ⏱️ T1=739355111.074 ms | Sending gRPC request for task 1 'sum1'
execution-manager  | [gRPC Channel Pool] Reusing existing channel for localhost:50051 (state=2)
execution-manager  | [gRPC Client Async] Calling task 'sum1' at localhost:50051
execution-manager  | [gRPC Client Async] Inputs: {"total_ops": 100, "io_percentage": 25}
execution-manager  | [gRPC Client Async] Response #1 - Status: COMPLETED
execution-manager  | 🎉 [T=11719 ms] Task 1 'sum1' COMPLETED
execution-manager  | [EXECUTION MANAGER] ⏱️ T2=739355111.967 ms | Thread started (server measured)
execution-manager  | [EXECUTION MANAGER] ⏱️ T3=739356828.659 ms | Task completed (server measured)
execution-manager  | [EXECUTION MANAGER] ⏱️ T4=739356829.373 ms | Result received by client
execution-manager  |    [TASK EXECUTION] 1716.692 ms (T3-T2, measured in thread)
execution-manager  |    [RESULT] {"result": 0}
execution-manager  | 
execution-manager  | ╔═══════════════════════════════════════════════════════════════╗
execution-manager  | ║           END-TO-END TIMING MEASUREMENT RECAP                 ║
execution-manager  | ║                   Task 1: sum1                                 
execution-manager  | ╠═══════════════════════════════════════════════════════════════╣
execution-manager  | ║ T1 (start_request)    = 739355111.074 ms                        ║
execution-manager  | ║ T2 (end_request)      = 739355111.967 ms                        ║
execution-manager  | ║ T3 (start_result)     = 739356828.659 ms                        ║
execution-manager  | ║ T4 (end_result)       = 739356829.373 ms                        ║
execution-manager  | ╠═══════════════════════════════════════════════════════════════╣
execution-manager  | ║ METRICS:                                                      ║
execution-manager  | ║   Request Latency    =        0.893 ms  (T2 - T1)            ║
execution-manager  | ║   Task Execution     =     1716.692 ms  (T3 - T2)            ║
execution-manager  | ║   Response Latency   =        0.714 ms  (T4 - T3)            ║
execution-manager  | ║   Total End-to-End   =     1718.299 ms  (T4 - T1)            ║
execution-manager  | ║   Network Overhead   =        1.607 ms  (Req + Resp)         ║
execution-manager  | ╚═══════════════════════════════════════════════════════════════╝
execution-manager  | 
execution-manager  | [EPOLL] T=11719 ms: epoll_wait returned 1 event(s)
execution-manager  | [EPOLL] event[0]: type=2 task=NULL
execution-manager  | [SCHEDULER] ✅ T=11719 ms: Task 1 'sum1' completed with status 2
execution-manager  | [SCHEDULER] 🔕 Timeout disarmed for task 1
execution-manager  | [SCHEDULER] 0 tasks remaining
execution-manager  | 
execution-manager  | [SCHEDULER] 🏁 Iteration 38/50 complete!
execution-manager  | [SCHEDULER] Iteration execution time: 11719 ms
execution-manager  | 
execution-manager  | 
execution-manager  | [SCHEDULER] 🔁 ===== ITERATION 39 / 50 =====
execution-manager  | 
execution-manager  | [SCHEDULER] 🚀 Schedule started at T=0
execution-manager  | 
execution-manager  | [SCHEDULER] 🔄 Entering event loop (NO SLEEP - event-driven!)
execution-manager  | 
execution-manager  | [gRPC Client Async] Stream completed, received 1 responses
execution-manager  | [GRPC THREAD 1] Completed
execution-manager  | [EPOLL] T=10000 ms: epoll_wait returned 1 event(s)
execution-manager  | [EPOLL] event[0]: type=0 task=sum1
execution-manager  | [SCHEDULER] ⏰ T=10000 ms | T_wall=739366829.600 ms: Launching task 1 'sum1' (deadline: 30000 ms)
execution-manager  | [SCHEDULER] 🕐 Timeout armed for task 1 at T=30000 ms (in 20000 ms)
execution-manager  | [GRPC THREAD 1] Starting...
execution-manager  | [EXECUTION MANAGER] ⏱️ T1=739366829.772 ms | Sending gRPC request for task 1 'sum1'
execution-manager  | [gRPC Channel Pool] Reusing existing channel for localhost:50051 (state=2)
execution-manager  | [gRPC Client Async] Calling task 'sum1' at localhost:50051
execution-manager  | [gRPC Client Async] Inputs: {"total_ops": 100, "io_percentage": 25}
execution-manager  | [gRPC Client Async] Response #1 - Status: COMPLETED
execution-manager  | 🎉 [T=11718 ms] Task 1 'sum1' COMPLETED
execution-manager  | [EXECUTION MANAGER] ⏱️ T2=739366830.615 ms | Thread started (server measured)
execution-manager  | [EXECUTION MANAGER] ⏱️ T3=739368546.977 ms | Task completed (server measured)
execution-manager  | [EXECUTION MANAGER] ⏱️ T4=739368547.598 ms | Result received by client
execution-manager  |    [TASK EXECUTION] 1716.361 ms (T3-T2, measured in thread)
execution-manager  |    [RESULT] {"result": 0}
execution-manager  | 
execution-manager  | ╔═══════════════════════════════════════════════════════════════╗
execution-manager  | ║           END-TO-END TIMING MEASUREMENT RECAP                 ║
execution-manager  | ║                   Task 1: sum1                                 
execution-manager  | ╠═══════════════════════════════════════════════════════════════╣
execution-manager  | ║ T1 (start_request)    = 739366829.772 ms                        ║
execution-manager  | ║ T2 (end_request)      = 739366830.615 ms                        ║
execution-manager  | ║ T3 (start_result)     = 739368546.977 ms                        ║
execution-manager  | ║ T4 (end_result)       = 739368547.598 ms                        ║
execution-manager  | ╠═══════════════════════════════════════════════════════════════╣
execution-manager  | ║ METRICS:                                                      ║
execution-manager  | ║   Request Latency    =        0.843 ms  (T2 - T1)            ║
execution-manager  | ║   Task Execution     =     1716.361 ms  (T3 - T2)            ║
execution-manager  | ║   Response Latency   =        0.622 ms  (T4 - T3)            ║
execution-manager  | ║   Total End-to-End   =     1717.827 ms  (T4 - T1)            ║
execution-manager  | ║   Network Overhead   =        1.465 ms  (Req + Resp)         ║
execution-manager  | ╚═══════════════════════════════════════════════════════════════╝
execution-manager  | 
execution-manager  | [EPOLL] T=11718 ms: epoll_wait returned 1 event(s)
execution-manager  | [EPOLL] event[0]: type=2 task=NULL
execution-manager  | [SCHEDULER] ✅ T=11718 ms: Task 1 'sum1' completed with status 2
execution-manager  | [SCHEDULER] 🔕 Timeout disarmed for task 1
execution-manager  | [SCHEDULER] 0 tasks remaining
execution-manager  | 
execution-manager  | [SCHEDULER] 🏁 Iteration 39/50 complete!
execution-manager  | [SCHEDULER] Iteration execution time: 11718 ms
execution-manager  | 
execution-manager  | 
execution-manager  | [SCHEDULER] 🔁 ===== ITERATION 40 / 50 =====
execution-manager  | 
execution-manager  | [SCHEDULER] 🚀 Schedule started at T=0
execution-manager  | 
execution-manager  | [SCHEDULER] 🔄 Entering event loop (NO SLEEP - event-driven!)
execution-manager  | 
execution-manager  | [gRPC Client Async] Stream completed, received 1 responses
execution-manager  | [GRPC THREAD 1] Completed
execution-manager  | [EPOLL] T=10000 ms: epoll_wait returned 1 event(s)
execution-manager  | [EPOLL] event[0]: type=0 task=sum1
execution-manager  | [SCHEDULER] ⏰ T=10000 ms | T_wall=739378547.853 ms: Launching task 1 'sum1' (deadline: 30000 ms)
execution-manager  | [SCHEDULER] 🕐 Timeout armed for task 1 at T=30000 ms (in 20000 ms)
execution-manager  | [GRPC THREAD 1] Starting...
execution-manager  | [EXECUTION MANAGER] ⏱️ T1=739378548.035 ms | Sending gRPC request for task 1 'sum1'
execution-manager  | [gRPC Channel Pool] Reusing existing channel for localhost:50051 (state=2)
execution-manager  | [gRPC Client Async] Calling task 'sum1' at localhost:50051
execution-manager  | [gRPC Client Async] Inputs: {"total_ops": 100, "io_percentage": 25}
execution-manager  | [gRPC Client Async] Response #1 - Status: COMPLETED
execution-manager  | 🎉 [T=11719 ms] Task 1 'sum1' COMPLETED
execution-manager  | [EXECUTION MANAGER] ⏱️ T2=739378548.926 ms | Thread started (server measured)
execution-manager  | [EXECUTION MANAGER] ⏱️ T3=739380265.481 ms | Task completed (server measured)
execution-manager  | [EXECUTION MANAGER] ⏱️ T4=739380266.111 ms | Result received by client
execution-manager  |    [TASK EXECUTION] 1716.555 ms (T3-T2, measured in thread)
execution-manager  |    [RESULT] {"result": 0}
execution-manager  | 
execution-manager  | ╔═══════════════════════════════════════════════════════════════╗
execution-manager  | ║           END-TO-END TIMING MEASUREMENT RECAP                 ║
execution-manager  | ║                   Task 1: sum1                                 
execution-manager  | ╠═══════════════════════════════════════════════════════════════╣
execution-manager  | ║ T1 (start_request)    = 739378548.035 ms                        ║
execution-manager  | ║ T2 (end_request)      = 739378548.926 ms                        ║
execution-manager  | ║ T3 (start_result)     = 739380265.481 ms                        ║
execution-manager  | ║ T4 (end_result)       = 739380266.111 ms                        ║
execution-manager  | ╠═══════════════════════════════════════════════════════════════╣
execution-manager  | ║ METRICS:                                                      ║
execution-manager  | ║   Request Latency    =        0.891 ms  (T2 - T1)            ║
execution-manager  | ║   Task Execution     =     1716.555 ms  (T3 - T2)            ║
execution-manager  | ║   Response Latency   =        0.630 ms  (T4 - T3)            ║
execution-manager  | ║   Total End-to-End   =     1718.076 ms  (T4 - T1)            ║
execution-manager  | ║   Network Overhead   =        1.521 ms  (Req + Resp)         ║
execution-manager  | ╚═══════════════════════════════════════════════════════════════╝
execution-manager  | 
execution-manager  | [EPOLL] T=11719 ms: epoll_wait returned 1 event(s)
execution-manager  | [EPOLL] event[0]: type=2 task=NULL
execution-manager  | [SCHEDULER] ✅ T=11719 ms: Task 1 'sum1' completed with status 2
execution-manager  | [SCHEDULER] 🔕 Timeout disarmed for task 1
execution-manager  | [SCHEDULER] 0 tasks remaining
execution-manager  | 
execution-manager  | [SCHEDULER] 🏁 Iteration 40/50 complete!
execution-manager  | [SCHEDULER] Iteration execution time: 11719 ms
execution-manager  | 
execution-manager  | 
execution-manager  | [SCHEDULER] 🔁 ===== ITERATION 41 / 50 =====
execution-manager  | 
execution-manager  | [SCHEDULER] 🚀 Schedule started at T=0
execution-manager  | 
execution-manager  | [SCHEDULER] 🔄 Entering event loop (NO SLEEP - event-driven!)
execution-manager  | 
execution-manager  | [gRPC Client Async] Stream completed, received 1 responses
execution-manager  | [GRPC THREAD 1] Completed
execution-manager  | [EPOLL] T=10000 ms: epoll_wait returned 1 event(s)
execution-manager  | [EPOLL] event[0]: type=0 task=sum1
execution-manager  | [SCHEDULER] ⏰ T=10000 ms | T_wall=739390266.361 ms: Launching task 1 'sum1' (deadline: 30000 ms)
execution-manager  | [SCHEDULER] 🕐 Timeout armed for task 1 at T=30000 ms (in 20000 ms)
execution-manager  | [GRPC THREAD 1] Starting...
execution-manager  | [EXECUTION MANAGER] ⏱️ T1=739390266.559 ms | Sending gRPC request for task 1 'sum1'
execution-manager  | [gRPC Channel Pool] Reusing existing channel for localhost:50051 (state=2)
execution-manager  | [gRPC Client Async] Calling task 'sum1' at localhost:50051
execution-manager  | [gRPC Client Async] Inputs: {"total_ops": 100, "io_percentage": 25}
execution-manager  | [gRPC Client Async] Response #1 - Status: COMPLETED
execution-manager  | 🎉 [T=11719 ms] Task 1 'sum1' COMPLETED
execution-manager  | [EXECUTION MANAGER] ⏱️ T2=739390267.595 ms | Thread started (server measured)
execution-manager  | [EXECUTION MANAGER] ⏱️ T3=739391984.428 ms | Task completed (server measured)
execution-manager  | [EXECUTION MANAGER] ⏱️ T4=739391985.072 ms | Result received by client
execution-manager  |    [TASK EXECUTION] 1716.833 ms (T3-T2, measured in thread)
execution-manager  |    [RESULT] {"result": 0}
execution-manager  | 
execution-manager  | ╔═══════════════════════════════════════════════════════════════╗
execution-manager  | ║           END-TO-END TIMING MEASUREMENT RECAP                 ║
execution-manager  | ║                   Task 1: sum1                                 
execution-manager  | ╠═══════════════════════════════════════════════════════════════╣
execution-manager  | ║ T1 (start_request)    = 739390266.559 ms                        ║
execution-manager  | ║ T2 (end_request)      = 739390267.595 ms                        ║
execution-manager  | ║ T3 (start_result)     = 739391984.428 ms                        ║
execution-manager  | ║ T4 (end_result)       = 739391985.072 ms                        ║
execution-manager  | ╠═══════════════════════════════════════════════════════════════╣
execution-manager  | ║ METRICS:                                                      ║
execution-manager  | ║   Request Latency    =        1.037 ms  (T2 - T1)            ║
execution-manager  | ║   Task Execution     =     1716.833 ms  (T3 - T2)            ║
execution-manager  | ║   Response Latency   =        0.643 ms  (T4 - T3)            ║
execution-manager  | ║   Total End-to-End   =     1718.513 ms  (T4 - T1)            ║
execution-manager  | ║   Network Overhead   =        1.680 ms  (Req + Resp)         ║
execution-manager  | ╚═══════════════════════════════════════════════════════════════╝
execution-manager  | 
execution-manager  | [EPOLL] T=11719 ms: epoll_wait returned 1 event(s)
execution-manager  | [EPOLL] event[0]: type=2 task=NULL
execution-manager  | [SCHEDULER] ✅ T=11719 ms: Task 1 'sum1' completed with status 2
execution-manager  | [SCHEDULER] 🔕 Timeout disarmed for task 1
execution-manager  | [SCHEDULER] 0 tasks remaining
execution-manager  | 
execution-manager  | [SCHEDULER] 🏁 Iteration 41/50 complete!
execution-manager  | [SCHEDULER] Iteration execution time: 11719 ms
execution-manager  | 
execution-manager  | 
execution-manager  | [SCHEDULER] 🔁 ===== ITERATION 42 / 50 =====
execution-manager  | 
execution-manager  | [SCHEDULER] 🚀 Schedule started at T=0
execution-manager  | 
execution-manager  | [SCHEDULER] 🔄 Entering event loop (NO SLEEP - event-driven!)
execution-manager  | 
execution-manager  | [gRPC Client Async] Stream completed, received 1 responses
execution-manager  | [GRPC THREAD 1] Completed
execution-manager  | [EPOLL] T=10000 ms: epoll_wait returned 1 event(s)
execution-manager  | [EPOLL] event[0]: type=0 task=sum1
execution-manager  | [SCHEDULER] ⏰ T=10000 ms | T_wall=739401985.334 ms: Launching task 1 'sum1' (deadline: 30000 ms)
execution-manager  | [SCHEDULER] 🕐 Timeout armed for task 1 at T=30000 ms (in 20000 ms)
execution-manager  | [GRPC THREAD 1] Starting...
execution-manager  | [EXECUTION MANAGER] ⏱️ T1=739401985.560 ms | Sending gRPC request for task 1 'sum1'
execution-manager  | [gRPC Channel Pool] Reusing existing channel for localhost:50051 (state=2)
execution-manager  | [gRPC Client Async] Calling task 'sum1' at localhost:50051
execution-manager  | [gRPC Client Async] Inputs: {"total_ops": 100, "io_percentage": 25}
execution-manager  | [gRPC Client Async] Response #1 - Status: COMPLETED
execution-manager  | 🎉 [T=11718 ms] Task 1 'sum1' COMPLETED
execution-manager  | [EXECUTION MANAGER] ⏱️ T2=739401986.489 ms | Thread started (server measured)
execution-manager  | [EXECUTION MANAGER] ⏱️ T3=739403703.119 ms | Task completed (server measured)
execution-manager  | [EXECUTION MANAGER] ⏱️ T4=739403703.770 ms | Result received by client
execution-manager  |    [TASK EXECUTION] 1716.630 ms (T3-T2, measured in thread)
execution-manager  |    [RESULT] {"result": 0}
execution-manager  | 
execution-manager  | ╔═══════════════════════════════════════════════════════════════╗
execution-manager  | ║           END-TO-END TIMING MEASUREMENT RECAP                 ║
execution-manager  | ║                   Task 1: sum1                                 
execution-manager  | ╠═══════════════════════════════════════════════════════════════╣
execution-manager  | ║ T1 (start_request)    = 739401985.560 ms                        ║
execution-manager  | ║ T2 (end_request)      = 739401986.489 ms                        ║
execution-manager  | ║ T3 (start_result)     = 739403703.119 ms                        ║
execution-manager  | ║ T4 (end_result)       = 739403703.770 ms                        ║
execution-manager  | ╠═══════════════════════════════════════════════════════════════╣
execution-manager  | ║ METRICS:                                                      ║
execution-manager  | ║   Request Latency    =        0.928 ms  (T2 - T1)            ║
execution-manager  | ║   Task Execution     =     1716.630 ms  (T3 - T2)            ║
execution-manager  | ║   Response Latency   =        0.651 ms  (T4 - T3)            ║
execution-manager  | ║   Total End-to-End   =     1718.210 ms  (T4 - T1)            ║
execution-manager  | ║   Network Overhead   =        1.579 ms  (Req + Resp)         ║
execution-manager  | ╚═══════════════════════════════════════════════════════════════╝
execution-manager  | 
execution-manager  | [EPOLL] T=11718 ms: epoll_wait returned 1 event(s)
execution-manager  | [EPOLL] event[0]: type=2 task=NULL
execution-manager  | [SCHEDULER] ✅ T=11718 ms: Task 1 'sum1' completed with status 2
execution-manager  | [SCHEDULER] 🔕 Timeout disarmed for task 1
execution-manager  | [SCHEDULER] 0 tasks remaining
execution-manager  | 
execution-manager  | [SCHEDULER] 🏁 Iteration 42/50 complete!
execution-manager  | [SCHEDULER] Iteration execution time: 11718 ms
execution-manager  | 
execution-manager  | 
execution-manager  | [SCHEDULER] 🔁 ===== ITERATION 43 / 50 =====
execution-manager  | 
execution-manager  | [SCHEDULER] 🚀 Schedule started at T=0
execution-manager  | 
execution-manager  | [SCHEDULER] 🔄 Entering event loop (NO SLEEP - event-driven!)
execution-manager  | 
execution-manager  | [gRPC Client Async] Stream completed, received 1 responses
execution-manager  | [GRPC THREAD 1] Completed
execution-manager  | [EPOLL] T=10000 ms: epoll_wait returned 1 event(s)
execution-manager  | [EPOLL] event[0]: type=0 task=sum1
execution-manager  | [SCHEDULER] ⏰ T=10000 ms | T_wall=739413703.995 ms: Launching task 1 'sum1' (deadline: 30000 ms)
execution-manager  | [SCHEDULER] 🕐 Timeout armed for task 1 at T=30000 ms (in 19999 ms)
execution-manager  | [GRPC THREAD 1] Starting...
execution-manager  | [EXECUTION MANAGER] ⏱️ T1=739413704.188 ms | Sending gRPC request for task 1 'sum1'
execution-manager  | [gRPC Channel Pool] Reusing existing channel for localhost:50051 (state=2)
execution-manager  | [gRPC Client Async] Calling task 'sum1' at localhost:50051
execution-manager  | [gRPC Client Async] Inputs: {"total_ops": 100, "io_percentage": 25}
execution-manager  | [gRPC Client Async] Response #1 - Status: COMPLETED
execution-manager  | 🎉 [T=11719 ms] Task 1 'sum1' COMPLETED
execution-manager  | [EXECUTION MANAGER] ⏱️ T2=739413705.150 ms | Thread started (server measured)
execution-manager  | [EXECUTION MANAGER] ⏱️ T3=739415422.075 ms | Task completed (server measured)
execution-manager  | [EXECUTION MANAGER] ⏱️ T4=739415422.746 ms | Result received by client
execution-manager  |    [TASK EXECUTION] 1716.925 ms (T3-T2, measured in thread)
execution-manager  |    [RESULT] {"result": 0}
execution-manager  | 
execution-manager  | ╔═══════════════════════════════════════════════════════════════╗
execution-manager  | ║           END-TO-END TIMING MEASUREMENT RECAP                 ║
execution-manager  | ║                   Task 1: sum1                                 
execution-manager  | ╠═══════════════════════════════════════════════════════════════╣
execution-manager  | ║ T1 (start_request)    = 739413704.188 ms                        ║
execution-manager  | ║ T2 (end_request)      = 739413705.150 ms                        ║
execution-manager  | ║ T3 (start_result)     = 739415422.075 ms                        ║
execution-manager  | ║ T4 (end_result)       = 739415422.746 ms                        ║
execution-manager  | ╠═══════════════════════════════════════════════════════════════╣
execution-manager  | ║ METRICS:                                                      ║
execution-manager  | ║   Request Latency    =        0.962 ms  (T2 - T1)            ║
execution-manager  | ║   Task Execution     =     1716.925 ms  (T3 - T2)            ║
execution-manager  | ║   Response Latency   =        0.671 ms  (T4 - T3)            ║
execution-manager  | ║   Total End-to-End   =     1718.558 ms  (T4 - T1)            ║
execution-manager  | ║   Network Overhead   =        1.633 ms  (Req + Resp)         ║
execution-manager  | ╚═══════════════════════════════════════════════════════════════╝
execution-manager  | 
execution-manager  | [EPOLL] T=11719 ms: epoll_wait returned 1 event(s)
execution-manager  | [EPOLL] event[0]: type=2 task=NULL
execution-manager  | [SCHEDULER] ✅ T=11719 ms: Task 1 'sum1' completed with status 2
execution-manager  | [SCHEDULER] 🔕 Timeout disarmed for task 1
execution-manager  | [SCHEDULER] 0 tasks remaining
execution-manager  | 
execution-manager  | [SCHEDULER] 🏁 Iteration 43/50 complete!
execution-manager  | [SCHEDULER] Iteration execution time: 11719 ms
execution-manager  | 
execution-manager  | 
execution-manager  | [SCHEDULER] 🔁 ===== ITERATION 44 / 50 =====
execution-manager  | 
execution-manager  | [SCHEDULER] 🚀 Schedule started at T=0
execution-manager  | 
execution-manager  | [SCHEDULER] 🔄 Entering event loop (NO SLEEP - event-driven!)
execution-manager  | 
execution-manager  | [gRPC Client Async] Stream completed, received 1 responses
execution-manager  | [GRPC THREAD 1] Completed
execution-manager  | [EPOLL] T=10000 ms: epoll_wait returned 1 event(s)
execution-manager  | [EPOLL] event[0]: type=0 task=sum1
execution-manager  | [SCHEDULER] ⏰ T=10000 ms | T_wall=739425422.963 ms: Launching task 1 'sum1' (deadline: 30000 ms)
execution-manager  | [SCHEDULER] 🕐 Timeout armed for task 1 at T=30000 ms (in 19999 ms)
execution-manager  | [GRPC THREAD 1] Starting...
execution-manager  | [EXECUTION MANAGER] ⏱️ T1=739425423.181 ms | Sending gRPC request for task 1 'sum1'
execution-manager  | [gRPC Channel Pool] Reusing existing channel for localhost:50051 (state=2)
execution-manager  | [gRPC Client Async] Calling task 'sum1' at localhost:50051
execution-manager  | [gRPC Client Async] Inputs: {"total_ops": 100, "io_percentage": 25}
execution-manager  | [gRPC Client Async] Response #1 - Status: COMPLETED
execution-manager  | 🎉 [T=11719 ms] Task 1 'sum1' COMPLETED
execution-manager  | [EXECUTION MANAGER] ⏱️ T2=739425423.994 ms | Thread started (server measured)
execution-manager  | [EXECUTION MANAGER] ⏱️ T3=739427140.877 ms | Task completed (server measured)
execution-manager  | [EXECUTION MANAGER] ⏱️ T4=739427141.568 ms | Result received by client
execution-manager  |    [TASK EXECUTION] 1716.883 ms (T3-T2, measured in thread)
execution-manager  |    [RESULT] {"result": 0}
execution-manager  | 
execution-manager  | ╔═══════════════════════════════════════════════════════════════╗
execution-manager  | ║           END-TO-END TIMING MEASUREMENT RECAP                 ║
execution-manager  | ║                   Task 1: sum1                                 
execution-manager  | ╠═══════════════════════════════════════════════════════════════╣
execution-manager  | ║ T1 (start_request)    = 739425423.181 ms                        ║
execution-manager  | ║ T2 (end_request)      = 739425423.994 ms                        ║
execution-manager  | ║ T3 (start_result)     = 739427140.877 ms                        ║
execution-manager  | ║ T4 (end_result)       = 739427141.568 ms                        ║
execution-manager  | ╠═══════════════════════════════════════════════════════════════╣
execution-manager  | ║ METRICS:                                                      ║
execution-manager  | ║   Request Latency    =        0.814 ms  (T2 - T1)            ║
execution-manager  | ║   Task Execution     =     1716.883 ms  (T3 - T2)            ║
execution-manager  | ║   Response Latency   =        0.691 ms  (T4 - T3)            ║
execution-manager  | ║   Total End-to-End   =     1718.388 ms  (T4 - T1)            ║
execution-manager  | ║   Network Overhead   =        1.505 ms  (Req + Resp)         ║
execution-manager  | ╚═══════════════════════════════════════════════════════════════╝
execution-manager  | 
execution-manager  | [EPOLL] T=11719 ms: epoll_wait returned 1 event(s)
execution-manager  | [EPOLL] event[0]: type=2 task=NULL
execution-manager  | [SCHEDULER] ✅ T=11719 ms: Task 1 'sum1' completed with status 2
execution-manager  | [SCHEDULER] 🔕 Timeout disarmed for task 1
execution-manager  | [SCHEDULER] 0 tasks remaining
execution-manager  | 
execution-manager  | [SCHEDULER] 🏁 Iteration 44/50 complete!
execution-manager  | [SCHEDULER] Iteration execution time: 11719 ms
execution-manager  | 
execution-manager  | 
execution-manager  | [SCHEDULER] 🔁 ===== ITERATION 45 / 50 =====
execution-manager  | 
execution-manager  | [SCHEDULER] 🚀 Schedule started at T=0
execution-manager  | 
execution-manager  | [SCHEDULER] 🔄 Entering event loop (NO SLEEP - event-driven!)
execution-manager  | 
execution-manager  | [gRPC Client Async] Stream completed, received 1 responses
execution-manager  | [GRPC THREAD 1] Completed
execution-manager  | [EPOLL] T=10000 ms: epoll_wait returned 1 event(s)
execution-manager  | [EPOLL] event[0]: type=0 task=sum1
execution-manager  | [SCHEDULER] ⏰ T=10000 ms | T_wall=739437141.818 ms: Launching task 1 'sum1' (deadline: 30000 ms)
execution-manager  | [SCHEDULER] 🕐 Timeout armed for task 1 at T=30000 ms (in 20000 ms)
execution-manager  | [GRPC THREAD 1] Starting...
execution-manager  | [EXECUTION MANAGER] ⏱️ T1=739437141.997 ms | Sending gRPC request for task 1 'sum1'
execution-manager  | [gRPC Channel Pool] Reusing existing channel for localhost:50051 (state=2)
execution-manager  | [gRPC Client Async] Calling task 'sum1' at localhost:50051
execution-manager  | [gRPC Client Async] Inputs: {"total_ops": 100, "io_percentage": 25}
execution-manager  | [gRPC Client Async] Response #1 - Status: COMPLETED
execution-manager  | 🎉 [T=11719 ms] Task 1 'sum1' COMPLETED
execution-manager  | [EXECUTION MANAGER] ⏱️ T2=739437142.867 ms | Thread started (server measured)
execution-manager  | [EXECUTION MANAGER] ⏱️ T3=739438859.635 ms | Task completed (server measured)
execution-manager  | [EXECUTION MANAGER] ⏱️ T4=739438860.379 ms | Result received by client
execution-manager  |    [TASK EXECUTION] 1716.768 ms (T3-T2, measured in thread)
execution-manager  |    [RESULT] {"result": 0}
execution-manager  | 
execution-manager  | ╔═══════════════════════════════════════════════════════════════╗
execution-manager  | ║           END-TO-END TIMING MEASUREMENT RECAP                 ║
execution-manager  | ║                   Task 1: sum1                                 
execution-manager  | ╠═══════════════════════════════════════════════════════════════╣
execution-manager  | ║ T1 (start_request)    = 739437141.997 ms                        ║
execution-manager  | ║ T2 (end_request)      = 739437142.867 ms                        ║
execution-manager  | ║ T3 (start_result)     = 739438859.635 ms                        ║
execution-manager  | ║ T4 (end_result)       = 739438860.379 ms                        ║
execution-manager  | ╠═══════════════════════════════════════════════════════════════╣
execution-manager  | ║ METRICS:                                                      ║
execution-manager  | ║   Request Latency    =        0.870 ms  (T2 - T1)            ║
execution-manager  | ║   Task Execution     =     1716.768 ms  (T3 - T2)            ║
execution-manager  | ║   Response Latency   =        0.743 ms  (T4 - T3)            ║
execution-manager  | ║   Total End-to-End   =     1718.382 ms  (T4 - T1)            ║
execution-manager  | ║   Network Overhead   =        1.614 ms  (Req + Resp)         ║
execution-manager  | ╚═══════════════════════════════════════════════════════════════╝
execution-manager  | 
execution-manager  | [EPOLL] T=11719 ms: epoll_wait returned 1 event(s)
execution-manager  | [EPOLL] event[0]: type=2 task=NULL
execution-manager  | [SCHEDULER] ✅ T=11719 ms: Task 1 'sum1' completed with status 2
execution-manager  | [SCHEDULER] 🔕 Timeout disarmed for task 1
execution-manager  | [SCHEDULER] 0 tasks remaining
execution-manager  | 
execution-manager  | [SCHEDULER] 🏁 Iteration 45/50 complete!
execution-manager  | [SCHEDULER] Iteration execution time: 11719 ms
execution-manager  | 
execution-manager  | 
execution-manager  | [SCHEDULER] 🔁 ===== ITERATION 46 / 50 =====
execution-manager  | 
execution-manager  | [SCHEDULER] 🚀 Schedule started at T=0
execution-manager  | 
execution-manager  | [SCHEDULER] 🔄 Entering event loop (NO SLEEP - event-driven!)
execution-manager  | 
execution-manager  | [gRPC Client Async] Stream completed, received 1 responses
execution-manager  | [GRPC THREAD 1] Completed
execution-manager  | [EPOLL] T=10000 ms: epoll_wait returned 1 event(s)
execution-manager  | [EPOLL] event[0]: type=0 task=sum1
execution-manager  | [SCHEDULER] ⏰ T=10000 ms | T_wall=739448860.634 ms: Launching task 1 'sum1' (deadline: 30000 ms)
execution-manager  | [SCHEDULER] 🕐 Timeout armed for task 1 at T=30000 ms (in 20000 ms)
execution-manager  | [GRPC THREAD 1] Starting...
execution-manager  | [EXECUTION MANAGER] ⏱️ T1=739448860.821 ms | Sending gRPC request for task 1 'sum1'
execution-manager  | [gRPC Channel Pool] Reusing existing channel for localhost:50051 (state=2)
execution-manager  | [gRPC Client Async] Calling task 'sum1' at localhost:50051
execution-manager  | [gRPC Client Async] Inputs: {"total_ops": 100, "io_percentage": 25}
execution-manager  | [gRPC Client Async] Response #1 - Status: COMPLETED
execution-manager  | 🎉 [T=11719 ms] Task 1 'sum1' COMPLETED
execution-manager  | [EXECUTION MANAGER] ⏱️ T2=739448861.936 ms | Thread started (server measured)
execution-manager  | [EXECUTION MANAGER] ⏱️ T3=739450578.707 ms | Task completed (server measured)
execution-manager  | [EXECUTION MANAGER] ⏱️ T4=739450579.706 ms | Result received by client
execution-manager  |    [TASK EXECUTION] 1716.771 ms (T3-T2, measured in thread)
execution-manager  |    [RESULT] {"result": 0}
execution-manager  | 
execution-manager  | ╔═══════════════════════════════════════════════════════════════╗
execution-manager  | ║           END-TO-END TIMING MEASUREMENT RECAP                 ║
execution-manager  | ║                   Task 1: sum1                                 
execution-manager  | ╠═══════════════════════════════════════════════════════════════╣
execution-manager  | ║ T1 (start_request)    = 739448860.821 ms                        ║
execution-manager  | ║ T2 (end_request)      = 739448861.936 ms                        ║
execution-manager  | ║ T3 (start_result)     = 739450578.707 ms                        ║
execution-manager  | ║ T4 (end_result)       = 739450579.706 ms                        ║
execution-manager  | ╠═══════════════════════════════════════════════════════════════╣
execution-manager  | ║ METRICS:                                                      ║
execution-manager  | ║   Request Latency    =        1.114 ms  (T2 - T1)            ║
execution-manager  | ║   Task Execution     =     1716.771 ms  (T3 - T2)            ║
execution-manager  | ║   Response Latency   =        0.999 ms  (T4 - T3)            ║
execution-manager  | ║   Total End-to-End   =     1718.885 ms  (T4 - T1)            ║
execution-manager  | ║   Network Overhead   =        2.113 ms  (Req + Resp)         ║
execution-manager  | ╚═══════════════════════════════════════════════════════════════╝
execution-manager  | 
execution-manager  | [EPOLL] T=11719 ms: epoll_wait returned 1 event(s)
execution-manager  | [EPOLL] event[0]: type=2 task=NULL
execution-manager  | [SCHEDULER] ✅ T=11719 ms: Task 1 'sum1' completed with status 2
execution-manager  | [SCHEDULER] 🔕 Timeout disarmed for task 1
execution-manager  | [SCHEDULER] 0 tasks remaining
execution-manager  | 
execution-manager  | [SCHEDULER] 🏁 Iteration 46/50 complete!
execution-manager  | [SCHEDULER] Iteration execution time: 11719 ms
execution-manager  | 
execution-manager  | 
execution-manager  | [SCHEDULER] 🔁 ===== ITERATION 47 / 50 =====
execution-manager  | 
execution-manager  | [SCHEDULER] 🚀 Schedule started at T=0
execution-manager  | 
execution-manager  | [SCHEDULER] 🔄 Entering event loop (NO SLEEP - event-driven!)
execution-manager  | 
execution-manager  | [gRPC Client Async] Stream completed, received 1 responses
execution-manager  | [GRPC THREAD 1] Completed
execution-manager  | [EPOLL] T=10000 ms: epoll_wait returned 1 event(s)
execution-manager  | [EPOLL] event[0]: type=0 task=sum1
execution-manager  | [SCHEDULER] ⏰ T=10000 ms | T_wall=739460579.929 ms: Launching task 1 'sum1' (deadline: 30000 ms)
execution-manager  | [SCHEDULER] 🕐 Timeout armed for task 1 at T=30000 ms (in 19999 ms)
execution-manager  | [GRPC THREAD 1] Starting...
execution-manager  | [EXECUTION MANAGER] ⏱️ T1=739460580.159 ms | Sending gRPC request for task 1 'sum1'
execution-manager  | [gRPC Channel Pool] Reusing existing channel for localhost:50051 (state=2)
execution-manager  | [gRPC Client Async] Calling task 'sum1' at localhost:50051
execution-manager  | [gRPC Client Async] Inputs: {"total_ops": 100, "io_percentage": 25}
execution-manager  | [gRPC Client Async] Response #1 - Status: COMPLETED
execution-manager  | 🎉 [T=11720 ms] Task 1 'sum1' COMPLETED
execution-manager  | [EXECUTION MANAGER] ⏱️ T2=739460581.143 ms | Thread started (server measured)
execution-manager  | [EXECUTION MANAGER] ⏱️ T3=739462298.484 ms | Task completed (server measured)
execution-manager  | [EXECUTION MANAGER] ⏱️ T4=739462299.161 ms | Result received by client
execution-manager  |    [TASK EXECUTION] 1717.341 ms (T3-T2, measured in thread)
execution-manager  |    [RESULT] {"result": 0}
execution-manager  | 
execution-manager  | ╔═══════════════════════════════════════════════════════════════╗
execution-manager  | ║           END-TO-END TIMING MEASUREMENT RECAP                 ║
execution-manager  | ║                   Task 1: sum1                                 
execution-manager  | ╠═══════════════════════════════════════════════════════════════╣
execution-manager  | ║ T1 (start_request)    = 739460580.159 ms                        ║
execution-manager  | ║ T2 (end_request)      = 739460581.143 ms                        ║
execution-manager  | ║ T3 (start_result)     = 739462298.484 ms                        ║
execution-manager  | ║ T4 (end_result)       = 739462299.161 ms                        ║
execution-manager  | ╠═══════════════════════════════════════════════════════════════╣
execution-manager  | ║ METRICS:                                                      ║
execution-manager  | ║   Request Latency    =        0.984 ms  (T2 - T1)            ║
execution-manager  | ║   Task Execution     =     1717.341 ms  (T3 - T2)            ║
execution-manager  | ║   Response Latency   =        0.677 ms  (T4 - T3)            ║
execution-manager  | ║   Total End-to-End   =     1719.002 ms  (T4 - T1)            ║
execution-manager  | ║   Network Overhead   =        1.662 ms  (Req + Resp)         ║
execution-manager  | ╚═══════════════════════════════════════════════════════════════╝
execution-manager  | 
execution-manager  | [EPOLL] T=11720 ms: epoll_wait returned 1 event(s)
execution-manager  | [EPOLL] event[0]: type=2 task=NULL
execution-manager  | [SCHEDULER] ✅ T=11720 ms: Task 1 'sum1' completed with status 2
execution-manager  | [SCHEDULER] 🔕 Timeout disarmed for task 1
execution-manager  | [SCHEDULER] 0 tasks remaining
execution-manager  | 
execution-manager  | [SCHEDULER] 🏁 Iteration 47/50 complete!
execution-manager  | [SCHEDULER] Iteration execution time: 11720 ms
execution-manager  | 
execution-manager  | 
execution-manager  | [SCHEDULER] 🔁 ===== ITERATION 48 / 50 =====
execution-manager  | 
execution-manager  | [SCHEDULER] 🚀 Schedule started at T=0
execution-manager  | 
execution-manager  | [SCHEDULER] 🔄 Entering event loop (NO SLEEP - event-driven!)
execution-manager  | 
execution-manager  | [gRPC Client Async] Stream completed, received 1 responses
execution-manager  | [GRPC THREAD 1] Completed
execution-manager  | [EPOLL] T=10000 ms: epoll_wait returned 1 event(s)
execution-manager  | [EPOLL] event[0]: type=0 task=sum1
execution-manager  | [SCHEDULER] ⏰ T=10000 ms | T_wall=739472299.389 ms: Launching task 1 'sum1' (deadline: 30000 ms)
execution-manager  | [SCHEDULER] 🕐 Timeout armed for task 1 at T=30000 ms (in 20000 ms)
execution-manager  | [GRPC THREAD 1] Starting...
execution-manager  | [EXECUTION MANAGER] ⏱️ T1=739472299.607 ms | Sending gRPC request for task 1 'sum1'
execution-manager  | [gRPC Channel Pool] Reusing existing channel for localhost:50051 (state=2)
execution-manager  | [gRPC Client Async] Calling task 'sum1' at localhost:50051
execution-manager  | [gRPC Client Async] Inputs: {"total_ops": 100, "io_percentage": 25}
execution-manager  | [gRPC Client Async] Response #1 - Status: COMPLETED
execution-manager  | 🎉 [T=11718 ms] Task 1 'sum1' COMPLETED
execution-manager  | [EXECUTION MANAGER] ⏱️ T2=739472300.410 ms | Thread started (server measured)
execution-manager  | [EXECUTION MANAGER] ⏱️ T3=739474017.257 ms | Task completed (server measured)
execution-manager  | [EXECUTION MANAGER] ⏱️ T4=739474017.894 ms | Result received by client
execution-manager  |    [TASK EXECUTION] 1716.847 ms (T3-T2, measured in thread)
execution-manager  |    [RESULT] {"result": 0}
execution-manager  | 
execution-manager  | ╔═══════════════════════════════════════════════════════════════╗
execution-manager  | ║           END-TO-END TIMING MEASUREMENT RECAP                 ║
execution-manager  | ║                   Task 1: sum1                                 
execution-manager  | ╠═══════════════════════════════════════════════════════════════╣
execution-manager  | ║ T1 (start_request)    = 739472299.607 ms                        ║
execution-manager  | ║ T2 (end_request)      = 739472300.410 ms                        ║
execution-manager  | ║ T3 (start_result)     = 739474017.257 ms                        ║
execution-manager  | ║ T4 (end_result)       = 739474017.894 ms                        ║
execution-manager  | ╠═══════════════════════════════════════════════════════════════╣
execution-manager  | ║ METRICS:                                                      ║
execution-manager  | ║   Request Latency    =        0.803 ms  (T2 - T1)            ║
execution-manager  | ║   Task Execution     =     1716.847 ms  (T3 - T2)            ║
execution-manager  | ║   Response Latency   =        0.637 ms  (T4 - T3)            ║
execution-manager  | ║   Total End-to-End   =     1718.287 ms  (T4 - T1)            ║
execution-manager  | ║   Network Overhead   =        1.440 ms  (Req + Resp)         ║
execution-manager  | ╚═══════════════════════════════════════════════════════════════╝
execution-manager  | 
execution-manager  | [EPOLL] T=11718 ms: epoll_wait returned 1 event(s)
execution-manager  | [EPOLL] event[0]: type=2 task=NULL
execution-manager  | [SCHEDULER] ✅ T=11719 ms: Task 1 'sum1' completed with status 2
execution-manager  | [SCHEDULER] 🔕 Timeout disarmed for task 1
execution-manager  | [SCHEDULER] 0 tasks remaining
execution-manager  | 
execution-manager  | [SCHEDULER] 🏁 Iteration 48/50 complete!
execution-manager  | [SCHEDULER] Iteration execution time: 11719 ms
execution-manager  | 
execution-manager  | 
execution-manager  | [SCHEDULER] 🔁 ===== ITERATION 49 / 50 =====
execution-manager  | 
execution-manager  | [SCHEDULER] 🚀 Schedule started at T=0
execution-manager  | 
execution-manager  | [SCHEDULER] 🔄 Entering event loop (NO SLEEP - event-driven!)
execution-manager  | 
execution-manager  | [gRPC Client Async] Stream completed, received 1 responses
execution-manager  | [GRPC THREAD 1] Completed
execution-manager  | [EPOLL] T=10000 ms: epoll_wait returned 1 event(s)
execution-manager  | [EPOLL] event[0]: type=0 task=sum1
execution-manager  | [SCHEDULER] ⏰ T=10000 ms | T_wall=739484018.248 ms: Launching task 1 'sum1' (deadline: 30000 ms)
execution-manager  | [SCHEDULER] 🕐 Timeout armed for task 1 at T=30000 ms (in 20000 ms)
execution-manager  | [GRPC THREAD 1] Starting...
execution-manager  | [EXECUTION MANAGER] ⏱️ T1=739484018.418 ms | Sending gRPC request for task 1 'sum1'
execution-manager  | [gRPC Channel Pool] Reusing existing channel for localhost:50051 (state=2)
execution-manager  | [gRPC Client Async] Calling task 'sum1' at localhost:50051
execution-manager  | [gRPC Client Async] Inputs: {"total_ops": 100, "io_percentage": 25}
execution-manager  | [gRPC Client Async] Response #1 - Status: COMPLETED
execution-manager  | 🎉 [T=11718 ms] Task 1 'sum1' COMPLETED
execution-manager  | [EXECUTION MANAGER] ⏱️ T2=739484019.205 ms | Thread started (server measured)
execution-manager  | [EXECUTION MANAGER] ⏱️ T3=739485736.011 ms | Task completed (server measured)
execution-manager  | [EXECUTION MANAGER] ⏱️ T4=739485736.672 ms | Result received by client
execution-manager  |    [TASK EXECUTION] 1716.806 ms (T3-T2, measured in thread)
execution-manager  |    [RESULT] {"result": 0}
execution-manager  | 
execution-manager  | ╔═══════════════════════════════════════════════════════════════╗
execution-manager  | ║           END-TO-END TIMING MEASUREMENT RECAP                 ║
execution-manager  | ║                   Task 1: sum1                                 
execution-manager  | ╠═══════════════════════════════════════════════════════════════╣
execution-manager  | ║ T1 (start_request)    = 739484018.418 ms                        ║
execution-manager  | ║ T2 (end_request)      = 739484019.205 ms                        ║
execution-manager  | ║ T3 (start_result)     = 739485736.011 ms                        ║
execution-manager  | ║ T4 (end_result)       = 739485736.672 ms                        ║
execution-manager  | ╠═══════════════════════════════════════════════════════════════╣
execution-manager  | ║ METRICS:                                                      ║
execution-manager  | ║   Request Latency    =        0.787 ms  (T2 - T1)            ║
execution-manager  | ║   Task Execution     =     1716.806 ms  (T3 - T2)            ║
execution-manager  | ║   Response Latency   =        0.661 ms  (T4 - T3)            ║
execution-manager  | ║   Total End-to-End   =     1718.255 ms  (T4 - T1)            ║
execution-manager  | ║   Network Overhead   =        1.449 ms  (Req + Resp)         ║
execution-manager  | ╚═══════════════════════════════════════════════════════════════╝
execution-manager  | 
execution-manager  | [EPOLL] T=11718 ms: epoll_wait returned 1 event(s)
execution-manager  | [EPOLL] event[0]: type=2 task=NULL
execution-manager  | [SCHEDULER] ✅ T=11718 ms: Task 1 'sum1' completed with status 2
execution-manager  | [SCHEDULER] 🔕 Timeout disarmed for task 1
execution-manager  | [SCHEDULER] 0 tasks remaining
execution-manager  | 
execution-manager  | [SCHEDULER] 🏁 Iteration 49/50 complete!
execution-manager  | [SCHEDULER] Iteration execution time: 11718 ms
execution-manager  | 
execution-manager  | 
execution-manager  | [SCHEDULER] 🔁 ===== ITERATION 50 / 50 =====
execution-manager  | 
execution-manager  | [SCHEDULER] 🚀 Schedule started at T=0
execution-manager  | 
execution-manager  | [SCHEDULER] 🔄 Entering event loop (NO SLEEP - event-driven!)
execution-manager  | 
execution-manager  | [gRPC Client Async] Stream completed, received 1 responses
execution-manager  | [GRPC THREAD 1] Completed
execution-manager  | [EPOLL] T=10000 ms: epoll_wait returned 1 event(s)
execution-manager  | [EPOLL] event[0]: type=0 task=sum1
execution-manager  | [SCHEDULER] ⏰ T=10000 ms | T_wall=739495736.920 ms: Launching task 1 'sum1' (deadline: 30000 ms)
execution-manager  | [SCHEDULER] 🕐 Timeout armed for task 1 at T=30000 ms (in 19999 ms)
execution-manager  | [GRPC THREAD 1] Starting...
execution-manager  | [EXECUTION MANAGER] ⏱️ T1=739495737.102 ms | Sending gRPC request for task 1 'sum1'
execution-manager  | [gRPC Channel Pool] Reusing existing channel for localhost:50051 (state=2)
execution-manager  | [gRPC Client Async] Calling task 'sum1' at localhost:50051
execution-manager  | [gRPC Client Async] Inputs: {"total_ops": 100, "io_percentage": 25}
execution-manager  | [gRPC Client Async] Response #1 - Status: COMPLETED
execution-manager  | 🎉 [T=11719 ms] Task 1 'sum1' COMPLETED
execution-manager  | [EXECUTION MANAGER] ⏱️ T2=739495738.007 ms | Thread started (server measured)
execution-manager  | [EXECUTION MANAGER] ⏱️ T3=739497454.998 ms | Task completed (server measured)
execution-manager  | [EXECUTION MANAGER] ⏱️ T4=739497455.682 ms | Result received by client
execution-manager  |    [TASK EXECUTION] 1716.990 ms (T3-T2, measured in thread)
execution-manager  |    [RESULT] {"result": 0}
execution-manager  | 
execution-manager  | ╔═══════════════════════════════════════════════════════════════╗
execution-manager  | ║           END-TO-END TIMING MEASUREMENT RECAP                 ║
execution-manager  | ║                   Task 1: sum1                                 
execution-manager  | ╠═══════════════════════════════════════════════════════════════╣
execution-manager  | ║ T1 (start_request)    = 739495737.102 ms                        ║
execution-manager  | ║ T2 (end_request)      = 739495738.007 ms                        ║
execution-manager  | ║ T3 (start_result)     = 739497454.998 ms                        ║
execution-manager  | ║ T4 (end_result)       = 739497455.682 ms                        ║
execution-manager  | ╠═══════════════════════════════════════════════════════════════╣
execution-manager  | ║ METRICS:                                                      ║
execution-manager  | ║   Request Latency    =        0.906 ms  (T2 - T1)            ║
execution-manager  | ║   Task Execution     =     1716.990 ms  (T3 - T2)            ║
execution-manager  | ║   Response Latency   =        0.684 ms  (T4 - T3)            ║
execution-manager  | ║   Total End-to-End   =     1718.580 ms  (T4 - T1)            ║
execution-manager  | ║   Network Overhead   =        1.590 ms  (Req + Resp)         ║
execution-manager  | ╚═══════════════════════════════════════════════════════════════╝
execution-manager  | 
execution-manager  | [EPOLL] T=11719 ms: epoll_wait returned 1 event(s)
execution-manager  | [EPOLL] event[0]: type=2 task=NULL
execution-manager  | [SCHEDULER] ✅ T=11719 ms: Task 1 'sum1' completed with status 2
execution-manager  | [SCHEDULER] 🔕 Timeout disarmed for task 1
execution-manager  | [SCHEDULER] 0 tasks remaining
execution-manager  | 
execution-manager  | [SCHEDULER] 🏁 Iteration 50/50 complete!
execution-manager  | [SCHEDULER] Iteration execution time: 11719 ms
execution-manager  | 
execution-manager  | 
execution-manager  | [SCHEDULER] 🏁 All 50 iteration(s) completed!
execution-manager  | [SCHEDULER] Total execution time: 11719 ms
execution-manager  | 
execution-manager  | Test Suite Finished Successfully.
[Kexecution-manager exited with code 0
