 Container execution-manager-grpc  Creating
 Container execution-manager-grpc  Created
Attaching to execution-manager-grpc
execution-manager-grpc  | ============================================
execution-manager-grpc  |    DUAL PRIORITY QUEUE ARCHITECTURE TESTER  
execution-manager-grpc  | ============================================
execution-manager-grpc  | 
execution-manager-grpc  | ✅ Execution Manager running with SCHED_FIFO priority 95
execution-manager-grpc  |    This ensures precise timing and prevents preemption by tasks
execution-manager-grpc  | 
execution-manager-grpc  | 
execution-manager-grpc  | [Redis] Reading schedule from Redis...
execution-manager-grpc  | 
execution-manager-grpc  | === REDIS DATA ===
execution-manager-grpc  | Schedule: Configurable CPU/IO Benchmark (v0.0.0)
execution-manager-grpc  | Number of tasks: 4
execution-manager-grpc  | Iterations: 50
execution-manager-grpc  | 
execution-manager-grpc  | Tasks:
execution-manager-grpc  |   1. Task: sum1
execution-manager-grpc  |      Policy: fifo, Priority: 50, Start: 10 ms
execution-manager-grpc  |      Inputs: {"total_ops": {"type": "int", "value": 800}, "io_percentage": {"type": "int", "value": 50}}
execution-manager-grpc  | 
execution-manager-grpc  |   2. Task: sum2
execution-manager-grpc  |      Policy: fifo, Priority: 65, Start: 11 ms
execution-manager-grpc  |      Inputs: {"total_ops": {"type": "int", "value": 800}, "io_percentage": {"type": "int", "value": 50}}
execution-manager-grpc  | 
execution-manager-grpc  |   3. Task: sum3
execution-manager-grpc  |      Policy: fifo, Priority: 65, Start: 20 ms
execution-manager-grpc  |      Inputs: {"total_ops": {"type": "int", "value": 800}, "io_percentage": {"type": "int", "value": 50}}
execution-manager-grpc  | 
execution-manager-grpc  |   4. Task: sum4
execution-manager-grpc  |      Policy: fifo, Priority: 50, Start: 21 ms
execution-manager-grpc  |      Inputs: {"total_ops": {"type": "int", "value": 800}, "io_percentage": {"type": "int", "value": 50}}
execution-manager-grpc  | 
execution-manager-grpc  | ==================
execution-manager-grpc  | 
execution-manager-grpc  | 
execution-manager-grpc  | ============================================
execution-manager-grpc  |    REAL-TIME EVENT-DRIVEN SCHEDULER
execution-manager-grpc  | ============================================
execution-manager-grpc  | 
execution-manager-grpc  | [SCHEDULER] 🚀 Loading schedule: 4 task(s), 50 iteration(s)
execution-manager-grpc  | 
execution-manager-grpc  | [SCHEDULER] DEBUG - Task 1: start_time=10 s, deadline=40 s (parsed from Redis)
execution-manager-grpc  | [SCHEDULER] 📋 Task 1 'sum1': start=10000 ms, deadline=40000 ms
execution-manager-grpc  | [SCHEDULER] DEBUG - Task 2: start_time=11 s, deadline=41 s (parsed from Redis)
execution-manager-grpc  | [SCHEDULER] 📋 Task 2 'sum2': start=11000 ms, deadline=41000 ms
execution-manager-grpc  | [SCHEDULER] DEBUG - Task 3: start_time=20 s, deadline=50 s (parsed from Redis)
execution-manager-grpc  | [SCHEDULER] 📋 Task 3 'sum3': start=20000 ms, deadline=50000 ms
execution-manager-grpc  | [SCHEDULER] DEBUG - Task 4: start_time=21 s, deadline=51 s (parsed from Redis)
execution-manager-grpc  | [SCHEDULER] 📋 Task 4 'sum4': start=21000 ms, deadline=51000 ms
execution-manager-grpc  | 
execution-manager-grpc  | [SCHEDULER] 🔁 ===== ITERATION 1 / 50 =====
execution-manager-grpc  | 
execution-manager-grpc  | [SCHEDULER] 🚀 Schedule started at T=0
execution-manager-grpc  | 
execution-manager-grpc  | [SCHEDULER] 🔄 Entering event loop (NO SLEEP - event-driven!)
execution-manager-grpc  | 
execution-manager-grpc  | [EPOLL] T=10000 ms: epoll_wait returned 1 event(s)
execution-manager-grpc  | [EPOLL] event[0]: type=0 task=sum1
execution-manager-grpc  | [SCHEDULER] ⏰ T=10000 ms | T_wall=808545583.898 ms: Launching task 1 'sum1' (deadline: 40000 ms)
execution-manager-grpc  | [SCHEDULER] 🕐 Timeout armed for task 1 at T=40000 ms (in 30000 ms)
execution-manager-grpc  | [GRPC THREAD 1] Starting...
execution-manager-grpc  | [EXECUTION MANAGER] ⏱️ T1=808545584.024 ms | Sending gRPC request for task 1 'sum1'
execution-manager-grpc  | [gRPC Channel Pool] Creating new channel for localhost:50051
execution-manager-grpc  | [gRPC Client Async] Calling task 'sum1' at localhost:50051
execution-manager-grpc  | [gRPC Client Async] Inputs: {"total_ops": 800, "io_percentage": 50}
execution-manager-grpc  | [EPOLL] T=11000 ms: epoll_wait returned 1 event(s)
execution-manager-grpc  | [EPOLL] event[0]: type=0 task=sum2
execution-manager-grpc  | [SCHEDULER] ⏰ T=11000 ms | T_wall=808546583.909 ms: Launching task 2 'sum2' (deadline: 41000 ms)
execution-manager-grpc  | [SCHEDULER] 🕐 Timeout armed for task 2 at T=41000 ms (in 29999 ms)
execution-manager-grpc  | [GRPC THREAD 2] Starting...
execution-manager-grpc  | [EXECUTION MANAGER] ⏱️ T1=808546584.041 ms | Sending gRPC request for task 2 'sum2'
execution-manager-grpc  | [gRPC Channel Pool] Creating new channel for localhost:50052
execution-manager-grpc  | [gRPC Client Async] Calling task 'sum2' at localhost:50052
execution-manager-grpc  | [gRPC Client Async] Inputs: {"total_ops": 800, "io_percentage": 50}
execution-manager-grpc  | [gRPC Client Async] Response #1 - Status: COMPLETED
execution-manager-grpc  | 🎉 [T=13201 ms] Task 2 'sum2' COMPLETED
execution-manager-grpc  | [EXECUTION MANAGER] ⏱️ T2=808546592.698 ms | Thread started (server measured)
execution-manager-grpc  | [EXECUTION MANAGER] ⏱️ T3=808548784.078 ms | Task completed (server measured)
execution-manager-grpc  | [EXECUTION MANAGER] ⏱️ T4=808548784.636 ms | Result received by client
execution-manager-grpc  |    [TASK EXECUTION] 2191.380 ms (T3-T2, measured in thread)
execution-manager-grpc  |    [RESULT] {"result": 0}
execution-manager-grpc  | 
execution-manager-grpc  | ╔═══════════════════════════════════════════════════════════════╗
execution-manager-grpc  | ║           END-TO-END TIMING MEASUREMENT RECAP                 ║
execution-manager-grpc  | ║                   Task 2: sum2                                 
execution-manager-grpc  | ╠═══════════════════════════════════════════════════════════════╣
execution-manager-grpc  | ║ T1 (start_request)    = 808546584.041 ms                        ║
execution-manager-grpc  | ║ T2 (end_request)      = 808546592.698 ms                        ║
execution-manager-grpc  | ║ T3 (start_result)     = 808548784.078 ms                        ║
execution-manager-grpc  | ║ T4 (end_result)       = 808548784.636 ms                        ║
execution-manager-grpc  | ╠═══════════════════════════════════════════════════════════════╣
execution-manager-grpc  | ║ METRICS:                                                      ║
execution-manager-grpc  | ║   Request Latency    =        8.657 ms  (T2 - T1)            ║
execution-manager-grpc  | ║   Task Execution     =     2191.380 ms  (T3 - T2)            ║
execution-manager-grpc  | ║   Response Latency   =        0.558 ms  (T4 - T3)            ║
execution-manager-grpc  | ║   Total End-to-End   =     2200.595 ms  (T4 - T1)            ║
execution-manager-grpc  | ║   Network Overhead   =        9.215 ms  (Req + Resp)         ║
execution-manager-grpc  | ╚═══════════════════════════════════════════════════════════════╝
execution-manager-grpc  | 
execution-manager-grpc  | [EPOLL] T=13201 ms: epoll_wait returned 1 event(s)
execution-manager-grpc  | [EPOLL] event[0]: type=2 task=NULL
execution-manager-grpc  | [SCHEDULER] ✅ T=13201 ms: Task 2 'sum2' completed with status 2
execution-manager-grpc  | [SCHEDULER] 🔕 Timeout disarmed for task 2
execution-manager-grpc  | [SCHEDULER] 3 tasks remaining
execution-manager-grpc  | [gRPC Client Async] Stream completed, received 1 responses
execution-manager-grpc  | [GRPC THREAD 2] Completed
execution-manager-grpc  | [gRPC Client Async] Response #1 - Status: COMPLETED
execution-manager-grpc  | 🎉 [T=14383 ms] Task 1 'sum1' COMPLETED
execution-manager-grpc  | [EXECUTION MANAGER] ⏱️ T2=808545594.371 ms | Thread started (server measured)
execution-manager-grpc  | [EXECUTION MANAGER] ⏱️ T3=808549965.457 ms | Task completed (server measured)
execution-manager-grpc  | [EXECUTION MANAGER] ⏱️ T4=808549966.006 ms | Result received by client
execution-manager-grpc  |    [TASK EXECUTION] 4371.087 ms (T3-T2, measured in thread)
execution-manager-grpc  |    [RESULT] {"result": 0}
execution-manager-grpc  | 
execution-manager-grpc  | ╔═══════════════════════════════════════════════════════════════╗
execution-manager-grpc  | ║           END-TO-END TIMING MEASUREMENT RECAP                 ║
execution-manager-grpc  | ║                   Task 1: sum1                                 
execution-manager-grpc  | ╠═══════════════════════════════════════════════════════════════╣
execution-manager-grpc  | ║ T1 (start_request)    = 808545584.024 ms                        ║
execution-manager-grpc  | ║ T2 (end_request)      = 808545594.371 ms                        ║
execution-manager-grpc  | ║ T3 (start_result)     = 808549965.457 ms                        ║
execution-manager-grpc  | ║ T4 (end_result)       = 808549966.006 ms                        ║
execution-manager-grpc  | ╠═══════════════════════════════════════════════════════════════╣
execution-manager-grpc  | ║ METRICS:                                                      ║
execution-manager-grpc  | ║   Request Latency    =       10.347 ms  (T2 - T1)            ║
execution-manager-grpc  | ║   Task Execution     =     4371.087 ms  (T3 - T2)            ║
execution-manager-grpc  | ║   Response Latency   =        0.549 ms  (T4 - T3)            ║
execution-manager-grpc  | ║   Total End-to-End   =     4381.982 ms  (T4 - T1)            ║
execution-manager-grpc  | ║   Network Overhead   =       10.895 ms  (Req + Resp)         ║
execution-manager-grpc  | ╚═══════════════════════════════════════════════════════════════╝
execution-manager-grpc  | 
execution-manager-grpc  | [EPOLL] T=14383 ms: epoll_wait returned 1 event(s)
execution-manager-grpc  | [EPOLL] event[0]: type=2 task=NULL
execution-manager-grpc  | [SCHEDULER] ✅ T=14383 ms: Task 1 'sum1' completed with status 2
execution-manager-grpc  | [SCHEDULER] 🔕 Timeout disarmed for task 1
execution-manager-grpc  | [SCHEDULER] 2 tasks remaining
execution-manager-grpc  | [gRPC Client Async] Stream completed, received 1 responses
execution-manager-grpc  | [GRPC THREAD 1] Completed
execution-manager-grpc  | [EPOLL] T=20000 ms: epoll_wait returned 1 event(s)
execution-manager-grpc  | [EPOLL] event[0]: type=0 task=sum3
execution-manager-grpc  | [SCHEDULER] ⏰ T=20000 ms | T_wall=808555583.918 ms: Launching task 3 'sum3' (deadline: 50000 ms)
execution-manager-grpc  | [SCHEDULER] 🕐 Timeout armed for task 3 at T=50000 ms (in 30000 ms)
execution-manager-grpc  | [GRPC THREAD 3] Starting...
execution-manager-grpc  | [EXECUTION MANAGER] ⏱️ T1=808555584.004 ms | Sending gRPC request for task 3 'sum3'
execution-manager-grpc  | [gRPC Channel Pool] Creating new channel for localhost:50053
execution-manager-grpc  | [gRPC Client Async] Calling task 'sum3' at localhost:50053
execution-manager-grpc  | [gRPC Client Async] Inputs: {"total_ops": 800, "io_percentage": 50}
execution-manager-grpc  | [EPOLL] T=21000 ms: epoll_wait returned 1 event(s)
execution-manager-grpc  | [EPOLL] event[0]: type=0 task=sum4
execution-manager-grpc  | [SCHEDULER] ⏰ T=21000 ms | T_wall=808556583.924 ms: Launching task 4 'sum4' (deadline: 51000 ms)
execution-manager-grpc  | [SCHEDULER] 🕐 Timeout armed for task 4 at T=51000 ms (in 29999 ms)
execution-manager-grpc  | [GRPC THREAD 4] Starting...
execution-manager-grpc  | [EXECUTION MANAGER] ⏱️ T1=808556584.059 ms | Sending gRPC request for task 4 'sum4'
execution-manager-grpc  | [gRPC Channel Pool] Creating new channel for localhost:50054
execution-manager-grpc  | [gRPC Client Async] Calling task 'sum4' at localhost:50054
execution-manager-grpc  | [gRPC Client Async] Inputs: {"total_ops": 800, "io_percentage": 50}
execution-manager-grpc  | [gRPC Client Async] Response #1 - Status: COMPLETED
execution-manager-grpc  | 🎉 [T=22199 ms] Task 3 'sum3' COMPLETED
execution-manager-grpc  | [EXECUTION MANAGER] ⏱️ T2=808555593.041 ms | Thread started (server measured)
execution-manager-grpc  | [EXECUTION MANAGER] ⏱️ T3=808557781.669 ms | Task completed (server measured)
execution-manager-grpc  | [EXECUTION MANAGER] ⏱️ T4=808557782.229 ms | Result received by client
execution-manager-grpc  |    [TASK EXECUTION] 2188.628 ms (T3-T2, measured in thread)
execution-manager-grpc  |    [RESULT] {"result": 0}
execution-manager-grpc  | 
execution-manager-grpc  | ╔═══════════════════════════════════════════════════════════════╗
execution-manager-grpc  | ║           END-TO-END TIMING MEASUREMENT RECAP                 ║
execution-manager-grpc  | ║                   Task 3: sum3                                 
execution-manager-grpc  | ╠═══════════════════════════════════════════════════════════════╣
execution-manager-grpc  | ║ T1 (start_request)    = 808555584.004 ms                        ║
execution-manager-grpc  | ║ T2 (end_request)      = 808555593.041 ms                        ║
execution-manager-grpc  | ║ T3 (start_result)     = 808557781.669 ms                        ║
execution-manager-grpc  | ║ T4 (end_result)       = 808557782.229 ms                        ║
execution-manager-grpc  | ╠═══════════════════════════════════════════════════════════════╣
execution-manager-grpc  | ║ METRICS:                                                      ║
execution-manager-grpc  | ║   Request Latency    =        9.037 ms  (T2 - T1)            ║
execution-manager-grpc  | ║   Task Execution     =     2188.628 ms  (T3 - T2)            ║
execution-manager-grpc  | ║   Response Latency   =        0.560 ms  (T4 - T3)            ║
execution-manager-grpc  | ║   Total End-to-End   =     2198.224 ms  (T4 - T1)            ║
execution-manager-grpc  | ║   Network Overhead   =        9.597 ms  (Req + Resp)         ║
execution-manager-grpc  | ╚═══════════════════════════════════════════════════════════════╝
execution-manager-grpc  | 
execution-manager-grpc  | [EPOLL] T=22199 ms: epoll_wait returned 1 event(s)
execution-manager-grpc  | [EPOLL] event[0]: type=2 task=NULL
execution-manager-grpc  | [SCHEDULER] ✅ T=22199 ms: Task 3 'sum3' completed with status 2
execution-manager-grpc  | [SCHEDULER] 🔕 Timeout disarmed for task 3
execution-manager-grpc  | [SCHEDULER] 1 tasks remaining
execution-manager-grpc  | [gRPC Client Async] Stream completed, received 1 responses
execution-manager-grpc  | [GRPC THREAD 3] Completed
execution-manager-grpc  | [gRPC Client Async] Response #1 - Status: COMPLETED
execution-manager-grpc  | 🎉 [T=24391 ms] Task 4 'sum4' COMPLETED
execution-manager-grpc  | [EXECUTION MANAGER] ⏱️ T2=808557781.723 ms | Thread started (server measured)
execution-manager-grpc  | [EXECUTION MANAGER] ⏱️ T3=808559970.432 ms | Task completed (server measured)
execution-manager-grpc  | [EXECUTION MANAGER] ⏱️ T4=808559974.621 ms | Result received by client
execution-manager-grpc  |    [TASK EXECUTION] 2188.708 ms (T3-T2, measured in thread)
execution-manager-grpc  |    [RESULT] {"result": 0}
execution-manager-grpc  | 
execution-manager-grpc  | ╔═══════════════════════════════════════════════════════════════╗
execution-manager-grpc  | ║           END-TO-END TIMING MEASUREMENT RECAP                 ║
execution-manager-grpc  | ║                   Task 4: sum4                                 
execution-manager-grpc  | ╠═══════════════════════════════════════════════════════════════╣
execution-manager-grpc  | ║ T1 (start_request)    = 808556584.059 ms                        ║
execution-manager-grpc  | ║ T2 (end_request)      = 808557781.723 ms                        ║
execution-manager-grpc  | ║ T3 (start_result)     = 808559970.432 ms                        ║
execution-manager-grpc  | ║ T4 (end_result)       = 808559974.621 ms                        ║
execution-manager-grpc  | ╠═══════════════════════════════════════════════════════════════╣
execution-manager-grpc  | ║ METRICS:                                                      ║
execution-manager-grpc  | ║   Request Latency    =     1197.664 ms  (T2 - T1)            ║
execution-manager-grpc  | ║   Task Execution     =     2188.708 ms  (T3 - T2)            ║
execution-manager-grpc  | ║   Response Latency   =        4.189 ms  (T4 - T3)            ║
execution-manager-grpc  | ║   Total End-to-End   =     3390.562 ms  (T4 - T1)            ║
execution-manager-grpc  | ║   Network Overhead   =     1201.853 ms  (Req + Resp)         ║
execution-manager-grpc  | ╚═══════════════════════════════════════════════════════════════╝
execution-manager-grpc  | 
execution-manager-grpc  | [EPOLL] T=24391 ms: epoll_wait returned 1 event(s)
execution-manager-grpc  | [EPOLL] event[0]: type=2 task=NULL
execution-manager-grpc  | [SCHEDULER] ✅ T=24391 ms: Task 4 'sum4' completed with status 2
execution-manager-grpc  | [SCHEDULER] 🔕 Timeout disarmed for task 4
execution-manager-grpc  | [SCHEDULER] 0 tasks remaining
execution-manager-grpc  | 
execution-manager-grpc  | [SCHEDULER] 🏁 Iteration 1/50 complete!
execution-manager-grpc  | [SCHEDULER] Iteration execution time: 24391 ms
execution-manager-grpc  | 
execution-manager-grpc  | 
execution-manager-grpc  | [SCHEDULER] 🔁 ===== ITERATION 2 / 50 =====
execution-manager-grpc  | 
execution-manager-grpc  | [SCHEDULER] 🚀 Schedule started at T=0
execution-manager-grpc  | 
execution-manager-grpc  | [SCHEDULER] 🔄 Entering event loop (NO SLEEP - event-driven!)
execution-manager-grpc  | 
execution-manager-grpc  | [gRPC Client Async] Stream completed, received 1 responses
execution-manager-grpc  | [GRPC THREAD 4] Completed
execution-manager-grpc  | [EPOLL] T=10006 ms: epoll_wait returned 1 event(s)
execution-manager-grpc  | [EPOLL] event[0]: type=0 task=sum1
execution-manager-grpc  | [SCHEDULER] ⏰ T=10006 ms | T_wall=808569980.584 ms: Launching task 1 'sum1' (deadline: 40000 ms)
execution-manager-grpc  | [SCHEDULER] 🕐 Timeout armed for task 1 at T=40000 ms (in 29994 ms)
execution-manager-grpc  | [GRPC THREAD 1] Starting...
execution-manager-grpc  | [EXECUTION MANAGER] ⏱️ T1=808569980.686 ms | Sending gRPC request for task 1 'sum1'
execution-manager-grpc  | [gRPC Channel Pool] Reusing existing channel for localhost:50051 (state=2)
execution-manager-grpc  | [gRPC Client Async] Calling task 'sum1' at localhost:50051
execution-manager-grpc  | [gRPC Client Async] Inputs: {"total_ops": 800, "io_percentage": 50}
execution-manager-grpc  | [EPOLL] T=11000 ms: epoll_wait returned 1 event(s)
execution-manager-grpc  | [EPOLL] event[0]: type=0 task=sum2
execution-manager-grpc  | [SCHEDULER] ⏰ T=11000 ms | T_wall=808570974.767 ms: Launching task 2 'sum2' (deadline: 41000 ms)
execution-manager-grpc  | [SCHEDULER] 🕐 Timeout armed for task 2 at T=41000 ms (in 30000 ms)
execution-manager-grpc  | [GRPC THREAD 2] Starting...
execution-manager-grpc  | [EXECUTION MANAGER] ⏱️ T1=808570974.865 ms | Sending gRPC request for task 2 'sum2'
execution-manager-grpc  | [gRPC Channel Pool] Reusing existing channel for localhost:50052 (state=2)
execution-manager-grpc  | [gRPC Client Async] Calling task 'sum2' at localhost:50052
execution-manager-grpc  | [gRPC Client Async] Inputs: {"total_ops": 800, "io_percentage": 50}
execution-manager-grpc  | [gRPC Client Async] Response #1 - Status: COMPLETED
execution-manager-grpc  | 🎉 [T=13190 ms] Task 2 'sum2' COMPLETED
execution-manager-grpc  | [EXECUTION MANAGER] ⏱️ T2=808570975.457 ms | Thread started (server measured)
execution-manager-grpc  | [EXECUTION MANAGER] ⏱️ T3=808573164.072 ms | Task completed (server measured)
execution-manager-grpc  | [EXECUTION MANAGER] ⏱️ T4=808573164.613 ms | Result received by client
execution-manager-grpc  |    [TASK EXECUTION] 2188.615 ms (T3-T2, measured in thread)
execution-manager-grpc  |    [RESULT] {"result": 0}
execution-manager-grpc  | 
execution-manager-grpc  | ╔═══════════════════════════════════════════════════════════════╗
execution-manager-grpc  | ║           END-TO-END TIMING MEASUREMENT RECAP                 ║
execution-manager-grpc  | ║                   Task 2: sum2                                 
execution-manager-grpc  | ╠═══════════════════════════════════════════════════════════════╣
execution-manager-grpc  | ║ T1 (start_request)    = 808570974.865 ms                        ║
execution-manager-grpc  | ║ T2 (end_request)      = 808570975.457 ms                        ║
execution-manager-grpc  | ║ T3 (start_result)     = 808573164.072 ms                        ║
execution-manager-grpc  | ║ T4 (end_result)       = 808573164.613 ms                        ║
execution-manager-grpc  | ╠═══════════════════════════════════════════════════════════════╣
execution-manager-grpc  | ║ METRICS:                                                      ║
execution-manager-grpc  | ║   Request Latency    =        0.592 ms  (T2 - T1)            ║
execution-manager-grpc  | ║   Task Execution     =     2188.615 ms  (T3 - T2)            ║
execution-manager-grpc  | ║   Response Latency   =        0.540 ms  (T4 - T3)            ║
execution-manager-grpc  | ║   Total End-to-End   =     2189.747 ms  (T4 - T1)            ║
execution-manager-grpc  | ║   Network Overhead   =        1.133 ms  (Req + Resp)         ║
execution-manager-grpc  | ╚═══════════════════════════════════════════════════════════════╝
execution-manager-grpc  | 
execution-manager-grpc  | [EPOLL] T=13190 ms: epoll_wait returned 1 event(s)
execution-manager-grpc  | [EPOLL] event[0]: type=2 task=NULL
execution-manager-grpc  | [SCHEDULER] ✅ T=13190 ms: Task 2 'sum2' completed with status 2
execution-manager-grpc  | [SCHEDULER] 🔕 Timeout disarmed for task 2
execution-manager-grpc  | [SCHEDULER] 3 tasks remaining
execution-manager-grpc  | [gRPC Client Async] Stream completed, received 1 responses
execution-manager-grpc  | [GRPC THREAD 2] Completed
execution-manager-grpc  | [gRPC Client Async] Response #1 - Status: COMPLETED
execution-manager-grpc  | 🎉 [T=14375 ms] Task 1 'sum1' COMPLETED
execution-manager-grpc  | [EXECUTION MANAGER] ⏱️ T2=808569981.647 ms | Thread started (server measured)
execution-manager-grpc  | [EXECUTION MANAGER] ⏱️ T3=808574348.958 ms | Task completed (server measured)
execution-manager-grpc  | [EXECUTION MANAGER] ⏱️ T4=808574349.455 ms | Result received by client
execution-manager-grpc  |    [TASK EXECUTION] 4367.311 ms (T3-T2, measured in thread)
execution-manager-grpc  |    [RESULT] {"result": 0}
execution-manager-grpc  | 
execution-manager-grpc  | ╔═══════════════════════════════════════════════════════════════╗
execution-manager-grpc  | ║           END-TO-END TIMING MEASUREMENT RECAP                 ║
execution-manager-grpc  | ║                   Task 1: sum1                                 
execution-manager-grpc  | ╠═══════════════════════════════════════════════════════════════╣
execution-manager-grpc  | ║ T1 (start_request)    = 808569980.686 ms                        ║
execution-manager-grpc  | ║ T2 (end_request)      = 808569981.647 ms                        ║
execution-manager-grpc  | ║ T3 (start_result)     = 808574348.958 ms                        ║
execution-manager-grpc  | ║ T4 (end_result)       = 808574349.455 ms                        ║
execution-manager-grpc  | ╠═══════════════════════════════════════════════════════════════╣
execution-manager-grpc  | ║ METRICS:                                                      ║
execution-manager-grpc  | ║   Request Latency    =        0.961 ms  (T2 - T1)            ║
execution-manager-grpc  | ║   Task Execution     =     4367.311 ms  (T3 - T2)            ║
execution-manager-grpc  | ║   Response Latency   =        0.497 ms  (T4 - T3)            ║
execution-manager-grpc  | ║   Total End-to-End   =     4368.769 ms  (T4 - T1)            ║
execution-manager-grpc  | ║   Network Overhead   =        1.459 ms  (Req + Resp)         ║
execution-manager-grpc  | ╚═══════════════════════════════════════════════════════════════╝
execution-manager-grpc  | 
execution-manager-grpc  | [EPOLL] T=14375 ms: epoll_wait returned 1 event(s)
execution-manager-grpc  | [EPOLL] event[0]: type=2 task=NULL
execution-manager-grpc  | [SCHEDULER] ✅ T=14375 ms: Task 1 'sum1' completed with status 2
execution-manager-grpc  | [SCHEDULER] 🔕 Timeout disarmed for task 1
execution-manager-grpc  | [SCHEDULER] 2 tasks remaining
execution-manager-grpc  | [gRPC Client Async] Stream completed, received 1 responses
execution-manager-grpc  | [GRPC THREAD 1] Completed
execution-manager-grpc  | [EPOLL] T=20000 ms: epoll_wait returned 1 event(s)
execution-manager-grpc  | [EPOLL] event[0]: type=0 task=sum3
execution-manager-grpc  | [SCHEDULER] ⏰ T=20000 ms | T_wall=808579974.780 ms: Launching task 3 'sum3' (deadline: 50000 ms)
execution-manager-grpc  | [SCHEDULER] 🕐 Timeout armed for task 3 at T=50000 ms (in 30000 ms)
execution-manager-grpc  | [GRPC THREAD 3] Starting...
execution-manager-grpc  | [EXECUTION MANAGER] ⏱️ T1=808579974.863 ms | Sending gRPC request for task 3 'sum3'
execution-manager-grpc  | [gRPC Channel Pool] Reusing existing channel for localhost:50053 (state=2)
execution-manager-grpc  | [gRPC Client Async] Calling task 'sum3' at localhost:50053
execution-manager-grpc  | [gRPC Client Async] Inputs: {"total_ops": 800, "io_percentage": 50}
execution-manager-grpc  | [EPOLL] T=21000 ms: epoll_wait returned 1 event(s)
execution-manager-grpc  | [EPOLL] event[0]: type=0 task=sum4
execution-manager-grpc  | [SCHEDULER] ⏰ T=21000 ms | T_wall=808580974.785 ms: Launching task 4 'sum4' (deadline: 51000 ms)
execution-manager-grpc  | [SCHEDULER] 🕐 Timeout armed for task 4 at T=51000 ms (in 30000 ms)
execution-manager-grpc  | [GRPC THREAD 4] Starting...
execution-manager-grpc  | [EXECUTION MANAGER] ⏱️ T1=808580974.898 ms | Sending gRPC request for task 4 'sum4'
execution-manager-grpc  | [gRPC Channel Pool] Reusing existing channel for localhost:50054 (state=2)
execution-manager-grpc  | [gRPC Client Async] Calling task 'sum4' at localhost:50054
execution-manager-grpc  | [gRPC Client Async] Inputs: {"total_ops": 800, "io_percentage": 50}
execution-manager-grpc  | [gRPC Client Async] Response #1 - Status: COMPLETED
execution-manager-grpc  | 🎉 [T=22190 ms] Task 3 'sum3' COMPLETED
execution-manager-grpc  | [EXECUTION MANAGER] ⏱️ T2=808579975.372 ms | Thread started (server measured)
execution-manager-grpc  | [EXECUTION MANAGER] ⏱️ T3=808582163.840 ms | Task completed (server measured)
execution-manager-grpc  | [EXECUTION MANAGER] ⏱️ T4=808582164.306 ms | Result received by client
execution-manager-grpc  |    [TASK EXECUTION] 2188.468 ms (T3-T2, measured in thread)
execution-manager-grpc  |    [RESULT] {"result": 0}
execution-manager-grpc  | 
execution-manager-grpc  | ╔═══════════════════════════════════════════════════════════════╗
execution-manager-grpc  | ║           END-TO-END TIMING MEASUREMENT RECAP                 ║
execution-manager-grpc  | ║                   Task 3: sum3                                 
execution-manager-grpc  | ╠═══════════════════════════════════════════════════════════════╣
execution-manager-grpc  | ║ T1 (start_request)    = 808579974.863 ms                        ║
execution-manager-grpc  | ║ T2 (end_request)      = 808579975.372 ms                        ║
execution-manager-grpc  | ║ T3 (start_result)     = 808582163.840 ms                        ║
execution-manager-grpc  | ║ T4 (end_result)       = 808582164.306 ms                        ║
execution-manager-grpc  | ╠═══════════════════════════════════════════════════════════════╣
execution-manager-grpc  | ║ METRICS:                                                      ║
execution-manager-grpc  | ║   Request Latency    =        0.509 ms  (T2 - T1)            ║
execution-manager-grpc  | ║   Task Execution     =     2188.468 ms  (T3 - T2)            ║
execution-manager-grpc  | ║   Response Latency   =        0.466 ms  (T4 - T3)            ║
execution-manager-grpc  | ║   Total End-to-End   =     2189.443 ms  (T4 - T1)            ║
execution-manager-grpc  | ║   Network Overhead   =        0.975 ms  (Req + Resp)         ║
execution-manager-grpc  | ╚═══════════════════════════════════════════════════════════════╝
execution-manager-grpc  | 
execution-manager-grpc  | [EPOLL] T=22190 ms: epoll_wait returned 1 event(s)
execution-manager-grpc  | [EPOLL] event[0]: type=2 task=NULL
execution-manager-grpc  | [SCHEDULER] ✅ T=22190 ms: Task 3 'sum3' completed with status 2
execution-manager-grpc  | [SCHEDULER] 🔕 Timeout disarmed for task 3
execution-manager-grpc  | [SCHEDULER] 1 tasks remaining
execution-manager-grpc  | [gRPC Client Async] Stream completed, received 1 responses
execution-manager-grpc  | [GRPC THREAD 3] Completed
execution-manager-grpc  | [gRPC Client Async] Response #1 - Status: COMPLETED
execution-manager-grpc  | 🎉 [T=24379 ms] Task 4 'sum4' COMPLETED
execution-manager-grpc  | [EXECUTION MANAGER] ⏱️ T2=808582163.890 ms | Thread started (server measured)
execution-manager-grpc  | [EXECUTION MANAGER] ⏱️ T3=808584353.178 ms | Task completed (server measured)
execution-manager-grpc  | [EXECUTION MANAGER] ⏱️ T4=808584353.592 ms | Result received by client
execution-manager-grpc  |    [TASK EXECUTION] 2189.288 ms (T3-T2, measured in thread)
execution-manager-grpc  |    [RESULT] {"result": 0}
execution-manager-grpc  | 
execution-manager-grpc  | ╔═══════════════════════════════════════════════════════════════╗
execution-manager-grpc  | ║           END-TO-END TIMING MEASUREMENT RECAP                 ║
execution-manager-grpc  | ║                   Task 4: sum4                                 
execution-manager-grpc  | ╠═══════════════════════════════════════════════════════════════╣
execution-manager-grpc  | ║ T1 (start_request)    = 808580974.898 ms                        ║
execution-manager-grpc  | ║ T2 (end_request)      = 808582163.890 ms                        ║
execution-manager-grpc  | ║ T3 (start_result)     = 808584353.178 ms                        ║
execution-manager-grpc  | ║ T4 (end_result)       = 808584353.592 ms                        ║
execution-manager-grpc  | ╠═══════════════════════════════════════════════════════════════╣
execution-manager-grpc  | ║ METRICS:                                                      ║
execution-manager-grpc  | ║   Request Latency    =     1188.993 ms  (T2 - T1)            ║
execution-manager-grpc  | ║   Task Execution     =     2189.288 ms  (T3 - T2)            ║
execution-manager-grpc  | ║   Response Latency   =        0.414 ms  (T4 - T3)            ║
execution-manager-grpc  | ║   Total End-to-End   =     3378.694 ms  (T4 - T1)            ║
execution-manager-grpc  | ║   Network Overhead   =     1189.407 ms  (Req + Resp)         ║
execution-manager-grpc  | ╚═══════════════════════════════════════════════════════════════╝
execution-manager-grpc  | 
execution-manager-grpc  | [EPOLL] T=24379 ms: epoll_wait returned 1 event(s)
execution-manager-grpc  | [EPOLL] event[0]: type=2 task=NULL
execution-manager-grpc  | [SCHEDULER] ✅ T=24379 ms: Task 4 'sum4' completed with status 2
execution-manager-grpc  | [SCHEDULER] 🔕 Timeout disarmed for task 4
execution-manager-grpc  | [SCHEDULER] 0 tasks remaining
execution-manager-grpc  | 
execution-manager-grpc  | [SCHEDULER] 🏁 Iteration 2/50 complete!
execution-manager-grpc  | [SCHEDULER] Iteration execution time: 24379 ms
execution-manager-grpc  | 
execution-manager-grpc  | 
execution-manager-grpc  | [SCHEDULER] 🔁 ===== ITERATION 3 / 50 =====
execution-manager-grpc  | 
execution-manager-grpc  | [SCHEDULER] 🚀 Schedule started at T=0
execution-manager-grpc  | 
execution-manager-grpc  | [SCHEDULER] 🔄 Entering event loop (NO SLEEP - event-driven!)
execution-manager-grpc  | 
execution-manager-grpc  | [gRPC Client Async] Stream completed, received 1 responses
execution-manager-grpc  | [GRPC THREAD 4] Completed
execution-manager-grpc  | [EPOLL] T=10000 ms: epoll_wait returned 1 event(s)
execution-manager-grpc  | [EPOLL] event[0]: type=0 task=sum1
execution-manager-grpc  | [SCHEDULER] ⏰ T=10000 ms | T_wall=808594353.722 ms: Launching task 1 'sum1' (deadline: 40000 ms)
execution-manager-grpc  | [SCHEDULER] 🕐 Timeout armed for task 1 at T=40000 ms (in 30000 ms)
execution-manager-grpc  | [GRPC THREAD 1] Starting...
execution-manager-grpc  | [EXECUTION MANAGER] ⏱️ T1=808594353.799 ms | Sending gRPC request for task 1 'sum1'
execution-manager-grpc  | [gRPC Channel Pool] Reusing existing channel for localhost:50051 (state=2)
execution-manager-grpc  | [gRPC Client Async] Calling task 'sum1' at localhost:50051
execution-manager-grpc  | [gRPC Client Async] Inputs: {"total_ops": 800, "io_percentage": 50}
execution-manager-grpc  | [EPOLL] T=11000 ms: epoll_wait returned 1 event(s)
execution-manager-grpc  | [EPOLL] event[0]: type=0 task=sum2
execution-manager-grpc  | [SCHEDULER] ⏰ T=11000 ms | T_wall=808595353.732 ms: Launching task 2 'sum2' (deadline: 41000 ms)
execution-manager-grpc  | [SCHEDULER] 🕐 Timeout armed for task 2 at T=41000 ms (in 30000 ms)
execution-manager-grpc  | [GRPC THREAD 2] Starting...
execution-manager-grpc  | [EXECUTION MANAGER] ⏱️ T1=808595353.823 ms | Sending gRPC request for task 2 'sum2'
execution-manager-grpc  | [gRPC Channel Pool] Reusing existing channel for localhost:50052 (state=2)
execution-manager-grpc  | [gRPC Client Async] Calling task 'sum2' at localhost:50052
execution-manager-grpc  | [gRPC Client Async] Inputs: {"total_ops": 800, "io_percentage": 50}
execution-manager-grpc  | [gRPC Client Async] Response #1 - Status: COMPLETED
execution-manager-grpc  | 🎉 [T=13191 ms] Task 2 'sum2' COMPLETED
execution-manager-grpc  | [EXECUTION MANAGER] ⏱️ T2=808595354.399 ms | Thread started (server measured)
execution-manager-grpc  | [EXECUTION MANAGER] ⏱️ T3=808597543.795 ms | Task completed (server measured)
execution-manager-grpc  | [EXECUTION MANAGER] ⏱️ T4=808597544.304 ms | Result received by client
execution-manager-grpc  |    [TASK EXECUTION] 2189.396 ms (T3-T2, measured in thread)
execution-manager-grpc  |    [RESULT] {"result": 0}
execution-manager-grpc  | 
execution-manager-grpc  | ╔═══════════════════════════════════════════════════════════════╗
execution-manager-grpc  | ║           END-TO-END TIMING MEASUREMENT RECAP                 ║
execution-manager-grpc  | ║                   Task 2: sum2                                 
execution-manager-grpc  | ╠═══════════════════════════════════════════════════════════════╣
execution-manager-grpc  | ║ T1 (start_request)    = 808595353.823 ms                        ║
execution-manager-grpc  | ║ T2 (end_request)      = 808595354.399 ms                        ║
execution-manager-grpc  | ║ T3 (start_result)     = 808597543.795 ms                        ║
execution-manager-grpc  | ║ T4 (end_result)       = 808597544.304 ms                        ║
execution-manager-grpc  | ╠═══════════════════════════════════════════════════════════════╣
execution-manager-grpc  | ║ METRICS:                                                      ║
execution-manager-grpc  | ║   Request Latency    =        0.576 ms  (T2 - T1)            ║
execution-manager-grpc  | ║   Task Execution     =     2189.396 ms  (T3 - T2)            ║
execution-manager-grpc  | ║   Response Latency   =        0.508 ms  (T4 - T3)            ║
execution-manager-grpc  | ║   Total End-to-End   =     2190.480 ms  (T4 - T1)            ║
execution-manager-grpc  | ║   Network Overhead   =        1.084 ms  (Req + Resp)         ║
execution-manager-grpc  | ╚═══════════════════════════════════════════════════════════════╝
execution-manager-grpc  | 
execution-manager-grpc  | [EPOLL] T=13191 ms: epoll_wait returned 1 event(s)
execution-manager-grpc  | [EPOLL] event[0]: type=2 task=NULL
execution-manager-grpc  | [SCHEDULER] ✅ T=13191 ms: Task 2 'sum2' completed with status 2
execution-manager-grpc  | [SCHEDULER] 🔕 Timeout disarmed for task 2
execution-manager-grpc  | [SCHEDULER] 3 tasks remaining
execution-manager-grpc  | [gRPC Client Async] Stream completed, received 1 responses
execution-manager-grpc  | [GRPC THREAD 2] Completed
execution-manager-grpc  | [gRPC Client Async] Response #1 - Status: COMPLETED
execution-manager-grpc  | 🎉 [T=14371 ms] Task 1 'sum1' COMPLETED
execution-manager-grpc  | [EXECUTION MANAGER] ⏱️ T2=808594354.710 ms | Thread started (server measured)
execution-manager-grpc  | [EXECUTION MANAGER] ⏱️ T3=808598724.131 ms | Task completed (server measured)
execution-manager-grpc  | [EXECUTION MANAGER] ⏱️ T4=808598724.665 ms | Result received by client
execution-manager-grpc  |    [TASK EXECUTION] 4369.421 ms (T3-T2, measured in thread)
execution-manager-grpc  |    [RESULT] {"result": 0}
execution-manager-grpc  | 
execution-manager-grpc  | ╔═══════════════════════════════════════════════════════════════╗
execution-manager-grpc  | ║           END-TO-END TIMING MEASUREMENT RECAP                 ║
execution-manager-grpc  | ║                   Task 1: sum1                                 
execution-manager-grpc  | ╠═══════════════════════════════════════════════════════════════╣
execution-manager-grpc  | ║ T1 (start_request)    = 808594353.799 ms                        ║
execution-manager-grpc  | ║ T2 (end_request)      = 808594354.710 ms                        ║
execution-manager-grpc  | ║ T3 (start_result)     = 808598724.131 ms                        ║
execution-manager-grpc  | ║ T4 (end_result)       = 808598724.665 ms                        ║
execution-manager-grpc  | ╠═══════════════════════════════════════════════════════════════╣
execution-manager-grpc  | ║ METRICS:                                                      ║
execution-manager-grpc  | ║   Request Latency    =        0.911 ms  (T2 - T1)            ║
execution-manager-grpc  | ║   Task Execution     =     4369.421 ms  (T3 - T2)            ║
execution-manager-grpc  | ║   Response Latency   =        0.534 ms  (T4 - T3)            ║
execution-manager-grpc  | ║   Total End-to-End   =     4370.866 ms  (T4 - T1)            ║
execution-manager-grpc  | ║   Network Overhead   =        1.445 ms  (Req + Resp)         ║
execution-manager-grpc  | ╚═══════════════════════════════════════════════════════════════╝
execution-manager-grpc  | 
execution-manager-grpc  | [EPOLL] T=14371 ms: epoll_wait returned 1 event(s)
execution-manager-grpc  | [EPOLL] event[0]: type=2 task=NULL
execution-manager-grpc  | [SCHEDULER] ✅ T=14371 ms: Task 1 'sum1' completed with status 2
execution-manager-grpc  | [SCHEDULER] 🔕 Timeout disarmed for task 1
execution-manager-grpc  | [SCHEDULER] 2 tasks remaining
execution-manager-grpc  | [gRPC Client Async] Stream completed, received 1 responses
execution-manager-grpc  | [GRPC THREAD 1] Completed
execution-manager-grpc  | [EPOLL] T=20000 ms: epoll_wait returned 1 event(s)
execution-manager-grpc  | [EPOLL] event[0]: type=0 task=sum3
execution-manager-grpc  | [SCHEDULER] ⏰ T=20000 ms | T_wall=808604353.749 ms: Launching task 3 'sum3' (deadline: 50000 ms)
execution-manager-grpc  | [SCHEDULER] 🕐 Timeout armed for task 3 at T=50000 ms (in 30000 ms)
execution-manager-grpc  | [GRPC THREAD 3] Starting...
execution-manager-grpc  | [EXECUTION MANAGER] ⏱️ T1=808604353.826 ms | Sending gRPC request for task 3 'sum3'
execution-manager-grpc  | [gRPC Channel Pool] Reusing existing channel for localhost:50053 (state=2)
execution-manager-grpc  | [gRPC Client Async] Calling task 'sum3' at localhost:50053
execution-manager-grpc  | [gRPC Client Async] Inputs: {"total_ops": 800, "io_percentage": 50}
execution-manager-grpc  | [EPOLL] T=21000 ms: epoll_wait returned 1 event(s)
execution-manager-grpc  | [EPOLL] event[0]: type=0 task=sum4
execution-manager-grpc  | [SCHEDULER] ⏰ T=21000 ms | T_wall=808605353.756 ms: Launching task 4 'sum4' (deadline: 51000 ms)
execution-manager-grpc  | [SCHEDULER] 🕐 Timeout armed for task 4 at T=51000 ms (in 30000 ms)
execution-manager-grpc  | [GRPC THREAD 4] Starting...
execution-manager-grpc  | [EXECUTION MANAGER] ⏱️ T1=808605353.856 ms | Sending gRPC request for task 4 'sum4'
execution-manager-grpc  | [gRPC Channel Pool] Reusing existing channel for localhost:50054 (state=2)
execution-manager-grpc  | [gRPC Client Async] Calling task 'sum4' at localhost:50054
execution-manager-grpc  | [gRPC Client Async] Inputs: {"total_ops": 800, "io_percentage": 50}
execution-manager-grpc  | [gRPC Client Async] Response #1 - Status: COMPLETED
execution-manager-grpc  | 🎉 [T=22191 ms] Task 3 'sum3' COMPLETED
execution-manager-grpc  | [EXECUTION MANAGER] ⏱️ T2=808604354.839 ms | Thread started (server measured)
execution-manager-grpc  | [EXECUTION MANAGER] ⏱️ T3=808606544.085 ms | Task completed (server measured)
execution-manager-grpc  | [EXECUTION MANAGER] ⏱️ T4=808606544.575 ms | Result received by client
execution-manager-grpc  |    [TASK EXECUTION] 2189.245 ms (T3-T2, measured in thread)
execution-manager-grpc  |    [RESULT] {"result": 0}
execution-manager-grpc  | 
execution-manager-grpc  | ╔═══════════════════════════════════════════════════════════════╗
execution-manager-grpc  | ║           END-TO-END TIMING MEASUREMENT RECAP                 ║
execution-manager-grpc  | ║                   Task 3: sum3                                 
execution-manager-grpc  | ╠═══════════════════════════════════════════════════════════════╣
execution-manager-grpc  | ║ T1 (start_request)    = 808604353.826 ms                        ║
execution-manager-grpc  | ║ T2 (end_request)      = 808604354.839 ms                        ║
execution-manager-grpc  | ║ T3 (start_result)     = 808606544.085 ms                        ║
execution-manager-grpc  | ║ T4 (end_result)       = 808606544.575 ms                        ║
execution-manager-grpc  | ╠═══════════════════════════════════════════════════════════════╣
execution-manager-grpc  | ║ METRICS:                                                      ║
execution-manager-grpc  | ║   Request Latency    =        1.014 ms  (T2 - T1)            ║
execution-manager-grpc  | ║   Task Execution     =     2189.245 ms  (T3 - T2)            ║
execution-manager-grpc  | ║   Response Latency   =        0.491 ms  (T4 - T3)            ║
execution-manager-grpc  | ║   Total End-to-End   =     2190.750 ms  (T4 - T1)            ║
execution-manager-grpc  | ║   Network Overhead   =        1.504 ms  (Req + Resp)         ║
execution-manager-grpc  | ╚═══════════════════════════════════════════════════════════════╝
execution-manager-grpc  | 
execution-manager-grpc  | [EPOLL] T=22191 ms: epoll_wait returned 1 event(s)
execution-manager-grpc  | [EPOLL] event[0]: type=2 task=NULL
execution-manager-grpc  | [SCHEDULER] ✅ T=22191 ms: Task 3 'sum3' completed with status 2
execution-manager-grpc  | [SCHEDULER] 🔕 Timeout disarmed for task 3
execution-manager-grpc  | [SCHEDULER] 1 tasks remaining
execution-manager-grpc  | [gRPC Client Async] Stream completed, received 1 responses
execution-manager-grpc  | [GRPC THREAD 3] Completed
execution-manager-grpc  | [gRPC Client Async] Response #1 - Status: COMPLETED
execution-manager-grpc  | 🎉 [T=24381 ms] Task 4 'sum4' COMPLETED
execution-manager-grpc  | [EXECUTION MANAGER] ⏱️ T2=808606544.137 ms | Thread started (server measured)
execution-manager-grpc  | [EXECUTION MANAGER] ⏱️ T3=808608734.324 ms | Task completed (server measured)
execution-manager-grpc  | [EXECUTION MANAGER] ⏱️ T4=808608734.742 ms | Result received by client
execution-manager-grpc  |    [TASK EXECUTION] 2190.187 ms (T3-T2, measured in thread)
execution-manager-grpc  |    [RESULT] {"result": 0}
execution-manager-grpc  | 
execution-manager-grpc  | ╔═══════════════════════════════════════════════════════════════╗
execution-manager-grpc  | ║           END-TO-END TIMING MEASUREMENT RECAP                 ║
execution-manager-grpc  | ║                   Task 4: sum4                                 
execution-manager-grpc  | ╠═══════════════════════════════════════════════════════════════╣
execution-manager-grpc  | ║ T1 (start_request)    = 808605353.856 ms                        ║
execution-manager-grpc  | ║ T2 (end_request)      = 808606544.137 ms                        ║
execution-manager-grpc  | ║ T3 (start_result)     = 808608734.324 ms                        ║
execution-manager-grpc  | ║ T4 (end_result)       = 808608734.742 ms                        ║
execution-manager-grpc  | ╠═══════════════════════════════════════════════════════════════╣
execution-manager-grpc  | ║ METRICS:                                                      ║
execution-manager-grpc  | ║   Request Latency    =     1190.281 ms  (T2 - T1)            ║
execution-manager-grpc  | ║   Task Execution     =     2190.187 ms  (T3 - T2)            ║
execution-manager-grpc  | ║   Response Latency   =        0.418 ms  (T4 - T3)            ║
execution-manager-grpc  | ║   Total End-to-End   =     3380.886 ms  (T4 - T1)            ║
execution-manager-grpc  | ║   Network Overhead   =     1190.699 ms  (Req + Resp)         ║
execution-manager-grpc  | ╚═══════════════════════════════════════════════════════════════╝
execution-manager-grpc  | 
execution-manager-grpc  | [EPOLL] T=24381 ms: epoll_wait returned 1 event(s)
execution-manager-grpc  | [EPOLL] event[0]: type=2 task=NULL
execution-manager-grpc  | [SCHEDULER] ✅ T=24381 ms: Task 4 'sum4' completed with status 2
execution-manager-grpc  | [SCHEDULER] 🔕 Timeout disarmed for task 4
execution-manager-grpc  | [SCHEDULER] 0 tasks remaining
execution-manager-grpc  | 
execution-manager-grpc  | [SCHEDULER] 🏁 Iteration 3/50 complete!
execution-manager-grpc  | [SCHEDULER] Iteration execution time: 24381 ms
execution-manager-grpc  | 
execution-manager-grpc  | 
execution-manager-grpc  | [SCHEDULER] 🔁 ===== ITERATION 4 / 50 =====
execution-manager-grpc  | 
execution-manager-grpc  | [SCHEDULER] 🚀 Schedule started at T=0
execution-manager-grpc  | 
execution-manager-grpc  | [SCHEDULER] 🔄 Entering event loop (NO SLEEP - event-driven!)
execution-manager-grpc  | 
execution-manager-grpc  | [gRPC Client Async] Stream completed, received 1 responses
execution-manager-grpc  | [GRPC THREAD 4] Completed
execution-manager-grpc  | [EPOLL] T=10000 ms: epoll_wait returned 1 event(s)
execution-manager-grpc  | [EPOLL] event[0]: type=0 task=sum1
execution-manager-grpc  | [SCHEDULER] ⏰ T=10000 ms | T_wall=808618734.872 ms: Launching task 1 'sum1' (deadline: 40000 ms)
execution-manager-grpc  | [SCHEDULER] 🕐 Timeout armed for task 1 at T=40000 ms (in 30000 ms)
execution-manager-grpc  | [GRPC THREAD 1] Starting...
execution-manager-grpc  | [EXECUTION MANAGER] ⏱️ T1=808618734.952 ms | Sending gRPC request for task 1 'sum1'
execution-manager-grpc  | [gRPC Channel Pool] Reusing existing channel for localhost:50051 (state=2)
execution-manager-grpc  | [gRPC Client Async] Calling task 'sum1' at localhost:50051
execution-manager-grpc  | [gRPC Client Async] Inputs: {"total_ops": 800, "io_percentage": 50}
execution-manager-grpc  | [EPOLL] T=11000 ms: epoll_wait returned 1 event(s)
execution-manager-grpc  | [EPOLL] event[0]: type=0 task=sum2
execution-manager-grpc  | [SCHEDULER] ⏰ T=11000 ms | T_wall=808619734.881 ms: Launching task 2 'sum2' (deadline: 41000 ms)
execution-manager-grpc  | [SCHEDULER] 🕐 Timeout armed for task 2 at T=41000 ms (in 30000 ms)
execution-manager-grpc  | [GRPC THREAD 2] Starting...
execution-manager-grpc  | [EXECUTION MANAGER] ⏱️ T1=808619734.967 ms | Sending gRPC request for task 2 'sum2'
execution-manager-grpc  | [gRPC Channel Pool] Reusing existing channel for localhost:50052 (state=2)
execution-manager-grpc  | [gRPC Client Async] Calling task 'sum2' at localhost:50052
execution-manager-grpc  | [gRPC Client Async] Inputs: {"total_ops": 800, "io_percentage": 50}
execution-manager-grpc  | [gRPC Client Async] Response #1 - Status: COMPLETED
execution-manager-grpc  | 🎉 [T=13193 ms] Task 2 'sum2' COMPLETED
execution-manager-grpc  | [EXECUTION MANAGER] ⏱️ T2=808619735.485 ms | Thread started (server measured)
execution-manager-grpc  | [EXECUTION MANAGER] ⏱️ T3=808621926.573 ms | Task completed (server measured)
execution-manager-grpc  | [EXECUTION MANAGER] ⏱️ T4=808621927.050 ms | Result received by client
execution-manager-grpc  |    [TASK EXECUTION] 2191.088 ms (T3-T2, measured in thread)
execution-manager-grpc  |    [RESULT] {"result": 0}
execution-manager-grpc  | 
execution-manager-grpc  | ╔═══════════════════════════════════════════════════════════════╗
execution-manager-grpc  | ║           END-TO-END TIMING MEASUREMENT RECAP                 ║
execution-manager-grpc  | ║                   Task 2: sum2                                 
execution-manager-grpc  | ╠═══════════════════════════════════════════════════════════════╣
execution-manager-grpc  | ║ T1 (start_request)    = 808619734.967 ms                        ║
execution-manager-grpc  | ║ T2 (end_request)      = 808619735.485 ms                        ║
execution-manager-grpc  | ║ T3 (start_result)     = 808621926.573 ms                        ║
execution-manager-grpc  | ║ T4 (end_result)       = 808621927.050 ms                        ║
execution-manager-grpc  | ╠═══════════════════════════════════════════════════════════════╣
execution-manager-grpc  | ║ METRICS:                                                      ║
execution-manager-grpc  | ║   Request Latency    =        0.518 ms  (T2 - T1)            ║
execution-manager-grpc  | ║   Task Execution     =     2191.088 ms  (T3 - T2)            ║
execution-manager-grpc  | ║   Response Latency   =        0.477 ms  (T4 - T3)            ║
execution-manager-grpc  | ║   Total End-to-End   =     2192.084 ms  (T4 - T1)            ║
execution-manager-grpc  | ║   Network Overhead   =        0.996 ms  (Req + Resp)         ║
execution-manager-grpc  | ╚═══════════════════════════════════════════════════════════════╝
execution-manager-grpc  | 
execution-manager-grpc  | [EPOLL] T=13193 ms: epoll_wait returned 1 event(s)
execution-manager-grpc  | [EPOLL] event[0]: type=2 task=NULL
execution-manager-grpc  | [SCHEDULER] ✅ T=13193 ms: Task 2 'sum2' completed with status 2
execution-manager-grpc  | [SCHEDULER] 🔕 Timeout disarmed for task 2
execution-manager-grpc  | [SCHEDULER] 3 tasks remaining
execution-manager-grpc  | [gRPC Client Async] Stream completed, received 1 responses
execution-manager-grpc  | [GRPC THREAD 2] Completed
execution-manager-grpc  | [gRPC Client Async] Response #1 - Status: COMPLETED
execution-manager-grpc  | 🎉 [T=14373 ms] Task 1 'sum1' COMPLETED
execution-manager-grpc  | [EXECUTION MANAGER] ⏱️ T2=808618735.987 ms | Thread started (server measured)
execution-manager-grpc  | [EXECUTION MANAGER] ⏱️ T3=808623107.398 ms | Task completed (server measured)
execution-manager-grpc  | [EXECUTION MANAGER] ⏱️ T4=808623107.851 ms | Result received by client
execution-manager-grpc  |    [TASK EXECUTION] 4371.410 ms (T3-T2, measured in thread)
execution-manager-grpc  |    [RESULT] {"result": 0}
execution-manager-grpc  | 
execution-manager-grpc  | ╔═══════════════════════════════════════════════════════════════╗
execution-manager-grpc  | ║           END-TO-END TIMING MEASUREMENT RECAP                 ║
execution-manager-grpc  | ║                   Task 1: sum1                                 
execution-manager-grpc  | ╠═══════════════════════════════════════════════════════════════╣
execution-manager-grpc  | ║ T1 (start_request)    = 808618734.952 ms                        ║
execution-manager-grpc  | ║ T2 (end_request)      = 808618735.987 ms                        ║
execution-manager-grpc  | ║ T3 (start_result)     = 808623107.398 ms                        ║
execution-manager-grpc  | ║ T4 (end_result)       = 808623107.851 ms                        ║
execution-manager-grpc  | ╠═══════════════════════════════════════════════════════════════╣
execution-manager-grpc  | ║ METRICS:                                                      ║
execution-manager-grpc  | ║   Request Latency    =        1.035 ms  (T2 - T1)            ║
execution-manager-grpc  | ║   Task Execution     =     4371.410 ms  (T3 - T2)            ║
execution-manager-grpc  | ║   Response Latency   =        0.453 ms  (T4 - T3)            ║
execution-manager-grpc  | ║   Total End-to-End   =     4372.899 ms  (T4 - T1)            ║
execution-manager-grpc  | ║   Network Overhead   =        1.488 ms  (Req + Resp)         ║
execution-manager-grpc  | ╚═══════════════════════════════════════════════════════════════╝
execution-manager-grpc  | 
execution-manager-grpc  | [EPOLL] T=14373 ms: epoll_wait returned 1 event(s)
execution-manager-grpc  | [EPOLL] event[0]: type=2 task=NULL
execution-manager-grpc  | [SCHEDULER] ✅ T=14373 ms: Task 1 'sum1' completed with status 2
execution-manager-grpc  | [SCHEDULER] 🔕 Timeout disarmed for task 1
execution-manager-grpc  | [SCHEDULER] 2 tasks remaining
execution-manager-grpc  | [gRPC Client Async] Stream completed, received 1 responses
execution-manager-grpc  | [GRPC THREAD 1] Completed
execution-manager-grpc  | [EPOLL] T=20000 ms: epoll_wait returned 1 event(s)
execution-manager-grpc  | [EPOLL] event[0]: type=0 task=sum3
execution-manager-grpc  | [SCHEDULER] ⏰ T=20000 ms | T_wall=808628734.895 ms: Launching task 3 'sum3' (deadline: 50000 ms)
execution-manager-grpc  | [SCHEDULER] 🕐 Timeout armed for task 3 at T=50000 ms (in 30000 ms)
execution-manager-grpc  | [GRPC THREAD 3] Starting...
execution-manager-grpc  | [EXECUTION MANAGER] ⏱️ T1=808628734.973 ms | Sending gRPC request for task 3 'sum3'
execution-manager-grpc  | [gRPC Channel Pool] Reusing existing channel for localhost:50053 (state=2)
execution-manager-grpc  | [gRPC Client Async] Calling task 'sum3' at localhost:50053
execution-manager-grpc  | [gRPC Client Async] Inputs: {"total_ops": 800, "io_percentage": 50}
execution-manager-grpc  | [EPOLL] T=21000 ms: epoll_wait returned 1 event(s)
execution-manager-grpc  | [EPOLL] event[0]: type=0 task=sum4
execution-manager-grpc  | [SCHEDULER] ⏰ T=21000 ms | T_wall=808629734.904 ms: Launching task 4 'sum4' (deadline: 51000 ms)
execution-manager-grpc  | [SCHEDULER] 🕐 Timeout armed for task 4 at T=51000 ms (in 30000 ms)
execution-manager-grpc  | [GRPC THREAD 4] Starting...
execution-manager-grpc  | [EXECUTION MANAGER] ⏱️ T1=808629734.993 ms | Sending gRPC request for task 4 'sum4'
execution-manager-grpc  | [gRPC Channel Pool] Reusing existing channel for localhost:50054 (state=2)
execution-manager-grpc  | [gRPC Client Async] Calling task 'sum4' at localhost:50054
execution-manager-grpc  | [gRPC Client Async] Inputs: {"total_ops": 800, "io_percentage": 50}
execution-manager-grpc  | [gRPC Client Async] Response #1 - Status: COMPLETED
execution-manager-grpc  | 🎉 [T=22193 ms] Task 3 'sum3' COMPLETED
execution-manager-grpc  | [EXECUTION MANAGER] ⏱️ T2=808628735.918 ms | Thread started (server measured)
execution-manager-grpc  | [EXECUTION MANAGER] ⏱️ T3=808630926.628 ms | Task completed (server measured)
execution-manager-grpc  | [EXECUTION MANAGER] ⏱️ T4=808630927.116 ms | Result received by client
execution-manager-grpc  |    [TASK EXECUTION] 2190.709 ms (T3-T2, measured in thread)
execution-manager-grpc  |    [RESULT] {"result": 0}
execution-manager-grpc  | 
execution-manager-grpc  | ╔═══════════════════════════════════════════════════════════════╗
execution-manager-grpc  | ║           END-TO-END TIMING MEASUREMENT RECAP                 ║
execution-manager-grpc  | ║                   Task 3: sum3                                 
execution-manager-grpc  | ╠═══════════════════════════════════════════════════════════════╣
execution-manager-grpc  | ║ T1 (start_request)    = 808628734.973 ms                        ║
execution-manager-grpc  | ║ T2 (end_request)      = 808628735.918 ms                        ║
execution-manager-grpc  | ║ T3 (start_result)     = 808630926.628 ms                        ║
execution-manager-grpc  | ║ T4 (end_result)       = 808630927.116 ms                        ║
execution-manager-grpc  | ╠═══════════════════════════════════════════════════════════════╣
execution-manager-grpc  | ║ METRICS:                                                      ║
execution-manager-grpc  | ║   Request Latency    =        0.946 ms  (T2 - T1)            ║
execution-manager-grpc  | ║   Task Execution     =     2190.709 ms  (T3 - T2)            ║
execution-manager-grpc  | ║   Response Latency   =        0.488 ms  (T4 - T3)            ║
execution-manager-grpc  | ║   Total End-to-End   =     2192.143 ms  (T4 - T1)            ║
execution-manager-grpc  | ║   Network Overhead   =        1.433 ms  (Req + Resp)         ║
execution-manager-grpc  | ╚═══════════════════════════════════════════════════════════════╝
execution-manager-grpc  | 
execution-manager-grpc  | [EPOLL] T=22193 ms: epoll_wait returned 1 event(s)
execution-manager-grpc  | [EPOLL] event[0]: type=2 task=NULL
execution-manager-grpc  | [SCHEDULER] ✅ T=22193 ms: Task 3 'sum3' completed with status 2
execution-manager-grpc  | [SCHEDULER] 🔕 Timeout disarmed for task 3
execution-manager-grpc  | [SCHEDULER] 1 tasks remaining
execution-manager-grpc  | [gRPC Client Async] Stream completed, received 1 responses
execution-manager-grpc  | [GRPC THREAD 3] Completed
execution-manager-grpc  | [gRPC Client Async] Response #1 - Status: COMPLETED
execution-manager-grpc  | 🎉 [T=24384 ms] Task 4 'sum4' COMPLETED
execution-manager-grpc  | [EXECUTION MANAGER] ⏱️ T2=808630926.684 ms | Thread started (server measured)
execution-manager-grpc  | [EXECUTION MANAGER] ⏱️ T3=808633117.661 ms | Task completed (server measured)
execution-manager-grpc  | [EXECUTION MANAGER] ⏱️ T4=808633118.107 ms | Result received by client
execution-manager-grpc  |    [TASK EXECUTION] 2190.977 ms (T3-T2, measured in thread)
execution-manager-grpc  |    [RESULT] {"result": 0}
execution-manager-grpc  | 
execution-manager-grpc  | ╔═══════════════════════════════════════════════════════════════╗
execution-manager-grpc  | ║           END-TO-END TIMING MEASUREMENT RECAP                 ║
execution-manager-grpc  | ║                   Task 4: sum4                                 
execution-manager-grpc  | ╠═══════════════════════════════════════════════════════════════╣
execution-manager-grpc  | ║ T1 (start_request)    = 808629734.993 ms                        ║
execution-manager-grpc  | ║ T2 (end_request)      = 808630926.684 ms                        ║
execution-manager-grpc  | ║ T3 (start_result)     = 808633117.661 ms                        ║
execution-manager-grpc  | ║ T4 (end_result)       = 808633118.107 ms                        ║
execution-manager-grpc  | ╠═══════════════════════════════════════════════════════════════╣
execution-manager-grpc  | ║ METRICS:                                                      ║
execution-manager-grpc  | ║   Request Latency    =     1191.691 ms  (T2 - T1)            ║
execution-manager-grpc  | ║   Task Execution     =     2190.977 ms  (T3 - T2)            ║
execution-manager-grpc  | ║   Response Latency   =        0.446 ms  (T4 - T3)            ║
execution-manager-grpc  | ║   Total End-to-End   =     3383.114 ms  (T4 - T1)            ║
execution-manager-grpc  | ║   Network Overhead   =     1192.137 ms  (Req + Resp)         ║
execution-manager-grpc  | ╚═══════════════════════════════════════════════════════════════╝
execution-manager-grpc  | 
execution-manager-grpc  | [EPOLL] T=24384 ms: epoll_wait returned 1 event(s)
execution-manager-grpc  | [EPOLL] event[0]: type=2 task=NULL
execution-manager-grpc  | [SCHEDULER] ✅ T=24384 ms: Task 4 'sum4' completed with status 2
execution-manager-grpc  | [SCHEDULER] 🔕 Timeout disarmed for task 4
execution-manager-grpc  | [SCHEDULER] 0 tasks remaining
execution-manager-grpc  | 
execution-manager-grpc  | [SCHEDULER] 🏁 Iteration 4/50 complete!
execution-manager-grpc  | [SCHEDULER] Iteration execution time: 24384 ms
execution-manager-grpc  | 
execution-manager-grpc  | 
execution-manager-grpc  | [SCHEDULER] 🔁 ===== ITERATION 5 / 50 =====
execution-manager-grpc  | 
execution-manager-grpc  | [SCHEDULER] 🚀 Schedule started at T=0
execution-manager-grpc  | 
execution-manager-grpc  | [SCHEDULER] 🔄 Entering event loop (NO SLEEP - event-driven!)
execution-manager-grpc  | 
execution-manager-grpc  | [gRPC Client Async] Stream completed, received 1 responses
execution-manager-grpc  | [GRPC THREAD 4] Completed
execution-manager-grpc  | [EPOLL] T=10000 ms: epoll_wait returned 1 event(s)
execution-manager-grpc  | [EPOLL] event[0]: type=0 task=sum1
execution-manager-grpc  | [SCHEDULER] ⏰ T=10000 ms | T_wall=808643118.247 ms: Launching task 1 'sum1' (deadline: 40000 ms)
execution-manager-grpc  | [SCHEDULER] 🕐 Timeout armed for task 1 at T=40000 ms (in 30000 ms)
execution-manager-grpc  | [GRPC THREAD 1] Starting...
execution-manager-grpc  | [EXECUTION MANAGER] ⏱️ T1=808643118.326 ms | Sending gRPC request for task 1 'sum1'
execution-manager-grpc  | [gRPC Channel Pool] Reusing existing channel for localhost:50051 (state=2)
execution-manager-grpc  | [gRPC Client Async] Calling task 'sum1' at localhost:50051
execution-manager-grpc  | [gRPC Client Async] Inputs: {"total_ops": 800, "io_percentage": 50}
execution-manager-grpc  | [EPOLL] T=11000 ms: epoll_wait returned 1 event(s)
execution-manager-grpc  | [EPOLL] event[0]: type=0 task=sum2
execution-manager-grpc  | [SCHEDULER] ⏰ T=11000 ms | T_wall=808644118.255 ms: Launching task 2 'sum2' (deadline: 41000 ms)
execution-manager-grpc  | [SCHEDULER] 🕐 Timeout armed for task 2 at T=41000 ms (in 30000 ms)
execution-manager-grpc  | [GRPC THREAD 2] Starting...
execution-manager-grpc  | [EXECUTION MANAGER] ⏱️ T1=808644118.346 ms | Sending gRPC request for task 2 'sum2'
execution-manager-grpc  | [gRPC Channel Pool] Reusing existing channel for localhost:50052 (state=2)
execution-manager-grpc  | [gRPC Client Async] Calling task 'sum2' at localhost:50052
execution-manager-grpc  | [gRPC Client Async] Inputs: {"total_ops": 800, "io_percentage": 50}
execution-manager-grpc  | [gRPC Client Async] Response #1 - Status: COMPLETED
execution-manager-grpc  | 🎉 [T=13191 ms] Task 2 'sum2' COMPLETED
execution-manager-grpc  | [EXECUTION MANAGER] ⏱️ T2=808644118.837 ms | Thread started (server measured)
execution-manager-grpc  | [EXECUTION MANAGER] ⏱️ T3=808646309.067 ms | Task completed (server measured)
execution-manager-grpc  | [EXECUTION MANAGER] ⏱️ T4=808646309.571 ms | Result received by client
execution-manager-grpc  |    [TASK EXECUTION] 2190.230 ms (T3-T2, measured in thread)
execution-manager-grpc  |    [RESULT] {"result": 0}
execution-manager-grpc  | 
execution-manager-grpc  | ╔═══════════════════════════════════════════════════════════════╗
execution-manager-grpc  | ║           END-TO-END TIMING MEASUREMENT RECAP                 ║
execution-manager-grpc  | ║                   Task 2: sum2                                 
execution-manager-grpc  | ╠═══════════════════════════════════════════════════════════════╣
execution-manager-grpc  | ║ T1 (start_request)    = 808644118.346 ms                        ║
execution-manager-grpc  | ║ T2 (end_request)      = 808644118.837 ms                        ║
execution-manager-grpc  | ║ T3 (start_result)     = 808646309.067 ms                        ║
execution-manager-grpc  | ║ T4 (end_result)       = 808646309.571 ms                        ║
execution-manager-grpc  | ╠═══════════════════════════════════════════════════════════════╣
execution-manager-grpc  | ║ METRICS:                                                      ║
execution-manager-grpc  | ║   Request Latency    =        0.491 ms  (T2 - T1)            ║
execution-manager-grpc  | ║   Task Execution     =     2190.230 ms  (T3 - T2)            ║
execution-manager-grpc  | ║   Response Latency   =        0.504 ms  (T4 - T3)            ║
execution-manager-grpc  | ║   Total End-to-End   =     2191.225 ms  (T4 - T1)            ║
execution-manager-grpc  | ║   Network Overhead   =        0.995 ms  (Req + Resp)         ║
execution-manager-grpc  | ╚═══════════════════════════════════════════════════════════════╝
execution-manager-grpc  | 
execution-manager-grpc  | [EPOLL] T=13191 ms: epoll_wait returned 1 event(s)
execution-manager-grpc  | [EPOLL] event[0]: type=2 task=NULL
execution-manager-grpc  | [SCHEDULER] ✅ T=13191 ms: Task 2 'sum2' completed with status 2
execution-manager-grpc  | [SCHEDULER] 🔕 Timeout disarmed for task 2
execution-manager-grpc  | [SCHEDULER] 3 tasks remaining
execution-manager-grpc  | [gRPC Client Async] Stream completed, received 1 responses
execution-manager-grpc  | [GRPC THREAD 2] Completed
execution-manager-grpc  | [gRPC Client Async] Response #1 - Status: COMPLETED
execution-manager-grpc  | 🎉 [T=14371 ms] Task 1 'sum1' COMPLETED
execution-manager-grpc  | [EXECUTION MANAGER] ⏱️ T2=808643119.100 ms | Thread started (server measured)
execution-manager-grpc  | [EXECUTION MANAGER] ⏱️ T3=808647489.292 ms | Task completed (server measured)
execution-manager-grpc  | [EXECUTION MANAGER] ⏱️ T4=808647489.789 ms | Result received by client
execution-manager-grpc  |    [TASK EXECUTION] 4370.192 ms (T3-T2, measured in thread)
execution-manager-grpc  |    [RESULT] {"result": 0}
execution-manager-grpc  | 
execution-manager-grpc  | ╔═══════════════════════════════════════════════════════════════╗
execution-manager-grpc  | ║           END-TO-END TIMING MEASUREMENT RECAP                 ║
execution-manager-grpc  | ║                   Task 1: sum1                                 
execution-manager-grpc  | ╠═══════════════════════════════════════════════════════════════╣
execution-manager-grpc  | ║ T1 (start_request)    = 808643118.326 ms                        ║
execution-manager-grpc  | ║ T2 (end_request)      = 808643119.100 ms                        ║
execution-manager-grpc  | ║ T3 (start_result)     = 808647489.292 ms                        ║
execution-manager-grpc  | ║ T4 (end_result)       = 808647489.789 ms                        ║
execution-manager-grpc  | ╠═══════════════════════════════════════════════════════════════╣
execution-manager-grpc  | ║ METRICS:                                                      ║
execution-manager-grpc  | ║   Request Latency    =        0.773 ms  (T2 - T1)            ║
execution-manager-grpc  | ║   Task Execution     =     4370.192 ms  (T3 - T2)            ║
execution-manager-grpc  | ║   Response Latency   =        0.497 ms  (T4 - T3)            ║
execution-manager-grpc  | ║   Total End-to-End   =     4371.463 ms  (T4 - T1)            ║
execution-manager-grpc  | ║   Network Overhead   =        1.271 ms  (Req + Resp)         ║
execution-manager-grpc  | ╚═══════════════════════════════════════════════════════════════╝
execution-manager-grpc  | 
execution-manager-grpc  | [EPOLL] T=14371 ms: epoll_wait returned 1 event(s)
execution-manager-grpc  | [EPOLL] event[0]: type=2 task=NULL
execution-manager-grpc  | [SCHEDULER] ✅ T=14371 ms: Task 1 'sum1' completed with status 2
execution-manager-grpc  | [SCHEDULER] 🔕 Timeout disarmed for task 1
execution-manager-grpc  | [SCHEDULER] 2 tasks remaining
execution-manager-grpc  | [gRPC Client Async] Stream completed, received 1 responses
execution-manager-grpc  | [GRPC THREAD 1] Completed
execution-manager-grpc  | [EPOLL] T=20000 ms: epoll_wait returned 1 event(s)
execution-manager-grpc  | [EPOLL] event[0]: type=0 task=sum3
execution-manager-grpc  | [SCHEDULER] ⏰ T=20000 ms | T_wall=808653118.269 ms: Launching task 3 'sum3' (deadline: 50000 ms)
execution-manager-grpc  | [SCHEDULER] 🕐 Timeout armed for task 3 at T=50000 ms (in 30000 ms)
execution-manager-grpc  | [GRPC THREAD 3] Starting...
execution-manager-grpc  | [EXECUTION MANAGER] ⏱️ T1=808653118.366 ms | Sending gRPC request for task 3 'sum3'
execution-manager-grpc  | [gRPC Channel Pool] Reusing existing channel for localhost:50053 (state=2)
execution-manager-grpc  | [gRPC Client Async] Calling task 'sum3' at localhost:50053
execution-manager-grpc  | [gRPC Client Async] Inputs: {"total_ops": 800, "io_percentage": 50}
execution-manager-grpc  | [EPOLL] T=21000 ms: epoll_wait returned 1 event(s)
execution-manager-grpc  | [EPOLL] event[0]: type=0 task=sum4
execution-manager-grpc  | [SCHEDULER] ⏰ T=21000 ms | T_wall=808654118.278 ms: Launching task 4 'sum4' (deadline: 51000 ms)
execution-manager-grpc  | [SCHEDULER] 🕐 Timeout armed for task 4 at T=51000 ms (in 30000 ms)
execution-manager-grpc  | [GRPC THREAD 4] Starting...
execution-manager-grpc  | [EXECUTION MANAGER] ⏱️ T1=808654118.371 ms | Sending gRPC request for task 4 'sum4'
execution-manager-grpc  | [gRPC Channel Pool] Reusing existing channel for localhost:50054 (state=2)
execution-manager-grpc  | [gRPC Client Async] Calling task 'sum4' at localhost:50054
execution-manager-grpc  | [gRPC Client Async] Inputs: {"total_ops": 800, "io_percentage": 50}
execution-manager-grpc  | [gRPC Client Async] Response #1 - Status: COMPLETED
execution-manager-grpc  | 🎉 [T=22191 ms] Task 3 'sum3' COMPLETED
execution-manager-grpc  | [EXECUTION MANAGER] ⏱️ T2=808653118.888 ms | Thread started (server measured)
execution-manager-grpc  | [EXECUTION MANAGER] ⏱️ T3=808655308.676 ms | Task completed (server measured)
execution-manager-grpc  | [EXECUTION MANAGER] ⏱️ T4=808655309.153 ms | Result received by client
execution-manager-grpc  |    [TASK EXECUTION] 2189.788 ms (T3-T2, measured in thread)
execution-manager-grpc  |    [RESULT] {"result": 0}
execution-manager-grpc  | 
execution-manager-grpc  | ╔═══════════════════════════════════════════════════════════════╗
execution-manager-grpc  | ║           END-TO-END TIMING MEASUREMENT RECAP                 ║
execution-manager-grpc  | ║                   Task 3: sum3                                 
execution-manager-grpc  | ╠═══════════════════════════════════════════════════════════════╣
execution-manager-grpc  | ║ T1 (start_request)    = 808653118.366 ms                        ║
execution-manager-grpc  | ║ T2 (end_request)      = 808653118.888 ms                        ║
execution-manager-grpc  | ║ T3 (start_result)     = 808655308.676 ms                        ║
execution-manager-grpc  | ║ T4 (end_result)       = 808655309.153 ms                        ║
execution-manager-grpc  | ╠═══════════════════════════════════════════════════════════════╣
execution-manager-grpc  | ║ METRICS:                                                      ║
execution-manager-grpc  | ║   Request Latency    =        0.521 ms  (T2 - T1)            ║
execution-manager-grpc  | ║   Task Execution     =     2189.788 ms  (T3 - T2)            ║
execution-manager-grpc  | ║   Response Latency   =        0.477 ms  (T4 - T3)            ║
execution-manager-grpc  | ║   Total End-to-End   =     2190.786 ms  (T4 - T1)            ║
execution-manager-grpc  | ║   Network Overhead   =        0.998 ms  (Req + Resp)         ║
execution-manager-grpc  | ╚═══════════════════════════════════════════════════════════════╝
execution-manager-grpc  | 
execution-manager-grpc  | [EPOLL] T=22191 ms: epoll_wait returned 1 event(s)
execution-manager-grpc  | [EPOLL] event[0]: type=2 task=NULL
execution-manager-grpc  | [SCHEDULER] ✅ T=22191 ms: Task 3 'sum3' completed with status 2
execution-manager-grpc  | [SCHEDULER] 🔕 Timeout disarmed for task 3
execution-manager-grpc  | [SCHEDULER] 1 tasks remaining
execution-manager-grpc  | [gRPC Client Async] Stream completed, received 1 responses
execution-manager-grpc  | [GRPC THREAD 3] Completed
execution-manager-grpc  | [gRPC Client Async] Response #1 - Status: COMPLETED
execution-manager-grpc  | 🎉 [T=24382 ms] Task 4 'sum4' COMPLETED
execution-manager-grpc  | [EXECUTION MANAGER] ⏱️ T2=808655308.733 ms | Thread started (server measured)
execution-manager-grpc  | [EXECUTION MANAGER] ⏱️ T3=808657500.194 ms | Task completed (server measured)
execution-manager-grpc  | [EXECUTION MANAGER] ⏱️ T4=808657500.619 ms | Result received by client
execution-manager-grpc  |    [TASK EXECUTION] 2191.461 ms (T3-T2, measured in thread)
execution-manager-grpc  |    [RESULT] {"result": 0}
execution-manager-grpc  | 
execution-manager-grpc  | ╔═══════════════════════════════════════════════════════════════╗
execution-manager-grpc  | ║           END-TO-END TIMING MEASUREMENT RECAP                 ║
execution-manager-grpc  | ║                   Task 4: sum4                                 
execution-manager-grpc  | ╠═══════════════════════════════════════════════════════════════╣
execution-manager-grpc  | ║ T1 (start_request)    = 808654118.371 ms                        ║
execution-manager-grpc  | ║ T2 (end_request)      = 808655308.733 ms                        ║
execution-manager-grpc  | ║ T3 (start_result)     = 808657500.194 ms                        ║
execution-manager-grpc  | ║ T4 (end_result)       = 808657500.619 ms                        ║
execution-manager-grpc  | ╠═══════════════════════════════════════════════════════════════╣
execution-manager-grpc  | ║ METRICS:                                                      ║
execution-manager-grpc  | ║   Request Latency    =     1190.362 ms  (T2 - T1)            ║
execution-manager-grpc  | ║   Task Execution     =     2191.461 ms  (T3 - T2)            ║
execution-manager-grpc  | ║   Response Latency   =        0.425 ms  (T4 - T3)            ║
execution-manager-grpc  | ║   Total End-to-End   =     3382.247 ms  (T4 - T1)            ║
execution-manager-grpc  | ║   Network Overhead   =     1190.787 ms  (Req + Resp)         ║
execution-manager-grpc  | ╚═══════════════════════════════════════════════════════════════╝
execution-manager-grpc  | 
execution-manager-grpc  | [EPOLL] T=24382 ms: epoll_wait returned 1 event(s)
execution-manager-grpc  | [EPOLL] event[0]: type=2 task=NULL
execution-manager-grpc  | [SCHEDULER] ✅ T=24382 ms: Task 4 'sum4' completed with status 2
execution-manager-grpc  | [SCHEDULER] 🔕 Timeout disarmed for task 4
execution-manager-grpc  | [SCHEDULER] 0 tasks remaining
execution-manager-grpc  | 
execution-manager-grpc  | [SCHEDULER] 🏁 Iteration 5/50 complete!
execution-manager-grpc  | [SCHEDULER] Iteration execution time: 24382 ms
execution-manager-grpc  | 
execution-manager-grpc  | 
execution-manager-grpc  | [SCHEDULER] 🔁 ===== ITERATION 6 / 50 =====
execution-manager-grpc  | 
execution-manager-grpc  | [SCHEDULER] 🚀 Schedule started at T=0
execution-manager-grpc  | 
execution-manager-grpc  | [SCHEDULER] 🔄 Entering event loop (NO SLEEP - event-driven!)
execution-manager-grpc  | 
execution-manager-grpc  | [gRPC Client Async] Stream completed, received 1 responses
execution-manager-grpc  | [GRPC THREAD 4] Completed
execution-manager-grpc  | [EPOLL] T=10000 ms: epoll_wait returned 1 event(s)
execution-manager-grpc  | [EPOLL] event[0]: type=0 task=sum1
execution-manager-grpc  | [SCHEDULER] ⏰ T=10000 ms | T_wall=808667500.763 ms: Launching task 1 'sum1' (deadline: 40000 ms)
execution-manager-grpc  | [SCHEDULER] 🕐 Timeout armed for task 1 at T=40000 ms (in 30000 ms)
execution-manager-grpc  | [GRPC THREAD 1] Starting...
execution-manager-grpc  | [EXECUTION MANAGER] ⏱️ T1=808667500.844 ms | Sending gRPC request for task 1 'sum1'
execution-manager-grpc  | [gRPC Channel Pool] Reusing existing channel for localhost:50051 (state=2)
execution-manager-grpc  | [gRPC Client Async] Calling task 'sum1' at localhost:50051
execution-manager-grpc  | [gRPC Client Async] Inputs: {"total_ops": 800, "io_percentage": 50}
execution-manager-grpc  | [EPOLL] T=11000 ms: epoll_wait returned 1 event(s)
execution-manager-grpc  | [EPOLL] event[0]: type=0 task=sum2
execution-manager-grpc  | [SCHEDULER] ⏰ T=11000 ms | T_wall=808668500.768 ms: Launching task 2 'sum2' (deadline: 41000 ms)
execution-manager-grpc  | [SCHEDULER] 🕐 Timeout armed for task 2 at T=41000 ms (in 30000 ms)
execution-manager-grpc  | [GRPC THREAD 2] Starting...
execution-manager-grpc  | [EXECUTION MANAGER] ⏱️ T1=808668500.867 ms | Sending gRPC request for task 2 'sum2'
execution-manager-grpc  | [gRPC Channel Pool] Reusing existing channel for localhost:50052 (state=2)
execution-manager-grpc  | [gRPC Client Async] Calling task 'sum2' at localhost:50052
execution-manager-grpc  | [gRPC Client Async] Inputs: {"total_ops": 800, "io_percentage": 50}
execution-manager-grpc  | [gRPC Client Async] Response #1 - Status: COMPLETED
execution-manager-grpc  | 🎉 [T=13190 ms] Task 2 'sum2' COMPLETED
execution-manager-grpc  | [EXECUTION MANAGER] ⏱️ T2=808668501.355 ms | Thread started (server measured)
execution-manager-grpc  | [EXECUTION MANAGER] ⏱️ T3=808670689.661 ms | Task completed (server measured)
execution-manager-grpc  | [EXECUTION MANAGER] ⏱️ T4=808670690.129 ms | Result received by client
execution-manager-grpc  |    [TASK EXECUTION] 2188.306 ms (T3-T2, measured in thread)
execution-manager-grpc  |    [RESULT] {"result": 0}
execution-manager-grpc  | 
execution-manager-grpc  | ╔═══════════════════════════════════════════════════════════════╗
execution-manager-grpc  | ║           END-TO-END TIMING MEASUREMENT RECAP                 ║
execution-manager-grpc  | ║                   Task 2: sum2                                 
execution-manager-grpc  | ╠═══════════════════════════════════════════════════════════════╣
execution-manager-grpc  | ║ T1 (start_request)    = 808668500.867 ms                        ║
execution-manager-grpc  | ║ T2 (end_request)      = 808668501.355 ms                        ║
execution-manager-grpc  | ║ T3 (start_result)     = 808670689.661 ms                        ║
execution-manager-grpc  | ║ T4 (end_result)       = 808670690.129 ms                        ║
execution-manager-grpc  | ╠═══════════════════════════════════════════════════════════════╣
execution-manager-grpc  | ║ METRICS:                                                      ║
execution-manager-grpc  | ║   Request Latency    =        0.487 ms  (T2 - T1)            ║
execution-manager-grpc  | ║   Task Execution     =     2188.306 ms  (T3 - T2)            ║
execution-manager-grpc  | ║   Response Latency   =        0.468 ms  (T4 - T3)            ║
execution-manager-grpc  | ║   Total End-to-End   =     2189.262 ms  (T4 - T1)            ║
execution-manager-grpc  | ║   Network Overhead   =        0.956 ms  (Req + Resp)         ║
execution-manager-grpc  | ╚═══════════════════════════════════════════════════════════════╝
execution-manager-grpc  | 
execution-manager-grpc  | [EPOLL] T=13190 ms: epoll_wait returned 1 event(s)
execution-manager-grpc  | [EPOLL] event[0]: type=2 task=NULL
execution-manager-grpc  | [SCHEDULER] ✅ T=13190 ms: Task 2 'sum2' completed with status 2
execution-manager-grpc  | [SCHEDULER] 🔕 Timeout disarmed for task 2
execution-manager-grpc  | [SCHEDULER] 3 tasks remaining
execution-manager-grpc  | [gRPC Client Async] Stream completed, received 1 responses
execution-manager-grpc  | [GRPC THREAD 2] Completed
execution-manager-grpc  | [gRPC Client Async] Response #1 - Status: COMPLETED
execution-manager-grpc  | 🎉 [T=14373 ms] Task 1 'sum1' COMPLETED
execution-manager-grpc  | [EXECUTION MANAGER] ⏱️ T2=808667501.606 ms | Thread started (server measured)
execution-manager-grpc  | [EXECUTION MANAGER] ⏱️ T3=808671872.554 ms | Task completed (server measured)
execution-manager-grpc  | [EXECUTION MANAGER] ⏱️ T4=808671873.036 ms | Result received by client
execution-manager-grpc  |    [TASK EXECUTION] 4370.948 ms (T3-T2, measured in thread)
execution-manager-grpc  |    [RESULT] {"result": 0}
execution-manager-grpc  | 
execution-manager-grpc  | ╔═══════════════════════════════════════════════════════════════╗
execution-manager-grpc  | ║           END-TO-END TIMING MEASUREMENT RECAP                 ║
execution-manager-grpc  | ║                   Task 1: sum1                                 
execution-manager-grpc  | ╠═══════════════════════════════════════════════════════════════╣
execution-manager-grpc  | ║ T1 (start_request)    = 808667500.844 ms                        ║
execution-manager-grpc  | ║ T2 (end_request)      = 808667501.606 ms                        ║
execution-manager-grpc  | ║ T3 (start_result)     = 808671872.554 ms                        ║
execution-manager-grpc  | ║ T4 (end_result)       = 808671873.036 ms                        ║
execution-manager-grpc  | ╠═══════════════════════════════════════════════════════════════╣
execution-manager-grpc  | ║ METRICS:                                                      ║
execution-manager-grpc  | ║   Request Latency    =        0.762 ms  (T2 - T1)            ║
execution-manager-grpc  | ║   Task Execution     =     4370.948 ms  (T3 - T2)            ║
execution-manager-grpc  | ║   Response Latency   =        0.482 ms  (T4 - T3)            ║
execution-manager-grpc  | ║   Total End-to-End   =     4372.193 ms  (T4 - T1)            ║
execution-manager-grpc  | ║   Network Overhead   =        1.245 ms  (Req + Resp)         ║
execution-manager-grpc  | ╚═══════════════════════════════════════════════════════════════╝
execution-manager-grpc  | 
execution-manager-grpc  | [EPOLL] T=14373 ms: epoll_wait returned 1 event(s)
execution-manager-grpc  | [EPOLL] event[0]: type=2 task=NULL
execution-manager-grpc  | [SCHEDULER] ✅ T=14373 ms: Task 1 'sum1' completed with status 2
execution-manager-grpc  | [SCHEDULER] 🔕 Timeout disarmed for task 1
execution-manager-grpc  | [SCHEDULER] 2 tasks remaining
execution-manager-grpc  | [gRPC Client Async] Stream completed, received 1 responses
execution-manager-grpc  | [GRPC THREAD 1] Completed
execution-manager-grpc  | [EPOLL] T=20000 ms: epoll_wait returned 1 event(s)
execution-manager-grpc  | [EPOLL] event[0]: type=0 task=sum3
execution-manager-grpc  | [SCHEDULER] ⏰ T=20000 ms | T_wall=808677500.781 ms: Launching task 3 'sum3' (deadline: 50000 ms)
execution-manager-grpc  | [SCHEDULER] 🕐 Timeout armed for task 3 at T=50000 ms (in 30000 ms)
execution-manager-grpc  | [GRPC THREAD 3] Starting...
execution-manager-grpc  | [EXECUTION MANAGER] ⏱️ T1=808677500.867 ms | Sending gRPC request for task 3 'sum3'
execution-manager-grpc  | [gRPC Channel Pool] Reusing existing channel for localhost:50053 (state=2)
execution-manager-grpc  | [gRPC Client Async] Calling task 'sum3' at localhost:50053
execution-manager-grpc  | [gRPC Client Async] Inputs: {"total_ops": 800, "io_percentage": 50}
execution-manager-grpc  | [EPOLL] T=21000 ms: epoll_wait returned 1 event(s)
execution-manager-grpc  | [EPOLL] event[0]: type=0 task=sum4
execution-manager-grpc  | [SCHEDULER] ⏰ T=21000 ms | T_wall=808678500.786 ms: Launching task 4 'sum4' (deadline: 51000 ms)
execution-manager-grpc  | [SCHEDULER] 🕐 Timeout armed for task 4 at T=51000 ms (in 30000 ms)
execution-manager-grpc  | [GRPC THREAD 4] Starting...
execution-manager-grpc  | [EXECUTION MANAGER] ⏱️ T1=808678500.885 ms | Sending gRPC request for task 4 'sum4'
execution-manager-grpc  | [gRPC Channel Pool] Reusing existing channel for localhost:50054 (state=2)
execution-manager-grpc  | [gRPC Client Async] Calling task 'sum4' at localhost:50054
execution-manager-grpc  | [gRPC Client Async] Inputs: {"total_ops": 800, "io_percentage": 50}
execution-manager-grpc  | [gRPC Client Async] Response #1 - Status: COMPLETED
execution-manager-grpc  | 🎉 [T=22192 ms] Task 3 'sum3' COMPLETED
execution-manager-grpc  | [EXECUTION MANAGER] ⏱️ T2=808677501.685 ms | Thread started (server measured)
execution-manager-grpc  | [EXECUTION MANAGER] ⏱️ T3=808679692.171 ms | Task completed (server measured)
execution-manager-grpc  | [EXECUTION MANAGER] ⏱️ T4=808679692.649 ms | Result received by client
execution-manager-grpc  |    [TASK EXECUTION] 2190.486 ms (T3-T2, measured in thread)
execution-manager-grpc  |    [RESULT] {"result": 0}
execution-manager-grpc  | 
execution-manager-grpc  | ╔═══════════════════════════════════════════════════════════════╗
execution-manager-grpc  | ║           END-TO-END TIMING MEASUREMENT RECAP                 ║
execution-manager-grpc  | ║                   Task 3: sum3                                 
execution-manager-grpc  | ╠═══════════════════════════════════════════════════════════════╣
execution-manager-grpc  | ║ T1 (start_request)    = 808677500.867 ms                        ║
execution-manager-grpc  | ║ T2 (end_request)      = 808677501.685 ms                        ║
execution-manager-grpc  | ║ T3 (start_result)     = 808679692.171 ms                        ║
execution-manager-grpc  | ║ T4 (end_result)       = 808679692.649 ms                        ║
execution-manager-grpc  | ╠═══════════════════════════════════════════════════════════════╣
execution-manager-grpc  | ║ METRICS:                                                      ║
execution-manager-grpc  | ║   Request Latency    =        0.818 ms  (T2 - T1)            ║
execution-manager-grpc  | ║   Task Execution     =     2190.486 ms  (T3 - T2)            ║
execution-manager-grpc  | ║   Response Latency   =        0.477 ms  (T4 - T3)            ║
execution-manager-grpc  | ║   Total End-to-End   =     2191.781 ms  (T4 - T1)            ║
execution-manager-grpc  | ║   Network Overhead   =        1.295 ms  (Req + Resp)         ║
execution-manager-grpc  | ╚═══════════════════════════════════════════════════════════════╝
execution-manager-grpc  | 
execution-manager-grpc  | [EPOLL] T=22192 ms: epoll_wait returned 1 event(s)
execution-manager-grpc  | [EPOLL] event[0]: type=2 task=NULL
execution-manager-grpc  | [SCHEDULER] ✅ T=22192 ms: Task 3 'sum3' completed with status 2
execution-manager-grpc  | [SCHEDULER] 🔕 Timeout disarmed for task 3
execution-manager-grpc  | [SCHEDULER] 1 tasks remaining
execution-manager-grpc  | [gRPC Client Async] Stream completed, received 1 responses
execution-manager-grpc  | [GRPC THREAD 3] Completed
execution-manager-grpc  | [gRPC Client Async] Response #1 - Status: COMPLETED
execution-manager-grpc  | 🎉 [T=24384 ms] Task 4 'sum4' COMPLETED
execution-manager-grpc  | [EXECUTION MANAGER] ⏱️ T2=808679692.227 ms | Thread started (server measured)
execution-manager-grpc  | [EXECUTION MANAGER] ⏱️ T3=808681884.172 ms | Task completed (server measured)
execution-manager-grpc  | [EXECUTION MANAGER] ⏱️ T4=808681884.661 ms | Result received by client
execution-manager-grpc  |    [TASK EXECUTION] 2191.945 ms (T3-T2, measured in thread)
execution-manager-grpc  |    [RESULT] {"result": 0}
execution-manager-grpc  | 
execution-manager-grpc  | ╔═══════════════════════════════════════════════════════════════╗
execution-manager-grpc  | ║           END-TO-END TIMING MEASUREMENT RECAP                 ║
execution-manager-grpc  | ║                   Task 4: sum4                                 
execution-manager-grpc  | ╠═══════════════════════════════════════════════════════════════╣
execution-manager-grpc  | ║ T1 (start_request)    = 808678500.885 ms                        ║
execution-manager-grpc  | ║ T2 (end_request)      = 808679692.227 ms                        ║
execution-manager-grpc  | ║ T3 (start_result)     = 808681884.172 ms                        ║
execution-manager-grpc  | ║ T4 (end_result)       = 808681884.661 ms                        ║
execution-manager-grpc  | ╠═══════════════════════════════════════════════════════════════╣
execution-manager-grpc  | ║ METRICS:                                                      ║
execution-manager-grpc  | ║   Request Latency    =     1191.342 ms  (T2 - T1)            ║
execution-manager-grpc  | ║   Task Execution     =     2191.945 ms  (T3 - T2)            ║
execution-manager-grpc  | ║   Response Latency   =        0.489 ms  (T4 - T3)            ║
execution-manager-grpc  | ║   Total End-to-End   =     3383.776 ms  (T4 - T1)            ║
execution-manager-grpc  | ║   Network Overhead   =     1191.831 ms  (Req + Resp)         ║
execution-manager-grpc  | ╚═══════════════════════════════════════════════════════════════╝
execution-manager-grpc  | 
execution-manager-grpc  | [EPOLL] T=24384 ms: epoll_wait returned 1 event(s)
execution-manager-grpc  | [EPOLL] event[0]: type=2 task=NULL
execution-manager-grpc  | [SCHEDULER] ✅ T=24384 ms: Task 4 'sum4' completed with status 2
execution-manager-grpc  | [SCHEDULER] 🔕 Timeout disarmed for task 4
execution-manager-grpc  | [SCHEDULER] 0 tasks remaining
execution-manager-grpc  | 
execution-manager-grpc  | [SCHEDULER] 🏁 Iteration 6/50 complete!
execution-manager-grpc  | [SCHEDULER] Iteration execution time: 24384 ms
execution-manager-grpc  | 
execution-manager-grpc  | 
execution-manager-grpc  | [SCHEDULER] 🔁 ===== ITERATION 7 / 50 =====
execution-manager-grpc  | 
execution-manager-grpc  | [SCHEDULER] 🚀 Schedule started at T=0
execution-manager-grpc  | 
execution-manager-grpc  | [SCHEDULER] 🔄 Entering event loop (NO SLEEP - event-driven!)
execution-manager-grpc  | 
execution-manager-grpc  | [gRPC Client Async] Stream completed, received 1 responses
execution-manager-grpc  | [GRPC THREAD 4] Completed
execution-manager-grpc  | [EPOLL] T=10000 ms: epoll_wait returned 1 event(s)
execution-manager-grpc  | [EPOLL] event[0]: type=0 task=sum1
execution-manager-grpc  | [SCHEDULER] ⏰ T=10000 ms | T_wall=808691884.782 ms: Launching task 1 'sum1' (deadline: 40000 ms)
execution-manager-grpc  | [SCHEDULER] 🕐 Timeout armed for task 1 at T=40000 ms (in 30000 ms)
execution-manager-grpc  | [GRPC THREAD 1] Starting...
execution-manager-grpc  | [EXECUTION MANAGER] ⏱️ T1=808691884.866 ms | Sending gRPC request for task 1 'sum1'
execution-manager-grpc  | [gRPC Channel Pool] Reusing existing channel for localhost:50051 (state=2)
execution-manager-grpc  | [gRPC Client Async] Calling task 'sum1' at localhost:50051
execution-manager-grpc  | [gRPC Client Async] Inputs: {"total_ops": 800, "io_percentage": 50}
execution-manager-grpc  | [EPOLL] T=11000 ms: epoll_wait returned 1 event(s)
execution-manager-grpc  | [EPOLL] event[0]: type=0 task=sum2
execution-manager-grpc  | [SCHEDULER] ⏰ T=11000 ms | T_wall=808692884.790 ms: Launching task 2 'sum2' (deadline: 41000 ms)
execution-manager-grpc  | [SCHEDULER] 🕐 Timeout armed for task 2 at T=41000 ms (in 30000 ms)
execution-manager-grpc  | [GRPC THREAD 2] Starting...
execution-manager-grpc  | [EXECUTION MANAGER] ⏱️ T1=808692884.880 ms | Sending gRPC request for task 2 'sum2'
execution-manager-grpc  | [gRPC Channel Pool] Reusing existing channel for localhost:50052 (state=2)
execution-manager-grpc  | [gRPC Client Async] Calling task 'sum2' at localhost:50052
execution-manager-grpc  | [gRPC Client Async] Inputs: {"total_ops": 800, "io_percentage": 50}
execution-manager-grpc  | [gRPC Client Async] Response #1 - Status: COMPLETED
execution-manager-grpc  | 🎉 [T=13193 ms] Task 2 'sum2' COMPLETED
execution-manager-grpc  | [EXECUTION MANAGER] ⏱️ T2=808692885.387 ms | Thread started (server measured)
execution-manager-grpc  | [EXECUTION MANAGER] ⏱️ T3=808695076.740 ms | Task completed (server measured)
execution-manager-grpc  | [EXECUTION MANAGER] ⏱️ T4=808695077.204 ms | Result received by client
execution-manager-grpc  |    [TASK EXECUTION] 2191.353 ms (T3-T2, measured in thread)
execution-manager-grpc  |    [RESULT] {"result": 0}
execution-manager-grpc  | 
execution-manager-grpc  | ╔═══════════════════════════════════════════════════════════════╗
execution-manager-grpc  | ║           END-TO-END TIMING MEASUREMENT RECAP                 ║
execution-manager-grpc  | ║                   Task 2: sum2                                 
execution-manager-grpc  | ╠═══════════════════════════════════════════════════════════════╣
execution-manager-grpc  | ║ T1 (start_request)    = 808692884.880 ms                        ║
execution-manager-grpc  | ║ T2 (end_request)      = 808692885.387 ms                        ║
execution-manager-grpc  | ║ T3 (start_result)     = 808695076.740 ms                        ║
execution-manager-grpc  | ║ T4 (end_result)       = 808695077.204 ms                        ║
execution-manager-grpc  | ╠═══════════════════════════════════════════════════════════════╣
execution-manager-grpc  | ║ METRICS:                                                      ║
execution-manager-grpc  | ║   Request Latency    =        0.507 ms  (T2 - T1)            ║
execution-manager-grpc  | ║   Task Execution     =     2191.353 ms  (T3 - T2)            ║
execution-manager-grpc  | ║   Response Latency   =        0.464 ms  (T4 - T3)            ║
execution-manager-grpc  | ║   Total End-to-End   =     2192.324 ms  (T4 - T1)            ║
execution-manager-grpc  | ║   Network Overhead   =        0.971 ms  (Req + Resp)         ║
execution-manager-grpc  | ╚═══════════════════════════════════════════════════════════════╝
execution-manager-grpc  | 
execution-manager-grpc  | [EPOLL] T=13193 ms: epoll_wait returned 1 event(s)
execution-manager-grpc  | [EPOLL] event[0]: type=2 task=NULL
execution-manager-grpc  | [SCHEDULER] ✅ T=13193 ms: Task 2 'sum2' completed with status 2
execution-manager-grpc  | [SCHEDULER] 🔕 Timeout disarmed for task 2
execution-manager-grpc  | [SCHEDULER] 3 tasks remaining
execution-manager-grpc  | [gRPC Client Async] Stream completed, received 1 responses
execution-manager-grpc  | [GRPC THREAD 2] Completed
execution-manager-grpc  | [gRPC Client Async] Response #1 - Status: COMPLETED
execution-manager-grpc  | 🎉 [T=14374 ms] Task 1 'sum1' COMPLETED
execution-manager-grpc  | [EXECUTION MANAGER] ⏱️ T2=808691885.580 ms | Thread started (server measured)
execution-manager-grpc  | [EXECUTION MANAGER] ⏱️ T3=808696258.325 ms | Task completed (server measured)
execution-manager-grpc  | [EXECUTION MANAGER] ⏱️ T4=808696258.783 ms | Result received by client
execution-manager-grpc  |    [TASK EXECUTION] 4372.745 ms (T3-T2, measured in thread)
execution-manager-grpc  |    [RESULT] {"result": 0}
execution-manager-grpc  | 
execution-manager-grpc  | ╔═══════════════════════════════════════════════════════════════╗
execution-manager-grpc  | ║           END-TO-END TIMING MEASUREMENT RECAP                 ║
execution-manager-grpc  | ║                   Task 1: sum1                                 
execution-manager-grpc  | ╠═══════════════════════════════════════════════════════════════╣
execution-manager-grpc  | ║ T1 (start_request)    = 808691884.866 ms                        ║
execution-manager-grpc  | ║ T2 (end_request)      = 808691885.580 ms                        ║
execution-manager-grpc  | ║ T3 (start_result)     = 808696258.325 ms                        ║
execution-manager-grpc  | ║ T4 (end_result)       = 808696258.783 ms                        ║
execution-manager-grpc  | ╠═══════════════════════════════════════════════════════════════╣
execution-manager-grpc  | ║ METRICS:                                                      ║
execution-manager-grpc  | ║   Request Latency    =        0.714 ms  (T2 - T1)            ║
execution-manager-grpc  | ║   Task Execution     =     4372.745 ms  (T3 - T2)            ║
execution-manager-grpc  | ║   Response Latency   =        0.458 ms  (T4 - T3)            ║
execution-manager-grpc  | ║   Total End-to-End   =     4373.917 ms  (T4 - T1)            ║
execution-manager-grpc  | ║   Network Overhead   =        1.172 ms  (Req + Resp)         ║
execution-manager-grpc  | ╚═══════════════════════════════════════════════════════════════╝
execution-manager-grpc  | 
execution-manager-grpc  | [EPOLL] T=14374 ms: epoll_wait returned 1 event(s)
execution-manager-grpc  | [EPOLL] event[0]: type=2 task=NULL
execution-manager-grpc  | [SCHEDULER] ✅ T=14374 ms: Task 1 'sum1' completed with status 2
execution-manager-grpc  | [SCHEDULER] 🔕 Timeout disarmed for task 1
execution-manager-grpc  | [SCHEDULER] 2 tasks remaining
execution-manager-grpc  | [gRPC Client Async] Stream completed, received 1 responses
execution-manager-grpc  | [GRPC THREAD 1] Completed
execution-manager-grpc  | [EPOLL] T=20000 ms: epoll_wait returned 1 event(s)
execution-manager-grpc  | [EPOLL] event[0]: type=0 task=sum3
execution-manager-grpc  | [SCHEDULER] ⏰ T=20000 ms | T_wall=808701884.801 ms: Launching task 3 'sum3' (deadline: 50000 ms)
execution-manager-grpc  | [SCHEDULER] 🕐 Timeout armed for task 3 at T=50000 ms (in 30000 ms)
execution-manager-grpc  | [GRPC THREAD 3] Starting...
execution-manager-grpc  | [EXECUTION MANAGER] ⏱️ T1=808701884.881 ms | Sending gRPC request for task 3 'sum3'
execution-manager-grpc  | [gRPC Channel Pool] Reusing existing channel for localhost:50053 (state=2)
execution-manager-grpc  | [gRPC Client Async] Calling task 'sum3' at localhost:50053
execution-manager-grpc  | [gRPC Client Async] Inputs: {"total_ops": 800, "io_percentage": 50}
execution-manager-grpc  | [EPOLL] T=21000 ms: epoll_wait returned 1 event(s)
execution-manager-grpc  | [EPOLL] event[0]: type=0 task=sum4
execution-manager-grpc  | [SCHEDULER] ⏰ T=21000 ms | T_wall=808702884.808 ms: Launching task 4 'sum4' (deadline: 51000 ms)
execution-manager-grpc  | [SCHEDULER] 🕐 Timeout armed for task 4 at T=51000 ms (in 30000 ms)
execution-manager-grpc  | [GRPC THREAD 4] Starting...
execution-manager-grpc  | [EXECUTION MANAGER] ⏱️ T1=808702884.894 ms | Sending gRPC request for task 4 'sum4'
execution-manager-grpc  | [gRPC Channel Pool] Reusing existing channel for localhost:50054 (state=2)
execution-manager-grpc  | [gRPC Client Async] Calling task 'sum4' at localhost:50054
execution-manager-grpc  | [gRPC Client Async] Inputs: {"total_ops": 800, "io_percentage": 50}
execution-manager-grpc  | [gRPC Client Async] Response #1 - Status: COMPLETED
execution-manager-grpc  | 🎉 [T=22193 ms] Task 3 'sum3' COMPLETED
execution-manager-grpc  | [EXECUTION MANAGER] ⏱️ T2=808701885.895 ms | Thread started (server measured)
execution-manager-grpc  | [EXECUTION MANAGER] ⏱️ T3=808704077.466 ms | Task completed (server measured)
execution-manager-grpc  | [EXECUTION MANAGER] ⏱️ T4=808704077.918 ms | Result received by client
execution-manager-grpc  |    [TASK EXECUTION] 2191.571 ms (T3-T2, measured in thread)
execution-manager-grpc  |    [RESULT] {"result": 0}
execution-manager-grpc  | 
execution-manager-grpc  | ╔═══════════════════════════════════════════════════════════════╗
execution-manager-grpc  | ║           END-TO-END TIMING MEASUREMENT RECAP                 ║
execution-manager-grpc  | ║                   Task 3: sum3                                 
execution-manager-grpc  | ╠═══════════════════════════════════════════════════════════════╣
execution-manager-grpc  | ║ T1 (start_request)    = 808701884.881 ms                        ║
execution-manager-grpc  | ║ T2 (end_request)      = 808701885.895 ms                        ║
execution-manager-grpc  | ║ T3 (start_result)     = 808704077.466 ms                        ║
execution-manager-grpc  | ║ T4 (end_result)       = 808704077.918 ms                        ║
execution-manager-grpc  | ╠═══════════════════════════════════════════════════════════════╣
execution-manager-grpc  | ║ METRICS:                                                      ║
execution-manager-grpc  | ║   Request Latency    =        1.015 ms  (T2 - T1)            ║
execution-manager-grpc  | ║   Task Execution     =     2191.571 ms  (T3 - T2)            ║
execution-manager-grpc  | ║   Response Latency   =        0.452 ms  (T4 - T3)            ║
execution-manager-grpc  | ║   Total End-to-End   =     2193.038 ms  (T4 - T1)            ║
execution-manager-grpc  | ║   Network Overhead   =        1.467 ms  (Req + Resp)         ║
execution-manager-grpc  | ╚═══════════════════════════════════════════════════════════════╝
execution-manager-grpc  | 
execution-manager-grpc  | [EPOLL] T=22193 ms: epoll_wait returned 1 event(s)
execution-manager-grpc  | [EPOLL] event[0]: type=2 task=NULL
execution-manager-grpc  | [SCHEDULER] ✅ T=22193 ms: Task 3 'sum3' completed with status 2
execution-manager-grpc  | [SCHEDULER] 🔕 Timeout disarmed for task 3
execution-manager-grpc  | [SCHEDULER] 1 tasks remaining
execution-manager-grpc  | [gRPC Client Async] Stream completed, received 1 responses
execution-manager-grpc  | [GRPC THREAD 3] Completed
execution-manager-grpc  | [gRPC Client Async] Response #1 - Status: COMPLETED
execution-manager-grpc  | 🎉 [T=24386 ms] Task 4 'sum4' COMPLETED
execution-manager-grpc  | [EXECUTION MANAGER] ⏱️ T2=808704077.519 ms | Thread started (server measured)
execution-manager-grpc  | [EXECUTION MANAGER] ⏱️ T3=808706270.350 ms | Task completed (server measured)
execution-manager-grpc  | [EXECUTION MANAGER] ⏱️ T4=808706270.774 ms | Result received by client
execution-manager-grpc  |    [TASK EXECUTION] 2192.831 ms (T3-T2, measured in thread)
execution-manager-grpc  |    [RESULT] {"result": 0}
execution-manager-grpc  | 
execution-manager-grpc  | ╔═══════════════════════════════════════════════════════════════╗
execution-manager-grpc  | ║           END-TO-END TIMING MEASUREMENT RECAP                 ║
execution-manager-grpc  | ║                   Task 4: sum4                                 
execution-manager-grpc  | ╠═══════════════════════════════════════════════════════════════╣
execution-manager-grpc  | ║ T1 (start_request)    = 808702884.894 ms                        ║
execution-manager-grpc  | ║ T2 (end_request)      = 808704077.519 ms                        ║
execution-manager-grpc  | ║ T3 (start_result)     = 808706270.350 ms                        ║
execution-manager-grpc  | ║ T4 (end_result)       = 808706270.774 ms                        ║
execution-manager-grpc  | ╠═══════════════════════════════════════════════════════════════╣
execution-manager-grpc  | ║ METRICS:                                                      ║
execution-manager-grpc  | ║   Request Latency    =     1192.625 ms  (T2 - T1)            ║
execution-manager-grpc  | ║   Task Execution     =     2192.831 ms  (T3 - T2)            ║
execution-manager-grpc  | ║   Response Latency   =        0.424 ms  (T4 - T3)            ║
execution-manager-grpc  | ║   Total End-to-End   =     3385.881 ms  (T4 - T1)            ║
execution-manager-grpc  | ║   Network Overhead   =     1193.050 ms  (Req + Resp)         ║
execution-manager-grpc  | ╚═══════════════════════════════════════════════════════════════╝
execution-manager-grpc  | 
execution-manager-grpc  | [EPOLL] T=24386 ms: epoll_wait returned 1 event(s)
execution-manager-grpc  | [EPOLL] event[0]: type=2 task=NULL
execution-manager-grpc  | [SCHEDULER] ✅ T=24386 ms: Task 4 'sum4' completed with status 2
execution-manager-grpc  | [SCHEDULER] 🔕 Timeout disarmed for task 4
execution-manager-grpc  | [SCHEDULER] 0 tasks remaining
execution-manager-grpc  | 
execution-manager-grpc  | [SCHEDULER] 🏁 Iteration 7/50 complete!
execution-manager-grpc  | [SCHEDULER] Iteration execution time: 24386 ms
execution-manager-grpc  | 
execution-manager-grpc  | 
execution-manager-grpc  | [SCHEDULER] 🔁 ===== ITERATION 8 / 50 =====
execution-manager-grpc  | 
execution-manager-grpc  | [SCHEDULER] 🚀 Schedule started at T=0
execution-manager-grpc  | 
execution-manager-grpc  | [SCHEDULER] 🔄 Entering event loop (NO SLEEP - event-driven!)
execution-manager-grpc  | 
execution-manager-grpc  | [gRPC Client Async] Stream completed, received 1 responses
execution-manager-grpc  | [GRPC THREAD 4] Completed
execution-manager-grpc  | [EPOLL] T=10000 ms: epoll_wait returned 1 event(s)
execution-manager-grpc  | [EPOLL] event[0]: type=0 task=sum1
execution-manager-grpc  | [SCHEDULER] ⏰ T=10000 ms | T_wall=808716270.893 ms: Launching task 1 'sum1' (deadline: 40000 ms)
execution-manager-grpc  | [SCHEDULER] 🕐 Timeout armed for task 1 at T=40000 ms (in 30000 ms)
execution-manager-grpc  | [GRPC THREAD 1] Starting...
execution-manager-grpc  | [EXECUTION MANAGER] ⏱️ T1=808716270.989 ms | Sending gRPC request for task 1 'sum1'
execution-manager-grpc  | [gRPC Channel Pool] Reusing existing channel for localhost:50051 (state=2)
execution-manager-grpc  | [gRPC Client Async] Calling task 'sum1' at localhost:50051
execution-manager-grpc  | [gRPC Client Async] Inputs: {"total_ops": 800, "io_percentage": 50}
execution-manager-grpc  | [EPOLL] T=11000 ms: epoll_wait returned 1 event(s)
execution-manager-grpc  | [EPOLL] event[0]: type=0 task=sum2
execution-manager-grpc  | [SCHEDULER] ⏰ T=11000 ms | T_wall=808717270.908 ms: Launching task 2 'sum2' (deadline: 41000 ms)
execution-manager-grpc  | [SCHEDULER] 🕐 Timeout armed for task 2 at T=41000 ms (in 30000 ms)
execution-manager-grpc  | [GRPC THREAD 2] Starting...
execution-manager-grpc  | [EXECUTION MANAGER] ⏱️ T1=808717271.005 ms | Sending gRPC request for task 2 'sum2'
execution-manager-grpc  | [gRPC Channel Pool] Reusing existing channel for localhost:50052 (state=2)
execution-manager-grpc  | [gRPC Client Async] Calling task 'sum2' at localhost:50052
execution-manager-grpc  | [gRPC Client Async] Inputs: {"total_ops": 800, "io_percentage": 50}
execution-manager-grpc  | [gRPC Client Async] Response #1 - Status: COMPLETED
execution-manager-grpc  | 🎉 [T=13193 ms] Task 2 'sum2' COMPLETED
execution-manager-grpc  | [EXECUTION MANAGER] ⏱️ T2=808717271.562 ms | Thread started (server measured)
execution-manager-grpc  | [EXECUTION MANAGER] ⏱️ T3=808719463.134 ms | Task completed (server measured)
execution-manager-grpc  | [EXECUTION MANAGER] ⏱️ T4=808719463.602 ms | Result received by client
execution-manager-grpc  |    [TASK EXECUTION] 2191.573 ms (T3-T2, measured in thread)
execution-manager-grpc  |    [RESULT] {"result": 0}
execution-manager-grpc  | 
execution-manager-grpc  | ╔═══════════════════════════════════════════════════════════════╗
execution-manager-grpc  | ║           END-TO-END TIMING MEASUREMENT RECAP                 ║
execution-manager-grpc  | ║                   Task 2: sum2                                 
execution-manager-grpc  | ╠═══════════════════════════════════════════════════════════════╣
execution-manager-grpc  | ║ T1 (start_request)    = 808717271.005 ms                        ║
execution-manager-grpc  | ║ T2 (end_request)      = 808717271.562 ms                        ║
execution-manager-grpc  | ║ T3 (start_result)     = 808719463.134 ms                        ║
execution-manager-grpc  | ║ T4 (end_result)       = 808719463.602 ms                        ║
execution-manager-grpc  | ╠═══════════════════════════════════════════════════════════════╣
execution-manager-grpc  | ║ METRICS:                                                      ║
execution-manager-grpc  | ║   Request Latency    =        0.556 ms  (T2 - T1)            ║
execution-manager-grpc  | ║   Task Execution     =     2191.573 ms  (T3 - T2)            ║
execution-manager-grpc  | ║   Response Latency   =        0.468 ms  (T4 - T3)            ║
execution-manager-grpc  | ║   Total End-to-End   =     2192.596 ms  (T4 - T1)            ║
execution-manager-grpc  | ║   Network Overhead   =        1.024 ms  (Req + Resp)         ║
execution-manager-grpc  | ╚═══════════════════════════════════════════════════════════════╝
execution-manager-grpc  | 
execution-manager-grpc  | [EPOLL] T=13193 ms: epoll_wait returned 1 event(s)
execution-manager-grpc  | [EPOLL] event[0]: type=2 task=NULL
execution-manager-grpc  | [SCHEDULER] ✅ T=13193 ms: Task 2 'sum2' completed with status 2
execution-manager-grpc  | [SCHEDULER] 🔕 Timeout disarmed for task 2
execution-manager-grpc  | [SCHEDULER] 3 tasks remaining
execution-manager-grpc  | [gRPC Client Async] Stream completed, received 1 responses
execution-manager-grpc  | [GRPC THREAD 2] Completed
execution-manager-grpc  | [gRPC Client Async] Response #1 - Status: COMPLETED
execution-manager-grpc  | 🎉 [T=14375 ms] Task 1 'sum1' COMPLETED
execution-manager-grpc  | [EXECUTION MANAGER] ⏱️ T2=808716271.868 ms | Thread started (server measured)
execution-manager-grpc  | [EXECUTION MANAGER] ⏱️ T3=808720644.781 ms | Task completed (server measured)
execution-manager-grpc  | [EXECUTION MANAGER] ⏱️ T4=808720645.263 ms | Result received by client
execution-manager-grpc  |    [TASK EXECUTION] 4372.913 ms (T3-T2, measured in thread)
execution-manager-grpc  |    [RESULT] {"result": 0}
execution-manager-grpc  | 
execution-manager-grpc  | ╔═══════════════════════════════════════════════════════════════╗
execution-manager-grpc  | ║           END-TO-END TIMING MEASUREMENT RECAP                 ║
execution-manager-grpc  | ║                   Task 1: sum1                                 
execution-manager-grpc  | ╠═══════════════════════════════════════════════════════════════╣
execution-manager-grpc  | ║ T1 (start_request)    = 808716270.989 ms                        ║
execution-manager-grpc  | ║ T2 (end_request)      = 808716271.868 ms                        ║
execution-manager-grpc  | ║ T3 (start_result)     = 808720644.781 ms                        ║
execution-manager-grpc  | ║ T4 (end_result)       = 808720645.263 ms                        ║
execution-manager-grpc  | ╠═══════════════════════════════════════════════════════════════╣
execution-manager-grpc  | ║ METRICS:                                                      ║
execution-manager-grpc  | ║   Request Latency    =        0.878 ms  (T2 - T1)            ║
execution-manager-grpc  | ║   Task Execution     =     4372.913 ms  (T3 - T2)            ║
execution-manager-grpc  | ║   Response Latency   =        0.482 ms  (T4 - T3)            ║
execution-manager-grpc  | ║   Total End-to-End   =     4374.274 ms  (T4 - T1)            ║
execution-manager-grpc  | ║   Network Overhead   =        1.360 ms  (Req + Resp)         ║
execution-manager-grpc  | ╚═══════════════════════════════════════════════════════════════╝
execution-manager-grpc  | 
execution-manager-grpc  | [EPOLL] T=14375 ms: epoll_wait returned 1 event(s)
execution-manager-grpc  | [EPOLL] event[0]: type=2 task=NULL
execution-manager-grpc  | [SCHEDULER] ✅ T=14375 ms: Task 1 'sum1' completed with status 2
execution-manager-grpc  | [SCHEDULER] 🔕 Timeout disarmed for task 1
execution-manager-grpc  | [SCHEDULER] 2 tasks remaining
execution-manager-grpc  | [gRPC Client Async] Stream completed, received 1 responses
execution-manager-grpc  | [GRPC THREAD 1] Completed
execution-manager-grpc  | [EPOLL] T=20000 ms: epoll_wait returned 1 event(s)
execution-manager-grpc  | [EPOLL] event[0]: type=0 task=sum3
execution-manager-grpc  | [SCHEDULER] ⏰ T=20000 ms | T_wall=808726270.917 ms: Launching task 3 'sum3' (deadline: 50000 ms)
execution-manager-grpc  | [SCHEDULER] 🕐 Timeout armed for task 3 at T=50000 ms (in 30000 ms)
execution-manager-grpc  | [GRPC THREAD 3] Starting...
execution-manager-grpc  | [EXECUTION MANAGER] ⏱️ T1=808726271.017 ms | Sending gRPC request for task 3 'sum3'
execution-manager-grpc  | [gRPC Channel Pool] Reusing existing channel for localhost:50053 (state=2)
execution-manager-grpc  | [gRPC Client Async] Calling task 'sum3' at localhost:50053
execution-manager-grpc  | [gRPC Client Async] Inputs: {"total_ops": 800, "io_percentage": 50}
execution-manager-grpc  | [EPOLL] T=21000 ms: epoll_wait returned 1 event(s)
execution-manager-grpc  | [EPOLL] event[0]: type=0 task=sum4
execution-manager-grpc  | [SCHEDULER] ⏰ T=21000 ms | T_wall=808727270.927 ms: Launching task 4 'sum4' (deadline: 51000 ms)
execution-manager-grpc  | [SCHEDULER] 🕐 Timeout armed for task 4 at T=51000 ms (in 30000 ms)
execution-manager-grpc  | [GRPC THREAD 4] Starting...
execution-manager-grpc  | [EXECUTION MANAGER] ⏱️ T1=808727271.025 ms | Sending gRPC request for task 4 'sum4'
execution-manager-grpc  | [gRPC Channel Pool] Reusing existing channel for localhost:50054 (state=2)
execution-manager-grpc  | [gRPC Client Async] Calling task 'sum4' at localhost:50054
execution-manager-grpc  | [gRPC Client Async] Inputs: {"total_ops": 800, "io_percentage": 50}
execution-manager-grpc  | [gRPC Client Async] Response #1 - Status: COMPLETED
execution-manager-grpc  | 🎉 [T=22194 ms] Task 3 'sum3' COMPLETED
execution-manager-grpc  | [EXECUTION MANAGER] ⏱️ T2=808726271.992 ms | Thread started (server measured)
execution-manager-grpc  | [EXECUTION MANAGER] ⏱️ T3=808728463.993 ms | Task completed (server measured)
execution-manager-grpc  | [EXECUTION MANAGER] ⏱️ T4=808728464.511 ms | Result received by client
execution-manager-grpc  |    [TASK EXECUTION] 2192.001 ms (T3-T2, measured in thread)
execution-manager-grpc  |    [RESULT] {"result": 0}
execution-manager-grpc  | 
execution-manager-grpc  | ╔═══════════════════════════════════════════════════════════════╗
execution-manager-grpc  | ║           END-TO-END TIMING MEASUREMENT RECAP                 ║
execution-manager-grpc  | ║                   Task 3: sum3                                 
execution-manager-grpc  | ╠═══════════════════════════════════════════════════════════════╣
execution-manager-grpc  | ║ T1 (start_request)    = 808726271.017 ms                        ║
execution-manager-grpc  | ║ T2 (end_request)      = 808726271.992 ms                        ║
execution-manager-grpc  | ║ T3 (start_result)     = 808728463.993 ms                        ║
execution-manager-grpc  | ║ T4 (end_result)       = 808728464.511 ms                        ║
execution-manager-grpc  | ╠═══════════════════════════════════════════════════════════════╣
execution-manager-grpc  | ║ METRICS:                                                      ║
execution-manager-grpc  | ║   Request Latency    =        0.976 ms  (T2 - T1)            ║
execution-manager-grpc  | ║   Task Execution     =     2192.001 ms  (T3 - T2)            ║
execution-manager-grpc  | ║   Response Latency   =        0.518 ms  (T4 - T3)            ║
execution-manager-grpc  | ║   Total End-to-End   =     2193.495 ms  (T4 - T1)            ║
execution-manager-grpc  | ║   Network Overhead   =        1.494 ms  (Req + Resp)         ║
execution-manager-grpc  | ╚═══════════════════════════════════════════════════════════════╝
execution-manager-grpc  | 
execution-manager-grpc  | [EPOLL] T=22194 ms: epoll_wait returned 1 event(s)
execution-manager-grpc  | [EPOLL] event[0]: type=2 task=NULL
execution-manager-grpc  | [SCHEDULER] ✅ T=22194 ms: Task 3 'sum3' completed with status 2
execution-manager-grpc  | [SCHEDULER] 🔕 Timeout disarmed for task 3
execution-manager-grpc  | [SCHEDULER] 1 tasks remaining
execution-manager-grpc  | [gRPC Client Async] Stream completed, received 1 responses
execution-manager-grpc  | [GRPC THREAD 3] Completed
execution-manager-grpc  | [gRPC Client Async] Response #1 - Status: COMPLETED
execution-manager-grpc  | 🎉 [T=24387 ms] Task 4 'sum4' COMPLETED
execution-manager-grpc  | [EXECUTION MANAGER] ⏱️ T2=808728464.054 ms | Thread started (server measured)
execution-manager-grpc  | [EXECUTION MANAGER] ⏱️ T3=808730656.632 ms | Task completed (server measured)
execution-manager-grpc  | [EXECUTION MANAGER] ⏱️ T4=808730657.039 ms | Result received by client
execution-manager-grpc  |    [TASK EXECUTION] 2192.578 ms (T3-T2, measured in thread)
execution-manager-grpc  |    [RESULT] {"result": 0}
execution-manager-grpc  | 
execution-manager-grpc  | ╔═══════════════════════════════════════════════════════════════╗
execution-manager-grpc  | ║           END-TO-END TIMING MEASUREMENT RECAP                 ║
execution-manager-grpc  | ║                   Task 4: sum4                                 
execution-manager-grpc  | ╠═══════════════════════════════════════════════════════════════╣
execution-manager-grpc  | ║ T1 (start_request)    = 808727271.025 ms                        ║
execution-manager-grpc  | ║ T2 (end_request)      = 808728464.054 ms                        ║
execution-manager-grpc  | ║ T3 (start_result)     = 808730656.632 ms                        ║
execution-manager-grpc  | ║ T4 (end_result)       = 808730657.039 ms                        ║
execution-manager-grpc  | ╠═══════════════════════════════════════════════════════════════╣
execution-manager-grpc  | ║ METRICS:                                                      ║
execution-manager-grpc  | ║   Request Latency    =     1193.029 ms  (T2 - T1)            ║
execution-manager-grpc  | ║   Task Execution     =     2192.578 ms  (T3 - T2)            ║
execution-manager-grpc  | ║   Response Latency   =        0.407 ms  (T4 - T3)            ║
execution-manager-grpc  | ║   Total End-to-End   =     3386.014 ms  (T4 - T1)            ║
execution-manager-grpc  | ║   Network Overhead   =     1193.436 ms  (Req + Resp)         ║
execution-manager-grpc  | ╚═══════════════════════════════════════════════════════════════╝
execution-manager-grpc  | 
execution-manager-grpc  | [EPOLL] T=24387 ms: epoll_wait returned 1 event(s)
execution-manager-grpc  | [EPOLL] event[0]: type=2 task=NULL
execution-manager-grpc  | [SCHEDULER] ✅ T=24387 ms: Task 4 'sum4' completed with status 2
execution-manager-grpc  | [SCHEDULER] 🔕 Timeout disarmed for task 4
execution-manager-grpc  | [SCHEDULER] 0 tasks remaining
execution-manager-grpc  | 
execution-manager-grpc  | [SCHEDULER] 🏁 Iteration 8/50 complete!
execution-manager-grpc  | [SCHEDULER] Iteration execution time: 24387 ms
execution-manager-grpc  | 
execution-manager-grpc  | 
execution-manager-grpc  | [SCHEDULER] 🔁 ===== ITERATION 9 / 50 =====
execution-manager-grpc  | 
execution-manager-grpc  | [SCHEDULER] 🚀 Schedule started at T=0
execution-manager-grpc  | 
execution-manager-grpc  | [SCHEDULER] 🔄 Entering event loop (NO SLEEP - event-driven!)
execution-manager-grpc  | 
execution-manager-grpc  | [gRPC Client Async] Stream completed, received 1 responses
execution-manager-grpc  | [GRPC THREAD 4] Completed
execution-manager-grpc  | [EPOLL] T=10000 ms: epoll_wait returned 1 event(s)
execution-manager-grpc  | [EPOLL] event[0]: type=0 task=sum1
execution-manager-grpc  | [SCHEDULER] ⏰ T=10000 ms | T_wall=808740657.160 ms: Launching task 1 'sum1' (deadline: 40000 ms)
execution-manager-grpc  | [SCHEDULER] 🕐 Timeout armed for task 1 at T=40000 ms (in 30000 ms)
execution-manager-grpc  | [GRPC THREAD 1] Starting...
execution-manager-grpc  | [EXECUTION MANAGER] ⏱️ T1=808740657.240 ms | Sending gRPC request for task 1 'sum1'
execution-manager-grpc  | [gRPC Channel Pool] Reusing existing channel for localhost:50051 (state=2)
execution-manager-grpc  | [gRPC Client Async] Calling task 'sum1' at localhost:50051
execution-manager-grpc  | [gRPC Client Async] Inputs: {"total_ops": 800, "io_percentage": 50}
execution-manager-grpc  | [EPOLL] T=11000 ms: epoll_wait returned 1 event(s)
execution-manager-grpc  | [EPOLL] event[0]: type=0 task=sum2
execution-manager-grpc  | [SCHEDULER] ⏰ T=11000 ms | T_wall=808741657.170 ms: Launching task 2 'sum2' (deadline: 41000 ms)
execution-manager-grpc  | [SCHEDULER] 🕐 Timeout armed for task 2 at T=41000 ms (in 30000 ms)
execution-manager-grpc  | [GRPC THREAD 2] Starting...
execution-manager-grpc  | [EXECUTION MANAGER] ⏱️ T1=808741657.263 ms | Sending gRPC request for task 2 'sum2'
execution-manager-grpc  | [gRPC Channel Pool] Reusing existing channel for localhost:50052 (state=2)
execution-manager-grpc  | [gRPC Client Async] Calling task 'sum2' at localhost:50052
execution-manager-grpc  | [gRPC Client Async] Inputs: {"total_ops": 800, "io_percentage": 50}
execution-manager-grpc  | [gRPC Client Async] Response #1 - Status: COMPLETED
execution-manager-grpc  | 🎉 [T=13194 ms] Task 2 'sum2' COMPLETED
execution-manager-grpc  | [EXECUTION MANAGER] ⏱️ T2=808741657.755 ms | Thread started (server measured)
execution-manager-grpc  | [EXECUTION MANAGER] ⏱️ T3=808743851.432 ms | Task completed (server measured)
execution-manager-grpc  | [EXECUTION MANAGER] ⏱️ T4=808743851.875 ms | Result received by client
execution-manager-grpc  |    [TASK EXECUTION] 2193.677 ms (T3-T2, measured in thread)
execution-manager-grpc  |    [RESULT] {"result": 0}
execution-manager-grpc  | 
execution-manager-grpc  | ╔═══════════════════════════════════════════════════════════════╗
execution-manager-grpc  | ║           END-TO-END TIMING MEASUREMENT RECAP                 ║
execution-manager-grpc  | ║                   Task 2: sum2                                 
execution-manager-grpc  | ╠═══════════════════════════════════════════════════════════════╣
execution-manager-grpc  | ║ T1 (start_request)    = 808741657.263 ms                        ║
execution-manager-grpc  | ║ T2 (end_request)      = 808741657.755 ms                        ║
execution-manager-grpc  | ║ T3 (start_result)     = 808743851.432 ms                        ║
execution-manager-grpc  | ║ T4 (end_result)       = 808743851.875 ms                        ║
execution-manager-grpc  | ╠═══════════════════════════════════════════════════════════════╣
execution-manager-grpc  | ║ METRICS:                                                      ║
execution-manager-grpc  | ║   Request Latency    =        0.491 ms  (T2 - T1)            ║
execution-manager-grpc  | ║   Task Execution     =     2193.677 ms  (T3 - T2)            ║
execution-manager-grpc  | ║   Response Latency   =        0.442 ms  (T4 - T3)            ║
execution-manager-grpc  | ║   Total End-to-End   =     2194.611 ms  (T4 - T1)            ║
execution-manager-grpc  | ║   Network Overhead   =        0.934 ms  (Req + Resp)         ║
execution-manager-grpc  | ╚═══════════════════════════════════════════════════════════════╝
execution-manager-grpc  | 
execution-manager-grpc  | [EPOLL] T=13194 ms: epoll_wait returned 1 event(s)
execution-manager-grpc  | [EPOLL] event[0]: type=2 task=NULL
execution-manager-grpc  | [SCHEDULER] ✅ T=13194 ms: Task 2 'sum2' completed with status 2
execution-manager-grpc  | [SCHEDULER] 🔕 Timeout disarmed for task 2
execution-manager-grpc  | [SCHEDULER] 3 tasks remaining
execution-manager-grpc  | [gRPC Client Async] Stream completed, received 1 responses
execution-manager-grpc  | [GRPC THREAD 2] Completed
execution-manager-grpc  | [gRPC Client Async] Response #1 - Status: COMPLETED
execution-manager-grpc  | 🎉 [T=14377 ms] Task 1 'sum1' COMPLETED
execution-manager-grpc  | [EXECUTION MANAGER] ⏱️ T2=808740657.925 ms | Thread started (server measured)
execution-manager-grpc  | [EXECUTION MANAGER] ⏱️ T3=808745033.770 ms | Task completed (server measured)
execution-manager-grpc  | [EXECUTION MANAGER] ⏱️ T4=808745034.233 ms | Result received by client
execution-manager-grpc  |    [TASK EXECUTION] 4375.845 ms (T3-T2, measured in thread)
execution-manager-grpc  |    [RESULT] {"result": 0}
execution-manager-grpc  | 
execution-manager-grpc  | ╔═══════════════════════════════════════════════════════════════╗
execution-manager-grpc  | ║           END-TO-END TIMING MEASUREMENT RECAP                 ║
execution-manager-grpc  | ║                   Task 1: sum1                                 
execution-manager-grpc  | ╠═══════════════════════════════════════════════════════════════╣
execution-manager-grpc  | ║ T1 (start_request)    = 808740657.240 ms                        ║
execution-manager-grpc  | ║ T2 (end_request)      = 808740657.925 ms                        ║
execution-manager-grpc  | ║ T3 (start_result)     = 808745033.770 ms                        ║
execution-manager-grpc  | ║ T4 (end_result)       = 808745034.233 ms                        ║
execution-manager-grpc  | ╠═══════════════════════════════════════════════════════════════╣
execution-manager-grpc  | ║ METRICS:                                                      ║
execution-manager-grpc  | ║   Request Latency    =        0.685 ms  (T2 - T1)            ║
execution-manager-grpc  | ║   Task Execution     =     4375.845 ms  (T3 - T2)            ║
execution-manager-grpc  | ║   Response Latency   =        0.463 ms  (T4 - T3)            ║
execution-manager-grpc  | ║   Total End-to-End   =     4376.992 ms  (T4 - T1)            ║
execution-manager-grpc  | ║   Network Overhead   =        1.148 ms  (Req + Resp)         ║
execution-manager-grpc  | ╚═══════════════════════════════════════════════════════════════╝
execution-manager-grpc  | 
execution-manager-grpc  | [EPOLL] T=14377 ms: epoll_wait returned 1 event(s)
execution-manager-grpc  | [EPOLL] event[0]: type=2 task=NULL
execution-manager-grpc  | [SCHEDULER] ✅ T=14377 ms: Task 1 'sum1' completed with status 2
execution-manager-grpc  | [SCHEDULER] 🔕 Timeout disarmed for task 1
execution-manager-grpc  | [SCHEDULER] 2 tasks remaining
execution-manager-grpc  | [gRPC Client Async] Stream completed, received 1 responses
execution-manager-grpc  | [GRPC THREAD 1] Completed
execution-manager-grpc  | [EPOLL] T=20000 ms: epoll_wait returned 1 event(s)
execution-manager-grpc  | [EPOLL] event[0]: type=0 task=sum3
execution-manager-grpc  | [SCHEDULER] ⏰ T=20000 ms | T_wall=808750657.219 ms: Launching task 3 'sum3' (deadline: 50000 ms)
execution-manager-grpc  | [SCHEDULER] 🕐 Timeout armed for task 3 at T=50000 ms (in 30000 ms)
execution-manager-grpc  | [GRPC THREAD 3] Starting...
execution-manager-grpc  | [EXECUTION MANAGER] ⏱️ T1=808750657.300 ms | Sending gRPC request for task 3 'sum3'
execution-manager-grpc  | [gRPC Channel Pool] Reusing existing channel for localhost:50053 (state=2)
execution-manager-grpc  | [gRPC Client Async] Calling task 'sum3' at localhost:50053
execution-manager-grpc  | [gRPC Client Async] Inputs: {"total_ops": 800, "io_percentage": 50}
execution-manager-grpc  | [EPOLL] T=21000 ms: epoll_wait returned 1 event(s)
execution-manager-grpc  | [EPOLL] event[0]: type=0 task=sum4
execution-manager-grpc  | [SCHEDULER] ⏰ T=21000 ms | T_wall=808751657.186 ms: Launching task 4 'sum4' (deadline: 51000 ms)
execution-manager-grpc  | [SCHEDULER] 🕐 Timeout armed for task 4 at T=51000 ms (in 30000 ms)
execution-manager-grpc  | [GRPC THREAD 4] Starting...
execution-manager-grpc  | [EXECUTION MANAGER] ⏱️ T1=808751657.277 ms | Sending gRPC request for task 4 'sum4'
execution-manager-grpc  | [gRPC Channel Pool] Reusing existing channel for localhost:50054 (state=2)
execution-manager-grpc  | [gRPC Client Async] Calling task 'sum4' at localhost:50054
execution-manager-grpc  | [gRPC Client Async] Inputs: {"total_ops": 800, "io_percentage": 50}
execution-manager-grpc  | [gRPC Client Async] Response #1 - Status: COMPLETED
execution-manager-grpc  | 🎉 [T=22192 ms] Task 3 'sum3' COMPLETED
execution-manager-grpc  | [EXECUTION MANAGER] ⏱️ T2=808750657.810 ms | Thread started (server measured)
execution-manager-grpc  | [EXECUTION MANAGER] ⏱️ T3=808752849.541 ms | Task completed (server measured)
execution-manager-grpc  | [EXECUTION MANAGER] ⏱️ T4=808752849.974 ms | Result received by client
execution-manager-grpc  |    [TASK EXECUTION] 2191.731 ms (T3-T2, measured in thread)
execution-manager-grpc  |    [RESULT] {"result": 0}
execution-manager-grpc  | 
execution-manager-grpc  | ╔═══════════════════════════════════════════════════════════════╗
execution-manager-grpc  | ║           END-TO-END TIMING MEASUREMENT RECAP                 ║
execution-manager-grpc  | ║                   Task 3: sum3                                 
execution-manager-grpc  | ╠═══════════════════════════════════════════════════════════════╣
execution-manager-grpc  | ║ T1 (start_request)    = 808750657.300 ms                        ║
execution-manager-grpc  | ║ T2 (end_request)      = 808750657.810 ms                        ║
execution-manager-grpc  | ║ T3 (start_result)     = 808752849.541 ms                        ║
execution-manager-grpc  | ║ T4 (end_result)       = 808752849.974 ms                        ║
execution-manager-grpc  | ╠═══════════════════════════════════════════════════════════════╣
execution-manager-grpc  | ║ METRICS:                                                      ║
execution-manager-grpc  | ║   Request Latency    =        0.510 ms  (T2 - T1)            ║
execution-manager-grpc  | ║   Task Execution     =     2191.731 ms  (T3 - T2)            ║
execution-manager-grpc  | ║   Response Latency   =        0.433 ms  (T4 - T3)            ║
execution-manager-grpc  | ║   Total End-to-End   =     2192.674 ms  (T4 - T1)            ║
execution-manager-grpc  | ║   Network Overhead   =        0.944 ms  (Req + Resp)         ║
execution-manager-grpc  | ╚═══════════════════════════════════════════════════════════════╝
execution-manager-grpc  | 
execution-manager-grpc  | [EPOLL] T=22193 ms: epoll_wait returned 1 event(s)
execution-manager-grpc  | [EPOLL] event[0]: type=2 task=NULL
execution-manager-grpc  | [SCHEDULER] ✅ T=22193 ms: Task 3 'sum3' completed with status 2
execution-manager-grpc  | [SCHEDULER] 🔕 Timeout disarmed for task 3
execution-manager-grpc  | [SCHEDULER] 1 tasks remaining
execution-manager-grpc  | [gRPC Client Async] Stream completed, received 1 responses
execution-manager-grpc  | [GRPC THREAD 3] Completed
execution-manager-grpc  | [gRPC Client Async] Response #1 - Status: COMPLETED
execution-manager-grpc  | 🎉 [T=24385 ms] Task 4 'sum4' COMPLETED
execution-manager-grpc  | [EXECUTION MANAGER] ⏱️ T2=808752849.592 ms | Thread started (server measured)
execution-manager-grpc  | [EXECUTION MANAGER] ⏱️ T3=808755042.205 ms | Task completed (server measured)
execution-manager-grpc  | [EXECUTION MANAGER] ⏱️ T4=808755042.602 ms | Result received by client
execution-manager-grpc  |    [TASK EXECUTION] 2192.613 ms (T3-T2, measured in thread)
execution-manager-grpc  |    [RESULT] {"result": 0}
execution-manager-grpc  | 
execution-manager-grpc  | ╔═══════════════════════════════════════════════════════════════╗
execution-manager-grpc  | ║           END-TO-END TIMING MEASUREMENT RECAP                 ║
execution-manager-grpc  | ║                   Task 4: sum4                                 
execution-manager-grpc  | ╠═══════════════════════════════════════════════════════════════╣
execution-manager-grpc  | ║ T1 (start_request)    = 808751657.277 ms                        ║
execution-manager-grpc  | ║ T2 (end_request)      = 808752849.592 ms                        ║
execution-manager-grpc  | ║ T3 (start_result)     = 808755042.205 ms                        ║
execution-manager-grpc  | ║ T4 (end_result)       = 808755042.602 ms                        ║
execution-manager-grpc  | ╠═══════════════════════════════════════════════════════════════╣
execution-manager-grpc  | ║ METRICS:                                                      ║
execution-manager-grpc  | ║   Request Latency    =     1192.315 ms  (T2 - T1)            ║
execution-manager-grpc  | ║   Task Execution     =     2192.613 ms  (T3 - T2)            ║
execution-manager-grpc  | ║   Response Latency   =        0.396 ms  (T4 - T3)            ║
execution-manager-grpc  | ║   Total End-to-End   =     3385.325 ms  (T4 - T1)            ║
execution-manager-grpc  | ║   Network Overhead   =     1192.711 ms  (Req + Resp)         ║
execution-manager-grpc  | ╚═══════════════════════════════════════════════════════════════╝
execution-manager-grpc  | 
execution-manager-grpc  | [EPOLL] T=24385 ms: epoll_wait returned 1 event(s)
execution-manager-grpc  | [EPOLL] event[0]: type=2 task=NULL
execution-manager-grpc  | [SCHEDULER] ✅ T=24385 ms: Task 4 'sum4' completed with status 2
execution-manager-grpc  | [SCHEDULER] 🔕 Timeout disarmed for task 4
execution-manager-grpc  | [SCHEDULER] 0 tasks remaining
execution-manager-grpc  | 
execution-manager-grpc  | [SCHEDULER] 🏁 Iteration 9/50 complete!
execution-manager-grpc  | [SCHEDULER] Iteration execution time: 24385 ms
execution-manager-grpc  | 
execution-manager-grpc  | 
execution-manager-grpc  | [SCHEDULER] 🔁 ===== ITERATION 10 / 50 =====
execution-manager-grpc  | 
execution-manager-grpc  | [SCHEDULER] 🚀 Schedule started at T=0
execution-manager-grpc  | 
execution-manager-grpc  | [SCHEDULER] 🔄 Entering event loop (NO SLEEP - event-driven!)
execution-manager-grpc  | 
execution-manager-grpc  | [gRPC Client Async] Stream completed, received 1 responses
execution-manager-grpc  | [GRPC THREAD 4] Completed
execution-manager-grpc  | [EPOLL] T=10000 ms: epoll_wait returned 1 event(s)
execution-manager-grpc  | [EPOLL] event[0]: type=0 task=sum1
execution-manager-grpc  | [SCHEDULER] ⏰ T=10000 ms | T_wall=808765042.723 ms: Launching task 1 'sum1' (deadline: 40000 ms)
execution-manager-grpc  | [SCHEDULER] 🕐 Timeout armed for task 1 at T=40000 ms (in 30000 ms)
execution-manager-grpc  | [GRPC THREAD 1] Starting...
execution-manager-grpc  | [EXECUTION MANAGER] ⏱️ T1=808765042.810 ms | Sending gRPC request for task 1 'sum1'
execution-manager-grpc  | [gRPC Channel Pool] Reusing existing channel for localhost:50051 (state=2)
execution-manager-grpc  | [gRPC Client Async] Calling task 'sum1' at localhost:50051
execution-manager-grpc  | [gRPC Client Async] Inputs: {"total_ops": 800, "io_percentage": 50}
execution-manager-grpc  | [EPOLL] T=11000 ms: epoll_wait returned 1 event(s)
execution-manager-grpc  | [EPOLL] event[0]: type=0 task=sum2
execution-manager-grpc  | [SCHEDULER] ⏰ T=11000 ms | T_wall=808766042.730 ms: Launching task 2 'sum2' (deadline: 41000 ms)
execution-manager-grpc  | [SCHEDULER] 🕐 Timeout armed for task 2 at T=41000 ms (in 30000 ms)
execution-manager-grpc  | [GRPC THREAD 2] Starting...
execution-manager-grpc  | [EXECUTION MANAGER] ⏱️ T1=808766042.832 ms | Sending gRPC request for task 2 'sum2'
execution-manager-grpc  | [gRPC Channel Pool] Reusing existing channel for localhost:50052 (state=2)
execution-manager-grpc  | [gRPC Client Async] Calling task 'sum2' at localhost:50052
execution-manager-grpc  | [gRPC Client Async] Inputs: {"total_ops": 800, "io_percentage": 50}
execution-manager-grpc  | [gRPC Client Async] Response #1 - Status: COMPLETED
execution-manager-grpc  | 🎉 [T=13191 ms] Task 2 'sum2' COMPLETED
execution-manager-grpc  | [EXECUTION MANAGER] ⏱️ T2=808766043.346 ms | Thread started (server measured)
execution-manager-grpc  | [EXECUTION MANAGER] ⏱️ T3=808768233.210 ms | Task completed (server measured)
execution-manager-grpc  | [EXECUTION MANAGER] ⏱️ T4=808768233.679 ms | Result received by client
execution-manager-grpc  |    [TASK EXECUTION] 2189.864 ms (T3-T2, measured in thread)
execution-manager-grpc  |    [RESULT] {"result": 0}
execution-manager-grpc  | 
execution-manager-grpc  | ╔═══════════════════════════════════════════════════════════════╗
execution-manager-grpc  | ║           END-TO-END TIMING MEASUREMENT RECAP                 ║
execution-manager-grpc  | ║                   Task 2: sum2                                 
execution-manager-grpc  | ╠═══════════════════════════════════════════════════════════════╣
execution-manager-grpc  | ║ T1 (start_request)    = 808766042.832 ms                        ║
execution-manager-grpc  | ║ T2 (end_request)      = 808766043.346 ms                        ║
execution-manager-grpc  | ║ T3 (start_result)     = 808768233.210 ms                        ║
execution-manager-grpc  | ║ T4 (end_result)       = 808768233.679 ms                        ║
execution-manager-grpc  | ╠═══════════════════════════════════════════════════════════════╣
execution-manager-grpc  | ║ METRICS:                                                      ║
execution-manager-grpc  | ║   Request Latency    =        0.514 ms  (T2 - T1)            ║
execution-manager-grpc  | ║   Task Execution     =     2189.864 ms  (T3 - T2)            ║
execution-manager-grpc  | ║   Response Latency   =        0.469 ms  (T4 - T3)            ║
execution-manager-grpc  | ║   Total End-to-End   =     2190.847 ms  (T4 - T1)            ║
execution-manager-grpc  | ║   Network Overhead   =        0.983 ms  (Req + Resp)         ║
execution-manager-grpc  | ╚═══════════════════════════════════════════════════════════════╝
execution-manager-grpc  | 
execution-manager-grpc  | [EPOLL] T=13191 ms: epoll_wait returned 1 event(s)
execution-manager-grpc  | [EPOLL] event[0]: type=2 task=NULL
execution-manager-grpc  | [SCHEDULER] ✅ T=13191 ms: Task 2 'sum2' completed with status 2
execution-manager-grpc  | [SCHEDULER] 🔕 Timeout disarmed for task 2
execution-manager-grpc  | [SCHEDULER] 3 tasks remaining
execution-manager-grpc  | [gRPC Client Async] Stream completed, received 1 responses
execution-manager-grpc  | [GRPC THREAD 2] Completed
execution-manager-grpc  | [gRPC Client Async] Response #1 - Status: COMPLETED
execution-manager-grpc  | 🎉 [T=14371 ms] Task 1 'sum1' COMPLETED
execution-manager-grpc  | [EXECUTION MANAGER] ⏱️ T2=808765043.574 ms | Thread started (server measured)
execution-manager-grpc  | [EXECUTION MANAGER] ⏱️ T3=808769412.673 ms | Task completed (server measured)
execution-manager-grpc  | [EXECUTION MANAGER] ⏱️ T4=808769413.139 ms | Result received by client
execution-manager-grpc  |    [TASK EXECUTION] 4369.099 ms (T3-T2, measured in thread)
execution-manager-grpc  |    [RESULT] {"result": 0}
execution-manager-grpc  | 
execution-manager-grpc  | ╔═══════════════════════════════════════════════════════════════╗
execution-manager-grpc  | ║           END-TO-END TIMING MEASUREMENT RECAP                 ║
execution-manager-grpc  | ║                   Task 1: sum1                                 
execution-manager-grpc  | ╠═══════════════════════════════════════════════════════════════╣
execution-manager-grpc  | ║ T1 (start_request)    = 808765042.810 ms                        ║
execution-manager-grpc  | ║ T2 (end_request)      = 808765043.574 ms                        ║
execution-manager-grpc  | ║ T3 (start_result)     = 808769412.673 ms                        ║
execution-manager-grpc  | ║ T4 (end_result)       = 808769413.139 ms                        ║
execution-manager-grpc  | ╠═══════════════════════════════════════════════════════════════╣
execution-manager-grpc  | ║ METRICS:                                                      ║
execution-manager-grpc  | ║   Request Latency    =        0.764 ms  (T2 - T1)            ║
execution-manager-grpc  | ║   Task Execution     =     4369.099 ms  (T3 - T2)            ║
execution-manager-grpc  | ║   Response Latency   =        0.467 ms  (T4 - T3)            ║
execution-manager-grpc  | ║   Total End-to-End   =     4370.329 ms  (T4 - T1)            ║
execution-manager-grpc  | ║   Network Overhead   =        1.230 ms  (Req + Resp)         ║
execution-manager-grpc  | ╚═══════════════════════════════════════════════════════════════╝
execution-manager-grpc  | 
execution-manager-grpc  | [EPOLL] T=14371 ms: epoll_wait returned 1 event(s)
execution-manager-grpc  | [EPOLL] event[0]: type=2 task=NULL
execution-manager-grpc  | [SCHEDULER] ✅ T=14371 ms: Task 1 'sum1' completed with status 2
execution-manager-grpc  | [SCHEDULER] 🔕 Timeout disarmed for task 1
execution-manager-grpc  | [SCHEDULER] 2 tasks remaining
execution-manager-grpc  | [gRPC Client Async] Stream completed, received 1 responses
execution-manager-grpc  | [GRPC THREAD 1] Completed
execution-manager-grpc  | [EPOLL] T=20000 ms: epoll_wait returned 1 event(s)
execution-manager-grpc  | [EPOLL] event[0]: type=0 task=sum3
execution-manager-grpc  | [SCHEDULER] ⏰ T=20000 ms | T_wall=808775042.744 ms: Launching task 3 'sum3' (deadline: 50000 ms)
execution-manager-grpc  | [SCHEDULER] 🕐 Timeout armed for task 3 at T=50000 ms (in 30000 ms)
execution-manager-grpc  | [GRPC THREAD 3] Starting...
execution-manager-grpc  | [EXECUTION MANAGER] ⏱️ T1=808775042.834 ms | Sending gRPC request for task 3 'sum3'
execution-manager-grpc  | [gRPC Channel Pool] Reusing existing channel for localhost:50053 (state=2)
execution-manager-grpc  | [gRPC Client Async] Calling task 'sum3' at localhost:50053
execution-manager-grpc  | [gRPC Client Async] Inputs: {"total_ops": 800, "io_percentage": 50}
execution-manager-grpc  | [EPOLL] T=21000 ms: epoll_wait returned 1 event(s)
execution-manager-grpc  | [EPOLL] event[0]: type=0 task=sum4
execution-manager-grpc  | [SCHEDULER] ⏰ T=21000 ms | T_wall=808776042.750 ms: Launching task 4 'sum4' (deadline: 51000 ms)
execution-manager-grpc  | [SCHEDULER] 🕐 Timeout armed for task 4 at T=51000 ms (in 30000 ms)
execution-manager-grpc  | [GRPC THREAD 4] Starting...
execution-manager-grpc  | [EXECUTION MANAGER] ⏱️ T1=808776042.848 ms | Sending gRPC request for task 4 'sum4'
execution-manager-grpc  | [gRPC Channel Pool] Reusing existing channel for localhost:50054 (state=2)
execution-manager-grpc  | [gRPC Client Async] Calling task 'sum4' at localhost:50054
execution-manager-grpc  | [gRPC Client Async] Inputs: {"total_ops": 800, "io_percentage": 50}
execution-manager-grpc  | [gRPC Client Async] Response #1 - Status: COMPLETED
execution-manager-grpc  | 🎉 [T=22190 ms] Task 3 'sum3' COMPLETED
execution-manager-grpc  | [EXECUTION MANAGER] ⏱️ T2=808775043.902 ms | Thread started (server measured)
execution-manager-grpc  | [EXECUTION MANAGER] ⏱️ T3=808777232.261 ms | Task completed (server measured)
execution-manager-grpc  | [EXECUTION MANAGER] ⏱️ T4=808777232.758 ms | Result received by client
execution-manager-grpc  |    [TASK EXECUTION] 2188.360 ms (T3-T2, measured in thread)
execution-manager-grpc  |    [RESULT] {"result": 0}
execution-manager-grpc  | 
execution-manager-grpc  | ╔═══════════════════════════════════════════════════════════════╗
execution-manager-grpc  | ║           END-TO-END TIMING MEASUREMENT RECAP                 ║
execution-manager-grpc  | ║                   Task 3: sum3                                 
execution-manager-grpc  | ╠═══════════════════════════════════════════════════════════════╣
execution-manager-grpc  | ║ T1 (start_request)    = 808775042.834 ms                        ║
execution-manager-grpc  | ║ T2 (end_request)      = 808775043.902 ms                        ║
execution-manager-grpc  | ║ T3 (start_result)     = 808777232.261 ms                        ║
execution-manager-grpc  | ║ T4 (end_result)       = 808777232.758 ms                        ║
execution-manager-grpc  | ╠═══════════════════════════════════════════════════════════════╣
execution-manager-grpc  | ║ METRICS:                                                      ║
execution-manager-grpc  | ║   Request Latency    =        1.068 ms  (T2 - T1)            ║
execution-manager-grpc  | ║   Task Execution     =     2188.360 ms  (T3 - T2)            ║
execution-manager-grpc  | ║   Response Latency   =        0.496 ms  (T4 - T3)            ║
execution-manager-grpc  | ║   Total End-to-End   =     2189.924 ms  (T4 - T1)            ║
execution-manager-grpc  | ║   Network Overhead   =        1.564 ms  (Req + Resp)         ║
execution-manager-grpc  | ╚═══════════════════════════════════════════════════════════════╝
execution-manager-grpc  | 
execution-manager-grpc  | [EPOLL] T=22190 ms: epoll_wait returned 1 event(s)
execution-manager-grpc  | [EPOLL] event[0]: type=2 task=NULL
execution-manager-grpc  | [SCHEDULER] ✅ T=22190 ms: Task 3 'sum3' completed with status 2
execution-manager-grpc  | [SCHEDULER] 🔕 Timeout disarmed for task 3
execution-manager-grpc  | [SCHEDULER] 1 tasks remaining
execution-manager-grpc  | [gRPC Client Async] Stream completed, received 1 responses
execution-manager-grpc  | [GRPC THREAD 3] Completed
execution-manager-grpc  | [gRPC Client Async] Response #1 - Status: COMPLETED
execution-manager-grpc  | 🎉 [T=24379 ms] Task 4 'sum4' COMPLETED
execution-manager-grpc  | [EXECUTION MANAGER] ⏱️ T2=808777232.315 ms | Thread started (server measured)
execution-manager-grpc  | [EXECUTION MANAGER] ⏱️ T3=808779421.402 ms | Task completed (server measured)
execution-manager-grpc  | [EXECUTION MANAGER] ⏱️ T4=808779421.816 ms | Result received by client
execution-manager-grpc  |    [TASK EXECUTION] 2189.087 ms (T3-T2, measured in thread)
execution-manager-grpc  |    [RESULT] {"result": 0}
execution-manager-grpc  | 
execution-manager-grpc  | ╔═══════════════════════════════════════════════════════════════╗
execution-manager-grpc  | ║           END-TO-END TIMING MEASUREMENT RECAP                 ║
execution-manager-grpc  | ║                   Task 4: sum4                                 
execution-manager-grpc  | ╠═══════════════════════════════════════════════════════════════╣
execution-manager-grpc  | ║ T1 (start_request)    = 808776042.848 ms                        ║
execution-manager-grpc  | ║ T2 (end_request)      = 808777232.315 ms                        ║
execution-manager-grpc  | ║ T3 (start_result)     = 808779421.402 ms                        ║
execution-manager-grpc  | ║ T4 (end_result)       = 808779421.816 ms                        ║
execution-manager-grpc  | ╠═══════════════════════════════════════════════════════════════╣
execution-manager-grpc  | ║ METRICS:                                                      ║
execution-manager-grpc  | ║   Request Latency    =     1189.468 ms  (T2 - T1)            ║
execution-manager-grpc  | ║   Task Execution     =     2189.087 ms  (T3 - T2)            ║
execution-manager-grpc  | ║   Response Latency   =        0.413 ms  (T4 - T3)            ║
execution-manager-grpc  | ║   Total End-to-End   =     3378.968 ms  (T4 - T1)            ║
execution-manager-grpc  | ║   Network Overhead   =     1189.881 ms  (Req + Resp)         ║
execution-manager-grpc  | ╚═══════════════════════════════════════════════════════════════╝
execution-manager-grpc  | 
execution-manager-grpc  | [EPOLL] T=24379 ms: epoll_wait returned 1 event(s)
execution-manager-grpc  | [EPOLL] event[0]: type=2 task=NULL
execution-manager-grpc  | [SCHEDULER] ✅ T=24379 ms: Task 4 'sum4' completed with status 2
execution-manager-grpc  | [SCHEDULER] 🔕 Timeout disarmed for task 4
execution-manager-grpc  | [SCHEDULER] 0 tasks remaining
execution-manager-grpc  | 
execution-manager-grpc  | [SCHEDULER] 🏁 Iteration 10/50 complete!
execution-manager-grpc  | [SCHEDULER] Iteration execution time: 24379 ms
execution-manager-grpc  | 
execution-manager-grpc  | 
execution-manager-grpc  | [SCHEDULER] 🔁 ===== ITERATION 11 / 50 =====
execution-manager-grpc  | 
execution-manager-grpc  | [SCHEDULER] 🚀 Schedule started at T=0
execution-manager-grpc  | 
execution-manager-grpc  | [SCHEDULER] 🔄 Entering event loop (NO SLEEP - event-driven!)
execution-manager-grpc  | 
execution-manager-grpc  | [gRPC Client Async] Stream completed, received 1 responses
execution-manager-grpc  | [GRPC THREAD 4] Completed
execution-manager-grpc  | [EPOLL] T=10000 ms: epoll_wait returned 1 event(s)
execution-manager-grpc  | [EPOLL] event[0]: type=0 task=sum1
execution-manager-grpc  | [SCHEDULER] ⏰ T=10000 ms | T_wall=808789421.936 ms: Launching task 1 'sum1' (deadline: 40000 ms)
execution-manager-grpc  | [SCHEDULER] 🕐 Timeout armed for task 1 at T=40000 ms (in 30000 ms)
execution-manager-grpc  | [GRPC THREAD 1] Starting...
execution-manager-grpc  | [EXECUTION MANAGER] ⏱️ T1=808789422.018 ms | Sending gRPC request for task 1 'sum1'
execution-manager-grpc  | [gRPC Channel Pool] Reusing existing channel for localhost:50051 (state=2)
execution-manager-grpc  | [gRPC Client Async] Calling task 'sum1' at localhost:50051
execution-manager-grpc  | [gRPC Client Async] Inputs: {"total_ops": 800, "io_percentage": 50}
execution-manager-grpc  | [EPOLL] T=11000 ms: epoll_wait returned 1 event(s)
execution-manager-grpc  | [EPOLL] event[0]: type=0 task=sum2
execution-manager-grpc  | [SCHEDULER] ⏰ T=11000 ms | T_wall=808790421.951 ms: Launching task 2 'sum2' (deadline: 41000 ms)
execution-manager-grpc  | [SCHEDULER] 🕐 Timeout armed for task 2 at T=41000 ms (in 29999 ms)
execution-manager-grpc  | [GRPC THREAD 2] Starting...
execution-manager-grpc  | [EXECUTION MANAGER] ⏱️ T1=808790422.051 ms | Sending gRPC request for task 2 'sum2'
execution-manager-grpc  | [gRPC Channel Pool] Reusing existing channel for localhost:50052 (state=2)
execution-manager-grpc  | [gRPC Client Async] Calling task 'sum2' at localhost:50052
execution-manager-grpc  | [gRPC Client Async] Inputs: {"total_ops": 800, "io_percentage": 50}
execution-manager-grpc  | [gRPC Client Async] Response #1 - Status: COMPLETED
execution-manager-grpc  | 🎉 [T=13191 ms] Task 2 'sum2' COMPLETED
execution-manager-grpc  | [EXECUTION MANAGER] ⏱️ T2=808790422.567 ms | Thread started (server measured)
execution-manager-grpc  | [EXECUTION MANAGER] ⏱️ T3=808792611.694 ms | Task completed (server measured)
execution-manager-grpc  | [EXECUTION MANAGER] ⏱️ T4=808792612.186 ms | Result received by client
execution-manager-grpc  |    [TASK EXECUTION] 2189.127 ms (T3-T2, measured in thread)
execution-manager-grpc  |    [RESULT] {"result": 0}
execution-manager-grpc  | 
execution-manager-grpc  | ╔═══════════════════════════════════════════════════════════════╗
execution-manager-grpc  | ║           END-TO-END TIMING MEASUREMENT RECAP                 ║
execution-manager-grpc  | ║                   Task 2: sum2                                 
execution-manager-grpc  | ╠═══════════════════════════════════════════════════════════════╣
execution-manager-grpc  | ║ T1 (start_request)    = 808790422.051 ms                        ║
execution-manager-grpc  | ║ T2 (end_request)      = 808790422.567 ms                        ║
execution-manager-grpc  | ║ T3 (start_result)     = 808792611.694 ms                        ║
execution-manager-grpc  | ║ T4 (end_result)       = 808792612.186 ms                        ║
execution-manager-grpc  | ╠═══════════════════════════════════════════════════════════════╣
execution-manager-grpc  | ║ METRICS:                                                      ║
execution-manager-grpc  | ║   Request Latency    =        0.517 ms  (T2 - T1)            ║
execution-manager-grpc  | ║   Task Execution     =     2189.127 ms  (T3 - T2)            ║
execution-manager-grpc  | ║   Response Latency   =        0.492 ms  (T4 - T3)            ║
execution-manager-grpc  | ║   Total End-to-End   =     2190.136 ms  (T4 - T1)            ║
execution-manager-grpc  | ║   Network Overhead   =        1.009 ms  (Req + Resp)         ║
execution-manager-grpc  | ╚═══════════════════════════════════════════════════════════════╝
execution-manager-grpc  | 
execution-manager-grpc  | [EPOLL] T=13191 ms: epoll_wait returned 1 event(s)
execution-manager-grpc  | [EPOLL] event[0]: type=2 task=NULL
execution-manager-grpc  | [SCHEDULER] ✅ T=13191 ms: Task 2 'sum2' completed with status 2
execution-manager-grpc  | [SCHEDULER] 🔕 Timeout disarmed for task 2
execution-manager-grpc  | [SCHEDULER] 3 tasks remaining
execution-manager-grpc  | [gRPC Client Async] Stream completed, received 1 responses
execution-manager-grpc  | [GRPC THREAD 2] Completed
execution-manager-grpc  | [gRPC Client Async] Response #1 - Status: COMPLETED
execution-manager-grpc  | 🎉 [T=14371 ms] Task 1 'sum1' COMPLETED
execution-manager-grpc  | [EXECUTION MANAGER] ⏱️ T2=808789423.013 ms | Thread started (server measured)
execution-manager-grpc  | [EXECUTION MANAGER] ⏱️ T3=808793791.796 ms | Task completed (server measured)
execution-manager-grpc  | [EXECUTION MANAGER] ⏱️ T4=808793792.286 ms | Result received by client
execution-manager-grpc  |    [TASK EXECUTION] 4368.782 ms (T3-T2, measured in thread)
execution-manager-grpc  |    [RESULT] {"result": 0}
execution-manager-grpc  | 
execution-manager-grpc  | ╔═══════════════════════════════════════════════════════════════╗
execution-manager-grpc  | ║           END-TO-END TIMING MEASUREMENT RECAP                 ║
execution-manager-grpc  | ║                   Task 1: sum1                                 
execution-manager-grpc  | ╠═══════════════════════════════════════════════════════════════╣
execution-manager-grpc  | ║ T1 (start_request)    = 808789422.018 ms                        ║
execution-manager-grpc  | ║ T2 (end_request)      = 808789423.013 ms                        ║
execution-manager-grpc  | ║ T3 (start_result)     = 808793791.796 ms                        ║
execution-manager-grpc  | ║ T4 (end_result)       = 808793792.286 ms                        ║
execution-manager-grpc  | ╠═══════════════════════════════════════════════════════════════╣
execution-manager-grpc  | ║ METRICS:                                                      ║
execution-manager-grpc  | ║   Request Latency    =        0.995 ms  (T2 - T1)            ║
execution-manager-grpc  | ║   Task Execution     =     4368.782 ms  (T3 - T2)            ║
execution-manager-grpc  | ║   Response Latency   =        0.490 ms  (T4 - T3)            ║
execution-manager-grpc  | ║   Total End-to-End   =     4370.268 ms  (T4 - T1)            ║
execution-manager-grpc  | ║   Network Overhead   =        1.485 ms  (Req + Resp)         ║
execution-manager-grpc  | ╚═══════════════════════════════════════════════════════════════╝
execution-manager-grpc  | 
execution-manager-grpc  | [EPOLL] T=14371 ms: epoll_wait returned 1 event(s)
execution-manager-grpc  | [EPOLL] event[0]: type=2 task=NULL
execution-manager-grpc  | [SCHEDULER] ✅ T=14371 ms: Task 1 'sum1' completed with status 2
execution-manager-grpc  | [SCHEDULER] 🔕 Timeout disarmed for task 1
execution-manager-grpc  | [SCHEDULER] 2 tasks remaining
execution-manager-grpc  | [gRPC Client Async] Stream completed, received 1 responses
execution-manager-grpc  | [GRPC THREAD 1] Completed
execution-manager-grpc  | [EPOLL] T=20000 ms: epoll_wait returned 1 event(s)
execution-manager-grpc  | [EPOLL] event[0]: type=0 task=sum3
execution-manager-grpc  | [SCHEDULER] ⏰ T=20000 ms | T_wall=808799421.965 ms: Launching task 3 'sum3' (deadline: 50000 ms)
execution-manager-grpc  | [SCHEDULER] 🕐 Timeout armed for task 3 at T=50000 ms (in 29999 ms)
execution-manager-grpc  | [GRPC THREAD 3] Starting...
execution-manager-grpc  | [EXECUTION MANAGER] ⏱️ T1=808799422.051 ms | Sending gRPC request for task 3 'sum3'
execution-manager-grpc  | [gRPC Channel Pool] Reusing existing channel for localhost:50053 (state=2)
execution-manager-grpc  | [gRPC Client Async] Calling task 'sum3' at localhost:50053
execution-manager-grpc  | [gRPC Client Async] Inputs: {"total_ops": 800, "io_percentage": 50}
execution-manager-grpc  | [EPOLL] T=21000 ms: epoll_wait returned 1 event(s)
execution-manager-grpc  | [EPOLL] event[0]: type=0 task=sum4
execution-manager-grpc  | [SCHEDULER] ⏰ T=21000 ms | T_wall=808800421.972 ms: Launching task 4 'sum4' (deadline: 51000 ms)
execution-manager-grpc  | [SCHEDULER] 🕐 Timeout armed for task 4 at T=51000 ms (in 29999 ms)
execution-manager-grpc  | [GRPC THREAD 4] Starting...
execution-manager-grpc  | [EXECUTION MANAGER] ⏱️ T1=808800422.071 ms | Sending gRPC request for task 4 'sum4'
execution-manager-grpc  | [gRPC Channel Pool] Reusing existing channel for localhost:50054 (state=2)
execution-manager-grpc  | [gRPC Client Async] Calling task 'sum4' at localhost:50054
execution-manager-grpc  | [gRPC Client Async] Inputs: {"total_ops": 800, "io_percentage": 50}
execution-manager-grpc  | [gRPC Client Async] Response #1 - Status: COMPLETED
execution-manager-grpc  | 🎉 [T=22192 ms] Task 3 'sum3' COMPLETED
execution-manager-grpc  | [EXECUTION MANAGER] ⏱️ T2=808799422.993 ms | Thread started (server measured)
execution-manager-grpc  | [EXECUTION MANAGER] ⏱️ T3=808801612.636 ms | Task completed (server measured)
execution-manager-grpc  | [EXECUTION MANAGER] ⏱️ T4=808801613.115 ms | Result received by client
execution-manager-grpc  |    [TASK EXECUTION] 2189.643 ms (T3-T2, measured in thread)
execution-manager-grpc  |    [RESULT] {"result": 0}
execution-manager-grpc  | 
execution-manager-grpc  | ╔═══════════════════════════════════════════════════════════════╗
execution-manager-grpc  | ║           END-TO-END TIMING MEASUREMENT RECAP                 ║
execution-manager-grpc  | ║                   Task 3: sum3                                 
execution-manager-grpc  | ╠═══════════════════════════════════════════════════════════════╣
execution-manager-grpc  | ║ T1 (start_request)    = 808799422.051 ms                        ║
execution-manager-grpc  | ║ T2 (end_request)      = 808799422.993 ms                        ║
execution-manager-grpc  | ║ T3 (start_result)     = 808801612.636 ms                        ║
execution-manager-grpc  | ║ T4 (end_result)       = 808801613.115 ms                        ║
execution-manager-grpc  | ╠═══════════════════════════════════════════════════════════════╣
execution-manager-grpc  | ║ METRICS:                                                      ║
execution-manager-grpc  | ║   Request Latency    =        0.942 ms  (T2 - T1)            ║
execution-manager-grpc  | ║   Task Execution     =     2189.643 ms  (T3 - T2)            ║
execution-manager-grpc  | ║   Response Latency   =        0.479 ms  (T4 - T3)            ║
execution-manager-grpc  | ║   Total End-to-End   =     2191.064 ms  (T4 - T1)            ║
execution-manager-grpc  | ║   Network Overhead   =        1.420 ms  (Req + Resp)         ║
execution-manager-grpc  | ╚═══════════════════════════════════════════════════════════════╝
execution-manager-grpc  | 
execution-manager-grpc  | [EPOLL] T=22192 ms: epoll_wait returned 1 event(s)
execution-manager-grpc  | [EPOLL] event[0]: type=2 task=NULL
execution-manager-grpc  | [SCHEDULER] ✅ T=22192 ms: Task 3 'sum3' completed with status 2
execution-manager-grpc  | [SCHEDULER] 🔕 Timeout disarmed for task 3
execution-manager-grpc  | [SCHEDULER] 1 tasks remaining
execution-manager-grpc  | [gRPC Client Async] Stream completed, received 1 responses
execution-manager-grpc  | [GRPC THREAD 3] Completed
execution-manager-grpc  | [gRPC Client Async] Response #1 - Status: COMPLETED
execution-manager-grpc  | 🎉 [T=24382 ms] Task 4 'sum4' COMPLETED
execution-manager-grpc  | [EXECUTION MANAGER] ⏱️ T2=808801612.695 ms | Thread started (server measured)
execution-manager-grpc  | [EXECUTION MANAGER] ⏱️ T3=808803802.855 ms | Task completed (server measured)
execution-manager-grpc  | [EXECUTION MANAGER] ⏱️ T4=808803803.305 ms | Result received by client
execution-manager-grpc  |    [TASK EXECUTION] 2190.160 ms (T3-T2, measured in thread)
execution-manager-grpc  |    [RESULT] {"result": 0}
execution-manager-grpc  | 
execution-manager-grpc  | ╔═══════════════════════════════════════════════════════════════╗
execution-manager-grpc  | ║           END-TO-END TIMING MEASUREMENT RECAP                 ║
execution-manager-grpc  | ║                   Task 4: sum4                                 
execution-manager-grpc  | ╠═══════════════════════════════════════════════════════════════╣
execution-manager-grpc  | ║ T1 (start_request)    = 808800422.071 ms                        ║
execution-manager-grpc  | ║ T2 (end_request)      = 808801612.695 ms                        ║
execution-manager-grpc  | ║ T3 (start_result)     = 808803802.855 ms                        ║
execution-manager-grpc  | ║ T4 (end_result)       = 808803803.305 ms                        ║
execution-manager-grpc  | ╠═══════════════════════════════════════════════════════════════╣
execution-manager-grpc  | ║ METRICS:                                                      ║
execution-manager-grpc  | ║   Request Latency    =     1190.623 ms  (T2 - T1)            ║
execution-manager-grpc  | ║   Task Execution     =     2190.160 ms  (T3 - T2)            ║
execution-manager-grpc  | ║   Response Latency   =        0.450 ms  (T4 - T3)            ║
execution-manager-grpc  | ║   Total End-to-End   =     3381.234 ms  (T4 - T1)            ║
execution-manager-grpc  | ║   Network Overhead   =     1191.074 ms  (Req + Resp)         ║
execution-manager-grpc  | ╚═══════════════════════════════════════════════════════════════╝
execution-manager-grpc  | 
execution-manager-grpc  | [EPOLL] T=24382 ms: epoll_wait returned 1 event(s)
execution-manager-grpc  | [EPOLL] event[0]: type=2 task=NULL
execution-manager-grpc  | [SCHEDULER] ✅ T=24382 ms: Task 4 'sum4' completed with status 2
execution-manager-grpc  | [SCHEDULER] 🔕 Timeout disarmed for task 4
execution-manager-grpc  | [SCHEDULER] 0 tasks remaining
execution-manager-grpc  | 
execution-manager-grpc  | [SCHEDULER] 🏁 Iteration 11/50 complete!
execution-manager-grpc  | [SCHEDULER] Iteration execution time: 24382 ms
execution-manager-grpc  | 
execution-manager-grpc  | 
execution-manager-grpc  | [SCHEDULER] 🔁 ===== ITERATION 12 / 50 =====
execution-manager-grpc  | 
execution-manager-grpc  | [SCHEDULER] 🚀 Schedule started at T=0
execution-manager-grpc  | 
execution-manager-grpc  | [SCHEDULER] 🔄 Entering event loop (NO SLEEP - event-driven!)
execution-manager-grpc  | 
execution-manager-grpc  | [gRPC Client Async] Stream completed, received 1 responses
execution-manager-grpc  | [GRPC THREAD 4] Completed
execution-manager-grpc  | [EPOLL] T=10000 ms: epoll_wait returned 1 event(s)
execution-manager-grpc  | [EPOLL] event[0]: type=0 task=sum1
execution-manager-grpc  | [SCHEDULER] ⏰ T=10000 ms | T_wall=808813803.428 ms: Launching task 1 'sum1' (deadline: 40000 ms)
execution-manager-grpc  | [SCHEDULER] 🕐 Timeout armed for task 1 at T=40000 ms (in 30000 ms)
execution-manager-grpc  | [GRPC THREAD 1] Starting...
execution-manager-grpc  | [EXECUTION MANAGER] ⏱️ T1=808813803.513 ms | Sending gRPC request for task 1 'sum1'
execution-manager-grpc  | [gRPC Channel Pool] Reusing existing channel for localhost:50051 (state=2)
execution-manager-grpc  | [gRPC Client Async] Calling task 'sum1' at localhost:50051
execution-manager-grpc  | [gRPC Client Async] Inputs: {"total_ops": 800, "io_percentage": 50}
execution-manager-grpc  | [EPOLL] T=11000 ms: epoll_wait returned 1 event(s)
execution-manager-grpc  | [EPOLL] event[0]: type=0 task=sum2
execution-manager-grpc  | [SCHEDULER] ⏰ T=11000 ms | T_wall=808814803.435 ms: Launching task 2 'sum2' (deadline: 41000 ms)
execution-manager-grpc  | [SCHEDULER] 🕐 Timeout armed for task 2 at T=41000 ms (in 30000 ms)
execution-manager-grpc  | [GRPC THREAD 2] Starting...
execution-manager-grpc  | [EXECUTION MANAGER] ⏱️ T1=808814803.546 ms | Sending gRPC request for task 2 'sum2'
execution-manager-grpc  | [gRPC Channel Pool] Reusing existing channel for localhost:50052 (state=2)
execution-manager-grpc  | [gRPC Client Async] Calling task 'sum2' at localhost:50052
execution-manager-grpc  | [gRPC Client Async] Inputs: {"total_ops": 800, "io_percentage": 50}
execution-manager-grpc  | [gRPC Client Async] Response #1 - Status: COMPLETED
execution-manager-grpc  | 🎉 [T=13191 ms] Task 2 'sum2' COMPLETED
execution-manager-grpc  | [EXECUTION MANAGER] ⏱️ T2=808814804.113 ms | Thread started (server measured)
execution-manager-grpc  | [EXECUTION MANAGER] ⏱️ T3=808816994.257 ms | Task completed (server measured)
execution-manager-grpc  | [EXECUTION MANAGER] ⏱️ T4=808816994.726 ms | Result received by client
execution-manager-grpc  |    [TASK EXECUTION] 2190.143 ms (T3-T2, measured in thread)
execution-manager-grpc  |    [RESULT] {"result": 0}
execution-manager-grpc  | 
execution-manager-grpc  | ╔═══════════════════════════════════════════════════════════════╗
execution-manager-grpc  | ║           END-TO-END TIMING MEASUREMENT RECAP                 ║
execution-manager-grpc  | ║                   Task 2: sum2                                 
execution-manager-grpc  | ╠═══════════════════════════════════════════════════════════════╣
execution-manager-grpc  | ║ T1 (start_request)    = 808814803.546 ms                        ║
execution-manager-grpc  | ║ T2 (end_request)      = 808814804.113 ms                        ║
execution-manager-grpc  | ║ T3 (start_result)     = 808816994.257 ms                        ║
execution-manager-grpc  | ║ T4 (end_result)       = 808816994.726 ms                        ║
execution-manager-grpc  | ╠═══════════════════════════════════════════════════════════════╣
execution-manager-grpc  | ║ METRICS:                                                      ║
execution-manager-grpc  | ║   Request Latency    =        0.568 ms  (T2 - T1)            ║
execution-manager-grpc  | ║   Task Execution     =     2190.143 ms  (T3 - T2)            ║
execution-manager-grpc  | ║   Response Latency   =        0.469 ms  (T4 - T3)            ║
execution-manager-grpc  | ║   Total End-to-End   =     2191.180 ms  (T4 - T1)            ║
execution-manager-grpc  | ║   Network Overhead   =        1.037 ms  (Req + Resp)         ║
execution-manager-grpc  | ╚═══════════════════════════════════════════════════════════════╝
execution-manager-grpc  | 
execution-manager-grpc  | [EPOLL] T=13191 ms: epoll_wait returned 1 event(s)
execution-manager-grpc  | [EPOLL] event[0]: type=2 task=NULL
execution-manager-grpc  | [SCHEDULER] ✅ T=13191 ms: Task 2 'sum2' completed with status 2
execution-manager-grpc  | [SCHEDULER] 🔕 Timeout disarmed for task 2
execution-manager-grpc  | [SCHEDULER] 3 tasks remaining
execution-manager-grpc  | [gRPC Client Async] Stream completed, received 1 responses
execution-manager-grpc  | [GRPC THREAD 2] Completed
execution-manager-grpc  | [gRPC Client Async] Response #1 - Status: COMPLETED
execution-manager-grpc  | 🎉 [T=14372 ms] Task 1 'sum1' COMPLETED
execution-manager-grpc  | [EXECUTION MANAGER] ⏱️ T2=808813804.326 ms | Thread started (server measured)
execution-manager-grpc  | [EXECUTION MANAGER] ⏱️ T3=808818174.556 ms | Task completed (server measured)
execution-manager-grpc  | [EXECUTION MANAGER] ⏱️ T4=808818175.025 ms | Result received by client
execution-manager-grpc  |    [TASK EXECUTION] 4370.230 ms (T3-T2, measured in thread)
execution-manager-grpc  |    [RESULT] {"result": 0}
execution-manager-grpc  | 
execution-manager-grpc  | ╔═══════════════════════════════════════════════════════════════╗
execution-manager-grpc  | ║           END-TO-END TIMING MEASUREMENT RECAP                 ║
execution-manager-grpc  | ║                   Task 1: sum1                                 
execution-manager-grpc  | ╠═══════════════════════════════════════════════════════════════╣
execution-manager-grpc  | ║ T1 (start_request)    = 808813803.513 ms                        ║
execution-manager-grpc  | ║ T2 (end_request)      = 808813804.326 ms                        ║
execution-manager-grpc  | ║ T3 (start_result)     = 808818174.556 ms                        ║
execution-manager-grpc  | ║ T4 (end_result)       = 808818175.025 ms                        ║
execution-manager-grpc  | ╠═══════════════════════════════════════════════════════════════╣
execution-manager-grpc  | ║ METRICS:                                                      ║
execution-manager-grpc  | ║   Request Latency    =        0.813 ms  (T2 - T1)            ║
execution-manager-grpc  | ║   Task Execution     =     4370.230 ms  (T3 - T2)            ║
execution-manager-grpc  | ║   Response Latency   =        0.469 ms  (T4 - T3)            ║
execution-manager-grpc  | ║   Total End-to-End   =     4371.512 ms  (T4 - T1)            ║
execution-manager-grpc  | ║   Network Overhead   =        1.282 ms  (Req + Resp)         ║
execution-manager-grpc  | ╚═══════════════════════════════════════════════════════════════╝
execution-manager-grpc  | 
execution-manager-grpc  | [EPOLL] T=14372 ms: epoll_wait returned 1 event(s)
execution-manager-grpc  | [EPOLL] event[0]: type=2 task=NULL
execution-manager-grpc  | [SCHEDULER] ✅ T=14372 ms: Task 1 'sum1' completed with status 2
execution-manager-grpc  | [SCHEDULER] 🔕 Timeout disarmed for task 1
execution-manager-grpc  | [SCHEDULER] 2 tasks remaining
execution-manager-grpc  | [gRPC Client Async] Stream completed, received 1 responses
execution-manager-grpc  | [GRPC THREAD 1] Completed
execution-manager-grpc  | [EPOLL] T=20000 ms: epoll_wait returned 1 event(s)
execution-manager-grpc  | [EPOLL] event[0]: type=0 task=sum3
execution-manager-grpc  | [SCHEDULER] ⏰ T=20000 ms | T_wall=808823803.449 ms: Launching task 3 'sum3' (deadline: 50000 ms)
execution-manager-grpc  | [SCHEDULER] 🕐 Timeout armed for task 3 at T=50000 ms (in 30000 ms)
execution-manager-grpc  | [GRPC THREAD 3] Starting...
execution-manager-grpc  | [EXECUTION MANAGER] ⏱️ T1=808823803.536 ms | Sending gRPC request for task 3 'sum3'
execution-manager-grpc  | [gRPC Channel Pool] Reusing existing channel for localhost:50053 (state=2)
execution-manager-grpc  | [gRPC Client Async] Calling task 'sum3' at localhost:50053
execution-manager-grpc  | [gRPC Client Async] Inputs: {"total_ops": 800, "io_percentage": 50}
execution-manager-grpc  | [EPOLL] T=21000 ms: epoll_wait returned 1 event(s)
execution-manager-grpc  | [EPOLL] event[0]: type=0 task=sum4
execution-manager-grpc  | [SCHEDULER] ⏰ T=21000 ms | T_wall=808824803.455 ms: Launching task 4 'sum4' (deadline: 51000 ms)
execution-manager-grpc  | [SCHEDULER] 🕐 Timeout armed for task 4 at T=51000 ms (in 30000 ms)
execution-manager-grpc  | [GRPC THREAD 4] Starting...
execution-manager-grpc  | [EXECUTION MANAGER] ⏱️ T1=808824803.558 ms | Sending gRPC request for task 4 'sum4'
execution-manager-grpc  | [gRPC Channel Pool] Reusing existing channel for localhost:50054 (state=2)
execution-manager-grpc  | [gRPC Client Async] Calling task 'sum4' at localhost:50054
execution-manager-grpc  | [gRPC Client Async] Inputs: {"total_ops": 800, "io_percentage": 50}
execution-manager-grpc  | [gRPC Client Async] Response #1 - Status: COMPLETED
execution-manager-grpc  | 🎉 [T=22192 ms] Task 3 'sum3' COMPLETED
execution-manager-grpc  | [EXECUTION MANAGER] ⏱️ T2=808823804.016 ms | Thread started (server measured)
execution-manager-grpc  | [EXECUTION MANAGER] ⏱️ T3=808825995.280 ms | Task completed (server measured)
execution-manager-grpc  | [EXECUTION MANAGER] ⏱️ T4=808825995.741 ms | Result received by client
execution-manager-grpc  |    [TASK EXECUTION] 2191.265 ms (T3-T2, measured in thread)
execution-manager-grpc  |    [RESULT] {"result": 0}
execution-manager-grpc  | 
execution-manager-grpc  | ╔═══════════════════════════════════════════════════════════════╗
execution-manager-grpc  | ║           END-TO-END TIMING MEASUREMENT RECAP                 ║
execution-manager-grpc  | ║                   Task 3: sum3                                 
execution-manager-grpc  | ╠═══════════════════════════════════════════════════════════════╣
execution-manager-grpc  | ║ T1 (start_request)    = 808823803.536 ms                        ║
execution-manager-grpc  | ║ T2 (end_request)      = 808823804.016 ms                        ║
execution-manager-grpc  | ║ T3 (start_result)     = 808825995.280 ms                        ║
execution-manager-grpc  | ║ T4 (end_result)       = 808825995.741 ms                        ║
execution-manager-grpc  | ╠═══════════════════════════════════════════════════════════════╣
execution-manager-grpc  | ║ METRICS:                                                      ║
execution-manager-grpc  | ║   Request Latency    =        0.480 ms  (T2 - T1)            ║
execution-manager-grpc  | ║   Task Execution     =     2191.265 ms  (T3 - T2)            ║
execution-manager-grpc  | ║   Response Latency   =        0.460 ms  (T4 - T3)            ║
execution-manager-grpc  | ║   Total End-to-End   =     2192.205 ms  (T4 - T1)            ║
execution-manager-grpc  | ║   Network Overhead   =        0.940 ms  (Req + Resp)         ║
execution-manager-grpc  | ╚═══════════════════════════════════════════════════════════════╝
execution-manager-grpc  | 
execution-manager-grpc  | [EPOLL] T=22192 ms: epoll_wait returned 1 event(s)
execution-manager-grpc  | [EPOLL] event[0]: type=2 task=NULL
execution-manager-grpc  | [SCHEDULER] ✅ T=22192 ms: Task 3 'sum3' completed with status 2
execution-manager-grpc  | [SCHEDULER] 🔕 Timeout disarmed for task 3
execution-manager-grpc  | [SCHEDULER] 1 tasks remaining
execution-manager-grpc  | [gRPC Client Async] Stream completed, received 1 responses
execution-manager-grpc  | [GRPC THREAD 3] Completed
execution-manager-grpc  | [gRPC Client Async] Response #1 - Status: COMPLETED
execution-manager-grpc  | 🎉 [T=24384 ms] Task 4 'sum4' COMPLETED
execution-manager-grpc  | [EXECUTION MANAGER] ⏱️ T2=808825995.341 ms | Thread started (server measured)
execution-manager-grpc  | [EXECUTION MANAGER] ⏱️ T3=808828186.805 ms | Task completed (server measured)
execution-manager-grpc  | [EXECUTION MANAGER] ⏱️ T4=808828187.230 ms | Result received by client
execution-manager-grpc  |    [TASK EXECUTION] 2191.464 ms (T3-T2, measured in thread)
execution-manager-grpc  |    [RESULT] {"result": 0}
execution-manager-grpc  | 
execution-manager-grpc  | ╔═══════════════════════════════════════════════════════════════╗
execution-manager-grpc  | ║           END-TO-END TIMING MEASUREMENT RECAP                 ║
execution-manager-grpc  | ║                   Task 4: sum4                                 
execution-manager-grpc  | ╠═══════════════════════════════════════════════════════════════╣
execution-manager-grpc  | ║ T1 (start_request)    = 808824803.558 ms                        ║
execution-manager-grpc  | ║ T2 (end_request)      = 808825995.341 ms                        ║
execution-manager-grpc  | ║ T3 (start_result)     = 808828186.805 ms                        ║
execution-manager-grpc  | ║ T4 (end_result)       = 808828187.230 ms                        ║
execution-manager-grpc  | ╠═══════════════════════════════════════════════════════════════╣
execution-manager-grpc  | ║ METRICS:                                                      ║
execution-manager-grpc  | ║   Request Latency    =     1191.783 ms  (T2 - T1)            ║
execution-manager-grpc  | ║   Task Execution     =     2191.464 ms  (T3 - T2)            ║
execution-manager-grpc  | ║   Response Latency   =        0.425 ms  (T4 - T3)            ║
execution-manager-grpc  | ║   Total End-to-End   =     3383.672 ms  (T4 - T1)            ║
execution-manager-grpc  | ║   Network Overhead   =     1192.208 ms  (Req + Resp)         ║
execution-manager-grpc  | ╚═══════════════════════════════════════════════════════════════╝
execution-manager-grpc  | 
execution-manager-grpc  | [EPOLL] T=24384 ms: epoll_wait returned 1 event(s)
execution-manager-grpc  | [EPOLL] event[0]: type=2 task=NULL
execution-manager-grpc  | [SCHEDULER] ✅ T=24384 ms: Task 4 'sum4' completed with status 2
execution-manager-grpc  | [SCHEDULER] 🔕 Timeout disarmed for task 4
execution-manager-grpc  | [SCHEDULER] 0 tasks remaining
execution-manager-grpc  | 
execution-manager-grpc  | [SCHEDULER] 🏁 Iteration 12/50 complete!
execution-manager-grpc  | [SCHEDULER] Iteration execution time: 24384 ms
execution-manager-grpc  | 
execution-manager-grpc  | 
execution-manager-grpc  | [SCHEDULER] 🔁 ===== ITERATION 13 / 50 =====
execution-manager-grpc  | 
execution-manager-grpc  | [SCHEDULER] 🚀 Schedule started at T=0
execution-manager-grpc  | 
execution-manager-grpc  | [SCHEDULER] 🔄 Entering event loop (NO SLEEP - event-driven!)
execution-manager-grpc  | 
execution-manager-grpc  | [gRPC Client Async] Stream completed, received 1 responses
execution-manager-grpc  | [GRPC THREAD 4] Completed
execution-manager-grpc  | [EPOLL] T=10000 ms: epoll_wait returned 1 event(s)
execution-manager-grpc  | [EPOLL] event[0]: type=0 task=sum1
execution-manager-grpc  | [SCHEDULER] ⏰ T=10000 ms | T_wall=808838187.363 ms: Launching task 1 'sum1' (deadline: 40000 ms)
execution-manager-grpc  | [SCHEDULER] 🕐 Timeout armed for task 1 at T=40000 ms (in 30000 ms)
execution-manager-grpc  | [GRPC THREAD 1] Starting...
execution-manager-grpc  | [EXECUTION MANAGER] ⏱️ T1=808838187.453 ms | Sending gRPC request for task 1 'sum1'
execution-manager-grpc  | [gRPC Channel Pool] Reusing existing channel for localhost:50051 (state=2)
execution-manager-grpc  | [gRPC Client Async] Calling task 'sum1' at localhost:50051
execution-manager-grpc  | [gRPC Client Async] Inputs: {"total_ops": 800, "io_percentage": 50}
execution-manager-grpc  | [EPOLL] T=11000 ms: epoll_wait returned 1 event(s)
execution-manager-grpc  | [EPOLL] event[0]: type=0 task=sum2
execution-manager-grpc  | [SCHEDULER] ⏰ T=11000 ms | T_wall=808839187.371 ms: Launching task 2 'sum2' (deadline: 41000 ms)
execution-manager-grpc  | [SCHEDULER] 🕐 Timeout armed for task 2 at T=41000 ms (in 30000 ms)
execution-manager-grpc  | [GRPC THREAD 2] Starting...
execution-manager-grpc  | [EXECUTION MANAGER] ⏱️ T1=808839187.474 ms | Sending gRPC request for task 2 'sum2'
execution-manager-grpc  | [gRPC Channel Pool] Reusing existing channel for localhost:50052 (state=2)
execution-manager-grpc  | [gRPC Client Async] Calling task 'sum2' at localhost:50052
execution-manager-grpc  | [gRPC Client Async] Inputs: {"total_ops": 800, "io_percentage": 50}
execution-manager-grpc  | [gRPC Client Async] Response #1 - Status: COMPLETED
execution-manager-grpc  | 🎉 [T=13192 ms] Task 2 'sum2' COMPLETED
execution-manager-grpc  | [EXECUTION MANAGER] ⏱️ T2=808839187.969 ms | Thread started (server measured)
execution-manager-grpc  | [EXECUTION MANAGER] ⏱️ T3=808841378.840 ms | Task completed (server measured)
execution-manager-grpc  | [EXECUTION MANAGER] ⏱️ T4=808841379.321 ms | Result received by client
execution-manager-grpc  |    [TASK EXECUTION] 2190.871 ms (T3-T2, measured in thread)
execution-manager-grpc  |    [RESULT] {"result": 0}
execution-manager-grpc  | 
execution-manager-grpc  | ╔═══════════════════════════════════════════════════════════════╗
execution-manager-grpc  | ║           END-TO-END TIMING MEASUREMENT RECAP                 ║
execution-manager-grpc  | ║                   Task 2: sum2                                 
execution-manager-grpc  | ╠═══════════════════════════════════════════════════════════════╣
execution-manager-grpc  | ║ T1 (start_request)    = 808839187.474 ms                        ║
execution-manager-grpc  | ║ T2 (end_request)      = 808839187.969 ms                        ║
execution-manager-grpc  | ║ T3 (start_result)     = 808841378.840 ms                        ║
execution-manager-grpc  | ║ T4 (end_result)       = 808841379.321 ms                        ║
execution-manager-grpc  | ╠═══════════════════════════════════════════════════════════════╣
execution-manager-grpc  | ║ METRICS:                                                      ║
execution-manager-grpc  | ║   Request Latency    =        0.495 ms  (T2 - T1)            ║
execution-manager-grpc  | ║   Task Execution     =     2190.871 ms  (T3 - T2)            ║
execution-manager-grpc  | ║   Response Latency   =        0.481 ms  (T4 - T3)            ║
execution-manager-grpc  | ║   Total End-to-End   =     2191.847 ms  (T4 - T1)            ║
execution-manager-grpc  | ║   Network Overhead   =        0.976 ms  (Req + Resp)         ║
execution-manager-grpc  | ╚═══════════════════════════════════════════════════════════════╝
execution-manager-grpc  | 
execution-manager-grpc  | [EPOLL] T=13192 ms: epoll_wait returned 1 event(s)
execution-manager-grpc  | [EPOLL] event[0]: type=2 task=NULL
execution-manager-grpc  | [SCHEDULER] ✅ T=13192 ms: Task 2 'sum2' completed with status 2
execution-manager-grpc  | [SCHEDULER] 🔕 Timeout disarmed for task 2
execution-manager-grpc  | [SCHEDULER] 3 tasks remaining
execution-manager-grpc  | [gRPC Client Async] Stream completed, received 1 responses
execution-manager-grpc  | [GRPC THREAD 2] Completed
execution-manager-grpc  | [gRPC Client Async] Response #1 - Status: COMPLETED
execution-manager-grpc  | 🎉 [T=14373 ms] Task 1 'sum1' COMPLETED
execution-manager-grpc  | [EXECUTION MANAGER] ⏱️ T2=808838188.212 ms | Thread started (server measured)
execution-manager-grpc  | [EXECUTION MANAGER] ⏱️ T3=808842559.651 ms | Task completed (server measured)
execution-manager-grpc  | [EXECUTION MANAGER] ⏱️ T4=808842560.089 ms | Result received by client
execution-manager-grpc  |    [TASK EXECUTION] 4371.439 ms (T3-T2, measured in thread)
execution-manager-grpc  |    [RESULT] {"result": 0}
execution-manager-grpc  | 
execution-manager-grpc  | ╔═══════════════════════════════════════════════════════════════╗
execution-manager-grpc  | ║           END-TO-END TIMING MEASUREMENT RECAP                 ║
execution-manager-grpc  | ║                   Task 1: sum1                                 
execution-manager-grpc  | ╠═══════════════════════════════════════════════════════════════╣
execution-manager-grpc  | ║ T1 (start_request)    = 808838187.453 ms                        ║
execution-manager-grpc  | ║ T2 (end_request)      = 808838188.212 ms                        ║
execution-manager-grpc  | ║ T3 (start_result)     = 808842559.651 ms                        ║
execution-manager-grpc  | ║ T4 (end_result)       = 808842560.089 ms                        ║
execution-manager-grpc  | ╠═══════════════════════════════════════════════════════════════╣
execution-manager-grpc  | ║ METRICS:                                                      ║
execution-manager-grpc  | ║   Request Latency    =        0.759 ms  (T2 - T1)            ║
execution-manager-grpc  | ║   Task Execution     =     4371.439 ms  (T3 - T2)            ║
execution-manager-grpc  | ║   Response Latency   =        0.438 ms  (T4 - T3)            ║
execution-manager-grpc  | ║   Total End-to-End   =     4372.636 ms  (T4 - T1)            ║
execution-manager-grpc  | ║   Network Overhead   =        1.198 ms  (Req + Resp)         ║
execution-manager-grpc  | ╚═══════════════════════════════════════════════════════════════╝
execution-manager-grpc  | 
execution-manager-grpc  | [EPOLL] T=14373 ms: epoll_wait returned 1 event(s)
execution-manager-grpc  | [EPOLL] event[0]: type=2 task=NULL
execution-manager-grpc  | [SCHEDULER] ✅ T=14373 ms: Task 1 'sum1' completed with status 2
execution-manager-grpc  | [SCHEDULER] 🔕 Timeout disarmed for task 1
execution-manager-grpc  | [SCHEDULER] 2 tasks remaining
execution-manager-grpc  | [gRPC Client Async] Stream completed, received 1 responses
execution-manager-grpc  | [GRPC THREAD 1] Completed
execution-manager-grpc  | [EPOLL] T=20000 ms: epoll_wait returned 1 event(s)
execution-manager-grpc  | [EPOLL] event[0]: type=0 task=sum3
execution-manager-grpc  | [SCHEDULER] ⏰ T=20000 ms | T_wall=808848187.401 ms: Launching task 3 'sum3' (deadline: 50000 ms)
execution-manager-grpc  | [SCHEDULER] 🕐 Timeout armed for task 3 at T=50000 ms (in 30000 ms)
execution-manager-grpc  | [GRPC THREAD 3] Starting...
execution-manager-grpc  | [EXECUTION MANAGER] ⏱️ T1=808848187.491 ms | Sending gRPC request for task 3 'sum3'
execution-manager-grpc  | [gRPC Channel Pool] Reusing existing channel for localhost:50053 (state=2)
execution-manager-grpc  | [gRPC Client Async] Calling task 'sum3' at localhost:50053
execution-manager-grpc  | [gRPC Client Async] Inputs: {"total_ops": 800, "io_percentage": 50}
execution-manager-grpc  | [EPOLL] T=21000 ms: epoll_wait returned 1 event(s)
execution-manager-grpc  | [EPOLL] event[0]: type=0 task=sum4
execution-manager-grpc  | [SCHEDULER] ⏰ T=21000 ms | T_wall=808849187.389 ms: Launching task 4 'sum4' (deadline: 51000 ms)
execution-manager-grpc  | [SCHEDULER] 🕐 Timeout armed for task 4 at T=51000 ms (in 30000 ms)
execution-manager-grpc  | [GRPC THREAD 4] Starting...
execution-manager-grpc  | [EXECUTION MANAGER] ⏱️ T1=808849187.491 ms | Sending gRPC request for task 4 'sum4'
execution-manager-grpc  | [gRPC Channel Pool] Reusing existing channel for localhost:50054 (state=2)
execution-manager-grpc  | [gRPC Client Async] Calling task 'sum4' at localhost:50054
execution-manager-grpc  | [gRPC Client Async] Inputs: {"total_ops": 800, "io_percentage": 50}
execution-manager-grpc  | [gRPC Client Async] Response #1 - Status: COMPLETED
execution-manager-grpc  | 🎉 [T=22189 ms] Task 3 'sum3' COMPLETED
execution-manager-grpc  | [EXECUTION MANAGER] ⏱️ T2=808848188.133 ms | Thread started (server measured)
execution-manager-grpc  | [EXECUTION MANAGER] ⏱️ T3=808850376.454 ms | Task completed (server measured)
execution-manager-grpc  | [EXECUTION MANAGER] ⏱️ T4=808850376.903 ms | Result received by client
execution-manager-grpc  |    [TASK EXECUTION] 2188.321 ms (T3-T2, measured in thread)
execution-manager-grpc  |    [RESULT] {"result": 0}
execution-manager-grpc  | 
execution-manager-grpc  | ╔═══════════════════════════════════════════════════════════════╗
execution-manager-grpc  | ║           END-TO-END TIMING MEASUREMENT RECAP                 ║
execution-manager-grpc  | ║                   Task 3: sum3                                 
execution-manager-grpc  | ╠═══════════════════════════════════════════════════════════════╣
execution-manager-grpc  | ║ T1 (start_request)    = 808848187.491 ms                        ║
execution-manager-grpc  | ║ T2 (end_request)      = 808848188.133 ms                        ║
execution-manager-grpc  | ║ T3 (start_result)     = 808850376.454 ms                        ║
execution-manager-grpc  | ║ T4 (end_result)       = 808850376.903 ms                        ║
execution-manager-grpc  | ╠═══════════════════════════════════════════════════════════════╣
execution-manager-grpc  | ║ METRICS:                                                      ║
execution-manager-grpc  | ║   Request Latency    =        0.642 ms  (T2 - T1)            ║
execution-manager-grpc  | ║   Task Execution     =     2188.321 ms  (T3 - T2)            ║
execution-manager-grpc  | ║   Response Latency   =        0.449 ms  (T4 - T3)            ║
execution-manager-grpc  | ║   Total End-to-End   =     2189.412 ms  (T4 - T1)            ║
execution-manager-grpc  | ║   Network Overhead   =        1.091 ms  (Req + Resp)         ║
execution-manager-grpc  | ╚═══════════════════════════════════════════════════════════════╝
execution-manager-grpc  | 
execution-manager-grpc  | [EPOLL] T=22189 ms: epoll_wait returned 1 event(s)
execution-manager-grpc  | [EPOLL] event[0]: type=2 task=NULL
execution-manager-grpc  | [SCHEDULER] ✅ T=22189 ms: Task 3 'sum3' completed with status 2
execution-manager-grpc  | [SCHEDULER] 🔕 Timeout disarmed for task 3
execution-manager-grpc  | [SCHEDULER] 1 tasks remaining
execution-manager-grpc  | [gRPC Client Async] Stream completed, received 1 responses
execution-manager-grpc  | [GRPC THREAD 3] Completed
execution-manager-grpc  | [gRPC Client Async] Response #1 - Status: COMPLETED
execution-manager-grpc  | 🎉 [T=24377 ms] Task 4 'sum4' COMPLETED
execution-manager-grpc  | [EXECUTION MANAGER] ⏱️ T2=808850376.509 ms | Thread started (server measured)
execution-manager-grpc  | [EXECUTION MANAGER] ⏱️ T3=808852563.916 ms | Task completed (server measured)
execution-manager-grpc  | [EXECUTION MANAGER] ⏱️ T4=808852564.373 ms | Result received by client
execution-manager-grpc  |    [TASK EXECUTION] 2187.406 ms (T3-T2, measured in thread)
execution-manager-grpc  |    [RESULT] {"result": 0}
execution-manager-grpc  | 
execution-manager-grpc  | ╔═══════════════════════════════════════════════════════════════╗
execution-manager-grpc  | ║           END-TO-END TIMING MEASUREMENT RECAP                 ║
execution-manager-grpc  | ║                   Task 4: sum4                                 
execution-manager-grpc  | ╠═══════════════════════════════════════════════════════════════╣
execution-manager-grpc  | ║ T1 (start_request)    = 808849187.491 ms                        ║
execution-manager-grpc  | ║ T2 (end_request)      = 808850376.509 ms                        ║
execution-manager-grpc  | ║ T3 (start_result)     = 808852563.916 ms                        ║
execution-manager-grpc  | ║ T4 (end_result)       = 808852564.373 ms                        ║
execution-manager-grpc  | ╠═══════════════════════════════════════════════════════════════╣
execution-manager-grpc  | ║ METRICS:                                                      ║
execution-manager-grpc  | ║   Request Latency    =     1189.018 ms  (T2 - T1)            ║
execution-manager-grpc  | ║   Task Execution     =     2187.406 ms  (T3 - T2)            ║
execution-manager-grpc  | ║   Response Latency   =        0.458 ms  (T4 - T3)            ║
execution-manager-grpc  | ║   Total End-to-End   =     3376.882 ms  (T4 - T1)            ║
execution-manager-grpc  | ║   Network Overhead   =     1189.476 ms  (Req + Resp)         ║
execution-manager-grpc  | ╚═══════════════════════════════════════════════════════════════╝
execution-manager-grpc  | 
execution-manager-grpc  | [EPOLL] T=24377 ms: epoll_wait returned 1 event(s)
execution-manager-grpc  | [EPOLL] event[0]: type=2 task=NULL
execution-manager-grpc  | [SCHEDULER] ✅ T=24377 ms: Task 4 'sum4' completed with status 2
execution-manager-grpc  | [SCHEDULER] 🔕 Timeout disarmed for task 4
execution-manager-grpc  | [SCHEDULER] 0 tasks remaining
execution-manager-grpc  | 
execution-manager-grpc  | [SCHEDULER] 🏁 Iteration 13/50 complete!
execution-manager-grpc  | [SCHEDULER] Iteration execution time: 24377 ms
execution-manager-grpc  | 
execution-manager-grpc  | 
execution-manager-grpc  | [SCHEDULER] 🔁 ===== ITERATION 14 / 50 =====
execution-manager-grpc  | 
execution-manager-grpc  | [SCHEDULER] 🚀 Schedule started at T=0
execution-manager-grpc  | 
execution-manager-grpc  | [SCHEDULER] 🔄 Entering event loop (NO SLEEP - event-driven!)
execution-manager-grpc  | 
execution-manager-grpc  | [gRPC Client Async] Stream completed, received 1 responses
execution-manager-grpc  | [GRPC THREAD 4] Completed
execution-manager-grpc  | [EPOLL] T=10000 ms: epoll_wait returned 1 event(s)
execution-manager-grpc  | [EPOLL] event[0]: type=0 task=sum1
execution-manager-grpc  | [SCHEDULER] ⏰ T=10000 ms | T_wall=808862564.512 ms: Launching task 1 'sum1' (deadline: 40000 ms)
execution-manager-grpc  | [SCHEDULER] 🕐 Timeout armed for task 1 at T=40000 ms (in 30000 ms)
execution-manager-grpc  | [GRPC THREAD 1] Starting...
execution-manager-grpc  | [EXECUTION MANAGER] ⏱️ T1=808862564.593 ms | Sending gRPC request for task 1 'sum1'
execution-manager-grpc  | [gRPC Channel Pool] Reusing existing channel for localhost:50051 (state=2)
execution-manager-grpc  | [gRPC Client Async] Calling task 'sum1' at localhost:50051
execution-manager-grpc  | [gRPC Client Async] Inputs: {"total_ops": 800, "io_percentage": 50}
execution-manager-grpc  | [EPOLL] T=11000 ms: epoll_wait returned 1 event(s)
execution-manager-grpc  | [EPOLL] event[0]: type=0 task=sum2
execution-manager-grpc  | [SCHEDULER] ⏰ T=11000 ms | T_wall=808863564.522 ms: Launching task 2 'sum2' (deadline: 41000 ms)
execution-manager-grpc  | [SCHEDULER] 🕐 Timeout armed for task 2 at T=41000 ms (in 30000 ms)
execution-manager-grpc  | [GRPC THREAD 2] Starting...
execution-manager-grpc  | [EXECUTION MANAGER] ⏱️ T1=808863564.618 ms | Sending gRPC request for task 2 'sum2'
execution-manager-grpc  | [gRPC Channel Pool] Reusing existing channel for localhost:50052 (state=2)
execution-manager-grpc  | [gRPC Client Async] Calling task 'sum2' at localhost:50052
execution-manager-grpc  | [gRPC Client Async] Inputs: {"total_ops": 800, "io_percentage": 50}
execution-manager-grpc  | [gRPC Client Async] Response #1 - Status: COMPLETED
execution-manager-grpc  | 🎉 [T=13193 ms] Task 2 'sum2' COMPLETED
execution-manager-grpc  | [EXECUTION MANAGER] ⏱️ T2=808863565.129 ms | Thread started (server measured)
execution-manager-grpc  | [EXECUTION MANAGER] ⏱️ T3=808865757.035 ms | Task completed (server measured)
execution-manager-grpc  | [EXECUTION MANAGER] ⏱️ T4=808865757.510 ms | Result received by client
execution-manager-grpc  |    [TASK EXECUTION] 2191.906 ms (T3-T2, measured in thread)
execution-manager-grpc  |    [RESULT] {"result": 0}
execution-manager-grpc  | 
execution-manager-grpc  | ╔═══════════════════════════════════════════════════════════════╗
execution-manager-grpc  | ║           END-TO-END TIMING MEASUREMENT RECAP                 ║
execution-manager-grpc  | ║                   Task 2: sum2                                 
execution-manager-grpc  | ╠═══════════════════════════════════════════════════════════════╣
execution-manager-grpc  | ║ T1 (start_request)    = 808863564.618 ms                        ║
execution-manager-grpc  | ║ T2 (end_request)      = 808863565.129 ms                        ║
execution-manager-grpc  | ║ T3 (start_result)     = 808865757.035 ms                        ║
execution-manager-grpc  | ║ T4 (end_result)       = 808865757.510 ms                        ║
execution-manager-grpc  | ╠═══════════════════════════════════════════════════════════════╣
execution-manager-grpc  | ║ METRICS:                                                      ║
execution-manager-grpc  | ║   Request Latency    =        0.510 ms  (T2 - T1)            ║
execution-manager-grpc  | ║   Task Execution     =     2191.906 ms  (T3 - T2)            ║
execution-manager-grpc  | ║   Response Latency   =        0.475 ms  (T4 - T3)            ║
execution-manager-grpc  | ║   Total End-to-End   =     2192.892 ms  (T4 - T1)            ║
execution-manager-grpc  | ║   Network Overhead   =        0.986 ms  (Req + Resp)         ║
execution-manager-grpc  | ╚═══════════════════════════════════════════════════════════════╝
execution-manager-grpc  | 
execution-manager-grpc  | [EPOLL] T=13193 ms: epoll_wait returned 1 event(s)
execution-manager-grpc  | [EPOLL] event[0]: type=2 task=NULL
execution-manager-grpc  | [SCHEDULER] ✅ T=13193 ms: Task 2 'sum2' completed with status 2
execution-manager-grpc  | [SCHEDULER] 🔕 Timeout disarmed for task 2
execution-manager-grpc  | [SCHEDULER] 3 tasks remaining
execution-manager-grpc  | [gRPC Client Async] Stream completed, received 1 responses
execution-manager-grpc  | [GRPC THREAD 2] Completed
execution-manager-grpc  | [gRPC Client Async] Response #1 - Status: COMPLETED
execution-manager-grpc  | 🎉 [T=14375 ms] Task 1 'sum1' COMPLETED
execution-manager-grpc  | [EXECUTION MANAGER] ⏱️ T2=808862565.266 ms | Thread started (server measured)
execution-manager-grpc  | [EXECUTION MANAGER] ⏱️ T3=808866938.846 ms | Task completed (server measured)
execution-manager-grpc  | [EXECUTION MANAGER] ⏱️ T4=808866939.308 ms | Result received by client
execution-manager-grpc  |    [TASK EXECUTION] 4373.580 ms (T3-T2, measured in thread)
execution-manager-grpc  |    [RESULT] {"result": 0}
execution-manager-grpc  | 
execution-manager-grpc  | ╔═══════════════════════════════════════════════════════════════╗
execution-manager-grpc  | ║           END-TO-END TIMING MEASUREMENT RECAP                 ║
execution-manager-grpc  | ║                   Task 1: sum1                                 
execution-manager-grpc  | ╠═══════════════════════════════════════════════════════════════╣
execution-manager-grpc  | ║ T1 (start_request)    = 808862564.593 ms                        ║
execution-manager-grpc  | ║ T2 (end_request)      = 808862565.266 ms                        ║
execution-manager-grpc  | ║ T3 (start_result)     = 808866938.846 ms                        ║
execution-manager-grpc  | ║ T4 (end_result)       = 808866939.308 ms                        ║
execution-manager-grpc  | ╠═══════════════════════════════════════════════════════════════╣
execution-manager-grpc  | ║ METRICS:                                                      ║
execution-manager-grpc  | ║   Request Latency    =        0.672 ms  (T2 - T1)            ║
execution-manager-grpc  | ║   Task Execution     =     4373.580 ms  (T3 - T2)            ║
execution-manager-grpc  | ║   Response Latency   =        0.463 ms  (T4 - T3)            ║
execution-manager-grpc  | ║   Total End-to-End   =     4374.715 ms  (T4 - T1)            ║
execution-manager-grpc  | ║   Network Overhead   =        1.135 ms  (Req + Resp)         ║
execution-manager-grpc  | ╚═══════════════════════════════════════════════════════════════╝
execution-manager-grpc  | 
execution-manager-grpc  | [EPOLL] T=14375 ms: epoll_wait returned 1 event(s)
execution-manager-grpc  | [EPOLL] event[0]: type=2 task=NULL
execution-manager-grpc  | [SCHEDULER] ✅ T=14375 ms: Task 1 'sum1' completed with status 2
execution-manager-grpc  | [SCHEDULER] 🔕 Timeout disarmed for task 1
execution-manager-grpc  | [SCHEDULER] 2 tasks remaining
execution-manager-grpc  | [gRPC Client Async] Stream completed, received 1 responses
execution-manager-grpc  | [GRPC THREAD 1] Completed
execution-manager-grpc  | [EPOLL] T=20000 ms: epoll_wait returned 1 event(s)
execution-manager-grpc  | [EPOLL] event[0]: type=0 task=sum3
execution-manager-grpc  | [SCHEDULER] ⏰ T=20000 ms | T_wall=808872564.536 ms: Launching task 3 'sum3' (deadline: 50000 ms)
execution-manager-grpc  | [SCHEDULER] 🕐 Timeout armed for task 3 at T=50000 ms (in 30000 ms)
execution-manager-grpc  | [GRPC THREAD 3] Starting...
execution-manager-grpc  | [EXECUTION MANAGER] ⏱️ T1=808872564.616 ms | Sending gRPC request for task 3 'sum3'
execution-manager-grpc  | [gRPC Channel Pool] Reusing existing channel for localhost:50053 (state=2)
execution-manager-grpc  | [gRPC Client Async] Calling task 'sum3' at localhost:50053
execution-manager-grpc  | [gRPC Client Async] Inputs: {"total_ops": 800, "io_percentage": 50}
execution-manager-grpc  | [EPOLL] T=21000 ms: epoll_wait returned 1 event(s)
execution-manager-grpc  | [EPOLL] event[0]: type=0 task=sum4
execution-manager-grpc  | [SCHEDULER] ⏰ T=21000 ms | T_wall=808873564.540 ms: Launching task 4 'sum4' (deadline: 51000 ms)
execution-manager-grpc  | [SCHEDULER] 🕐 Timeout armed for task 4 at T=51000 ms (in 30000 ms)
execution-manager-grpc  | [GRPC THREAD 4] Starting...
execution-manager-grpc  | [EXECUTION MANAGER] ⏱️ T1=808873564.636 ms | Sending gRPC request for task 4 'sum4'
execution-manager-grpc  | [gRPC Channel Pool] Reusing existing channel for localhost:50054 (state=2)
execution-manager-grpc  | [gRPC Client Async] Calling task 'sum4' at localhost:50054
execution-manager-grpc  | [gRPC Client Async] Inputs: {"total_ops": 800, "io_percentage": 50}
execution-manager-grpc  | [gRPC Client Async] Response #1 - Status: COMPLETED
execution-manager-grpc  | 🎉 [T=22191 ms] Task 3 'sum3' COMPLETED
execution-manager-grpc  | [EXECUTION MANAGER] ⏱️ T2=808872565.215 ms | Thread started (server measured)
execution-manager-grpc  | [EXECUTION MANAGER] ⏱️ T3=808874755.349 ms | Task completed (server measured)
execution-manager-grpc  | [EXECUTION MANAGER] ⏱️ T4=808874755.786 ms | Result received by client
execution-manager-grpc  |    [TASK EXECUTION] 2190.134 ms (T3-T2, measured in thread)
execution-manager-grpc  |    [RESULT] {"result": 0}
execution-manager-grpc  | 
execution-manager-grpc  | ╔═══════════════════════════════════════════════════════════════╗
execution-manager-grpc  | ║           END-TO-END TIMING MEASUREMENT RECAP                 ║
execution-manager-grpc  | ║                   Task 3: sum3                                 
execution-manager-grpc  | ╠═══════════════════════════════════════════════════════════════╣
execution-manager-grpc  | ║ T1 (start_request)    = 808872564.616 ms                        ║
execution-manager-grpc  | ║ T2 (end_request)      = 808872565.215 ms                        ║
execution-manager-grpc  | ║ T3 (start_result)     = 808874755.349 ms                        ║
execution-manager-grpc  | ║ T4 (end_result)       = 808874755.786 ms                        ║
execution-manager-grpc  | ╠═══════════════════════════════════════════════════════════════╣
execution-manager-grpc  | ║ METRICS:                                                      ║
execution-manager-grpc  | ║   Request Latency    =        0.600 ms  (T2 - T1)            ║
execution-manager-grpc  | ║   Task Execution     =     2190.134 ms  (T3 - T2)            ║
execution-manager-grpc  | ║   Response Latency   =        0.437 ms  (T4 - T3)            ║
execution-manager-grpc  | ║   Total End-to-End   =     2191.171 ms  (T4 - T1)            ║
execution-manager-grpc  | ║   Network Overhead   =        1.037 ms  (Req + Resp)         ║
execution-manager-grpc  | ╚═══════════════════════════════════════════════════════════════╝
execution-manager-grpc  | 
execution-manager-grpc  | [EPOLL] T=22191 ms: epoll_wait returned 1 event(s)
execution-manager-grpc  | [EPOLL] event[0]: type=2 task=NULL
execution-manager-grpc  | [SCHEDULER] ✅ T=22191 ms: Task 3 'sum3' completed with status 2
execution-manager-grpc  | [SCHEDULER] 🔕 Timeout disarmed for task 3
execution-manager-grpc  | [SCHEDULER] 1 tasks remaining
execution-manager-grpc  | [gRPC Client Async] Stream completed, received 1 responses
execution-manager-grpc  | [GRPC THREAD 3] Completed
execution-manager-grpc  | [gRPC Client Async] Response #1 - Status: COMPLETED
execution-manager-grpc  | 🎉 [T=24383 ms] Task 4 'sum4' COMPLETED
execution-manager-grpc  | [EXECUTION MANAGER] ⏱️ T2=808874755.402 ms | Thread started (server measured)
execution-manager-grpc  | [EXECUTION MANAGER] ⏱️ T3=808876947.407 ms | Task completed (server measured)
execution-manager-grpc  | [EXECUTION MANAGER] ⏱️ T4=808876947.785 ms | Result received by client
execution-manager-grpc  |    [TASK EXECUTION] 2192.005 ms (T3-T2, measured in thread)
execution-manager-grpc  |    [RESULT] {"result": 0}
execution-manager-grpc  | 
execution-manager-grpc  | ╔═══════════════════════════════════════════════════════════════╗
execution-manager-grpc  | ║           END-TO-END TIMING MEASUREMENT RECAP                 ║
execution-manager-grpc  | ║                   Task 4: sum4                                 
execution-manager-grpc  | ╠═══════════════════════════════════════════════════════════════╣
execution-manager-grpc  | ║ T1 (start_request)    = 808873564.636 ms                        ║
execution-manager-grpc  | ║ T2 (end_request)      = 808874755.402 ms                        ║
execution-manager-grpc  | ║ T3 (start_result)     = 808876947.407 ms                        ║
execution-manager-grpc  | ║ T4 (end_result)       = 808876947.785 ms                        ║
execution-manager-grpc  | ╠═══════════════════════════════════════════════════════════════╣
execution-manager-grpc  | ║ METRICS:                                                      ║
execution-manager-grpc  | ║   Request Latency    =     1190.766 ms  (T2 - T1)            ║
execution-manager-grpc  | ║   Task Execution     =     2192.005 ms  (T3 - T2)            ║
execution-manager-grpc  | ║   Response Latency   =        0.378 ms  (T4 - T3)            ║
execution-manager-grpc  | ║   Total End-to-End   =     3383.149 ms  (T4 - T1)            ║
execution-manager-grpc  | ║   Network Overhead   =     1191.144 ms  (Req + Resp)         ║
execution-manager-grpc  | ╚═══════════════════════════════════════════════════════════════╝
execution-manager-grpc  | 
execution-manager-grpc  | [EPOLL] T=24383 ms: epoll_wait returned 1 event(s)
execution-manager-grpc  | [EPOLL] event[0]: type=2 task=NULL
execution-manager-grpc  | [SCHEDULER] ✅ T=24383 ms: Task 4 'sum4' completed with status 2
execution-manager-grpc  | [SCHEDULER] 🔕 Timeout disarmed for task 4
execution-manager-grpc  | [SCHEDULER] 0 tasks remaining
execution-manager-grpc  | 
execution-manager-grpc  | [SCHEDULER] 🏁 Iteration 14/50 complete!
execution-manager-grpc  | [SCHEDULER] Iteration execution time: 24383 ms
execution-manager-grpc  | 
execution-manager-grpc  | 
execution-manager-grpc  | [SCHEDULER] 🔁 ===== ITERATION 15 / 50 =====
execution-manager-grpc  | 
execution-manager-grpc  | [SCHEDULER] 🚀 Schedule started at T=0
execution-manager-grpc  | 
execution-manager-grpc  | [SCHEDULER] 🔄 Entering event loop (NO SLEEP - event-driven!)
execution-manager-grpc  | 
execution-manager-grpc  | [gRPC Client Async] Stream completed, received 1 responses
execution-manager-grpc  | [GRPC THREAD 4] Completed
execution-manager-grpc  | [EPOLL] T=10000 ms: epoll_wait returned 1 event(s)
execution-manager-grpc  | [EPOLL] event[0]: type=0 task=sum1
execution-manager-grpc  | [SCHEDULER] ⏰ T=10000 ms | T_wall=808886947.917 ms: Launching task 1 'sum1' (deadline: 40000 ms)
execution-manager-grpc  | [SCHEDULER] 🕐 Timeout armed for task 1 at T=40000 ms (in 30000 ms)
execution-manager-grpc  | [GRPC THREAD 1] Starting...
execution-manager-grpc  | [EXECUTION MANAGER] ⏱️ T1=808886948.014 ms | Sending gRPC request for task 1 'sum1'
execution-manager-grpc  | [gRPC Channel Pool] Reusing existing channel for localhost:50051 (state=2)
execution-manager-grpc  | [gRPC Client Async] Calling task 'sum1' at localhost:50051
execution-manager-grpc  | [gRPC Client Async] Inputs: {"total_ops": 800, "io_percentage": 50}
execution-manager-grpc  | [EPOLL] T=11000 ms: epoll_wait returned 1 event(s)
execution-manager-grpc  | [EPOLL] event[0]: type=0 task=sum2
execution-manager-grpc  | [SCHEDULER] ⏰ T=11000 ms | T_wall=808887947.923 ms: Launching task 2 'sum2' (deadline: 41000 ms)
execution-manager-grpc  | [SCHEDULER] 🕐 Timeout armed for task 2 at T=41000 ms (in 30000 ms)
execution-manager-grpc  | [GRPC THREAD 2] Starting...
execution-manager-grpc  | [EXECUTION MANAGER] ⏱️ T1=808887948.021 ms | Sending gRPC request for task 2 'sum2'
execution-manager-grpc  | [gRPC Channel Pool] Reusing existing channel for localhost:50052 (state=2)
execution-manager-grpc  | [gRPC Client Async] Calling task 'sum2' at localhost:50052
execution-manager-grpc  | [gRPC Client Async] Inputs: {"total_ops": 800, "io_percentage": 50}
execution-manager-grpc  | [gRPC Client Async] Response #1 - Status: COMPLETED
execution-manager-grpc  | 🎉 [T=13190 ms] Task 2 'sum2' COMPLETED
execution-manager-grpc  | [EXECUTION MANAGER] ⏱️ T2=808887948.522 ms | Thread started (server measured)
execution-manager-grpc  | [EXECUTION MANAGER] ⏱️ T3=808890137.375 ms | Task completed (server measured)
execution-manager-grpc  | [EXECUTION MANAGER] ⏱️ T4=808890137.835 ms | Result received by client
execution-manager-grpc  |    [TASK EXECUTION] 2188.853 ms (T3-T2, measured in thread)
execution-manager-grpc  |    [RESULT] {"result": 0}
execution-manager-grpc  | 
execution-manager-grpc  | ╔═══════════════════════════════════════════════════════════════╗
execution-manager-grpc  | ║           END-TO-END TIMING MEASUREMENT RECAP                 ║
execution-manager-grpc  | ║                   Task 2: sum2                                 
execution-manager-grpc  | ╠═══════════════════════════════════════════════════════════════╣
execution-manager-grpc  | ║ T1 (start_request)    = 808887948.021 ms                        ║
execution-manager-grpc  | ║ T2 (end_request)      = 808887948.522 ms                        ║
execution-manager-grpc  | ║ T3 (start_result)     = 808890137.375 ms                        ║
execution-manager-grpc  | ║ T4 (end_result)       = 808890137.835 ms                        ║
execution-manager-grpc  | ╠═══════════════════════════════════════════════════════════════╣
execution-manager-grpc  | ║ METRICS:                                                      ║
execution-manager-grpc  | ║   Request Latency    =        0.501 ms  (T2 - T1)            ║
execution-manager-grpc  | ║   Task Execution     =     2188.853 ms  (T3 - T2)            ║
execution-manager-grpc  | ║   Response Latency   =        0.460 ms  (T4 - T3)            ║
execution-manager-grpc  | ║   Total End-to-End   =     2189.814 ms  (T4 - T1)            ║
execution-manager-grpc  | ║   Network Overhead   =        0.961 ms  (Req + Resp)         ║
execution-manager-grpc  | ╚═══════════════════════════════════════════════════════════════╝
execution-manager-grpc  | 
execution-manager-grpc  | [EPOLL] T=13190 ms: epoll_wait returned 1 event(s)
execution-manager-grpc  | [EPOLL] event[0]: type=2 task=NULL
execution-manager-grpc  | [SCHEDULER] ✅ T=13190 ms: Task 2 'sum2' completed with status 2
execution-manager-grpc  | [SCHEDULER] 🔕 Timeout disarmed for task 2
execution-manager-grpc  | [SCHEDULER] 3 tasks remaining
execution-manager-grpc  | [gRPC Client Async] Stream completed, received 1 responses
execution-manager-grpc  | [GRPC THREAD 2] Completed
execution-manager-grpc  | [gRPC Client Async] Response #1 - Status: COMPLETED
execution-manager-grpc  | 🎉 [T=14370 ms] Task 1 'sum1' COMPLETED
execution-manager-grpc  | [EXECUTION MANAGER] ⏱️ T2=808886948.895 ms | Thread started (server measured)
execution-manager-grpc  | [EXECUTION MANAGER] ⏱️ T3=808891317.261 ms | Task completed (server measured)
execution-manager-grpc  | [EXECUTION MANAGER] ⏱️ T4=808891317.759 ms | Result received by client
execution-manager-grpc  |    [TASK EXECUTION] 4368.366 ms (T3-T2, measured in thread)
execution-manager-grpc  |    [RESULT] {"result": 0}
execution-manager-grpc  | 
execution-manager-grpc  | ╔═══════════════════════════════════════════════════════════════╗
execution-manager-grpc  | ║           END-TO-END TIMING MEASUREMENT RECAP                 ║
execution-manager-grpc  | ║                   Task 1: sum1                                 
execution-manager-grpc  | ╠═══════════════════════════════════════════════════════════════╣
execution-manager-grpc  | ║ T1 (start_request)    = 808886948.014 ms                        ║
execution-manager-grpc  | ║ T2 (end_request)      = 808886948.895 ms                        ║
execution-manager-grpc  | ║ T3 (start_result)     = 808891317.261 ms                        ║
execution-manager-grpc  | ║ T4 (end_result)       = 808891317.759 ms                        ║
execution-manager-grpc  | ╠═══════════════════════════════════════════════════════════════╣
execution-manager-grpc  | ║ METRICS:                                                      ║
execution-manager-grpc  | ║   Request Latency    =        0.881 ms  (T2 - T1)            ║
execution-manager-grpc  | ║   Task Execution     =     4368.366 ms  (T3 - T2)            ║
execution-manager-grpc  | ║   Response Latency   =        0.498 ms  (T4 - T3)            ║
execution-manager-grpc  | ║   Total End-to-End   =     4369.745 ms  (T4 - T1)            ║
execution-manager-grpc  | ║   Network Overhead   =        1.380 ms  (Req + Resp)         ║
execution-manager-grpc  | ╚═══════════════════════════════════════════════════════════════╝
execution-manager-grpc  | 
execution-manager-grpc  | [EPOLL] T=14370 ms: epoll_wait returned 1 event(s)
execution-manager-grpc  | [EPOLL] event[0]: type=2 task=NULL
execution-manager-grpc  | [SCHEDULER] ✅ T=14370 ms: Task 1 'sum1' completed with status 2
execution-manager-grpc  | [SCHEDULER] 🔕 Timeout disarmed for task 1
execution-manager-grpc  | [SCHEDULER] 2 tasks remaining
execution-manager-grpc  | [gRPC Client Async] Stream completed, received 1 responses
execution-manager-grpc  | [GRPC THREAD 1] Completed
execution-manager-grpc  | [EPOLL] T=20000 ms: epoll_wait returned 1 event(s)
execution-manager-grpc  | [EPOLL] event[0]: type=0 task=sum3
execution-manager-grpc  | [SCHEDULER] ⏰ T=20000 ms | T_wall=808896947.939 ms: Launching task 3 'sum3' (deadline: 50000 ms)
execution-manager-grpc  | [SCHEDULER] 🕐 Timeout armed for task 3 at T=50000 ms (in 29999 ms)
execution-manager-grpc  | [GRPC THREAD 3] Starting...
execution-manager-grpc  | [EXECUTION MANAGER] ⏱️ T1=808896948.045 ms | Sending gRPC request for task 3 'sum3'
execution-manager-grpc  | [gRPC Channel Pool] Reusing existing channel for localhost:50053 (state=2)
execution-manager-grpc  | [gRPC Client Async] Calling task 'sum3' at localhost:50053
execution-manager-grpc  | [gRPC Client Async] Inputs: {"total_ops": 800, "io_percentage": 50}
execution-manager-grpc  | [EPOLL] T=21000 ms: epoll_wait returned 1 event(s)
execution-manager-grpc  | [EPOLL] event[0]: type=0 task=sum4
execution-manager-grpc  | [SCHEDULER] ⏰ T=21000 ms | T_wall=808897947.943 ms: Launching task 4 'sum4' (deadline: 51000 ms)
execution-manager-grpc  | [SCHEDULER] 🕐 Timeout armed for task 4 at T=51000 ms (in 29999 ms)
execution-manager-grpc  | [GRPC THREAD 4] Starting...
execution-manager-grpc  | [EXECUTION MANAGER] ⏱️ T1=808897948.060 ms | Sending gRPC request for task 4 'sum4'
execution-manager-grpc  | [gRPC Channel Pool] Reusing existing channel for localhost:50054 (state=2)
execution-manager-grpc  | [gRPC Client Async] Calling task 'sum4' at localhost:50054
execution-manager-grpc  | [gRPC Client Async] Inputs: {"total_ops": 800, "io_percentage": 50}
execution-manager-grpc  | [gRPC Client Async] Response #1 - Status: COMPLETED
execution-manager-grpc  | 🎉 [T=22190 ms] Task 3 'sum3' COMPLETED
execution-manager-grpc  | [EXECUTION MANAGER] ⏱️ T2=808896948.999 ms | Thread started (server measured)
execution-manager-grpc  | [EXECUTION MANAGER] ⏱️ T3=808899137.346 ms | Task completed (server measured)
execution-manager-grpc  | [EXECUTION MANAGER] ⏱️ T4=808899137.814 ms | Result received by client
execution-manager-grpc  |    [TASK EXECUTION] 2188.347 ms (T3-T2, measured in thread)
execution-manager-grpc  |    [RESULT] {"result": 0}
execution-manager-grpc  | 
execution-manager-grpc  | ╔═══════════════════════════════════════════════════════════════╗
execution-manager-grpc  | ║           END-TO-END TIMING MEASUREMENT RECAP                 ║
execution-manager-grpc  | ║                   Task 3: sum3                                 
execution-manager-grpc  | ╠═══════════════════════════════════════════════════════════════╣
execution-manager-grpc  | ║ T1 (start_request)    = 808896948.045 ms                        ║
execution-manager-grpc  | ║ T2 (end_request)      = 808896948.999 ms                        ║
execution-manager-grpc  | ║ T3 (start_result)     = 808899137.346 ms                        ║
execution-manager-grpc  | ║ T4 (end_result)       = 808899137.814 ms                        ║
execution-manager-grpc  | ╠═══════════════════════════════════════════════════════════════╣
execution-manager-grpc  | ║ METRICS:                                                      ║
execution-manager-grpc  | ║   Request Latency    =        0.953 ms  (T2 - T1)            ║
execution-manager-grpc  | ║   Task Execution     =     2188.347 ms  (T3 - T2)            ║
execution-manager-grpc  | ║   Response Latency   =        0.468 ms  (T4 - T3)            ║
execution-manager-grpc  | ║   Total End-to-End   =     2189.769 ms  (T4 - T1)            ║
execution-manager-grpc  | ║   Network Overhead   =        1.422 ms  (Req + Resp)         ║
execution-manager-grpc  | ╚═══════════════════════════════════════════════════════════════╝
execution-manager-grpc  | 
execution-manager-grpc  | [EPOLL] T=22190 ms: epoll_wait returned 1 event(s)
execution-manager-grpc  | [EPOLL] event[0]: type=2 task=NULL
execution-manager-grpc  | [SCHEDULER] ✅ T=22190 ms: Task 3 'sum3' completed with status 2
execution-manager-grpc  | [SCHEDULER] 🔕 Timeout disarmed for task 3
execution-manager-grpc  | [SCHEDULER] 1 tasks remaining
execution-manager-grpc  | [gRPC Client Async] Stream completed, received 1 responses
execution-manager-grpc  | [GRPC THREAD 3] Completed
execution-manager-grpc  | [gRPC Client Async] Response #1 - Status: COMPLETED
execution-manager-grpc  | 🎉 [T=24379 ms] Task 4 'sum4' COMPLETED
execution-manager-grpc  | [EXECUTION MANAGER] ⏱️ T2=808899137.403 ms | Thread started (server measured)
execution-manager-grpc  | [EXECUTION MANAGER] ⏱️ T3=808901325.814 ms | Task completed (server measured)
execution-manager-grpc  | [EXECUTION MANAGER] ⏱️ T4=808901326.232 ms | Result received by client
execution-manager-grpc  |    [TASK EXECUTION] 2188.411 ms (T3-T2, measured in thread)
execution-manager-grpc  |    [RESULT] {"result": 0}
execution-manager-grpc  | 
execution-manager-grpc  | ╔═══════════════════════════════════════════════════════════════╗
execution-manager-grpc  | ║           END-TO-END TIMING MEASUREMENT RECAP                 ║
execution-manager-grpc  | ║                   Task 4: sum4                                 
execution-manager-grpc  | ╠═══════════════════════════════════════════════════════════════╣
execution-manager-grpc  | ║ T1 (start_request)    = 808897948.060 ms                        ║
execution-manager-grpc  | ║ T2 (end_request)      = 808899137.403 ms                        ║
execution-manager-grpc  | ║ T3 (start_result)     = 808901325.814 ms                        ║
execution-manager-grpc  | ║ T4 (end_result)       = 808901326.232 ms                        ║
execution-manager-grpc  | ╠═══════════════════════════════════════════════════════════════╣
execution-manager-grpc  | ║ METRICS:                                                      ║
execution-manager-grpc  | ║   Request Latency    =     1189.343 ms  (T2 - T1)            ║
execution-manager-grpc  | ║   Task Execution     =     2188.411 ms  (T3 - T2)            ║
execution-manager-grpc  | ║   Response Latency   =        0.417 ms  (T4 - T3)            ║
execution-manager-grpc  | ║   Total End-to-End   =     3378.171 ms  (T4 - T1)            ║
execution-manager-grpc  | ║   Network Overhead   =     1189.760 ms  (Req + Resp)         ║
execution-manager-grpc  | ╚═══════════════════════════════════════════════════════════════╝
execution-manager-grpc  | 
execution-manager-grpc  | [EPOLL] T=24379 ms: epoll_wait returned 1 event(s)
execution-manager-grpc  | [EPOLL] event[0]: type=2 task=NULL
execution-manager-grpc  | [SCHEDULER] ✅ T=24379 ms: Task 4 'sum4' completed with status 2
execution-manager-grpc  | [SCHEDULER] 🔕 Timeout disarmed for task 4
execution-manager-grpc  | [SCHEDULER] 0 tasks remaining
execution-manager-grpc  | 
execution-manager-grpc  | [SCHEDULER] 🏁 Iteration 15/50 complete!
execution-manager-grpc  | [SCHEDULER] Iteration execution time: 24379 ms
execution-manager-grpc  | 
execution-manager-grpc  | 
execution-manager-grpc  | [SCHEDULER] 🔁 ===== ITERATION 16 / 50 =====
execution-manager-grpc  | 
execution-manager-grpc  | [SCHEDULER] 🚀 Schedule started at T=0
execution-manager-grpc  | 
execution-manager-grpc  | [SCHEDULER] 🔄 Entering event loop (NO SLEEP - event-driven!)
execution-manager-grpc  | 
execution-manager-grpc  | [gRPC Client Async] Stream completed, received 1 responses
execution-manager-grpc  | [GRPC THREAD 4] Completed
execution-manager-grpc  | [EPOLL] T=10000 ms: epoll_wait returned 1 event(s)
execution-manager-grpc  | [EPOLL] event[0]: type=0 task=sum1
execution-manager-grpc  | [SCHEDULER] ⏰ T=10000 ms | T_wall=808911326.370 ms: Launching task 1 'sum1' (deadline: 40000 ms)
execution-manager-grpc  | [SCHEDULER] 🕐 Timeout armed for task 1 at T=40000 ms (in 30000 ms)
execution-manager-grpc  | [GRPC THREAD 1] Starting...
execution-manager-grpc  | [EXECUTION MANAGER] ⏱️ T1=808911326.456 ms | Sending gRPC request for task 1 'sum1'
execution-manager-grpc  | [gRPC Channel Pool] Reusing existing channel for localhost:50051 (state=2)
execution-manager-grpc  | [gRPC Client Async] Calling task 'sum1' at localhost:50051
execution-manager-grpc  | [gRPC Client Async] Inputs: {"total_ops": 800, "io_percentage": 50}
execution-manager-grpc  | [EPOLL] T=11000 ms: epoll_wait returned 1 event(s)
execution-manager-grpc  | [EPOLL] event[0]: type=0 task=sum2
execution-manager-grpc  | [SCHEDULER] ⏰ T=11000 ms | T_wall=808912326.378 ms: Launching task 2 'sum2' (deadline: 41000 ms)
execution-manager-grpc  | [SCHEDULER] 🕐 Timeout armed for task 2 at T=41000 ms (in 30000 ms)
execution-manager-grpc  | [GRPC THREAD 2] Starting...
execution-manager-grpc  | [EXECUTION MANAGER] ⏱️ T1=808912326.463 ms | Sending gRPC request for task 2 'sum2'
execution-manager-grpc  | [gRPC Channel Pool] Reusing existing channel for localhost:50052 (state=2)
execution-manager-grpc  | [gRPC Client Async] Calling task 'sum2' at localhost:50052
execution-manager-grpc  | [gRPC Client Async] Inputs: {"total_ops": 800, "io_percentage": 50}
execution-manager-grpc  | [gRPC Client Async] Response #1 - Status: COMPLETED
execution-manager-grpc  | 🎉 [T=13190 ms] Task 2 'sum2' COMPLETED
execution-manager-grpc  | [EXECUTION MANAGER] ⏱️ T2=808912326.973 ms | Thread started (server measured)
execution-manager-grpc  | [EXECUTION MANAGER] ⏱️ T3=808914515.809 ms | Task completed (server measured)
execution-manager-grpc  | [EXECUTION MANAGER] ⏱️ T4=808914516.304 ms | Result received by client
execution-manager-grpc  |    [TASK EXECUTION] 2188.836 ms (T3-T2, measured in thread)
execution-manager-grpc  |    [RESULT] {"result": 0}
execution-manager-grpc  | 
execution-manager-grpc  | ╔═══════════════════════════════════════════════════════════════╗
execution-manager-grpc  | ║           END-TO-END TIMING MEASUREMENT RECAP                 ║
execution-manager-grpc  | ║                   Task 2: sum2                                 
execution-manager-grpc  | ╠═══════════════════════════════════════════════════════════════╣
execution-manager-grpc  | ║ T1 (start_request)    = 808912326.463 ms                        ║
execution-manager-grpc  | ║ T2 (end_request)      = 808912326.973 ms                        ║
execution-manager-grpc  | ║ T3 (start_result)     = 808914515.809 ms                        ║
execution-manager-grpc  | ║ T4 (end_result)       = 808914516.304 ms                        ║
execution-manager-grpc  | ╠═══════════════════════════════════════════════════════════════╣
execution-manager-grpc  | ║ METRICS:                                                      ║
execution-manager-grpc  | ║   Request Latency    =        0.510 ms  (T2 - T1)            ║
execution-manager-grpc  | ║   Task Execution     =     2188.836 ms  (T3 - T2)            ║
execution-manager-grpc  | ║   Response Latency   =        0.495 ms  (T4 - T3)            ║
execution-manager-grpc  | ║   Total End-to-End   =     2189.842 ms  (T4 - T1)            ║
execution-manager-grpc  | ║   Network Overhead   =        1.005 ms  (Req + Resp)         ║
execution-manager-grpc  | ╚═══════════════════════════════════════════════════════════════╝
execution-manager-grpc  | 
execution-manager-grpc  | [EPOLL] T=13190 ms: epoll_wait returned 1 event(s)
execution-manager-grpc  | [EPOLL] event[0]: type=2 task=NULL
execution-manager-grpc  | [SCHEDULER] ✅ T=13190 ms: Task 2 'sum2' completed with status 2
execution-manager-grpc  | [SCHEDULER] 🔕 Timeout disarmed for task 2
execution-manager-grpc  | [SCHEDULER] 3 tasks remaining
execution-manager-grpc  | [gRPC Client Async] Stream completed, received 1 responses
execution-manager-grpc  | [GRPC THREAD 2] Completed
execution-manager-grpc  | [gRPC Client Async] Response #1 - Status: COMPLETED
execution-manager-grpc  | 🎉 [T=14369 ms] Task 1 'sum1' COMPLETED
execution-manager-grpc  | [EXECUTION MANAGER] ⏱️ T2=808911327.200 ms | Thread started (server measured)
execution-manager-grpc  | [EXECUTION MANAGER] ⏱️ T3=808915694.607 ms | Task completed (server measured)
execution-manager-grpc  | [EXECUTION MANAGER] ⏱️ T4=808915695.112 ms | Result received by client
execution-manager-grpc  |    [TASK EXECUTION] 4367.407 ms (T3-T2, measured in thread)
execution-manager-grpc  |    [RESULT] {"result": 0}
execution-manager-grpc  | 
execution-manager-grpc  | ╔═══════════════════════════════════════════════════════════════╗
execution-manager-grpc  | ║           END-TO-END TIMING MEASUREMENT RECAP                 ║
execution-manager-grpc  | ║                   Task 1: sum1                                 
execution-manager-grpc  | ╠═══════════════════════════════════════════════════════════════╣
execution-manager-grpc  | ║ T1 (start_request)    = 808911326.456 ms                        ║
execution-manager-grpc  | ║ T2 (end_request)      = 808911327.200 ms                        ║
execution-manager-grpc  | ║ T3 (start_result)     = 808915694.607 ms                        ║
execution-manager-grpc  | ║ T4 (end_result)       = 808915695.112 ms                        ║
execution-manager-grpc  | ╠═══════════════════════════════════════════════════════════════╣
execution-manager-grpc  | ║ METRICS:                                                      ║
execution-manager-grpc  | ║   Request Latency    =        0.744 ms  (T2 - T1)            ║
execution-manager-grpc  | ║   Task Execution     =     4367.407 ms  (T3 - T2)            ║
execution-manager-grpc  | ║   Response Latency   =        0.505 ms  (T4 - T3)            ║
execution-manager-grpc  | ║   Total End-to-End   =     4368.656 ms  (T4 - T1)            ║
execution-manager-grpc  | ║   Network Overhead   =        1.249 ms  (Req + Resp)         ║
execution-manager-grpc  | ╚═══════════════════════════════════════════════════════════════╝
execution-manager-grpc  | 
execution-manager-grpc  | [EPOLL] T=14369 ms: epoll_wait returned 1 event(s)
execution-manager-grpc  | [EPOLL] event[0]: type=2 task=NULL
execution-manager-grpc  | [SCHEDULER] ✅ T=14369 ms: Task 1 'sum1' completed with status 2
execution-manager-grpc  | [SCHEDULER] 🔕 Timeout disarmed for task 1
execution-manager-grpc  | [SCHEDULER] 2 tasks remaining
execution-manager-grpc  | [gRPC Client Async] Stream completed, received 1 responses
execution-manager-grpc  | [GRPC THREAD 1] Completed
execution-manager-grpc  | [EPOLL] T=20000 ms: epoll_wait returned 1 event(s)
execution-manager-grpc  | [EPOLL] event[0]: type=0 task=sum3
execution-manager-grpc  | [SCHEDULER] ⏰ T=20000 ms | T_wall=808921326.397 ms: Launching task 3 'sum3' (deadline: 50000 ms)
execution-manager-grpc  | [SCHEDULER] 🕐 Timeout armed for task 3 at T=50000 ms (in 30000 ms)
execution-manager-grpc  | [GRPC THREAD 3] Starting...
execution-manager-grpc  | [EXECUTION MANAGER] ⏱️ T1=808921326.474 ms | Sending gRPC request for task 3 'sum3'
execution-manager-grpc  | [gRPC Channel Pool] Reusing existing channel for localhost:50053 (state=2)
execution-manager-grpc  | [gRPC Client Async] Calling task 'sum3' at localhost:50053
execution-manager-grpc  | [gRPC Client Async] Inputs: {"total_ops": 800, "io_percentage": 50}
execution-manager-grpc  | [EPOLL] T=21000 ms: epoll_wait returned 1 event(s)
execution-manager-grpc  | [EPOLL] event[0]: type=0 task=sum4
execution-manager-grpc  | [SCHEDULER] ⏰ T=21000 ms | T_wall=808922326.404 ms: Launching task 4 'sum4' (deadline: 51000 ms)
execution-manager-grpc  | [SCHEDULER] 🕐 Timeout armed for task 4 at T=51000 ms (in 30000 ms)
execution-manager-grpc  | [GRPC THREAD 4] Starting...
execution-manager-grpc  | [EXECUTION MANAGER] ⏱️ T1=808922326.491 ms | Sending gRPC request for task 4 'sum4'
execution-manager-grpc  | [gRPC Channel Pool] Reusing existing channel for localhost:50054 (state=2)
execution-manager-grpc  | [gRPC Client Async] Calling task 'sum4' at localhost:50054
execution-manager-grpc  | [gRPC Client Async] Inputs: {"total_ops": 800, "io_percentage": 50}
execution-manager-grpc  | [gRPC Client Async] Response #1 - Status: COMPLETED
execution-manager-grpc  | 🎉 [T=22190 ms] Task 3 'sum3' COMPLETED
execution-manager-grpc  | [EXECUTION MANAGER] ⏱️ T2=808921326.986 ms | Thread started (server measured)
execution-manager-grpc  | [EXECUTION MANAGER] ⏱️ T3=808923515.895 ms | Task completed (server measured)
execution-manager-grpc  | [EXECUTION MANAGER] ⏱️ T4=808923516.389 ms | Result received by client
execution-manager-grpc  |    [TASK EXECUTION] 2188.910 ms (T3-T2, measured in thread)
execution-manager-grpc  |    [RESULT] {"result": 0}
execution-manager-grpc  | 
execution-manager-grpc  | ╔═══════════════════════════════════════════════════════════════╗
execution-manager-grpc  | ║           END-TO-END TIMING MEASUREMENT RECAP                 ║
execution-manager-grpc  | ║                   Task 3: sum3                                 
execution-manager-grpc  | ╠═══════════════════════════════════════════════════════════════╣
execution-manager-grpc  | ║ T1 (start_request)    = 808921326.474 ms                        ║
execution-manager-grpc  | ║ T2 (end_request)      = 808921326.986 ms                        ║
execution-manager-grpc  | ║ T3 (start_result)     = 808923515.895 ms                        ║
execution-manager-grpc  | ║ T4 (end_result)       = 808923516.389 ms                        ║
execution-manager-grpc  | ╠═══════════════════════════════════════════════════════════════╣
execution-manager-grpc  | ║ METRICS:                                                      ║
execution-manager-grpc  | ║   Request Latency    =        0.511 ms  (T2 - T1)            ║
execution-manager-grpc  | ║   Task Execution     =     2188.910 ms  (T3 - T2)            ║
execution-manager-grpc  | ║   Response Latency   =        0.494 ms  (T4 - T3)            ║
execution-manager-grpc  | ║   Total End-to-End   =     2189.915 ms  (T4 - T1)            ║
execution-manager-grpc  | ║   Network Overhead   =        1.005 ms  (Req + Resp)         ║
execution-manager-grpc  | ╚═══════════════════════════════════════════════════════════════╝
execution-manager-grpc  | 
execution-manager-grpc  | [EPOLL] T=22190 ms: epoll_wait returned 1 event(s)
execution-manager-grpc  | [EPOLL] event[0]: type=2 task=NULL
execution-manager-grpc  | [SCHEDULER] ✅ T=22190 ms: Task 3 'sum3' completed with status 2
execution-manager-grpc  | [SCHEDULER] 🔕 Timeout disarmed for task 3
execution-manager-grpc  | [SCHEDULER] 1 tasks remaining
execution-manager-grpc  | [gRPC Client Async] Stream completed, received 1 responses
execution-manager-grpc  | [GRPC THREAD 3] Completed
execution-manager-grpc  | [gRPC Client Async] Response #1 - Status: COMPLETED
execution-manager-grpc  | 🎉 [T=24379 ms] Task 4 'sum4' COMPLETED
execution-manager-grpc  | [EXECUTION MANAGER] ⏱️ T2=808923515.954 ms | Thread started (server measured)
execution-manager-grpc  | [EXECUTION MANAGER] ⏱️ T3=808925705.095 ms | Task completed (server measured)
execution-manager-grpc  | [EXECUTION MANAGER] ⏱️ T4=808925705.519 ms | Result received by client
execution-manager-grpc  |    [TASK EXECUTION] 2189.141 ms (T3-T2, measured in thread)
execution-manager-grpc  |    [RESULT] {"result": 0}
execution-manager-grpc  | 
execution-manager-grpc  | ╔═══════════════════════════════════════════════════════════════╗
execution-manager-grpc  | ║           END-TO-END TIMING MEASUREMENT RECAP                 ║
execution-manager-grpc  | ║                   Task 4: sum4                                 
execution-manager-grpc  | ╠═══════════════════════════════════════════════════════════════╣
execution-manager-grpc  | ║ T1 (start_request)    = 808922326.491 ms                        ║
execution-manager-grpc  | ║ T2 (end_request)      = 808923515.954 ms                        ║
execution-manager-grpc  | ║ T3 (start_result)     = 808925705.095 ms                        ║
execution-manager-grpc  | ║ T4 (end_result)       = 808925705.519 ms                        ║
execution-manager-grpc  | ╠═══════════════════════════════════════════════════════════════╣
execution-manager-grpc  | ║ METRICS:                                                      ║
execution-manager-grpc  | ║   Request Latency    =     1189.463 ms  (T2 - T1)            ║
execution-manager-grpc  | ║   Task Execution     =     2189.141 ms  (T3 - T2)            ║
execution-manager-grpc  | ║   Response Latency   =        0.424 ms  (T4 - T3)            ║
execution-manager-grpc  | ║   Total End-to-End   =     3379.028 ms  (T4 - T1)            ║
execution-manager-grpc  | ║   Network Overhead   =     1189.887 ms  (Req + Resp)         ║
execution-manager-grpc  | ╚═══════════════════════════════════════════════════════════════╝
execution-manager-grpc  | 
execution-manager-grpc  | [EPOLL] T=24379 ms: epoll_wait returned 1 event(s)
execution-manager-grpc  | [EPOLL] event[0]: type=2 task=NULL
execution-manager-grpc  | [SCHEDULER] ✅ T=24379 ms: Task 4 'sum4' completed with status 2
execution-manager-grpc  | [SCHEDULER] 🔕 Timeout disarmed for task 4
execution-manager-grpc  | [SCHEDULER] 0 tasks remaining
execution-manager-grpc  | 
execution-manager-grpc  | [SCHEDULER] 🏁 Iteration 16/50 complete!
execution-manager-grpc  | [SCHEDULER] Iteration execution time: 24379 ms
execution-manager-grpc  | 
execution-manager-grpc  | 
execution-manager-grpc  | [SCHEDULER] 🔁 ===== ITERATION 17 / 50 =====
execution-manager-grpc  | 
execution-manager-grpc  | [SCHEDULER] 🚀 Schedule started at T=0
execution-manager-grpc  | 
execution-manager-grpc  | [SCHEDULER] 🔄 Entering event loop (NO SLEEP - event-driven!)
execution-manager-grpc  | 
execution-manager-grpc  | [gRPC Client Async] Stream completed, received 1 responses
execution-manager-grpc  | [GRPC THREAD 4] Completed
execution-manager-grpc  | [EPOLL] T=10000 ms: epoll_wait returned 1 event(s)
execution-manager-grpc  | [EPOLL] event[0]: type=0 task=sum1
execution-manager-grpc  | [SCHEDULER] ⏰ T=10000 ms | T_wall=808935705.654 ms: Launching task 1 'sum1' (deadline: 40000 ms)
execution-manager-grpc  | [SCHEDULER] 🕐 Timeout armed for task 1 at T=40000 ms (in 30000 ms)
execution-manager-grpc  | [GRPC THREAD 1] Starting...
execution-manager-grpc  | [EXECUTION MANAGER] ⏱️ T1=808935705.741 ms | Sending gRPC request for task 1 'sum1'
execution-manager-grpc  | [gRPC Channel Pool] Reusing existing channel for localhost:50051 (state=2)
execution-manager-grpc  | [gRPC Client Async] Calling task 'sum1' at localhost:50051
execution-manager-grpc  | [gRPC Client Async] Inputs: {"total_ops": 800, "io_percentage": 50}
execution-manager-grpc  | [EPOLL] T=11000 ms: epoll_wait returned 1 event(s)
execution-manager-grpc  | [EPOLL] event[0]: type=0 task=sum2
execution-manager-grpc  | [SCHEDULER] ⏰ T=11000 ms | T_wall=808936705.664 ms: Launching task 2 'sum2' (deadline: 41000 ms)
execution-manager-grpc  | [SCHEDULER] 🕐 Timeout armed for task 2 at T=41000 ms (in 30000 ms)
execution-manager-grpc  | [GRPC THREAD 2] Starting...
execution-manager-grpc  | [EXECUTION MANAGER] ⏱️ T1=808936705.747 ms | Sending gRPC request for task 2 'sum2'
execution-manager-grpc  | [gRPC Channel Pool] Reusing existing channel for localhost:50052 (state=2)
execution-manager-grpc  | [gRPC Client Async] Calling task 'sum2' at localhost:50052
execution-manager-grpc  | [gRPC Client Async] Inputs: {"total_ops": 800, "io_percentage": 50}
execution-manager-grpc  | [gRPC Client Async] Response #1 - Status: COMPLETED
execution-manager-grpc  | 🎉 [T=13191 ms] Task 2 'sum2' COMPLETED
execution-manager-grpc  | [EXECUTION MANAGER] ⏱️ T2=808936706.282 ms | Thread started (server measured)
execution-manager-grpc  | [EXECUTION MANAGER] ⏱️ T3=808938896.114 ms | Task completed (server measured)
execution-manager-grpc  | [EXECUTION MANAGER] ⏱️ T4=808938896.603 ms | Result received by client
execution-manager-grpc  |    [TASK EXECUTION] 2189.832 ms (T3-T2, measured in thread)
execution-manager-grpc  |    [RESULT] {"result": 0}
execution-manager-grpc  | 
execution-manager-grpc  | ╔═══════════════════════════════════════════════════════════════╗
execution-manager-grpc  | ║           END-TO-END TIMING MEASUREMENT RECAP                 ║
execution-manager-grpc  | ║                   Task 2: sum2                                 
execution-manager-grpc  | ╠═══════════════════════════════════════════════════════════════╣
execution-manager-grpc  | ║ T1 (start_request)    = 808936705.747 ms                        ║
execution-manager-grpc  | ║ T2 (end_request)      = 808936706.282 ms                        ║
execution-manager-grpc  | ║ T3 (start_result)     = 808938896.114 ms                        ║
execution-manager-grpc  | ║ T4 (end_result)       = 808938896.603 ms                        ║
execution-manager-grpc  | ╠═══════════════════════════════════════════════════════════════╣
execution-manager-grpc  | ║ METRICS:                                                      ║
execution-manager-grpc  | ║   Request Latency    =        0.535 ms  (T2 - T1)            ║
execution-manager-grpc  | ║   Task Execution     =     2189.832 ms  (T3 - T2)            ║
execution-manager-grpc  | ║   Response Latency   =        0.489 ms  (T4 - T3)            ║
execution-manager-grpc  | ║   Total End-to-End   =     2190.856 ms  (T4 - T1)            ║
execution-manager-grpc  | ║   Network Overhead   =        1.024 ms  (Req + Resp)         ║
execution-manager-grpc  | ╚═══════════════════════════════════════════════════════════════╝
execution-manager-grpc  | 
execution-manager-grpc  | [EPOLL] T=13191 ms: epoll_wait returned 1 event(s)
execution-manager-grpc  | [EPOLL] event[0]: type=2 task=NULL
execution-manager-grpc  | [SCHEDULER] ✅ T=13191 ms: Task 2 'sum2' completed with status 2
execution-manager-grpc  | [SCHEDULER] 🔕 Timeout disarmed for task 2
execution-manager-grpc  | [SCHEDULER] 3 tasks remaining
execution-manager-grpc  | [gRPC Client Async] Stream completed, received 1 responses
execution-manager-grpc  | [GRPC THREAD 2] Completed
execution-manager-grpc  | [gRPC Client Async] Response #1 - Status: COMPLETED
execution-manager-grpc  | 🎉 [T=14370 ms] Task 1 'sum1' COMPLETED
execution-manager-grpc  | [EXECUTION MANAGER] ⏱️ T2=808935706.324 ms | Thread started (server measured)
execution-manager-grpc  | [EXECUTION MANAGER] ⏱️ T3=808940075.257 ms | Task completed (server measured)
execution-manager-grpc  | [EXECUTION MANAGER] ⏱️ T4=808940075.752 ms | Result received by client
execution-manager-grpc  |    [TASK EXECUTION] 4368.933 ms (T3-T2, measured in thread)
execution-manager-grpc  |    [RESULT] {"result": 0}
execution-manager-grpc  | 
execution-manager-grpc  | ╔═══════════════════════════════════════════════════════════════╗
execution-manager-grpc  | ║           END-TO-END TIMING MEASUREMENT RECAP                 ║
execution-manager-grpc  | ║                   Task 1: sum1                                 
execution-manager-grpc  | ╠═══════════════════════════════════════════════════════════════╣
execution-manager-grpc  | ║ T1 (start_request)    = 808935705.741 ms                        ║
execution-manager-grpc  | ║ T2 (end_request)      = 808935706.324 ms                        ║
execution-manager-grpc  | ║ T3 (start_result)     = 808940075.257 ms                        ║
execution-manager-grpc  | ║ T4 (end_result)       = 808940075.752 ms                        ║
execution-manager-grpc  | ╠═══════════════════════════════════════════════════════════════╣
execution-manager-grpc  | ║ METRICS:                                                      ║
execution-manager-grpc  | ║   Request Latency    =        0.583 ms  (T2 - T1)            ║
execution-manager-grpc  | ║   Task Execution     =     4368.933 ms  (T3 - T2)            ║
execution-manager-grpc  | ║   Response Latency   =        0.495 ms  (T4 - T3)            ║
execution-manager-grpc  | ║   Total End-to-End   =     4370.011 ms  (T4 - T1)            ║
execution-manager-grpc  | ║   Network Overhead   =        1.078 ms  (Req + Resp)         ║
execution-manager-grpc  | ╚═══════════════════════════════════════════════════════════════╝
execution-manager-grpc  | 
execution-manager-grpc  | [EPOLL] T=14370 ms: epoll_wait returned 1 event(s)
execution-manager-grpc  | [EPOLL] event[0]: type=2 task=NULL
execution-manager-grpc  | [SCHEDULER] ✅ T=14370 ms: Task 1 'sum1' completed with status 2
execution-manager-grpc  | [SCHEDULER] 🔕 Timeout disarmed for task 1
execution-manager-grpc  | [SCHEDULER] 2 tasks remaining
execution-manager-grpc  | [gRPC Client Async] Stream completed, received 1 responses
execution-manager-grpc  | [GRPC THREAD 1] Completed
execution-manager-grpc  | [EPOLL] T=20000 ms: epoll_wait returned 1 event(s)
execution-manager-grpc  | [EPOLL] event[0]: type=0 task=sum3
execution-manager-grpc  | [SCHEDULER] ⏰ T=20000 ms | T_wall=808945705.675 ms: Launching task 3 'sum3' (deadline: 50000 ms)
execution-manager-grpc  | [SCHEDULER] 🕐 Timeout armed for task 3 at T=50000 ms (in 30000 ms)
execution-manager-grpc  | [GRPC THREAD 3] Starting...
execution-manager-grpc  | [EXECUTION MANAGER] ⏱️ T1=808945705.758 ms | Sending gRPC request for task 3 'sum3'
execution-manager-grpc  | [gRPC Channel Pool] Reusing existing channel for localhost:50053 (state=2)
execution-manager-grpc  | [gRPC Client Async] Calling task 'sum3' at localhost:50053
execution-manager-grpc  | [gRPC Client Async] Inputs: {"total_ops": 800, "io_percentage": 50}
execution-manager-grpc  | [EPOLL] T=21000 ms: epoll_wait returned 1 event(s)
execution-manager-grpc  | [EPOLL] event[0]: type=0 task=sum4
execution-manager-grpc  | [SCHEDULER] ⏰ T=21000 ms | T_wall=808946705.681 ms: Launching task 4 'sum4' (deadline: 51000 ms)
execution-manager-grpc  | [SCHEDULER] 🕐 Timeout armed for task 4 at T=51000 ms (in 30000 ms)
execution-manager-grpc  | [GRPC THREAD 4] Starting...
execution-manager-grpc  | [EXECUTION MANAGER] ⏱️ T1=808946705.778 ms | Sending gRPC request for task 4 'sum4'
execution-manager-grpc  | [gRPC Channel Pool] Reusing existing channel for localhost:50054 (state=2)
execution-manager-grpc  | [gRPC Client Async] Calling task 'sum4' at localhost:50054
execution-manager-grpc  | [gRPC Client Async] Inputs: {"total_ops": 800, "io_percentage": 50}
execution-manager-grpc  | [gRPC Client Async] Response #1 - Status: COMPLETED
execution-manager-grpc  | 🎉 [T=22191 ms] Task 3 'sum3' COMPLETED
execution-manager-grpc  | [EXECUTION MANAGER] ⏱️ T2=808945706.227 ms | Thread started (server measured)
execution-manager-grpc  | [EXECUTION MANAGER] ⏱️ T3=808947896.114 ms | Task completed (server measured)
execution-manager-grpc  | [EXECUTION MANAGER] ⏱️ T4=808947896.563 ms | Result received by client
execution-manager-grpc  |    [TASK EXECUTION] 2189.887 ms (T3-T2, measured in thread)
execution-manager-grpc  |    [RESULT] {"result": 0}
execution-manager-grpc  | 
execution-manager-grpc  | ╔═══════════════════════════════════════════════════════════════╗
execution-manager-grpc  | ║           END-TO-END TIMING MEASUREMENT RECAP                 ║
execution-manager-grpc  | ║                   Task 3: sum3                                 
execution-manager-grpc  | ╠═══════════════════════════════════════════════════════════════╣
execution-manager-grpc  | ║ T1 (start_request)    = 808945705.758 ms                        ║
execution-manager-grpc  | ║ T2 (end_request)      = 808945706.227 ms                        ║
execution-manager-grpc  | ║ T3 (start_result)     = 808947896.114 ms                        ║
execution-manager-grpc  | ║ T4 (end_result)       = 808947896.563 ms                        ║
execution-manager-grpc  | ╠═══════════════════════════════════════════════════════════════╣
execution-manager-grpc  | ║ METRICS:                                                      ║
execution-manager-grpc  | ║   Request Latency    =        0.469 ms  (T2 - T1)            ║
execution-manager-grpc  | ║   Task Execution     =     2189.887 ms  (T3 - T2)            ║
execution-manager-grpc  | ║   Response Latency   =        0.450 ms  (T4 - T3)            ║
execution-manager-grpc  | ║   Total End-to-End   =     2190.806 ms  (T4 - T1)            ║
execution-manager-grpc  | ║   Network Overhead   =        0.919 ms  (Req + Resp)         ║
execution-manager-grpc  | ╚═══════════════════════════════════════════════════════════════╝
execution-manager-grpc  | 
execution-manager-grpc  | [EPOLL] T=22191 ms: epoll_wait returned 1 event(s)
execution-manager-grpc  | [EPOLL] event[0]: type=2 task=NULL
execution-manager-grpc  | [SCHEDULER] ✅ T=22191 ms: Task 3 'sum3' completed with status 2
execution-manager-grpc  | [SCHEDULER] 🔕 Timeout disarmed for task 3
execution-manager-grpc  | [SCHEDULER] 1 tasks remaining
execution-manager-grpc  | [gRPC Client Async] Stream completed, received 1 responses
execution-manager-grpc  | [GRPC THREAD 3] Completed
execution-manager-grpc  | [gRPC Client Async] Response #1 - Status: COMPLETED
execution-manager-grpc  | 🎉 [T=24382 ms] Task 4 'sum4' COMPLETED
execution-manager-grpc  | [EXECUTION MANAGER] ⏱️ T2=808947896.167 ms | Thread started (server measured)
execution-manager-grpc  | [EXECUTION MANAGER] ⏱️ T3=808950087.376 ms | Task completed (server measured)
execution-manager-grpc  | [EXECUTION MANAGER] ⏱️ T4=808950087.766 ms | Result received by client
execution-manager-grpc  |    [TASK EXECUTION] 2191.209 ms (T3-T2, measured in thread)
execution-manager-grpc  |    [RESULT] {"result": 0}
execution-manager-grpc  | 
execution-manager-grpc  | ╔═══════════════════════════════════════════════════════════════╗
execution-manager-grpc  | ║           END-TO-END TIMING MEASUREMENT RECAP                 ║
execution-manager-grpc  | ║                   Task 4: sum4                                 
execution-manager-grpc  | ╠═══════════════════════════════════════════════════════════════╣
execution-manager-grpc  | ║ T1 (start_request)    = 808946705.778 ms                        ║
execution-manager-grpc  | ║ T2 (end_request)      = 808947896.167 ms                        ║
execution-manager-grpc  | ║ T3 (start_result)     = 808950087.376 ms                        ║
execution-manager-grpc  | ║ T4 (end_result)       = 808950087.766 ms                        ║
execution-manager-grpc  | ╠═══════════════════════════════════════════════════════════════╣
execution-manager-grpc  | ║ METRICS:                                                      ║
execution-manager-grpc  | ║   Request Latency    =     1190.389 ms  (T2 - T1)            ║
execution-manager-grpc  | ║   Task Execution     =     2191.209 ms  (T3 - T2)            ║
execution-manager-grpc  | ║   Response Latency   =        0.390 ms  (T4 - T3)            ║
execution-manager-grpc  | ║   Total End-to-End   =     3381.988 ms  (T4 - T1)            ║
execution-manager-grpc  | ║   Network Overhead   =     1190.779 ms  (Req + Resp)         ║
execution-manager-grpc  | ╚═══════════════════════════════════════════════════════════════╝
execution-manager-grpc  | 
execution-manager-grpc  | [EPOLL] T=24382 ms: epoll_wait returned 1 event(s)
execution-manager-grpc  | [EPOLL] event[0]: type=2 task=NULL
execution-manager-grpc  | [SCHEDULER] ✅ T=24382 ms: Task 4 'sum4' completed with status 2
execution-manager-grpc  | [SCHEDULER] 🔕 Timeout disarmed for task 4
execution-manager-grpc  | [SCHEDULER] 0 tasks remaining
execution-manager-grpc  | 
execution-manager-grpc  | [SCHEDULER] 🏁 Iteration 17/50 complete!
execution-manager-grpc  | [SCHEDULER] Iteration execution time: 24382 ms
execution-manager-grpc  | 
execution-manager-grpc  | 
execution-manager-grpc  | [SCHEDULER] 🔁 ===== ITERATION 18 / 50 =====
execution-manager-grpc  | 
execution-manager-grpc  | [SCHEDULER] 🚀 Schedule started at T=0
execution-manager-grpc  | 
execution-manager-grpc  | [SCHEDULER] 🔄 Entering event loop (NO SLEEP - event-driven!)
execution-manager-grpc  | 
execution-manager-grpc  | [gRPC Client Async] Stream completed, received 1 responses
execution-manager-grpc  | [GRPC THREAD 4] Completed
execution-manager-grpc  | [EPOLL] T=10000 ms: epoll_wait returned 1 event(s)
execution-manager-grpc  | [EPOLL] event[0]: type=0 task=sum1
execution-manager-grpc  | [SCHEDULER] ⏰ T=10000 ms | T_wall=808960087.896 ms: Launching task 1 'sum1' (deadline: 40000 ms)
execution-manager-grpc  | [SCHEDULER] 🕐 Timeout armed for task 1 at T=40000 ms (in 30000 ms)
execution-manager-grpc  | [GRPC THREAD 1] Starting...
execution-manager-grpc  | [EXECUTION MANAGER] ⏱️ T1=808960087.989 ms | Sending gRPC request for task 1 'sum1'
execution-manager-grpc  | [gRPC Channel Pool] Reusing existing channel for localhost:50051 (state=2)
execution-manager-grpc  | [gRPC Client Async] Calling task 'sum1' at localhost:50051
execution-manager-grpc  | [gRPC Client Async] Inputs: {"total_ops": 800, "io_percentage": 50}
execution-manager-grpc  | [EPOLL] T=11000 ms: epoll_wait returned 1 event(s)
execution-manager-grpc  | [EPOLL] event[0]: type=0 task=sum2
execution-manager-grpc  | [SCHEDULER] ⏰ T=11000 ms | T_wall=808961087.907 ms: Launching task 2 'sum2' (deadline: 41000 ms)
execution-manager-grpc  | [SCHEDULER] 🕐 Timeout armed for task 2 at T=41000 ms (in 30000 ms)
execution-manager-grpc  | [GRPC THREAD 2] Starting...
execution-manager-grpc  | [EXECUTION MANAGER] ⏱️ T1=808961087.998 ms | Sending gRPC request for task 2 'sum2'
execution-manager-grpc  | [gRPC Channel Pool] Reusing existing channel for localhost:50052 (state=2)
execution-manager-grpc  | [gRPC Client Async] Calling task 'sum2' at localhost:50052
execution-manager-grpc  | [gRPC Client Async] Inputs: {"total_ops": 800, "io_percentage": 50}
execution-manager-grpc  | [gRPC Client Async] Response #1 - Status: COMPLETED
execution-manager-grpc  | 🎉 [T=13192 ms] Task 2 'sum2' COMPLETED
execution-manager-grpc  | [EXECUTION MANAGER] ⏱️ T2=808961088.541 ms | Thread started (server measured)
execution-manager-grpc  | [EXECUTION MANAGER] ⏱️ T3=808963279.128 ms | Task completed (server measured)
execution-manager-grpc  | [EXECUTION MANAGER] ⏱️ T4=808963279.633 ms | Result received by client
execution-manager-grpc  |    [TASK EXECUTION] 2190.588 ms (T3-T2, measured in thread)
execution-manager-grpc  |    [RESULT] {"result": 0}
execution-manager-grpc  | 
execution-manager-grpc  | ╔═══════════════════════════════════════════════════════════════╗
execution-manager-grpc  | ║           END-TO-END TIMING MEASUREMENT RECAP                 ║
execution-manager-grpc  | ║                   Task 2: sum2                                 
execution-manager-grpc  | ╠═══════════════════════════════════════════════════════════════╣
execution-manager-grpc  | ║ T1 (start_request)    = 808961087.998 ms                        ║
execution-manager-grpc  | ║ T2 (end_request)      = 808961088.541 ms                        ║
execution-manager-grpc  | ║ T3 (start_result)     = 808963279.128 ms                        ║
execution-manager-grpc  | ║ T4 (end_result)       = 808963279.633 ms                        ║
execution-manager-grpc  | ╠═══════════════════════════════════════════════════════════════╣
execution-manager-grpc  | ║ METRICS:                                                      ║
execution-manager-grpc  | ║   Request Latency    =        0.542 ms  (T2 - T1)            ║
execution-manager-grpc  | ║   Task Execution     =     2190.588 ms  (T3 - T2)            ║
execution-manager-grpc  | ║   Response Latency   =        0.505 ms  (T4 - T3)            ║
execution-manager-grpc  | ║   Total End-to-End   =     2191.635 ms  (T4 - T1)            ║
execution-manager-grpc  | ║   Network Overhead   =        1.047 ms  (Req + Resp)         ║
execution-manager-grpc  | ╚═══════════════════════════════════════════════════════════════╝
execution-manager-grpc  | 
execution-manager-grpc  | [EPOLL] T=13192 ms: epoll_wait returned 1 event(s)
execution-manager-grpc  | [EPOLL] event[0]: type=2 task=NULL
execution-manager-grpc  | [SCHEDULER] ✅ T=13192 ms: Task 2 'sum2' completed with status 2
execution-manager-grpc  | [SCHEDULER] 🔕 Timeout disarmed for task 2
execution-manager-grpc  | [SCHEDULER] 3 tasks remaining
execution-manager-grpc  | [gRPC Client Async] Stream completed, received 1 responses
execution-manager-grpc  | [GRPC THREAD 2] Completed
execution-manager-grpc  | [gRPC Client Async] Response #1 - Status: COMPLETED
execution-manager-grpc  | 🎉 [T=14372 ms] Task 1 'sum1' COMPLETED
execution-manager-grpc  | [EXECUTION MANAGER] ⏱️ T2=808960088.911 ms | Thread started (server measured)
execution-manager-grpc  | [EXECUTION MANAGER] ⏱️ T3=808964459.483 ms | Task completed (server measured)
execution-manager-grpc  | [EXECUTION MANAGER] ⏱️ T4=808964459.986 ms | Result received by client
execution-manager-grpc  |    [TASK EXECUTION] 4370.573 ms (T3-T2, measured in thread)
execution-manager-grpc  |    [RESULT] {"result": 0}
execution-manager-grpc  | 
execution-manager-grpc  | ╔═══════════════════════════════════════════════════════════════╗
execution-manager-grpc  | ║           END-TO-END TIMING MEASUREMENT RECAP                 ║
execution-manager-grpc  | ║                   Task 1: sum1                                 
execution-manager-grpc  | ╠═══════════════════════════════════════════════════════════════╣
execution-manager-grpc  | ║ T1 (start_request)    = 808960087.989 ms                        ║
execution-manager-grpc  | ║ T2 (end_request)      = 808960088.911 ms                        ║
execution-manager-grpc  | ║ T3 (start_result)     = 808964459.483 ms                        ║
execution-manager-grpc  | ║ T4 (end_result)       = 808964459.986 ms                        ║
execution-manager-grpc  | ╠═══════════════════════════════════════════════════════════════╣
execution-manager-grpc  | ║ METRICS:                                                      ║
execution-manager-grpc  | ║   Request Latency    =        0.921 ms  (T2 - T1)            ║
execution-manager-grpc  | ║   Task Execution     =     4370.573 ms  (T3 - T2)            ║
execution-manager-grpc  | ║   Response Latency   =        0.503 ms  (T4 - T3)            ║
execution-manager-grpc  | ║   Total End-to-End   =     4371.997 ms  (T4 - T1)            ║
execution-manager-grpc  | ║   Network Overhead   =        1.424 ms  (Req + Resp)         ║
execution-manager-grpc  | ╚═══════════════════════════════════════════════════════════════╝
execution-manager-grpc  | 
execution-manager-grpc  | [EPOLL] T=14373 ms: epoll_wait returned 1 event(s)
execution-manager-grpc  | [EPOLL] event[0]: type=2 task=NULL
execution-manager-grpc  | [SCHEDULER] ✅ T=14373 ms: Task 1 'sum1' completed with status 2
execution-manager-grpc  | [SCHEDULER] 🔕 Timeout disarmed for task 1
execution-manager-grpc  | [SCHEDULER] 2 tasks remaining
execution-manager-grpc  | [gRPC Client Async] Stream completed, received 1 responses
execution-manager-grpc  | [GRPC THREAD 1] Completed
execution-manager-grpc  | [EPOLL] T=20000 ms: epoll_wait returned 1 event(s)
execution-manager-grpc  | [EPOLL] event[0]: type=0 task=sum3
execution-manager-grpc  | [SCHEDULER] ⏰ T=20000 ms | T_wall=808970087.916 ms: Launching task 3 'sum3' (deadline: 50000 ms)
execution-manager-grpc  | [SCHEDULER] 🕐 Timeout armed for task 3 at T=50000 ms (in 30000 ms)
execution-manager-grpc  | [GRPC THREAD 3] Starting...
execution-manager-grpc  | [EXECUTION MANAGER] ⏱️ T1=808970088.016 ms | Sending gRPC request for task 3 'sum3'
execution-manager-grpc  | [gRPC Channel Pool] Reusing existing channel for localhost:50053 (state=2)
execution-manager-grpc  | [gRPC Client Async] Calling task 'sum3' at localhost:50053
execution-manager-grpc  | [gRPC Client Async] Inputs: {"total_ops": 800, "io_percentage": 50}
execution-manager-grpc  | [EPOLL] T=21000 ms: epoll_wait returned 1 event(s)
execution-manager-grpc  | [EPOLL] event[0]: type=0 task=sum4
execution-manager-grpc  | [SCHEDULER] ⏰ T=21000 ms | T_wall=808971087.928 ms: Launching task 4 'sum4' (deadline: 51000 ms)
execution-manager-grpc  | [SCHEDULER] 🕐 Timeout armed for task 4 at T=51000 ms (in 30000 ms)
execution-manager-grpc  | [GRPC THREAD 4] Starting...
execution-manager-grpc  | [EXECUTION MANAGER] ⏱️ T1=808971088.029 ms | Sending gRPC request for task 4 'sum4'
execution-manager-grpc  | [gRPC Channel Pool] Reusing existing channel for localhost:50054 (state=2)
execution-manager-grpc  | [gRPC Client Async] Calling task 'sum4' at localhost:50054
execution-manager-grpc  | [gRPC Client Async] Inputs: {"total_ops": 800, "io_percentage": 50}
execution-manager-grpc  | [gRPC Client Async] Response #1 - Status: COMPLETED
execution-manager-grpc  | 🎉 [T=22192 ms] Task 3 'sum3' COMPLETED
execution-manager-grpc  | [EXECUTION MANAGER] ⏱️ T2=808970088.984 ms | Thread started (server measured)
execution-manager-grpc  | [EXECUTION MANAGER] ⏱️ T3=808972278.673 ms | Task completed (server measured)
execution-manager-grpc  | [EXECUTION MANAGER] ⏱️ T4=808972279.120 ms | Result received by client
execution-manager-grpc  |    [TASK EXECUTION] 2189.690 ms (T3-T2, measured in thread)
execution-manager-grpc  |    [RESULT] {"result": 0}
execution-manager-grpc  | 
execution-manager-grpc  | ╔═══════════════════════════════════════════════════════════════╗
execution-manager-grpc  | ║           END-TO-END TIMING MEASUREMENT RECAP                 ║
execution-manager-grpc  | ║                   Task 3: sum3                                 
execution-manager-grpc  | ╠═══════════════════════════════════════════════════════════════╣
execution-manager-grpc  | ║ T1 (start_request)    = 808970088.016 ms                        ║
execution-manager-grpc  | ║ T2 (end_request)      = 808970088.984 ms                        ║
execution-manager-grpc  | ║ T3 (start_result)     = 808972278.673 ms                        ║
execution-manager-grpc  | ║ T4 (end_result)       = 808972279.120 ms                        ║
execution-manager-grpc  | ╠═══════════════════════════════════════════════════════════════╣
execution-manager-grpc  | ║ METRICS:                                                      ║
execution-manager-grpc  | ║   Request Latency    =        0.968 ms  (T2 - T1)            ║
execution-manager-grpc  | ║   Task Execution     =     2189.690 ms  (T3 - T2)            ║
execution-manager-grpc  | ║   Response Latency   =        0.447 ms  (T4 - T3)            ║
execution-manager-grpc  | ║   Total End-to-End   =     2191.104 ms  (T4 - T1)            ║
execution-manager-grpc  | ║   Network Overhead   =        1.415 ms  (Req + Resp)         ║
execution-manager-grpc  | ╚═══════════════════════════════════════════════════════════════╝
execution-manager-grpc  | 
execution-manager-grpc  | [EPOLL] T=22192 ms: epoll_wait returned 1 event(s)
execution-manager-grpc  | [EPOLL] event[0]: type=2 task=NULL
execution-manager-grpc  | [SCHEDULER] ✅ T=22192 ms: Task 3 'sum3' completed with status 2
execution-manager-grpc  | [SCHEDULER] 🔕 Timeout disarmed for task 3
execution-manager-grpc  | [SCHEDULER] 1 tasks remaining
execution-manager-grpc  | [gRPC Client Async] Stream completed, received 1 responses
execution-manager-grpc  | [GRPC THREAD 3] Completed
execution-manager-grpc  | [gRPC Client Async] Response #1 - Status: COMPLETED
execution-manager-grpc  | 🎉 [T=24384 ms] Task 4 'sum4' COMPLETED
execution-manager-grpc  | [EXECUTION MANAGER] ⏱️ T2=808972278.725 ms | Thread started (server measured)
execution-manager-grpc  | [EXECUTION MANAGER] ⏱️ T3=808974470.850 ms | Task completed (server measured)
execution-manager-grpc  | [EXECUTION MANAGER] ⏱️ T4=808974471.311 ms | Result received by client
execution-manager-grpc  |    [TASK EXECUTION] 2192.125 ms (T3-T2, measured in thread)
execution-manager-grpc  |    [RESULT] {"result": 0}
execution-manager-grpc  | 
execution-manager-grpc  | ╔═══════════════════════════════════════════════════════════════╗
execution-manager-grpc  | ║           END-TO-END TIMING MEASUREMENT RECAP                 ║
execution-manager-grpc  | ║                   Task 4: sum4                                 
execution-manager-grpc  | ╠═══════════════════════════════════════════════════════════════╣
execution-manager-grpc  | ║ T1 (start_request)    = 808971088.029 ms                        ║
execution-manager-grpc  | ║ T2 (end_request)      = 808972278.725 ms                        ║
execution-manager-grpc  | ║ T3 (start_result)     = 808974470.850 ms                        ║
execution-manager-grpc  | ║ T4 (end_result)       = 808974471.311 ms                        ║
execution-manager-grpc  | ╠═══════════════════════════════════════════════════════════════╣
execution-manager-grpc  | ║ METRICS:                                                      ║
execution-manager-grpc  | ║   Request Latency    =     1190.696 ms  (T2 - T1)            ║
execution-manager-grpc  | ║   Task Execution     =     2192.125 ms  (T3 - T2)            ║
execution-manager-grpc  | ║   Response Latency   =        0.461 ms  (T4 - T3)            ║
execution-manager-grpc  | ║   Total End-to-End   =     3383.282 ms  (T4 - T1)            ║
execution-manager-grpc  | ║   Network Overhead   =     1191.157 ms  (Req + Resp)         ║
execution-manager-grpc  | ╚═══════════════════════════════════════════════════════════════╝
execution-manager-grpc  | 
execution-manager-grpc  | [EPOLL] T=24384 ms: epoll_wait returned 1 event(s)
execution-manager-grpc  | [EPOLL] event[0]: type=2 task=NULL
execution-manager-grpc  | [SCHEDULER] ✅ T=24384 ms: Task 4 'sum4' completed with status 2
execution-manager-grpc  | [SCHEDULER] 🔕 Timeout disarmed for task 4
execution-manager-grpc  | [SCHEDULER] 0 tasks remaining
execution-manager-grpc  | 
execution-manager-grpc  | [SCHEDULER] 🏁 Iteration 18/50 complete!
execution-manager-grpc  | [SCHEDULER] Iteration execution time: 24384 ms
execution-manager-grpc  | 
execution-manager-grpc  | 
execution-manager-grpc  | [SCHEDULER] 🔁 ===== ITERATION 19 / 50 =====
execution-manager-grpc  | 
execution-manager-grpc  | [SCHEDULER] 🚀 Schedule started at T=0
execution-manager-grpc  | 
execution-manager-grpc  | [SCHEDULER] 🔄 Entering event loop (NO SLEEP - event-driven!)
execution-manager-grpc  | 
execution-manager-grpc  | [gRPC Client Async] Stream completed, received 1 responses
execution-manager-grpc  | [GRPC THREAD 4] Completed
execution-manager-grpc  | [EPOLL] T=10000 ms: epoll_wait returned 1 event(s)
execution-manager-grpc  | [EPOLL] event[0]: type=0 task=sum1
execution-manager-grpc  | [SCHEDULER] ⏰ T=10000 ms | T_wall=808984471.445 ms: Launching task 1 'sum1' (deadline: 40000 ms)
execution-manager-grpc  | [SCHEDULER] 🕐 Timeout armed for task 1 at T=40000 ms (in 30000 ms)
execution-manager-grpc  | [GRPC THREAD 1] Starting...
execution-manager-grpc  | [EXECUTION MANAGER] ⏱️ T1=808984471.525 ms | Sending gRPC request for task 1 'sum1'
execution-manager-grpc  | [gRPC Channel Pool] Reusing existing channel for localhost:50051 (state=2)
execution-manager-grpc  | [gRPC Client Async] Calling task 'sum1' at localhost:50051
execution-manager-grpc  | [gRPC Client Async] Inputs: {"total_ops": 800, "io_percentage": 50}
execution-manager-grpc  | [EPOLL] T=11000 ms: epoll_wait returned 1 event(s)
execution-manager-grpc  | [EPOLL] event[0]: type=0 task=sum2
execution-manager-grpc  | [SCHEDULER] ⏰ T=11000 ms | T_wall=808985471.453 ms: Launching task 2 'sum2' (deadline: 41000 ms)
execution-manager-grpc  | [SCHEDULER] 🕐 Timeout armed for task 2 at T=41000 ms (in 30000 ms)
execution-manager-grpc  | [GRPC THREAD 2] Starting...
execution-manager-grpc  | [EXECUTION MANAGER] ⏱️ T1=808985471.552 ms | Sending gRPC request for task 2 'sum2'
execution-manager-grpc  | [gRPC Channel Pool] Reusing existing channel for localhost:50052 (state=2)
execution-manager-grpc  | [gRPC Client Async] Calling task 'sum2' at localhost:50052
execution-manager-grpc  | [gRPC Client Async] Inputs: {"total_ops": 800, "io_percentage": 50}
execution-manager-grpc  | [gRPC Client Async] Response #1 - Status: COMPLETED
execution-manager-grpc  | 🎉 [T=13192 ms] Task 2 'sum2' COMPLETED
execution-manager-grpc  | [EXECUTION MANAGER] ⏱️ T2=808985472.048 ms | Thread started (server measured)
execution-manager-grpc  | [EXECUTION MANAGER] ⏱️ T3=808987662.873 ms | Task completed (server measured)
execution-manager-grpc  | [EXECUTION MANAGER] ⏱️ T4=808987663.389 ms | Result received by client
execution-manager-grpc  |    [TASK EXECUTION] 2190.825 ms (T3-T2, measured in thread)
execution-manager-grpc  |    [RESULT] {"result": 0}
execution-manager-grpc  | 
execution-manager-grpc  | ╔═══════════════════════════════════════════════════════════════╗
execution-manager-grpc  | ║           END-TO-END TIMING MEASUREMENT RECAP                 ║
execution-manager-grpc  | ║                   Task 2: sum2                                 
execution-manager-grpc  | ╠═══════════════════════════════════════════════════════════════╣
execution-manager-grpc  | ║ T1 (start_request)    = 808985471.552 ms                        ║
execution-manager-grpc  | ║ T2 (end_request)      = 808985472.048 ms                        ║
execution-manager-grpc  | ║ T3 (start_result)     = 808987662.873 ms                        ║
execution-manager-grpc  | ║ T4 (end_result)       = 808987663.389 ms                        ║
execution-manager-grpc  | ╠═══════════════════════════════════════════════════════════════╣
execution-manager-grpc  | ║ METRICS:                                                      ║
execution-manager-grpc  | ║   Request Latency    =        0.496 ms  (T2 - T1)            ║
execution-manager-grpc  | ║   Task Execution     =     2190.825 ms  (T3 - T2)            ║
execution-manager-grpc  | ║   Response Latency   =        0.516 ms  (T4 - T3)            ║
execution-manager-grpc  | ║   Total End-to-End   =     2191.837 ms  (T4 - T1)            ║
execution-manager-grpc  | ║   Network Overhead   =        1.012 ms  (Req + Resp)         ║
execution-manager-grpc  | ╚═══════════════════════════════════════════════════════════════╝
execution-manager-grpc  | 
execution-manager-grpc  | [EPOLL] T=13192 ms: epoll_wait returned 1 event(s)
execution-manager-grpc  | [EPOLL] event[0]: type=2 task=NULL
execution-manager-grpc  | [SCHEDULER] ✅ T=13192 ms: Task 2 'sum2' completed with status 2
execution-manager-grpc  | [SCHEDULER] 🔕 Timeout disarmed for task 2
execution-manager-grpc  | [SCHEDULER] 3 tasks remaining
execution-manager-grpc  | [gRPC Client Async] Stream completed, received 1 responses
execution-manager-grpc  | [GRPC THREAD 2] Completed
execution-manager-grpc  | [gRPC Client Async] Response #1 - Status: COMPLETED
execution-manager-grpc  | 🎉 [T=14373 ms] Task 1 'sum1' COMPLETED
execution-manager-grpc  | [EXECUTION MANAGER] ⏱️ T2=808984472.276 ms | Thread started (server measured)
execution-manager-grpc  | [EXECUTION MANAGER] ⏱️ T3=808988844.330 ms | Task completed (server measured)
execution-manager-grpc  | [EXECUTION MANAGER] ⏱️ T4=808988844.768 ms | Result received by client
execution-manager-grpc  |    [TASK EXECUTION] 4372.055 ms (T3-T2, measured in thread)
execution-manager-grpc  |    [RESULT] {"result": 0}
execution-manager-grpc  | 
execution-manager-grpc  | ╔═══════════════════════════════════════════════════════════════╗
execution-manager-grpc  | ║           END-TO-END TIMING MEASUREMENT RECAP                 ║
execution-manager-grpc  | ║                   Task 1: sum1                                 
execution-manager-grpc  | ╠═══════════════════════════════════════════════════════════════╣
execution-manager-grpc  | ║ T1 (start_request)    = 808984471.525 ms                        ║
execution-manager-grpc  | ║ T2 (end_request)      = 808984472.276 ms                        ║
execution-manager-grpc  | ║ T3 (start_result)     = 808988844.330 ms                        ║
execution-manager-grpc  | ║ T4 (end_result)       = 808988844.768 ms                        ║
execution-manager-grpc  | ╠═══════════════════════════════════════════════════════════════╣
execution-manager-grpc  | ║ METRICS:                                                      ║
execution-manager-grpc  | ║   Request Latency    =        0.750 ms  (T2 - T1)            ║
execution-manager-grpc  | ║   Task Execution     =     4372.055 ms  (T3 - T2)            ║
execution-manager-grpc  | ║   Response Latency   =        0.437 ms  (T4 - T3)            ║
execution-manager-grpc  | ║   Total End-to-End   =     4373.242 ms  (T4 - T1)            ║
execution-manager-grpc  | ║   Network Overhead   =        1.188 ms  (Req + Resp)         ║
execution-manager-grpc  | ╚═══════════════════════════════════════════════════════════════╝
execution-manager-grpc  | 
execution-manager-grpc  | [EPOLL] T=14373 ms: epoll_wait returned 1 event(s)
execution-manager-grpc  | [EPOLL] event[0]: type=2 task=NULL
execution-manager-grpc  | [SCHEDULER] ✅ T=14373 ms: Task 1 'sum1' completed with status 2
execution-manager-grpc  | [SCHEDULER] 🔕 Timeout disarmed for task 1
execution-manager-grpc  | [SCHEDULER] 2 tasks remaining
execution-manager-grpc  | [gRPC Client Async] Stream completed, received 1 responses
execution-manager-grpc  | [GRPC THREAD 1] Completed
execution-manager-grpc  | [EPOLL] T=20000 ms: epoll_wait returned 1 event(s)
execution-manager-grpc  | [EPOLL] event[0]: type=0 task=sum3
execution-manager-grpc  | [SCHEDULER] ⏰ T=20000 ms | T_wall=808994471.474 ms: Launching task 3 'sum3' (deadline: 50000 ms)
execution-manager-grpc  | [SCHEDULER] 🕐 Timeout armed for task 3 at T=50000 ms (in 30000 ms)
execution-manager-grpc  | [GRPC THREAD 3] Starting...
execution-manager-grpc  | [EXECUTION MANAGER] ⏱️ T1=808994471.552 ms | Sending gRPC request for task 3 'sum3'
execution-manager-grpc  | [gRPC Channel Pool] Reusing existing channel for localhost:50053 (state=2)
execution-manager-grpc  | [gRPC Client Async] Calling task 'sum3' at localhost:50053
execution-manager-grpc  | [gRPC Client Async] Inputs: {"total_ops": 800, "io_percentage": 50}
execution-manager-grpc  | [EPOLL] T=21000 ms: epoll_wait returned 1 event(s)
execution-manager-grpc  | [EPOLL] event[0]: type=0 task=sum4
execution-manager-grpc  | [SCHEDULER] ⏰ T=21000 ms | T_wall=808995471.477 ms: Launching task 4 'sum4' (deadline: 51000 ms)
execution-manager-grpc  | [SCHEDULER] 🕐 Timeout armed for task 4 at T=51000 ms (in 30000 ms)
execution-manager-grpc  | [GRPC THREAD 4] Starting...
execution-manager-grpc  | [EXECUTION MANAGER] ⏱️ T1=808995471.569 ms | Sending gRPC request for task 4 'sum4'
execution-manager-grpc  | [gRPC Channel Pool] Reusing existing channel for localhost:50054 (state=2)
execution-manager-grpc  | [gRPC Client Async] Calling task 'sum4' at localhost:50054
execution-manager-grpc  | [gRPC Client Async] Inputs: {"total_ops": 800, "io_percentage": 50}
execution-manager-grpc  | [gRPC Client Async] Response #1 - Status: COMPLETED
execution-manager-grpc  | 🎉 [T=22192 ms] Task 3 'sum3' COMPLETED
execution-manager-grpc  | [EXECUTION MANAGER] ⏱️ T2=808994472.276 ms | Thread started (server measured)
execution-manager-grpc  | [EXECUTION MANAGER] ⏱️ T3=808996662.725 ms | Task completed (server measured)
execution-manager-grpc  | [EXECUTION MANAGER] ⏱️ T4=808996663.190 ms | Result received by client
execution-manager-grpc  |    [TASK EXECUTION] 2190.448 ms (T3-T2, measured in thread)
execution-manager-grpc  |    [RESULT] {"result": 0}
execution-manager-grpc  | 
execution-manager-grpc  | ╔═══════════════════════════════════════════════════════════════╗
execution-manager-grpc  | ║           END-TO-END TIMING MEASUREMENT RECAP                 ║
execution-manager-grpc  | ║                   Task 3: sum3                                 
execution-manager-grpc  | ╠═══════════════════════════════════════════════════════════════╣
execution-manager-grpc  | ║ T1 (start_request)    = 808994471.552 ms                        ║
execution-manager-grpc  | ║ T2 (end_request)      = 808994472.276 ms                        ║
execution-manager-grpc  | ║ T3 (start_result)     = 808996662.725 ms                        ║
execution-manager-grpc  | ║ T4 (end_result)       = 808996663.190 ms                        ║
execution-manager-grpc  | ╠═══════════════════════════════════════════════════════════════╣
execution-manager-grpc  | ║ METRICS:                                                      ║
execution-manager-grpc  | ║   Request Latency    =        0.725 ms  (T2 - T1)            ║
execution-manager-grpc  | ║   Task Execution     =     2190.448 ms  (T3 - T2)            ║
execution-manager-grpc  | ║   Response Latency   =        0.465 ms  (T4 - T3)            ║
execution-manager-grpc  | ║   Total End-to-End   =     2191.638 ms  (T4 - T1)            ║
execution-manager-grpc  | ║   Network Overhead   =        1.190 ms  (Req + Resp)         ║
execution-manager-grpc  | ╚═══════════════════════════════════════════════════════════════╝
execution-manager-grpc  | 
execution-manager-grpc  | [EPOLL] T=22192 ms: epoll_wait returned 1 event(s)
execution-manager-grpc  | [EPOLL] event[0]: type=2 task=NULL
execution-manager-grpc  | [SCHEDULER] ✅ T=22192 ms: Task 3 'sum3' completed with status 2
execution-manager-grpc  | [SCHEDULER] 🔕 Timeout disarmed for task 3
execution-manager-grpc  | [SCHEDULER] 1 tasks remaining
execution-manager-grpc  | [gRPC Client Async] Stream completed, received 1 responses
execution-manager-grpc  | [GRPC THREAD 3] Completed
execution-manager-grpc  | [gRPC Client Async] Response #1 - Status: COMPLETED
execution-manager-grpc  | 🎉 [T=24384 ms] Task 4 'sum4' COMPLETED
execution-manager-grpc  | [EXECUTION MANAGER] ⏱️ T2=808996662.774 ms | Thread started (server measured)
execution-manager-grpc  | [EXECUTION MANAGER] ⏱️ T3=808998855.269 ms | Task completed (server measured)
execution-manager-grpc  | [EXECUTION MANAGER] ⏱️ T4=808998855.747 ms | Result received by client
execution-manager-grpc  |    [TASK EXECUTION] 2192.495 ms (T3-T2, measured in thread)
execution-manager-grpc  |    [RESULT] {"result": 0}
execution-manager-grpc  | 
execution-manager-grpc  | ╔═══════════════════════════════════════════════════════════════╗
execution-manager-grpc  | ║           END-TO-END TIMING MEASUREMENT RECAP                 ║
execution-manager-grpc  | ║                   Task 4: sum4                                 
execution-manager-grpc  | ╠═══════════════════════════════════════════════════════════════╣
execution-manager-grpc  | ║ T1 (start_request)    = 808995471.569 ms                        ║
execution-manager-grpc  | ║ T2 (end_request)      = 808996662.774 ms                        ║
execution-manager-grpc  | ║ T3 (start_result)     = 808998855.269 ms                        ║
execution-manager-grpc  | ║ T4 (end_result)       = 808998855.747 ms                        ║
execution-manager-grpc  | ╠═══════════════════════════════════════════════════════════════╣
execution-manager-grpc  | ║ METRICS:                                                      ║
execution-manager-grpc  | ║   Request Latency    =     1191.205 ms  (T2 - T1)            ║
execution-manager-grpc  | ║   Task Execution     =     2192.495 ms  (T3 - T2)            ║
execution-manager-grpc  | ║   Response Latency   =        0.477 ms  (T4 - T3)            ║
execution-manager-grpc  | ║   Total End-to-End   =     3384.178 ms  (T4 - T1)            ║
execution-manager-grpc  | ║   Network Overhead   =     1191.683 ms  (Req + Resp)         ║
execution-manager-grpc  | ╚═══════════════════════════════════════════════════════════════╝
execution-manager-grpc  | 
execution-manager-grpc  | [EPOLL] T=24384 ms: epoll_wait returned 1 event(s)
execution-manager-grpc  | [EPOLL] event[0]: type=2 task=NULL
execution-manager-grpc  | [SCHEDULER] ✅ T=24384 ms: Task 4 'sum4' completed with status 2
execution-manager-grpc  | [SCHEDULER] 🔕 Timeout disarmed for task 4
execution-manager-grpc  | [SCHEDULER] 0 tasks remaining
execution-manager-grpc  | 
execution-manager-grpc  | [SCHEDULER] 🏁 Iteration 19/50 complete!
execution-manager-grpc  | [SCHEDULER] Iteration execution time: 24384 ms
execution-manager-grpc  | 
execution-manager-grpc  | 
execution-manager-grpc  | [SCHEDULER] 🔁 ===== ITERATION 20 / 50 =====
execution-manager-grpc  | 
execution-manager-grpc  | [SCHEDULER] 🚀 Schedule started at T=0
execution-manager-grpc  | 
execution-manager-grpc  | [SCHEDULER] 🔄 Entering event loop (NO SLEEP - event-driven!)
execution-manager-grpc  | 
execution-manager-grpc  | [gRPC Client Async] Stream completed, received 1 responses
execution-manager-grpc  | [GRPC THREAD 4] Completed
execution-manager-grpc  | [EPOLL] T=10000 ms: epoll_wait returned 1 event(s)
execution-manager-grpc  | [EPOLL] event[0]: type=0 task=sum1
execution-manager-grpc  | [SCHEDULER] ⏰ T=10000 ms | T_wall=809008855.867 ms: Launching task 1 'sum1' (deadline: 40000 ms)
execution-manager-grpc  | [SCHEDULER] 🕐 Timeout armed for task 1 at T=40000 ms (in 30000 ms)
execution-manager-grpc  | [GRPC THREAD 1] Starting...
execution-manager-grpc  | [EXECUTION MANAGER] ⏱️ T1=809008855.948 ms | Sending gRPC request for task 1 'sum1'
execution-manager-grpc  | [gRPC Channel Pool] Reusing existing channel for localhost:50051 (state=2)
execution-manager-grpc  | [gRPC Client Async] Calling task 'sum1' at localhost:50051
execution-manager-grpc  | [gRPC Client Async] Inputs: {"total_ops": 800, "io_percentage": 50}
execution-manager-grpc  | [EPOLL] T=11000 ms: epoll_wait returned 1 event(s)
execution-manager-grpc  | [EPOLL] event[0]: type=0 task=sum2
execution-manager-grpc  | [SCHEDULER] ⏰ T=11000 ms | T_wall=809009855.881 ms: Launching task 2 'sum2' (deadline: 41000 ms)
execution-manager-grpc  | [SCHEDULER] 🕐 Timeout armed for task 2 at T=41000 ms (in 30000 ms)
execution-manager-grpc  | [GRPC THREAD 2] Starting...
execution-manager-grpc  | [EXECUTION MANAGER] ⏱️ T1=809009855.986 ms | Sending gRPC request for task 2 'sum2'
execution-manager-grpc  | [gRPC Channel Pool] Reusing existing channel for localhost:50052 (state=2)
execution-manager-grpc  | [gRPC Client Async] Calling task 'sum2' at localhost:50052
execution-manager-grpc  | [gRPC Client Async] Inputs: {"total_ops": 800, "io_percentage": 50}
execution-manager-grpc  | [gRPC Client Async] Response #1 - Status: COMPLETED
execution-manager-grpc  | 🎉 [T=13193 ms] Task 2 'sum2' COMPLETED
execution-manager-grpc  | [EXECUTION MANAGER] ⏱️ T2=809009856.524 ms | Thread started (server measured)
execution-manager-grpc  | [EXECUTION MANAGER] ⏱️ T3=809012047.766 ms | Task completed (server measured)
execution-manager-grpc  | [EXECUTION MANAGER] ⏱️ T4=809012048.217 ms | Result received by client
execution-manager-grpc  |    [TASK EXECUTION] 2191.242 ms (T3-T2, measured in thread)
execution-manager-grpc  |    [RESULT] {"result": 0}
execution-manager-grpc  | 
execution-manager-grpc  | ╔═══════════════════════════════════════════════════════════════╗
execution-manager-grpc  | ║           END-TO-END TIMING MEASUREMENT RECAP                 ║
execution-manager-grpc  | ║                   Task 2: sum2                                 
execution-manager-grpc  | ╠═══════════════════════════════════════════════════════════════╣
execution-manager-grpc  | ║ T1 (start_request)    = 809009855.986 ms                        ║
execution-manager-grpc  | ║ T2 (end_request)      = 809009856.524 ms                        ║
execution-manager-grpc  | ║ T3 (start_result)     = 809012047.766 ms                        ║
execution-manager-grpc  | ║ T4 (end_result)       = 809012048.217 ms                        ║
execution-manager-grpc  | ╠═══════════════════════════════════════════════════════════════╣
execution-manager-grpc  | ║ METRICS:                                                      ║
execution-manager-grpc  | ║   Request Latency    =        0.538 ms  (T2 - T1)            ║
execution-manager-grpc  | ║   Task Execution     =     2191.242 ms  (T3 - T2)            ║
execution-manager-grpc  | ║   Response Latency   =        0.451 ms  (T4 - T3)            ║
execution-manager-grpc  | ║   Total End-to-End   =     2192.231 ms  (T4 - T1)            ║
execution-manager-grpc  | ║   Network Overhead   =        0.989 ms  (Req + Resp)         ║
execution-manager-grpc  | ╚═══════════════════════════════════════════════════════════════╝
execution-manager-grpc  | 
execution-manager-grpc  | [EPOLL] T=13193 ms: epoll_wait returned 1 event(s)
execution-manager-grpc  | [EPOLL] event[0]: type=2 task=NULL
execution-manager-grpc  | [SCHEDULER] ✅ T=13193 ms: Task 2 'sum2' completed with status 2
execution-manager-grpc  | [SCHEDULER] 🔕 Timeout disarmed for task 2
execution-manager-grpc  | [SCHEDULER] 3 tasks remaining
execution-manager-grpc  | [gRPC Client Async] Stream completed, received 1 responses
execution-manager-grpc  | [GRPC THREAD 2] Completed
execution-manager-grpc  | [gRPC Client Async] Response #1 - Status: COMPLETED
execution-manager-grpc  | 🎉 [T=14375 ms] Task 1 'sum1' COMPLETED
execution-manager-grpc  | [EXECUTION MANAGER] ⏱️ T2=809008856.818 ms | Thread started (server measured)
execution-manager-grpc  | [EXECUTION MANAGER] ⏱️ T3=809013230.223 ms | Task completed (server measured)
execution-manager-grpc  | [EXECUTION MANAGER] ⏱️ T4=809013230.696 ms | Result received by client
execution-manager-grpc  |    [TASK EXECUTION] 4373.406 ms (T3-T2, measured in thread)
execution-manager-grpc  |    [RESULT] {"result": 0}
execution-manager-grpc  | 
execution-manager-grpc  | ╔═══════════════════════════════════════════════════════════════╗
execution-manager-grpc  | ║           END-TO-END TIMING MEASUREMENT RECAP                 ║
execution-manager-grpc  | ║                   Task 1: sum1                                 
execution-manager-grpc  | ╠═══════════════════════════════════════════════════════════════╣
execution-manager-grpc  | ║ T1 (start_request)    = 809008855.948 ms                        ║
execution-manager-grpc  | ║ T2 (end_request)      = 809008856.818 ms                        ║
execution-manager-grpc  | ║ T3 (start_result)     = 809013230.223 ms                        ║
execution-manager-grpc  | ║ T4 (end_result)       = 809013230.696 ms                        ║
execution-manager-grpc  | ╠═══════════════════════════════════════════════════════════════╣
execution-manager-grpc  | ║ METRICS:                                                      ║
execution-manager-grpc  | ║   Request Latency    =        0.869 ms  (T2 - T1)            ║
execution-manager-grpc  | ║   Task Execution     =     4373.406 ms  (T3 - T2)            ║
execution-manager-grpc  | ║   Response Latency   =        0.473 ms  (T4 - T3)            ║
execution-manager-grpc  | ║   Total End-to-End   =     4374.748 ms  (T4 - T1)            ║
execution-manager-grpc  | ║   Network Overhead   =        1.342 ms  (Req + Resp)         ║
execution-manager-grpc  | ╚═══════════════════════════════════════════════════════════════╝
execution-manager-grpc  | 
execution-manager-grpc  | [EPOLL] T=14375 ms: epoll_wait returned 1 event(s)
execution-manager-grpc  | [EPOLL] event[0]: type=2 task=NULL
execution-manager-grpc  | [SCHEDULER] ✅ T=14375 ms: Task 1 'sum1' completed with status 2
execution-manager-grpc  | [SCHEDULER] 🔕 Timeout disarmed for task 1
execution-manager-grpc  | [SCHEDULER] 2 tasks remaining
execution-manager-grpc  | [gRPC Client Async] Stream completed, received 1 responses
execution-manager-grpc  | [GRPC THREAD 1] Completed
execution-manager-grpc  | [EPOLL] T=20000 ms: epoll_wait returned 1 event(s)
execution-manager-grpc  | [EPOLL] event[0]: type=0 task=sum3
execution-manager-grpc  | [SCHEDULER] ⏰ T=20000 ms | T_wall=809018855.892 ms: Launching task 3 'sum3' (deadline: 50000 ms)
execution-manager-grpc  | [SCHEDULER] 🕐 Timeout armed for task 3 at T=50000 ms (in 30000 ms)
execution-manager-grpc  | [GRPC THREAD 3] Starting...
execution-manager-grpc  | [EXECUTION MANAGER] ⏱️ T1=809018855.976 ms | Sending gRPC request for task 3 'sum3'
execution-manager-grpc  | [gRPC Channel Pool] Reusing existing channel for localhost:50053 (state=2)
execution-manager-grpc  | [gRPC Client Async] Calling task 'sum3' at localhost:50053
execution-manager-grpc  | [gRPC Client Async] Inputs: {"total_ops": 800, "io_percentage": 50}
execution-manager-grpc  | [EPOLL] T=21000 ms: epoll_wait returned 1 event(s)
execution-manager-grpc  | [EPOLL] event[0]: type=0 task=sum4
execution-manager-grpc  | [SCHEDULER] ⏰ T=21000 ms | T_wall=809019855.900 ms: Launching task 4 'sum4' (deadline: 51000 ms)
execution-manager-grpc  | [SCHEDULER] 🕐 Timeout armed for task 4 at T=51000 ms (in 30000 ms)
execution-manager-grpc  | [GRPC THREAD 4] Starting...
execution-manager-grpc  | [EXECUTION MANAGER] ⏱️ T1=809019855.999 ms | Sending gRPC request for task 4 'sum4'
execution-manager-grpc  | [gRPC Channel Pool] Reusing existing channel for localhost:50054 (state=2)
execution-manager-grpc  | [gRPC Client Async] Calling task 'sum4' at localhost:50054
execution-manager-grpc  | [gRPC Client Async] Inputs: {"total_ops": 800, "io_percentage": 50}
execution-manager-grpc  | [gRPC Client Async] Response #1 - Status: COMPLETED
execution-manager-grpc  | 🎉 [T=22194 ms] Task 3 'sum3' COMPLETED
execution-manager-grpc  | [EXECUTION MANAGER] ⏱️ T2=809018857.173 ms | Thread started (server measured)
execution-manager-grpc  | [EXECUTION MANAGER] ⏱️ T3=809021048.671 ms | Task completed (server measured)
execution-manager-grpc  | [EXECUTION MANAGER] ⏱️ T4=809021049.136 ms | Result received by client
execution-manager-grpc  |    [TASK EXECUTION] 2191.498 ms (T3-T2, measured in thread)
execution-manager-grpc  |    [RESULT] {"result": 0}
execution-manager-grpc  | 
execution-manager-grpc  | ╔═══════════════════════════════════════════════════════════════╗
execution-manager-grpc  | ║           END-TO-END TIMING MEASUREMENT RECAP                 ║
execution-manager-grpc  | ║                   Task 3: sum3                                 
execution-manager-grpc  | ╠═══════════════════════════════════════════════════════════════╣
execution-manager-grpc  | ║ T1 (start_request)    = 809018855.976 ms                        ║
execution-manager-grpc  | ║ T2 (end_request)      = 809018857.173 ms                        ║
execution-manager-grpc  | ║ T3 (start_result)     = 809021048.671 ms                        ║
execution-manager-grpc  | ║ T4 (end_result)       = 809021049.136 ms                        ║
execution-manager-grpc  | ╠═══════════════════════════════════════════════════════════════╣
execution-manager-grpc  | ║ METRICS:                                                      ║
execution-manager-grpc  | ║   Request Latency    =        1.197 ms  (T2 - T1)            ║
execution-manager-grpc  | ║   Task Execution     =     2191.498 ms  (T3 - T2)            ║
execution-manager-grpc  | ║   Response Latency   =        0.465 ms  (T4 - T3)            ║
execution-manager-grpc  | ║   Total End-to-End   =     2193.160 ms  (T4 - T1)            ║
execution-manager-grpc  | ║   Network Overhead   =        1.662 ms  (Req + Resp)         ║
execution-manager-grpc  | ╚═══════════════════════════════════════════════════════════════╝
execution-manager-grpc  | 
execution-manager-grpc  | [EPOLL] T=22194 ms: epoll_wait returned 1 event(s)
execution-manager-grpc  | [EPOLL] event[0]: type=2 task=NULL
execution-manager-grpc  | [SCHEDULER] ✅ T=22194 ms: Task 3 'sum3' completed with status 2
execution-manager-grpc  | [SCHEDULER] 🔕 Timeout disarmed for task 3
execution-manager-grpc  | [SCHEDULER] 1 tasks remaining
execution-manager-grpc  | [gRPC Client Async] Stream completed, received 1 responses
execution-manager-grpc  | [GRPC THREAD 3] Completed
execution-manager-grpc  | [gRPC Client Async] Response #1 - Status: COMPLETED
execution-manager-grpc  | 🎉 [T=24386 ms] Task 4 'sum4' COMPLETED
execution-manager-grpc  | [EXECUTION MANAGER] ⏱️ T2=809021048.726 ms | Thread started (server measured)
execution-manager-grpc  | [EXECUTION MANAGER] ⏱️ T3=809023240.989 ms | Task completed (server measured)
execution-manager-grpc  | [EXECUTION MANAGER] ⏱️ T4=809023241.417 ms | Result received by client
execution-manager-grpc  |    [TASK EXECUTION] 2192.263 ms (T3-T2, measured in thread)
execution-manager-grpc  |    [RESULT] {"result": 0}
execution-manager-grpc  | 
execution-manager-grpc  | ╔═══════════════════════════════════════════════════════════════╗
execution-manager-grpc  | ║           END-TO-END TIMING MEASUREMENT RECAP                 ║
execution-manager-grpc  | ║                   Task 4: sum4                                 
execution-manager-grpc  | ╠═══════════════════════════════════════════════════════════════╣
execution-manager-grpc  | ║ T1 (start_request)    = 809019855.999 ms                        ║
execution-manager-grpc  | ║ T2 (end_request)      = 809021048.726 ms                        ║
execution-manager-grpc  | ║ T3 (start_result)     = 809023240.989 ms                        ║
execution-manager-grpc  | ║ T4 (end_result)       = 809023241.417 ms                        ║
execution-manager-grpc  | ╠═══════════════════════════════════════════════════════════════╣
execution-manager-grpc  | ║ METRICS:                                                      ║
execution-manager-grpc  | ║   Request Latency    =     1192.726 ms  (T2 - T1)            ║
execution-manager-grpc  | ║   Task Execution     =     2192.263 ms  (T3 - T2)            ║
execution-manager-grpc  | ║   Response Latency   =        0.428 ms  (T4 - T3)            ║
execution-manager-grpc  | ║   Total End-to-End   =     3385.418 ms  (T4 - T1)            ║
execution-manager-grpc  | ║   Network Overhead   =     1193.155 ms  (Req + Resp)         ║
execution-manager-grpc  | ╚═══════════════════════════════════════════════════════════════╝
execution-manager-grpc  | 
execution-manager-grpc  | [EPOLL] T=24386 ms: epoll_wait returned 1 event(s)
execution-manager-grpc  | [EPOLL] event[0]: type=2 task=NULL
execution-manager-grpc  | [SCHEDULER] ✅ T=24386 ms: Task 4 'sum4' completed with status 2
execution-manager-grpc  | [SCHEDULER] 🔕 Timeout disarmed for task 4
execution-manager-grpc  | [SCHEDULER] 0 tasks remaining
execution-manager-grpc  | 
execution-manager-grpc  | [SCHEDULER] 🏁 Iteration 20/50 complete!
execution-manager-grpc  | [SCHEDULER] Iteration execution time: 24386 ms
execution-manager-grpc  | 
execution-manager-grpc  | 
execution-manager-grpc  | [SCHEDULER] 🔁 ===== ITERATION 21 / 50 =====
execution-manager-grpc  | 
execution-manager-grpc  | [SCHEDULER] 🚀 Schedule started at T=0
execution-manager-grpc  | 
execution-manager-grpc  | [SCHEDULER] 🔄 Entering event loop (NO SLEEP - event-driven!)
execution-manager-grpc  | 
execution-manager-grpc  | [gRPC Client Async] Stream completed, received 1 responses
execution-manager-grpc  | [GRPC THREAD 4] Completed
execution-manager-grpc  | [EPOLL] T=10000 ms: epoll_wait returned 1 event(s)
execution-manager-grpc  | [EPOLL] event[0]: type=0 task=sum1
execution-manager-grpc  | [SCHEDULER] ⏰ T=10000 ms | T_wall=809033241.539 ms: Launching task 1 'sum1' (deadline: 40000 ms)
execution-manager-grpc  | [SCHEDULER] 🕐 Timeout armed for task 1 at T=40000 ms (in 30000 ms)
execution-manager-grpc  | [GRPC THREAD 1] Starting...
execution-manager-grpc  | [EXECUTION MANAGER] ⏱️ T1=809033241.639 ms | Sending gRPC request for task 1 'sum1'
execution-manager-grpc  | [gRPC Channel Pool] Reusing existing channel for localhost:50051 (state=2)
execution-manager-grpc  | [gRPC Client Async] Calling task 'sum1' at localhost:50051
execution-manager-grpc  | [gRPC Client Async] Inputs: {"total_ops": 800, "io_percentage": 50}
execution-manager-grpc  | [EPOLL] T=11000 ms: epoll_wait returned 1 event(s)
execution-manager-grpc  | [EPOLL] event[0]: type=0 task=sum2
execution-manager-grpc  | [SCHEDULER] ⏰ T=11000 ms | T_wall=809034241.550 ms: Launching task 2 'sum2' (deadline: 41000 ms)
execution-manager-grpc  | [SCHEDULER] 🕐 Timeout armed for task 2 at T=41000 ms (in 30000 ms)
execution-manager-grpc  | [GRPC THREAD 2] Starting...
execution-manager-grpc  | [EXECUTION MANAGER] ⏱️ T1=809034241.650 ms | Sending gRPC request for task 2 'sum2'
execution-manager-grpc  | [gRPC Channel Pool] Reusing existing channel for localhost:50052 (state=2)
execution-manager-grpc  | [gRPC Client Async] Calling task 'sum2' at localhost:50052
execution-manager-grpc  | [gRPC Client Async] Inputs: {"total_ops": 800, "io_percentage": 50}
execution-manager-grpc  | [gRPC Client Async] Response #1 - Status: COMPLETED
execution-manager-grpc  | 🎉 [T=13193 ms] Task 2 'sum2' COMPLETED
execution-manager-grpc  | [EXECUTION MANAGER] ⏱️ T2=809034242.165 ms | Thread started (server measured)
execution-manager-grpc  | [EXECUTION MANAGER] ⏱️ T3=809036434.159 ms | Task completed (server measured)
execution-manager-grpc  | [EXECUTION MANAGER] ⏱️ T4=809036434.634 ms | Result received by client
execution-manager-grpc  |    [TASK EXECUTION] 2191.994 ms (T3-T2, measured in thread)
execution-manager-grpc  |    [RESULT] {"result": 0}
execution-manager-grpc  | 
execution-manager-grpc  | ╔═══════════════════════════════════════════════════════════════╗
execution-manager-grpc  | ║           END-TO-END TIMING MEASUREMENT RECAP                 ║
execution-manager-grpc  | ║                   Task 2: sum2                                 
execution-manager-grpc  | ╠═══════════════════════════════════════════════════════════════╣
execution-manager-grpc  | ║ T1 (start_request)    = 809034241.650 ms                        ║
execution-manager-grpc  | ║ T2 (end_request)      = 809034242.165 ms                        ║
execution-manager-grpc  | ║ T3 (start_result)     = 809036434.159 ms                        ║
execution-manager-grpc  | ║ T4 (end_result)       = 809036434.634 ms                        ║
execution-manager-grpc  | ╠═══════════════════════════════════════════════════════════════╣
execution-manager-grpc  | ║ METRICS:                                                      ║
execution-manager-grpc  | ║   Request Latency    =        0.516 ms  (T2 - T1)            ║
execution-manager-grpc  | ║   Task Execution     =     2191.994 ms  (T3 - T2)            ║
execution-manager-grpc  | ║   Response Latency   =        0.475 ms  (T4 - T3)            ║
execution-manager-grpc  | ║   Total End-to-End   =     2192.984 ms  (T4 - T1)            ║
execution-manager-grpc  | ║   Network Overhead   =        0.991 ms  (Req + Resp)         ║
execution-manager-grpc  | ╚═══════════════════════════════════════════════════════════════╝
execution-manager-grpc  | 
execution-manager-grpc  | [EPOLL] T=13193 ms: epoll_wait returned 1 event(s)
execution-manager-grpc  | [EPOLL] event[0]: type=2 task=NULL
execution-manager-grpc  | [SCHEDULER] ✅ T=13193 ms: Task 2 'sum2' completed with status 2
execution-manager-grpc  | [SCHEDULER] 🔕 Timeout disarmed for task 2
execution-manager-grpc  | [SCHEDULER] 3 tasks remaining
execution-manager-grpc  | [gRPC Client Async] Stream completed, received 1 responses
execution-manager-grpc  | [GRPC THREAD 2] Completed
execution-manager-grpc  | [gRPC Client Async] Response #1 - Status: COMPLETED
execution-manager-grpc  | 🎉 [T=14375 ms] Task 1 'sum1' COMPLETED
execution-manager-grpc  | [EXECUTION MANAGER] ⏱️ T2=809033242.396 ms | Thread started (server measured)
execution-manager-grpc  | [EXECUTION MANAGER] ⏱️ T3=809037615.957 ms | Task completed (server measured)
execution-manager-grpc  | [EXECUTION MANAGER] ⏱️ T4=809037616.443 ms | Result received by client
execution-manager-grpc  |    [TASK EXECUTION] 4373.561 ms (T3-T2, measured in thread)
execution-manager-grpc  |    [RESULT] {"result": 0}
execution-manager-grpc  | 
execution-manager-grpc  | ╔═══════════════════════════════════════════════════════════════╗
execution-manager-grpc  | ║           END-TO-END TIMING MEASUREMENT RECAP                 ║
execution-manager-grpc  | ║                   Task 1: sum1                                 
execution-manager-grpc  | ╠═══════════════════════════════════════════════════════════════╣
execution-manager-grpc  | ║ T1 (start_request)    = 809033241.639 ms                        ║
execution-manager-grpc  | ║ T2 (end_request)      = 809033242.396 ms                        ║
execution-manager-grpc  | ║ T3 (start_result)     = 809037615.957 ms                        ║
execution-manager-grpc  | ║ T4 (end_result)       = 809037616.443 ms                        ║
execution-manager-grpc  | ╠═══════════════════════════════════════════════════════════════╣
execution-manager-grpc  | ║ METRICS:                                                      ║
execution-manager-grpc  | ║   Request Latency    =        0.756 ms  (T2 - T1)            ║
execution-manager-grpc  | ║   Task Execution     =     4373.561 ms  (T3 - T2)            ║
execution-manager-grpc  | ║   Response Latency   =        0.486 ms  (T4 - T3)            ║
execution-manager-grpc  | ║   Total End-to-End   =     4374.803 ms  (T4 - T1)            ║
execution-manager-grpc  | ║   Network Overhead   =        1.242 ms  (Req + Resp)         ║
execution-manager-grpc  | ╚═══════════════════════════════════════════════════════════════╝
execution-manager-grpc  | 
execution-manager-grpc  | [EPOLL] T=14375 ms: epoll_wait returned 1 event(s)
execution-manager-grpc  | [EPOLL] event[0]: type=2 task=NULL
execution-manager-grpc  | [SCHEDULER] ✅ T=14375 ms: Task 1 'sum1' completed with status 2
execution-manager-grpc  | [SCHEDULER] 🔕 Timeout disarmed for task 1
execution-manager-grpc  | [SCHEDULER] 2 tasks remaining
execution-manager-grpc  | [gRPC Client Async] Stream completed, received 1 responses
execution-manager-grpc  | [GRPC THREAD 1] Completed
execution-manager-grpc  | [EPOLL] T=20000 ms: epoll_wait returned 1 event(s)
execution-manager-grpc  | [EPOLL] event[0]: type=0 task=sum3
execution-manager-grpc  | [SCHEDULER] ⏰ T=20000 ms | T_wall=809043241.560 ms: Launching task 3 'sum3' (deadline: 50000 ms)
execution-manager-grpc  | [SCHEDULER] 🕐 Timeout armed for task 3 at T=50000 ms (in 30000 ms)
execution-manager-grpc  | [GRPC THREAD 3] Starting...
execution-manager-grpc  | [EXECUTION MANAGER] ⏱️ T1=809043241.637 ms | Sending gRPC request for task 3 'sum3'
execution-manager-grpc  | [gRPC Channel Pool] Reusing existing channel for localhost:50053 (state=2)
execution-manager-grpc  | [gRPC Client Async] Calling task 'sum3' at localhost:50053
execution-manager-grpc  | [gRPC Client Async] Inputs: {"total_ops": 800, "io_percentage": 50}
execution-manager-grpc  | [EPOLL] T=21000 ms: epoll_wait returned 1 event(s)
execution-manager-grpc  | [EPOLL] event[0]: type=0 task=sum4
execution-manager-grpc  | [SCHEDULER] ⏰ T=21000 ms | T_wall=809044241.564 ms: Launching task 4 'sum4' (deadline: 51000 ms)
execution-manager-grpc  | [SCHEDULER] 🕐 Timeout armed for task 4 at T=51000 ms (in 30000 ms)
execution-manager-grpc  | [GRPC THREAD 4] Starting...
execution-manager-grpc  | [EXECUTION MANAGER] ⏱️ T1=809044241.675 ms | Sending gRPC request for task 4 'sum4'
execution-manager-grpc  | [gRPC Channel Pool] Reusing existing channel for localhost:50054 (state=2)
execution-manager-grpc  | [gRPC Client Async] Calling task 'sum4' at localhost:50054
execution-manager-grpc  | [gRPC Client Async] Inputs: {"total_ops": 800, "io_percentage": 50}
execution-manager-grpc  | [gRPC Client Async] Response #1 - Status: COMPLETED
execution-manager-grpc  | 🎉 [T=22193 ms] Task 3 'sum3' COMPLETED
execution-manager-grpc  | [EXECUTION MANAGER] ⏱️ T2=809043242.253 ms | Thread started (server measured)
execution-manager-grpc  | [EXECUTION MANAGER] ⏱️ T3=809045434.150 ms | Task completed (server measured)
execution-manager-grpc  | [EXECUTION MANAGER] ⏱️ T4=809045434.656 ms | Result received by client
execution-manager-grpc  |    [TASK EXECUTION] 2191.897 ms (T3-T2, measured in thread)
execution-manager-grpc  |    [RESULT] {"result": 0}
execution-manager-grpc  | 
execution-manager-grpc  | ╔═══════════════════════════════════════════════════════════════╗
execution-manager-grpc  | ║           END-TO-END TIMING MEASUREMENT RECAP                 ║
execution-manager-grpc  | ║                   Task 3: sum3                                 
execution-manager-grpc  | ╠═══════════════════════════════════════════════════════════════╣
execution-manager-grpc  | ║ T1 (start_request)    = 809043241.637 ms                        ║
execution-manager-grpc  | ║ T2 (end_request)      = 809043242.253 ms                        ║
execution-manager-grpc  | ║ T3 (start_result)     = 809045434.150 ms                        ║
execution-manager-grpc  | ║ T4 (end_result)       = 809045434.656 ms                        ║
execution-manager-grpc  | ╠═══════════════════════════════════════════════════════════════╣
execution-manager-grpc  | ║ METRICS:                                                      ║
execution-manager-grpc  | ║   Request Latency    =        0.616 ms  (T2 - T1)            ║
execution-manager-grpc  | ║   Task Execution     =     2191.897 ms  (T3 - T2)            ║
execution-manager-grpc  | ║   Response Latency   =        0.506 ms  (T4 - T3)            ║
execution-manager-grpc  | ║   Total End-to-End   =     2193.019 ms  (T4 - T1)            ║
execution-manager-grpc  | ║   Network Overhead   =        1.122 ms  (Req + Resp)         ║
execution-manager-grpc  | ╚═══════════════════════════════════════════════════════════════╝
execution-manager-grpc  | 
execution-manager-grpc  | [EPOLL] T=22193 ms: epoll_wait returned 1 event(s)
execution-manager-grpc  | [EPOLL] event[0]: type=2 task=NULL
execution-manager-grpc  | [SCHEDULER] ✅ T=22193 ms: Task 3 'sum3' completed with status 2
execution-manager-grpc  | [SCHEDULER] 🔕 Timeout disarmed for task 3
execution-manager-grpc  | [SCHEDULER] 1 tasks remaining
execution-manager-grpc  | [gRPC Client Async] Stream completed, received 1 responses
execution-manager-grpc  | [GRPC THREAD 3] Completed
execution-manager-grpc  | [gRPC Client Async] Response #1 - Status: COMPLETED
execution-manager-grpc  | 🎉 [T=24386 ms] Task 4 'sum4' COMPLETED
execution-manager-grpc  | [EXECUTION MANAGER] ⏱️ T2=809045434.200 ms | Thread started (server measured)
execution-manager-grpc  | [EXECUTION MANAGER] ⏱️ T3=809047626.573 ms | Task completed (server measured)
execution-manager-grpc  | [EXECUTION MANAGER] ⏱️ T4=809047627.011 ms | Result received by client
execution-manager-grpc  |    [TASK EXECUTION] 2192.373 ms (T3-T2, measured in thread)
execution-manager-grpc  |    [RESULT] {"result": 0}
execution-manager-grpc  | 
execution-manager-grpc  | ╔═══════════════════════════════════════════════════════════════╗
execution-manager-grpc  | ║           END-TO-END TIMING MEASUREMENT RECAP                 ║
execution-manager-grpc  | ║                   Task 4: sum4                                 
execution-manager-grpc  | ╠═══════════════════════════════════════════════════════════════╣
execution-manager-grpc  | ║ T1 (start_request)    = 809044241.675 ms                        ║
execution-manager-grpc  | ║ T2 (end_request)      = 809045434.200 ms                        ║
execution-manager-grpc  | ║ T3 (start_result)     = 809047626.573 ms                        ║
execution-manager-grpc  | ║ T4 (end_result)       = 809047627.011 ms                        ║
execution-manager-grpc  | ╠═══════════════════════════════════════════════════════════════╣
execution-manager-grpc  | ║ METRICS:                                                      ║
execution-manager-grpc  | ║   Request Latency    =     1192.525 ms  (T2 - T1)            ║
execution-manager-grpc  | ║   Task Execution     =     2192.373 ms  (T3 - T2)            ║
execution-manager-grpc  | ║   Response Latency   =        0.438 ms  (T4 - T3)            ║
execution-manager-grpc  | ║   Total End-to-End   =     3385.336 ms  (T4 - T1)            ║
execution-manager-grpc  | ║   Network Overhead   =     1192.963 ms  (Req + Resp)         ║
execution-manager-grpc  | ╚═══════════════════════════════════════════════════════════════╝
execution-manager-grpc  | 
execution-manager-grpc  | [EPOLL] T=24386 ms: epoll_wait returned 1 event(s)
execution-manager-grpc  | [EPOLL] event[0]: type=2 task=NULL
execution-manager-grpc  | [SCHEDULER] ✅ T=24386 ms: Task 4 'sum4' completed with status 2
execution-manager-grpc  | [SCHEDULER] 🔕 Timeout disarmed for task 4
execution-manager-grpc  | [SCHEDULER] 0 tasks remaining
execution-manager-grpc  | 
execution-manager-grpc  | [SCHEDULER] 🏁 Iteration 21/50 complete!
execution-manager-grpc  | [SCHEDULER] Iteration execution time: 24386 ms
execution-manager-grpc  | 
execution-manager-grpc  | 
execution-manager-grpc  | [SCHEDULER] 🔁 ===== ITERATION 22 / 50 =====
execution-manager-grpc  | 
execution-manager-grpc  | [SCHEDULER] 🚀 Schedule started at T=0
execution-manager-grpc  | 
execution-manager-grpc  | [SCHEDULER] 🔄 Entering event loop (NO SLEEP - event-driven!)
execution-manager-grpc  | 
execution-manager-grpc  | [gRPC Client Async] Stream completed, received 1 responses
execution-manager-grpc  | [GRPC THREAD 4] Completed
execution-manager-grpc  | [EPOLL] T=10000 ms: epoll_wait returned 1 event(s)
execution-manager-grpc  | [EPOLL] event[0]: type=0 task=sum1
execution-manager-grpc  | [SCHEDULER] ⏰ T=10000 ms | T_wall=809057627.130 ms: Launching task 1 'sum1' (deadline: 40000 ms)
execution-manager-grpc  | [SCHEDULER] 🕐 Timeout armed for task 1 at T=40000 ms (in 30000 ms)
execution-manager-grpc  | [GRPC THREAD 1] Starting...
execution-manager-grpc  | [EXECUTION MANAGER] ⏱️ T1=809057627.218 ms | Sending gRPC request for task 1 'sum1'
execution-manager-grpc  | [gRPC Channel Pool] Reusing existing channel for localhost:50051 (state=2)
execution-manager-grpc  | [gRPC Client Async] Calling task 'sum1' at localhost:50051
execution-manager-grpc  | [gRPC Client Async] Inputs: {"total_ops": 800, "io_percentage": 50}
execution-manager-grpc  | [EPOLL] T=11000 ms: epoll_wait returned 1 event(s)
execution-manager-grpc  | [EPOLL] event[0]: type=0 task=sum2
execution-manager-grpc  | [SCHEDULER] ⏰ T=11000 ms | T_wall=809058627.152 ms: Launching task 2 'sum2' (deadline: 41000 ms)
execution-manager-grpc  | [SCHEDULER] 🕐 Timeout armed for task 2 at T=41000 ms (in 30000 ms)
execution-manager-grpc  | [GRPC THREAD 2] Starting...
execution-manager-grpc  | [EXECUTION MANAGER] ⏱️ T1=809058627.243 ms | Sending gRPC request for task 2 'sum2'
execution-manager-grpc  | [gRPC Channel Pool] Reusing existing channel for localhost:50052 (state=2)
execution-manager-grpc  | [gRPC Client Async] Calling task 'sum2' at localhost:50052
execution-manager-grpc  | [gRPC Client Async] Inputs: {"total_ops": 800, "io_percentage": 50}
execution-manager-grpc  | [gRPC Client Async] Response #1 - Status: COMPLETED
execution-manager-grpc  | 🎉 [T=13192 ms] Task 2 'sum2' COMPLETED
execution-manager-grpc  | [EXECUTION MANAGER] ⏱️ T2=809058627.769 ms | Thread started (server measured)
execution-manager-grpc  | [EXECUTION MANAGER] ⏱️ T3=809060819.519 ms | Task completed (server measured)
execution-manager-grpc  | [EXECUTION MANAGER] ⏱️ T4=809060820.000 ms | Result received by client
execution-manager-grpc  |    [TASK EXECUTION] 2191.750 ms (T3-T2, measured in thread)
execution-manager-grpc  |    [RESULT] {"result": 0}
execution-manager-grpc  | 
execution-manager-grpc  | ╔═══════════════════════════════════════════════════════════════╗
execution-manager-grpc  | ║           END-TO-END TIMING MEASUREMENT RECAP                 ║
execution-manager-grpc  | ║                   Task 2: sum2                                 
execution-manager-grpc  | ╠═══════════════════════════════════════════════════════════════╣
execution-manager-grpc  | ║ T1 (start_request)    = 809058627.243 ms                        ║
execution-manager-grpc  | ║ T2 (end_request)      = 809058627.769 ms                        ║
execution-manager-grpc  | ║ T3 (start_result)     = 809060819.519 ms                        ║
execution-manager-grpc  | ║ T4 (end_result)       = 809060820.000 ms                        ║
execution-manager-grpc  | ╠═══════════════════════════════════════════════════════════════╣
execution-manager-grpc  | ║ METRICS:                                                      ║
execution-manager-grpc  | ║   Request Latency    =        0.526 ms  (T2 - T1)            ║
execution-manager-grpc  | ║   Task Execution     =     2191.750 ms  (T3 - T2)            ║
execution-manager-grpc  | ║   Response Latency   =        0.481 ms  (T4 - T3)            ║
execution-manager-grpc  | ║   Total End-to-End   =     2192.757 ms  (T4 - T1)            ║
execution-manager-grpc  | ║   Network Overhead   =        1.007 ms  (Req + Resp)         ║
execution-manager-grpc  | ╚═══════════════════════════════════════════════════════════════╝
execution-manager-grpc  | 
execution-manager-grpc  | [EPOLL] T=13193 ms: epoll_wait returned 1 event(s)
execution-manager-grpc  | [EPOLL] event[0]: type=2 task=NULL
execution-manager-grpc  | [SCHEDULER] ✅ T=13193 ms: Task 2 'sum2' completed with status 2
execution-manager-grpc  | [SCHEDULER] 🔕 Timeout disarmed for task 2
execution-manager-grpc  | [SCHEDULER] 3 tasks remaining
execution-manager-grpc  | [gRPC Client Async] Stream completed, received 1 responses
execution-manager-grpc  | [GRPC THREAD 2] Completed
execution-manager-grpc  | [gRPC Client Async] Response #1 - Status: COMPLETED
execution-manager-grpc  | 🎉 [T=14373 ms] Task 1 'sum1' COMPLETED
execution-manager-grpc  | [EXECUTION MANAGER] ⏱️ T2=809057627.935 ms | Thread started (server measured)
execution-manager-grpc  | [EXECUTION MANAGER] ⏱️ T3=809061999.862 ms | Task completed (server measured)
execution-manager-grpc  | [EXECUTION MANAGER] ⏱️ T4=809062000.326 ms | Result received by client
execution-manager-grpc  |    [TASK EXECUTION] 4371.927 ms (T3-T2, measured in thread)
execution-manager-grpc  |    [RESULT] {"result": 0}
execution-manager-grpc  | 
execution-manager-grpc  | ╔═══════════════════════════════════════════════════════════════╗
execution-manager-grpc  | ║           END-TO-END TIMING MEASUREMENT RECAP                 ║
execution-manager-grpc  | ║                   Task 1: sum1                                 
execution-manager-grpc  | ╠═══════════════════════════════════════════════════════════════╣
execution-manager-grpc  | ║ T1 (start_request)    = 809057627.218 ms                        ║
execution-manager-grpc  | ║ T2 (end_request)      = 809057627.935 ms                        ║
execution-manager-grpc  | ║ T3 (start_result)     = 809061999.862 ms                        ║
execution-manager-grpc  | ║ T4 (end_result)       = 809062000.326 ms                        ║
execution-manager-grpc  | ╠═══════════════════════════════════════════════════════════════╣
execution-manager-grpc  | ║ METRICS:                                                      ║
execution-manager-grpc  | ║   Request Latency    =        0.717 ms  (T2 - T1)            ║
execution-manager-grpc  | ║   Task Execution     =     4371.927 ms  (T3 - T2)            ║
execution-manager-grpc  | ║   Response Latency   =        0.464 ms  (T4 - T3)            ║
execution-manager-grpc  | ║   Total End-to-End   =     4373.108 ms  (T4 - T1)            ║
execution-manager-grpc  | ║   Network Overhead   =        1.181 ms  (Req + Resp)         ║
execution-manager-grpc  | ╚═══════════════════════════════════════════════════════════════╝
execution-manager-grpc  | 
execution-manager-grpc  | [EPOLL] T=14373 ms: epoll_wait returned 1 event(s)
execution-manager-grpc  | [EPOLL] event[0]: type=2 task=NULL
execution-manager-grpc  | [SCHEDULER] ✅ T=14373 ms: Task 1 'sum1' completed with status 2
execution-manager-grpc  | [SCHEDULER] 🔕 Timeout disarmed for task 1
execution-manager-grpc  | [SCHEDULER] 2 tasks remaining
execution-manager-grpc  | [gRPC Client Async] Stream completed, received 1 responses
execution-manager-grpc  | [GRPC THREAD 1] Completed
execution-manager-grpc  | [EPOLL] T=20000 ms: epoll_wait returned 1 event(s)
execution-manager-grpc  | [EPOLL] event[0]: type=0 task=sum3
execution-manager-grpc  | [SCHEDULER] ⏰ T=20000 ms | T_wall=809067627.290 ms: Launching task 3 'sum3' (deadline: 50000 ms)
execution-manager-grpc  | [SCHEDULER] 🕐 Timeout armed for task 3 at T=50000 ms (in 30000 ms)
execution-manager-grpc  | [GRPC THREAD 3] Starting...
execution-manager-grpc  | [EXECUTION MANAGER] ⏱️ T1=809067627.370 ms | Sending gRPC request for task 3 'sum3'
execution-manager-grpc  | [gRPC Channel Pool] Reusing existing channel for localhost:50053 (state=2)
execution-manager-grpc  | [gRPC Client Async] Calling task 'sum3' at localhost:50053
execution-manager-grpc  | [gRPC Client Async] Inputs: {"total_ops": 800, "io_percentage": 50}
execution-manager-grpc  | [EPOLL] T=21000 ms: epoll_wait returned 1 event(s)
execution-manager-grpc  | [EPOLL] event[0]: type=0 task=sum4
execution-manager-grpc  | [SCHEDULER] ⏰ T=21000 ms | T_wall=809068627.164 ms: Launching task 4 'sum4' (deadline: 51000 ms)
execution-manager-grpc  | [SCHEDULER] 🕐 Timeout armed for task 4 at T=51000 ms (in 30000 ms)
execution-manager-grpc  | [GRPC THREAD 4] Starting...
execution-manager-grpc  | [EXECUTION MANAGER] ⏱️ T1=809068627.246 ms | Sending gRPC request for task 4 'sum4'
execution-manager-grpc  | [gRPC Channel Pool] Reusing existing channel for localhost:50054 (state=2)
execution-manager-grpc  | [gRPC Client Async] Calling task 'sum4' at localhost:50054
execution-manager-grpc  | [gRPC Client Async] Inputs: {"total_ops": 800, "io_percentage": 50}
execution-manager-grpc  | [gRPC Client Async] Response #1 - Status: COMPLETED
execution-manager-grpc  | 🎉 [T=22190 ms] Task 3 'sum3' COMPLETED
execution-manager-grpc  | [EXECUTION MANAGER] ⏱️ T2=809067628.192 ms | Thread started (server measured)
execution-manager-grpc  | [EXECUTION MANAGER] ⏱️ T3=809069817.060 ms | Task completed (server measured)
execution-manager-grpc  | [EXECUTION MANAGER] ⏱️ T4=809069817.527 ms | Result received by client
execution-manager-grpc  |    [TASK EXECUTION] 2188.868 ms (T3-T2, measured in thread)
execution-manager-grpc  |    [RESULT] {"result": 0}
execution-manager-grpc  | 
execution-manager-grpc  | ╔═══════════════════════════════════════════════════════════════╗
execution-manager-grpc  | ║           END-TO-END TIMING MEASUREMENT RECAP                 ║
execution-manager-grpc  | ║                   Task 3: sum3                                 
execution-manager-grpc  | ╠═══════════════════════════════════════════════════════════════╣
execution-manager-grpc  | ║ T1 (start_request)    = 809067627.370 ms                        ║
execution-manager-grpc  | ║ T2 (end_request)      = 809067628.192 ms                        ║
execution-manager-grpc  | ║ T3 (start_result)     = 809069817.060 ms                        ║
execution-manager-grpc  | ║ T4 (end_result)       = 809069817.527 ms                        ║
execution-manager-grpc  | ╠═══════════════════════════════════════════════════════════════╣
execution-manager-grpc  | ║ METRICS:                                                      ║
execution-manager-grpc  | ║   Request Latency    =        0.822 ms  (T2 - T1)            ║
execution-manager-grpc  | ║   Task Execution     =     2188.868 ms  (T3 - T2)            ║
execution-manager-grpc  | ║   Response Latency   =        0.467 ms  (T4 - T3)            ║
execution-manager-grpc  | ║   Total End-to-End   =     2190.157 ms  (T4 - T1)            ║
execution-manager-grpc  | ║   Network Overhead   =        1.289 ms  (Req + Resp)         ║
execution-manager-grpc  | ╚═══════════════════════════════════════════════════════════════╝
execution-manager-grpc  | 
execution-manager-grpc  | [EPOLL] T=22190 ms: epoll_wait returned 1 event(s)
execution-manager-grpc  | [EPOLL] event[0]: type=2 task=NULL
execution-manager-grpc  | [SCHEDULER] ✅ T=22190 ms: Task 3 'sum3' completed with status 2
execution-manager-grpc  | [SCHEDULER] 🔕 Timeout disarmed for task 3
execution-manager-grpc  | [SCHEDULER] 1 tasks remaining
execution-manager-grpc  | [gRPC Client Async] Stream completed, received 1 responses
execution-manager-grpc  | [GRPC THREAD 3] Completed
execution-manager-grpc  | [gRPC Client Async] Response #1 - Status: COMPLETED
execution-manager-grpc  | 🎉 [T=24381 ms] Task 4 'sum4' COMPLETED
execution-manager-grpc  | [EXECUTION MANAGER] ⏱️ T2=809069817.114 ms | Thread started (server measured)
execution-manager-grpc  | [EXECUTION MANAGER] ⏱️ T3=809072008.130 ms | Task completed (server measured)
execution-manager-grpc  | [EXECUTION MANAGER] ⏱️ T4=809072008.544 ms | Result received by client
execution-manager-grpc  |    [TASK EXECUTION] 2191.016 ms (T3-T2, measured in thread)
execution-manager-grpc  |    [RESULT] {"result": 0}
execution-manager-grpc  | 
execution-manager-grpc  | ╔═══════════════════════════════════════════════════════════════╗
execution-manager-grpc  | ║           END-TO-END TIMING MEASUREMENT RECAP                 ║
execution-manager-grpc  | ║                   Task 4: sum4                                 
execution-manager-grpc  | ╠═══════════════════════════════════════════════════════════════╣
execution-manager-grpc  | ║ T1 (start_request)    = 809068627.246 ms                        ║
execution-manager-grpc  | ║ T2 (end_request)      = 809069817.114 ms                        ║
execution-manager-grpc  | ║ T3 (start_result)     = 809072008.130 ms                        ║
execution-manager-grpc  | ║ T4 (end_result)       = 809072008.544 ms                        ║
execution-manager-grpc  | ╠═══════════════════════════════════════════════════════════════╣
execution-manager-grpc  | ║ METRICS:                                                      ║
execution-manager-grpc  | ║   Request Latency    =     1189.868 ms  (T2 - T1)            ║
execution-manager-grpc  | ║   Task Execution     =     2191.016 ms  (T3 - T2)            ║
execution-manager-grpc  | ║   Response Latency   =        0.414 ms  (T4 - T3)            ║
execution-manager-grpc  | ║   Total End-to-End   =     3381.298 ms  (T4 - T1)            ║
execution-manager-grpc  | ║   Network Overhead   =     1190.282 ms  (Req + Resp)         ║
execution-manager-grpc  | ╚═══════════════════════════════════════════════════════════════╝
execution-manager-grpc  | 
execution-manager-grpc  | [EPOLL] T=24381 ms: epoll_wait returned 1 event(s)
execution-manager-grpc  | [EPOLL] event[0]: type=2 task=NULL
execution-manager-grpc  | [SCHEDULER] ✅ T=24381 ms: Task 4 'sum4' completed with status 2
execution-manager-grpc  | [SCHEDULER] 🔕 Timeout disarmed for task 4
execution-manager-grpc  | [SCHEDULER] 0 tasks remaining
execution-manager-grpc  | 
execution-manager-grpc  | [SCHEDULER] 🏁 Iteration 22/50 complete!
execution-manager-grpc  | [SCHEDULER] Iteration execution time: 24381 ms
execution-manager-grpc  | 
execution-manager-grpc  | 
execution-manager-grpc  | [SCHEDULER] 🔁 ===== ITERATION 23 / 50 =====
execution-manager-grpc  | 
execution-manager-grpc  | [SCHEDULER] 🚀 Schedule started at T=0
execution-manager-grpc  | 
execution-manager-grpc  | [SCHEDULER] 🔄 Entering event loop (NO SLEEP - event-driven!)
execution-manager-grpc  | 
execution-manager-grpc  | [gRPC Client Async] Stream completed, received 1 responses
execution-manager-grpc  | [GRPC THREAD 4] Completed
execution-manager-grpc  | [EPOLL] T=10000 ms: epoll_wait returned 1 event(s)
execution-manager-grpc  | [EPOLL] event[0]: type=0 task=sum1
execution-manager-grpc  | [SCHEDULER] ⏰ T=10000 ms | T_wall=809082008.668 ms: Launching task 1 'sum1' (deadline: 40000 ms)
execution-manager-grpc  | [SCHEDULER] 🕐 Timeout armed for task 1 at T=40000 ms (in 30000 ms)
execution-manager-grpc  | [GRPC THREAD 1] Starting...
execution-manager-grpc  | [EXECUTION MANAGER] ⏱️ T1=809082008.748 ms | Sending gRPC request for task 1 'sum1'
execution-manager-grpc  | [gRPC Channel Pool] Reusing existing channel for localhost:50051 (state=2)
execution-manager-grpc  | [gRPC Client Async] Calling task 'sum1' at localhost:50051
execution-manager-grpc  | [gRPC Client Async] Inputs: {"total_ops": 800, "io_percentage": 50}
execution-manager-grpc  | [EPOLL] T=11000 ms: epoll_wait returned 1 event(s)
execution-manager-grpc  | [EPOLL] event[0]: type=0 task=sum2
execution-manager-grpc  | [SCHEDULER] ⏰ T=11000 ms | T_wall=809083008.680 ms: Launching task 2 'sum2' (deadline: 41000 ms)
execution-manager-grpc  | [SCHEDULER] 🕐 Timeout armed for task 2 at T=41000 ms (in 30000 ms)
execution-manager-grpc  | [GRPC THREAD 2] Starting...
execution-manager-grpc  | [EXECUTION MANAGER] ⏱️ T1=809083008.785 ms | Sending gRPC request for task 2 'sum2'
execution-manager-grpc  | [gRPC Channel Pool] Reusing existing channel for localhost:50052 (state=2)
execution-manager-grpc  | [gRPC Client Async] Calling task 'sum2' at localhost:50052
execution-manager-grpc  | [gRPC Client Async] Inputs: {"total_ops": 800, "io_percentage": 50}
execution-manager-grpc  | [gRPC Client Async] Response #1 - Status: COMPLETED
execution-manager-grpc  | 🎉 [T=13190 ms] Task 2 'sum2' COMPLETED
execution-manager-grpc  | [EXECUTION MANAGER] ⏱️ T2=809083009.367 ms | Thread started (server measured)
execution-manager-grpc  | [EXECUTION MANAGER] ⏱️ T3=809085198.197 ms | Task completed (server measured)
execution-manager-grpc  | [EXECUTION MANAGER] ⏱️ T4=809085198.663 ms | Result received by client
execution-manager-grpc  |    [TASK EXECUTION] 2188.830 ms (T3-T2, measured in thread)
execution-manager-grpc  |    [RESULT] {"result": 0}
execution-manager-grpc  | 
execution-manager-grpc  | ╔═══════════════════════════════════════════════════════════════╗
execution-manager-grpc  | ║           END-TO-END TIMING MEASUREMENT RECAP                 ║
execution-manager-grpc  | ║                   Task 2: sum2                                 
execution-manager-grpc  | ╠═══════════════════════════════════════════════════════════════╣
execution-manager-grpc  | ║ T1 (start_request)    = 809083008.785 ms                        ║
execution-manager-grpc  | ║ T2 (end_request)      = 809083009.367 ms                        ║
execution-manager-grpc  | ║ T3 (start_result)     = 809085198.197 ms                        ║
execution-manager-grpc  | ║ T4 (end_result)       = 809085198.663 ms                        ║
execution-manager-grpc  | ╠═══════════════════════════════════════════════════════════════╣
execution-manager-grpc  | ║ METRICS:                                                      ║
execution-manager-grpc  | ║   Request Latency    =        0.582 ms  (T2 - T1)            ║
execution-manager-grpc  | ║   Task Execution     =     2188.830 ms  (T3 - T2)            ║
execution-manager-grpc  | ║   Response Latency   =        0.466 ms  (T4 - T3)            ║
execution-manager-grpc  | ║   Total End-to-End   =     2189.878 ms  (T4 - T1)            ║
execution-manager-grpc  | ║   Network Overhead   =        1.048 ms  (Req + Resp)         ║
execution-manager-grpc  | ╚═══════════════════════════════════════════════════════════════╝
execution-manager-grpc  | 
execution-manager-grpc  | [EPOLL] T=13190 ms: epoll_wait returned 1 event(s)
execution-manager-grpc  | [EPOLL] event[0]: type=2 task=NULL
execution-manager-grpc  | [SCHEDULER] ✅ T=13190 ms: Task 2 'sum2' completed with status 2
execution-manager-grpc  | [SCHEDULER] 🔕 Timeout disarmed for task 2
execution-manager-grpc  | [SCHEDULER] 3 tasks remaining
execution-manager-grpc  | [gRPC Client Async] Stream completed, received 1 responses
execution-manager-grpc  | [GRPC THREAD 2] Completed
execution-manager-grpc  | [gRPC Client Async] Response #1 - Status: COMPLETED
execution-manager-grpc  | 🎉 [T=14369 ms] Task 1 'sum1' COMPLETED
execution-manager-grpc  | [EXECUTION MANAGER] ⏱️ T2=809082009.395 ms | Thread started (server measured)
execution-manager-grpc  | [EXECUTION MANAGER] ⏱️ T3=809086377.092 ms | Task completed (server measured)
execution-manager-grpc  | [EXECUTION MANAGER] ⏱️ T4=809086377.530 ms | Result received by client
execution-manager-grpc  |    [TASK EXECUTION] 4367.697 ms (T3-T2, measured in thread)
execution-manager-grpc  |    [RESULT] {"result": 0}
execution-manager-grpc  | 
execution-manager-grpc  | ╔═══════════════════════════════════════════════════════════════╗
execution-manager-grpc  | ║           END-TO-END TIMING MEASUREMENT RECAP                 ║
execution-manager-grpc  | ║                   Task 1: sum1                                 
execution-manager-grpc  | ╠═══════════════════════════════════════════════════════════════╣
execution-manager-grpc  | ║ T1 (start_request)    = 809082008.748 ms                        ║
execution-manager-grpc  | ║ T2 (end_request)      = 809082009.395 ms                        ║
execution-manager-grpc  | ║ T3 (start_result)     = 809086377.092 ms                        ║
execution-manager-grpc  | ║ T4 (end_result)       = 809086377.530 ms                        ║
execution-manager-grpc  | ╠═══════════════════════════════════════════════════════════════╣
execution-manager-grpc  | ║ METRICS:                                                      ║
execution-manager-grpc  | ║   Request Latency    =        0.647 ms  (T2 - T1)            ║
execution-manager-grpc  | ║   Task Execution     =     4367.697 ms  (T3 - T2)            ║
execution-manager-grpc  | ║   Response Latency   =        0.438 ms  (T4 - T3)            ║
execution-manager-grpc  | ║   Total End-to-End   =     4368.782 ms  (T4 - T1)            ║
execution-manager-grpc  | ║   Network Overhead   =        1.085 ms  (Req + Resp)         ║
execution-manager-grpc  | ╚═══════════════════════════════════════════════════════════════╝
execution-manager-grpc  | 
execution-manager-grpc  | [EPOLL] T=14369 ms: epoll_wait returned 1 event(s)
execution-manager-grpc  | [EPOLL] event[0]: type=2 task=NULL
execution-manager-grpc  | [SCHEDULER] ✅ T=14369 ms: Task 1 'sum1' completed with status 2
execution-manager-grpc  | [SCHEDULER] 🔕 Timeout disarmed for task 1
execution-manager-grpc  | [SCHEDULER] 2 tasks remaining
execution-manager-grpc  | [gRPC Client Async] Stream completed, received 1 responses
execution-manager-grpc  | [GRPC THREAD 1] Completed
execution-manager-grpc  | [EPOLL] T=20000 ms: epoll_wait returned 1 event(s)
execution-manager-grpc  | [EPOLL] event[0]: type=0 task=sum3
execution-manager-grpc  | [SCHEDULER] ⏰ T=20000 ms | T_wall=809092008.692 ms: Launching task 3 'sum3' (deadline: 50000 ms)
execution-manager-grpc  | [SCHEDULER] 🕐 Timeout armed for task 3 at T=50000 ms (in 30000 ms)
execution-manager-grpc  | [GRPC THREAD 3] Starting...
execution-manager-grpc  | [EXECUTION MANAGER] ⏱️ T1=809092008.765 ms | Sending gRPC request for task 3 'sum3'
execution-manager-grpc  | [gRPC Channel Pool] Reusing existing channel for localhost:50053 (state=2)
execution-manager-grpc  | [gRPC Client Async] Calling task 'sum3' at localhost:50053
execution-manager-grpc  | [gRPC Client Async] Inputs: {"total_ops": 800, "io_percentage": 50}
execution-manager-grpc  | [EPOLL] T=21000 ms: epoll_wait returned 1 event(s)
execution-manager-grpc  | [EPOLL] event[0]: type=0 task=sum4
execution-manager-grpc  | [SCHEDULER] ⏰ T=21000 ms | T_wall=809093008.698 ms: Launching task 4 'sum4' (deadline: 51000 ms)
execution-manager-grpc  | [SCHEDULER] 🕐 Timeout armed for task 4 at T=51000 ms (in 30000 ms)
execution-manager-grpc  | [GRPC THREAD 4] Starting...
execution-manager-grpc  | [EXECUTION MANAGER] ⏱️ T1=809093008.787 ms | Sending gRPC request for task 4 'sum4'
execution-manager-grpc  | [gRPC Channel Pool] Reusing existing channel for localhost:50054 (state=2)
execution-manager-grpc  | [gRPC Client Async] Calling task 'sum4' at localhost:50054
execution-manager-grpc  | [gRPC Client Async] Inputs: {"total_ops": 800, "io_percentage": 50}
execution-manager-grpc  | [gRPC Client Async] Response #1 - Status: COMPLETED
execution-manager-grpc  | 🎉 [T=22190 ms] Task 3 'sum3' COMPLETED
execution-manager-grpc  | [EXECUTION MANAGER] ⏱️ T2=809092009.282 ms | Thread started (server measured)
execution-manager-grpc  | [EXECUTION MANAGER] ⏱️ T3=809094197.816 ms | Task completed (server measured)
execution-manager-grpc  | [EXECUTION MANAGER] ⏱️ T4=809094198.283 ms | Result received by client
execution-manager-grpc  |    [TASK EXECUTION] 2188.534 ms (T3-T2, measured in thread)
execution-manager-grpc  |    [RESULT] {"result": 0}
execution-manager-grpc  | 
execution-manager-grpc  | ╔═══════════════════════════════════════════════════════════════╗
execution-manager-grpc  | ║           END-TO-END TIMING MEASUREMENT RECAP                 ║
execution-manager-grpc  | ║                   Task 3: sum3                                 
execution-manager-grpc  | ╠═══════════════════════════════════════════════════════════════╣
execution-manager-grpc  | ║ T1 (start_request)    = 809092008.765 ms                        ║
execution-manager-grpc  | ║ T2 (end_request)      = 809092009.282 ms                        ║
execution-manager-grpc  | ║ T3 (start_result)     = 809094197.816 ms                        ║
execution-manager-grpc  | ║ T4 (end_result)       = 809094198.283 ms                        ║
execution-manager-grpc  | ╠═══════════════════════════════════════════════════════════════╣
execution-manager-grpc  | ║ METRICS:                                                      ║
execution-manager-grpc  | ║   Request Latency    =        0.517 ms  (T2 - T1)            ║
execution-manager-grpc  | ║   Task Execution     =     2188.534 ms  (T3 - T2)            ║
execution-manager-grpc  | ║   Response Latency   =        0.467 ms  (T4 - T3)            ║
execution-manager-grpc  | ║   Total End-to-End   =     2189.518 ms  (T4 - T1)            ║
execution-manager-grpc  | ║   Network Overhead   =        0.984 ms  (Req + Resp)         ║
execution-manager-grpc  | ╚═══════════════════════════════════════════════════════════════╝
execution-manager-grpc  | 
execution-manager-grpc  | [EPOLL] T=22190 ms: epoll_wait returned 1 event(s)
execution-manager-grpc  | [EPOLL] event[0]: type=2 task=NULL
execution-manager-grpc  | [SCHEDULER] ✅ T=22190 ms: Task 3 'sum3' completed with status 2
execution-manager-grpc  | [SCHEDULER] 🔕 Timeout disarmed for task 3
execution-manager-grpc  | [SCHEDULER] 1 tasks remaining
execution-manager-grpc  | [gRPC Client Async] Stream completed, received 1 responses
execution-manager-grpc  | [GRPC THREAD 3] Completed
execution-manager-grpc  | [gRPC Client Async] Response #1 - Status: COMPLETED
execution-manager-grpc  | 🎉 [T=24380 ms] Task 4 'sum4' COMPLETED
execution-manager-grpc  | [EXECUTION MANAGER] ⏱️ T2=809094197.869 ms | Thread started (server measured)
execution-manager-grpc  | [EXECUTION MANAGER] ⏱️ T3=809096387.974 ms | Task completed (server measured)
execution-manager-grpc  | [EXECUTION MANAGER] ⏱️ T4=809096388.393 ms | Result received by client
execution-manager-grpc  |    [TASK EXECUTION] 2190.104 ms (T3-T2, measured in thread)
execution-manager-grpc  |    [RESULT] {"result": 0}
execution-manager-grpc  | 
execution-manager-grpc  | ╔═══════════════════════════════════════════════════════════════╗
execution-manager-grpc  | ║           END-TO-END TIMING MEASUREMENT RECAP                 ║
execution-manager-grpc  | ║                   Task 4: sum4                                 
execution-manager-grpc  | ╠═══════════════════════════════════════════════════════════════╣
execution-manager-grpc  | ║ T1 (start_request)    = 809093008.787 ms                        ║
execution-manager-grpc  | ║ T2 (end_request)      = 809094197.869 ms                        ║
execution-manager-grpc  | ║ T3 (start_result)     = 809096387.974 ms                        ║
execution-manager-grpc  | ║ T4 (end_result)       = 809096388.393 ms                        ║
execution-manager-grpc  | ╠═══════════════════════════════════════════════════════════════╣
execution-manager-grpc  | ║ METRICS:                                                      ║
execution-manager-grpc  | ║   Request Latency    =     1189.082 ms  (T2 - T1)            ║
execution-manager-grpc  | ║   Task Execution     =     2190.104 ms  (T3 - T2)            ║
execution-manager-grpc  | ║   Response Latency   =        0.419 ms  (T4 - T3)            ║
execution-manager-grpc  | ║   Total End-to-End   =     3379.606 ms  (T4 - T1)            ║
execution-manager-grpc  | ║   Network Overhead   =     1189.501 ms  (Req + Resp)         ║
execution-manager-grpc  | ╚═══════════════════════════════════════════════════════════════╝
execution-manager-grpc  | 
execution-manager-grpc  | [EPOLL] T=24380 ms: epoll_wait returned 1 event(s)
execution-manager-grpc  | [EPOLL] event[0]: type=2 task=NULL
execution-manager-grpc  | [SCHEDULER] ✅ T=24380 ms: Task 4 'sum4' completed with status 2
execution-manager-grpc  | [SCHEDULER] 🔕 Timeout disarmed for task 4
execution-manager-grpc  | [SCHEDULER] 0 tasks remaining
execution-manager-grpc  | 
execution-manager-grpc  | [SCHEDULER] 🏁 Iteration 23/50 complete!
execution-manager-grpc  | [SCHEDULER] Iteration execution time: 24380 ms
execution-manager-grpc  | 
execution-manager-grpc  | 
execution-manager-grpc  | [SCHEDULER] 🔁 ===== ITERATION 24 / 50 =====
execution-manager-grpc  | 
execution-manager-grpc  | [SCHEDULER] 🚀 Schedule started at T=0
execution-manager-grpc  | 
execution-manager-grpc  | [SCHEDULER] 🔄 Entering event loop (NO SLEEP - event-driven!)
execution-manager-grpc  | 
execution-manager-grpc  | [gRPC Client Async] Stream completed, received 1 responses
execution-manager-grpc  | [GRPC THREAD 4] Completed
execution-manager-grpc  | [EPOLL] T=10000 ms: epoll_wait returned 1 event(s)
execution-manager-grpc  | [EPOLL] event[0]: type=0 task=sum1
execution-manager-grpc  | [SCHEDULER] ⏰ T=10000 ms | T_wall=809106388.514 ms: Launching task 1 'sum1' (deadline: 40000 ms)
execution-manager-grpc  | [SCHEDULER] 🕐 Timeout armed for task 1 at T=40000 ms (in 30000 ms)
execution-manager-grpc  | [GRPC THREAD 1] Starting...
execution-manager-grpc  | [EXECUTION MANAGER] ⏱️ T1=809106388.610 ms | Sending gRPC request for task 1 'sum1'
execution-manager-grpc  | [gRPC Channel Pool] Reusing existing channel for localhost:50051 (state=2)
execution-manager-grpc  | [gRPC Client Async] Calling task 'sum1' at localhost:50051
execution-manager-grpc  | [gRPC Client Async] Inputs: {"total_ops": 800, "io_percentage": 50}
execution-manager-grpc  | [EPOLL] T=11000 ms: epoll_wait returned 1 event(s)
execution-manager-grpc  | [EPOLL] event[0]: type=0 task=sum2
execution-manager-grpc  | [SCHEDULER] ⏰ T=11000 ms | T_wall=809107388.521 ms: Launching task 2 'sum2' (deadline: 41000 ms)
execution-manager-grpc  | [SCHEDULER] 🕐 Timeout armed for task 2 at T=41000 ms (in 30000 ms)
execution-manager-grpc  | [GRPC THREAD 2] Starting...
execution-manager-grpc  | [EXECUTION MANAGER] ⏱️ T1=809107388.603 ms | Sending gRPC request for task 2 'sum2'
execution-manager-grpc  | [gRPC Channel Pool] Reusing existing channel for localhost:50052 (state=2)
execution-manager-grpc  | [gRPC Client Async] Calling task 'sum2' at localhost:50052
execution-manager-grpc  | [gRPC Client Async] Inputs: {"total_ops": 800, "io_percentage": 50}
execution-manager-grpc  | [gRPC Client Async] Response #1 - Status: COMPLETED
execution-manager-grpc  | 🎉 [T=13190 ms] Task 2 'sum2' COMPLETED
execution-manager-grpc  | [EXECUTION MANAGER] ⏱️ T2=809107389.114 ms | Thread started (server measured)
execution-manager-grpc  | [EXECUTION MANAGER] ⏱️ T3=809109578.342 ms | Task completed (server measured)
execution-manager-grpc  | [EXECUTION MANAGER] ⏱️ T4=809109578.811 ms | Result received by client
execution-manager-grpc  |    [TASK EXECUTION] 2189.227 ms (T3-T2, measured in thread)
execution-manager-grpc  |    [RESULT] {"result": 0}
execution-manager-grpc  | 
execution-manager-grpc  | ╔═══════════════════════════════════════════════════════════════╗
execution-manager-grpc  | ║           END-TO-END TIMING MEASUREMENT RECAP                 ║
execution-manager-grpc  | ║                   Task 2: sum2                                 
execution-manager-grpc  | ╠═══════════════════════════════════════════════════════════════╣
execution-manager-grpc  | ║ T1 (start_request)    = 809107388.603 ms                        ║
execution-manager-grpc  | ║ T2 (end_request)      = 809107389.114 ms                        ║
execution-manager-grpc  | ║ T3 (start_result)     = 809109578.342 ms                        ║
execution-manager-grpc  | ║ T4 (end_result)       = 809109578.811 ms                        ║
execution-manager-grpc  | ╠═══════════════════════════════════════════════════════════════╣
execution-manager-grpc  | ║ METRICS:                                                      ║
execution-manager-grpc  | ║   Request Latency    =        0.512 ms  (T2 - T1)            ║
execution-manager-grpc  | ║   Task Execution     =     2189.227 ms  (T3 - T2)            ║
execution-manager-grpc  | ║   Response Latency   =        0.469 ms  (T4 - T3)            ║
execution-manager-grpc  | ║   Total End-to-End   =     2190.208 ms  (T4 - T1)            ║
execution-manager-grpc  | ║   Network Overhead   =        0.981 ms  (Req + Resp)         ║
execution-manager-grpc  | ╚═══════════════════════════════════════════════════════════════╝
execution-manager-grpc  | 
execution-manager-grpc  | [EPOLL] T=13190 ms: epoll_wait returned 1 event(s)
execution-manager-grpc  | [EPOLL] event[0]: type=2 task=NULL
execution-manager-grpc  | [SCHEDULER] ✅ T=13190 ms: Task 2 'sum2' completed with status 2
execution-manager-grpc  | [SCHEDULER] 🔕 Timeout disarmed for task 2
execution-manager-grpc  | [SCHEDULER] 3 tasks remaining
execution-manager-grpc  | [gRPC Client Async] Stream completed, received 1 responses
execution-manager-grpc  | [GRPC THREAD 2] Completed
execution-manager-grpc  | [gRPC Client Async] Response #1 - Status: COMPLETED
execution-manager-grpc  | 🎉 [T=14370 ms] Task 1 'sum1' COMPLETED
execution-manager-grpc  | [EXECUTION MANAGER] ⏱️ T2=809106389.277 ms | Thread started (server measured)
execution-manager-grpc  | [EXECUTION MANAGER] ⏱️ T3=809110757.840 ms | Task completed (server measured)
execution-manager-grpc  | [EXECUTION MANAGER] ⏱️ T4=809110758.312 ms | Result received by client
execution-manager-grpc  |    [TASK EXECUTION] 4368.563 ms (T3-T2, measured in thread)
execution-manager-grpc  |    [RESULT] {"result": 0}
execution-manager-grpc  | 
execution-manager-grpc  | ╔═══════════════════════════════════════════════════════════════╗
execution-manager-grpc  | ║           END-TO-END TIMING MEASUREMENT RECAP                 ║
execution-manager-grpc  | ║                   Task 1: sum1                                 
execution-manager-grpc  | ╠═══════════════════════════════════════════════════════════════╣
execution-manager-grpc  | ║ T1 (start_request)    = 809106388.610 ms                        ║
execution-manager-grpc  | ║ T2 (end_request)      = 809106389.277 ms                        ║
execution-manager-grpc  | ║ T3 (start_result)     = 809110757.840 ms                        ║
execution-manager-grpc  | ║ T4 (end_result)       = 809110758.312 ms                        ║
execution-manager-grpc  | ╠═══════════════════════════════════════════════════════════════╣
execution-manager-grpc  | ║ METRICS:                                                      ║
execution-manager-grpc  | ║   Request Latency    =        0.666 ms  (T2 - T1)            ║
execution-manager-grpc  | ║   Task Execution     =     4368.563 ms  (T3 - T2)            ║
execution-manager-grpc  | ║   Response Latency   =        0.472 ms  (T4 - T3)            ║
execution-manager-grpc  | ║   Total End-to-End   =     4369.701 ms  (T4 - T1)            ║
execution-manager-grpc  | ║   Network Overhead   =        1.138 ms  (Req + Resp)         ║
execution-manager-grpc  | ╚═══════════════════════════════════════════════════════════════╝
execution-manager-grpc  | 
execution-manager-grpc  | [EPOLL] T=14370 ms: epoll_wait returned 1 event(s)
execution-manager-grpc  | [EPOLL] event[0]: type=2 task=NULL
execution-manager-grpc  | [SCHEDULER] ✅ T=14370 ms: Task 1 'sum1' completed with status 2
execution-manager-grpc  | [SCHEDULER] 🔕 Timeout disarmed for task 1
execution-manager-grpc  | [SCHEDULER] 2 tasks remaining
execution-manager-grpc  | [gRPC Client Async] Stream completed, received 1 responses
execution-manager-grpc  | [GRPC THREAD 1] Completed
execution-manager-grpc  | [EPOLL] T=20000 ms: epoll_wait returned 1 event(s)
execution-manager-grpc  | [EPOLL] event[0]: type=0 task=sum3
execution-manager-grpc  | [SCHEDULER] ⏰ T=20000 ms | T_wall=809116388.537 ms: Launching task 3 'sum3' (deadline: 50000 ms)
execution-manager-grpc  | [SCHEDULER] 🕐 Timeout armed for task 3 at T=50000 ms (in 30000 ms)
execution-manager-grpc  | [GRPC THREAD 3] Starting...
execution-manager-grpc  | [EXECUTION MANAGER] ⏱️ T1=809116388.614 ms | Sending gRPC request for task 3 'sum3'
execution-manager-grpc  | [gRPC Channel Pool] Reusing existing channel for localhost:50053 (state=2)
execution-manager-grpc  | [gRPC Client Async] Calling task 'sum3' at localhost:50053
execution-manager-grpc  | [gRPC Client Async] Inputs: {"total_ops": 800, "io_percentage": 50}
execution-manager-grpc  | [EPOLL] T=21000 ms: epoll_wait returned 1 event(s)
execution-manager-grpc  | [EPOLL] event[0]: type=0 task=sum4
execution-manager-grpc  | [SCHEDULER] ⏰ T=21000 ms | T_wall=809117388.544 ms: Launching task 4 'sum4' (deadline: 51000 ms)
execution-manager-grpc  | [SCHEDULER] 🕐 Timeout armed for task 4 at T=51000 ms (in 30000 ms)
execution-manager-grpc  | [GRPC THREAD 4] Starting...
execution-manager-grpc  | [EXECUTION MANAGER] ⏱️ T1=809117388.634 ms | Sending gRPC request for task 4 'sum4'
execution-manager-grpc  | [gRPC Channel Pool] Reusing existing channel for localhost:50054 (state=2)
execution-manager-grpc  | [gRPC Client Async] Calling task 'sum4' at localhost:50054
execution-manager-grpc  | [gRPC Client Async] Inputs: {"total_ops": 800, "io_percentage": 50}
execution-manager-grpc  | [gRPC Client Async] Response #1 - Status: COMPLETED
execution-manager-grpc  | 🎉 [T=22190 ms] Task 3 'sum3' COMPLETED
execution-manager-grpc  | [EXECUTION MANAGER] ⏱️ T2=809116389.167 ms | Thread started (server measured)
execution-manager-grpc  | [EXECUTION MANAGER] ⏱️ T3=809118578.346 ms | Task completed (server measured)
execution-manager-grpc  | [EXECUTION MANAGER] ⏱️ T4=809118578.808 ms | Result received by client
execution-manager-grpc  |    [TASK EXECUTION] 2189.179 ms (T3-T2, measured in thread)
execution-manager-grpc  |    [RESULT] {"result": 0}
execution-manager-grpc  | 
execution-manager-grpc  | ╔═══════════════════════════════════════════════════════════════╗
execution-manager-grpc  | ║           END-TO-END TIMING MEASUREMENT RECAP                 ║
execution-manager-grpc  | ║                   Task 3: sum3                                 
execution-manager-grpc  | ╠═══════════════════════════════════════════════════════════════╣
execution-manager-grpc  | ║ T1 (start_request)    = 809116388.614 ms                        ║
execution-manager-grpc  | ║ T2 (end_request)      = 809116389.167 ms                        ║
execution-manager-grpc  | ║ T3 (start_result)     = 809118578.346 ms                        ║
execution-manager-grpc  | ║ T4 (end_result)       = 809118578.808 ms                        ║
execution-manager-grpc  | ╠═══════════════════════════════════════════════════════════════╣
execution-manager-grpc  | ║ METRICS:                                                      ║
execution-manager-grpc  | ║   Request Latency    =        0.553 ms  (T2 - T1)            ║
execution-manager-grpc  | ║   Task Execution     =     2189.179 ms  (T3 - T2)            ║
execution-manager-grpc  | ║   Response Latency   =        0.462 ms  (T4 - T3)            ║
execution-manager-grpc  | ║   Total End-to-End   =     2190.194 ms  (T4 - T1)            ║
execution-manager-grpc  | ║   Network Overhead   =        1.015 ms  (Req + Resp)         ║
execution-manager-grpc  | ╚═══════════════════════════════════════════════════════════════╝
execution-manager-grpc  | 
execution-manager-grpc  | [EPOLL] T=22190 ms: epoll_wait returned 1 event(s)
execution-manager-grpc  | [EPOLL] event[0]: type=2 task=NULL
execution-manager-grpc  | [SCHEDULER] ✅ T=22190 ms: Task 3 'sum3' completed with status 2
execution-manager-grpc  | [SCHEDULER] 🔕 Timeout disarmed for task 3
execution-manager-grpc  | [SCHEDULER] 1 tasks remaining
execution-manager-grpc  | [gRPC Client Async] Stream completed, received 1 responses
execution-manager-grpc  | [GRPC THREAD 3] Completed
execution-manager-grpc  | [gRPC Client Async] Response #1 - Status: COMPLETED
execution-manager-grpc  | 🎉 [T=24381 ms] Task 4 'sum4' COMPLETED
execution-manager-grpc  | [EXECUTION MANAGER] ⏱️ T2=809118578.396 ms | Thread started (server measured)
execution-manager-grpc  | [EXECUTION MANAGER] ⏱️ T3=809120768.591 ms | Task completed (server measured)
execution-manager-grpc  | [EXECUTION MANAGER] ⏱️ T4=809120769.060 ms | Result received by client
execution-manager-grpc  |    [TASK EXECUTION] 2190.195 ms (T3-T2, measured in thread)
execution-manager-grpc  |    [RESULT] {"result": 0}
execution-manager-grpc  | 
execution-manager-grpc  | ╔═══════════════════════════════════════════════════════════════╗
execution-manager-grpc  | ║           END-TO-END TIMING MEASUREMENT RECAP                 ║
execution-manager-grpc  | ║                   Task 4: sum4                                 
execution-manager-grpc  | ╠═══════════════════════════════════════════════════════════════╣
execution-manager-grpc  | ║ T1 (start_request)    = 809117388.634 ms                        ║
execution-manager-grpc  | ║ T2 (end_request)      = 809118578.396 ms                        ║
execution-manager-grpc  | ║ T3 (start_result)     = 809120768.591 ms                        ║
execution-manager-grpc  | ║ T4 (end_result)       = 809120769.060 ms                        ║
execution-manager-grpc  | ╠═══════════════════════════════════════════════════════════════╣
execution-manager-grpc  | ║ METRICS:                                                      ║
execution-manager-grpc  | ║   Request Latency    =     1189.762 ms  (T2 - T1)            ║
execution-manager-grpc  | ║   Task Execution     =     2190.195 ms  (T3 - T2)            ║
execution-manager-grpc  | ║   Response Latency   =        0.469 ms  (T4 - T3)            ║
execution-manager-grpc  | ║   Total End-to-End   =     3380.426 ms  (T4 - T1)            ║
execution-manager-grpc  | ║   Network Overhead   =     1190.231 ms  (Req + Resp)         ║
execution-manager-grpc  | ╚═══════════════════════════════════════════════════════════════╝
execution-manager-grpc  | 
execution-manager-grpc  | [EPOLL] T=24381 ms: epoll_wait returned 1 event(s)
execution-manager-grpc  | [EPOLL] event[0]: type=2 task=NULL
execution-manager-grpc  | [SCHEDULER] ✅ T=24381 ms: Task 4 'sum4' completed with status 2
execution-manager-grpc  | [SCHEDULER] 🔕 Timeout disarmed for task 4
execution-manager-grpc  | [SCHEDULER] 0 tasks remaining
execution-manager-grpc  | 
execution-manager-grpc  | [SCHEDULER] 🏁 Iteration 24/50 complete!
execution-manager-grpc  | [SCHEDULER] Iteration execution time: 24381 ms
execution-manager-grpc  | 
execution-manager-grpc  | 
execution-manager-grpc  | [SCHEDULER] 🔁 ===== ITERATION 25 / 50 =====
execution-manager-grpc  | 
execution-manager-grpc  | [SCHEDULER] 🚀 Schedule started at T=0
execution-manager-grpc  | 
execution-manager-grpc  | [SCHEDULER] 🔄 Entering event loop (NO SLEEP - event-driven!)
execution-manager-grpc  | 
execution-manager-grpc  | [gRPC Client Async] Stream completed, received 1 responses
execution-manager-grpc  | [GRPC THREAD 4] Completed
execution-manager-grpc  | [EPOLL] T=10000 ms: epoll_wait returned 1 event(s)
execution-manager-grpc  | [EPOLL] event[0]: type=0 task=sum1
execution-manager-grpc  | [SCHEDULER] ⏰ T=10000 ms | T_wall=809130769.179 ms: Launching task 1 'sum1' (deadline: 40000 ms)
execution-manager-grpc  | [SCHEDULER] 🕐 Timeout armed for task 1 at T=40000 ms (in 30000 ms)
execution-manager-grpc  | [GRPC THREAD 1] Starting...
execution-manager-grpc  | [EXECUTION MANAGER] ⏱️ T1=809130769.266 ms | Sending gRPC request for task 1 'sum1'
execution-manager-grpc  | [gRPC Channel Pool] Reusing existing channel for localhost:50051 (state=2)
execution-manager-grpc  | [gRPC Client Async] Calling task 'sum1' at localhost:50051
execution-manager-grpc  | [gRPC Client Async] Inputs: {"total_ops": 800, "io_percentage": 50}
execution-manager-grpc  | [EPOLL] T=11000 ms: epoll_wait returned 1 event(s)
execution-manager-grpc  | [EPOLL] event[0]: type=0 task=sum2
execution-manager-grpc  | [SCHEDULER] ⏰ T=11000 ms | T_wall=809131769.186 ms: Launching task 2 'sum2' (deadline: 41000 ms)
execution-manager-grpc  | [SCHEDULER] 🕐 Timeout armed for task 2 at T=41000 ms (in 30000 ms)
execution-manager-grpc  | [GRPC THREAD 2] Starting...
execution-manager-grpc  | [EXECUTION MANAGER] ⏱️ T1=809131769.292 ms | Sending gRPC request for task 2 'sum2'
execution-manager-grpc  | [gRPC Channel Pool] Reusing existing channel for localhost:50052 (state=2)
execution-manager-grpc  | [gRPC Client Async] Calling task 'sum2' at localhost:50052
execution-manager-grpc  | [gRPC Client Async] Inputs: {"total_ops": 800, "io_percentage": 50}
execution-manager-grpc  | [gRPC Client Async] Response #1 - Status: COMPLETED
execution-manager-grpc  | 🎉 [T=13191 ms] Task 2 'sum2' COMPLETED
execution-manager-grpc  | [EXECUTION MANAGER] ⏱️ T2=809131769.815 ms | Thread started (server measured)
execution-manager-grpc  | [EXECUTION MANAGER] ⏱️ T3=809133960.502 ms | Task completed (server measured)
execution-manager-grpc  | [EXECUTION MANAGER] ⏱️ T4=809133960.997 ms | Result received by client
execution-manager-grpc  |    [TASK EXECUTION] 2190.687 ms (T3-T2, measured in thread)
execution-manager-grpc  |    [RESULT] {"result": 0}
execution-manager-grpc  | 
execution-manager-grpc  | ╔═══════════════════════════════════════════════════════════════╗
execution-manager-grpc  | ║           END-TO-END TIMING MEASUREMENT RECAP                 ║
execution-manager-grpc  | ║                   Task 2: sum2                                 
execution-manager-grpc  | ╠═══════════════════════════════════════════════════════════════╣
execution-manager-grpc  | ║ T1 (start_request)    = 809131769.292 ms                        ║
execution-manager-grpc  | ║ T2 (end_request)      = 809131769.815 ms                        ║
execution-manager-grpc  | ║ T3 (start_result)     = 809133960.502 ms                        ║
execution-manager-grpc  | ║ T4 (end_result)       = 809133960.997 ms                        ║
execution-manager-grpc  | ╠═══════════════════════════════════════════════════════════════╣
execution-manager-grpc  | ║ METRICS:                                                      ║
execution-manager-grpc  | ║   Request Latency    =        0.523 ms  (T2 - T1)            ║
execution-manager-grpc  | ║   Task Execution     =     2190.687 ms  (T3 - T2)            ║
execution-manager-grpc  | ║   Response Latency   =        0.495 ms  (T4 - T3)            ║
execution-manager-grpc  | ║   Total End-to-End   =     2191.704 ms  (T4 - T1)            ║
execution-manager-grpc  | ║   Network Overhead   =        1.018 ms  (Req + Resp)         ║
execution-manager-grpc  | ╚═══════════════════════════════════════════════════════════════╝
execution-manager-grpc  | 
execution-manager-grpc  | [EPOLL] T=13192 ms: epoll_wait returned 1 event(s)
execution-manager-grpc  | [EPOLL] event[0]: type=2 task=NULL
execution-manager-grpc  | [SCHEDULER] ✅ T=13192 ms: Task 2 'sum2' completed with status 2
execution-manager-grpc  | [SCHEDULER] 🔕 Timeout disarmed for task 2
execution-manager-grpc  | [SCHEDULER] 3 tasks remaining
execution-manager-grpc  | [gRPC Client Async] Stream completed, received 1 responses
execution-manager-grpc  | [GRPC THREAD 2] Completed
execution-manager-grpc  | [gRPC Client Async] Response #1 - Status: COMPLETED
execution-manager-grpc  | 🎉 [T=14371 ms] Task 1 'sum1' COMPLETED
execution-manager-grpc  | [EXECUTION MANAGER] ⏱️ T2=809130769.991 ms | Thread started (server measured)
execution-manager-grpc  | [EXECUTION MANAGER] ⏱️ T3=809135140.372 ms | Task completed (server measured)
execution-manager-grpc  | [EXECUTION MANAGER] ⏱️ T4=809135140.871 ms | Result received by client
execution-manager-grpc  |    [TASK EXECUTION] 4370.380 ms (T3-T2, measured in thread)
execution-manager-grpc  |    [RESULT] {"result": 0}
execution-manager-grpc  | 
execution-manager-grpc  | ╔═══════════════════════════════════════════════════════════════╗
execution-manager-grpc  | ║           END-TO-END TIMING MEASUREMENT RECAP                 ║
execution-manager-grpc  | ║                   Task 1: sum1                                 
execution-manager-grpc  | ╠═══════════════════════════════════════════════════════════════╣
execution-manager-grpc  | ║ T1 (start_request)    = 809130769.266 ms                        ║
execution-manager-grpc  | ║ T2 (end_request)      = 809130769.991 ms                        ║
execution-manager-grpc  | ║ T3 (start_result)     = 809135140.372 ms                        ║
execution-manager-grpc  | ║ T4 (end_result)       = 809135140.871 ms                        ║
execution-manager-grpc  | ╠═══════════════════════════════════════════════════════════════╣
execution-manager-grpc  | ║ METRICS:                                                      ║
execution-manager-grpc  | ║   Request Latency    =        0.726 ms  (T2 - T1)            ║
execution-manager-grpc  | ║   Task Execution     =     4370.380 ms  (T3 - T2)            ║
execution-manager-grpc  | ║   Response Latency   =        0.499 ms  (T4 - T3)            ║
execution-manager-grpc  | ║   Total End-to-End   =     4371.605 ms  (T4 - T1)            ║
execution-manager-grpc  | ║   Network Overhead   =        1.225 ms  (Req + Resp)         ║
execution-manager-grpc  | ╚═══════════════════════════════════════════════════════════════╝
execution-manager-grpc  | 
execution-manager-grpc  | [EPOLL] T=14371 ms: epoll_wait returned 1 event(s)
execution-manager-grpc  | [EPOLL] event[0]: type=2 task=NULL
execution-manager-grpc  | [SCHEDULER] ✅ T=14371 ms: Task 1 'sum1' completed with status 2
execution-manager-grpc  | [SCHEDULER] 🔕 Timeout disarmed for task 1
execution-manager-grpc  | [SCHEDULER] 2 tasks remaining
execution-manager-grpc  | [gRPC Client Async] Stream completed, received 1 responses
execution-manager-grpc  | [GRPC THREAD 1] Completed
execution-manager-grpc  | [EPOLL] T=20000 ms: epoll_wait returned 1 event(s)
execution-manager-grpc  | [EPOLL] event[0]: type=0 task=sum3
execution-manager-grpc  | [SCHEDULER] ⏰ T=20000 ms | T_wall=809140769.281 ms: Launching task 3 'sum3' (deadline: 50000 ms)
execution-manager-grpc  | [SCHEDULER] 🕐 Timeout armed for task 3 at T=50000 ms (in 30000 ms)
execution-manager-grpc  | [GRPC THREAD 3] Starting...
execution-manager-grpc  | [EXECUTION MANAGER] ⏱️ T1=809140769.370 ms | Sending gRPC request for task 3 'sum3'
execution-manager-grpc  | [gRPC Channel Pool] Reusing existing channel for localhost:50053 (state=2)
execution-manager-grpc  | [gRPC Client Async] Calling task 'sum3' at localhost:50053
execution-manager-grpc  | [gRPC Client Async] Inputs: {"total_ops": 800, "io_percentage": 50}
execution-manager-grpc  | [EPOLL] T=21000 ms: epoll_wait returned 1 event(s)
execution-manager-grpc  | [EPOLL] event[0]: type=0 task=sum4
execution-manager-grpc  | [SCHEDULER] ⏰ T=21000 ms | T_wall=809141769.209 ms: Launching task 4 'sum4' (deadline: 51000 ms)
execution-manager-grpc  | [SCHEDULER] 🕐 Timeout armed for task 4 at T=51000 ms (in 30000 ms)
execution-manager-grpc  | [GRPC THREAD 4] Starting...
execution-manager-grpc  | [EXECUTION MANAGER] ⏱️ T1=809141769.314 ms | Sending gRPC request for task 4 'sum4'
execution-manager-grpc  | [gRPC Channel Pool] Reusing existing channel for localhost:50054 (state=2)
execution-manager-grpc  | [gRPC Client Async] Calling task 'sum4' at localhost:50054
execution-manager-grpc  | [gRPC Client Async] Inputs: {"total_ops": 800, "io_percentage": 50}
execution-manager-grpc  | [gRPC Client Async] Response #1 - Status: COMPLETED
execution-manager-grpc  | 🎉 [T=22191 ms] Task 3 'sum3' COMPLETED
execution-manager-grpc  | [EXECUTION MANAGER] ⏱️ T2=809140769.932 ms | Thread started (server measured)
execution-manager-grpc  | [EXECUTION MANAGER] ⏱️ T3=809142960.096 ms | Task completed (server measured)
execution-manager-grpc  | [EXECUTION MANAGER] ⏱️ T4=809142960.565 ms | Result received by client
execution-manager-grpc  |    [TASK EXECUTION] 2190.163 ms (T3-T2, measured in thread)
execution-manager-grpc  |    [RESULT] {"result": 0}
execution-manager-grpc  | 
execution-manager-grpc  | ╔═══════════════════════════════════════════════════════════════╗
execution-manager-grpc  | ║           END-TO-END TIMING MEASUREMENT RECAP                 ║
execution-manager-grpc  | ║                   Task 3: sum3                                 
execution-manager-grpc  | ╠═══════════════════════════════════════════════════════════════╣
execution-manager-grpc  | ║ T1 (start_request)    = 809140769.370 ms                        ║
execution-manager-grpc  | ║ T2 (end_request)      = 809140769.932 ms                        ║
execution-manager-grpc  | ║ T3 (start_result)     = 809142960.096 ms                        ║
execution-manager-grpc  | ║ T4 (end_result)       = 809142960.565 ms                        ║
execution-manager-grpc  | ╠═══════════════════════════════════════════════════════════════╣
execution-manager-grpc  | ║ METRICS:                                                      ║
execution-manager-grpc  | ║   Request Latency    =        0.563 ms  (T2 - T1)            ║
execution-manager-grpc  | ║   Task Execution     =     2190.163 ms  (T3 - T2)            ║
execution-manager-grpc  | ║   Response Latency   =        0.469 ms  (T4 - T3)            ║
execution-manager-grpc  | ║   Total End-to-End   =     2191.195 ms  (T4 - T1)            ║
execution-manager-grpc  | ║   Network Overhead   =        1.032 ms  (Req + Resp)         ║
execution-manager-grpc  | ╚═══════════════════════════════════════════════════════════════╝
execution-manager-grpc  | 
execution-manager-grpc  | [EPOLL] T=22191 ms: epoll_wait returned 1 event(s)
execution-manager-grpc  | [EPOLL] event[0]: type=2 task=NULL
execution-manager-grpc  | [SCHEDULER] ✅ T=22191 ms: Task 3 'sum3' completed with status 2
execution-manager-grpc  | [SCHEDULER] 🔕 Timeout disarmed for task 3
execution-manager-grpc  | [SCHEDULER] 1 tasks remaining
execution-manager-grpc  | [gRPC Client Async] Stream completed, received 1 responses
execution-manager-grpc  | [GRPC THREAD 3] Completed
execution-manager-grpc  | [gRPC Client Async] Response #1 - Status: COMPLETED
execution-manager-grpc  | 🎉 [T=24382 ms] Task 4 'sum4' COMPLETED
execution-manager-grpc  | [EXECUTION MANAGER] ⏱️ T2=809142960.143 ms | Thread started (server measured)
execution-manager-grpc  | [EXECUTION MANAGER] ⏱️ T3=809145151.148 ms | Task completed (server measured)
execution-manager-grpc  | [EXECUTION MANAGER] ⏱️ T4=809145151.586 ms | Result received by client
execution-manager-grpc  |    [TASK EXECUTION] 2191.005 ms (T3-T2, measured in thread)
execution-manager-grpc  |    [RESULT] {"result": 0}
execution-manager-grpc  | 
execution-manager-grpc  | ╔═══════════════════════════════════════════════════════════════╗
execution-manager-grpc  | ║           END-TO-END TIMING MEASUREMENT RECAP                 ║
execution-manager-grpc  | ║                   Task 4: sum4                                 
execution-manager-grpc  | ╠═══════════════════════════════════════════════════════════════╣
execution-manager-grpc  | ║ T1 (start_request)    = 809141769.314 ms                        ║
execution-manager-grpc  | ║ T2 (end_request)      = 809142960.143 ms                        ║
execution-manager-grpc  | ║ T3 (start_result)     = 809145151.148 ms                        ║
execution-manager-grpc  | ║ T4 (end_result)       = 809145151.586 ms                        ║
execution-manager-grpc  | ╠═══════════════════════════════════════════════════════════════╣
execution-manager-grpc  | ║ METRICS:                                                      ║
execution-manager-grpc  | ║   Request Latency    =     1190.829 ms  (T2 - T1)            ║
execution-manager-grpc  | ║   Task Execution     =     2191.005 ms  (T3 - T2)            ║
execution-manager-grpc  | ║   Response Latency   =        0.439 ms  (T4 - T3)            ║
execution-manager-grpc  | ║   Total End-to-End   =     3382.272 ms  (T4 - T1)            ║
execution-manager-grpc  | ║   Network Overhead   =     1191.268 ms  (Req + Resp)         ║
execution-manager-grpc  | ╚═══════════════════════════════════════════════════════════════╝
execution-manager-grpc  | 
execution-manager-grpc  | [EPOLL] T=24382 ms: epoll_wait returned 1 event(s)
execution-manager-grpc  | [EPOLL] event[0]: type=2 task=NULL
execution-manager-grpc  | [SCHEDULER] ✅ T=24382 ms: Task 4 'sum4' completed with status 2
execution-manager-grpc  | [SCHEDULER] 🔕 Timeout disarmed for task 4
execution-manager-grpc  | [SCHEDULER] 0 tasks remaining
execution-manager-grpc  | 
execution-manager-grpc  | [SCHEDULER] 🏁 Iteration 25/50 complete!
execution-manager-grpc  | [SCHEDULER] Iteration execution time: 24382 ms
execution-manager-grpc  | 
execution-manager-grpc  | 
execution-manager-grpc  | [SCHEDULER] 🔁 ===== ITERATION 26 / 50 =====
execution-manager-grpc  | 
execution-manager-grpc  | [SCHEDULER] 🚀 Schedule started at T=0
execution-manager-grpc  | 
execution-manager-grpc  | [SCHEDULER] 🔄 Entering event loop (NO SLEEP - event-driven!)
execution-manager-grpc  | 
execution-manager-grpc  | [gRPC Client Async] Stream completed, received 1 responses
execution-manager-grpc  | [GRPC THREAD 4] Completed
execution-manager-grpc  | [EPOLL] T=10000 ms: epoll_wait returned 1 event(s)
execution-manager-grpc  | [EPOLL] event[0]: type=0 task=sum1
execution-manager-grpc  | [SCHEDULER] ⏰ T=10000 ms | T_wall=809155151.719 ms: Launching task 1 'sum1' (deadline: 40000 ms)
execution-manager-grpc  | [SCHEDULER] 🕐 Timeout armed for task 1 at T=40000 ms (in 30000 ms)
execution-manager-grpc  | [GRPC THREAD 1] Starting...
execution-manager-grpc  | [EXECUTION MANAGER] ⏱️ T1=809155151.807 ms | Sending gRPC request for task 1 'sum1'
execution-manager-grpc  | [gRPC Channel Pool] Reusing existing channel for localhost:50051 (state=2)
execution-manager-grpc  | [gRPC Client Async] Calling task 'sum1' at localhost:50051
execution-manager-grpc  | [gRPC Client Async] Inputs: {"total_ops": 800, "io_percentage": 50}
execution-manager-grpc  | [EPOLL] T=11000 ms: epoll_wait returned 1 event(s)
execution-manager-grpc  | [EPOLL] event[0]: type=0 task=sum2
execution-manager-grpc  | [SCHEDULER] ⏰ T=11000 ms | T_wall=809156151.725 ms: Launching task 2 'sum2' (deadline: 41000 ms)
execution-manager-grpc  | [SCHEDULER] 🕐 Timeout armed for task 2 at T=41000 ms (in 30000 ms)
execution-manager-grpc  | [GRPC THREAD 2] Starting...
execution-manager-grpc  | [EXECUTION MANAGER] ⏱️ T1=809156151.820 ms | Sending gRPC request for task 2 'sum2'
execution-manager-grpc  | [gRPC Channel Pool] Reusing existing channel for localhost:50052 (state=2)
execution-manager-grpc  | [gRPC Client Async] Calling task 'sum2' at localhost:50052
execution-manager-grpc  | [gRPC Client Async] Inputs: {"total_ops": 800, "io_percentage": 50}
execution-manager-grpc  | [gRPC Client Async] Response #1 - Status: COMPLETED
execution-manager-grpc  | 🎉 [T=13192 ms] Task 2 'sum2' COMPLETED
execution-manager-grpc  | [EXECUTION MANAGER] ⏱️ T2=809156152.348 ms | Thread started (server measured)
execution-manager-grpc  | [EXECUTION MANAGER] ⏱️ T3=809158343.053 ms | Task completed (server measured)
execution-manager-grpc  | [EXECUTION MANAGER] ⏱️ T4=809158343.513 ms | Result received by client
execution-manager-grpc  |    [TASK EXECUTION] 2190.705 ms (T3-T2, measured in thread)
execution-manager-grpc  |    [RESULT] {"result": 0}
execution-manager-grpc  | 
execution-manager-grpc  | ╔═══════════════════════════════════════════════════════════════╗
execution-manager-grpc  | ║           END-TO-END TIMING MEASUREMENT RECAP                 ║
execution-manager-grpc  | ║                   Task 2: sum2                                 
execution-manager-grpc  | ╠═══════════════════════════════════════════════════════════════╣
execution-manager-grpc  | ║ T1 (start_request)    = 809156151.820 ms                        ║
execution-manager-grpc  | ║ T2 (end_request)      = 809156152.348 ms                        ║
execution-manager-grpc  | ║ T3 (start_result)     = 809158343.053 ms                        ║
execution-manager-grpc  | ║ T4 (end_result)       = 809158343.513 ms                        ║
execution-manager-grpc  | ╠═══════════════════════════════════════════════════════════════╣
execution-manager-grpc  | ║ METRICS:                                                      ║
execution-manager-grpc  | ║   Request Latency    =        0.528 ms  (T2 - T1)            ║
execution-manager-grpc  | ║   Task Execution     =     2190.705 ms  (T3 - T2)            ║
execution-manager-grpc  | ║   Response Latency   =        0.461 ms  (T4 - T3)            ║
execution-manager-grpc  | ║   Total End-to-End   =     2191.694 ms  (T4 - T1)            ║
execution-manager-grpc  | ║   Network Overhead   =        0.989 ms  (Req + Resp)         ║
execution-manager-grpc  | ╚═══════════════════════════════════════════════════════════════╝
execution-manager-grpc  | 
execution-manager-grpc  | [EPOLL] T=13192 ms: epoll_wait returned 1 event(s)
execution-manager-grpc  | [EPOLL] event[0]: type=2 task=NULL
execution-manager-grpc  | [SCHEDULER] ✅ T=13192 ms: Task 2 'sum2' completed with status 2
execution-manager-grpc  | [SCHEDULER] 🔕 Timeout disarmed for task 2
execution-manager-grpc  | [SCHEDULER] 3 tasks remaining
execution-manager-grpc  | [gRPC Client Async] Stream completed, received 1 responses
execution-manager-grpc  | [GRPC THREAD 2] Completed
execution-manager-grpc  | [gRPC Client Async] Response #1 - Status: COMPLETED
execution-manager-grpc  | 🎉 [T=14373 ms] Task 1 'sum1' COMPLETED
execution-manager-grpc  | [EXECUTION MANAGER] ⏱️ T2=809155152.391 ms | Thread started (server measured)
execution-manager-grpc  | [EXECUTION MANAGER] ⏱️ T3=809159524.138 ms | Task completed (server measured)
execution-manager-grpc  | [EXECUTION MANAGER] ⏱️ T4=809159524.609 ms | Result received by client
execution-manager-grpc  |    [TASK EXECUTION] 4371.747 ms (T3-T2, measured in thread)
execution-manager-grpc  |    [RESULT] {"result": 0}
execution-manager-grpc  | 
execution-manager-grpc  | ╔═══════════════════════════════════════════════════════════════╗
execution-manager-grpc  | ║           END-TO-END TIMING MEASUREMENT RECAP                 ║
execution-manager-grpc  | ║                   Task 1: sum1                                 
execution-manager-grpc  | ╠═══════════════════════════════════════════════════════════════╣
execution-manager-grpc  | ║ T1 (start_request)    = 809155151.807 ms                        ║
execution-manager-grpc  | ║ T2 (end_request)      = 809155152.391 ms                        ║
execution-manager-grpc  | ║ T3 (start_result)     = 809159524.138 ms                        ║
execution-manager-grpc  | ║ T4 (end_result)       = 809159524.609 ms                        ║
execution-manager-grpc  | ╠═══════════════════════════════════════════════════════════════╣
execution-manager-grpc  | ║ METRICS:                                                      ║
execution-manager-grpc  | ║   Request Latency    =        0.584 ms  (T2 - T1)            ║
execution-manager-grpc  | ║   Task Execution     =     4371.747 ms  (T3 - T2)            ║
execution-manager-grpc  | ║   Response Latency   =        0.471 ms  (T4 - T3)            ║
execution-manager-grpc  | ║   Total End-to-End   =     4372.802 ms  (T4 - T1)            ║
execution-manager-grpc  | ║   Network Overhead   =        1.055 ms  (Req + Resp)         ║
execution-manager-grpc  | ╚═══════════════════════════════════════════════════════════════╝
execution-manager-grpc  | 
execution-manager-grpc  | [EPOLL] T=14373 ms: epoll_wait returned 1 event(s)
execution-manager-grpc  | [EPOLL] event[0]: type=2 task=NULL
execution-manager-grpc  | [SCHEDULER] ✅ T=14373 ms: Task 1 'sum1' completed with status 2
execution-manager-grpc  | [SCHEDULER] 🔕 Timeout disarmed for task 1
execution-manager-grpc  | [SCHEDULER] 2 tasks remaining
execution-manager-grpc  | [gRPC Client Async] Stream completed, received 1 responses
execution-manager-grpc  | [GRPC THREAD 1] Completed
execution-manager-grpc  | [EPOLL] T=20000 ms: epoll_wait returned 1 event(s)
execution-manager-grpc  | [EPOLL] event[0]: type=0 task=sum3
execution-manager-grpc  | [SCHEDULER] ⏰ T=20000 ms | T_wall=809165151.755 ms: Launching task 3 'sum3' (deadline: 50000 ms)
execution-manager-grpc  | [SCHEDULER] 🕐 Timeout armed for task 3 at T=50000 ms (in 30000 ms)
execution-manager-grpc  | [GRPC THREAD 3] Starting...
execution-manager-grpc  | [EXECUTION MANAGER] ⏱️ T1=809165151.841 ms | Sending gRPC request for task 3 'sum3'
execution-manager-grpc  | [gRPC Channel Pool] Reusing existing channel for localhost:50053 (state=2)
execution-manager-grpc  | [gRPC Client Async] Calling task 'sum3' at localhost:50053
execution-manager-grpc  | [gRPC Client Async] Inputs: {"total_ops": 800, "io_percentage": 50}
execution-manager-grpc  | [EPOLL] T=21000 ms: epoll_wait returned 1 event(s)
execution-manager-grpc  | [EPOLL] event[0]: type=0 task=sum4
execution-manager-grpc  | [SCHEDULER] ⏰ T=21000 ms | T_wall=809166151.742 ms: Launching task 4 'sum4' (deadline: 51000 ms)
execution-manager-grpc  | [SCHEDULER] 🕐 Timeout armed for task 4 at T=51000 ms (in 30000 ms)
execution-manager-grpc  | [GRPC THREAD 4] Starting...
execution-manager-grpc  | [EXECUTION MANAGER] ⏱️ T1=809166151.834 ms | Sending gRPC request for task 4 'sum4'
execution-manager-grpc  | [gRPC Channel Pool] Reusing existing channel for localhost:50054 (state=2)
execution-manager-grpc  | [gRPC Client Async] Calling task 'sum4' at localhost:50054
execution-manager-grpc  | [gRPC Client Async] Inputs: {"total_ops": 800, "io_percentage": 50}
execution-manager-grpc  | [gRPC Client Async] Response #1 - Status: COMPLETED
execution-manager-grpc  | 🎉 [T=22192 ms] Task 3 'sum3' COMPLETED
execution-manager-grpc  | [EXECUTION MANAGER] ⏱️ T2=809165153.127 ms | Thread started (server measured)
execution-manager-grpc  | [EXECUTION MANAGER] ⏱️ T3=809167343.458 ms | Task completed (server measured)
execution-manager-grpc  | [EXECUTION MANAGER] ⏱️ T4=809167343.914 ms | Result received by client
execution-manager-grpc  |    [TASK EXECUTION] 2190.331 ms (T3-T2, measured in thread)
execution-manager-grpc  |    [RESULT] {"result": 0}
execution-manager-grpc  | 
execution-manager-grpc  | ╔═══════════════════════════════════════════════════════════════╗
execution-manager-grpc  | ║           END-TO-END TIMING MEASUREMENT RECAP                 ║
execution-manager-grpc  | ║                   Task 3: sum3                                 
execution-manager-grpc  | ╠═══════════════════════════════════════════════════════════════╣
execution-manager-grpc  | ║ T1 (start_request)    = 809165151.841 ms                        ║
execution-manager-grpc  | ║ T2 (end_request)      = 809165153.127 ms                        ║
execution-manager-grpc  | ║ T3 (start_result)     = 809167343.458 ms                        ║
execution-manager-grpc  | ║ T4 (end_result)       = 809167343.914 ms                        ║
execution-manager-grpc  | ╠═══════════════════════════════════════════════════════════════╣
execution-manager-grpc  | ║ METRICS:                                                      ║
execution-manager-grpc  | ║   Request Latency    =        1.286 ms  (T2 - T1)            ║
execution-manager-grpc  | ║   Task Execution     =     2190.331 ms  (T3 - T2)            ║
execution-manager-grpc  | ║   Response Latency   =        0.456 ms  (T4 - T3)            ║
execution-manager-grpc  | ║   Total End-to-End   =     2192.074 ms  (T4 - T1)            ║
execution-manager-grpc  | ║   Network Overhead   =        1.742 ms  (Req + Resp)         ║
execution-manager-grpc  | ╚═══════════════════════════════════════════════════════════════╝
execution-manager-grpc  | 
execution-manager-grpc  | [EPOLL] T=22192 ms: epoll_wait returned 1 event(s)
execution-manager-grpc  | [EPOLL] event[0]: type=2 task=NULL
execution-manager-grpc  | [SCHEDULER] ✅ T=22192 ms: Task 3 'sum3' completed with status 2
execution-manager-grpc  | [SCHEDULER] 🔕 Timeout disarmed for task 3
execution-manager-grpc  | [SCHEDULER] 1 tasks remaining
execution-manager-grpc  | [gRPC Client Async] Stream completed, received 1 responses
execution-manager-grpc  | [GRPC THREAD 3] Completed
execution-manager-grpc  | [gRPC Client Async] Response #1 - Status: COMPLETED
execution-manager-grpc  | 🎉 [T=24384 ms] Task 4 'sum4' COMPLETED
execution-manager-grpc  | [EXECUTION MANAGER] ⏱️ T2=809167343.513 ms | Thread started (server measured)
execution-manager-grpc  | [EXECUTION MANAGER] ⏱️ T3=809169535.341 ms | Task completed (server measured)
execution-manager-grpc  | [EXECUTION MANAGER] ⏱️ T4=809169535.763 ms | Result received by client
execution-manager-grpc  |    [TASK EXECUTION] 2191.828 ms (T3-T2, measured in thread)
execution-manager-grpc  |    [RESULT] {"result": 0}
execution-manager-grpc  | 
execution-manager-grpc  | ╔═══════════════════════════════════════════════════════════════╗
execution-manager-grpc  | ║           END-TO-END TIMING MEASUREMENT RECAP                 ║
execution-manager-grpc  | ║                   Task 4: sum4                                 
execution-manager-grpc  | ╠═══════════════════════════════════════════════════════════════╣
execution-manager-grpc  | ║ T1 (start_request)    = 809166151.834 ms                        ║
execution-manager-grpc  | ║ T2 (end_request)      = 809167343.513 ms                        ║
execution-manager-grpc  | ║ T3 (start_result)     = 809169535.341 ms                        ║
execution-manager-grpc  | ║ T4 (end_result)       = 809169535.763 ms                        ║
execution-manager-grpc  | ╠═══════════════════════════════════════════════════════════════╣
execution-manager-grpc  | ║ METRICS:                                                      ║
execution-manager-grpc  | ║   Request Latency    =     1191.680 ms  (T2 - T1)            ║
execution-manager-grpc  | ║   Task Execution     =     2191.828 ms  (T3 - T2)            ║
execution-manager-grpc  | ║   Response Latency   =        0.422 ms  (T4 - T3)            ║
execution-manager-grpc  | ║   Total End-to-End   =     3383.929 ms  (T4 - T1)            ║
execution-manager-grpc  | ║   Network Overhead   =     1192.101 ms  (Req + Resp)         ║
execution-manager-grpc  | ╚═══════════════════════════════════════════════════════════════╝
execution-manager-grpc  | 
execution-manager-grpc  | [EPOLL] T=24384 ms: epoll_wait returned 1 event(s)
execution-manager-grpc  | [EPOLL] event[0]: type=2 task=NULL
execution-manager-grpc  | [SCHEDULER] ✅ T=24384 ms: Task 4 'sum4' completed with status 2
execution-manager-grpc  | [SCHEDULER] 🔕 Timeout disarmed for task 4
execution-manager-grpc  | [SCHEDULER] 0 tasks remaining
execution-manager-grpc  | 
execution-manager-grpc  | [SCHEDULER] 🏁 Iteration 26/50 complete!
execution-manager-grpc  | [SCHEDULER] Iteration execution time: 24384 ms
execution-manager-grpc  | 
execution-manager-grpc  | 
execution-manager-grpc  | [SCHEDULER] 🔁 ===== ITERATION 27 / 50 =====
execution-manager-grpc  | 
execution-manager-grpc  | [SCHEDULER] 🚀 Schedule started at T=0
execution-manager-grpc  | 
execution-manager-grpc  | [SCHEDULER] 🔄 Entering event loop (NO SLEEP - event-driven!)
execution-manager-grpc  | 
execution-manager-grpc  | [gRPC Client Async] Stream completed, received 1 responses
execution-manager-grpc  | [GRPC THREAD 4] Completed
execution-manager-grpc  | [EPOLL] T=10000 ms: epoll_wait returned 1 event(s)
execution-manager-grpc  | [EPOLL] event[0]: type=0 task=sum1
execution-manager-grpc  | [SCHEDULER] ⏰ T=10000 ms | T_wall=809179535.897 ms: Launching task 1 'sum1' (deadline: 40000 ms)
execution-manager-grpc  | [SCHEDULER] 🕐 Timeout armed for task 1 at T=40000 ms (in 30000 ms)
execution-manager-grpc  | [GRPC THREAD 1] Starting...
execution-manager-grpc  | [EXECUTION MANAGER] ⏱️ T1=809179535.982 ms | Sending gRPC request for task 1 'sum1'
execution-manager-grpc  | [gRPC Channel Pool] Reusing existing channel for localhost:50051 (state=2)
execution-manager-grpc  | [gRPC Client Async] Calling task 'sum1' at localhost:50051
execution-manager-grpc  | [gRPC Client Async] Inputs: {"total_ops": 800, "io_percentage": 50}
execution-manager-grpc  | [EPOLL] T=11000 ms: epoll_wait returned 1 event(s)
execution-manager-grpc  | [EPOLL] event[0]: type=0 task=sum2
execution-manager-grpc  | [SCHEDULER] ⏰ T=11000 ms | T_wall=809180535.906 ms: Launching task 2 'sum2' (deadline: 41000 ms)
execution-manager-grpc  | [SCHEDULER] 🕐 Timeout armed for task 2 at T=41000 ms (in 30000 ms)
execution-manager-grpc  | [GRPC THREAD 2] Starting...
execution-manager-grpc  | [EXECUTION MANAGER] ⏱️ T1=809180535.992 ms | Sending gRPC request for task 2 'sum2'
execution-manager-grpc  | [gRPC Channel Pool] Reusing existing channel for localhost:50052 (state=2)
execution-manager-grpc  | [gRPC Client Async] Calling task 'sum2' at localhost:50052
execution-manager-grpc  | [gRPC Client Async] Inputs: {"total_ops": 800, "io_percentage": 50}
execution-manager-grpc  | [gRPC Client Async] Response #1 - Status: COMPLETED
execution-manager-grpc  | 🎉 [T=13191 ms] Task 2 'sum2' COMPLETED
execution-manager-grpc  | [EXECUTION MANAGER] ⏱️ T2=809180536.533 ms | Thread started (server measured)
execution-manager-grpc  | [EXECUTION MANAGER] ⏱️ T3=809182725.926 ms | Task completed (server measured)
execution-manager-grpc  | [EXECUTION MANAGER] ⏱️ T4=809182726.428 ms | Result received by client
execution-manager-grpc  |    [TASK EXECUTION] 2189.393 ms (T3-T2, measured in thread)
execution-manager-grpc  |    [RESULT] {"result": 0}
execution-manager-grpc  | 
execution-manager-grpc  | ╔═══════════════════════════════════════════════════════════════╗
execution-manager-grpc  | ║           END-TO-END TIMING MEASUREMENT RECAP                 ║
execution-manager-grpc  | ║                   Task 2: sum2                                 
execution-manager-grpc  | ╠═══════════════════════════════════════════════════════════════╣
execution-manager-grpc  | ║ T1 (start_request)    = 809180535.992 ms                        ║
execution-manager-grpc  | ║ T2 (end_request)      = 809180536.533 ms                        ║
execution-manager-grpc  | ║ T3 (start_result)     = 809182725.926 ms                        ║
execution-manager-grpc  | ║ T4 (end_result)       = 809182726.428 ms                        ║
execution-manager-grpc  | ╠═══════════════════════════════════════════════════════════════╣
execution-manager-grpc  | ║ METRICS:                                                      ║
execution-manager-grpc  | ║   Request Latency    =        0.541 ms  (T2 - T1)            ║
execution-manager-grpc  | ║   Task Execution     =     2189.393 ms  (T3 - T2)            ║
execution-manager-grpc  | ║   Response Latency   =        0.503 ms  (T4 - T3)            ║
execution-manager-grpc  | ║   Total End-to-End   =     2190.436 ms  (T4 - T1)            ║
execution-manager-grpc  | ║   Network Overhead   =        1.044 ms  (Req + Resp)         ║
execution-manager-grpc  | ╚═══════════════════════════════════════════════════════════════╝
execution-manager-grpc  | 
execution-manager-grpc  | [EPOLL] T=13191 ms: epoll_wait returned 1 event(s)
execution-manager-grpc  | [EPOLL] event[0]: type=2 task=NULL
execution-manager-grpc  | [SCHEDULER] ✅ T=13191 ms: Task 2 'sum2' completed with status 2
execution-manager-grpc  | [SCHEDULER] 🔕 Timeout disarmed for task 2
execution-manager-grpc  | [SCHEDULER] 3 tasks remaining
execution-manager-grpc  | [gRPC Client Async] Stream completed, received 1 responses
execution-manager-grpc  | [GRPC THREAD 2] Completed
execution-manager-grpc  | [gRPC Client Async] Response #1 - Status: COMPLETED
execution-manager-grpc  | 🎉 [T=14371 ms] Task 1 'sum1' COMPLETED
execution-manager-grpc  | [EXECUTION MANAGER] ⏱️ T2=809179536.834 ms | Thread started (server measured)
execution-manager-grpc  | [EXECUTION MANAGER] ⏱️ T3=809183905.525 ms | Task completed (server measured)
execution-manager-grpc  | [EXECUTION MANAGER] ⏱️ T4=809183906.045 ms | Result received by client
execution-manager-grpc  |    [TASK EXECUTION] 4368.691 ms (T3-T2, measured in thread)
execution-manager-grpc  |    [RESULT] {"result": 0}
execution-manager-grpc  | 
execution-manager-grpc  | ╔═══════════════════════════════════════════════════════════════╗
execution-manager-grpc  | ║           END-TO-END TIMING MEASUREMENT RECAP                 ║
execution-manager-grpc  | ║                   Task 1: sum1                                 
execution-manager-grpc  | ╠═══════════════════════════════════════════════════════════════╣
execution-manager-grpc  | ║ T1 (start_request)    = 809179535.982 ms                        ║
execution-manager-grpc  | ║ T2 (end_request)      = 809179536.834 ms                        ║
execution-manager-grpc  | ║ T3 (start_result)     = 809183905.525 ms                        ║
execution-manager-grpc  | ║ T4 (end_result)       = 809183906.045 ms                        ║
execution-manager-grpc  | ╠═══════════════════════════════════════════════════════════════╣
execution-manager-grpc  | ║ METRICS:                                                      ║
execution-manager-grpc  | ║   Request Latency    =        0.852 ms  (T2 - T1)            ║
execution-manager-grpc  | ║   Task Execution     =     4368.691 ms  (T3 - T2)            ║
execution-manager-grpc  | ║   Response Latency   =        0.520 ms  (T4 - T3)            ║
execution-manager-grpc  | ║   Total End-to-End   =     4370.063 ms  (T4 - T1)            ║
execution-manager-grpc  | ║   Network Overhead   =        1.372 ms  (Req + Resp)         ║
execution-manager-grpc  | ╚═══════════════════════════════════════════════════════════════╝
execution-manager-grpc  | 
execution-manager-grpc  | [EPOLL] T=14371 ms: epoll_wait returned 1 event(s)
execution-manager-grpc  | [EPOLL] event[0]: type=2 task=NULL
execution-manager-grpc  | [SCHEDULER] ✅ T=14371 ms: Task 1 'sum1' completed with status 2
execution-manager-grpc  | [SCHEDULER] 🔕 Timeout disarmed for task 1
execution-manager-grpc  | [SCHEDULER] 2 tasks remaining
execution-manager-grpc  | [gRPC Client Async] Stream completed, received 1 responses
execution-manager-grpc  | [GRPC THREAD 1] Completed
execution-manager-grpc  | [EPOLL] T=20000 ms: epoll_wait returned 1 event(s)
execution-manager-grpc  | [EPOLL] event[0]: type=0 task=sum3
execution-manager-grpc  | [SCHEDULER] ⏰ T=20000 ms | T_wall=809189535.919 ms: Launching task 3 'sum3' (deadline: 50000 ms)
execution-manager-grpc  | [SCHEDULER] 🕐 Timeout armed for task 3 at T=50000 ms (in 30000 ms)
execution-manager-grpc  | [GRPC THREAD 3] Starting...
execution-manager-grpc  | [EXECUTION MANAGER] ⏱️ T1=809189536.007 ms | Sending gRPC request for task 3 'sum3'
execution-manager-grpc  | [gRPC Channel Pool] Reusing existing channel for localhost:50053 (state=2)
execution-manager-grpc  | [gRPC Client Async] Calling task 'sum3' at localhost:50053
execution-manager-grpc  | [gRPC Client Async] Inputs: {"total_ops": 800, "io_percentage": 50}
execution-manager-grpc  | [EPOLL] T=21000 ms: epoll_wait returned 1 event(s)
execution-manager-grpc  | [EPOLL] event[0]: type=0 task=sum4
execution-manager-grpc  | [SCHEDULER] ⏰ T=21000 ms | T_wall=809190535.928 ms: Launching task 4 'sum4' (deadline: 51000 ms)
execution-manager-grpc  | [SCHEDULER] 🕐 Timeout armed for task 4 at T=51000 ms (in 30000 ms)
execution-manager-grpc  | [GRPC THREAD 4] Starting...
execution-manager-grpc  | [EXECUTION MANAGER] ⏱️ T1=809190536.019 ms | Sending gRPC request for task 4 'sum4'
execution-manager-grpc  | [gRPC Channel Pool] Reusing existing channel for localhost:50054 (state=2)
execution-manager-grpc  | [gRPC Client Async] Calling task 'sum4' at localhost:50054
execution-manager-grpc  | [gRPC Client Async] Inputs: {"total_ops": 800, "io_percentage": 50}
execution-manager-grpc  | [gRPC Client Async] Response #1 - Status: COMPLETED
execution-manager-grpc  | 🎉 [T=22190 ms] Task 3 'sum3' COMPLETED
execution-manager-grpc  | [EXECUTION MANAGER] ⏱️ T2=809189537.115 ms | Thread started (server measured)
execution-manager-grpc  | [EXECUTION MANAGER] ⏱️ T3=809191725.022 ms | Task completed (server measured)
execution-manager-grpc  | [EXECUTION MANAGER] ⏱️ T4=809191725.494 ms | Result received by client
execution-manager-grpc  |    [TASK EXECUTION] 2187.907 ms (T3-T2, measured in thread)
execution-manager-grpc  |    [RESULT] {"result": 0}
execution-manager-grpc  | 
execution-manager-grpc  | ╔═══════════════════════════════════════════════════════════════╗
execution-manager-grpc  | ║           END-TO-END TIMING MEASUREMENT RECAP                 ║
execution-manager-grpc  | ║                   Task 3: sum3                                 
execution-manager-grpc  | ╠═══════════════════════════════════════════════════════════════╣
execution-manager-grpc  | ║ T1 (start_request)    = 809189536.007 ms                        ║
execution-manager-grpc  | ║ T2 (end_request)      = 809189537.115 ms                        ║
execution-manager-grpc  | ║ T3 (start_result)     = 809191725.022 ms                        ║
execution-manager-grpc  | ║ T4 (end_result)       = 809191725.494 ms                        ║
execution-manager-grpc  | ╠═══════════════════════════════════════════════════════════════╣
execution-manager-grpc  | ║ METRICS:                                                      ║
execution-manager-grpc  | ║   Request Latency    =        1.108 ms  (T2 - T1)            ║
execution-manager-grpc  | ║   Task Execution     =     2187.907 ms  (T3 - T2)            ║
execution-manager-grpc  | ║   Response Latency   =        0.472 ms  (T4 - T3)            ║
execution-manager-grpc  | ║   Total End-to-End   =     2189.487 ms  (T4 - T1)            ║
execution-manager-grpc  | ║   Network Overhead   =        1.579 ms  (Req + Resp)         ║
execution-manager-grpc  | ╚═══════════════════════════════════════════════════════════════╝
execution-manager-grpc  | 
execution-manager-grpc  | [EPOLL] T=22190 ms: epoll_wait returned 1 event(s)
execution-manager-grpc  | [EPOLL] event[0]: type=2 task=NULL
execution-manager-grpc  | [SCHEDULER] ✅ T=22190 ms: Task 3 'sum3' completed with status 2
execution-manager-grpc  | [SCHEDULER] 🔕 Timeout disarmed for task 3
execution-manager-grpc  | [SCHEDULER] 1 tasks remaining
execution-manager-grpc  | [gRPC Client Async] Stream completed, received 1 responses
execution-manager-grpc  | [GRPC THREAD 3] Completed
execution-manager-grpc  | [gRPC Client Async] Response #1 - Status: COMPLETED
execution-manager-grpc  | 🎉 [T=24379 ms] Task 4 'sum4' COMPLETED
execution-manager-grpc  | [EXECUTION MANAGER] ⏱️ T2=809191725.079 ms | Thread started (server measured)
execution-manager-grpc  | [EXECUTION MANAGER] ⏱️ T3=809193913.812 ms | Task completed (server measured)
execution-manager-grpc  | [EXECUTION MANAGER] ⏱️ T4=809193914.188 ms | Result received by client
execution-manager-grpc  |    [TASK EXECUTION] 2188.733 ms (T3-T2, measured in thread)
execution-manager-grpc  |    [RESULT] {"result": 0}
execution-manager-grpc  | 
execution-manager-grpc  | ╔═══════════════════════════════════════════════════════════════╗
execution-manager-grpc  | ║           END-TO-END TIMING MEASUREMENT RECAP                 ║
execution-manager-grpc  | ║                   Task 4: sum4                                 
execution-manager-grpc  | ╠═══════════════════════════════════════════════════════════════╣
execution-manager-grpc  | ║ T1 (start_request)    = 809190536.019 ms                        ║
execution-manager-grpc  | ║ T2 (end_request)      = 809191725.079 ms                        ║
execution-manager-grpc  | ║ T3 (start_result)     = 809193913.812 ms                        ║
execution-manager-grpc  | ║ T4 (end_result)       = 809193914.188 ms                        ║
execution-manager-grpc  | ╠═══════════════════════════════════════════════════════════════╣
execution-manager-grpc  | ║ METRICS:                                                      ║
execution-manager-grpc  | ║   Request Latency    =     1189.060 ms  (T2 - T1)            ║
execution-manager-grpc  | ║   Task Execution     =     2188.733 ms  (T3 - T2)            ║
execution-manager-grpc  | ║   Response Latency   =        0.376 ms  (T4 - T3)            ║
execution-manager-grpc  | ║   Total End-to-End   =     3378.169 ms  (T4 - T1)            ║
execution-manager-grpc  | ║   Network Overhead   =     1189.436 ms  (Req + Resp)         ║
execution-manager-grpc  | ╚═══════════════════════════════════════════════════════════════╝
execution-manager-grpc  | 
execution-manager-grpc  | [EPOLL] T=24379 ms: epoll_wait returned 1 event(s)
execution-manager-grpc  | [EPOLL] event[0]: type=2 task=NULL
execution-manager-grpc  | [SCHEDULER] ✅ T=24379 ms: Task 4 'sum4' completed with status 2
execution-manager-grpc  | [SCHEDULER] 🔕 Timeout disarmed for task 4
execution-manager-grpc  | [SCHEDULER] 0 tasks remaining
execution-manager-grpc  | 
execution-manager-grpc  | [SCHEDULER] 🏁 Iteration 27/50 complete!
execution-manager-grpc  | [SCHEDULER] Iteration execution time: 24379 ms
execution-manager-grpc  | 
execution-manager-grpc  | 
execution-manager-grpc  | [SCHEDULER] 🔁 ===== ITERATION 28 / 50 =====
execution-manager-grpc  | 
execution-manager-grpc  | [SCHEDULER] 🚀 Schedule started at T=0
execution-manager-grpc  | 
execution-manager-grpc  | [SCHEDULER] 🔄 Entering event loop (NO SLEEP - event-driven!)
execution-manager-grpc  | 
execution-manager-grpc  | [gRPC Client Async] Stream completed, received 1 responses
execution-manager-grpc  | [GRPC THREAD 4] Completed
execution-manager-grpc  | [EPOLL] T=10000 ms: epoll_wait returned 1 event(s)
execution-manager-grpc  | [EPOLL] event[0]: type=0 task=sum1
execution-manager-grpc  | [SCHEDULER] ⏰ T=10000 ms | T_wall=809203914.319 ms: Launching task 1 'sum1' (deadline: 40000 ms)
execution-manager-grpc  | [SCHEDULER] 🕐 Timeout armed for task 1 at T=40000 ms (in 30000 ms)
execution-manager-grpc  | [GRPC THREAD 1] Starting...
execution-manager-grpc  | [EXECUTION MANAGER] ⏱️ T1=809203914.405 ms | Sending gRPC request for task 1 'sum1'
execution-manager-grpc  | [gRPC Channel Pool] Reusing existing channel for localhost:50051 (state=2)
execution-manager-grpc  | [gRPC Client Async] Calling task 'sum1' at localhost:50051
execution-manager-grpc  | [gRPC Client Async] Inputs: {"total_ops": 800, "io_percentage": 50}
execution-manager-grpc  | [EPOLL] T=11000 ms: epoll_wait returned 1 event(s)
execution-manager-grpc  | [EPOLL] event[0]: type=0 task=sum2
execution-manager-grpc  | [SCHEDULER] ⏰ T=11000 ms | T_wall=809204914.329 ms: Launching task 2 'sum2' (deadline: 41000 ms)
execution-manager-grpc  | [SCHEDULER] 🕐 Timeout armed for task 2 at T=41000 ms (in 30000 ms)
execution-manager-grpc  | [GRPC THREAD 2] Starting...
execution-manager-grpc  | [EXECUTION MANAGER] ⏱️ T1=809204914.420 ms | Sending gRPC request for task 2 'sum2'
execution-manager-grpc  | [gRPC Channel Pool] Reusing existing channel for localhost:50052 (state=2)
execution-manager-grpc  | [gRPC Client Async] Calling task 'sum2' at localhost:50052
execution-manager-grpc  | [gRPC Client Async] Inputs: {"total_ops": 800, "io_percentage": 50}
execution-manager-grpc  | [gRPC Client Async] Response #1 - Status: COMPLETED
execution-manager-grpc  | 🎉 [T=13189 ms] Task 2 'sum2' COMPLETED
execution-manager-grpc  | [EXECUTION MANAGER] ⏱️ T2=809204914.945 ms | Thread started (server measured)
execution-manager-grpc  | [EXECUTION MANAGER] ⏱️ T3=809207102.893 ms | Task completed (server measured)
execution-manager-grpc  | [EXECUTION MANAGER] ⏱️ T4=809207103.385 ms | Result received by client
execution-manager-grpc  |    [TASK EXECUTION] 2187.947 ms (T3-T2, measured in thread)
execution-manager-grpc  |    [RESULT] {"result": 0}
execution-manager-grpc  | 
execution-manager-grpc  | ╔═══════════════════════════════════════════════════════════════╗
execution-manager-grpc  | ║           END-TO-END TIMING MEASUREMENT RECAP                 ║
execution-manager-grpc  | ║                   Task 2: sum2                                 
execution-manager-grpc  | ╠═══════════════════════════════════════════════════════════════╣
execution-manager-grpc  | ║ T1 (start_request)    = 809204914.420 ms                        ║
execution-manager-grpc  | ║ T2 (end_request)      = 809204914.945 ms                        ║
execution-manager-grpc  | ║ T3 (start_result)     = 809207102.893 ms                        ║
execution-manager-grpc  | ║ T4 (end_result)       = 809207103.385 ms                        ║
execution-manager-grpc  | ╠═══════════════════════════════════════════════════════════════╣
execution-manager-grpc  | ║ METRICS:                                                      ║
execution-manager-grpc  | ║   Request Latency    =        0.526 ms  (T2 - T1)            ║
execution-manager-grpc  | ║   Task Execution     =     2187.947 ms  (T3 - T2)            ║
execution-manager-grpc  | ║   Response Latency   =        0.492 ms  (T4 - T3)            ║
execution-manager-grpc  | ║   Total End-to-End   =     2188.965 ms  (T4 - T1)            ║
execution-manager-grpc  | ║   Network Overhead   =        1.018 ms  (Req + Resp)         ║
execution-manager-grpc  | ╚═══════════════════════════════════════════════════════════════╝
execution-manager-grpc  | 
execution-manager-grpc  | [EPOLL] T=13189 ms: epoll_wait returned 1 event(s)
execution-manager-grpc  | [EPOLL] event[0]: type=2 task=NULL
execution-manager-grpc  | [SCHEDULER] ✅ T=13189 ms: Task 2 'sum2' completed with status 2
execution-manager-grpc  | [SCHEDULER] 🔕 Timeout disarmed for task 2
execution-manager-grpc  | [SCHEDULER] 3 tasks remaining
execution-manager-grpc  | [gRPC Client Async] Stream completed, received 1 responses
execution-manager-grpc  | [GRPC THREAD 2] Completed
execution-manager-grpc  | [gRPC Client Async] Response #1 - Status: COMPLETED
execution-manager-grpc  | 🎉 [T=14369 ms] Task 1 'sum1' COMPLETED
execution-manager-grpc  | [EXECUTION MANAGER] ⏱️ T2=809203915.202 ms | Thread started (server measured)
execution-manager-grpc  | [EXECUTION MANAGER] ⏱️ T3=809208282.719 ms | Task completed (server measured)
execution-manager-grpc  | [EXECUTION MANAGER] ⏱️ T4=809208283.222 ms | Result received by client
execution-manager-grpc  |    [TASK EXECUTION] 4367.517 ms (T3-T2, measured in thread)
execution-manager-grpc  |    [RESULT] {"result": 0}
execution-manager-grpc  | 
execution-manager-grpc  | ╔═══════════════════════════════════════════════════════════════╗
execution-manager-grpc  | ║           END-TO-END TIMING MEASUREMENT RECAP                 ║
execution-manager-grpc  | ║                   Task 1: sum1                                 
execution-manager-grpc  | ╠═══════════════════════════════════════════════════════════════╣
execution-manager-grpc  | ║ T1 (start_request)    = 809203914.405 ms                        ║
execution-manager-grpc  | ║ T2 (end_request)      = 809203915.202 ms                        ║
execution-manager-grpc  | ║ T3 (start_result)     = 809208282.719 ms                        ║
execution-manager-grpc  | ║ T4 (end_result)       = 809208283.222 ms                        ║
execution-manager-grpc  | ╠═══════════════════════════════════════════════════════════════╣
execution-manager-grpc  | ║ METRICS:                                                      ║
execution-manager-grpc  | ║   Request Latency    =        0.797 ms  (T2 - T1)            ║
execution-manager-grpc  | ║   Task Execution     =     4367.517 ms  (T3 - T2)            ║
execution-manager-grpc  | ║   Response Latency   =        0.502 ms  (T4 - T3)            ║
execution-manager-grpc  | ║   Total End-to-End   =     4368.817 ms  (T4 - T1)            ║
execution-manager-grpc  | ║   Network Overhead   =        1.299 ms  (Req + Resp)         ║
execution-manager-grpc  | ╚═══════════════════════════════════════════════════════════════╝
execution-manager-grpc  | 
execution-manager-grpc  | [EPOLL] T=14369 ms: epoll_wait returned 1 event(s)
execution-manager-grpc  | [EPOLL] event[0]: type=2 task=NULL
execution-manager-grpc  | [SCHEDULER] ✅ T=14369 ms: Task 1 'sum1' completed with status 2
execution-manager-grpc  | [SCHEDULER] 🔕 Timeout disarmed for task 1
execution-manager-grpc  | [SCHEDULER] 2 tasks remaining
execution-manager-grpc  | [gRPC Client Async] Stream completed, received 1 responses
execution-manager-grpc  | [GRPC THREAD 1] Completed
execution-manager-grpc  | [EPOLL] T=20000 ms: epoll_wait returned 1 event(s)
execution-manager-grpc  | [EPOLL] event[0]: type=0 task=sum3
execution-manager-grpc  | [SCHEDULER] ⏰ T=20000 ms | T_wall=809213914.395 ms: Launching task 3 'sum3' (deadline: 50000 ms)
execution-manager-grpc  | [SCHEDULER] 🕐 Timeout armed for task 3 at T=50000 ms (in 30000 ms)
execution-manager-grpc  | [GRPC THREAD 3] Starting...
execution-manager-grpc  | [EXECUTION MANAGER] ⏱️ T1=809213914.500 ms | Sending gRPC request for task 3 'sum3'
execution-manager-grpc  | [gRPC Channel Pool] Reusing existing channel for localhost:50053 (state=2)
execution-manager-grpc  | [gRPC Client Async] Calling task 'sum3' at localhost:50053
execution-manager-grpc  | [gRPC Client Async] Inputs: {"total_ops": 800, "io_percentage": 50}
execution-manager-grpc  | [EPOLL] T=21000 ms: epoll_wait returned 1 event(s)
execution-manager-grpc  | [EPOLL] event[0]: type=0 task=sum4
execution-manager-grpc  | [SCHEDULER] ⏰ T=21000 ms | T_wall=809214914.363 ms: Launching task 4 'sum4' (deadline: 51000 ms)
execution-manager-grpc  | [SCHEDULER] 🕐 Timeout armed for task 4 at T=51000 ms (in 30000 ms)
execution-manager-grpc  | [GRPC THREAD 4] Starting...
execution-manager-grpc  | [EXECUTION MANAGER] ⏱️ T1=809214914.518 ms | Sending gRPC request for task 4 'sum4'
execution-manager-grpc  | [gRPC Channel Pool] Reusing existing channel for localhost:50054 (state=2)
execution-manager-grpc  | [gRPC Client Async] Calling task 'sum4' at localhost:50054
execution-manager-grpc  | [gRPC Client Async] Inputs: {"total_ops": 800, "io_percentage": 50}
execution-manager-grpc  | [gRPC Client Async] Response #1 - Status: COMPLETED
execution-manager-grpc  | 🎉 [T=22190 ms] Task 3 'sum3' COMPLETED
execution-manager-grpc  | [EXECUTION MANAGER] ⏱️ T2=809213915.166 ms | Thread started (server measured)
execution-manager-grpc  | [EXECUTION MANAGER] ⏱️ T3=809216103.972 ms | Task completed (server measured)
execution-manager-grpc  | [EXECUTION MANAGER] ⏱️ T4=809216104.487 ms | Result received by client
execution-manager-grpc  |    [TASK EXECUTION] 2188.806 ms (T3-T2, measured in thread)
execution-manager-grpc  |    [RESULT] {"result": 0}
execution-manager-grpc  | 
execution-manager-grpc  | ╔═══════════════════════════════════════════════════════════════╗
execution-manager-grpc  | ║           END-TO-END TIMING MEASUREMENT RECAP                 ║
execution-manager-grpc  | ║                   Task 3: sum3                                 
execution-manager-grpc  | ╠═══════════════════════════════════════════════════════════════╣
execution-manager-grpc  | ║ T1 (start_request)    = 809213914.500 ms                        ║
execution-manager-grpc  | ║ T2 (end_request)      = 809213915.166 ms                        ║
execution-manager-grpc  | ║ T3 (start_result)     = 809216103.972 ms                        ║
execution-manager-grpc  | ║ T4 (end_result)       = 809216104.487 ms                        ║
execution-manager-grpc  | ╠═══════════════════════════════════════════════════════════════╣
execution-manager-grpc  | ║ METRICS:                                                      ║
execution-manager-grpc  | ║   Request Latency    =        0.666 ms  (T2 - T1)            ║
execution-manager-grpc  | ║   Task Execution     =     2188.806 ms  (T3 - T2)            ║
execution-manager-grpc  | ║   Response Latency   =        0.516 ms  (T4 - T3)            ║
execution-manager-grpc  | ║   Total End-to-End   =     2189.988 ms  (T4 - T1)            ║
execution-manager-grpc  | ║   Network Overhead   =        1.182 ms  (Req + Resp)         ║
execution-manager-grpc  | ╚═══════════════════════════════════════════════════════════════╝
execution-manager-grpc  | 
execution-manager-grpc  | [EPOLL] T=22190 ms: epoll_wait returned 1 event(s)
execution-manager-grpc  | [EPOLL] event[0]: type=2 task=NULL
execution-manager-grpc  | [SCHEDULER] ✅ T=22190 ms: Task 3 'sum3' completed with status 2
execution-manager-grpc  | [SCHEDULER] 🔕 Timeout disarmed for task 3
execution-manager-grpc  | [SCHEDULER] 1 tasks remaining
execution-manager-grpc  | [gRPC Client Async] Stream completed, received 1 responses
execution-manager-grpc  | [GRPC THREAD 3] Completed
execution-manager-grpc  | [gRPC Client Async] Response #1 - Status: COMPLETED
execution-manager-grpc  | 🎉 [T=24379 ms] Task 4 'sum4' COMPLETED
execution-manager-grpc  | [EXECUTION MANAGER] ⏱️ T2=809216104.039 ms | Thread started (server measured)
execution-manager-grpc  | [EXECUTION MANAGER] ⏱️ T3=809218293.273 ms | Task completed (server measured)
execution-manager-grpc  | [EXECUTION MANAGER] ⏱️ T4=809218293.740 ms | Result received by client
execution-manager-grpc  |    [TASK EXECUTION] 2189.234 ms (T3-T2, measured in thread)
execution-manager-grpc  |    [RESULT] {"result": 0}
execution-manager-grpc  | 
execution-manager-grpc  | ╔═══════════════════════════════════════════════════════════════╗
execution-manager-grpc  | ║           END-TO-END TIMING MEASUREMENT RECAP                 ║
execution-manager-grpc  | ║                   Task 4: sum4                                 
execution-manager-grpc  | ╠═══════════════════════════════════════════════════════════════╣
execution-manager-grpc  | ║ T1 (start_request)    = 809214914.518 ms                        ║
execution-manager-grpc  | ║ T2 (end_request)      = 809216104.039 ms                        ║
execution-manager-grpc  | ║ T3 (start_result)     = 809218293.273 ms                        ║
execution-manager-grpc  | ║ T4 (end_result)       = 809218293.740 ms                        ║
execution-manager-grpc  | ╠═══════════════════════════════════════════════════════════════╣
execution-manager-grpc  | ║ METRICS:                                                      ║
execution-manager-grpc  | ║   Request Latency    =     1189.520 ms  (T2 - T1)            ║
execution-manager-grpc  | ║   Task Execution     =     2189.234 ms  (T3 - T2)            ║
execution-manager-grpc  | ║   Response Latency   =        0.467 ms  (T4 - T3)            ║
execution-manager-grpc  | ║   Total End-to-End   =     3379.221 ms  (T4 - T1)            ║
execution-manager-grpc  | ║   Network Overhead   =     1189.987 ms  (Req + Resp)         ║
execution-manager-grpc  | ╚═══════════════════════════════════════════════════════════════╝
execution-manager-grpc  | 
execution-manager-grpc  | [EPOLL] T=24379 ms: epoll_wait returned 1 event(s)
execution-manager-grpc  | [EPOLL] event[0]: type=2 task=NULL
execution-manager-grpc  | [SCHEDULER] ✅ T=24379 ms: Task 4 'sum4' completed with status 2
execution-manager-grpc  | [SCHEDULER] 🔕 Timeout disarmed for task 4
execution-manager-grpc  | [SCHEDULER] 0 tasks remaining
execution-manager-grpc  | 
execution-manager-grpc  | [SCHEDULER] 🏁 Iteration 28/50 complete!
execution-manager-grpc  | [SCHEDULER] Iteration execution time: 24379 ms
execution-manager-grpc  | 
execution-manager-grpc  | 
execution-manager-grpc  | [SCHEDULER] 🔁 ===== ITERATION 29 / 50 =====
execution-manager-grpc  | 
execution-manager-grpc  | [SCHEDULER] 🚀 Schedule started at T=0
execution-manager-grpc  | 
execution-manager-grpc  | [SCHEDULER] 🔄 Entering event loop (NO SLEEP - event-driven!)
execution-manager-grpc  | 
execution-manager-grpc  | [gRPC Client Async] Stream completed, received 1 responses
execution-manager-grpc  | [GRPC THREAD 4] Completed
execution-manager-grpc  | [EPOLL] T=10000 ms: epoll_wait returned 1 event(s)
execution-manager-grpc  | [EPOLL] event[0]: type=0 task=sum1
execution-manager-grpc  | [SCHEDULER] ⏰ T=10000 ms | T_wall=809228293.873 ms: Launching task 1 'sum1' (deadline: 40000 ms)
execution-manager-grpc  | [SCHEDULER] 🕐 Timeout armed for task 1 at T=40000 ms (in 30000 ms)
execution-manager-grpc  | [GRPC THREAD 1] Starting...
execution-manager-grpc  | [EXECUTION MANAGER] ⏱️ T1=809228293.952 ms | Sending gRPC request for task 1 'sum1'
execution-manager-grpc  | [gRPC Channel Pool] Reusing existing channel for localhost:50051 (state=2)
execution-manager-grpc  | [gRPC Client Async] Calling task 'sum1' at localhost:50051
execution-manager-grpc  | [gRPC Client Async] Inputs: {"total_ops": 800, "io_percentage": 50}
execution-manager-grpc  | [EPOLL] T=11000 ms: epoll_wait returned 1 event(s)
execution-manager-grpc  | [EPOLL] event[0]: type=0 task=sum2
execution-manager-grpc  | [SCHEDULER] ⏰ T=11000 ms | T_wall=809229293.885 ms: Launching task 2 'sum2' (deadline: 41000 ms)
execution-manager-grpc  | [SCHEDULER] 🕐 Timeout armed for task 2 at T=41000 ms (in 30000 ms)
execution-manager-grpc  | [GRPC THREAD 2] Starting...
execution-manager-grpc  | [EXECUTION MANAGER] ⏱️ T1=809229293.973 ms | Sending gRPC request for task 2 'sum2'
execution-manager-grpc  | [gRPC Channel Pool] Reusing existing channel for localhost:50052 (state=2)
execution-manager-grpc  | [gRPC Client Async] Calling task 'sum2' at localhost:50052
execution-manager-grpc  | [gRPC Client Async] Inputs: {"total_ops": 800, "io_percentage": 50}
execution-manager-grpc  | [gRPC Client Async] Response #1 - Status: COMPLETED
execution-manager-grpc  | 🎉 [T=13190 ms] Task 2 'sum2' COMPLETED
execution-manager-grpc  | [EXECUTION MANAGER] ⏱️ T2=809229294.510 ms | Thread started (server measured)
execution-manager-grpc  | [EXECUTION MANAGER] ⏱️ T3=809231483.363 ms | Task completed (server measured)
execution-manager-grpc  | [EXECUTION MANAGER] ⏱️ T4=809231483.826 ms | Result received by client
execution-manager-grpc  |    [TASK EXECUTION] 2188.852 ms (T3-T2, measured in thread)
execution-manager-grpc  |    [RESULT] {"result": 0}
execution-manager-grpc  | 
execution-manager-grpc  | ╔═══════════════════════════════════════════════════════════════╗
execution-manager-grpc  | ║           END-TO-END TIMING MEASUREMENT RECAP                 ║
execution-manager-grpc  | ║                   Task 2: sum2                                 
execution-manager-grpc  | ╠═══════════════════════════════════════════════════════════════╣
execution-manager-grpc  | ║ T1 (start_request)    = 809229293.973 ms                        ║
execution-manager-grpc  | ║ T2 (end_request)      = 809229294.510 ms                        ║
execution-manager-grpc  | ║ T3 (start_result)     = 809231483.363 ms                        ║
execution-manager-grpc  | ║ T4 (end_result)       = 809231483.826 ms                        ║
execution-manager-grpc  | ╠═══════════════════════════════════════════════════════════════╣
execution-manager-grpc  | ║ METRICS:                                                      ║
execution-manager-grpc  | ║   Request Latency    =        0.538 ms  (T2 - T1)            ║
execution-manager-grpc  | ║   Task Execution     =     2188.852 ms  (T3 - T2)            ║
execution-manager-grpc  | ║   Response Latency   =        0.463 ms  (T4 - T3)            ║
execution-manager-grpc  | ║   Total End-to-End   =     2189.853 ms  (T4 - T1)            ║
execution-manager-grpc  | ║   Network Overhead   =        1.001 ms  (Req + Resp)         ║
execution-manager-grpc  | ╚═══════════════════════════════════════════════════════════════╝
execution-manager-grpc  | 
execution-manager-grpc  | [EPOLL] T=13190 ms: epoll_wait returned 1 event(s)
execution-manager-grpc  | [EPOLL] event[0]: type=2 task=NULL
execution-manager-grpc  | [SCHEDULER] ✅ T=13190 ms: Task 2 'sum2' completed with status 2
execution-manager-grpc  | [SCHEDULER] 🔕 Timeout disarmed for task 2
execution-manager-grpc  | [SCHEDULER] 3 tasks remaining
execution-manager-grpc  | [gRPC Client Async] Stream completed, received 1 responses
execution-manager-grpc  | [GRPC THREAD 2] Completed
execution-manager-grpc  | [gRPC Client Async] Response #1 - Status: COMPLETED
execution-manager-grpc  | 🎉 [T=14369 ms] Task 1 'sum1' COMPLETED
execution-manager-grpc  | [EXECUTION MANAGER] ⏱️ T2=809228294.970 ms | Thread started (server measured)
execution-manager-grpc  | [EXECUTION MANAGER] ⏱️ T3=809232662.170 ms | Task completed (server measured)
execution-manager-grpc  | [EXECUTION MANAGER] ⏱️ T4=809232662.670 ms | Result received by client
execution-manager-grpc  |    [TASK EXECUTION] 4367.200 ms (T3-T2, measured in thread)
execution-manager-grpc  |    [RESULT] {"result": 0}
execution-manager-grpc  | 
execution-manager-grpc  | ╔═══════════════════════════════════════════════════════════════╗
execution-manager-grpc  | ║           END-TO-END TIMING MEASUREMENT RECAP                 ║
execution-manager-grpc  | ║                   Task 1: sum1                                 
execution-manager-grpc  | ╠═══════════════════════════════════════════════════════════════╣
execution-manager-grpc  | ║ T1 (start_request)    = 809228293.952 ms                        ║
execution-manager-grpc  | ║ T2 (end_request)      = 809228294.970 ms                        ║
execution-manager-grpc  | ║ T3 (start_result)     = 809232662.170 ms                        ║
execution-manager-grpc  | ║ T4 (end_result)       = 809232662.670 ms                        ║
execution-manager-grpc  | ╠═══════════════════════════════════════════════════════════════╣
execution-manager-grpc  | ║ METRICS:                                                      ║
execution-manager-grpc  | ║   Request Latency    =        1.018 ms  (T2 - T1)            ║
execution-manager-grpc  | ║   Task Execution     =     4367.200 ms  (T3 - T2)            ║
execution-manager-grpc  | ║   Response Latency   =        0.500 ms  (T4 - T3)            ║
execution-manager-grpc  | ║   Total End-to-End   =     4368.717 ms  (T4 - T1)            ║
execution-manager-grpc  | ║   Network Overhead   =        1.518 ms  (Req + Resp)         ║
execution-manager-grpc  | ╚═══════════════════════════════════════════════════════════════╝
execution-manager-grpc  | 
execution-manager-grpc  | [EPOLL] T=14369 ms: epoll_wait returned 1 event(s)
execution-manager-grpc  | [EPOLL] event[0]: type=2 task=NULL
execution-manager-grpc  | [SCHEDULER] ✅ T=14369 ms: Task 1 'sum1' completed with status 2
execution-manager-grpc  | [SCHEDULER] 🔕 Timeout disarmed for task 1
execution-manager-grpc  | [SCHEDULER] 2 tasks remaining
execution-manager-grpc  | [gRPC Client Async] Stream completed, received 1 responses
execution-manager-grpc  | [GRPC THREAD 1] Completed
execution-manager-grpc  | [EPOLL] T=20000 ms: epoll_wait returned 1 event(s)
execution-manager-grpc  | [EPOLL] event[0]: type=0 task=sum3
execution-manager-grpc  | [SCHEDULER] ⏰ T=20000 ms | T_wall=809238293.901 ms: Launching task 3 'sum3' (deadline: 50000 ms)
execution-manager-grpc  | [SCHEDULER] 🕐 Timeout armed for task 3 at T=50000 ms (in 30000 ms)
execution-manager-grpc  | [GRPC THREAD 3] Starting...
execution-manager-grpc  | [EXECUTION MANAGER] ⏱️ T1=809238293.986 ms | Sending gRPC request for task 3 'sum3'
execution-manager-grpc  | [gRPC Channel Pool] Reusing existing channel for localhost:50053 (state=2)
execution-manager-grpc  | [gRPC Client Async] Calling task 'sum3' at localhost:50053
execution-manager-grpc  | [gRPC Client Async] Inputs: {"total_ops": 800, "io_percentage": 50}
execution-manager-grpc  | [EPOLL] T=21000 ms: epoll_wait returned 1 event(s)
execution-manager-grpc  | [EPOLL] event[0]: type=0 task=sum4
execution-manager-grpc  | [SCHEDULER] ⏰ T=21000 ms | T_wall=809239293.909 ms: Launching task 4 'sum4' (deadline: 51000 ms)
execution-manager-grpc  | [SCHEDULER] 🕐 Timeout armed for task 4 at T=51000 ms (in 30000 ms)
execution-manager-grpc  | [GRPC THREAD 4] Starting...
execution-manager-grpc  | [EXECUTION MANAGER] ⏱️ T1=809239293.999 ms | Sending gRPC request for task 4 'sum4'
execution-manager-grpc  | [gRPC Channel Pool] Reusing existing channel for localhost:50054 (state=2)
execution-manager-grpc  | [gRPC Client Async] Calling task 'sum4' at localhost:50054
execution-manager-grpc  | [gRPC Client Async] Inputs: {"total_ops": 800, "io_percentage": 50}
execution-manager-grpc  | [gRPC Client Async] Response #1 - Status: COMPLETED
execution-manager-grpc  | 🎉 [T=22191 ms] Task 3 'sum3' COMPLETED
execution-manager-grpc  | [EXECUTION MANAGER] ⏱️ T2=809238294.916 ms | Thread started (server measured)
execution-manager-grpc  | [EXECUTION MANAGER] ⏱️ T3=809240484.010 ms | Task completed (server measured)
execution-manager-grpc  | [EXECUTION MANAGER] ⏱️ T4=809240484.480 ms | Result received by client
execution-manager-grpc  |    [TASK EXECUTION] 2189.095 ms (T3-T2, measured in thread)
execution-manager-grpc  |    [RESULT] {"result": 0}
execution-manager-grpc  | 
execution-manager-grpc  | ╔═══════════════════════════════════════════════════════════════╗
execution-manager-grpc  | ║           END-TO-END TIMING MEASUREMENT RECAP                 ║
execution-manager-grpc  | ║                   Task 3: sum3                                 
execution-manager-grpc  | ╠═══════════════════════════════════════════════════════════════╣
execution-manager-grpc  | ║ T1 (start_request)    = 809238293.986 ms                        ║
execution-manager-grpc  | ║ T2 (end_request)      = 809238294.916 ms                        ║
execution-manager-grpc  | ║ T3 (start_result)     = 809240484.010 ms                        ║
execution-manager-grpc  | ║ T4 (end_result)       = 809240484.480 ms                        ║
execution-manager-grpc  | ╠═══════════════════════════════════════════════════════════════╣
execution-manager-grpc  | ║ METRICS:                                                      ║
execution-manager-grpc  | ║   Request Latency    =        0.930 ms  (T2 - T1)            ║
execution-manager-grpc  | ║   Task Execution     =     2189.095 ms  (T3 - T2)            ║
execution-manager-grpc  | ║   Response Latency   =        0.470 ms  (T4 - T3)            ║
execution-manager-grpc  | ║   Total End-to-End   =     2190.495 ms  (T4 - T1)            ║
execution-manager-grpc  | ║   Network Overhead   =        1.400 ms  (Req + Resp)         ║
execution-manager-grpc  | ╚═══════════════════════════════════════════════════════════════╝
execution-manager-grpc  | 
execution-manager-grpc  | [EPOLL] T=22191 ms: epoll_wait returned 1 event(s)
execution-manager-grpc  | [EPOLL] event[0]: type=2 task=NULL
execution-manager-grpc  | [SCHEDULER] ✅ T=22191 ms: Task 3 'sum3' completed with status 2
execution-manager-grpc  | [SCHEDULER] 🔕 Timeout disarmed for task 3
execution-manager-grpc  | [SCHEDULER] 1 tasks remaining
execution-manager-grpc  | [gRPC Client Async] Stream completed, received 1 responses
execution-manager-grpc  | [GRPC THREAD 3] Completed
execution-manager-grpc  | [gRPC Client Async] Response #1 - Status: COMPLETED
execution-manager-grpc  | 🎉 [T=24381 ms] Task 4 'sum4' COMPLETED
execution-manager-grpc  | [EXECUTION MANAGER] ⏱️ T2=809240484.067 ms | Thread started (server measured)
execution-manager-grpc  | [EXECUTION MANAGER] ⏱️ T3=809242673.955 ms | Task completed (server measured)
execution-manager-grpc  | [EXECUTION MANAGER] ⏱️ T4=809242674.383 ms | Result received by client
execution-manager-grpc  |    [TASK EXECUTION] 2189.888 ms (T3-T2, measured in thread)
execution-manager-grpc  |    [RESULT] {"result": 0}
execution-manager-grpc  | 
execution-manager-grpc  | ╔═══════════════════════════════════════════════════════════════╗
execution-manager-grpc  | ║           END-TO-END TIMING MEASUREMENT RECAP                 ║
execution-manager-grpc  | ║                   Task 4: sum4                                 
execution-manager-grpc  | ╠═══════════════════════════════════════════════════════════════╣
execution-manager-grpc  | ║ T1 (start_request)    = 809239293.999 ms                        ║
execution-manager-grpc  | ║ T2 (end_request)      = 809240484.067 ms                        ║
execution-manager-grpc  | ║ T3 (start_result)     = 809242673.955 ms                        ║
execution-manager-grpc  | ║ T4 (end_result)       = 809242674.383 ms                        ║
execution-manager-grpc  | ╠═══════════════════════════════════════════════════════════════╣
execution-manager-grpc  | ║ METRICS:                                                      ║
execution-manager-grpc  | ║   Request Latency    =     1190.067 ms  (T2 - T1)            ║
execution-manager-grpc  | ║   Task Execution     =     2189.888 ms  (T3 - T2)            ║
execution-manager-grpc  | ║   Response Latency   =        0.428 ms  (T4 - T3)            ║
execution-manager-grpc  | ║   Total End-to-End   =     3380.383 ms  (T4 - T1)            ║
execution-manager-grpc  | ║   Network Overhead   =     1190.495 ms  (Req + Resp)         ║
execution-manager-grpc  | ╚═══════════════════════════════════════════════════════════════╝
execution-manager-grpc  | 
execution-manager-grpc  | [EPOLL] T=24381 ms: epoll_wait returned 1 event(s)
execution-manager-grpc  | [EPOLL] event[0]: type=2 task=NULL
execution-manager-grpc  | [SCHEDULER] ✅ T=24381 ms: Task 4 'sum4' completed with status 2
execution-manager-grpc  | [SCHEDULER] 🔕 Timeout disarmed for task 4
execution-manager-grpc  | [SCHEDULER] 0 tasks remaining
execution-manager-grpc  | 
execution-manager-grpc  | [SCHEDULER] 🏁 Iteration 29/50 complete!
execution-manager-grpc  | [SCHEDULER] Iteration execution time: 24381 ms
execution-manager-grpc  | 
execution-manager-grpc  | 
execution-manager-grpc  | [SCHEDULER] 🔁 ===== ITERATION 30 / 50 =====
execution-manager-grpc  | 
execution-manager-grpc  | [SCHEDULER] 🚀 Schedule started at T=0
execution-manager-grpc  | 
execution-manager-grpc  | [SCHEDULER] 🔄 Entering event loop (NO SLEEP - event-driven!)
execution-manager-grpc  | 
execution-manager-grpc  | [gRPC Client Async] Stream completed, received 1 responses
execution-manager-grpc  | [GRPC THREAD 4] Completed
execution-manager-grpc  | [EPOLL] T=10000 ms: epoll_wait returned 1 event(s)
execution-manager-grpc  | [EPOLL] event[0]: type=0 task=sum1
execution-manager-grpc  | [SCHEDULER] ⏰ T=10000 ms | T_wall=809252674.517 ms: Launching task 1 'sum1' (deadline: 40000 ms)
execution-manager-grpc  | [SCHEDULER] 🕐 Timeout armed for task 1 at T=40000 ms (in 30000 ms)
execution-manager-grpc  | [GRPC THREAD 1] Starting...
execution-manager-grpc  | [EXECUTION MANAGER] ⏱️ T1=809252674.594 ms | Sending gRPC request for task 1 'sum1'
execution-manager-grpc  | [gRPC Channel Pool] Reusing existing channel for localhost:50051 (state=2)
execution-manager-grpc  | [gRPC Client Async] Calling task 'sum1' at localhost:50051
execution-manager-grpc  | [gRPC Client Async] Inputs: {"total_ops": 800, "io_percentage": 50}
execution-manager-grpc  | [EPOLL] T=11000 ms: epoll_wait returned 1 event(s)
execution-manager-grpc  | [EPOLL] event[0]: type=0 task=sum2
execution-manager-grpc  | [SCHEDULER] ⏰ T=11000 ms | T_wall=809253674.524 ms: Launching task 2 'sum2' (deadline: 41000 ms)
execution-manager-grpc  | [SCHEDULER] 🕐 Timeout armed for task 2 at T=41000 ms (in 30000 ms)
execution-manager-grpc  | [GRPC THREAD 2] Starting...
execution-manager-grpc  | [EXECUTION MANAGER] ⏱️ T1=809253674.630 ms | Sending gRPC request for task 2 'sum2'
execution-manager-grpc  | [gRPC Channel Pool] Reusing existing channel for localhost:50052 (state=2)
execution-manager-grpc  | [gRPC Client Async] Calling task 'sum2' at localhost:50052
execution-manager-grpc  | [gRPC Client Async] Inputs: {"total_ops": 800, "io_percentage": 50}
execution-manager-grpc  | [gRPC Client Async] Response #1 - Status: COMPLETED
execution-manager-grpc  | 🎉 [T=13192 ms] Task 2 'sum2' COMPLETED
execution-manager-grpc  | [EXECUTION MANAGER] ⏱️ T2=809253675.134 ms | Thread started (server measured)
execution-manager-grpc  | [EXECUTION MANAGER] ⏱️ T3=809255865.698 ms | Task completed (server measured)
execution-manager-grpc  | [EXECUTION MANAGER] ⏱️ T4=809255866.187 ms | Result received by client
execution-manager-grpc  |    [TASK EXECUTION] 2190.565 ms (T3-T2, measured in thread)
execution-manager-grpc  |    [RESULT] {"result": 0}
execution-manager-grpc  | 
execution-manager-grpc  | ╔═══════════════════════════════════════════════════════════════╗
execution-manager-grpc  | ║           END-TO-END TIMING MEASUREMENT RECAP                 ║
execution-manager-grpc  | ║                   Task 2: sum2                                 
execution-manager-grpc  | ╠═══════════════════════════════════════════════════════════════╣
execution-manager-grpc  | ║ T1 (start_request)    = 809253674.630 ms                        ║
execution-manager-grpc  | ║ T2 (end_request)      = 809253675.134 ms                        ║
execution-manager-grpc  | ║ T3 (start_result)     = 809255865.698 ms                        ║
execution-manager-grpc  | ║ T4 (end_result)       = 809255866.187 ms                        ║
execution-manager-grpc  | ╠═══════════════════════════════════════════════════════════════╣
execution-manager-grpc  | ║ METRICS:                                                      ║
execution-manager-grpc  | ║   Request Latency    =        0.504 ms  (T2 - T1)            ║
execution-manager-grpc  | ║   Task Execution     =     2190.565 ms  (T3 - T2)            ║
execution-manager-grpc  | ║   Response Latency   =        0.489 ms  (T4 - T3)            ║
execution-manager-grpc  | ║   Total End-to-End   =     2191.557 ms  (T4 - T1)            ║
execution-manager-grpc  | ║   Network Overhead   =        0.993 ms  (Req + Resp)         ║
execution-manager-grpc  | ╚═══════════════════════════════════════════════════════════════╝
execution-manager-grpc  | 
execution-manager-grpc  | [EPOLL] T=13192 ms: epoll_wait returned 1 event(s)
execution-manager-grpc  | [EPOLL] event[0]: type=2 task=NULL
execution-manager-grpc  | [SCHEDULER] ✅ T=13192 ms: Task 2 'sum2' completed with status 2
execution-manager-grpc  | [SCHEDULER] 🔕 Timeout disarmed for task 2
execution-manager-grpc  | [SCHEDULER] 3 tasks remaining
execution-manager-grpc  | [gRPC Client Async] Stream completed, received 1 responses
execution-manager-grpc  | [GRPC THREAD 2] Completed
execution-manager-grpc  | [gRPC Client Async] Response #1 - Status: COMPLETED
execution-manager-grpc  | 🎉 [T=14372 ms] Task 1 'sum1' COMPLETED
execution-manager-grpc  | [EXECUTION MANAGER] ⏱️ T2=809252675.279 ms | Thread started (server measured)
execution-manager-grpc  | [EXECUTION MANAGER] ⏱️ T3=809257045.591 ms | Task completed (server measured)
execution-manager-grpc  | [EXECUTION MANAGER] ⏱️ T4=809257046.117 ms | Result received by client
execution-manager-grpc  |    [TASK EXECUTION] 4370.312 ms (T3-T2, measured in thread)
execution-manager-grpc  |    [RESULT] {"result": 0}
execution-manager-grpc  | 
execution-manager-grpc  | ╔═══════════════════════════════════════════════════════════════╗
execution-manager-grpc  | ║           END-TO-END TIMING MEASUREMENT RECAP                 ║
execution-manager-grpc  | ║                   Task 1: sum1                                 
execution-manager-grpc  | ╠═══════════════════════════════════════════════════════════════╣
execution-manager-grpc  | ║ T1 (start_request)    = 809252674.594 ms                        ║
execution-manager-grpc  | ║ T2 (end_request)      = 809252675.279 ms                        ║
execution-manager-grpc  | ║ T3 (start_result)     = 809257045.591 ms                        ║
execution-manager-grpc  | ║ T4 (end_result)       = 809257046.117 ms                        ║
execution-manager-grpc  | ╠═══════════════════════════════════════════════════════════════╣
execution-manager-grpc  | ║ METRICS:                                                      ║
execution-manager-grpc  | ║   Request Latency    =        0.685 ms  (T2 - T1)            ║
execution-manager-grpc  | ║   Task Execution     =     4370.312 ms  (T3 - T2)            ║
execution-manager-grpc  | ║   Response Latency   =        0.526 ms  (T4 - T3)            ║
execution-manager-grpc  | ║   Total End-to-End   =     4371.523 ms  (T4 - T1)            ║
execution-manager-grpc  | ║   Network Overhead   =        1.211 ms  (Req + Resp)         ║
execution-manager-grpc  | ╚═══════════════════════════════════════════════════════════════╝
execution-manager-grpc  | 
execution-manager-grpc  | [EPOLL] T=14372 ms: epoll_wait returned 1 event(s)
execution-manager-grpc  | [EPOLL] event[0]: type=2 task=NULL
execution-manager-grpc  | [SCHEDULER] ✅ T=14372 ms: Task 1 'sum1' completed with status 2
execution-manager-grpc  | [SCHEDULER] 🔕 Timeout disarmed for task 1
execution-manager-grpc  | [SCHEDULER] 2 tasks remaining
execution-manager-grpc  | [gRPC Client Async] Stream completed, received 1 responses
execution-manager-grpc  | [GRPC THREAD 1] Completed
execution-manager-grpc  | [EPOLL] T=20000 ms: epoll_wait returned 1 event(s)
execution-manager-grpc  | [EPOLL] event[0]: type=0 task=sum3
execution-manager-grpc  | [SCHEDULER] ⏰ T=20000 ms | T_wall=809262674.538 ms: Launching task 3 'sum3' (deadline: 50000 ms)
execution-manager-grpc  | [SCHEDULER] 🕐 Timeout armed for task 3 at T=50000 ms (in 30000 ms)
execution-manager-grpc  | [GRPC THREAD 3] Starting...
execution-manager-grpc  | [EXECUTION MANAGER] ⏱️ T1=809262674.614 ms | Sending gRPC request for task 3 'sum3'
execution-manager-grpc  | [gRPC Channel Pool] Reusing existing channel for localhost:50053 (state=2)
execution-manager-grpc  | [gRPC Client Async] Calling task 'sum3' at localhost:50053
execution-manager-grpc  | [gRPC Client Async] Inputs: {"total_ops": 800, "io_percentage": 50}
execution-manager-grpc  | [EPOLL] T=21000 ms: epoll_wait returned 1 event(s)
execution-manager-grpc  | [EPOLL] event[0]: type=0 task=sum4
execution-manager-grpc  | [SCHEDULER] ⏰ T=21000 ms | T_wall=809263674.543 ms: Launching task 4 'sum4' (deadline: 51000 ms)
execution-manager-grpc  | [SCHEDULER] 🕐 Timeout armed for task 4 at T=51000 ms (in 30000 ms)
execution-manager-grpc  | [GRPC THREAD 4] Starting...
execution-manager-grpc  | [EXECUTION MANAGER] ⏱️ T1=809263674.645 ms | Sending gRPC request for task 4 'sum4'
execution-manager-grpc  | [gRPC Channel Pool] Reusing existing channel for localhost:50054 (state=2)
execution-manager-grpc  | [gRPC Client Async] Calling task 'sum4' at localhost:50054
execution-manager-grpc  | [gRPC Client Async] Inputs: {"total_ops": 800, "io_percentage": 50}
execution-manager-grpc  | [gRPC Client Async] Response #1 - Status: COMPLETED
execution-manager-grpc  | 🎉 [T=22190 ms] Task 3 'sum3' COMPLETED
execution-manager-grpc  | [EXECUTION MANAGER] ⏱️ T2=809262675.134 ms | Thread started (server measured)
execution-manager-grpc  | [EXECUTION MANAGER] ⏱️ T3=809264864.354 ms | Task completed (server measured)
execution-manager-grpc  | [EXECUTION MANAGER] ⏱️ T4=809264864.852 ms | Result received by client
execution-manager-grpc  |    [TASK EXECUTION] 2189.219 ms (T3-T2, measured in thread)
execution-manager-grpc  |    [RESULT] {"result": 0}
execution-manager-grpc  | 
execution-manager-grpc  | ╔═══════════════════════════════════════════════════════════════╗
execution-manager-grpc  | ║           END-TO-END TIMING MEASUREMENT RECAP                 ║
execution-manager-grpc  | ║                   Task 3: sum3                                 
execution-manager-grpc  | ╠═══════════════════════════════════════════════════════════════╣
execution-manager-grpc  | ║ T1 (start_request)    = 809262674.614 ms                        ║
execution-manager-grpc  | ║ T2 (end_request)      = 809262675.134 ms                        ║
execution-manager-grpc  | ║ T3 (start_result)     = 809264864.354 ms                        ║
execution-manager-grpc  | ║ T4 (end_result)       = 809264864.852 ms                        ║
execution-manager-grpc  | ╠═══════════════════════════════════════════════════════════════╣
execution-manager-grpc  | ║ METRICS:                                                      ║
execution-manager-grpc  | ║   Request Latency    =        0.520 ms  (T2 - T1)            ║
execution-manager-grpc  | ║   Task Execution     =     2189.219 ms  (T3 - T2)            ║
execution-manager-grpc  | ║   Response Latency   =        0.499 ms  (T4 - T3)            ║
execution-manager-grpc  | ║   Total End-to-End   =     2190.238 ms  (T4 - T1)            ║
execution-manager-grpc  | ║   Network Overhead   =        1.019 ms  (Req + Resp)         ║
execution-manager-grpc  | ╚═══════════════════════════════════════════════════════════════╝
execution-manager-grpc  | 
execution-manager-grpc  | [EPOLL] T=22190 ms: epoll_wait returned 1 event(s)
execution-manager-grpc  | [EPOLL] event[0]: type=2 task=NULL
execution-manager-grpc  | [SCHEDULER] ✅ T=22190 ms: Task 3 'sum3' completed with status 2
execution-manager-grpc  | [SCHEDULER] 🔕 Timeout disarmed for task 3
execution-manager-grpc  | [SCHEDULER] 1 tasks remaining
execution-manager-grpc  | [gRPC Client Async] Stream completed, received 1 responses
execution-manager-grpc  | [GRPC THREAD 3] Completed
execution-manager-grpc  | [gRPC Client Async] Response #1 - Status: COMPLETED
execution-manager-grpc  | 🎉 [T=24381 ms] Task 4 'sum4' COMPLETED
execution-manager-grpc  | [EXECUTION MANAGER] ⏱️ T2=809264864.415 ms | Thread started (server measured)
execution-manager-grpc  | [EXECUTION MANAGER] ⏱️ T3=809267055.216 ms | Task completed (server measured)
execution-manager-grpc  | [EXECUTION MANAGER] ⏱️ T4=809267055.681 ms | Result received by client
execution-manager-grpc  |    [TASK EXECUTION] 2190.800 ms (T3-T2, measured in thread)
execution-manager-grpc  |    [RESULT] {"result": 0}
execution-manager-grpc  | 
execution-manager-grpc  | ╔═══════════════════════════════════════════════════════════════╗
execution-manager-grpc  | ║           END-TO-END TIMING MEASUREMENT RECAP                 ║
execution-manager-grpc  | ║                   Task 4: sum4                                 
execution-manager-grpc  | ╠═══════════════════════════════════════════════════════════════╣
execution-manager-grpc  | ║ T1 (start_request)    = 809263674.645 ms                        ║
execution-manager-grpc  | ║ T2 (end_request)      = 809264864.415 ms                        ║
execution-manager-grpc  | ║ T3 (start_result)     = 809267055.216 ms                        ║
execution-manager-grpc  | ║ T4 (end_result)       = 809267055.681 ms                        ║
execution-manager-grpc  | ╠═══════════════════════════════════════════════════════════════╣
execution-manager-grpc  | ║ METRICS:                                                      ║
execution-manager-grpc  | ║   Request Latency    =     1189.770 ms  (T2 - T1)            ║
execution-manager-grpc  | ║   Task Execution     =     2190.800 ms  (T3 - T2)            ║
execution-manager-grpc  | ║   Response Latency   =        0.466 ms  (T4 - T3)            ║
execution-manager-grpc  | ║   Total End-to-End   =     3381.036 ms  (T4 - T1)            ║
execution-manager-grpc  | ║   Network Overhead   =     1190.236 ms  (Req + Resp)         ║
execution-manager-grpc  | ╚═══════════════════════════════════════════════════════════════╝
execution-manager-grpc  | 
execution-manager-grpc  | [EPOLL] T=24381 ms: epoll_wait returned 1 event(s)
execution-manager-grpc  | [EPOLL] event[0]: type=2 task=NULL
execution-manager-grpc  | [SCHEDULER] ✅ T=24381 ms: Task 4 'sum4' completed with status 2
execution-manager-grpc  | [SCHEDULER] 🔕 Timeout disarmed for task 4
execution-manager-grpc  | [SCHEDULER] 0 tasks remaining
execution-manager-grpc  | 
execution-manager-grpc  | [SCHEDULER] 🏁 Iteration 30/50 complete!
execution-manager-grpc  | [SCHEDULER] Iteration execution time: 24381 ms
execution-manager-grpc  | 
execution-manager-grpc  | 
execution-manager-grpc  | [SCHEDULER] 🔁 ===== ITERATION 31 / 50 =====
execution-manager-grpc  | 
execution-manager-grpc  | [SCHEDULER] 🚀 Schedule started at T=0
execution-manager-grpc  | 
execution-manager-grpc  | [SCHEDULER] 🔄 Entering event loop (NO SLEEP - event-driven!)
execution-manager-grpc  | 
execution-manager-grpc  | [gRPC Client Async] Stream completed, received 1 responses
execution-manager-grpc  | [GRPC THREAD 4] Completed
execution-manager-grpc  | [EPOLL] T=10000 ms: epoll_wait returned 1 event(s)
execution-manager-grpc  | [EPOLL] event[0]: type=0 task=sum1
execution-manager-grpc  | [SCHEDULER] ⏰ T=10000 ms | T_wall=809277055.816 ms: Launching task 1 'sum1' (deadline: 40000 ms)
execution-manager-grpc  | [SCHEDULER] 🕐 Timeout armed for task 1 at T=40000 ms (in 30000 ms)
execution-manager-grpc  | [GRPC THREAD 1] Starting...
execution-manager-grpc  | [EXECUTION MANAGER] ⏱️ T1=809277055.897 ms | Sending gRPC request for task 1 'sum1'
execution-manager-grpc  | [gRPC Channel Pool] Reusing existing channel for localhost:50051 (state=2)
execution-manager-grpc  | [gRPC Client Async] Calling task 'sum1' at localhost:50051
execution-manager-grpc  | [gRPC Client Async] Inputs: {"total_ops": 800, "io_percentage": 50}
execution-manager-grpc  | [EPOLL] T=11000 ms: epoll_wait returned 1 event(s)
execution-manager-grpc  | [EPOLL] event[0]: type=0 task=sum2
execution-manager-grpc  | [SCHEDULER] ⏰ T=11000 ms | T_wall=809278055.827 ms: Launching task 2 'sum2' (deadline: 41000 ms)
execution-manager-grpc  | [SCHEDULER] 🕐 Timeout armed for task 2 at T=41000 ms (in 30000 ms)
execution-manager-grpc  | [GRPC THREAD 2] Starting...
execution-manager-grpc  | [EXECUTION MANAGER] ⏱️ T1=809278055.940 ms | Sending gRPC request for task 2 'sum2'
execution-manager-grpc  | [gRPC Channel Pool] Reusing existing channel for localhost:50052 (state=2)
execution-manager-grpc  | [gRPC Client Async] Calling task 'sum2' at localhost:50052
execution-manager-grpc  | [gRPC Client Async] Inputs: {"total_ops": 800, "io_percentage": 50}
execution-manager-grpc  | [gRPC Client Async] Response #1 - Status: COMPLETED
execution-manager-grpc  | 🎉 [T=13192 ms] Task 2 'sum2' COMPLETED
execution-manager-grpc  | [EXECUTION MANAGER] ⏱️ T2=809278056.462 ms | Thread started (server measured)
execution-manager-grpc  | [EXECUTION MANAGER] ⏱️ T3=809280246.995 ms | Task completed (server measured)
execution-manager-grpc  | [EXECUTION MANAGER] ⏱️ T4=809280247.513 ms | Result received by client
execution-manager-grpc  |    [TASK EXECUTION] 2190.532 ms (T3-T2, measured in thread)
execution-manager-grpc  |    [RESULT] {"result": 0}
execution-manager-grpc  | 
execution-manager-grpc  | ╔═══════════════════════════════════════════════════════════════╗
execution-manager-grpc  | ║           END-TO-END TIMING MEASUREMENT RECAP                 ║
execution-manager-grpc  | ║                   Task 2: sum2                                 
execution-manager-grpc  | ╠═══════════════════════════════════════════════════════════════╣
execution-manager-grpc  | ║ T1 (start_request)    = 809278055.940 ms                        ║
execution-manager-grpc  | ║ T2 (end_request)      = 809278056.462 ms                        ║
execution-manager-grpc  | ║ T3 (start_result)     = 809280246.995 ms                        ║
execution-manager-grpc  | ║ T4 (end_result)       = 809280247.513 ms                        ║
execution-manager-grpc  | ╠═══════════════════════════════════════════════════════════════╣
execution-manager-grpc  | ║ METRICS:                                                      ║
execution-manager-grpc  | ║   Request Latency    =        0.522 ms  (T2 - T1)            ║
execution-manager-grpc  | ║   Task Execution     =     2190.532 ms  (T3 - T2)            ║
execution-manager-grpc  | ║   Response Latency   =        0.518 ms  (T4 - T3)            ║
execution-manager-grpc  | ║   Total End-to-End   =     2191.573 ms  (T4 - T1)            ║
execution-manager-grpc  | ║   Network Overhead   =        1.040 ms  (Req + Resp)         ║
execution-manager-grpc  | ╚═══════════════════════════════════════════════════════════════╝
execution-manager-grpc  | 
execution-manager-grpc  | [EPOLL] T=13192 ms: epoll_wait returned 1 event(s)
execution-manager-grpc  | [EPOLL] event[0]: type=2 task=NULL
execution-manager-grpc  | [SCHEDULER] ✅ T=13192 ms: Task 2 'sum2' completed with status 2
execution-manager-grpc  | [SCHEDULER] 🔕 Timeout disarmed for task 2
execution-manager-grpc  | [SCHEDULER] 3 tasks remaining
execution-manager-grpc  | [gRPC Client Async] Stream completed, received 1 responses
execution-manager-grpc  | [GRPC THREAD 2] Completed
execution-manager-grpc  | [gRPC Client Async] Response #1 - Status: COMPLETED
execution-manager-grpc  | 🎉 [T=14373 ms] Task 1 'sum1' COMPLETED
execution-manager-grpc  | [EXECUTION MANAGER] ⏱️ T2=809277056.574 ms | Thread started (server measured)
execution-manager-grpc  | [EXECUTION MANAGER] ⏱️ T3=809281427.739 ms | Task completed (server measured)
execution-manager-grpc  | [EXECUTION MANAGER] ⏱️ T4=809281428.200 ms | Result received by client
execution-manager-grpc  |    [TASK EXECUTION] 4371.165 ms (T3-T2, measured in thread)
execution-manager-grpc  |    [RESULT] {"result": 0}
execution-manager-grpc  | 
execution-manager-grpc  | ╔═══════════════════════════════════════════════════════════════╗
execution-manager-grpc  | ║           END-TO-END TIMING MEASUREMENT RECAP                 ║
execution-manager-grpc  | ║                   Task 1: sum1                                 
execution-manager-grpc  | ╠═══════════════════════════════════════════════════════════════╣
execution-manager-grpc  | ║ T1 (start_request)    = 809277055.897 ms                        ║
execution-manager-grpc  | ║ T2 (end_request)      = 809277056.574 ms                        ║
execution-manager-grpc  | ║ T3 (start_result)     = 809281427.739 ms                        ║
execution-manager-grpc  | ║ T4 (end_result)       = 809281428.200 ms                        ║
execution-manager-grpc  | ╠═══════════════════════════════════════════════════════════════╣
execution-manager-grpc  | ║ METRICS:                                                      ║
execution-manager-grpc  | ║   Request Latency    =        0.678 ms  (T2 - T1)            ║
execution-manager-grpc  | ║   Task Execution     =     4371.165 ms  (T3 - T2)            ║
execution-manager-grpc  | ║   Response Latency   =        0.461 ms  (T4 - T3)            ║
execution-manager-grpc  | ║   Total End-to-End   =     4372.304 ms  (T4 - T1)            ║
execution-manager-grpc  | ║   Network Overhead   =        1.139 ms  (Req + Resp)         ║
execution-manager-grpc  | ╚═══════════════════════════════════════════════════════════════╝
execution-manager-grpc  | 
execution-manager-grpc  | [EPOLL] T=14373 ms: epoll_wait returned 1 event(s)
execution-manager-grpc  | [EPOLL] event[0]: type=2 task=NULL
execution-manager-grpc  | [SCHEDULER] ✅ T=14373 ms: Task 1 'sum1' completed with status 2
execution-manager-grpc  | [SCHEDULER] 🔕 Timeout disarmed for task 1
execution-manager-grpc  | [SCHEDULER] 2 tasks remaining
execution-manager-grpc  | [gRPC Client Async] Stream completed, received 1 responses
execution-manager-grpc  | [GRPC THREAD 1] Completed
execution-manager-grpc  | [EPOLL] T=20000 ms: epoll_wait returned 1 event(s)
execution-manager-grpc  | [EPOLL] event[0]: type=0 task=sum3
execution-manager-grpc  | [SCHEDULER] ⏰ T=20000 ms | T_wall=809287055.848 ms: Launching task 3 'sum3' (deadline: 50000 ms)
execution-manager-grpc  | [SCHEDULER] 🕐 Timeout armed for task 3 at T=50000 ms (in 30000 ms)
execution-manager-grpc  | [GRPC THREAD 3] Starting...
execution-manager-grpc  | [EXECUTION MANAGER] ⏱️ T1=809287055.970 ms | Sending gRPC request for task 3 'sum3'
execution-manager-grpc  | [gRPC Channel Pool] Reusing existing channel for localhost:50053 (state=2)
execution-manager-grpc  | [gRPC Client Async] Calling task 'sum3' at localhost:50053
execution-manager-grpc  | [gRPC Client Async] Inputs: {"total_ops": 800, "io_percentage": 50}
execution-manager-grpc  | [EPOLL] T=21000 ms: epoll_wait returned 1 event(s)
execution-manager-grpc  | [EPOLL] event[0]: type=0 task=sum4
execution-manager-grpc  | [SCHEDULER] ⏰ T=21000 ms | T_wall=809288055.846 ms: Launching task 4 'sum4' (deadline: 51000 ms)
execution-manager-grpc  | [SCHEDULER] 🕐 Timeout armed for task 4 at T=51000 ms (in 30000 ms)
execution-manager-grpc  | [GRPC THREAD 4] Starting...
execution-manager-grpc  | [EXECUTION MANAGER] ⏱️ T1=809288055.955 ms | Sending gRPC request for task 4 'sum4'
execution-manager-grpc  | [gRPC Channel Pool] Reusing existing channel for localhost:50054 (state=2)
execution-manager-grpc  | [gRPC Client Async] Calling task 'sum4' at localhost:50054
execution-manager-grpc  | [gRPC Client Async] Inputs: {"total_ops": 800, "io_percentage": 50}
execution-manager-grpc  | [gRPC Client Async] Response #1 - Status: COMPLETED
execution-manager-grpc  | 🎉 [T=22193 ms] Task 3 'sum3' COMPLETED
execution-manager-grpc  | [EXECUTION MANAGER] ⏱️ T2=809287057.350 ms | Thread started (server measured)
execution-manager-grpc  | [EXECUTION MANAGER] ⏱️ T3=809289248.315 ms | Task completed (server measured)
execution-manager-grpc  | [EXECUTION MANAGER] ⏱️ T4=809289248.754 ms | Result received by client
execution-manager-grpc  |    [TASK EXECUTION] 2190.964 ms (T3-T2, measured in thread)
execution-manager-grpc  |    [RESULT] {"result": 0}
execution-manager-grpc  | 
execution-manager-grpc  | ╔═══════════════════════════════════════════════════════════════╗
execution-manager-grpc  | ║           END-TO-END TIMING MEASUREMENT RECAP                 ║
execution-manager-grpc  | ║                   Task 3: sum3                                 
execution-manager-grpc  | ╠═══════════════════════════════════════════════════════════════╣
execution-manager-grpc  | ║ T1 (start_request)    = 809287055.970 ms                        ║
execution-manager-grpc  | ║ T2 (end_request)      = 809287057.350 ms                        ║
execution-manager-grpc  | ║ T3 (start_result)     = 809289248.315 ms                        ║
execution-manager-grpc  | ║ T4 (end_result)       = 809289248.754 ms                        ║
execution-manager-grpc  | ╠═══════════════════════════════════════════════════════════════╣
execution-manager-grpc  | ║ METRICS:                                                      ║
execution-manager-grpc  | ║   Request Latency    =        1.380 ms  (T2 - T1)            ║
execution-manager-grpc  | ║   Task Execution     =     2190.964 ms  (T3 - T2)            ║
execution-manager-grpc  | ║   Response Latency   =        0.439 ms  (T4 - T3)            ║
execution-manager-grpc  | ║   Total End-to-End   =     2192.783 ms  (T4 - T1)            ║
execution-manager-grpc  | ║   Network Overhead   =        1.819 ms  (Req + Resp)         ║
execution-manager-grpc  | ╚═══════════════════════════════════════════════════════════════╝
execution-manager-grpc  | 
execution-manager-grpc  | [EPOLL] T=22193 ms: epoll_wait returned 1 event(s)
execution-manager-grpc  | [EPOLL] event[0]: type=2 task=NULL
execution-manager-grpc  | [SCHEDULER] ✅ T=22193 ms: Task 3 'sum3' completed with status 2
execution-manager-grpc  | [SCHEDULER] 🔕 Timeout disarmed for task 3
execution-manager-grpc  | [SCHEDULER] 1 tasks remaining
execution-manager-grpc  | [gRPC Client Async] Stream completed, received 1 responses
execution-manager-grpc  | [GRPC THREAD 3] Completed
execution-manager-grpc  | [gRPC Client Async] Response #1 - Status: COMPLETED
execution-manager-grpc  | 🎉 [T=24384 ms] Task 4 'sum4' COMPLETED
execution-manager-grpc  | [EXECUTION MANAGER] ⏱️ T2=809289248.365 ms | Thread started (server measured)
execution-manager-grpc  | [EXECUTION MANAGER] ⏱️ T3=809291439.575 ms | Task completed (server measured)
execution-manager-grpc  | [EXECUTION MANAGER] ⏱️ T4=809291439.991 ms | Result received by client
execution-manager-grpc  |    [TASK EXECUTION] 2191.210 ms (T3-T2, measured in thread)
execution-manager-grpc  |    [RESULT] {"result": 0}
execution-manager-grpc  | 
execution-manager-grpc  | ╔═══════════════════════════════════════════════════════════════╗
execution-manager-grpc  | ║           END-TO-END TIMING MEASUREMENT RECAP                 ║
execution-manager-grpc  | ║                   Task 4: sum4                                 
execution-manager-grpc  | ╠═══════════════════════════════════════════════════════════════╣
execution-manager-grpc  | ║ T1 (start_request)    = 809288055.955 ms                        ║
execution-manager-grpc  | ║ T2 (end_request)      = 809289248.365 ms                        ║
execution-manager-grpc  | ║ T3 (start_result)     = 809291439.575 ms                        ║
execution-manager-grpc  | ║ T4 (end_result)       = 809291439.991 ms                        ║
execution-manager-grpc  | ╠═══════════════════════════════════════════════════════════════╣
execution-manager-grpc  | ║ METRICS:                                                      ║
execution-manager-grpc  | ║   Request Latency    =     1192.410 ms  (T2 - T1)            ║
execution-manager-grpc  | ║   Task Execution     =     2191.210 ms  (T3 - T2)            ║
execution-manager-grpc  | ║   Response Latency   =        0.416 ms  (T4 - T3)            ║
execution-manager-grpc  | ║   Total End-to-End   =     3384.036 ms  (T4 - T1)            ║
execution-manager-grpc  | ║   Network Overhead   =     1192.826 ms  (Req + Resp)         ║
execution-manager-grpc  | ╚═══════════════════════════════════════════════════════════════╝
execution-manager-grpc  | 
execution-manager-grpc  | [EPOLL] T=24385 ms: epoll_wait returned 1 event(s)
execution-manager-grpc  | [EPOLL] event[0]: type=2 task=NULL
execution-manager-grpc  | [SCHEDULER] ✅ T=24385 ms: Task 4 'sum4' completed with status 2
execution-manager-grpc  | [SCHEDULER] 🔕 Timeout disarmed for task 4
execution-manager-grpc  | [SCHEDULER] 0 tasks remaining
execution-manager-grpc  | 
execution-manager-grpc  | [SCHEDULER] 🏁 Iteration 31/50 complete!
execution-manager-grpc  | [SCHEDULER] Iteration execution time: 24385 ms
execution-manager-grpc  | 
execution-manager-grpc  | 
execution-manager-grpc  | [SCHEDULER] 🔁 ===== ITERATION 32 / 50 =====
execution-manager-grpc  | 
execution-manager-grpc  | [SCHEDULER] 🚀 Schedule started at T=0
execution-manager-grpc  | 
execution-manager-grpc  | [SCHEDULER] 🔄 Entering event loop (NO SLEEP - event-driven!)
execution-manager-grpc  | 
execution-manager-grpc  | [gRPC Client Async] Stream completed, received 1 responses
execution-manager-grpc  | [GRPC THREAD 4] Completed
execution-manager-grpc  | [EPOLL] T=10000 ms: epoll_wait returned 1 event(s)
execution-manager-grpc  | [EPOLL] event[0]: type=0 task=sum1
execution-manager-grpc  | [SCHEDULER] ⏰ T=10000 ms | T_wall=809301440.131 ms: Launching task 1 'sum1' (deadline: 40000 ms)
execution-manager-grpc  | [SCHEDULER] 🕐 Timeout armed for task 1 at T=40000 ms (in 30000 ms)
execution-manager-grpc  | [GRPC THREAD 1] Starting...
execution-manager-grpc  | [EXECUTION MANAGER] ⏱️ T1=809301440.211 ms | Sending gRPC request for task 1 'sum1'
execution-manager-grpc  | [gRPC Channel Pool] Reusing existing channel for localhost:50051 (state=2)
execution-manager-grpc  | [gRPC Client Async] Calling task 'sum1' at localhost:50051
execution-manager-grpc  | [gRPC Client Async] Inputs: {"total_ops": 800, "io_percentage": 50}
execution-manager-grpc  | [EPOLL] T=11000 ms: epoll_wait returned 1 event(s)
execution-manager-grpc  | [EPOLL] event[0]: type=0 task=sum2
execution-manager-grpc  | [SCHEDULER] ⏰ T=11000 ms | T_wall=809302440.138 ms: Launching task 2 'sum2' (deadline: 41000 ms)
execution-manager-grpc  | [SCHEDULER] 🕐 Timeout armed for task 2 at T=41000 ms (in 30000 ms)
execution-manager-grpc  | [GRPC THREAD 2] Starting...
execution-manager-grpc  | [EXECUTION MANAGER] ⏱️ T1=809302440.239 ms | Sending gRPC request for task 2 'sum2'
execution-manager-grpc  | [gRPC Channel Pool] Reusing existing channel for localhost:50052 (state=2)
execution-manager-grpc  | [gRPC Client Async] Calling task 'sum2' at localhost:50052
execution-manager-grpc  | [gRPC Client Async] Inputs: {"total_ops": 800, "io_percentage": 50}
execution-manager-grpc  | [gRPC Client Async] Response #1 - Status: COMPLETED
execution-manager-grpc  | 🎉 [T=13191 ms] Task 2 'sum2' COMPLETED
execution-manager-grpc  | [EXECUTION MANAGER] ⏱️ T2=809302440.728 ms | Thread started (server measured)
execution-manager-grpc  | [EXECUTION MANAGER] ⏱️ T3=809304631.168 ms | Task completed (server measured)
execution-manager-grpc  | [EXECUTION MANAGER] ⏱️ T4=809304631.618 ms | Result received by client
execution-manager-grpc  |    [TASK EXECUTION] 2190.441 ms (T3-T2, measured in thread)
execution-manager-grpc  |    [RESULT] {"result": 0}
execution-manager-grpc  | 
execution-manager-grpc  | ╔═══════════════════════════════════════════════════════════════╗
execution-manager-grpc  | ║           END-TO-END TIMING MEASUREMENT RECAP                 ║
execution-manager-grpc  | ║                   Task 2: sum2                                 
execution-manager-grpc  | ╠═══════════════════════════════════════════════════════════════╣
execution-manager-grpc  | ║ T1 (start_request)    = 809302440.239 ms                        ║
execution-manager-grpc  | ║ T2 (end_request)      = 809302440.728 ms                        ║
execution-manager-grpc  | ║ T3 (start_result)     = 809304631.168 ms                        ║
execution-manager-grpc  | ║ T4 (end_result)       = 809304631.618 ms                        ║
execution-manager-grpc  | ╠═══════════════════════════════════════════════════════════════╣
execution-manager-grpc  | ║ METRICS:                                                      ║
execution-manager-grpc  | ║   Request Latency    =        0.489 ms  (T2 - T1)            ║
execution-manager-grpc  | ║   Task Execution     =     2190.441 ms  (T3 - T2)            ║
execution-manager-grpc  | ║   Response Latency   =        0.449 ms  (T4 - T3)            ║
execution-manager-grpc  | ║   Total End-to-End   =     2191.379 ms  (T4 - T1)            ║
execution-manager-grpc  | ║   Network Overhead   =        0.938 ms  (Req + Resp)         ║
execution-manager-grpc  | ╚═══════════════════════════════════════════════════════════════╝
execution-manager-grpc  | 
execution-manager-grpc  | [EPOLL] T=13191 ms: epoll_wait returned 1 event(s)
execution-manager-grpc  | [EPOLL] event[0]: type=2 task=NULL
execution-manager-grpc  | [SCHEDULER] ✅ T=13191 ms: Task 2 'sum2' completed with status 2
execution-manager-grpc  | [SCHEDULER] 🔕 Timeout disarmed for task 2
execution-manager-grpc  | [SCHEDULER] 3 tasks remaining
execution-manager-grpc  | [gRPC Client Async] Stream completed, received 1 responses
execution-manager-grpc  | [GRPC THREAD 2] Completed
execution-manager-grpc  | [gRPC Client Async] Response #1 - Status: COMPLETED
execution-manager-grpc  | 🎉 [T=14372 ms] Task 1 'sum1' COMPLETED
execution-manager-grpc  | [EXECUTION MANAGER] ⏱️ T2=809301440.879 ms | Thread started (server measured)
execution-manager-grpc  | [EXECUTION MANAGER] ⏱️ T3=809305811.626 ms | Task completed (server measured)
execution-manager-grpc  | [EXECUTION MANAGER] ⏱️ T4=809305812.094 ms | Result received by client
execution-manager-grpc  |    [TASK EXECUTION] 4370.747 ms (T3-T2, measured in thread)
execution-manager-grpc  |    [RESULT] {"result": 0}
execution-manager-grpc  | 
execution-manager-grpc  | ╔═══════════════════════════════════════════════════════════════╗
execution-manager-grpc  | ║           END-TO-END TIMING MEASUREMENT RECAP                 ║
execution-manager-grpc  | ║                   Task 1: sum1                                 
execution-manager-grpc  | ╠═══════════════════════════════════════════════════════════════╣
execution-manager-grpc  | ║ T1 (start_request)    = 809301440.211 ms                        ║
execution-manager-grpc  | ║ T2 (end_request)      = 809301440.879 ms                        ║
execution-manager-grpc  | ║ T3 (start_result)     = 809305811.626 ms                        ║
execution-manager-grpc  | ║ T4 (end_result)       = 809305812.094 ms                        ║
execution-manager-grpc  | ╠═══════════════════════════════════════════════════════════════╣
execution-manager-grpc  | ║ METRICS:                                                      ║
execution-manager-grpc  | ║   Request Latency    =        0.668 ms  (T2 - T1)            ║
execution-manager-grpc  | ║   Task Execution     =     4370.747 ms  (T3 - T2)            ║
execution-manager-grpc  | ║   Response Latency   =        0.467 ms  (T4 - T3)            ║
execution-manager-grpc  | ║   Total End-to-End   =     4371.883 ms  (T4 - T1)            ║
execution-manager-grpc  | ║   Network Overhead   =        1.136 ms  (Req + Resp)         ║
execution-manager-grpc  | ╚═══════════════════════════════════════════════════════════════╝
execution-manager-grpc  | 
execution-manager-grpc  | [EPOLL] T=14372 ms: epoll_wait returned 1 event(s)
execution-manager-grpc  | [EPOLL] event[0]: type=2 task=NULL
execution-manager-grpc  | [SCHEDULER] ✅ T=14372 ms: Task 1 'sum1' completed with status 2
execution-manager-grpc  | [SCHEDULER] 🔕 Timeout disarmed for task 1
execution-manager-grpc  | [SCHEDULER] 2 tasks remaining
execution-manager-grpc  | [gRPC Client Async] Stream completed, received 1 responses
execution-manager-grpc  | [GRPC THREAD 1] Completed
execution-manager-grpc  | [EPOLL] T=20000 ms: epoll_wait returned 1 event(s)
execution-manager-grpc  | [EPOLL] event[0]: type=0 task=sum3
execution-manager-grpc  | [SCHEDULER] ⏰ T=20000 ms | T_wall=809311440.239 ms: Launching task 3 'sum3' (deadline: 50000 ms)
execution-manager-grpc  | [SCHEDULER] 🕐 Timeout armed for task 3 at T=50000 ms (in 30000 ms)
execution-manager-grpc  | [GRPC THREAD 3] Starting...
execution-manager-grpc  | [EXECUTION MANAGER] ⏱️ T1=809311440.319 ms | Sending gRPC request for task 3 'sum3'
execution-manager-grpc  | [gRPC Channel Pool] Reusing existing channel for localhost:50053 (state=2)
execution-manager-grpc  | [gRPC Client Async] Calling task 'sum3' at localhost:50053
execution-manager-grpc  | [gRPC Client Async] Inputs: {"total_ops": 800, "io_percentage": 50}
execution-manager-grpc  | [EPOLL] T=21000 ms: epoll_wait returned 1 event(s)
execution-manager-grpc  | [EPOLL] event[0]: type=0 task=sum4
execution-manager-grpc  | [SCHEDULER] ⏰ T=21000 ms | T_wall=809312440.156 ms: Launching task 4 'sum4' (deadline: 51000 ms)
execution-manager-grpc  | [SCHEDULER] 🕐 Timeout armed for task 4 at T=51000 ms (in 30000 ms)
execution-manager-grpc  | [GRPC THREAD 4] Starting...
execution-manager-grpc  | [EXECUTION MANAGER] ⏱️ T1=809312440.256 ms | Sending gRPC request for task 4 'sum4'
execution-manager-grpc  | [gRPC Channel Pool] Reusing existing channel for localhost:50054 (state=2)
execution-manager-grpc  | [gRPC Client Async] Calling task 'sum4' at localhost:50054
execution-manager-grpc  | [gRPC Client Async] Inputs: {"total_ops": 800, "io_percentage": 50}
execution-manager-grpc  | [gRPC Client Async] Response #1 - Status: COMPLETED
execution-manager-grpc  | 🎉 [T=22190 ms] Task 3 'sum3' COMPLETED
execution-manager-grpc  | [EXECUTION MANAGER] ⏱️ T2=809311441.051 ms | Thread started (server measured)
execution-manager-grpc  | [EXECUTION MANAGER] ⏱️ T3=809313629.847 ms | Task completed (server measured)
execution-manager-grpc  | [EXECUTION MANAGER] ⏱️ T4=809313630.289 ms | Result received by client
execution-manager-grpc  |    [TASK EXECUTION] 2188.796 ms (T3-T2, measured in thread)
execution-manager-grpc  |    [RESULT] {"result": 0}
execution-manager-grpc  | 
execution-manager-grpc  | ╔═══════════════════════════════════════════════════════════════╗
execution-manager-grpc  | ║           END-TO-END TIMING MEASUREMENT RECAP                 ║
execution-manager-grpc  | ║                   Task 3: sum3                                 
execution-manager-grpc  | ╠═══════════════════════════════════════════════════════════════╣
execution-manager-grpc  | ║ T1 (start_request)    = 809311440.319 ms                        ║
execution-manager-grpc  | ║ T2 (end_request)      = 809311441.051 ms                        ║
execution-manager-grpc  | ║ T3 (start_result)     = 809313629.847 ms                        ║
execution-manager-grpc  | ║ T4 (end_result)       = 809313630.289 ms                        ║
execution-manager-grpc  | ╠═══════════════════════════════════════════════════════════════╣
execution-manager-grpc  | ║ METRICS:                                                      ║
execution-manager-grpc  | ║   Request Latency    =        0.732 ms  (T2 - T1)            ║
execution-manager-grpc  | ║   Task Execution     =     2188.796 ms  (T3 - T2)            ║
execution-manager-grpc  | ║   Response Latency   =        0.442 ms  (T4 - T3)            ║
execution-manager-grpc  | ║   Total End-to-End   =     2189.970 ms  (T4 - T1)            ║
execution-manager-grpc  | ║   Network Overhead   =        1.174 ms  (Req + Resp)         ║
execution-manager-grpc  | ╚═══════════════════════════════════════════════════════════════╝
execution-manager-grpc  | 
execution-manager-grpc  | [EPOLL] T=22190 ms: epoll_wait returned 1 event(s)
execution-manager-grpc  | [EPOLL] event[0]: type=2 task=NULL
execution-manager-grpc  | [SCHEDULER] ✅ T=22190 ms: Task 3 'sum3' completed with status 2
execution-manager-grpc  | [SCHEDULER] 🔕 Timeout disarmed for task 3
execution-manager-grpc  | [SCHEDULER] 1 tasks remaining
execution-manager-grpc  | [gRPC Client Async] Stream completed, received 1 responses
execution-manager-grpc  | [GRPC THREAD 3] Completed
execution-manager-grpc  | [gRPC Client Async] Response #1 - Status: COMPLETED
execution-manager-grpc  | 🎉 [T=24378 ms] Task 4 'sum4' COMPLETED
execution-manager-grpc  | [EXECUTION MANAGER] ⏱️ T2=809313629.899 ms | Thread started (server measured)
execution-manager-grpc  | [EXECUTION MANAGER] ⏱️ T3=809315817.671 ms | Task completed (server measured)
execution-manager-grpc  | [EXECUTION MANAGER] ⏱️ T4=809315818.092 ms | Result received by client
execution-manager-grpc  |    [TASK EXECUTION] 2187.772 ms (T3-T2, measured in thread)
execution-manager-grpc  |    [RESULT] {"result": 0}
execution-manager-grpc  | 
execution-manager-grpc  | ╔═══════════════════════════════════════════════════════════════╗
execution-manager-grpc  | ║           END-TO-END TIMING MEASUREMENT RECAP                 ║
execution-manager-grpc  | ║                   Task 4: sum4                                 
execution-manager-grpc  | ╠═══════════════════════════════════════════════════════════════╣
execution-manager-grpc  | ║ T1 (start_request)    = 809312440.256 ms                        ║
execution-manager-grpc  | ║ T2 (end_request)      = 809313629.899 ms                        ║
execution-manager-grpc  | ║ T3 (start_result)     = 809315817.671 ms                        ║
execution-manager-grpc  | ║ T4 (end_result)       = 809315818.092 ms                        ║
execution-manager-grpc  | ╠═══════════════════════════════════════════════════════════════╣
execution-manager-grpc  | ║ METRICS:                                                      ║
execution-manager-grpc  | ║   Request Latency    =     1189.642 ms  (T2 - T1)            ║
execution-manager-grpc  | ║   Task Execution     =     2187.772 ms  (T3 - T2)            ║
execution-manager-grpc  | ║   Response Latency   =        0.421 ms  (T4 - T3)            ║
execution-manager-grpc  | ║   Total End-to-End   =     3377.835 ms  (T4 - T1)            ║
execution-manager-grpc  | ║   Network Overhead   =     1190.063 ms  (Req + Resp)         ║
execution-manager-grpc  | ╚═══════════════════════════════════════════════════════════════╝
execution-manager-grpc  | 
execution-manager-grpc  | [EPOLL] T=24378 ms: epoll_wait returned 1 event(s)
execution-manager-grpc  | [EPOLL] event[0]: type=2 task=NULL
execution-manager-grpc  | [SCHEDULER] ✅ T=24378 ms: Task 4 'sum4' completed with status 2
execution-manager-grpc  | [SCHEDULER] 🔕 Timeout disarmed for task 4
execution-manager-grpc  | [SCHEDULER] 0 tasks remaining
execution-manager-grpc  | 
execution-manager-grpc  | [SCHEDULER] 🏁 Iteration 32/50 complete!
execution-manager-grpc  | [SCHEDULER] Iteration execution time: 24378 ms
execution-manager-grpc  | 
execution-manager-grpc  | 
execution-manager-grpc  | [SCHEDULER] 🔁 ===== ITERATION 33 / 50 =====
execution-manager-grpc  | 
execution-manager-grpc  | [SCHEDULER] 🚀 Schedule started at T=0
execution-manager-grpc  | 
execution-manager-grpc  | [SCHEDULER] 🔄 Entering event loop (NO SLEEP - event-driven!)
execution-manager-grpc  | 
execution-manager-grpc  | [gRPC Client Async] Stream completed, received 1 responses
execution-manager-grpc  | [GRPC THREAD 4] Completed
execution-manager-grpc  | [EPOLL] T=10000 ms: epoll_wait returned 1 event(s)
execution-manager-grpc  | [EPOLL] event[0]: type=0 task=sum1
execution-manager-grpc  | [SCHEDULER] ⏰ T=10000 ms | T_wall=809325818.219 ms: Launching task 1 'sum1' (deadline: 40000 ms)
execution-manager-grpc  | [SCHEDULER] 🕐 Timeout armed for task 1 at T=40000 ms (in 30000 ms)
execution-manager-grpc  | [GRPC THREAD 1] Starting...
execution-manager-grpc  | [EXECUTION MANAGER] ⏱️ T1=809325818.302 ms | Sending gRPC request for task 1 'sum1'
execution-manager-grpc  | [gRPC Channel Pool] Reusing existing channel for localhost:50051 (state=2)
execution-manager-grpc  | [gRPC Client Async] Calling task 'sum1' at localhost:50051
execution-manager-grpc  | [gRPC Client Async] Inputs: {"total_ops": 800, "io_percentage": 50}
execution-manager-grpc  | [EPOLL] T=11000 ms: epoll_wait returned 1 event(s)
execution-manager-grpc  | [EPOLL] event[0]: type=0 task=sum2
execution-manager-grpc  | [SCHEDULER] ⏰ T=11000 ms | T_wall=809326818.229 ms: Launching task 2 'sum2' (deadline: 41000 ms)
execution-manager-grpc  | [SCHEDULER] 🕐 Timeout armed for task 2 at T=41000 ms (in 30000 ms)
execution-manager-grpc  | [GRPC THREAD 2] Starting...
execution-manager-grpc  | [EXECUTION MANAGER] ⏱️ T1=809326818.336 ms | Sending gRPC request for task 2 'sum2'
execution-manager-grpc  | [gRPC Channel Pool] Reusing existing channel for localhost:50052 (state=2)
execution-manager-grpc  | [gRPC Client Async] Calling task 'sum2' at localhost:50052
execution-manager-grpc  | [gRPC Client Async] Inputs: {"total_ops": 800, "io_percentage": 50}
execution-manager-grpc  | [gRPC Client Async] Response #1 - Status: COMPLETED
execution-manager-grpc  | 🎉 [T=13192 ms] Task 2 'sum2' COMPLETED
execution-manager-grpc  | [EXECUTION MANAGER] ⏱️ T2=809326818.848 ms | Thread started (server measured)
execution-manager-grpc  | [EXECUTION MANAGER] ⏱️ T3=809329009.838 ms | Task completed (server measured)
execution-manager-grpc  | [EXECUTION MANAGER] ⏱️ T4=809329010.371 ms | Result received by client
execution-manager-grpc  |    [TASK EXECUTION] 2190.990 ms (T3-T2, measured in thread)
execution-manager-grpc  |    [RESULT] {"result": 0}
execution-manager-grpc  | 
execution-manager-grpc  | ╔═══════════════════════════════════════════════════════════════╗
execution-manager-grpc  | ║           END-TO-END TIMING MEASUREMENT RECAP                 ║
execution-manager-grpc  | ║                   Task 2: sum2                                 
execution-manager-grpc  | ╠═══════════════════════════════════════════════════════════════╣
execution-manager-grpc  | ║ T1 (start_request)    = 809326818.336 ms                        ║
execution-manager-grpc  | ║ T2 (end_request)      = 809326818.848 ms                        ║
execution-manager-grpc  | ║ T3 (start_result)     = 809329009.838 ms                        ║
execution-manager-grpc  | ║ T4 (end_result)       = 809329010.371 ms                        ║
execution-manager-grpc  | ╠═══════════════════════════════════════════════════════════════╣
execution-manager-grpc  | ║ METRICS:                                                      ║
execution-manager-grpc  | ║   Request Latency    =        0.511 ms  (T2 - T1)            ║
execution-manager-grpc  | ║   Task Execution     =     2190.990 ms  (T3 - T2)            ║
execution-manager-grpc  | ║   Response Latency   =        0.533 ms  (T4 - T3)            ║
execution-manager-grpc  | ║   Total End-to-End   =     2192.035 ms  (T4 - T1)            ║
execution-manager-grpc  | ║   Network Overhead   =        1.044 ms  (Req + Resp)         ║
execution-manager-grpc  | ╚═══════════════════════════════════════════════════════════════╝
execution-manager-grpc  | 
execution-manager-grpc  | [EPOLL] T=13192 ms: epoll_wait returned 1 event(s)
execution-manager-grpc  | [EPOLL] event[0]: type=2 task=NULL
execution-manager-grpc  | [SCHEDULER] ✅ T=13192 ms: Task 2 'sum2' completed with status 2
execution-manager-grpc  | [SCHEDULER] 🔕 Timeout disarmed for task 2
execution-manager-grpc  | [SCHEDULER] 3 tasks remaining
execution-manager-grpc  | [gRPC Client Async] Stream completed, received 1 responses
execution-manager-grpc  | [GRPC THREAD 2] Completed
execution-manager-grpc  | [gRPC Client Async] Response #1 - Status: COMPLETED
execution-manager-grpc  | 🎉 [T=14373 ms] Task 1 'sum1' COMPLETED
execution-manager-grpc  | [EXECUTION MANAGER] ⏱️ T2=809325818.964 ms | Thread started (server measured)
execution-manager-grpc  | [EXECUTION MANAGER] ⏱️ T3=809330190.502 ms | Task completed (server measured)
execution-manager-grpc  | [EXECUTION MANAGER] ⏱️ T4=809330191.027 ms | Result received by client
execution-manager-grpc  |    [TASK EXECUTION] 4371.537 ms (T3-T2, measured in thread)
execution-manager-grpc  |    [RESULT] {"result": 0}
execution-manager-grpc  | 
execution-manager-grpc  | ╔═══════════════════════════════════════════════════════════════╗
execution-manager-grpc  | ║           END-TO-END TIMING MEASUREMENT RECAP                 ║
execution-manager-grpc  | ║                   Task 1: sum1                                 
execution-manager-grpc  | ╠═══════════════════════════════════════════════════════════════╣
execution-manager-grpc  | ║ T1 (start_request)    = 809325818.302 ms                        ║
execution-manager-grpc  | ║ T2 (end_request)      = 809325818.964 ms                        ║
execution-manager-grpc  | ║ T3 (start_result)     = 809330190.502 ms                        ║
execution-manager-grpc  | ║ T4 (end_result)       = 809330191.027 ms                        ║
execution-manager-grpc  | ╠═══════════════════════════════════════════════════════════════╣
execution-manager-grpc  | ║ METRICS:                                                      ║
execution-manager-grpc  | ║   Request Latency    =        0.663 ms  (T2 - T1)            ║
execution-manager-grpc  | ║   Task Execution     =     4371.537 ms  (T3 - T2)            ║
execution-manager-grpc  | ║   Response Latency   =        0.526 ms  (T4 - T3)            ║
execution-manager-grpc  | ║   Total End-to-End   =     4372.726 ms  (T4 - T1)            ║
execution-manager-grpc  | ║   Network Overhead   =        1.189 ms  (Req + Resp)         ║
execution-manager-grpc  | ╚═══════════════════════════════════════════════════════════════╝
execution-manager-grpc  | 
execution-manager-grpc  | [EPOLL] T=14373 ms: epoll_wait returned 1 event(s)
execution-manager-grpc  | [EPOLL] event[0]: type=2 task=NULL
execution-manager-grpc  | [SCHEDULER] ✅ T=14373 ms: Task 1 'sum1' completed with status 2
execution-manager-grpc  | [SCHEDULER] 🔕 Timeout disarmed for task 1
execution-manager-grpc  | [SCHEDULER] 2 tasks remaining
execution-manager-grpc  | [gRPC Client Async] Stream completed, received 1 responses
execution-manager-grpc  | [GRPC THREAD 1] Completed
execution-manager-grpc  | [EPOLL] T=20000 ms: epoll_wait returned 1 event(s)
execution-manager-grpc  | [EPOLL] event[0]: type=0 task=sum3
execution-manager-grpc  | [SCHEDULER] ⏰ T=20000 ms | T_wall=809335818.273 ms: Launching task 3 'sum3' (deadline: 50000 ms)
execution-manager-grpc  | [SCHEDULER] 🕐 Timeout armed for task 3 at T=50000 ms (in 30000 ms)
execution-manager-grpc  | [GRPC THREAD 3] Starting...
execution-manager-grpc  | [EXECUTION MANAGER] ⏱️ T1=809335818.359 ms | Sending gRPC request for task 3 'sum3'
execution-manager-grpc  | [gRPC Channel Pool] Reusing existing channel for localhost:50053 (state=2)
execution-manager-grpc  | [gRPC Client Async] Calling task 'sum3' at localhost:50053
execution-manager-grpc  | [gRPC Client Async] Inputs: {"total_ops": 800, "io_percentage": 50}
execution-manager-grpc  | [EPOLL] T=21000 ms: epoll_wait returned 1 event(s)
execution-manager-grpc  | [EPOLL] event[0]: type=0 task=sum4
execution-manager-grpc  | [SCHEDULER] ⏰ T=21000 ms | T_wall=809336818.251 ms: Launching task 4 'sum4' (deadline: 51000 ms)
execution-manager-grpc  | [SCHEDULER] 🕐 Timeout armed for task 4 at T=51000 ms (in 30000 ms)
execution-manager-grpc  | [GRPC THREAD 4] Starting...
execution-manager-grpc  | [EXECUTION MANAGER] ⏱️ T1=809336818.335 ms | Sending gRPC request for task 4 'sum4'
execution-manager-grpc  | [gRPC Channel Pool] Reusing existing channel for localhost:50054 (state=2)
execution-manager-grpc  | [gRPC Client Async] Calling task 'sum4' at localhost:50054
execution-manager-grpc  | [gRPC Client Async] Inputs: {"total_ops": 800, "io_percentage": 50}
execution-manager-grpc  | [gRPC Client Async] Response #1 - Status: COMPLETED
execution-manager-grpc  | 🎉 [T=22190 ms] Task 3 'sum3' COMPLETED
execution-manager-grpc  | [EXECUTION MANAGER] ⏱️ T2=809335818.899 ms | Thread started (server measured)
execution-manager-grpc  | [EXECUTION MANAGER] ⏱️ T3=809338007.933 ms | Task completed (server measured)
execution-manager-grpc  | [EXECUTION MANAGER] ⏱️ T4=809338008.456 ms | Result received by client
execution-manager-grpc  |    [TASK EXECUTION] 2189.034 ms (T3-T2, measured in thread)
execution-manager-grpc  |    [RESULT] {"result": 0}
execution-manager-grpc  | 
execution-manager-grpc  | ╔═══════════════════════════════════════════════════════════════╗
execution-manager-grpc  | ║           END-TO-END TIMING MEASUREMENT RECAP                 ║
execution-manager-grpc  | ║                   Task 3: sum3                                 
execution-manager-grpc  | ╠═══════════════════════════════════════════════════════════════╣
execution-manager-grpc  | ║ T1 (start_request)    = 809335818.359 ms                        ║
execution-manager-grpc  | ║ T2 (end_request)      = 809335818.899 ms                        ║
execution-manager-grpc  | ║ T3 (start_result)     = 809338007.933 ms                        ║
execution-manager-grpc  | ║ T4 (end_result)       = 809338008.456 ms                        ║
execution-manager-grpc  | ╠═══════════════════════════════════════════════════════════════╣
execution-manager-grpc  | ║ METRICS:                                                      ║
execution-manager-grpc  | ║   Request Latency    =        0.540 ms  (T2 - T1)            ║
execution-manager-grpc  | ║   Task Execution     =     2189.034 ms  (T3 - T2)            ║
execution-manager-grpc  | ║   Response Latency   =        0.523 ms  (T4 - T3)            ║
execution-manager-grpc  | ║   Total End-to-End   =     2190.098 ms  (T4 - T1)            ║
execution-manager-grpc  | ║   Network Overhead   =        1.064 ms  (Req + Resp)         ║
execution-manager-grpc  | ╚═══════════════════════════════════════════════════════════════╝
execution-manager-grpc  | 
execution-manager-grpc  | [EPOLL] T=22190 ms: epoll_wait returned 1 event(s)
execution-manager-grpc  | [EPOLL] event[0]: type=2 task=NULL
execution-manager-grpc  | [SCHEDULER] ✅ T=22190 ms: Task 3 'sum3' completed with status 2
execution-manager-grpc  | [SCHEDULER] 🔕 Timeout disarmed for task 3
execution-manager-grpc  | [SCHEDULER] 1 tasks remaining
execution-manager-grpc  | [gRPC Client Async] Stream completed, received 1 responses
execution-manager-grpc  | [GRPC THREAD 3] Completed
execution-manager-grpc  | [gRPC Client Async] Response #1 - Status: COMPLETED
execution-manager-grpc  | 🎉 [T=24380 ms] Task 4 'sum4' COMPLETED
execution-manager-grpc  | [EXECUTION MANAGER] ⏱️ T2=809338007.983 ms | Thread started (server measured)
execution-manager-grpc  | [EXECUTION MANAGER] ⏱️ T3=809340198.251 ms | Task completed (server measured)
execution-manager-grpc  | [EXECUTION MANAGER] ⏱️ T4=809340198.672 ms | Result received by client
execution-manager-grpc  |    [TASK EXECUTION] 2190.269 ms (T3-T2, measured in thread)
execution-manager-grpc  |    [RESULT] {"result": 0}
execution-manager-grpc  | 
execution-manager-grpc  | ╔═══════════════════════════════════════════════════════════════╗
execution-manager-grpc  | ║           END-TO-END TIMING MEASUREMENT RECAP                 ║
execution-manager-grpc  | ║                   Task 4: sum4                                 
execution-manager-grpc  | ╠═══════════════════════════════════════════════════════════════╣
execution-manager-grpc  | ║ T1 (start_request)    = 809336818.335 ms                        ║
execution-manager-grpc  | ║ T2 (end_request)      = 809338007.983 ms                        ║
execution-manager-grpc  | ║ T3 (start_result)     = 809340198.251 ms                        ║
execution-manager-grpc  | ║ T4 (end_result)       = 809340198.672 ms                        ║
execution-manager-grpc  | ╠═══════════════════════════════════════════════════════════════╣
execution-manager-grpc  | ║ METRICS:                                                      ║
execution-manager-grpc  | ║   Request Latency    =     1189.647 ms  (T2 - T1)            ║
execution-manager-grpc  | ║   Task Execution     =     2190.269 ms  (T3 - T2)            ║
execution-manager-grpc  | ║   Response Latency   =        0.420 ms  (T4 - T3)            ║
execution-manager-grpc  | ║   Total End-to-End   =     3380.336 ms  (T4 - T1)            ║
execution-manager-grpc  | ║   Network Overhead   =     1190.068 ms  (Req + Resp)         ║
execution-manager-grpc  | ╚═══════════════════════════════════════════════════════════════╝
execution-manager-grpc  | 
execution-manager-grpc  | [EPOLL] T=24380 ms: epoll_wait returned 1 event(s)
execution-manager-grpc  | [EPOLL] event[0]: type=2 task=NULL
execution-manager-grpc  | [SCHEDULER] ✅ T=24380 ms: Task 4 'sum4' completed with status 2
execution-manager-grpc  | [SCHEDULER] 🔕 Timeout disarmed for task 4
execution-manager-grpc  | [SCHEDULER] 0 tasks remaining
execution-manager-grpc  | 
execution-manager-grpc  | [SCHEDULER] 🏁 Iteration 33/50 complete!
execution-manager-grpc  | [SCHEDULER] Iteration execution time: 24380 ms
execution-manager-grpc  | 
execution-manager-grpc  | 
execution-manager-grpc  | [SCHEDULER] 🔁 ===== ITERATION 34 / 50 =====
execution-manager-grpc  | 
execution-manager-grpc  | [SCHEDULER] 🚀 Schedule started at T=0
execution-manager-grpc  | 
execution-manager-grpc  | [SCHEDULER] 🔄 Entering event loop (NO SLEEP - event-driven!)
execution-manager-grpc  | 
execution-manager-grpc  | [gRPC Client Async] Stream completed, received 1 responses
execution-manager-grpc  | [GRPC THREAD 4] Completed
execution-manager-grpc  | [EPOLL] T=10000 ms: epoll_wait returned 1 event(s)
execution-manager-grpc  | [EPOLL] event[0]: type=0 task=sum1
execution-manager-grpc  | [SCHEDULER] ⏰ T=10000 ms | T_wall=809350198.790 ms: Launching task 1 'sum1' (deadline: 40000 ms)
execution-manager-grpc  | [SCHEDULER] 🕐 Timeout armed for task 1 at T=40000 ms (in 30000 ms)
execution-manager-grpc  | [GRPC THREAD 1] Starting...
execution-manager-grpc  | [EXECUTION MANAGER] ⏱️ T1=809350198.883 ms | Sending gRPC request for task 1 'sum1'
execution-manager-grpc  | [gRPC Channel Pool] Reusing existing channel for localhost:50051 (state=2)
execution-manager-grpc  | [gRPC Client Async] Calling task 'sum1' at localhost:50051
execution-manager-grpc  | [gRPC Client Async] Inputs: {"total_ops": 800, "io_percentage": 50}
execution-manager-grpc  | [EPOLL] T=11000 ms: epoll_wait returned 1 event(s)
execution-manager-grpc  | [EPOLL] event[0]: type=0 task=sum2
execution-manager-grpc  | [SCHEDULER] ⏰ T=11000 ms | T_wall=809351198.799 ms: Launching task 2 'sum2' (deadline: 41000 ms)
execution-manager-grpc  | [SCHEDULER] 🕐 Timeout armed for task 2 at T=41000 ms (in 30000 ms)
execution-manager-grpc  | [GRPC THREAD 2] Starting...
execution-manager-grpc  | [EXECUTION MANAGER] ⏱️ T1=809351198.904 ms | Sending gRPC request for task 2 'sum2'
execution-manager-grpc  | [gRPC Channel Pool] Reusing existing channel for localhost:50052 (state=2)
execution-manager-grpc  | [gRPC Client Async] Calling task 'sum2' at localhost:50052
execution-manager-grpc  | [gRPC Client Async] Inputs: {"total_ops": 800, "io_percentage": 50}
execution-manager-grpc  | [gRPC Client Async] Response #1 - Status: COMPLETED
execution-manager-grpc  | 🎉 [T=13189 ms] Task 2 'sum2' COMPLETED
execution-manager-grpc  | [EXECUTION MANAGER] ⏱️ T2=809351199.410 ms | Thread started (server measured)
execution-manager-grpc  | [EXECUTION MANAGER] ⏱️ T3=809353387.145 ms | Task completed (server measured)
execution-manager-grpc  | [EXECUTION MANAGER] ⏱️ T4=809353387.604 ms | Result received by client
execution-manager-grpc  |    [TASK EXECUTION] 2187.735 ms (T3-T2, measured in thread)
execution-manager-grpc  |    [RESULT] {"result": 0}
execution-manager-grpc  | 
execution-manager-grpc  | ╔═══════════════════════════════════════════════════════════════╗
execution-manager-grpc  | ║           END-TO-END TIMING MEASUREMENT RECAP                 ║
execution-manager-grpc  | ║                   Task 2: sum2                                 
execution-manager-grpc  | ╠═══════════════════════════════════════════════════════════════╣
execution-manager-grpc  | ║ T1 (start_request)    = 809351198.904 ms                        ║
execution-manager-grpc  | ║ T2 (end_request)      = 809351199.410 ms                        ║
execution-manager-grpc  | ║ T3 (start_result)     = 809353387.145 ms                        ║
execution-manager-grpc  | ║ T4 (end_result)       = 809353387.604 ms                        ║
execution-manager-grpc  | ╠═══════════════════════════════════════════════════════════════╣
execution-manager-grpc  | ║ METRICS:                                                      ║
execution-manager-grpc  | ║   Request Latency    =        0.507 ms  (T2 - T1)            ║
execution-manager-grpc  | ║   Task Execution     =     2187.735 ms  (T3 - T2)            ║
execution-manager-grpc  | ║   Response Latency   =        0.458 ms  (T4 - T3)            ║
execution-manager-grpc  | ║   Total End-to-End   =     2188.700 ms  (T4 - T1)            ║
execution-manager-grpc  | ║   Network Overhead   =        0.965 ms  (Req + Resp)         ║
execution-manager-grpc  | ╚═══════════════════════════════════════════════════════════════╝
execution-manager-grpc  | 
execution-manager-grpc  | [EPOLL] T=13189 ms: epoll_wait returned 1 event(s)
execution-manager-grpc  | [EPOLL] event[0]: type=2 task=NULL
execution-manager-grpc  | [SCHEDULER] ✅ T=13189 ms: Task 2 'sum2' completed with status 2
execution-manager-grpc  | [SCHEDULER] 🔕 Timeout disarmed for task 2
execution-manager-grpc  | [SCHEDULER] 3 tasks remaining
execution-manager-grpc  | [gRPC Client Async] Stream completed, received 1 responses
execution-manager-grpc  | [GRPC THREAD 2] Completed
execution-manager-grpc  | [gRPC Client Async] Response #1 - Status: COMPLETED
execution-manager-grpc  | 🎉 [T=14367 ms] Task 1 'sum1' COMPLETED
execution-manager-grpc  | [EXECUTION MANAGER] ⏱️ T2=809350199.655 ms | Thread started (server measured)
execution-manager-grpc  | [EXECUTION MANAGER] ⏱️ T3=809354565.102 ms | Task completed (server measured)
execution-manager-grpc  | [EXECUTION MANAGER] ⏱️ T4=809354565.530 ms | Result received by client
execution-manager-grpc  |    [TASK EXECUTION] 4365.447 ms (T3-T2, measured in thread)
execution-manager-grpc  |    [RESULT] {"result": 0}
execution-manager-grpc  | 
execution-manager-grpc  | ╔═══════════════════════════════════════════════════════════════╗
execution-manager-grpc  | ║           END-TO-END TIMING MEASUREMENT RECAP                 ║
execution-manager-grpc  | ║                   Task 1: sum1                                 
execution-manager-grpc  | ╠═══════════════════════════════════════════════════════════════╣
execution-manager-grpc  | ║ T1 (start_request)    = 809350198.883 ms                        ║
execution-manager-grpc  | ║ T2 (end_request)      = 809350199.655 ms                        ║
execution-manager-grpc  | ║ T3 (start_result)     = 809354565.102 ms                        ║
execution-manager-grpc  | ║ T4 (end_result)       = 809354565.530 ms                        ║
execution-manager-grpc  | ╠═══════════════════════════════════════════════════════════════╣
execution-manager-grpc  | ║ METRICS:                                                      ║
execution-manager-grpc  | ║   Request Latency    =        0.772 ms  (T2 - T1)            ║
execution-manager-grpc  | ║   Task Execution     =     4365.447 ms  (T3 - T2)            ║
execution-manager-grpc  | ║   Response Latency   =        0.429 ms  (T4 - T3)            ║
execution-manager-grpc  | ║   Total End-to-End   =     4366.647 ms  (T4 - T1)            ║
execution-manager-grpc  | ║   Network Overhead   =        1.200 ms  (Req + Resp)         ║
execution-manager-grpc  | ╚═══════════════════════════════════════════════════════════════╝
execution-manager-grpc  | 
execution-manager-grpc  | [EPOLL] T=14367 ms: epoll_wait returned 1 event(s)
execution-manager-grpc  | [EPOLL] event[0]: type=2 task=NULL
execution-manager-grpc  | [SCHEDULER] ✅ T=14367 ms: Task 1 'sum1' completed with status 2
execution-manager-grpc  | [SCHEDULER] 🔕 Timeout disarmed for task 1
execution-manager-grpc  | [SCHEDULER] 2 tasks remaining
execution-manager-grpc  | [gRPC Client Async] Stream completed, received 1 responses
execution-manager-grpc  | [GRPC THREAD 1] Completed
execution-manager-grpc  | [EPOLL] T=20000 ms: epoll_wait returned 1 event(s)
execution-manager-grpc  | [EPOLL] event[0]: type=0 task=sum3
execution-manager-grpc  | [SCHEDULER] ⏰ T=20000 ms | T_wall=809360198.809 ms: Launching task 3 'sum3' (deadline: 50000 ms)
execution-manager-grpc  | [SCHEDULER] 🕐 Timeout armed for task 3 at T=50000 ms (in 30000 ms)
execution-manager-grpc  | [GRPC THREAD 3] Starting...
execution-manager-grpc  | [EXECUTION MANAGER] ⏱️ T1=809360198.902 ms | Sending gRPC request for task 3 'sum3'
execution-manager-grpc  | [gRPC Channel Pool] Reusing existing channel for localhost:50053 (state=2)
execution-manager-grpc  | [gRPC Client Async] Calling task 'sum3' at localhost:50053
execution-manager-grpc  | [gRPC Client Async] Inputs: {"total_ops": 800, "io_percentage": 50}
execution-manager-grpc  | [EPOLL] T=21000 ms: epoll_wait returned 1 event(s)
execution-manager-grpc  | [EPOLL] event[0]: type=0 task=sum4
execution-manager-grpc  | [SCHEDULER] ⏰ T=21000 ms | T_wall=809361198.818 ms: Launching task 4 'sum4' (deadline: 51000 ms)
execution-manager-grpc  | [SCHEDULER] 🕐 Timeout armed for task 4 at T=51000 ms (in 30000 ms)
execution-manager-grpc  | [GRPC THREAD 4] Starting...
execution-manager-grpc  | [EXECUTION MANAGER] ⏱️ T1=809361198.927 ms | Sending gRPC request for task 4 'sum4'
execution-manager-grpc  | [gRPC Channel Pool] Reusing existing channel for localhost:50054 (state=2)
execution-manager-grpc  | [gRPC Client Async] Calling task 'sum4' at localhost:50054
execution-manager-grpc  | [gRPC Client Async] Inputs: {"total_ops": 800, "io_percentage": 50}
execution-manager-grpc  | [gRPC Client Async] Response #1 - Status: COMPLETED
execution-manager-grpc  | 🎉 [T=22190 ms] Task 3 'sum3' COMPLETED
execution-manager-grpc  | [EXECUTION MANAGER] ⏱️ T2=809360200.128 ms | Thread started (server measured)
execution-manager-grpc  | [EXECUTION MANAGER] ⏱️ T3=809362388.386 ms | Task completed (server measured)
execution-manager-grpc  | [EXECUTION MANAGER] ⏱️ T4=809362388.838 ms | Result received by client
execution-manager-grpc  |    [TASK EXECUTION] 2188.257 ms (T3-T2, measured in thread)
execution-manager-grpc  |    [RESULT] {"result": 0}
execution-manager-grpc  | 
execution-manager-grpc  | ╔═══════════════════════════════════════════════════════════════╗
execution-manager-grpc  | ║           END-TO-END TIMING MEASUREMENT RECAP                 ║
execution-manager-grpc  | ║                   Task 3: sum3                                 
execution-manager-grpc  | ╠═══════════════════════════════════════════════════════════════╣
execution-manager-grpc  | ║ T1 (start_request)    = 809360198.902 ms                        ║
execution-manager-grpc  | ║ T2 (end_request)      = 809360200.128 ms                        ║
execution-manager-grpc  | ║ T3 (start_result)     = 809362388.386 ms                        ║
execution-manager-grpc  | ║ T4 (end_result)       = 809362388.838 ms                        ║
execution-manager-grpc  | ╠═══════════════════════════════════════════════════════════════╣
execution-manager-grpc  | ║ METRICS:                                                      ║
execution-manager-grpc  | ║   Request Latency    =        1.226 ms  (T2 - T1)            ║
execution-manager-grpc  | ║   Task Execution     =     2188.257 ms  (T3 - T2)            ║
execution-manager-grpc  | ║   Response Latency   =        0.452 ms  (T4 - T3)            ║
execution-manager-grpc  | ║   Total End-to-End   =     2189.936 ms  (T4 - T1)            ║
execution-manager-grpc  | ║   Network Overhead   =        1.679 ms  (Req + Resp)         ║
execution-manager-grpc  | ╚═══════════════════════════════════════════════════════════════╝
execution-manager-grpc  | 
execution-manager-grpc  | [EPOLL] T=22190 ms: epoll_wait returned 1 event(s)
execution-manager-grpc  | [EPOLL] event[0]: type=2 task=NULL
execution-manager-grpc  | [SCHEDULER] ✅ T=22190 ms: Task 3 'sum3' completed with status 2
execution-manager-grpc  | [SCHEDULER] 🔕 Timeout disarmed for task 3
execution-manager-grpc  | [SCHEDULER] 1 tasks remaining
execution-manager-grpc  | [gRPC Client Async] Stream completed, received 1 responses
execution-manager-grpc  | [GRPC THREAD 3] Completed
execution-manager-grpc  | [gRPC Client Async] Response #1 - Status: COMPLETED
execution-manager-grpc  | 🎉 [T=24380 ms] Task 4 'sum4' COMPLETED
execution-manager-grpc  | [EXECUTION MANAGER] ⏱️ T2=809362388.439 ms | Thread started (server measured)
execution-manager-grpc  | [EXECUTION MANAGER] ⏱️ T3=809364577.600 ms | Task completed (server measured)
execution-manager-grpc  | [EXECUTION MANAGER] ⏱️ T4=809364578.029 ms | Result received by client
execution-manager-grpc  |    [TASK EXECUTION] 2189.161 ms (T3-T2, measured in thread)
execution-manager-grpc  |    [RESULT] {"result": 0}
execution-manager-grpc  | 
execution-manager-grpc  | ╔═══════════════════════════════════════════════════════════════╗
execution-manager-grpc  | ║           END-TO-END TIMING MEASUREMENT RECAP                 ║
execution-manager-grpc  | ║                   Task 4: sum4                                 
execution-manager-grpc  | ╠═══════════════════════════════════════════════════════════════╣
execution-manager-grpc  | ║ T1 (start_request)    = 809361198.927 ms                        ║
execution-manager-grpc  | ║ T2 (end_request)      = 809362388.439 ms                        ║
execution-manager-grpc  | ║ T3 (start_result)     = 809364577.600 ms                        ║
execution-manager-grpc  | ║ T4 (end_result)       = 809364578.029 ms                        ║
execution-manager-grpc  | ╠═══════════════════════════════════════════════════════════════╣
execution-manager-grpc  | ║ METRICS:                                                      ║
execution-manager-grpc  | ║   Request Latency    =     1189.512 ms  (T2 - T1)            ║
execution-manager-grpc  | ║   Task Execution     =     2189.161 ms  (T3 - T2)            ║
execution-manager-grpc  | ║   Response Latency   =        0.429 ms  (T4 - T3)            ║
execution-manager-grpc  | ║   Total End-to-End   =     3379.102 ms  (T4 - T1)            ║
execution-manager-grpc  | ║   Network Overhead   =     1189.941 ms  (Req + Resp)         ║
execution-manager-grpc  | ╚═══════════════════════════════════════════════════════════════╝
execution-manager-grpc  | 
execution-manager-grpc  | [EPOLL] T=24380 ms: epoll_wait returned 1 event(s)
execution-manager-grpc  | [EPOLL] event[0]: type=2 task=NULL
execution-manager-grpc  | [SCHEDULER] ✅ T=24380 ms: Task 4 'sum4' completed with status 2
execution-manager-grpc  | [SCHEDULER] 🔕 Timeout disarmed for task 4
execution-manager-grpc  | [SCHEDULER] 0 tasks remaining
execution-manager-grpc  | 
execution-manager-grpc  | [SCHEDULER] 🏁 Iteration 34/50 complete!
execution-manager-grpc  | [SCHEDULER] Iteration execution time: 24380 ms
execution-manager-grpc  | 
execution-manager-grpc  | 
execution-manager-grpc  | [SCHEDULER] 🔁 ===== ITERATION 35 / 50 =====
execution-manager-grpc  | 
execution-manager-grpc  | [SCHEDULER] 🚀 Schedule started at T=0
execution-manager-grpc  | 
execution-manager-grpc  | [SCHEDULER] 🔄 Entering event loop (NO SLEEP - event-driven!)
execution-manager-grpc  | 
execution-manager-grpc  | [gRPC Client Async] Stream completed, received 1 responses
execution-manager-grpc  | [GRPC THREAD 4] Completed
execution-manager-grpc  | [EPOLL] T=10000 ms: epoll_wait returned 1 event(s)
execution-manager-grpc  | [EPOLL] event[0]: type=0 task=sum1
execution-manager-grpc  | [SCHEDULER] ⏰ T=10000 ms | T_wall=809374578.147 ms: Launching task 1 'sum1' (deadline: 40000 ms)
execution-manager-grpc  | [SCHEDULER] 🕐 Timeout armed for task 1 at T=40000 ms (in 30000 ms)
execution-manager-grpc  | [GRPC THREAD 1] Starting...
execution-manager-grpc  | [EXECUTION MANAGER] ⏱️ T1=809374578.224 ms | Sending gRPC request for task 1 'sum1'
execution-manager-grpc  | [gRPC Channel Pool] Reusing existing channel for localhost:50051 (state=2)
execution-manager-grpc  | [gRPC Client Async] Calling task 'sum1' at localhost:50051
execution-manager-grpc  | [gRPC Client Async] Inputs: {"total_ops": 800, "io_percentage": 50}
execution-manager-grpc  | [EPOLL] T=11000 ms: epoll_wait returned 1 event(s)
execution-manager-grpc  | [EPOLL] event[0]: type=0 task=sum2
execution-manager-grpc  | [SCHEDULER] ⏰ T=11000 ms | T_wall=809375578.168 ms: Launching task 2 'sum2' (deadline: 41000 ms)
execution-manager-grpc  | [SCHEDULER] 🕐 Timeout armed for task 2 at T=41000 ms (in 30000 ms)
execution-manager-grpc  | [GRPC THREAD 2] Starting...
execution-manager-grpc  | [EXECUTION MANAGER] ⏱️ T1=809375578.264 ms | Sending gRPC request for task 2 'sum2'
execution-manager-grpc  | [gRPC Channel Pool] Reusing existing channel for localhost:50052 (state=2)
execution-manager-grpc  | [gRPC Client Async] Calling task 'sum2' at localhost:50052
execution-manager-grpc  | [gRPC Client Async] Inputs: {"total_ops": 800, "io_percentage": 50}
execution-manager-grpc  | [gRPC Client Async] Response #1 - Status: COMPLETED
execution-manager-grpc  | 🎉 [T=13189 ms] Task 2 'sum2' COMPLETED
execution-manager-grpc  | [EXECUTION MANAGER] ⏱️ T2=809375578.803 ms | Thread started (server measured)
execution-manager-grpc  | [EXECUTION MANAGER] ⏱️ T3=809377767.453 ms | Task completed (server measured)
execution-manager-grpc  | [EXECUTION MANAGER] ⏱️ T4=809377767.938 ms | Result received by client
execution-manager-grpc  |    [TASK EXECUTION] 2188.650 ms (T3-T2, measured in thread)
execution-manager-grpc  |    [RESULT] {"result": 0}
execution-manager-grpc  | 
execution-manager-grpc  | ╔═══════════════════════════════════════════════════════════════╗
execution-manager-grpc  | ║           END-TO-END TIMING MEASUREMENT RECAP                 ║
execution-manager-grpc  | ║                   Task 2: sum2                                 
execution-manager-grpc  | ╠═══════════════════════════════════════════════════════════════╣
execution-manager-grpc  | ║ T1 (start_request)    = 809375578.264 ms                        ║
execution-manager-grpc  | ║ T2 (end_request)      = 809375578.803 ms                        ║
execution-manager-grpc  | ║ T3 (start_result)     = 809377767.453 ms                        ║
execution-manager-grpc  | ║ T4 (end_result)       = 809377767.938 ms                        ║
execution-manager-grpc  | ╠═══════════════════════════════════════════════════════════════╣
execution-manager-grpc  | ║ METRICS:                                                      ║
execution-manager-grpc  | ║   Request Latency    =        0.540 ms  (T2 - T1)            ║
execution-manager-grpc  | ║   Task Execution     =     2188.650 ms  (T3 - T2)            ║
execution-manager-grpc  | ║   Response Latency   =        0.484 ms  (T4 - T3)            ║
execution-manager-grpc  | ║   Total End-to-End   =     2189.674 ms  (T4 - T1)            ║
execution-manager-grpc  | ║   Network Overhead   =        1.024 ms  (Req + Resp)         ║
execution-manager-grpc  | ╚═══════════════════════════════════════════════════════════════╝
execution-manager-grpc  | 
execution-manager-grpc  | [EPOLL] T=13189 ms: epoll_wait returned 1 event(s)
execution-manager-grpc  | [EPOLL] event[0]: type=2 task=NULL
execution-manager-grpc  | [SCHEDULER] ✅ T=13189 ms: Task 2 'sum2' completed with status 2
execution-manager-grpc  | [SCHEDULER] 🔕 Timeout disarmed for task 2
execution-manager-grpc  | [SCHEDULER] 3 tasks remaining
execution-manager-grpc  | [gRPC Client Async] Stream completed, received 1 responses
execution-manager-grpc  | [GRPC THREAD 2] Completed
execution-manager-grpc  | [gRPC Client Async] Response #1 - Status: COMPLETED
execution-manager-grpc  | 🎉 [T=14369 ms] Task 1 'sum1' COMPLETED
execution-manager-grpc  | [EXECUTION MANAGER] ⏱️ T2=809374579.117 ms | Thread started (server measured)
execution-manager-grpc  | [EXECUTION MANAGER] ⏱️ T3=809378946.961 ms | Task completed (server measured)
execution-manager-grpc  | [EXECUTION MANAGER] ⏱️ T4=809378947.534 ms | Result received by client
execution-manager-grpc  |    [TASK EXECUTION] 4367.845 ms (T3-T2, measured in thread)
execution-manager-grpc  |    [RESULT] {"result": 0}
execution-manager-grpc  | 
execution-manager-grpc  | ╔═══════════════════════════════════════════════════════════════╗
execution-manager-grpc  | ║           END-TO-END TIMING MEASUREMENT RECAP                 ║
execution-manager-grpc  | ║                   Task 1: sum1                                 
execution-manager-grpc  | ╠═══════════════════════════════════════════════════════════════╣
execution-manager-grpc  | ║ T1 (start_request)    = 809374578.224 ms                        ║
execution-manager-grpc  | ║ T2 (end_request)      = 809374579.117 ms                        ║
execution-manager-grpc  | ║ T3 (start_result)     = 809378946.961 ms                        ║
execution-manager-grpc  | ║ T4 (end_result)       = 809378947.534 ms                        ║
execution-manager-grpc  | ╠═══════════════════════════════════════════════════════════════╣
execution-manager-grpc  | ║ METRICS:                                                      ║
execution-manager-grpc  | ║   Request Latency    =        0.893 ms  (T2 - T1)            ║
execution-manager-grpc  | ║   Task Execution     =     4367.845 ms  (T3 - T2)            ║
execution-manager-grpc  | ║   Response Latency   =        0.573 ms  (T4 - T3)            ║
execution-manager-grpc  | ║   Total End-to-End   =     4369.310 ms  (T4 - T1)            ║
execution-manager-grpc  | ║   Network Overhead   =        1.465 ms  (Req + Resp)         ║
execution-manager-grpc  | ╚═══════════════════════════════════════════════════════════════╝
execution-manager-grpc  | 
execution-manager-grpc  | [EPOLL] T=14369 ms: epoll_wait returned 1 event(s)
execution-manager-grpc  | [EPOLL] event[0]: type=2 task=NULL
execution-manager-grpc  | [SCHEDULER] ✅ T=14369 ms: Task 1 'sum1' completed with status 2
execution-manager-grpc  | [SCHEDULER] 🔕 Timeout disarmed for task 1
execution-manager-grpc  | [SCHEDULER] 2 tasks remaining
execution-manager-grpc  | [gRPC Client Async] Stream completed, received 1 responses
execution-manager-grpc  | [GRPC THREAD 1] Completed
execution-manager-grpc  | [EPOLL] T=20000 ms: epoll_wait returned 1 event(s)
execution-manager-grpc  | [EPOLL] event[0]: type=0 task=sum3
execution-manager-grpc  | [SCHEDULER] ⏰ T=20000 ms | T_wall=809384578.298 ms: Launching task 3 'sum3' (deadline: 50000 ms)
execution-manager-grpc  | [SCHEDULER] 🕐 Timeout armed for task 3 at T=50000 ms (in 30000 ms)
execution-manager-grpc  | [GRPC THREAD 3] Starting...
execution-manager-grpc  | [EXECUTION MANAGER] ⏱️ T1=809384578.379 ms | Sending gRPC request for task 3 'sum3'
execution-manager-grpc  | [gRPC Channel Pool] Reusing existing channel for localhost:50053 (state=2)
execution-manager-grpc  | [gRPC Client Async] Calling task 'sum3' at localhost:50053
execution-manager-grpc  | [gRPC Client Async] Inputs: {"total_ops": 800, "io_percentage": 50}
execution-manager-grpc  | [EPOLL] T=21000 ms: epoll_wait returned 1 event(s)
execution-manager-grpc  | [EPOLL] event[0]: type=0 task=sum4
execution-manager-grpc  | [SCHEDULER] ⏰ T=21000 ms | T_wall=809385578.175 ms: Launching task 4 'sum4' (deadline: 51000 ms)
execution-manager-grpc  | [SCHEDULER] 🕐 Timeout armed for task 4 at T=51000 ms (in 30000 ms)
execution-manager-grpc  | [GRPC THREAD 4] Starting...
execution-manager-grpc  | [EXECUTION MANAGER] ⏱️ T1=809385578.267 ms | Sending gRPC request for task 4 'sum4'
execution-manager-grpc  | [gRPC Channel Pool] Reusing existing channel for localhost:50054 (state=2)
execution-manager-grpc  | [gRPC Client Async] Calling task 'sum4' at localhost:50054
execution-manager-grpc  | [gRPC Client Async] Inputs: {"total_ops": 800, "io_percentage": 50}
execution-manager-grpc  | [gRPC Client Async] Response #1 - Status: COMPLETED
execution-manager-grpc  | 🎉 [T=22190 ms] Task 3 'sum3' COMPLETED
execution-manager-grpc  | [EXECUTION MANAGER] ⏱️ T2=809384579.104 ms | Thread started (server measured)
execution-manager-grpc  | [EXECUTION MANAGER] ⏱️ T3=809386767.929 ms | Task completed (server measured)
execution-manager-grpc  | [EXECUTION MANAGER] ⏱️ T4=809386768.411 ms | Result received by client
execution-manager-grpc  |    [TASK EXECUTION] 2188.825 ms (T3-T2, measured in thread)
execution-manager-grpc  |    [RESULT] {"result": 0}
execution-manager-grpc  | 
execution-manager-grpc  | ╔═══════════════════════════════════════════════════════════════╗
execution-manager-grpc  | ║           END-TO-END TIMING MEASUREMENT RECAP                 ║
execution-manager-grpc  | ║                   Task 3: sum3                                 
execution-manager-grpc  | ╠═══════════════════════════════════════════════════════════════╣
execution-manager-grpc  | ║ T1 (start_request)    = 809384578.379 ms                        ║
execution-manager-grpc  | ║ T2 (end_request)      = 809384579.104 ms                        ║
execution-manager-grpc  | ║ T3 (start_result)     = 809386767.929 ms                        ║
execution-manager-grpc  | ║ T4 (end_result)       = 809386768.411 ms                        ║
execution-manager-grpc  | ╠═══════════════════════════════════════════════════════════════╣
execution-manager-grpc  | ║ METRICS:                                                      ║
execution-manager-grpc  | ║   Request Latency    =        0.725 ms  (T2 - T1)            ║
execution-manager-grpc  | ║   Task Execution     =     2188.825 ms  (T3 - T2)            ║
execution-manager-grpc  | ║   Response Latency   =        0.482 ms  (T4 - T3)            ║
execution-manager-grpc  | ║   Total End-to-End   =     2190.032 ms  (T4 - T1)            ║
execution-manager-grpc  | ║   Network Overhead   =        1.207 ms  (Req + Resp)         ║
execution-manager-grpc  | ╚═══════════════════════════════════════════════════════════════╝
execution-manager-grpc  | 
execution-manager-grpc  | [EPOLL] T=22190 ms: epoll_wait returned 1 event(s)
execution-manager-grpc  | [EPOLL] event[0]: type=2 task=NULL
execution-manager-grpc  | [SCHEDULER] ✅ T=22190 ms: Task 3 'sum3' completed with status 2
execution-manager-grpc  | [SCHEDULER] 🔕 Timeout disarmed for task 3
execution-manager-grpc  | [SCHEDULER] 1 tasks remaining
execution-manager-grpc  | [gRPC Client Async] Stream completed, received 1 responses
execution-manager-grpc  | [GRPC THREAD 3] Completed
execution-manager-grpc  | [gRPC Client Async] Response #1 - Status: COMPLETED
execution-manager-grpc  | 🎉 [T=24378 ms] Task 4 'sum4' COMPLETED
execution-manager-grpc  | [EXECUTION MANAGER] ⏱️ T2=809386767.989 ms | Thread started (server measured)
execution-manager-grpc  | [EXECUTION MANAGER] ⏱️ T3=809388956.512 ms | Task completed (server measured)
execution-manager-grpc  | [EXECUTION MANAGER] ⏱️ T4=809388956.973 ms | Result received by client
execution-manager-grpc  |    [TASK EXECUTION] 2188.523 ms (T3-T2, measured in thread)
execution-manager-grpc  |    [RESULT] {"result": 0}
execution-manager-grpc  | 
execution-manager-grpc  | ╔═══════════════════════════════════════════════════════════════╗
execution-manager-grpc  | ║           END-TO-END TIMING MEASUREMENT RECAP                 ║
execution-manager-grpc  | ║                   Task 4: sum4                                 
execution-manager-grpc  | ╠═══════════════════════════════════════════════════════════════╣
execution-manager-grpc  | ║ T1 (start_request)    = 809385578.267 ms                        ║
execution-manager-grpc  | ║ T2 (end_request)      = 809386767.989 ms                        ║
execution-manager-grpc  | ║ T3 (start_result)     = 809388956.512 ms                        ║
execution-manager-grpc  | ║ T4 (end_result)       = 809388956.973 ms                        ║
execution-manager-grpc  | ╠═══════════════════════════════════════════════════════════════╣
execution-manager-grpc  | ║ METRICS:                                                      ║
execution-manager-grpc  | ║   Request Latency    =     1189.722 ms  (T2 - T1)            ║
execution-manager-grpc  | ║   Task Execution     =     2188.523 ms  (T3 - T2)            ║
execution-manager-grpc  | ║   Response Latency   =        0.461 ms  (T4 - T3)            ║
execution-manager-grpc  | ║   Total End-to-End   =     3378.706 ms  (T4 - T1)            ║
execution-manager-grpc  | ║   Network Overhead   =     1190.183 ms  (Req + Resp)         ║
execution-manager-grpc  | ╚═══════════════════════════════════════════════════════════════╝
execution-manager-grpc  | 
execution-manager-grpc  | [EPOLL] T=24379 ms: epoll_wait returned 1 event(s)
execution-manager-grpc  | [EPOLL] event[0]: type=2 task=NULL
execution-manager-grpc  | [SCHEDULER] ✅ T=24379 ms: Task 4 'sum4' completed with status 2
execution-manager-grpc  | [SCHEDULER] 🔕 Timeout disarmed for task 4
execution-manager-grpc  | [SCHEDULER] 0 tasks remaining
execution-manager-grpc  | 
execution-manager-grpc  | [SCHEDULER] 🏁 Iteration 35/50 complete!
execution-manager-grpc  | [SCHEDULER] Iteration execution time: 24379 ms
execution-manager-grpc  | 
execution-manager-grpc  | 
execution-manager-grpc  | [SCHEDULER] 🔁 ===== ITERATION 36 / 50 =====
execution-manager-grpc  | 
execution-manager-grpc  | [SCHEDULER] 🚀 Schedule started at T=0
execution-manager-grpc  | 
execution-manager-grpc  | [SCHEDULER] 🔄 Entering event loop (NO SLEEP - event-driven!)
execution-manager-grpc  | 
execution-manager-grpc  | [gRPC Client Async] Stream completed, received 1 responses
execution-manager-grpc  | [GRPC THREAD 4] Completed
execution-manager-grpc  | [EPOLL] T=10000 ms: epoll_wait returned 1 event(s)
execution-manager-grpc  | [EPOLL] event[0]: type=0 task=sum1
execution-manager-grpc  | [SCHEDULER] ⏰ T=10000 ms | T_wall=809398957.122 ms: Launching task 1 'sum1' (deadline: 40000 ms)
execution-manager-grpc  | [SCHEDULER] 🕐 Timeout armed for task 1 at T=40000 ms (in 30000 ms)
execution-manager-grpc  | [GRPC THREAD 1] Starting...
execution-manager-grpc  | [EXECUTION MANAGER] ⏱️ T1=809398957.221 ms | Sending gRPC request for task 1 'sum1'
execution-manager-grpc  | [gRPC Channel Pool] Reusing existing channel for localhost:50051 (state=2)
execution-manager-grpc  | [gRPC Client Async] Calling task 'sum1' at localhost:50051
execution-manager-grpc  | [gRPC Client Async] Inputs: {"total_ops": 800, "io_percentage": 50}
execution-manager-grpc  | [EPOLL] T=11000 ms: epoll_wait returned 1 event(s)
execution-manager-grpc  | [EPOLL] event[0]: type=0 task=sum2
execution-manager-grpc  | [SCHEDULER] ⏰ T=11000 ms | T_wall=809399957.111 ms: Launching task 2 'sum2' (deadline: 41000 ms)
execution-manager-grpc  | [SCHEDULER] 🕐 Timeout armed for task 2 at T=41000 ms (in 30000 ms)
execution-manager-grpc  | [GRPC THREAD 2] Starting...
execution-manager-grpc  | [EXECUTION MANAGER] ⏱️ T1=809399957.201 ms | Sending gRPC request for task 2 'sum2'
execution-manager-grpc  | [gRPC Channel Pool] Reusing existing channel for localhost:50052 (state=2)
execution-manager-grpc  | [gRPC Client Async] Calling task 'sum2' at localhost:50052
execution-manager-grpc  | [gRPC Client Async] Inputs: {"total_ops": 800, "io_percentage": 50}
execution-manager-grpc  | [gRPC Client Async] Response #1 - Status: COMPLETED
execution-manager-grpc  | 🎉 [T=13189 ms] Task 2 'sum2' COMPLETED
execution-manager-grpc  | [EXECUTION MANAGER] ⏱️ T2=809399957.739 ms | Thread started (server measured)
execution-manager-grpc  | [EXECUTION MANAGER] ⏱️ T3=809402145.589 ms | Task completed (server measured)
execution-manager-grpc  | [EXECUTION MANAGER] ⏱️ T4=809402146.072 ms | Result received by client
execution-manager-grpc  |    [TASK EXECUTION] 2187.850 ms (T3-T2, measured in thread)
execution-manager-grpc  |    [RESULT] {"result": 0}
execution-manager-grpc  | 
execution-manager-grpc  | ╔═══════════════════════════════════════════════════════════════╗
execution-manager-grpc  | ║           END-TO-END TIMING MEASUREMENT RECAP                 ║
execution-manager-grpc  | ║                   Task 2: sum2                                 
execution-manager-grpc  | ╠═══════════════════════════════════════════════════════════════╣
execution-manager-grpc  | ║ T1 (start_request)    = 809399957.201 ms                        ║
execution-manager-grpc  | ║ T2 (end_request)      = 809399957.739 ms                        ║
execution-manager-grpc  | ║ T3 (start_result)     = 809402145.589 ms                        ║
execution-manager-grpc  | ║ T4 (end_result)       = 809402146.072 ms                        ║
execution-manager-grpc  | ╠═══════════════════════════════════════════════════════════════╣
execution-manager-grpc  | ║ METRICS:                                                      ║
execution-manager-grpc  | ║   Request Latency    =        0.538 ms  (T2 - T1)            ║
execution-manager-grpc  | ║   Task Execution     =     2187.850 ms  (T3 - T2)            ║
execution-manager-grpc  | ║   Response Latency   =        0.483 ms  (T4 - T3)            ║
execution-manager-grpc  | ║   Total End-to-End   =     2188.871 ms  (T4 - T1)            ║
execution-manager-grpc  | ║   Network Overhead   =        1.021 ms  (Req + Resp)         ║
execution-manager-grpc  | ╚═══════════════════════════════════════════════════════════════╝
execution-manager-grpc  | 
execution-manager-grpc  | [EPOLL] T=13189 ms: epoll_wait returned 1 event(s)
execution-manager-grpc  | [EPOLL] event[0]: type=2 task=NULL
execution-manager-grpc  | [SCHEDULER] ✅ T=13189 ms: Task 2 'sum2' completed with status 2
execution-manager-grpc  | [SCHEDULER] 🔕 Timeout disarmed for task 2
execution-manager-grpc  | [SCHEDULER] 3 tasks remaining
execution-manager-grpc  | [gRPC Client Async] Stream completed, received 1 responses
execution-manager-grpc  | [GRPC THREAD 2] Completed
execution-manager-grpc  | [gRPC Client Async] Response #1 - Status: COMPLETED
execution-manager-grpc  | 🎉 [T=14370 ms] Task 1 'sum1' COMPLETED
execution-manager-grpc  | [EXECUTION MANAGER] ⏱️ T2=809398958.040 ms | Thread started (server measured)
execution-manager-grpc  | [EXECUTION MANAGER] ⏱️ T3=809403326.793 ms | Task completed (server measured)
execution-manager-grpc  | [EXECUTION MANAGER] ⏱️ T4=809403327.270 ms | Result received by client
execution-manager-grpc  |    [TASK EXECUTION] 4368.753 ms (T3-T2, measured in thread)
execution-manager-grpc  |    [RESULT] {"result": 0}
execution-manager-grpc  | 
execution-manager-grpc  | ╔═══════════════════════════════════════════════════════════════╗
execution-manager-grpc  | ║           END-TO-END TIMING MEASUREMENT RECAP                 ║
execution-manager-grpc  | ║                   Task 1: sum1                                 
execution-manager-grpc  | ╠═══════════════════════════════════════════════════════════════╣
execution-manager-grpc  | ║ T1 (start_request)    = 809398957.221 ms                        ║
execution-manager-grpc  | ║ T2 (end_request)      = 809398958.040 ms                        ║
execution-manager-grpc  | ║ T3 (start_result)     = 809403326.793 ms                        ║
execution-manager-grpc  | ║ T4 (end_result)       = 809403327.270 ms                        ║
execution-manager-grpc  | ╠═══════════════════════════════════════════════════════════════╣
execution-manager-grpc  | ║ METRICS:                                                      ║
execution-manager-grpc  | ║   Request Latency    =        0.820 ms  (T2 - T1)            ║
execution-manager-grpc  | ║   Task Execution     =     4368.753 ms  (T3 - T2)            ║
execution-manager-grpc  | ║   Response Latency   =        0.477 ms  (T4 - T3)            ║
execution-manager-grpc  | ║   Total End-to-End   =     4370.049 ms  (T4 - T1)            ║
execution-manager-grpc  | ║   Network Overhead   =        1.296 ms  (Req + Resp)         ║
execution-manager-grpc  | ╚═══════════════════════════════════════════════════════════════╝
execution-manager-grpc  | 
execution-manager-grpc  | [EPOLL] T=14370 ms: epoll_wait returned 1 event(s)
execution-manager-grpc  | [EPOLL] event[0]: type=2 task=NULL
execution-manager-grpc  | [SCHEDULER] ✅ T=14370 ms: Task 1 'sum1' completed with status 2
execution-manager-grpc  | [SCHEDULER] 🔕 Timeout disarmed for task 1
execution-manager-grpc  | [SCHEDULER] 2 tasks remaining
execution-manager-grpc  | [gRPC Client Async] Stream completed, received 1 responses
execution-manager-grpc  | [GRPC THREAD 1] Completed
execution-manager-grpc  | [EPOLL] T=20000 ms: epoll_wait returned 1 event(s)
execution-manager-grpc  | [EPOLL] event[0]: type=0 task=sum3
execution-manager-grpc  | [SCHEDULER] ⏰ T=20000 ms | T_wall=809408957.345 ms: Launching task 3 'sum3' (deadline: 50000 ms)
execution-manager-grpc  | [SCHEDULER] 🕐 Timeout armed for task 3 at T=50000 ms (in 30000 ms)
execution-manager-grpc  | [GRPC THREAD 3] Starting...
execution-manager-grpc  | [EXECUTION MANAGER] ⏱️ T1=809408957.426 ms | Sending gRPC request for task 3 'sum3'
execution-manager-grpc  | [gRPC Channel Pool] Reusing existing channel for localhost:50053 (state=2)
execution-manager-grpc  | [gRPC Client Async] Calling task 'sum3' at localhost:50053
execution-manager-grpc  | [gRPC Client Async] Inputs: {"total_ops": 800, "io_percentage": 50}
execution-manager-grpc  | [EPOLL] T=21000 ms: epoll_wait returned 1 event(s)
execution-manager-grpc  | [EPOLL] event[0]: type=0 task=sum4
execution-manager-grpc  | [SCHEDULER] ⏰ T=21000 ms | T_wall=809409957.136 ms: Launching task 4 'sum4' (deadline: 51000 ms)
execution-manager-grpc  | [SCHEDULER] 🕐 Timeout armed for task 4 at T=51000 ms (in 30000 ms)
execution-manager-grpc  | [GRPC THREAD 4] Starting...
execution-manager-grpc  | [EXECUTION MANAGER] ⏱️ T1=809409957.240 ms | Sending gRPC request for task 4 'sum4'
execution-manager-grpc  | [gRPC Channel Pool] Reusing existing channel for localhost:50054 (state=2)
execution-manager-grpc  | [gRPC Client Async] Calling task 'sum4' at localhost:50054
execution-manager-grpc  | [gRPC Client Async] Inputs: {"total_ops": 800, "io_percentage": 50}
execution-manager-grpc  | [gRPC Client Async] Response #1 - Status: COMPLETED
execution-manager-grpc  | 🎉 [T=22192 ms] Task 3 'sum3' COMPLETED
execution-manager-grpc  | [EXECUTION MANAGER] ⏱️ T2=809408958.331 ms | Thread started (server measured)
execution-manager-grpc  | [EXECUTION MANAGER] ⏱️ T3=809411148.552 ms | Task completed (server measured)
execution-manager-grpc  | [EXECUTION MANAGER] ⏱️ T4=809411149.063 ms | Result received by client
execution-manager-grpc  |    [TASK EXECUTION] 2190.221 ms (T3-T2, measured in thread)
execution-manager-grpc  |    [RESULT] {"result": 0}
execution-manager-grpc  | 
execution-manager-grpc  | ╔═══════════════════════════════════════════════════════════════╗
execution-manager-grpc  | ║           END-TO-END TIMING MEASUREMENT RECAP                 ║
execution-manager-grpc  | ║                   Task 3: sum3                                 
execution-manager-grpc  | ╠═══════════════════════════════════════════════════════════════╣
execution-manager-grpc  | ║ T1 (start_request)    = 809408957.426 ms                        ║
execution-manager-grpc  | ║ T2 (end_request)      = 809408958.331 ms                        ║
execution-manager-grpc  | ║ T3 (start_result)     = 809411148.552 ms                        ║
execution-manager-grpc  | ║ T4 (end_result)       = 809411149.063 ms                        ║
execution-manager-grpc  | ╠═══════════════════════════════════════════════════════════════╣
execution-manager-grpc  | ║ METRICS:                                                      ║
execution-manager-grpc  | ║   Request Latency    =        0.905 ms  (T2 - T1)            ║
execution-manager-grpc  | ║   Task Execution     =     2190.221 ms  (T3 - T2)            ║
execution-manager-grpc  | ║   Response Latency   =        0.511 ms  (T4 - T3)            ║
execution-manager-grpc  | ║   Total End-to-End   =     2191.637 ms  (T4 - T1)            ║
execution-manager-grpc  | ║   Network Overhead   =        1.416 ms  (Req + Resp)         ║
execution-manager-grpc  | ╚═══════════════════════════════════════════════════════════════╝
execution-manager-grpc  | 
execution-manager-grpc  | [EPOLL] T=22192 ms: epoll_wait returned 1 event(s)
execution-manager-grpc  | [EPOLL] event[0]: type=2 task=NULL
execution-manager-grpc  | [SCHEDULER] ✅ T=22192 ms: Task 3 'sum3' completed with status 2
execution-manager-grpc  | [SCHEDULER] 🔕 Timeout disarmed for task 3
execution-manager-grpc  | [SCHEDULER] 1 tasks remaining
execution-manager-grpc  | [gRPC Client Async] Stream completed, received 1 responses
execution-manager-grpc  | [GRPC THREAD 3] Completed
execution-manager-grpc  | [gRPC Client Async] Response #1 - Status: COMPLETED
execution-manager-grpc  | 🎉 [T=24382 ms] Task 4 'sum4' COMPLETED
execution-manager-grpc  | [EXECUTION MANAGER] ⏱️ T2=809411148.602 ms | Thread started (server measured)
execution-manager-grpc  | [EXECUTION MANAGER] ⏱️ T3=809413339.148 ms | Task completed (server measured)
execution-manager-grpc  | [EXECUTION MANAGER] ⏱️ T4=809413339.537 ms | Result received by client
execution-manager-grpc  |    [TASK EXECUTION] 2190.546 ms (T3-T2, measured in thread)
execution-manager-grpc  |    [RESULT] {"result": 0}
execution-manager-grpc  | 
execution-manager-grpc  | ╔═══════════════════════════════════════════════════════════════╗
execution-manager-grpc  | ║           END-TO-END TIMING MEASUREMENT RECAP                 ║
execution-manager-grpc  | ║                   Task 4: sum4                                 
execution-manager-grpc  | ╠═══════════════════════════════════════════════════════════════╣
execution-manager-grpc  | ║ T1 (start_request)    = 809409957.240 ms                        ║
execution-manager-grpc  | ║ T2 (end_request)      = 809411148.602 ms                        ║
execution-manager-grpc  | ║ T3 (start_result)     = 809413339.148 ms                        ║
execution-manager-grpc  | ║ T4 (end_result)       = 809413339.537 ms                        ║
execution-manager-grpc  | ╠═══════════════════════════════════════════════════════════════╣
execution-manager-grpc  | ║ METRICS:                                                      ║
execution-manager-grpc  | ║   Request Latency    =     1191.361 ms  (T2 - T1)            ║
execution-manager-grpc  | ║   Task Execution     =     2190.546 ms  (T3 - T2)            ║
execution-manager-grpc  | ║   Response Latency   =        0.389 ms  (T4 - T3)            ║
execution-manager-grpc  | ║   Total End-to-End   =     3382.296 ms  (T4 - T1)            ║
execution-manager-grpc  | ║   Network Overhead   =     1191.750 ms  (Req + Resp)         ║
execution-manager-grpc  | ╚═══════════════════════════════════════════════════════════════╝
execution-manager-grpc  | 
execution-manager-grpc  | [EPOLL] T=24382 ms: epoll_wait returned 1 event(s)
execution-manager-grpc  | [EPOLL] event[0]: type=2 task=NULL
execution-manager-grpc  | [SCHEDULER] ✅ T=24382 ms: Task 4 'sum4' completed with status 2
execution-manager-grpc  | [SCHEDULER] 🔕 Timeout disarmed for task 4
execution-manager-grpc  | [SCHEDULER] 0 tasks remaining
execution-manager-grpc  | 
execution-manager-grpc  | [SCHEDULER] 🏁 Iteration 36/50 complete!
execution-manager-grpc  | [SCHEDULER] Iteration execution time: 24382 ms
execution-manager-grpc  | 
execution-manager-grpc  | 
execution-manager-grpc  | [SCHEDULER] 🔁 ===== ITERATION 37 / 50 =====
execution-manager-grpc  | 
execution-manager-grpc  | [SCHEDULER] 🚀 Schedule started at T=0
execution-manager-grpc  | 
execution-manager-grpc  | [SCHEDULER] 🔄 Entering event loop (NO SLEEP - event-driven!)
execution-manager-grpc  | 
execution-manager-grpc  | [gRPC Client Async] Stream completed, received 1 responses
execution-manager-grpc  | [GRPC THREAD 4] Completed
execution-manager-grpc  | [EPOLL] T=10000 ms: epoll_wait returned 1 event(s)
execution-manager-grpc  | [EPOLL] event[0]: type=0 task=sum1
execution-manager-grpc  | [SCHEDULER] ⏰ T=10000 ms | T_wall=809423339.661 ms: Launching task 1 'sum1' (deadline: 40000 ms)
execution-manager-grpc  | [SCHEDULER] 🕐 Timeout armed for task 1 at T=40000 ms (in 30000 ms)
execution-manager-grpc  | [GRPC THREAD 1] Starting...
execution-manager-grpc  | [EXECUTION MANAGER] ⏱️ T1=809423339.738 ms | Sending gRPC request for task 1 'sum1'
execution-manager-grpc  | [gRPC Channel Pool] Reusing existing channel for localhost:50051 (state=2)
execution-manager-grpc  | [gRPC Client Async] Calling task 'sum1' at localhost:50051
execution-manager-grpc  | [gRPC Client Async] Inputs: {"total_ops": 800, "io_percentage": 50}
execution-manager-grpc  | [EPOLL] T=11000 ms: epoll_wait returned 1 event(s)
execution-manager-grpc  | [EPOLL] event[0]: type=0 task=sum2
execution-manager-grpc  | [SCHEDULER] ⏰ T=11000 ms | T_wall=809424339.668 ms: Launching task 2 'sum2' (deadline: 41000 ms)
execution-manager-grpc  | [SCHEDULER] 🕐 Timeout armed for task 2 at T=41000 ms (in 30000 ms)
execution-manager-grpc  | [GRPC THREAD 2] Starting...
execution-manager-grpc  | [EXECUTION MANAGER] ⏱️ T1=809424339.754 ms | Sending gRPC request for task 2 'sum2'
execution-manager-grpc  | [gRPC Channel Pool] Reusing existing channel for localhost:50052 (state=2)
execution-manager-grpc  | [gRPC Client Async] Calling task 'sum2' at localhost:50052
execution-manager-grpc  | [gRPC Client Async] Inputs: {"total_ops": 800, "io_percentage": 50}
execution-manager-grpc  | [gRPC Client Async] Response #1 - Status: COMPLETED
execution-manager-grpc  | 🎉 [T=13191 ms] Task 2 'sum2' COMPLETED
execution-manager-grpc  | [EXECUTION MANAGER] ⏱️ T2=809424340.281 ms | Thread started (server measured)
execution-manager-grpc  | [EXECUTION MANAGER] ⏱️ T3=809426530.177 ms | Task completed (server measured)
execution-manager-grpc  | [EXECUTION MANAGER] ⏱️ T4=809426530.644 ms | Result received by client
execution-manager-grpc  |    [TASK EXECUTION] 2189.896 ms (T3-T2, measured in thread)
execution-manager-grpc  |    [RESULT] {"result": 0}
execution-manager-grpc  | 
execution-manager-grpc  | ╔═══════════════════════════════════════════════════════════════╗
execution-manager-grpc  | ║           END-TO-END TIMING MEASUREMENT RECAP                 ║
execution-manager-grpc  | ║                   Task 2: sum2                                 
execution-manager-grpc  | ╠═══════════════════════════════════════════════════════════════╣
execution-manager-grpc  | ║ T1 (start_request)    = 809424339.754 ms                        ║
execution-manager-grpc  | ║ T2 (end_request)      = 809424340.281 ms                        ║
execution-manager-grpc  | ║ T3 (start_result)     = 809426530.177 ms                        ║
execution-manager-grpc  | ║ T4 (end_result)       = 809426530.644 ms                        ║
execution-manager-grpc  | ╠═══════════════════════════════════════════════════════════════╣
execution-manager-grpc  | ║ METRICS:                                                      ║
execution-manager-grpc  | ║   Request Latency    =        0.526 ms  (T2 - T1)            ║
execution-manager-grpc  | ║   Task Execution     =     2189.896 ms  (T3 - T2)            ║
execution-manager-grpc  | ║   Response Latency   =        0.467 ms  (T4 - T3)            ║
execution-manager-grpc  | ║   Total End-to-End   =     2190.890 ms  (T4 - T1)            ║
execution-manager-grpc  | ║   Network Overhead   =        0.994 ms  (Req + Resp)         ║
execution-manager-grpc  | ╚═══════════════════════════════════════════════════════════════╝
execution-manager-grpc  | 
execution-manager-grpc  | [EPOLL] T=13191 ms: epoll_wait returned 1 event(s)
execution-manager-grpc  | [EPOLL] event[0]: type=2 task=NULL
execution-manager-grpc  | [SCHEDULER] ✅ T=13191 ms: Task 2 'sum2' completed with status 2
execution-manager-grpc  | [SCHEDULER] 🔕 Timeout disarmed for task 2
execution-manager-grpc  | [SCHEDULER] 3 tasks remaining
execution-manager-grpc  | [gRPC Client Async] Stream completed, received 1 responses
execution-manager-grpc  | [GRPC THREAD 2] Completed
execution-manager-grpc  | [gRPC Client Async] Response #1 - Status: COMPLETED
execution-manager-grpc  | 🎉 [T=14371 ms] Task 1 'sum1' COMPLETED
execution-manager-grpc  | [EXECUTION MANAGER] ⏱️ T2=809423340.498 ms | Thread started (server measured)
execution-manager-grpc  | [EXECUTION MANAGER] ⏱️ T3=809427710.298 ms | Task completed (server measured)
execution-manager-grpc  | [EXECUTION MANAGER] ⏱️ T4=809427710.737 ms | Result received by client
execution-manager-grpc  |    [TASK EXECUTION] 4369.801 ms (T3-T2, measured in thread)
execution-manager-grpc  |    [RESULT] {"result": 0}
execution-manager-grpc  | 
execution-manager-grpc  | ╔═══════════════════════════════════════════════════════════════╗
execution-manager-grpc  | ║           END-TO-END TIMING MEASUREMENT RECAP                 ║
execution-manager-grpc  | ║                   Task 1: sum1                                 
execution-manager-grpc  | ╠═══════════════════════════════════════════════════════════════╣
execution-manager-grpc  | ║ T1 (start_request)    = 809423339.738 ms                        ║
execution-manager-grpc  | ║ T2 (end_request)      = 809423340.498 ms                        ║
execution-manager-grpc  | ║ T3 (start_result)     = 809427710.298 ms                        ║
execution-manager-grpc  | ║ T4 (end_result)       = 809427710.737 ms                        ║
execution-manager-grpc  | ╠═══════════════════════════════════════════════════════════════╣
execution-manager-grpc  | ║ METRICS:                                                      ║
execution-manager-grpc  | ║   Request Latency    =        0.759 ms  (T2 - T1)            ║
execution-manager-grpc  | ║   Task Execution     =     4369.801 ms  (T3 - T2)            ║
execution-manager-grpc  | ║   Response Latency   =        0.439 ms  (T4 - T3)            ║
execution-manager-grpc  | ║   Total End-to-End   =     4370.999 ms  (T4 - T1)            ║
execution-manager-grpc  | ║   Network Overhead   =        1.198 ms  (Req + Resp)         ║
execution-manager-grpc  | ╚═══════════════════════════════════════════════════════════════╝
execution-manager-grpc  | 
execution-manager-grpc  | [EPOLL] T=14371 ms: epoll_wait returned 1 event(s)
execution-manager-grpc  | [EPOLL] event[0]: type=2 task=NULL
execution-manager-grpc  | [SCHEDULER] ✅ T=14371 ms: Task 1 'sum1' completed with status 2
execution-manager-grpc  | [SCHEDULER] 🔕 Timeout disarmed for task 1
execution-manager-grpc  | [SCHEDULER] 2 tasks remaining
execution-manager-grpc  | [gRPC Client Async] Stream completed, received 1 responses
execution-manager-grpc  | [GRPC THREAD 1] Completed
execution-manager-grpc  | [EPOLL] T=20000 ms: epoll_wait returned 1 event(s)
execution-manager-grpc  | [EPOLL] event[0]: type=0 task=sum3
execution-manager-grpc  | [SCHEDULER] ⏰ T=20000 ms | T_wall=809433339.681 ms: Launching task 3 'sum3' (deadline: 50000 ms)
execution-manager-grpc  | [SCHEDULER] 🕐 Timeout armed for task 3 at T=50000 ms (in 30000 ms)
execution-manager-grpc  | [GRPC THREAD 3] Starting...
execution-manager-grpc  | [EXECUTION MANAGER] ⏱️ T1=809433339.760 ms | Sending gRPC request for task 3 'sum3'
execution-manager-grpc  | [gRPC Channel Pool] Reusing existing channel for localhost:50053 (state=2)
execution-manager-grpc  | [gRPC Client Async] Calling task 'sum3' at localhost:50053
execution-manager-grpc  | [gRPC Client Async] Inputs: {"total_ops": 800, "io_percentage": 50}
execution-manager-grpc  | [EPOLL] T=21000 ms: epoll_wait returned 1 event(s)
execution-manager-grpc  | [EPOLL] event[0]: type=0 task=sum4
execution-manager-grpc  | [SCHEDULER] ⏰ T=21000 ms | T_wall=809434339.689 ms: Launching task 4 'sum4' (deadline: 51000 ms)
execution-manager-grpc  | [SCHEDULER] 🕐 Timeout armed for task 4 at T=51000 ms (in 30000 ms)
execution-manager-grpc  | [GRPC THREAD 4] Starting...
execution-manager-grpc  | [EXECUTION MANAGER] ⏱️ T1=809434339.774 ms | Sending gRPC request for task 4 'sum4'
execution-manager-grpc  | [gRPC Channel Pool] Reusing existing channel for localhost:50054 (state=2)
execution-manager-grpc  | [gRPC Client Async] Calling task 'sum4' at localhost:50054
execution-manager-grpc  | [gRPC Client Async] Inputs: {"total_ops": 800, "io_percentage": 50}
execution-manager-grpc  | [gRPC Client Async] Response #1 - Status: COMPLETED
execution-manager-grpc  | 🎉 [T=22191 ms] Task 3 'sum3' COMPLETED
execution-manager-grpc  | [EXECUTION MANAGER] ⏱️ T2=809433340.262 ms | Thread started (server measured)
execution-manager-grpc  | [EXECUTION MANAGER] ⏱️ T3=809435530.165 ms | Task completed (server measured)
execution-manager-grpc  | [EXECUTION MANAGER] ⏱️ T4=809435530.613 ms | Result received by client
execution-manager-grpc  |    [TASK EXECUTION] 2189.902 ms (T3-T2, measured in thread)
execution-manager-grpc  |    [RESULT] {"result": 0}
execution-manager-grpc  | 
execution-manager-grpc  | ╔═══════════════════════════════════════════════════════════════╗
execution-manager-grpc  | ║           END-TO-END TIMING MEASUREMENT RECAP                 ║
execution-manager-grpc  | ║                   Task 3: sum3                                 
execution-manager-grpc  | ╠═══════════════════════════════════════════════════════════════╣
execution-manager-grpc  | ║ T1 (start_request)    = 809433339.760 ms                        ║
execution-manager-grpc  | ║ T2 (end_request)      = 809433340.262 ms                        ║
execution-manager-grpc  | ║ T3 (start_result)     = 809435530.165 ms                        ║
execution-manager-grpc  | ║ T4 (end_result)       = 809435530.613 ms                        ║
execution-manager-grpc  | ╠═══════════════════════════════════════════════════════════════╣
execution-manager-grpc  | ║ METRICS:                                                      ║
execution-manager-grpc  | ║   Request Latency    =        0.502 ms  (T2 - T1)            ║
execution-manager-grpc  | ║   Task Execution     =     2189.902 ms  (T3 - T2)            ║
execution-manager-grpc  | ║   Response Latency   =        0.448 ms  (T4 - T3)            ║
execution-manager-grpc  | ║   Total End-to-End   =     2190.852 ms  (T4 - T1)            ║
execution-manager-grpc  | ║   Network Overhead   =        0.950 ms  (Req + Resp)         ║
execution-manager-grpc  | ╚═══════════════════════════════════════════════════════════════╝
execution-manager-grpc  | 
execution-manager-grpc  | [EPOLL] T=22191 ms: epoll_wait returned 1 event(s)
execution-manager-grpc  | [EPOLL] event[0]: type=2 task=NULL
execution-manager-grpc  | [SCHEDULER] ✅ T=22191 ms: Task 3 'sum3' completed with status 2
execution-manager-grpc  | [SCHEDULER] 🔕 Timeout disarmed for task 3
execution-manager-grpc  | [SCHEDULER] 1 tasks remaining
execution-manager-grpc  | [gRPC Client Async] Stream completed, received 1 responses
execution-manager-grpc  | [GRPC THREAD 3] Completed
execution-manager-grpc  | [gRPC Client Async] Response #1 - Status: COMPLETED
execution-manager-grpc  | 🎉 [T=24381 ms] Task 4 'sum4' COMPLETED
execution-manager-grpc  | [EXECUTION MANAGER] ⏱️ T2=809435530.216 ms | Thread started (server measured)
execution-manager-grpc  | [EXECUTION MANAGER] ⏱️ T3=809437720.465 ms | Task completed (server measured)
execution-manager-grpc  | [EXECUTION MANAGER] ⏱️ T4=809437720.874 ms | Result received by client
execution-manager-grpc  |    [TASK EXECUTION] 2190.248 ms (T3-T2, measured in thread)
execution-manager-grpc  |    [RESULT] {"result": 0}
execution-manager-grpc  | 
execution-manager-grpc  | ╔═══════════════════════════════════════════════════════════════╗
execution-manager-grpc  | ║           END-TO-END TIMING MEASUREMENT RECAP                 ║
execution-manager-grpc  | ║                   Task 4: sum4                                 
execution-manager-grpc  | ╠═══════════════════════════════════════════════════════════════╣
execution-manager-grpc  | ║ T1 (start_request)    = 809434339.774 ms                        ║
execution-manager-grpc  | ║ T2 (end_request)      = 809435530.216 ms                        ║
execution-manager-grpc  | ║ T3 (start_result)     = 809437720.465 ms                        ║
execution-manager-grpc  | ║ T4 (end_result)       = 809437720.874 ms                        ║
execution-manager-grpc  | ╠═══════════════════════════════════════════════════════════════╣
execution-manager-grpc  | ║ METRICS:                                                      ║
execution-manager-grpc  | ║   Request Latency    =     1190.442 ms  (T2 - T1)            ║
execution-manager-grpc  | ║   Task Execution     =     2190.248 ms  (T3 - T2)            ║
execution-manager-grpc  | ║   Response Latency   =        0.409 ms  (T4 - T3)            ║
execution-manager-grpc  | ║   Total End-to-End   =     3381.100 ms  (T4 - T1)            ║
execution-manager-grpc  | ║   Network Overhead   =     1190.851 ms  (Req + Resp)         ║
execution-manager-grpc  | ╚═══════════════════════════════════════════════════════════════╝
execution-manager-grpc  | 
execution-manager-grpc  | [EPOLL] T=24381 ms: epoll_wait returned 1 event(s)
execution-manager-grpc  | [EPOLL] event[0]: type=2 task=NULL
execution-manager-grpc  | [SCHEDULER] ✅ T=24381 ms: Task 4 'sum4' completed with status 2
execution-manager-grpc  | [SCHEDULER] 🔕 Timeout disarmed for task 4
execution-manager-grpc  | [SCHEDULER] 0 tasks remaining
execution-manager-grpc  | 
execution-manager-grpc  | [SCHEDULER] 🏁 Iteration 37/50 complete!
execution-manager-grpc  | [SCHEDULER] Iteration execution time: 24381 ms
execution-manager-grpc  | 
execution-manager-grpc  | 
execution-manager-grpc  | [SCHEDULER] 🔁 ===== ITERATION 38 / 50 =====
execution-manager-grpc  | 
execution-manager-grpc  | [SCHEDULER] 🚀 Schedule started at T=0
execution-manager-grpc  | 
execution-manager-grpc  | [SCHEDULER] 🔄 Entering event loop (NO SLEEP - event-driven!)
execution-manager-grpc  | 
execution-manager-grpc  | [gRPC Client Async] Stream completed, received 1 responses
execution-manager-grpc  | [GRPC THREAD 4] Completed
execution-manager-grpc  | [EPOLL] T=10000 ms: epoll_wait returned 1 event(s)
execution-manager-grpc  | [EPOLL] event[0]: type=0 task=sum1
execution-manager-grpc  | [SCHEDULER] ⏰ T=10001 ms | T_wall=809447721.010 ms: Launching task 1 'sum1' (deadline: 40000 ms)
execution-manager-grpc  | [SCHEDULER] 🕐 Timeout armed for task 1 at T=40000 ms (in 29999 ms)
execution-manager-grpc  | [GRPC THREAD 1] Starting...
execution-manager-grpc  | [EXECUTION MANAGER] ⏱️ T1=809447721.088 ms | Sending gRPC request for task 1 'sum1'
execution-manager-grpc  | [gRPC Channel Pool] Reusing existing channel for localhost:50051 (state=2)
execution-manager-grpc  | [gRPC Client Async] Calling task 'sum1' at localhost:50051
execution-manager-grpc  | [gRPC Client Async] Inputs: {"total_ops": 800, "io_percentage": 50}
execution-manager-grpc  | [EPOLL] T=11001 ms: epoll_wait returned 1 event(s)
execution-manager-grpc  | [EPOLL] event[0]: type=0 task=sum2
execution-manager-grpc  | [SCHEDULER] ⏰ T=11001 ms | T_wall=809448721.018 ms: Launching task 2 'sum2' (deadline: 41000 ms)
execution-manager-grpc  | [SCHEDULER] 🕐 Timeout armed for task 2 at T=41000 ms (in 29999 ms)
execution-manager-grpc  | [GRPC THREAD 2] Starting...
execution-manager-grpc  | [EXECUTION MANAGER] ⏱️ T1=809448721.124 ms | Sending gRPC request for task 2 'sum2'
execution-manager-grpc  | [gRPC Channel Pool] Reusing existing channel for localhost:50052 (state=2)
execution-manager-grpc  | [gRPC Client Async] Calling task 'sum2' at localhost:50052
execution-manager-grpc  | [gRPC Client Async] Inputs: {"total_ops": 800, "io_percentage": 50}
execution-manager-grpc  | [gRPC Client Async] Response #1 - Status: COMPLETED
execution-manager-grpc  | 🎉 [T=13194 ms] Task 2 'sum2' COMPLETED
execution-manager-grpc  | [EXECUTION MANAGER] ⏱️ T2=809448721.616 ms | Thread started (server measured)
execution-manager-grpc  | [EXECUTION MANAGER] ⏱️ T3=809450913.625 ms | Task completed (server measured)
execution-manager-grpc  | [EXECUTION MANAGER] ⏱️ T4=809450914.121 ms | Result received by client
execution-manager-grpc  |    [TASK EXECUTION] 2192.009 ms (T3-T2, measured in thread)
execution-manager-grpc  |    [RESULT] {"result": 0}
execution-manager-grpc  | 
execution-manager-grpc  | ╔═══════════════════════════════════════════════════════════════╗
execution-manager-grpc  | ║           END-TO-END TIMING MEASUREMENT RECAP                 ║
execution-manager-grpc  | ║                   Task 2: sum2                                 
execution-manager-grpc  | ╠═══════════════════════════════════════════════════════════════╣
execution-manager-grpc  | ║ T1 (start_request)    = 809448721.124 ms                        ║
execution-manager-grpc  | ║ T2 (end_request)      = 809448721.616 ms                        ║
execution-manager-grpc  | ║ T3 (start_result)     = 809450913.625 ms                        ║
execution-manager-grpc  | ║ T4 (end_result)       = 809450914.121 ms                        ║
execution-manager-grpc  | ╠═══════════════════════════════════════════════════════════════╣
execution-manager-grpc  | ║ METRICS:                                                      ║
execution-manager-grpc  | ║   Request Latency    =        0.492 ms  (T2 - T1)            ║
execution-manager-grpc  | ║   Task Execution     =     2192.009 ms  (T3 - T2)            ║
execution-manager-grpc  | ║   Response Latency   =        0.496 ms  (T4 - T3)            ║
execution-manager-grpc  | ║   Total End-to-End   =     2192.997 ms  (T4 - T1)            ║
execution-manager-grpc  | ║   Network Overhead   =        0.988 ms  (Req + Resp)         ║
execution-manager-grpc  | ╚═══════════════════════════════════════════════════════════════╝
execution-manager-grpc  | 
execution-manager-grpc  | [EPOLL] T=13194 ms: epoll_wait returned 1 event(s)
execution-manager-grpc  | [EPOLL] event[0]: type=2 task=NULL
execution-manager-grpc  | [SCHEDULER] ✅ T=13194 ms: Task 2 'sum2' completed with status 2
execution-manager-grpc  | [SCHEDULER] 🔕 Timeout disarmed for task 2
execution-manager-grpc  | [SCHEDULER] 3 tasks remaining
execution-manager-grpc  | [gRPC Client Async] Stream completed, received 1 responses
execution-manager-grpc  | [GRPC THREAD 2] Completed
execution-manager-grpc  | [gRPC Client Async] Response #1 - Status: COMPLETED
execution-manager-grpc  | 🎉 [T=14375 ms] Task 1 'sum1' COMPLETED
execution-manager-grpc  | [EXECUTION MANAGER] ⏱️ T2=809447721.853 ms | Thread started (server measured)
execution-manager-grpc  | [EXECUTION MANAGER] ⏱️ T3=809452094.589 ms | Task completed (server measured)
execution-manager-grpc  | [EXECUTION MANAGER] ⏱️ T4=809452095.106 ms | Result received by client
execution-manager-grpc  |    [TASK EXECUTION] 4372.735 ms (T3-T2, measured in thread)
execution-manager-grpc  |    [RESULT] {"result": 0}
execution-manager-grpc  | 
execution-manager-grpc  | ╔═══════════════════════════════════════════════════════════════╗
execution-manager-grpc  | ║           END-TO-END TIMING MEASUREMENT RECAP                 ║
execution-manager-grpc  | ║                   Task 1: sum1                                 
execution-manager-grpc  | ╠═══════════════════════════════════════════════════════════════╣
execution-manager-grpc  | ║ T1 (start_request)    = 809447721.088 ms                        ║
execution-manager-grpc  | ║ T2 (end_request)      = 809447721.853 ms                        ║
execution-manager-grpc  | ║ T3 (start_result)     = 809452094.589 ms                        ║
execution-manager-grpc  | ║ T4 (end_result)       = 809452095.106 ms                        ║
execution-manager-grpc  | ╠═══════════════════════════════════════════════════════════════╣
execution-manager-grpc  | ║ METRICS:                                                      ║
execution-manager-grpc  | ║   Request Latency    =        0.765 ms  (T2 - T1)            ║
execution-manager-grpc  | ║   Task Execution     =     4372.735 ms  (T3 - T2)            ║
execution-manager-grpc  | ║   Response Latency   =        0.517 ms  (T4 - T3)            ║
execution-manager-grpc  | ║   Total End-to-End   =     4374.018 ms  (T4 - T1)            ║
execution-manager-grpc  | ║   Network Overhead   =        1.282 ms  (Req + Resp)         ║
execution-manager-grpc  | ╚═══════════════════════════════════════════════════════════════╝
execution-manager-grpc  | 
execution-manager-grpc  | [EPOLL] T=14375 ms: epoll_wait returned 1 event(s)
execution-manager-grpc  | [EPOLL] event[0]: type=2 task=NULL
execution-manager-grpc  | [SCHEDULER] ✅ T=14375 ms: Task 1 'sum1' completed with status 2
execution-manager-grpc  | [SCHEDULER] 🔕 Timeout disarmed for task 1
execution-manager-grpc  | [SCHEDULER] 2 tasks remaining
execution-manager-grpc  | [gRPC Client Async] Stream completed, received 1 responses
execution-manager-grpc  | [GRPC THREAD 1] Completed
execution-manager-grpc  | [EPOLL] T=20001 ms: epoll_wait returned 1 event(s)
execution-manager-grpc  | [EPOLL] event[0]: type=0 task=sum3
execution-manager-grpc  | [SCHEDULER] ⏰ T=20001 ms | T_wall=809457721.139 ms: Launching task 3 'sum3' (deadline: 50000 ms)
execution-manager-grpc  | [SCHEDULER] 🕐 Timeout armed for task 3 at T=50000 ms (in 29999 ms)
execution-manager-grpc  | [GRPC THREAD 3] Starting...
execution-manager-grpc  | [EXECUTION MANAGER] ⏱️ T1=809457721.225 ms | Sending gRPC request for task 3 'sum3'
execution-manager-grpc  | [gRPC Channel Pool] Reusing existing channel for localhost:50053 (state=2)
execution-manager-grpc  | [gRPC Client Async] Calling task 'sum3' at localhost:50053
execution-manager-grpc  | [gRPC Client Async] Inputs: {"total_ops": 800, "io_percentage": 50}
execution-manager-grpc  | [EPOLL] T=21001 ms: epoll_wait returned 1 event(s)
execution-manager-grpc  | [EPOLL] event[0]: type=0 task=sum4
execution-manager-grpc  | [SCHEDULER] ⏰ T=21001 ms | T_wall=809458721.044 ms: Launching task 4 'sum4' (deadline: 51000 ms)
execution-manager-grpc  | [SCHEDULER] 🕐 Timeout armed for task 4 at T=51000 ms (in 29999 ms)
execution-manager-grpc  | [GRPC THREAD 4] Starting...
execution-manager-grpc  | [EXECUTION MANAGER] ⏱️ T1=809458721.143 ms | Sending gRPC request for task 4 'sum4'
execution-manager-grpc  | [gRPC Channel Pool] Reusing existing channel for localhost:50054 (state=2)
execution-manager-grpc  | [gRPC Client Async] Calling task 'sum4' at localhost:50054
execution-manager-grpc  | [gRPC Client Async] Inputs: {"total_ops": 800, "io_percentage": 50}
execution-manager-grpc  | [gRPC Client Async] Response #1 - Status: COMPLETED
execution-manager-grpc  | 🎉 [T=22193 ms] Task 3 'sum3' COMPLETED
execution-manager-grpc  | [EXECUTION MANAGER] ⏱️ T2=809457722.198 ms | Thread started (server measured)
execution-manager-grpc  | [EXECUTION MANAGER] ⏱️ T3=809459912.997 ms | Task completed (server measured)
execution-manager-grpc  | [EXECUTION MANAGER] ⏱️ T4=809459913.499 ms | Result received by client
execution-manager-grpc  |    [TASK EXECUTION] 2190.799 ms (T3-T2, measured in thread)
execution-manager-grpc  |    [RESULT] {"result": 0}
execution-manager-grpc  | 
execution-manager-grpc  | ╔═══════════════════════════════════════════════════════════════╗
execution-manager-grpc  | ║           END-TO-END TIMING MEASUREMENT RECAP                 ║
execution-manager-grpc  | ║                   Task 3: sum3                                 
execution-manager-grpc  | ╠═══════════════════════════════════════════════════════════════╣
execution-manager-grpc  | ║ T1 (start_request)    = 809457721.225 ms                        ║
execution-manager-grpc  | ║ T2 (end_request)      = 809457722.198 ms                        ║
execution-manager-grpc  | ║ T3 (start_result)     = 809459912.997 ms                        ║
execution-manager-grpc  | ║ T4 (end_result)       = 809459913.499 ms                        ║
execution-manager-grpc  | ╠═══════════════════════════════════════════════════════════════╣
execution-manager-grpc  | ║ METRICS:                                                      ║
execution-manager-grpc  | ║   Request Latency    =        0.973 ms  (T2 - T1)            ║
execution-manager-grpc  | ║   Task Execution     =     2190.799 ms  (T3 - T2)            ║
execution-manager-grpc  | ║   Response Latency   =        0.502 ms  (T4 - T3)            ║
execution-manager-grpc  | ║   Total End-to-End   =     2192.274 ms  (T4 - T1)            ║
execution-manager-grpc  | ║   Network Overhead   =        1.475 ms  (Req + Resp)         ║
execution-manager-grpc  | ╚═══════════════════════════════════════════════════════════════╝
execution-manager-grpc  | 
execution-manager-grpc  | [EPOLL] T=22193 ms: epoll_wait returned 1 event(s)
execution-manager-grpc  | [EPOLL] event[0]: type=2 task=NULL
execution-manager-grpc  | [SCHEDULER] ✅ T=22193 ms: Task 3 'sum3' completed with status 2
execution-manager-grpc  | [SCHEDULER] 🔕 Timeout disarmed for task 3
execution-manager-grpc  | [SCHEDULER] 1 tasks remaining
execution-manager-grpc  | [gRPC Client Async] Stream completed, received 1 responses
execution-manager-grpc  | [GRPC THREAD 3] Completed
execution-manager-grpc  | [gRPC Client Async] Response #1 - Status: COMPLETED
execution-manager-grpc  | 🎉 [T=24385 ms] Task 4 'sum4' COMPLETED
execution-manager-grpc  | [EXECUTION MANAGER] ⏱️ T2=809459913.065 ms | Thread started (server measured)
execution-manager-grpc  | [EXECUTION MANAGER] ⏱️ T3=809462105.133 ms | Task completed (server measured)
execution-manager-grpc  | [EXECUTION MANAGER] ⏱️ T4=809462105.578 ms | Result received by client
execution-manager-grpc  |    [TASK EXECUTION] 2192.068 ms (T3-T2, measured in thread)
execution-manager-grpc  |    [RESULT] {"result": 0}
execution-manager-grpc  | 
execution-manager-grpc  | ╔═══════════════════════════════════════════════════════════════╗
execution-manager-grpc  | ║           END-TO-END TIMING MEASUREMENT RECAP                 ║
execution-manager-grpc  | ║                   Task 4: sum4                                 
execution-manager-grpc  | ╠═══════════════════════════════════════════════════════════════╣
execution-manager-grpc  | ║ T1 (start_request)    = 809458721.143 ms                        ║
execution-manager-grpc  | ║ T2 (end_request)      = 809459913.065 ms                        ║
execution-manager-grpc  | ║ T3 (start_result)     = 809462105.133 ms                        ║
execution-manager-grpc  | ║ T4 (end_result)       = 809462105.578 ms                        ║
execution-manager-grpc  | ╠═══════════════════════════════════════════════════════════════╣
execution-manager-grpc  | ║ METRICS:                                                      ║
execution-manager-grpc  | ║   Request Latency    =     1191.921 ms  (T2 - T1)            ║
execution-manager-grpc  | ║   Task Execution     =     2192.068 ms  (T3 - T2)            ║
execution-manager-grpc  | ║   Response Latency   =        0.445 ms  (T4 - T3)            ║
execution-manager-grpc  | ║   Total End-to-End   =     3384.434 ms  (T4 - T1)            ║
execution-manager-grpc  | ║   Network Overhead   =     1192.366 ms  (Req + Resp)         ║
execution-manager-grpc  | ╚═══════════════════════════════════════════════════════════════╝
execution-manager-grpc  | 
execution-manager-grpc  | [EPOLL] T=24385 ms: epoll_wait returned 1 event(s)
execution-manager-grpc  | [EPOLL] event[0]: type=2 task=NULL
execution-manager-grpc  | [SCHEDULER] ✅ T=24385 ms: Task 4 'sum4' completed with status 2
execution-manager-grpc  | [SCHEDULER] 🔕 Timeout disarmed for task 4
execution-manager-grpc  | [SCHEDULER] 0 tasks remaining
execution-manager-grpc  | 
execution-manager-grpc  | [SCHEDULER] 🏁 Iteration 38/50 complete!
execution-manager-grpc  | [SCHEDULER] Iteration execution time: 24385 ms
execution-manager-grpc  | 
execution-manager-grpc  | 
execution-manager-grpc  | [SCHEDULER] 🔁 ===== ITERATION 39 / 50 =====
execution-manager-grpc  | 
execution-manager-grpc  | [SCHEDULER] 🚀 Schedule started at T=0
execution-manager-grpc  | 
execution-manager-grpc  | [SCHEDULER] 🔄 Entering event loop (NO SLEEP - event-driven!)
execution-manager-grpc  | 
execution-manager-grpc  | [gRPC Client Async] Stream completed, received 1 responses
execution-manager-grpc  | [GRPC THREAD 4] Completed
execution-manager-grpc  | [EPOLL] T=10000 ms: epoll_wait returned 1 event(s)
execution-manager-grpc  | [EPOLL] event[0]: type=0 task=sum1
execution-manager-grpc  | [SCHEDULER] ⏰ T=10000 ms | T_wall=809472105.713 ms: Launching task 1 'sum1' (deadline: 40000 ms)
execution-manager-grpc  | [SCHEDULER] 🕐 Timeout armed for task 1 at T=40000 ms (in 30000 ms)
execution-manager-grpc  | [GRPC THREAD 1] Starting...
execution-manager-grpc  | [EXECUTION MANAGER] ⏱️ T1=809472105.798 ms | Sending gRPC request for task 1 'sum1'
execution-manager-grpc  | [gRPC Channel Pool] Reusing existing channel for localhost:50051 (state=2)
execution-manager-grpc  | [gRPC Client Async] Calling task 'sum1' at localhost:50051
execution-manager-grpc  | [gRPC Client Async] Inputs: {"total_ops": 800, "io_percentage": 50}
execution-manager-grpc  | [EPOLL] T=11000 ms: epoll_wait returned 1 event(s)
execution-manager-grpc  | [EPOLL] event[0]: type=0 task=sum2
execution-manager-grpc  | [SCHEDULER] ⏰ T=11000 ms | T_wall=809473105.720 ms: Launching task 2 'sum2' (deadline: 41000 ms)
execution-manager-grpc  | [SCHEDULER] 🕐 Timeout armed for task 2 at T=41000 ms (in 30000 ms)
execution-manager-grpc  | [GRPC THREAD 2] Starting...
execution-manager-grpc  | [EXECUTION MANAGER] ⏱️ T1=809473105.821 ms | Sending gRPC request for task 2 'sum2'
execution-manager-grpc  | [gRPC Channel Pool] Reusing existing channel for localhost:50052 (state=2)
execution-manager-grpc  | [gRPC Client Async] Calling task 'sum2' at localhost:50052
execution-manager-grpc  | [gRPC Client Async] Inputs: {"total_ops": 800, "io_percentage": 50}
execution-manager-grpc  | [gRPC Client Async] Response #1 - Status: COMPLETED
execution-manager-grpc  | 🎉 [T=13193 ms] Task 2 'sum2' COMPLETED
execution-manager-grpc  | [EXECUTION MANAGER] ⏱️ T2=809473106.347 ms | Thread started (server measured)
execution-manager-grpc  | [EXECUTION MANAGER] ⏱️ T3=809475297.650 ms | Task completed (server measured)
execution-manager-grpc  | [EXECUTION MANAGER] ⏱️ T4=809475298.166 ms | Result received by client
execution-manager-grpc  |    [TASK EXECUTION] 2191.303 ms (T3-T2, measured in thread)
execution-manager-grpc  |    [RESULT] {"result": 0}
execution-manager-grpc  | 
execution-manager-grpc  | ╔═══════════════════════════════════════════════════════════════╗
execution-manager-grpc  | ║           END-TO-END TIMING MEASUREMENT RECAP                 ║
execution-manager-grpc  | ║                   Task 2: sum2                                 
execution-manager-grpc  | ╠═══════════════════════════════════════════════════════════════╣
execution-manager-grpc  | ║ T1 (start_request)    = 809473105.821 ms                        ║
execution-manager-grpc  | ║ T2 (end_request)      = 809473106.347 ms                        ║
execution-manager-grpc  | ║ T3 (start_result)     = 809475297.650 ms                        ║
execution-manager-grpc  | ║ T4 (end_result)       = 809475298.166 ms                        ║
execution-manager-grpc  | ╠═══════════════════════════════════════════════════════════════╣
execution-manager-grpc  | ║ METRICS:                                                      ║
execution-manager-grpc  | ║   Request Latency    =        0.526 ms  (T2 - T1)            ║
execution-manager-grpc  | ║   Task Execution     =     2191.303 ms  (T3 - T2)            ║
execution-manager-grpc  | ║   Response Latency   =        0.516 ms  (T4 - T3)            ║
execution-manager-grpc  | ║   Total End-to-End   =     2192.345 ms  (T4 - T1)            ║
execution-manager-grpc  | ║   Network Overhead   =        1.042 ms  (Req + Resp)         ║
execution-manager-grpc  | ╚═══════════════════════════════════════════════════════════════╝
execution-manager-grpc  | 
execution-manager-grpc  | [EPOLL] T=13193 ms: epoll_wait returned 1 event(s)
execution-manager-grpc  | [EPOLL] event[0]: type=2 task=NULL
execution-manager-grpc  | [SCHEDULER] ✅ T=13193 ms: Task 2 'sum2' completed with status 2
execution-manager-grpc  | [SCHEDULER] 🔕 Timeout disarmed for task 2
execution-manager-grpc  | [SCHEDULER] 3 tasks remaining
execution-manager-grpc  | [gRPC Client Async] Stream completed, received 1 responses
execution-manager-grpc  | [GRPC THREAD 2] Completed
execution-manager-grpc  | [gRPC Client Async] Response #1 - Status: COMPLETED
execution-manager-grpc  | 🎉 [T=14373 ms] Task 1 'sum1' COMPLETED
execution-manager-grpc  | [EXECUTION MANAGER] ⏱️ T2=809472106.356 ms | Thread started (server measured)
execution-manager-grpc  | [EXECUTION MANAGER] ⏱️ T3=809476478.417 ms | Task completed (server measured)
execution-manager-grpc  | [EXECUTION MANAGER] ⏱️ T4=809476478.921 ms | Result received by client
execution-manager-grpc  |    [TASK EXECUTION] 4372.061 ms (T3-T2, measured in thread)
execution-manager-grpc  |    [RESULT] {"result": 0}
execution-manager-grpc  | 
execution-manager-grpc  | ╔═══════════════════════════════════════════════════════════════╗
execution-manager-grpc  | ║           END-TO-END TIMING MEASUREMENT RECAP                 ║
execution-manager-grpc  | ║                   Task 1: sum1                                 
execution-manager-grpc  | ╠═══════════════════════════════════════════════════════════════╣
execution-manager-grpc  | ║ T1 (start_request)    = 809472105.798 ms                        ║
execution-manager-grpc  | ║ T2 (end_request)      = 809472106.356 ms                        ║
execution-manager-grpc  | ║ T3 (start_result)     = 809476478.417 ms                        ║
execution-manager-grpc  | ║ T4 (end_result)       = 809476478.921 ms                        ║
execution-manager-grpc  | ╠═══════════════════════════════════════════════════════════════╣
execution-manager-grpc  | ║ METRICS:                                                      ║
execution-manager-grpc  | ║   Request Latency    =        0.558 ms  (T2 - T1)            ║
execution-manager-grpc  | ║   Task Execution     =     4372.061 ms  (T3 - T2)            ║
execution-manager-grpc  | ║   Response Latency   =        0.504 ms  (T4 - T3)            ║
execution-manager-grpc  | ║   Total End-to-End   =     4373.123 ms  (T4 - T1)            ║
execution-manager-grpc  | ║   Network Overhead   =        1.062 ms  (Req + Resp)         ║
execution-manager-grpc  | ╚═══════════════════════════════════════════════════════════════╝
execution-manager-grpc  | 
execution-manager-grpc  | [EPOLL] T=14373 ms: epoll_wait returned 1 event(s)
execution-manager-grpc  | [EPOLL] event[0]: type=2 task=NULL
execution-manager-grpc  | [SCHEDULER] ✅ T=14373 ms: Task 1 'sum1' completed with status 2
execution-manager-grpc  | [SCHEDULER] 🔕 Timeout disarmed for task 1
execution-manager-grpc  | [SCHEDULER] 2 tasks remaining
execution-manager-grpc  | [gRPC Client Async] Stream completed, received 1 responses
execution-manager-grpc  | [GRPC THREAD 1] Completed
execution-manager-grpc  | [EPOLL] T=20000 ms: epoll_wait returned 1 event(s)
execution-manager-grpc  | [EPOLL] event[0]: type=0 task=sum3
execution-manager-grpc  | [SCHEDULER] ⏰ T=20000 ms | T_wall=809482105.732 ms: Launching task 3 'sum3' (deadline: 50000 ms)
execution-manager-grpc  | [SCHEDULER] 🕐 Timeout armed for task 3 at T=50000 ms (in 30000 ms)
execution-manager-grpc  | [GRPC THREAD 3] Starting...
execution-manager-grpc  | [EXECUTION MANAGER] ⏱️ T1=809482105.826 ms | Sending gRPC request for task 3 'sum3'
execution-manager-grpc  | [gRPC Channel Pool] Reusing existing channel for localhost:50053 (state=2)
execution-manager-grpc  | [gRPC Client Async] Calling task 'sum3' at localhost:50053
execution-manager-grpc  | [gRPC Client Async] Inputs: {"total_ops": 800, "io_percentage": 50}
execution-manager-grpc  | [EPOLL] T=21000 ms: epoll_wait returned 1 event(s)
execution-manager-grpc  | [EPOLL] event[0]: type=0 task=sum4
execution-manager-grpc  | [SCHEDULER] ⏰ T=21000 ms | T_wall=809483105.744 ms: Launching task 4 'sum4' (deadline: 51000 ms)
execution-manager-grpc  | [SCHEDULER] 🕐 Timeout armed for task 4 at T=51000 ms (in 30000 ms)
execution-manager-grpc  | [GRPC THREAD 4] Starting...
execution-manager-grpc  | [EXECUTION MANAGER] ⏱️ T1=809483105.850 ms | Sending gRPC request for task 4 'sum4'
execution-manager-grpc  | [gRPC Channel Pool] Reusing existing channel for localhost:50054 (state=2)
execution-manager-grpc  | [gRPC Client Async] Calling task 'sum4' at localhost:50054
execution-manager-grpc  | [gRPC Client Async] Inputs: {"total_ops": 800, "io_percentage": 50}
execution-manager-grpc  | [gRPC Client Async] Response #1 - Status: COMPLETED
execution-manager-grpc  | 🎉 [T=22193 ms] Task 3 'sum3' COMPLETED
execution-manager-grpc  | [EXECUTION MANAGER] ⏱️ T2=809482106.851 ms | Thread started (server measured)
execution-manager-grpc  | [EXECUTION MANAGER] ⏱️ T3=809484298.361 ms | Task completed (server measured)
execution-manager-grpc  | [EXECUTION MANAGER] ⏱️ T4=809484298.827 ms | Result received by client
execution-manager-grpc  |    [TASK EXECUTION] 2191.510 ms (T3-T2, measured in thread)
execution-manager-grpc  |    [RESULT] {"result": 0}
execution-manager-grpc  | 
execution-manager-grpc  | ╔═══════════════════════════════════════════════════════════════╗
execution-manager-grpc  | ║           END-TO-END TIMING MEASUREMENT RECAP                 ║
execution-manager-grpc  | ║                   Task 3: sum3                                 
execution-manager-grpc  | ╠═══════════════════════════════════════════════════════════════╣
execution-manager-grpc  | ║ T1 (start_request)    = 809482105.826 ms                        ║
execution-manager-grpc  | ║ T2 (end_request)      = 809482106.851 ms                        ║
execution-manager-grpc  | ║ T3 (start_result)     = 809484298.361 ms                        ║
execution-manager-grpc  | ║ T4 (end_result)       = 809484298.827 ms                        ║
execution-manager-grpc  | ╠═══════════════════════════════════════════════════════════════╣
execution-manager-grpc  | ║ METRICS:                                                      ║
execution-manager-grpc  | ║   Request Latency    =        1.025 ms  (T2 - T1)            ║
execution-manager-grpc  | ║   Task Execution     =     2191.510 ms  (T3 - T2)            ║
execution-manager-grpc  | ║   Response Latency   =        0.466 ms  (T4 - T3)            ║
execution-manager-grpc  | ║   Total End-to-End   =     2193.001 ms  (T4 - T1)            ║
execution-manager-grpc  | ║   Network Overhead   =        1.491 ms  (Req + Resp)         ║
execution-manager-grpc  | ╚═══════════════════════════════════════════════════════════════╝
execution-manager-grpc  | 
execution-manager-grpc  | [EPOLL] T=22193 ms: epoll_wait returned 1 event(s)
execution-manager-grpc  | [EPOLL] event[0]: type=2 task=NULL
execution-manager-grpc  | [SCHEDULER] ✅ T=22193 ms: Task 3 'sum3' completed with status 2
execution-manager-grpc  | [SCHEDULER] 🔕 Timeout disarmed for task 3
execution-manager-grpc  | [SCHEDULER] 1 tasks remaining
execution-manager-grpc  | [gRPC Client Async] Stream completed, received 1 responses
execution-manager-grpc  | [GRPC THREAD 3] Completed
execution-manager-grpc  | [gRPC Client Async] Response #1 - Status: COMPLETED
execution-manager-grpc  | 🎉 [T=24386 ms] Task 4 'sum4' COMPLETED
execution-manager-grpc  | [EXECUTION MANAGER] ⏱️ T2=809484298.417 ms | Thread started (server measured)
execution-manager-grpc  | [EXECUTION MANAGER] ⏱️ T3=809486490.782 ms | Task completed (server measured)
execution-manager-grpc  | [EXECUTION MANAGER] ⏱️ T4=809486491.236 ms | Result received by client
execution-manager-grpc  |    [TASK EXECUTION] 2192.365 ms (T3-T2, measured in thread)
execution-manager-grpc  |    [RESULT] {"result": 0}
execution-manager-grpc  | 
execution-manager-grpc  | ╔═══════════════════════════════════════════════════════════════╗
execution-manager-grpc  | ║           END-TO-END TIMING MEASUREMENT RECAP                 ║
execution-manager-grpc  | ║                   Task 4: sum4                                 
execution-manager-grpc  | ╠═══════════════════════════════════════════════════════════════╣
execution-manager-grpc  | ║ T1 (start_request)    = 809483105.850 ms                        ║
execution-manager-grpc  | ║ T2 (end_request)      = 809484298.417 ms                        ║
execution-manager-grpc  | ║ T3 (start_result)     = 809486490.782 ms                        ║
execution-manager-grpc  | ║ T4 (end_result)       = 809486491.236 ms                        ║
execution-manager-grpc  | ╠═══════════════════════════════════════════════════════════════╣
execution-manager-grpc  | ║ METRICS:                                                      ║
execution-manager-grpc  | ║   Request Latency    =     1192.568 ms  (T2 - T1)            ║
execution-manager-grpc  | ║   Task Execution     =     2192.365 ms  (T3 - T2)            ║
execution-manager-grpc  | ║   Response Latency   =        0.454 ms  (T4 - T3)            ║
execution-manager-grpc  | ║   Total End-to-End   =     3385.387 ms  (T4 - T1)            ║
execution-manager-grpc  | ║   Network Overhead   =     1193.022 ms  (Req + Resp)         ║
execution-manager-grpc  | ╚═══════════════════════════════════════════════════════════════╝
execution-manager-grpc  | 
execution-manager-grpc  | [EPOLL] T=24386 ms: epoll_wait returned 1 event(s)
execution-manager-grpc  | [EPOLL] event[0]: type=2 task=NULL
execution-manager-grpc  | [SCHEDULER] ✅ T=24386 ms: Task 4 'sum4' completed with status 2
execution-manager-grpc  | [SCHEDULER] 🔕 Timeout disarmed for task 4
execution-manager-grpc  | [SCHEDULER] 0 tasks remaining
execution-manager-grpc  | 
execution-manager-grpc  | [SCHEDULER] 🏁 Iteration 39/50 complete!
execution-manager-grpc  | [SCHEDULER] Iteration execution time: 24386 ms
execution-manager-grpc  | 
execution-manager-grpc  | 
execution-manager-grpc  | [SCHEDULER] 🔁 ===== ITERATION 40 / 50 =====
execution-manager-grpc  | 
execution-manager-grpc  | [SCHEDULER] 🚀 Schedule started at T=0
execution-manager-grpc  | 
execution-manager-grpc  | [SCHEDULER] 🔄 Entering event loop (NO SLEEP - event-driven!)
execution-manager-grpc  | 
execution-manager-grpc  | [gRPC Client Async] Stream completed, received 1 responses
execution-manager-grpc  | [GRPC THREAD 4] Completed
execution-manager-grpc  | [EPOLL] T=10000 ms: epoll_wait returned 1 event(s)
execution-manager-grpc  | [EPOLL] event[0]: type=0 task=sum1
execution-manager-grpc  | [SCHEDULER] ⏰ T=10000 ms | T_wall=809496491.372 ms: Launching task 1 'sum1' (deadline: 40000 ms)
execution-manager-grpc  | [SCHEDULER] 🕐 Timeout armed for task 1 at T=40000 ms (in 30000 ms)
execution-manager-grpc  | [GRPC THREAD 1] Starting...
execution-manager-grpc  | [EXECUTION MANAGER] ⏱️ T1=809496491.475 ms | Sending gRPC request for task 1 'sum1'
execution-manager-grpc  | [gRPC Channel Pool] Reusing existing channel for localhost:50051 (state=2)
execution-manager-grpc  | [gRPC Client Async] Calling task 'sum1' at localhost:50051
execution-manager-grpc  | [gRPC Client Async] Inputs: {"total_ops": 800, "io_percentage": 50}
execution-manager-grpc  | [EPOLL] T=11000 ms: epoll_wait returned 1 event(s)
execution-manager-grpc  | [EPOLL] event[0]: type=0 task=sum2
execution-manager-grpc  | [SCHEDULER] ⏰ T=11000 ms | T_wall=809497491.384 ms: Launching task 2 'sum2' (deadline: 41000 ms)
execution-manager-grpc  | [SCHEDULER] 🕐 Timeout armed for task 2 at T=41000 ms (in 30000 ms)
execution-manager-grpc  | [GRPC THREAD 2] Starting...
execution-manager-grpc  | [EXECUTION MANAGER] ⏱️ T1=809497491.466 ms | Sending gRPC request for task 2 'sum2'
execution-manager-grpc  | [gRPC Channel Pool] Reusing existing channel for localhost:50052 (state=2)
execution-manager-grpc  | [gRPC Client Async] Calling task 'sum2' at localhost:50052
execution-manager-grpc  | [gRPC Client Async] Inputs: {"total_ops": 800, "io_percentage": 50}
execution-manager-grpc  | [gRPC Client Async] Response #1 - Status: COMPLETED
execution-manager-grpc  | 🎉 [T=13193 ms] Task 2 'sum2' COMPLETED
execution-manager-grpc  | [EXECUTION MANAGER] ⏱️ T2=809497491.983 ms | Thread started (server measured)
execution-manager-grpc  | [EXECUTION MANAGER] ⏱️ T3=809499683.777 ms | Task completed (server measured)
execution-manager-grpc  | [EXECUTION MANAGER] ⏱️ T4=809499684.238 ms | Result received by client
execution-manager-grpc  |    [TASK EXECUTION] 2191.793 ms (T3-T2, measured in thread)
execution-manager-grpc  |    [RESULT] {"result": 0}
execution-manager-grpc  | 
execution-manager-grpc  | ╔═══════════════════════════════════════════════════════════════╗
execution-manager-grpc  | ║           END-TO-END TIMING MEASUREMENT RECAP                 ║
execution-manager-grpc  | ║                   Task 2: sum2                                 
execution-manager-grpc  | ╠═══════════════════════════════════════════════════════════════╣
execution-manager-grpc  | ║ T1 (start_request)    = 809497491.466 ms                        ║
execution-manager-grpc  | ║ T2 (end_request)      = 809497491.983 ms                        ║
execution-manager-grpc  | ║ T3 (start_result)     = 809499683.777 ms                        ║
execution-manager-grpc  | ║ T4 (end_result)       = 809499684.238 ms                        ║
execution-manager-grpc  | ╠═══════════════════════════════════════════════════════════════╣
execution-manager-grpc  | ║ METRICS:                                                      ║
execution-manager-grpc  | ║   Request Latency    =        0.517 ms  (T2 - T1)            ║
execution-manager-grpc  | ║   Task Execution     =     2191.793 ms  (T3 - T2)            ║
execution-manager-grpc  | ║   Response Latency   =        0.461 ms  (T4 - T3)            ║
execution-manager-grpc  | ║   Total End-to-End   =     2192.772 ms  (T4 - T1)            ║
execution-manager-grpc  | ║   Network Overhead   =        0.978 ms  (Req + Resp)         ║
execution-manager-grpc  | ╚═══════════════════════════════════════════════════════════════╝
execution-manager-grpc  | 
execution-manager-grpc  | [EPOLL] T=13193 ms: epoll_wait returned 1 event(s)
execution-manager-grpc  | [EPOLL] event[0]: type=2 task=NULL
execution-manager-grpc  | [SCHEDULER] ✅ T=13193 ms: Task 2 'sum2' completed with status 2
execution-manager-grpc  | [SCHEDULER] 🔕 Timeout disarmed for task 2
execution-manager-grpc  | [SCHEDULER] 3 tasks remaining
execution-manager-grpc  | [gRPC Client Async] Stream completed, received 1 responses
execution-manager-grpc  | [GRPC THREAD 2] Completed
execution-manager-grpc  | [gRPC Client Async] Response #1 - Status: COMPLETED
execution-manager-grpc  | 🎉 [T=14375 ms] Task 1 'sum1' COMPLETED
execution-manager-grpc  | [EXECUTION MANAGER] ⏱️ T2=809496492.144 ms | Thread started (server measured)
execution-manager-grpc  | [EXECUTION MANAGER] ⏱️ T3=809500865.511 ms | Task completed (server measured)
execution-manager-grpc  | [EXECUTION MANAGER] ⏱️ T4=809500866.076 ms | Result received by client
execution-manager-grpc  |    [TASK EXECUTION] 4373.368 ms (T3-T2, measured in thread)
execution-manager-grpc  |    [RESULT] {"result": 0}
execution-manager-grpc  | 
execution-manager-grpc  | ╔═══════════════════════════════════════════════════════════════╗
execution-manager-grpc  | ║           END-TO-END TIMING MEASUREMENT RECAP                 ║
execution-manager-grpc  | ║                   Task 1: sum1                                 
execution-manager-grpc  | ╠═══════════════════════════════════════════════════════════════╣
execution-manager-grpc  | ║ T1 (start_request)    = 809496491.475 ms                        ║
execution-manager-grpc  | ║ T2 (end_request)      = 809496492.144 ms                        ║
execution-manager-grpc  | ║ T3 (start_result)     = 809500865.511 ms                        ║
execution-manager-grpc  | ║ T4 (end_result)       = 809500866.076 ms                        ║
execution-manager-grpc  | ╠═══════════════════════════════════════════════════════════════╣
execution-manager-grpc  | ║ METRICS:                                                      ║
execution-manager-grpc  | ║   Request Latency    =        0.668 ms  (T2 - T1)            ║
execution-manager-grpc  | ║   Task Execution     =     4373.368 ms  (T3 - T2)            ║
execution-manager-grpc  | ║   Response Latency   =        0.565 ms  (T4 - T3)            ║
execution-manager-grpc  | ║   Total End-to-End   =     4374.601 ms  (T4 - T1)            ║
execution-manager-grpc  | ║   Network Overhead   =        1.233 ms  (Req + Resp)         ║
execution-manager-grpc  | ╚═══════════════════════════════════════════════════════════════╝
execution-manager-grpc  | 
execution-manager-grpc  | [EPOLL] T=14375 ms: epoll_wait returned 1 event(s)
execution-manager-grpc  | [EPOLL] event[0]: type=2 task=NULL
execution-manager-grpc  | [SCHEDULER] ✅ T=14375 ms: Task 1 'sum1' completed with status 2
execution-manager-grpc  | [SCHEDULER] 🔕 Timeout disarmed for task 1
execution-manager-grpc  | [SCHEDULER] 2 tasks remaining
execution-manager-grpc  | [gRPC Client Async] Stream completed, received 1 responses
execution-manager-grpc  | [GRPC THREAD 1] Completed
execution-manager-grpc  | [EPOLL] T=20000 ms: epoll_wait returned 1 event(s)
execution-manager-grpc  | [EPOLL] event[0]: type=0 task=sum3
execution-manager-grpc  | [SCHEDULER] ⏰ T=20000 ms | T_wall=809506491.394 ms: Launching task 3 'sum3' (deadline: 50000 ms)
execution-manager-grpc  | [SCHEDULER] 🕐 Timeout armed for task 3 at T=50000 ms (in 30000 ms)
execution-manager-grpc  | [GRPC THREAD 3] Starting...
execution-manager-grpc  | [EXECUTION MANAGER] ⏱️ T1=809506491.489 ms | Sending gRPC request for task 3 'sum3'
execution-manager-grpc  | [gRPC Channel Pool] Reusing existing channel for localhost:50053 (state=2)
execution-manager-grpc  | [gRPC Client Async] Calling task 'sum3' at localhost:50053
execution-manager-grpc  | [gRPC Client Async] Inputs: {"total_ops": 800, "io_percentage": 50}
execution-manager-grpc  | [EPOLL] T=21000 ms: epoll_wait returned 1 event(s)
execution-manager-grpc  | [EPOLL] event[0]: type=0 task=sum4
execution-manager-grpc  | [SCHEDULER] ⏰ T=21000 ms | T_wall=809507491.398 ms: Launching task 4 'sum4' (deadline: 51000 ms)
execution-manager-grpc  | [SCHEDULER] 🕐 Timeout armed for task 4 at T=51000 ms (in 30000 ms)
execution-manager-grpc  | [GRPC THREAD 4] Starting...
execution-manager-grpc  | [EXECUTION MANAGER] ⏱️ T1=809507491.504 ms | Sending gRPC request for task 4 'sum4'
execution-manager-grpc  | [gRPC Channel Pool] Reusing existing channel for localhost:50054 (state=2)
execution-manager-grpc  | [gRPC Client Async] Calling task 'sum4' at localhost:50054
execution-manager-grpc  | [gRPC Client Async] Inputs: {"total_ops": 800, "io_percentage": 50}
execution-manager-grpc  | [gRPC Client Async] Response #1 - Status: COMPLETED
execution-manager-grpc  | 🎉 [T=22192 ms] Task 3 'sum3' COMPLETED
execution-manager-grpc  | [EXECUTION MANAGER] ⏱️ T2=809506492.142 ms | Thread started (server measured)
execution-manager-grpc  | [EXECUTION MANAGER] ⏱️ T3=809508682.691 ms | Task completed (server measured)
execution-manager-grpc  | [EXECUTION MANAGER] ⏱️ T4=809508683.152 ms | Result received by client
execution-manager-grpc  |    [TASK EXECUTION] 2190.549 ms (T3-T2, measured in thread)
execution-manager-grpc  |    [RESULT] {"result": 0}
execution-manager-grpc  | 
execution-manager-grpc  | ╔═══════════════════════════════════════════════════════════════╗
execution-manager-grpc  | ║           END-TO-END TIMING MEASUREMENT RECAP                 ║
execution-manager-grpc  | ║                   Task 3: sum3                                 
execution-manager-grpc  | ╠═══════════════════════════════════════════════════════════════╣
execution-manager-grpc  | ║ T1 (start_request)    = 809506491.489 ms                        ║
execution-manager-grpc  | ║ T2 (end_request)      = 809506492.142 ms                        ║
execution-manager-grpc  | ║ T3 (start_result)     = 809508682.691 ms                        ║
execution-manager-grpc  | ║ T4 (end_result)       = 809508683.152 ms                        ║
execution-manager-grpc  | ╠═══════════════════════════════════════════════════════════════╣
execution-manager-grpc  | ║ METRICS:                                                      ║
execution-manager-grpc  | ║   Request Latency    =        0.653 ms  (T2 - T1)            ║
execution-manager-grpc  | ║   Task Execution     =     2190.549 ms  (T3 - T2)            ║
execution-manager-grpc  | ║   Response Latency   =        0.461 ms  (T4 - T3)            ║
execution-manager-grpc  | ║   Total End-to-End   =     2191.664 ms  (T4 - T1)            ║
execution-manager-grpc  | ║   Network Overhead   =        1.114 ms  (Req + Resp)         ║
execution-manager-grpc  | ╚═══════════════════════════════════════════════════════════════╝
execution-manager-grpc  | 
execution-manager-grpc  | [EPOLL] T=22192 ms: epoll_wait returned 1 event(s)
execution-manager-grpc  | [EPOLL] event[0]: type=2 task=NULL
execution-manager-grpc  | [SCHEDULER] ✅ T=22192 ms: Task 3 'sum3' completed with status 2
execution-manager-grpc  | [SCHEDULER] 🔕 Timeout disarmed for task 3
execution-manager-grpc  | [SCHEDULER] 1 tasks remaining
execution-manager-grpc  | [gRPC Client Async] Stream completed, received 1 responses
execution-manager-grpc  | [GRPC THREAD 3] Completed
execution-manager-grpc  | [gRPC Client Async] Response #1 - Status: COMPLETED
execution-manager-grpc  | 🎉 [T=24383 ms] Task 4 'sum4' COMPLETED
execution-manager-grpc  | [EXECUTION MANAGER] ⏱️ T2=809508682.744 ms | Thread started (server measured)
execution-manager-grpc  | [EXECUTION MANAGER] ⏱️ T3=809510874.050 ms | Task completed (server measured)
execution-manager-grpc  | [EXECUTION MANAGER] ⏱️ T4=809510874.485 ms | Result received by client
execution-manager-grpc  |    [TASK EXECUTION] 2191.306 ms (T3-T2, measured in thread)
execution-manager-grpc  |    [RESULT] {"result": 0}
execution-manager-grpc  | 
execution-manager-grpc  | ╔═══════════════════════════════════════════════════════════════╗
execution-manager-grpc  | ║           END-TO-END TIMING MEASUREMENT RECAP                 ║
execution-manager-grpc  | ║                   Task 4: sum4                                 
execution-manager-grpc  | ╠═══════════════════════════════════════════════════════════════╣
execution-manager-grpc  | ║ T1 (start_request)    = 809507491.504 ms                        ║
execution-manager-grpc  | ║ T2 (end_request)      = 809508682.744 ms                        ║
execution-manager-grpc  | ║ T3 (start_result)     = 809510874.050 ms                        ║
execution-manager-grpc  | ║ T4 (end_result)       = 809510874.485 ms                        ║
execution-manager-grpc  | ╠═══════════════════════════════════════════════════════════════╣
execution-manager-grpc  | ║ METRICS:                                                      ║
execution-manager-grpc  | ║   Request Latency    =     1191.240 ms  (T2 - T1)            ║
execution-manager-grpc  | ║   Task Execution     =     2191.306 ms  (T3 - T2)            ║
execution-manager-grpc  | ║   Response Latency   =        0.436 ms  (T4 - T3)            ║
execution-manager-grpc  | ║   Total End-to-End   =     3382.981 ms  (T4 - T1)            ║
execution-manager-grpc  | ║   Network Overhead   =     1191.675 ms  (Req + Resp)         ║
execution-manager-grpc  | ╚═══════════════════════════════════════════════════════════════╝
execution-manager-grpc  | 
execution-manager-grpc  | [EPOLL] T=24383 ms: epoll_wait returned 1 event(s)
execution-manager-grpc  | [EPOLL] event[0]: type=2 task=NULL
execution-manager-grpc  | [SCHEDULER] ✅ T=24383 ms: Task 4 'sum4' completed with status 2
execution-manager-grpc  | [SCHEDULER] 🔕 Timeout disarmed for task 4
execution-manager-grpc  | [SCHEDULER] 0 tasks remaining
execution-manager-grpc  | 
execution-manager-grpc  | [SCHEDULER] 🏁 Iteration 40/50 complete!
execution-manager-grpc  | [SCHEDULER] Iteration execution time: 24383 ms
execution-manager-grpc  | 
execution-manager-grpc  | 
execution-manager-grpc  | [SCHEDULER] 🔁 ===== ITERATION 41 / 50 =====
execution-manager-grpc  | 
execution-manager-grpc  | [SCHEDULER] 🚀 Schedule started at T=0
execution-manager-grpc  | 
execution-manager-grpc  | [SCHEDULER] 🔄 Entering event loop (NO SLEEP - event-driven!)
execution-manager-grpc  | 
execution-manager-grpc  | [gRPC Client Async] Stream completed, received 1 responses
execution-manager-grpc  | [GRPC THREAD 4] Completed
execution-manager-grpc  | [EPOLL] T=10000 ms: epoll_wait returned 1 event(s)
execution-manager-grpc  | [EPOLL] event[0]: type=0 task=sum1
execution-manager-grpc  | [SCHEDULER] ⏰ T=10000 ms | T_wall=809520874.625 ms: Launching task 1 'sum1' (deadline: 40000 ms)
execution-manager-grpc  | [SCHEDULER] 🕐 Timeout armed for task 1 at T=40000 ms (in 30000 ms)
execution-manager-grpc  | [GRPC THREAD 1] Starting...
execution-manager-grpc  | [EXECUTION MANAGER] ⏱️ T1=809520874.707 ms | Sending gRPC request for task 1 'sum1'
execution-manager-grpc  | [gRPC Channel Pool] Reusing existing channel for localhost:50051 (state=2)
execution-manager-grpc  | [gRPC Client Async] Calling task 'sum1' at localhost:50051
execution-manager-grpc  | [gRPC Client Async] Inputs: {"total_ops": 800, "io_percentage": 50}
execution-manager-grpc  | [EPOLL] T=11000 ms: epoll_wait returned 1 event(s)
execution-manager-grpc  | [EPOLL] event[0]: type=0 task=sum2
execution-manager-grpc  | [SCHEDULER] ⏰ T=11000 ms | T_wall=809521874.631 ms: Launching task 2 'sum2' (deadline: 41000 ms)
execution-manager-grpc  | [SCHEDULER] 🕐 Timeout armed for task 2 at T=41000 ms (in 30000 ms)
execution-manager-grpc  | [GRPC THREAD 2] Starting...
execution-manager-grpc  | [EXECUTION MANAGER] ⏱️ T1=809521874.727 ms | Sending gRPC request for task 2 'sum2'
execution-manager-grpc  | [gRPC Channel Pool] Reusing existing channel for localhost:50052 (state=2)
execution-manager-grpc  | [gRPC Client Async] Calling task 'sum2' at localhost:50052
execution-manager-grpc  | [gRPC Client Async] Inputs: {"total_ops": 800, "io_percentage": 50}
execution-manager-grpc  | [gRPC Client Async] Response #1 - Status: COMPLETED
execution-manager-grpc  | 🎉 [T=13191 ms] Task 2 'sum2' COMPLETED
execution-manager-grpc  | [EXECUTION MANAGER] ⏱️ T2=809521875.229 ms | Thread started (server measured)
execution-manager-grpc  | [EXECUTION MANAGER] ⏱️ T3=809524065.202 ms | Task completed (server measured)
execution-manager-grpc  | [EXECUTION MANAGER] ⏱️ T4=809524065.673 ms | Result received by client
execution-manager-grpc  |    [TASK EXECUTION] 2189.973 ms (T3-T2, measured in thread)
execution-manager-grpc  |    [RESULT] {"result": 0}
execution-manager-grpc  | 
execution-manager-grpc  | ╔═══════════════════════════════════════════════════════════════╗
execution-manager-grpc  | ║           END-TO-END TIMING MEASUREMENT RECAP                 ║
execution-manager-grpc  | ║                   Task 2: sum2                                 
execution-manager-grpc  | ╠═══════════════════════════════════════════════════════════════╣
execution-manager-grpc  | ║ T1 (start_request)    = 809521874.727 ms                        ║
execution-manager-grpc  | ║ T2 (end_request)      = 809521875.229 ms                        ║
execution-manager-grpc  | ║ T3 (start_result)     = 809524065.202 ms                        ║
execution-manager-grpc  | ║ T4 (end_result)       = 809524065.673 ms                        ║
execution-manager-grpc  | ╠═══════════════════════════════════════════════════════════════╣
execution-manager-grpc  | ║ METRICS:                                                      ║
execution-manager-grpc  | ║   Request Latency    =        0.502 ms  (T2 - T1)            ║
execution-manager-grpc  | ║   Task Execution     =     2189.973 ms  (T3 - T2)            ║
execution-manager-grpc  | ║   Response Latency   =        0.471 ms  (T4 - T3)            ║
execution-manager-grpc  | ║   Total End-to-End   =     2190.946 ms  (T4 - T1)            ║
execution-manager-grpc  | ║   Network Overhead   =        0.973 ms  (Req + Resp)         ║
execution-manager-grpc  | ╚═══════════════════════════════════════════════════════════════╝
execution-manager-grpc  | 
execution-manager-grpc  | [EPOLL] T=13191 ms: epoll_wait returned 1 event(s)
execution-manager-grpc  | [EPOLL] event[0]: type=2 task=NULL
execution-manager-grpc  | [SCHEDULER] ✅ T=13191 ms: Task 2 'sum2' completed with status 2
execution-manager-grpc  | [SCHEDULER] 🔕 Timeout disarmed for task 2
execution-manager-grpc  | [SCHEDULER] 3 tasks remaining
execution-manager-grpc  | [gRPC Client Async] Stream completed, received 1 responses
execution-manager-grpc  | [GRPC THREAD 2] Completed
execution-manager-grpc  | [gRPC Client Async] Response #1 - Status: COMPLETED
execution-manager-grpc  | 🎉 [T=14371 ms] Task 1 'sum1' COMPLETED
execution-manager-grpc  | [EXECUTION MANAGER] ⏱️ T2=809520875.366 ms | Thread started (server measured)
execution-manager-grpc  | [EXECUTION MANAGER] ⏱️ T3=809525245.107 ms | Task completed (server measured)
execution-manager-grpc  | [EXECUTION MANAGER] ⏱️ T4=809525245.550 ms | Result received by client
execution-manager-grpc  |    [TASK EXECUTION] 4369.741 ms (T3-T2, measured in thread)
execution-manager-grpc  |    [RESULT] {"result": 0}
execution-manager-grpc  | 
execution-manager-grpc  | ╔═══════════════════════════════════════════════════════════════╗
execution-manager-grpc  | ║           END-TO-END TIMING MEASUREMENT RECAP                 ║
execution-manager-grpc  | ║                   Task 1: sum1                                 
execution-manager-grpc  | ╠═══════════════════════════════════════════════════════════════╣
execution-manager-grpc  | ║ T1 (start_request)    = 809520874.707 ms                        ║
execution-manager-grpc  | ║ T2 (end_request)      = 809520875.366 ms                        ║
execution-manager-grpc  | ║ T3 (start_result)     = 809525245.107 ms                        ║
execution-manager-grpc  | ║ T4 (end_result)       = 809525245.550 ms                        ║
execution-manager-grpc  | ╠═══════════════════════════════════════════════════════════════╣
execution-manager-grpc  | ║ METRICS:                                                      ║
execution-manager-grpc  | ║   Request Latency    =        0.659 ms  (T2 - T1)            ║
execution-manager-grpc  | ║   Task Execution     =     4369.741 ms  (T3 - T2)            ║
execution-manager-grpc  | ║   Response Latency   =        0.443 ms  (T4 - T3)            ║
execution-manager-grpc  | ║   Total End-to-End   =     4370.843 ms  (T4 - T1)            ║
execution-manager-grpc  | ║   Network Overhead   =        1.102 ms  (Req + Resp)         ║
execution-manager-grpc  | ╚═══════════════════════════════════════════════════════════════╝
execution-manager-grpc  | 
execution-manager-grpc  | [EPOLL] T=14371 ms: epoll_wait returned 1 event(s)
execution-manager-grpc  | [EPOLL] event[0]: type=2 task=NULL
execution-manager-grpc  | [SCHEDULER] ✅ T=14371 ms: Task 1 'sum1' completed with status 2
execution-manager-grpc  | [SCHEDULER] 🔕 Timeout disarmed for task 1
execution-manager-grpc  | [SCHEDULER] 2 tasks remaining
execution-manager-grpc  | [gRPC Client Async] Stream completed, received 1 responses
execution-manager-grpc  | [GRPC THREAD 1] Completed
execution-manager-grpc  | [EPOLL] T=20000 ms: epoll_wait returned 1 event(s)
execution-manager-grpc  | [EPOLL] event[0]: type=0 task=sum3
execution-manager-grpc  | [SCHEDULER] ⏰ T=20000 ms | T_wall=809530874.645 ms: Launching task 3 'sum3' (deadline: 50000 ms)
execution-manager-grpc  | [SCHEDULER] 🕐 Timeout armed for task 3 at T=50000 ms (in 30000 ms)
execution-manager-grpc  | [GRPC THREAD 3] Starting...
execution-manager-grpc  | [EXECUTION MANAGER] ⏱️ T1=809530874.720 ms | Sending gRPC request for task 3 'sum3'
execution-manager-grpc  | [gRPC Channel Pool] Reusing existing channel for localhost:50053 (state=2)
execution-manager-grpc  | [gRPC Client Async] Calling task 'sum3' at localhost:50053
execution-manager-grpc  | [gRPC Client Async] Inputs: {"total_ops": 800, "io_percentage": 50}
execution-manager-grpc  | [EPOLL] T=21000 ms: epoll_wait returned 1 event(s)
execution-manager-grpc  | [EPOLL] event[0]: type=0 task=sum4
execution-manager-grpc  | [SCHEDULER] ⏰ T=21000 ms | T_wall=809531874.651 ms: Launching task 4 'sum4' (deadline: 51000 ms)
execution-manager-grpc  | [SCHEDULER] 🕐 Timeout armed for task 4 at T=51000 ms (in 30000 ms)
execution-manager-grpc  | [GRPC THREAD 4] Starting...
execution-manager-grpc  | [EXECUTION MANAGER] ⏱️ T1=809531874.760 ms | Sending gRPC request for task 4 'sum4'
execution-manager-grpc  | [gRPC Channel Pool] Reusing existing channel for localhost:50054 (state=2)
execution-manager-grpc  | [gRPC Client Async] Calling task 'sum4' at localhost:50054
execution-manager-grpc  | [gRPC Client Async] Inputs: {"total_ops": 800, "io_percentage": 50}
execution-manager-grpc  | [gRPC Client Async] Response #1 - Status: COMPLETED
execution-manager-grpc  | 🎉 [T=22190 ms] Task 3 'sum3' COMPLETED
execution-manager-grpc  | [EXECUTION MANAGER] ⏱️ T2=809530875.263 ms | Thread started (server measured)
execution-manager-grpc  | [EXECUTION MANAGER] ⏱️ T3=809533064.367 ms | Task completed (server measured)
execution-manager-grpc  | [EXECUTION MANAGER] ⏱️ T4=809533064.844 ms | Result received by client
execution-manager-grpc  |    [TASK EXECUTION] 2189.105 ms (T3-T2, measured in thread)
execution-manager-grpc  |    [RESULT] {"result": 0}
execution-manager-grpc  | 
execution-manager-grpc  | ╔═══════════════════════════════════════════════════════════════╗
execution-manager-grpc  | ║           END-TO-END TIMING MEASUREMENT RECAP                 ║
execution-manager-grpc  | ║                   Task 3: sum3                                 
execution-manager-grpc  | ╠═══════════════════════════════════════════════════════════════╣
execution-manager-grpc  | ║ T1 (start_request)    = 809530874.720 ms                        ║
execution-manager-grpc  | ║ T2 (end_request)      = 809530875.263 ms                        ║
execution-manager-grpc  | ║ T3 (start_result)     = 809533064.367 ms                        ║
execution-manager-grpc  | ║ T4 (end_result)       = 809533064.844 ms                        ║
execution-manager-grpc  | ╠═══════════════════════════════════════════════════════════════╣
execution-manager-grpc  | ║ METRICS:                                                      ║
execution-manager-grpc  | ║   Request Latency    =        0.542 ms  (T2 - T1)            ║
execution-manager-grpc  | ║   Task Execution     =     2189.105 ms  (T3 - T2)            ║
execution-manager-grpc  | ║   Response Latency   =        0.477 ms  (T4 - T3)            ║
execution-manager-grpc  | ║   Total End-to-End   =     2190.124 ms  (T4 - T1)            ║
execution-manager-grpc  | ║   Network Overhead   =        1.019 ms  (Req + Resp)         ║
execution-manager-grpc  | ╚═══════════════════════════════════════════════════════════════╝
execution-manager-grpc  | 
execution-manager-grpc  | [EPOLL] T=22190 ms: epoll_wait returned 1 event(s)
execution-manager-grpc  | [EPOLL] event[0]: type=2 task=NULL
execution-manager-grpc  | [SCHEDULER] ✅ T=22190 ms: Task 3 'sum3' completed with status 2
execution-manager-grpc  | [SCHEDULER] 🔕 Timeout disarmed for task 3
execution-manager-grpc  | [SCHEDULER] 1 tasks remaining
execution-manager-grpc  | [gRPC Client Async] Stream completed, received 1 responses
execution-manager-grpc  | [GRPC THREAD 3] Completed
execution-manager-grpc  | [gRPC Client Async] Response #1 - Status: COMPLETED
execution-manager-grpc  | 🎉 [T=24380 ms] Task 4 'sum4' COMPLETED
execution-manager-grpc  | [EXECUTION MANAGER] ⏱️ T2=809533064.415 ms | Thread started (server measured)
execution-manager-grpc  | [EXECUTION MANAGER] ⏱️ T3=809535254.175 ms | Task completed (server measured)
execution-manager-grpc  | [EXECUTION MANAGER] ⏱️ T4=809535254.605 ms | Result received by client
execution-manager-grpc  |    [TASK EXECUTION] 2189.760 ms (T3-T2, measured in thread)
execution-manager-grpc  |    [RESULT] {"result": 0}
execution-manager-grpc  | 
execution-manager-grpc  | ╔═══════════════════════════════════════════════════════════════╗
execution-manager-grpc  | ║           END-TO-END TIMING MEASUREMENT RECAP                 ║
execution-manager-grpc  | ║                   Task 4: sum4                                 
execution-manager-grpc  | ╠═══════════════════════════════════════════════════════════════╣
execution-manager-grpc  | ║ T1 (start_request)    = 809531874.760 ms                        ║
execution-manager-grpc  | ║ T2 (end_request)      = 809533064.415 ms                        ║
execution-manager-grpc  | ║ T3 (start_result)     = 809535254.175 ms                        ║
execution-manager-grpc  | ║ T4 (end_result)       = 809535254.605 ms                        ║
execution-manager-grpc  | ╠═══════════════════════════════════════════════════════════════╣
execution-manager-grpc  | ║ METRICS:                                                      ║
execution-manager-grpc  | ║   Request Latency    =     1189.655 ms  (T2 - T1)            ║
execution-manager-grpc  | ║   Task Execution     =     2189.760 ms  (T3 - T2)            ║
execution-manager-grpc  | ║   Response Latency   =        0.430 ms  (T4 - T3)            ║
execution-manager-grpc  | ║   Total End-to-End   =     3379.845 ms  (T4 - T1)            ║
execution-manager-grpc  | ║   Network Overhead   =     1190.085 ms  (Req + Resp)         ║
execution-manager-grpc  | ╚═══════════════════════════════════════════════════════════════╝
execution-manager-grpc  | 
execution-manager-grpc  | [EPOLL] T=24380 ms: epoll_wait returned 1 event(s)
execution-manager-grpc  | [EPOLL] event[0]: type=2 task=NULL
execution-manager-grpc  | [SCHEDULER] ✅ T=24380 ms: Task 4 'sum4' completed with status 2
execution-manager-grpc  | [SCHEDULER] 🔕 Timeout disarmed for task 4
execution-manager-grpc  | [SCHEDULER] 0 tasks remaining
execution-manager-grpc  | 
execution-manager-grpc  | [SCHEDULER] 🏁 Iteration 41/50 complete!
execution-manager-grpc  | [SCHEDULER] Iteration execution time: 24380 ms
execution-manager-grpc  | 
execution-manager-grpc  | 
execution-manager-grpc  | [SCHEDULER] 🔁 ===== ITERATION 42 / 50 =====
execution-manager-grpc  | 
execution-manager-grpc  | [SCHEDULER] 🚀 Schedule started at T=0
execution-manager-grpc  | 
execution-manager-grpc  | [SCHEDULER] 🔄 Entering event loop (NO SLEEP - event-driven!)
execution-manager-grpc  | 
execution-manager-grpc  | [gRPC Client Async] Stream completed, received 1 responses
execution-manager-grpc  | [GRPC THREAD 4] Completed
execution-manager-grpc  | [EPOLL] T=10000 ms: epoll_wait returned 1 event(s)
execution-manager-grpc  | [EPOLL] event[0]: type=0 task=sum1
execution-manager-grpc  | [SCHEDULER] ⏰ T=10000 ms | T_wall=809545254.735 ms: Launching task 1 'sum1' (deadline: 40000 ms)
execution-manager-grpc  | [SCHEDULER] 🕐 Timeout armed for task 1 at T=40000 ms (in 30000 ms)
execution-manager-grpc  | [GRPC THREAD 1] Starting...
execution-manager-grpc  | [EXECUTION MANAGER] ⏱️ T1=809545254.813 ms | Sending gRPC request for task 1 'sum1'
execution-manager-grpc  | [gRPC Channel Pool] Reusing existing channel for localhost:50051 (state=2)
execution-manager-grpc  | [gRPC Client Async] Calling task 'sum1' at localhost:50051
execution-manager-grpc  | [gRPC Client Async] Inputs: {"total_ops": 800, "io_percentage": 50}
execution-manager-grpc  | [EPOLL] T=11000 ms: epoll_wait returned 1 event(s)
execution-manager-grpc  | [EPOLL] event[0]: type=0 task=sum2
execution-manager-grpc  | [SCHEDULER] ⏰ T=11000 ms | T_wall=809546254.748 ms: Launching task 2 'sum2' (deadline: 41000 ms)
execution-manager-grpc  | [SCHEDULER] 🕐 Timeout armed for task 2 at T=41000 ms (in 30000 ms)
execution-manager-grpc  | [GRPC THREAD 2] Starting...
execution-manager-grpc  | [EXECUTION MANAGER] ⏱️ T1=809546254.842 ms | Sending gRPC request for task 2 'sum2'
execution-manager-grpc  | [gRPC Channel Pool] Reusing existing channel for localhost:50052 (state=2)
execution-manager-grpc  | [gRPC Client Async] Calling task 'sum2' at localhost:50052
execution-manager-grpc  | [gRPC Client Async] Inputs: {"total_ops": 800, "io_percentage": 50}
execution-manager-grpc  | [gRPC Client Async] Response #1 - Status: COMPLETED
execution-manager-grpc  | 🎉 [T=13190 ms] Task 2 'sum2' COMPLETED
execution-manager-grpc  | [EXECUTION MANAGER] ⏱️ T2=809546255.373 ms | Thread started (server measured)
execution-manager-grpc  | [EXECUTION MANAGER] ⏱️ T3=809548443.986 ms | Task completed (server measured)
execution-manager-grpc  | [EXECUTION MANAGER] ⏱️ T4=809548444.462 ms | Result received by client
execution-manager-grpc  |    [TASK EXECUTION] 2188.613 ms (T3-T2, measured in thread)
execution-manager-grpc  |    [RESULT] {"result": 0}
execution-manager-grpc  | 
execution-manager-grpc  | ╔═══════════════════════════════════════════════════════════════╗
execution-manager-grpc  | ║           END-TO-END TIMING MEASUREMENT RECAP                 ║
execution-manager-grpc  | ║                   Task 2: sum2                                 
execution-manager-grpc  | ╠═══════════════════════════════════════════════════════════════╣
execution-manager-grpc  | ║ T1 (start_request)    = 809546254.842 ms                        ║
execution-manager-grpc  | ║ T2 (end_request)      = 809546255.373 ms                        ║
execution-manager-grpc  | ║ T3 (start_result)     = 809548443.986 ms                        ║
execution-manager-grpc  | ║ T4 (end_result)       = 809548444.462 ms                        ║
execution-manager-grpc  | ╠═══════════════════════════════════════════════════════════════╣
execution-manager-grpc  | ║ METRICS:                                                      ║
execution-manager-grpc  | ║   Request Latency    =        0.531 ms  (T2 - T1)            ║
execution-manager-grpc  | ║   Task Execution     =     2188.613 ms  (T3 - T2)            ║
execution-manager-grpc  | ║   Response Latency   =        0.476 ms  (T4 - T3)            ║
execution-manager-grpc  | ║   Total End-to-End   =     2189.620 ms  (T4 - T1)            ║
execution-manager-grpc  | ║   Network Overhead   =        1.008 ms  (Req + Resp)         ║
execution-manager-grpc  | ╚═══════════════════════════════════════════════════════════════╝
execution-manager-grpc  | 
execution-manager-grpc  | [EPOLL] T=13190 ms: epoll_wait returned 1 event(s)
execution-manager-grpc  | [EPOLL] event[0]: type=2 task=NULL
execution-manager-grpc  | [SCHEDULER] ✅ T=13190 ms: Task 2 'sum2' completed with status 2
execution-manager-grpc  | [SCHEDULER] 🔕 Timeout disarmed for task 2
execution-manager-grpc  | [SCHEDULER] 3 tasks remaining
execution-manager-grpc  | [gRPC Client Async] Stream completed, received 1 responses
execution-manager-grpc  | [GRPC THREAD 2] Completed
execution-manager-grpc  | [gRPC Client Async] Response #1 - Status: COMPLETED
execution-manager-grpc  | 🎉 [T=14369 ms] Task 1 'sum1' COMPLETED
execution-manager-grpc  | [EXECUTION MANAGER] ⏱️ T2=809545255.348 ms | Thread started (server measured)
execution-manager-grpc  | [EXECUTION MANAGER] ⏱️ T3=809549622.537 ms | Task completed (server measured)
execution-manager-grpc  | [EXECUTION MANAGER] ⏱️ T4=809549623.055 ms | Result received by client
execution-manager-grpc  |    [TASK EXECUTION] 4367.189 ms (T3-T2, measured in thread)
execution-manager-grpc  |    [RESULT] {"result": 0}
execution-manager-grpc  | 
execution-manager-grpc  | ╔═══════════════════════════════════════════════════════════════╗
execution-manager-grpc  | ║           END-TO-END TIMING MEASUREMENT RECAP                 ║
execution-manager-grpc  | ║                   Task 1: sum1                                 
execution-manager-grpc  | ╠═══════════════════════════════════════════════════════════════╣
execution-manager-grpc  | ║ T1 (start_request)    = 809545254.813 ms                        ║
execution-manager-grpc  | ║ T2 (end_request)      = 809545255.348 ms                        ║
execution-manager-grpc  | ║ T3 (start_result)     = 809549622.537 ms                        ║
execution-manager-grpc  | ║ T4 (end_result)       = 809549623.055 ms                        ║
execution-manager-grpc  | ╠═══════════════════════════════════════════════════════════════╣
execution-manager-grpc  | ║ METRICS:                                                      ║
execution-manager-grpc  | ║   Request Latency    =        0.535 ms  (T2 - T1)            ║
execution-manager-grpc  | ║   Task Execution     =     4367.189 ms  (T3 - T2)            ║
execution-manager-grpc  | ║   Response Latency   =        0.518 ms  (T4 - T3)            ║
execution-manager-grpc  | ║   Total End-to-End   =     4368.242 ms  (T4 - T1)            ║
execution-manager-grpc  | ║   Network Overhead   =        1.053 ms  (Req + Resp)         ║
execution-manager-grpc  | ╚═══════════════════════════════════════════════════════════════╝
execution-manager-grpc  | 
execution-manager-grpc  | [EPOLL] T=14369 ms: epoll_wait returned 1 event(s)
execution-manager-grpc  | [EPOLL] event[0]: type=2 task=NULL
execution-manager-grpc  | [SCHEDULER] ✅ T=14369 ms: Task 1 'sum1' completed with status 2
execution-manager-grpc  | [SCHEDULER] 🔕 Timeout disarmed for task 1
execution-manager-grpc  | [SCHEDULER] 2 tasks remaining
execution-manager-grpc  | [gRPC Client Async] Stream completed, received 1 responses
execution-manager-grpc  | [GRPC THREAD 1] Completed
execution-manager-grpc  | [EPOLL] T=20000 ms: epoll_wait returned 1 event(s)
execution-manager-grpc  | [EPOLL] event[0]: type=0 task=sum3
execution-manager-grpc  | [SCHEDULER] ⏰ T=20000 ms | T_wall=809555254.762 ms: Launching task 3 'sum3' (deadline: 50000 ms)
execution-manager-grpc  | [SCHEDULER] 🕐 Timeout armed for task 3 at T=50000 ms (in 30000 ms)
execution-manager-grpc  | [GRPC THREAD 3] Starting...
execution-manager-grpc  | [EXECUTION MANAGER] ⏱️ T1=809555254.840 ms | Sending gRPC request for task 3 'sum3'
execution-manager-grpc  | [gRPC Channel Pool] Reusing existing channel for localhost:50053 (state=2)
execution-manager-grpc  | [gRPC Client Async] Calling task 'sum3' at localhost:50053
execution-manager-grpc  | [gRPC Client Async] Inputs: {"total_ops": 800, "io_percentage": 50}
execution-manager-grpc  | [EPOLL] T=21000 ms: epoll_wait returned 1 event(s)
execution-manager-grpc  | [EPOLL] event[0]: type=0 task=sum4
execution-manager-grpc  | [SCHEDULER] ⏰ T=21000 ms | T_wall=809556254.767 ms: Launching task 4 'sum4' (deadline: 51000 ms)
execution-manager-grpc  | [SCHEDULER] 🕐 Timeout armed for task 4 at T=51000 ms (in 30000 ms)
execution-manager-grpc  | [GRPC THREAD 4] Starting...
execution-manager-grpc  | [EXECUTION MANAGER] ⏱️ T1=809556254.868 ms | Sending gRPC request for task 4 'sum4'
execution-manager-grpc  | [gRPC Channel Pool] Reusing existing channel for localhost:50054 (state=2)
execution-manager-grpc  | [gRPC Client Async] Calling task 'sum4' at localhost:50054
execution-manager-grpc  | [gRPC Client Async] Inputs: {"total_ops": 800, "io_percentage": 50}
execution-manager-grpc  | [gRPC Client Async] Response #1 - Status: COMPLETED
execution-manager-grpc  | 🎉 [T=22191 ms] Task 3 'sum3' COMPLETED
execution-manager-grpc  | [EXECUTION MANAGER] ⏱️ T2=809555255.855 ms | Thread started (server measured)
execution-manager-grpc  | [EXECUTION MANAGER] ⏱️ T3=809557444.613 ms | Task completed (server measured)
execution-manager-grpc  | [EXECUTION MANAGER] ⏱️ T4=809557445.079 ms | Result received by client
execution-manager-grpc  |    [TASK EXECUTION] 2188.758 ms (T3-T2, measured in thread)
execution-manager-grpc  |    [RESULT] {"result": 0}
execution-manager-grpc  | 
execution-manager-grpc  | ╔═══════════════════════════════════════════════════════════════╗
execution-manager-grpc  | ║           END-TO-END TIMING MEASUREMENT RECAP                 ║
execution-manager-grpc  | ║                   Task 3: sum3                                 
execution-manager-grpc  | ╠═══════════════════════════════════════════════════════════════╣
execution-manager-grpc  | ║ T1 (start_request)    = 809555254.840 ms                        ║
execution-manager-grpc  | ║ T2 (end_request)      = 809555255.855 ms                        ║
execution-manager-grpc  | ║ T3 (start_result)     = 809557444.613 ms                        ║
execution-manager-grpc  | ║ T4 (end_result)       = 809557445.079 ms                        ║
execution-manager-grpc  | ╠═══════════════════════════════════════════════════════════════╣
execution-manager-grpc  | ║ METRICS:                                                      ║
execution-manager-grpc  | ║   Request Latency    =        1.016 ms  (T2 - T1)            ║
execution-manager-grpc  | ║   Task Execution     =     2188.758 ms  (T3 - T2)            ║
execution-manager-grpc  | ║   Response Latency   =        0.465 ms  (T4 - T3)            ║
execution-manager-grpc  | ║   Total End-to-End   =     2190.239 ms  (T4 - T1)            ║
execution-manager-grpc  | ║   Network Overhead   =        1.481 ms  (Req + Resp)         ║
execution-manager-grpc  | ╚═══════════════════════════════════════════════════════════════╝
execution-manager-grpc  | 
execution-manager-grpc  | [EPOLL] T=22191 ms: epoll_wait returned 1 event(s)
execution-manager-grpc  | [EPOLL] event[0]: type=2 task=NULL
execution-manager-grpc  | [SCHEDULER] ✅ T=22191 ms: Task 3 'sum3' completed with status 2
execution-manager-grpc  | [SCHEDULER] 🔕 Timeout disarmed for task 3
execution-manager-grpc  | [SCHEDULER] 1 tasks remaining
execution-manager-grpc  | [gRPC Client Async] Stream completed, received 1 responses
execution-manager-grpc  | [GRPC THREAD 3] Completed
execution-manager-grpc  | [gRPC Client Async] Response #1 - Status: COMPLETED
execution-manager-grpc  | 🎉 [T=24380 ms] Task 4 'sum4' COMPLETED
execution-manager-grpc  | [EXECUTION MANAGER] ⏱️ T2=809557444.671 ms | Thread started (server measured)
execution-manager-grpc  | [EXECUTION MANAGER] ⏱️ T3=809559633.883 ms | Task completed (server measured)
execution-manager-grpc  | [EXECUTION MANAGER] ⏱️ T4=809559634.323 ms | Result received by client
execution-manager-grpc  |    [TASK EXECUTION] 2189.213 ms (T3-T2, measured in thread)
execution-manager-grpc  |    [RESULT] {"result": 0}
execution-manager-grpc  | 
execution-manager-grpc  | ╔═══════════════════════════════════════════════════════════════╗
execution-manager-grpc  | ║           END-TO-END TIMING MEASUREMENT RECAP                 ║
execution-manager-grpc  | ║                   Task 4: sum4                                 
execution-manager-grpc  | ╠═══════════════════════════════════════════════════════════════╣
execution-manager-grpc  | ║ T1 (start_request)    = 809556254.868 ms                        ║
execution-manager-grpc  | ║ T2 (end_request)      = 809557444.671 ms                        ║
execution-manager-grpc  | ║ T3 (start_result)     = 809559633.883 ms                        ║
execution-manager-grpc  | ║ T4 (end_result)       = 809559634.323 ms                        ║
execution-manager-grpc  | ╠═══════════════════════════════════════════════════════════════╣
execution-manager-grpc  | ║ METRICS:                                                      ║
execution-manager-grpc  | ║   Request Latency    =     1189.802 ms  (T2 - T1)            ║
execution-manager-grpc  | ║   Task Execution     =     2189.213 ms  (T3 - T2)            ║
execution-manager-grpc  | ║   Response Latency   =        0.440 ms  (T4 - T3)            ║
execution-manager-grpc  | ║   Total End-to-End   =     3379.455 ms  (T4 - T1)            ║
execution-manager-grpc  | ║   Network Overhead   =     1190.242 ms  (Req + Resp)         ║
execution-manager-grpc  | ╚═══════════════════════════════════════════════════════════════╝
execution-manager-grpc  | 
execution-manager-grpc  | [EPOLL] T=24380 ms: epoll_wait returned 1 event(s)
execution-manager-grpc  | [EPOLL] event[0]: type=2 task=NULL
execution-manager-grpc  | [SCHEDULER] ✅ T=24380 ms: Task 4 'sum4' completed with status 2
execution-manager-grpc  | [SCHEDULER] 🔕 Timeout disarmed for task 4
execution-manager-grpc  | [SCHEDULER] 0 tasks remaining
execution-manager-grpc  | 
execution-manager-grpc  | [SCHEDULER] 🏁 Iteration 42/50 complete!
execution-manager-grpc  | [SCHEDULER] Iteration execution time: 24380 ms
execution-manager-grpc  | 
execution-manager-grpc  | 
execution-manager-grpc  | [SCHEDULER] 🔁 ===== ITERATION 43 / 50 =====
execution-manager-grpc  | 
execution-manager-grpc  | [SCHEDULER] 🚀 Schedule started at T=0
execution-manager-grpc  | 
execution-manager-grpc  | [SCHEDULER] 🔄 Entering event loop (NO SLEEP - event-driven!)
execution-manager-grpc  | 
execution-manager-grpc  | [gRPC Client Async] Stream completed, received 1 responses
execution-manager-grpc  | [GRPC THREAD 4] Completed
execution-manager-grpc  | [EPOLL] T=10000 ms: epoll_wait returned 1 event(s)
execution-manager-grpc  | [EPOLL] event[0]: type=0 task=sum1
execution-manager-grpc  | [SCHEDULER] ⏰ T=10000 ms | T_wall=809569634.462 ms: Launching task 1 'sum1' (deadline: 40000 ms)
execution-manager-grpc  | [SCHEDULER] 🕐 Timeout armed for task 1 at T=40000 ms (in 30000 ms)
execution-manager-grpc  | [GRPC THREAD 1] Starting...
execution-manager-grpc  | [EXECUTION MANAGER] ⏱️ T1=809569634.544 ms | Sending gRPC request for task 1 'sum1'
execution-manager-grpc  | [gRPC Channel Pool] Reusing existing channel for localhost:50051 (state=2)
execution-manager-grpc  | [gRPC Client Async] Calling task 'sum1' at localhost:50051
execution-manager-grpc  | [gRPC Client Async] Inputs: {"total_ops": 800, "io_percentage": 50}
execution-manager-grpc  | [EPOLL] T=11000 ms: epoll_wait returned 1 event(s)
execution-manager-grpc  | [EPOLL] event[0]: type=0 task=sum2
execution-manager-grpc  | [SCHEDULER] ⏰ T=11000 ms | T_wall=809570634.471 ms: Launching task 2 'sum2' (deadline: 41000 ms)
execution-manager-grpc  | [SCHEDULER] 🕐 Timeout armed for task 2 at T=41000 ms (in 30000 ms)
execution-manager-grpc  | [GRPC THREAD 2] Starting...
execution-manager-grpc  | [EXECUTION MANAGER] ⏱️ T1=809570634.557 ms | Sending gRPC request for task 2 'sum2'
execution-manager-grpc  | [gRPC Channel Pool] Reusing existing channel for localhost:50052 (state=2)
execution-manager-grpc  | [gRPC Client Async] Calling task 'sum2' at localhost:50052
execution-manager-grpc  | [gRPC Client Async] Inputs: {"total_ops": 800, "io_percentage": 50}
execution-manager-grpc  | [gRPC Client Async] Response #1 - Status: COMPLETED
execution-manager-grpc  | 🎉 [T=13192 ms] Task 2 'sum2' COMPLETED
execution-manager-grpc  | [EXECUTION MANAGER] ⏱️ T2=809570635.078 ms | Thread started (server measured)
execution-manager-grpc  | [EXECUTION MANAGER] ⏱️ T3=809572825.713 ms | Task completed (server measured)
execution-manager-grpc  | [EXECUTION MANAGER] ⏱️ T4=809572826.186 ms | Result received by client
execution-manager-grpc  |    [TASK EXECUTION] 2190.635 ms (T3-T2, measured in thread)
execution-manager-grpc  |    [RESULT] {"result": 0}
execution-manager-grpc  | 
execution-manager-grpc  | ╔═══════════════════════════════════════════════════════════════╗
execution-manager-grpc  | ║           END-TO-END TIMING MEASUREMENT RECAP                 ║
execution-manager-grpc  | ║                   Task 2: sum2                                 
execution-manager-grpc  | ╠═══════════════════════════════════════════════════════════════╣
execution-manager-grpc  | ║ T1 (start_request)    = 809570634.557 ms                        ║
execution-manager-grpc  | ║ T2 (end_request)      = 809570635.078 ms                        ║
execution-manager-grpc  | ║ T3 (start_result)     = 809572825.713 ms                        ║
execution-manager-grpc  | ║ T4 (end_result)       = 809572826.186 ms                        ║
execution-manager-grpc  | ╠═══════════════════════════════════════════════════════════════╣
execution-manager-grpc  | ║ METRICS:                                                      ║
execution-manager-grpc  | ║   Request Latency    =        0.521 ms  (T2 - T1)            ║
execution-manager-grpc  | ║   Task Execution     =     2190.635 ms  (T3 - T2)            ║
execution-manager-grpc  | ║   Response Latency   =        0.474 ms  (T4 - T3)            ║
execution-manager-grpc  | ║   Total End-to-End   =     2191.629 ms  (T4 - T1)            ║
execution-manager-grpc  | ║   Network Overhead   =        0.995 ms  (Req + Resp)         ║
execution-manager-grpc  | ╚═══════════════════════════════════════════════════════════════╝
execution-manager-grpc  | 
execution-manager-grpc  | [EPOLL] T=13192 ms: epoll_wait returned 1 event(s)
execution-manager-grpc  | [EPOLL] event[0]: type=2 task=NULL
execution-manager-grpc  | [SCHEDULER] ✅ T=13192 ms: Task 2 'sum2' completed with status 2
execution-manager-grpc  | [SCHEDULER] 🔕 Timeout disarmed for task 2
execution-manager-grpc  | [SCHEDULER] 3 tasks remaining
execution-manager-grpc  | [gRPC Client Async] Stream completed, received 1 responses
execution-manager-grpc  | [GRPC THREAD 2] Completed
execution-manager-grpc  | [gRPC Client Async] Response #1 - Status: COMPLETED
execution-manager-grpc  | 🎉 [T=14372 ms] Task 1 'sum1' COMPLETED
execution-manager-grpc  | [EXECUTION MANAGER] ⏱️ T2=809569635.334 ms | Thread started (server measured)
execution-manager-grpc  | [EXECUTION MANAGER] ⏱️ T3=809574005.861 ms | Task completed (server measured)
execution-manager-grpc  | [EXECUTION MANAGER] ⏱️ T4=809574006.331 ms | Result received by client
execution-manager-grpc  |    [TASK EXECUTION] 4370.527 ms (T3-T2, measured in thread)
execution-manager-grpc  |    [RESULT] {"result": 0}
execution-manager-grpc  | 
execution-manager-grpc  | ╔═══════════════════════════════════════════════════════════════╗
execution-manager-grpc  | ║           END-TO-END TIMING MEASUREMENT RECAP                 ║
execution-manager-grpc  | ║                   Task 1: sum1                                 
execution-manager-grpc  | ╠═══════════════════════════════════════════════════════════════╣
execution-manager-grpc  | ║ T1 (start_request)    = 809569634.544 ms                        ║
execution-manager-grpc  | ║ T2 (end_request)      = 809569635.334 ms                        ║
execution-manager-grpc  | ║ T3 (start_result)     = 809574005.861 ms                        ║
execution-manager-grpc  | ║ T4 (end_result)       = 809574006.331 ms                        ║
execution-manager-grpc  | ╠═══════════════════════════════════════════════════════════════╣
execution-manager-grpc  | ║ METRICS:                                                      ║
execution-manager-grpc  | ║   Request Latency    =        0.791 ms  (T2 - T1)            ║
execution-manager-grpc  | ║   Task Execution     =     4370.527 ms  (T3 - T2)            ║
execution-manager-grpc  | ║   Response Latency   =        0.470 ms  (T4 - T3)            ║
execution-manager-grpc  | ║   Total End-to-End   =     4371.787 ms  (T4 - T1)            ║
execution-manager-grpc  | ║   Network Overhead   =        1.260 ms  (Req + Resp)         ║
execution-manager-grpc  | ╚═══════════════════════════════════════════════════════════════╝
execution-manager-grpc  | 
execution-manager-grpc  | [EPOLL] T=14372 ms: epoll_wait returned 1 event(s)
execution-manager-grpc  | [EPOLL] event[0]: type=2 task=NULL
execution-manager-grpc  | [SCHEDULER] ✅ T=14372 ms: Task 1 'sum1' completed with status 2
execution-manager-grpc  | [SCHEDULER] 🔕 Timeout disarmed for task 1
execution-manager-grpc  | [SCHEDULER] 2 tasks remaining
execution-manager-grpc  | [gRPC Client Async] Stream completed, received 1 responses
execution-manager-grpc  | [GRPC THREAD 1] Completed
execution-manager-grpc  | [EPOLL] T=20000 ms: epoll_wait returned 1 event(s)
execution-manager-grpc  | [EPOLL] event[0]: type=0 task=sum3
execution-manager-grpc  | [SCHEDULER] ⏰ T=20000 ms | T_wall=809579634.485 ms: Launching task 3 'sum3' (deadline: 50000 ms)
execution-manager-grpc  | [SCHEDULER] 🕐 Timeout armed for task 3 at T=50000 ms (in 30000 ms)
execution-manager-grpc  | [GRPC THREAD 3] Starting...
execution-manager-grpc  | [EXECUTION MANAGER] ⏱️ T1=809579634.563 ms | Sending gRPC request for task 3 'sum3'
execution-manager-grpc  | [gRPC Channel Pool] Reusing existing channel for localhost:50053 (state=2)
execution-manager-grpc  | [gRPC Client Async] Calling task 'sum3' at localhost:50053
execution-manager-grpc  | [gRPC Client Async] Inputs: {"total_ops": 800, "io_percentage": 50}
execution-manager-grpc  | [EPOLL] T=21000 ms: epoll_wait returned 1 event(s)
execution-manager-grpc  | [EPOLL] event[0]: type=0 task=sum4
execution-manager-grpc  | [SCHEDULER] ⏰ T=21000 ms | T_wall=809580634.489 ms: Launching task 4 'sum4' (deadline: 51000 ms)
execution-manager-grpc  | [SCHEDULER] 🕐 Timeout armed for task 4 at T=51000 ms (in 30000 ms)
execution-manager-grpc  | [GRPC THREAD 4] Starting...
execution-manager-grpc  | [EXECUTION MANAGER] ⏱️ T1=809580634.580 ms | Sending gRPC request for task 4 'sum4'
execution-manager-grpc  | [gRPC Channel Pool] Reusing existing channel for localhost:50054 (state=2)
execution-manager-grpc  | [gRPC Client Async] Calling task 'sum4' at localhost:50054
execution-manager-grpc  | [gRPC Client Async] Inputs: {"total_ops": 800, "io_percentage": 50}
execution-manager-grpc  | [gRPC Client Async] Response #1 - Status: COMPLETED
execution-manager-grpc  | 🎉 [T=22191 ms] Task 3 'sum3' COMPLETED
execution-manager-grpc  | [EXECUTION MANAGER] ⏱️ T2=809579635.195 ms | Thread started (server measured)
execution-manager-grpc  | [EXECUTION MANAGER] ⏱️ T3=809581824.782 ms | Task completed (server measured)
execution-manager-grpc  | [EXECUTION MANAGER] ⏱️ T4=809581825.246 ms | Result received by client
execution-manager-grpc  |    [TASK EXECUTION] 2189.587 ms (T3-T2, measured in thread)
execution-manager-grpc  |    [RESULT] {"result": 0}
execution-manager-grpc  | 
execution-manager-grpc  | ╔═══════════════════════════════════════════════════════════════╗
execution-manager-grpc  | ║           END-TO-END TIMING MEASUREMENT RECAP                 ║
execution-manager-grpc  | ║                   Task 3: sum3                                 
execution-manager-grpc  | ╠═══════════════════════════════════════════════════════════════╣
execution-manager-grpc  | ║ T1 (start_request)    = 809579634.563 ms                        ║
execution-manager-grpc  | ║ T2 (end_request)      = 809579635.195 ms                        ║
execution-manager-grpc  | ║ T3 (start_result)     = 809581824.782 ms                        ║
execution-manager-grpc  | ║ T4 (end_result)       = 809581825.246 ms                        ║
execution-manager-grpc  | ╠═══════════════════════════════════════════════════════════════╣
execution-manager-grpc  | ║ METRICS:                                                      ║
execution-manager-grpc  | ║   Request Latency    =        0.631 ms  (T2 - T1)            ║
execution-manager-grpc  | ║   Task Execution     =     2189.587 ms  (T3 - T2)            ║
execution-manager-grpc  | ║   Response Latency   =        0.464 ms  (T4 - T3)            ║
execution-manager-grpc  | ║   Total End-to-End   =     2190.683 ms  (T4 - T1)            ║
execution-manager-grpc  | ║   Network Overhead   =        1.096 ms  (Req + Resp)         ║
execution-manager-grpc  | ╚═══════════════════════════════════════════════════════════════╝
execution-manager-grpc  | 
execution-manager-grpc  | [EPOLL] T=22191 ms: epoll_wait returned 1 event(s)
execution-manager-grpc  | [EPOLL] event[0]: type=2 task=NULL
execution-manager-grpc  | [SCHEDULER] ✅ T=22191 ms: Task 3 'sum3' completed with status 2
execution-manager-grpc  | [SCHEDULER] 🔕 Timeout disarmed for task 3
execution-manager-grpc  | [SCHEDULER] 1 tasks remaining
execution-manager-grpc  | [gRPC Client Async] Stream completed, received 1 responses
execution-manager-grpc  | [GRPC THREAD 3] Completed
execution-manager-grpc  | [gRPC Client Async] Response #1 - Status: COMPLETED
execution-manager-grpc  | 🎉 [T=24382 ms] Task 4 'sum4' COMPLETED
execution-manager-grpc  | [EXECUTION MANAGER] ⏱️ T2=809581824.840 ms | Thread started (server measured)
execution-manager-grpc  | [EXECUTION MANAGER] ⏱️ T3=809584015.913 ms | Task completed (server measured)
execution-manager-grpc  | [EXECUTION MANAGER] ⏱️ T4=809584016.326 ms | Result received by client
execution-manager-grpc  |    [TASK EXECUTION] 2191.073 ms (T3-T2, measured in thread)
execution-manager-grpc  |    [RESULT] {"result": 0}
execution-manager-grpc  | 
execution-manager-grpc  | ╔═══════════════════════════════════════════════════════════════╗
execution-manager-grpc  | ║           END-TO-END TIMING MEASUREMENT RECAP                 ║
execution-manager-grpc  | ║                   Task 4: sum4                                 
execution-manager-grpc  | ╠═══════════════════════════════════════════════════════════════╣
execution-manager-grpc  | ║ T1 (start_request)    = 809580634.580 ms                        ║
execution-manager-grpc  | ║ T2 (end_request)      = 809581824.840 ms                        ║
execution-manager-grpc  | ║ T3 (start_result)     = 809584015.913 ms                        ║
execution-manager-grpc  | ║ T4 (end_result)       = 809584016.326 ms                        ║
execution-manager-grpc  | ╠═══════════════════════════════════════════════════════════════╣
execution-manager-grpc  | ║ METRICS:                                                      ║
execution-manager-grpc  | ║   Request Latency    =     1190.260 ms  (T2 - T1)            ║
execution-manager-grpc  | ║   Task Execution     =     2191.073 ms  (T3 - T2)            ║
execution-manager-grpc  | ║   Response Latency   =        0.413 ms  (T4 - T3)            ║
execution-manager-grpc  | ║   Total End-to-End   =     3381.746 ms  (T4 - T1)            ║
execution-manager-grpc  | ║   Network Overhead   =     1190.673 ms  (Req + Resp)         ║
execution-manager-grpc  | ╚═══════════════════════════════════════════════════════════════╝
execution-manager-grpc  | 
execution-manager-grpc  | [EPOLL] T=24382 ms: epoll_wait returned 1 event(s)
execution-manager-grpc  | [EPOLL] event[0]: type=2 task=NULL
execution-manager-grpc  | [SCHEDULER] ✅ T=24382 ms: Task 4 'sum4' completed with status 2
execution-manager-grpc  | [SCHEDULER] 🔕 Timeout disarmed for task 4
execution-manager-grpc  | [SCHEDULER] 0 tasks remaining
execution-manager-grpc  | 
execution-manager-grpc  | [SCHEDULER] 🏁 Iteration 43/50 complete!
execution-manager-grpc  | [SCHEDULER] Iteration execution time: 24382 ms
execution-manager-grpc  | 
execution-manager-grpc  | 
execution-manager-grpc  | [SCHEDULER] 🔁 ===== ITERATION 44 / 50 =====
execution-manager-grpc  | 
execution-manager-grpc  | [SCHEDULER] 🚀 Schedule started at T=0
execution-manager-grpc  | 
execution-manager-grpc  | [SCHEDULER] 🔄 Entering event loop (NO SLEEP - event-driven!)
execution-manager-grpc  | 
execution-manager-grpc  | [gRPC Client Async] Stream completed, received 1 responses
execution-manager-grpc  | [GRPC THREAD 4] Completed
execution-manager-grpc  | [EPOLL] T=10000 ms: epoll_wait returned 1 event(s)
execution-manager-grpc  | [EPOLL] event[0]: type=0 task=sum1
execution-manager-grpc  | [SCHEDULER] ⏰ T=10000 ms | T_wall=809594016.460 ms: Launching task 1 'sum1' (deadline: 40000 ms)
execution-manager-grpc  | [SCHEDULER] 🕐 Timeout armed for task 1 at T=40000 ms (in 30000 ms)
execution-manager-grpc  | [GRPC THREAD 1] Starting...
execution-manager-grpc  | [EXECUTION MANAGER] ⏱️ T1=809594016.549 ms | Sending gRPC request for task 1 'sum1'
execution-manager-grpc  | [gRPC Channel Pool] Reusing existing channel for localhost:50051 (state=2)
execution-manager-grpc  | [gRPC Client Async] Calling task 'sum1' at localhost:50051
execution-manager-grpc  | [gRPC Client Async] Inputs: {"total_ops": 800, "io_percentage": 50}
execution-manager-grpc  | [EPOLL] T=11000 ms: epoll_wait returned 1 event(s)
execution-manager-grpc  | [EPOLL] event[0]: type=0 task=sum2
execution-manager-grpc  | [SCHEDULER] ⏰ T=11000 ms | T_wall=809595016.468 ms: Launching task 2 'sum2' (deadline: 41000 ms)
execution-manager-grpc  | [SCHEDULER] 🕐 Timeout armed for task 2 at T=41000 ms (in 30000 ms)
execution-manager-grpc  | [GRPC THREAD 2] Starting...
execution-manager-grpc  | [EXECUTION MANAGER] ⏱️ T1=809595016.567 ms | Sending gRPC request for task 2 'sum2'
execution-manager-grpc  | [gRPC Channel Pool] Reusing existing channel for localhost:50052 (state=2)
execution-manager-grpc  | [gRPC Client Async] Calling task 'sum2' at localhost:50052
execution-manager-grpc  | [gRPC Client Async] Inputs: {"total_ops": 800, "io_percentage": 50}
execution-manager-grpc  | [gRPC Client Async] Response #1 - Status: COMPLETED
execution-manager-grpc  | 🎉 [T=13191 ms] Task 2 'sum2' COMPLETED
execution-manager-grpc  | [EXECUTION MANAGER] ⏱️ T2=809595017.071 ms | Thread started (server measured)
execution-manager-grpc  | [EXECUTION MANAGER] ⏱️ T3=809597207.498 ms | Task completed (server measured)
execution-manager-grpc  | [EXECUTION MANAGER] ⏱️ T4=809597207.964 ms | Result received by client
execution-manager-grpc  |    [TASK EXECUTION] 2190.428 ms (T3-T2, measured in thread)
execution-manager-grpc  |    [RESULT] {"result": 0}
execution-manager-grpc  | 
execution-manager-grpc  | ╔═══════════════════════════════════════════════════════════════╗
execution-manager-grpc  | ║           END-TO-END TIMING MEASUREMENT RECAP                 ║
execution-manager-grpc  | ║                   Task 2: sum2                                 
execution-manager-grpc  | ╠═══════════════════════════════════════════════════════════════╣
execution-manager-grpc  | ║ T1 (start_request)    = 809595016.567 ms                        ║
execution-manager-grpc  | ║ T2 (end_request)      = 809595017.071 ms                        ║
execution-manager-grpc  | ║ T3 (start_result)     = 809597207.498 ms                        ║
execution-manager-grpc  | ║ T4 (end_result)       = 809597207.964 ms                        ║
execution-manager-grpc  | ╠═══════════════════════════════════════════════════════════════╣
execution-manager-grpc  | ║ METRICS:                                                      ║
execution-manager-grpc  | ║   Request Latency    =        0.504 ms  (T2 - T1)            ║
execution-manager-grpc  | ║   Task Execution     =     2190.428 ms  (T3 - T2)            ║
execution-manager-grpc  | ║   Response Latency   =        0.465 ms  (T4 - T3)            ║
execution-manager-grpc  | ║   Total End-to-End   =     2191.397 ms  (T4 - T1)            ║
execution-manager-grpc  | ║   Network Overhead   =        0.969 ms  (Req + Resp)         ║
execution-manager-grpc  | ╚═══════════════════════════════════════════════════════════════╝
execution-manager-grpc  | 
execution-manager-grpc  | [EPOLL] T=13191 ms: epoll_wait returned 1 event(s)
execution-manager-grpc  | [EPOLL] event[0]: type=2 task=NULL
execution-manager-grpc  | [SCHEDULER] ✅ T=13192 ms: Task 2 'sum2' completed with status 2
execution-manager-grpc  | [SCHEDULER] 🔕 Timeout disarmed for task 2
execution-manager-grpc  | [SCHEDULER] 3 tasks remaining
execution-manager-grpc  | [gRPC Client Async] Stream completed, received 1 responses
execution-manager-grpc  | [GRPC THREAD 2] Completed
execution-manager-grpc  | [gRPC Client Async] Response #1 - Status: COMPLETED
execution-manager-grpc  | 🎉 [T=14372 ms] Task 1 'sum1' COMPLETED
execution-manager-grpc  | [EXECUTION MANAGER] ⏱️ T2=809594017.340 ms | Thread started (server measured)
execution-manager-grpc  | [EXECUTION MANAGER] ⏱️ T3=809598388.401 ms | Task completed (server measured)
execution-manager-grpc  | [EXECUTION MANAGER] ⏱️ T4=809598388.926 ms | Result received by client
execution-manager-grpc  |    [TASK EXECUTION] 4371.060 ms (T3-T2, measured in thread)
execution-manager-grpc  |    [RESULT] {"result": 0}
execution-manager-grpc  | 
execution-manager-grpc  | ╔═══════════════════════════════════════════════════════════════╗
execution-manager-grpc  | ║           END-TO-END TIMING MEASUREMENT RECAP                 ║
execution-manager-grpc  | ║                   Task 1: sum1                                 
execution-manager-grpc  | ╠═══════════════════════════════════════════════════════════════╣
execution-manager-grpc  | ║ T1 (start_request)    = 809594016.549 ms                        ║
execution-manager-grpc  | ║ T2 (end_request)      = 809594017.340 ms                        ║
execution-manager-grpc  | ║ T3 (start_result)     = 809598388.401 ms                        ║
execution-manager-grpc  | ║ T4 (end_result)       = 809598388.926 ms                        ║
execution-manager-grpc  | ╠═══════════════════════════════════════════════════════════════╣
execution-manager-grpc  | ║ METRICS:                                                      ║
execution-manager-grpc  | ║   Request Latency    =        0.791 ms  (T2 - T1)            ║
execution-manager-grpc  | ║   Task Execution     =     4371.060 ms  (T3 - T2)            ║
execution-manager-grpc  | ║   Response Latency   =        0.525 ms  (T4 - T3)            ║
execution-manager-grpc  | ║   Total End-to-End   =     4372.376 ms  (T4 - T1)            ║
execution-manager-grpc  | ║   Network Overhead   =        1.316 ms  (Req + Resp)         ║
execution-manager-grpc  | ╚═══════════════════════════════════════════════════════════════╝
execution-manager-grpc  | 
execution-manager-grpc  | [EPOLL] T=14372 ms: epoll_wait returned 1 event(s)
execution-manager-grpc  | [EPOLL] event[0]: type=2 task=NULL
execution-manager-grpc  | [SCHEDULER] ✅ T=14372 ms: Task 1 'sum1' completed with status 2
execution-manager-grpc  | [SCHEDULER] 🔕 Timeout disarmed for task 1
execution-manager-grpc  | [SCHEDULER] 2 tasks remaining
execution-manager-grpc  | [gRPC Client Async] Stream completed, received 1 responses
execution-manager-grpc  | [GRPC THREAD 1] Completed
execution-manager-grpc  | [EPOLL] T=20000 ms: epoll_wait returned 1 event(s)
execution-manager-grpc  | [EPOLL] event[0]: type=0 task=sum3
execution-manager-grpc  | [SCHEDULER] ⏰ T=20000 ms | T_wall=809604016.482 ms: Launching task 3 'sum3' (deadline: 50000 ms)
execution-manager-grpc  | [SCHEDULER] 🕐 Timeout armed for task 3 at T=50000 ms (in 30000 ms)
execution-manager-grpc  | [GRPC THREAD 3] Starting...
execution-manager-grpc  | [EXECUTION MANAGER] ⏱️ T1=809604016.566 ms | Sending gRPC request for task 3 'sum3'
execution-manager-grpc  | [gRPC Channel Pool] Reusing existing channel for localhost:50053 (state=2)
execution-manager-grpc  | [gRPC Client Async] Calling task 'sum3' at localhost:50053
execution-manager-grpc  | [gRPC Client Async] Inputs: {"total_ops": 800, "io_percentage": 50}
execution-manager-grpc  | [EPOLL] T=21000 ms: epoll_wait returned 1 event(s)
execution-manager-grpc  | [EPOLL] event[0]: type=0 task=sum4
execution-manager-grpc  | [SCHEDULER] ⏰ T=21000 ms | T_wall=809605016.494 ms: Launching task 4 'sum4' (deadline: 51000 ms)
execution-manager-grpc  | [SCHEDULER] 🕐 Timeout armed for task 4 at T=51000 ms (in 30000 ms)
execution-manager-grpc  | [GRPC THREAD 4] Starting...
execution-manager-grpc  | [EXECUTION MANAGER] ⏱️ T1=809605016.602 ms | Sending gRPC request for task 4 'sum4'
execution-manager-grpc  | [gRPC Channel Pool] Reusing existing channel for localhost:50054 (state=2)
execution-manager-grpc  | [gRPC Client Async] Calling task 'sum4' at localhost:50054
execution-manager-grpc  | [gRPC Client Async] Inputs: {"total_ops": 800, "io_percentage": 50}
execution-manager-grpc  | [gRPC Client Async] Response #1 - Status: COMPLETED
execution-manager-grpc  | 🎉 [T=22192 ms] Task 3 'sum3' COMPLETED
execution-manager-grpc  | [EXECUTION MANAGER] ⏱️ T2=809604017.166 ms | Thread started (server measured)
execution-manager-grpc  | [EXECUTION MANAGER] ⏱️ T3=809606208.105 ms | Task completed (server measured)
execution-manager-grpc  | [EXECUTION MANAGER] ⏱️ T4=809606208.724 ms | Result received by client
execution-manager-grpc  |    [TASK EXECUTION] 2190.939 ms (T3-T2, measured in thread)
execution-manager-grpc  |    [RESULT] {"result": 0}
execution-manager-grpc  | 
execution-manager-grpc  | ╔═══════════════════════════════════════════════════════════════╗
execution-manager-grpc  | ║           END-TO-END TIMING MEASUREMENT RECAP                 ║
execution-manager-grpc  | ║                   Task 3: sum3                                 
execution-manager-grpc  | ╠═══════════════════════════════════════════════════════════════╣
execution-manager-grpc  | ║ T1 (start_request)    = 809604016.566 ms                        ║
execution-manager-grpc  | ║ T2 (end_request)      = 809604017.166 ms                        ║
execution-manager-grpc  | ║ T3 (start_result)     = 809606208.105 ms                        ║
execution-manager-grpc  | ║ T4 (end_result)       = 809606208.724 ms                        ║
execution-manager-grpc  | ╠═══════════════════════════════════════════════════════════════╣
execution-manager-grpc  | ║ METRICS:                                                      ║
execution-manager-grpc  | ║   Request Latency    =        0.600 ms  (T2 - T1)            ║
execution-manager-grpc  | ║   Task Execution     =     2190.939 ms  (T3 - T2)            ║
execution-manager-grpc  | ║   Response Latency   =        0.619 ms  (T4 - T3)            ║
execution-manager-grpc  | ║   Total End-to-End   =     2192.159 ms  (T4 - T1)            ║
execution-manager-grpc  | ║   Network Overhead   =        1.220 ms  (Req + Resp)         ║
execution-manager-grpc  | ╚═══════════════════════════════════════════════════════════════╝
execution-manager-grpc  | 
execution-manager-grpc  | [EPOLL] T=22192 ms: epoll_wait returned 1 event(s)
execution-manager-grpc  | [EPOLL] event[0]: type=2 task=NULL
execution-manager-grpc  | [SCHEDULER] ✅ T=22192 ms: Task 3 'sum3' completed with status 2
execution-manager-grpc  | [SCHEDULER] 🔕 Timeout disarmed for task 3
execution-manager-grpc  | [SCHEDULER] 1 tasks remaining
execution-manager-grpc  | [gRPC Client Async] Stream completed, received 1 responses
execution-manager-grpc  | [GRPC THREAD 3] Completed
execution-manager-grpc  | [gRPC Client Async] Response #1 - Status: COMPLETED
execution-manager-grpc  | 🎉 [T=24384 ms] Task 4 'sum4' COMPLETED
execution-manager-grpc  | [EXECUTION MANAGER] ⏱️ T2=809606208.170 ms | Thread started (server measured)
execution-manager-grpc  | [EXECUTION MANAGER] ⏱️ T3=809608399.790 ms | Task completed (server measured)
execution-manager-grpc  | [EXECUTION MANAGER] ⏱️ T4=809608400.186 ms | Result received by client
execution-manager-grpc  |    [TASK EXECUTION] 2191.620 ms (T3-T2, measured in thread)
execution-manager-grpc  |    [RESULT] {"result": 0}
execution-manager-grpc  | 
execution-manager-grpc  | ╔═══════════════════════════════════════════════════════════════╗
execution-manager-grpc  | ║           END-TO-END TIMING MEASUREMENT RECAP                 ║
execution-manager-grpc  | ║                   Task 4: sum4                                 
execution-manager-grpc  | ╠═══════════════════════════════════════════════════════════════╣
execution-manager-grpc  | ║ T1 (start_request)    = 809605016.602 ms                        ║
execution-manager-grpc  | ║ T2 (end_request)      = 809606208.170 ms                        ║
execution-manager-grpc  | ║ T3 (start_result)     = 809608399.790 ms                        ║
execution-manager-grpc  | ║ T4 (end_result)       = 809608400.186 ms                        ║
execution-manager-grpc  | ╠═══════════════════════════════════════════════════════════════╣
execution-manager-grpc  | ║ METRICS:                                                      ║
execution-manager-grpc  | ║   Request Latency    =     1191.568 ms  (T2 - T1)            ║
execution-manager-grpc  | ║   Task Execution     =     2191.620 ms  (T3 - T2)            ║
execution-manager-grpc  | ║   Response Latency   =        0.397 ms  (T4 - T3)            ║
execution-manager-grpc  | ║   Total End-to-End   =     3383.585 ms  (T4 - T1)            ║
execution-manager-grpc  | ║   Network Overhead   =     1191.965 ms  (Req + Resp)         ║
execution-manager-grpc  | ╚═══════════════════════════════════════════════════════════════╝
execution-manager-grpc  | 
execution-manager-grpc  | [EPOLL] T=24384 ms: epoll_wait returned 1 event(s)
execution-manager-grpc  | [EPOLL] event[0]: type=2 task=NULL
execution-manager-grpc  | [SCHEDULER] ✅ T=24384 ms: Task 4 'sum4' completed with status 2
execution-manager-grpc  | [SCHEDULER] 🔕 Timeout disarmed for task 4
execution-manager-grpc  | [SCHEDULER] 0 tasks remaining
execution-manager-grpc  | 
execution-manager-grpc  | [SCHEDULER] 🏁 Iteration 44/50 complete!
execution-manager-grpc  | [SCHEDULER] Iteration execution time: 24384 ms
execution-manager-grpc  | 
execution-manager-grpc  | 
execution-manager-grpc  | [SCHEDULER] 🔁 ===== ITERATION 45 / 50 =====
execution-manager-grpc  | 
execution-manager-grpc  | [SCHEDULER] 🚀 Schedule started at T=0
execution-manager-grpc  | 
execution-manager-grpc  | [SCHEDULER] 🔄 Entering event loop (NO SLEEP - event-driven!)
execution-manager-grpc  | 
execution-manager-grpc  | [gRPC Client Async] Stream completed, received 1 responses
execution-manager-grpc  | [GRPC THREAD 4] Completed
execution-manager-grpc  | [EPOLL] T=10000 ms: epoll_wait returned 1 event(s)
execution-manager-grpc  | [EPOLL] event[0]: type=0 task=sum1
execution-manager-grpc  | [SCHEDULER] ⏰ T=10000 ms | T_wall=809618400.319 ms: Launching task 1 'sum1' (deadline: 40000 ms)
execution-manager-grpc  | [SCHEDULER] 🕐 Timeout armed for task 1 at T=40000 ms (in 30000 ms)
execution-manager-grpc  | [GRPC THREAD 1] Starting...
execution-manager-grpc  | [EXECUTION MANAGER] ⏱️ T1=809618400.397 ms | Sending gRPC request for task 1 'sum1'
execution-manager-grpc  | [gRPC Channel Pool] Reusing existing channel for localhost:50051 (state=2)
execution-manager-grpc  | [gRPC Client Async] Calling task 'sum1' at localhost:50051
execution-manager-grpc  | [gRPC Client Async] Inputs: {"total_ops": 800, "io_percentage": 50}
execution-manager-grpc  | [EPOLL] T=11000 ms: epoll_wait returned 1 event(s)
execution-manager-grpc  | [EPOLL] event[0]: type=0 task=sum2
execution-manager-grpc  | [SCHEDULER] ⏰ T=11000 ms | T_wall=809619400.326 ms: Launching task 2 'sum2' (deadline: 41000 ms)
execution-manager-grpc  | [SCHEDULER] 🕐 Timeout armed for task 2 at T=41000 ms (in 30000 ms)
execution-manager-grpc  | [GRPC THREAD 2] Starting...
execution-manager-grpc  | [EXECUTION MANAGER] ⏱️ T1=809619400.426 ms | Sending gRPC request for task 2 'sum2'
execution-manager-grpc  | [gRPC Channel Pool] Reusing existing channel for localhost:50052 (state=2)
execution-manager-grpc  | [gRPC Client Async] Calling task 'sum2' at localhost:50052
execution-manager-grpc  | [gRPC Client Async] Inputs: {"total_ops": 800, "io_percentage": 50}
execution-manager-grpc  | [gRPC Client Async] Response #1 - Status: COMPLETED
execution-manager-grpc  | 🎉 [T=13192 ms] Task 2 'sum2' COMPLETED
execution-manager-grpc  | [EXECUTION MANAGER] ⏱️ T2=809619400.936 ms | Thread started (server measured)
execution-manager-grpc  | [EXECUTION MANAGER] ⏱️ T3=809621591.837 ms | Task completed (server measured)
execution-manager-grpc  | [EXECUTION MANAGER] ⏱️ T4=809621592.376 ms | Result received by client
execution-manager-grpc  |    [TASK EXECUTION] 2190.901 ms (T3-T2, measured in thread)
execution-manager-grpc  |    [RESULT] {"result": 0}
execution-manager-grpc  | 
execution-manager-grpc  | ╔═══════════════════════════════════════════════════════════════╗
execution-manager-grpc  | ║           END-TO-END TIMING MEASUREMENT RECAP                 ║
execution-manager-grpc  | ║                   Task 2: sum2                                 
execution-manager-grpc  | ╠═══════════════════════════════════════════════════════════════╣
execution-manager-grpc  | ║ T1 (start_request)    = 809619400.426 ms                        ║
execution-manager-grpc  | ║ T2 (end_request)      = 809619400.936 ms                        ║
execution-manager-grpc  | ║ T3 (start_result)     = 809621591.837 ms                        ║
execution-manager-grpc  | ║ T4 (end_result)       = 809621592.376 ms                        ║
execution-manager-grpc  | ╠═══════════════════════════════════════════════════════════════╣
execution-manager-grpc  | ║ METRICS:                                                      ║
execution-manager-grpc  | ║   Request Latency    =        0.510 ms  (T2 - T1)            ║
execution-manager-grpc  | ║   Task Execution     =     2190.901 ms  (T3 - T2)            ║
execution-manager-grpc  | ║   Response Latency   =        0.539 ms  (T4 - T3)            ║
execution-manager-grpc  | ║   Total End-to-End   =     2191.950 ms  (T4 - T1)            ║
execution-manager-grpc  | ║   Network Overhead   =        1.049 ms  (Req + Resp)         ║
execution-manager-grpc  | ╚═══════════════════════════════════════════════════════════════╝
execution-manager-grpc  | 
execution-manager-grpc  | [EPOLL] T=13192 ms: epoll_wait returned 1 event(s)
execution-manager-grpc  | [EPOLL] event[0]: type=2 task=NULL
execution-manager-grpc  | [SCHEDULER] ✅ T=13192 ms: Task 2 'sum2' completed with status 2
execution-manager-grpc  | [SCHEDULER] 🔕 Timeout disarmed for task 2
execution-manager-grpc  | [SCHEDULER] 3 tasks remaining
execution-manager-grpc  | [gRPC Client Async] Stream completed, received 1 responses
execution-manager-grpc  | [GRPC THREAD 2] Completed
execution-manager-grpc  | [gRPC Client Async] Response #1 - Status: COMPLETED
execution-manager-grpc  | 🎉 [T=14373 ms] Task 1 'sum1' COMPLETED
execution-manager-grpc  | [EXECUTION MANAGER] ⏱️ T2=809618401.189 ms | Thread started (server measured)
execution-manager-grpc  | [EXECUTION MANAGER] ⏱️ T3=809622772.873 ms | Task completed (server measured)
execution-manager-grpc  | [EXECUTION MANAGER] ⏱️ T4=809622773.340 ms | Result received by client
execution-manager-grpc  |    [TASK EXECUTION] 4371.683 ms (T3-T2, measured in thread)
execution-manager-grpc  |    [RESULT] {"result": 0}
execution-manager-grpc  | 
execution-manager-grpc  | ╔═══════════════════════════════════════════════════════════════╗
execution-manager-grpc  | ║           END-TO-END TIMING MEASUREMENT RECAP                 ║
execution-manager-grpc  | ║                   Task 1: sum1                                 
execution-manager-grpc  | ╠═══════════════════════════════════════════════════════════════╣
execution-manager-grpc  | ║ T1 (start_request)    = 809618400.397 ms                        ║
execution-manager-grpc  | ║ T2 (end_request)      = 809618401.189 ms                        ║
execution-manager-grpc  | ║ T3 (start_result)     = 809622772.873 ms                        ║
execution-manager-grpc  | ║ T4 (end_result)       = 809622773.340 ms                        ║
execution-manager-grpc  | ╠═══════════════════════════════════════════════════════════════╣
execution-manager-grpc  | ║ METRICS:                                                      ║
execution-manager-grpc  | ║   Request Latency    =        0.792 ms  (T2 - T1)            ║
execution-manager-grpc  | ║   Task Execution     =     4371.683 ms  (T3 - T2)            ║
execution-manager-grpc  | ║   Response Latency   =        0.467 ms  (T4 - T3)            ║
execution-manager-grpc  | ║   Total End-to-End   =     4372.943 ms  (T4 - T1)            ║
execution-manager-grpc  | ║   Network Overhead   =        1.259 ms  (Req + Resp)         ║
execution-manager-grpc  | ╚═══════════════════════════════════════════════════════════════╝
execution-manager-grpc  | 
execution-manager-grpc  | [EPOLL] T=14373 ms: epoll_wait returned 1 event(s)
execution-manager-grpc  | [EPOLL] event[0]: type=2 task=NULL
execution-manager-grpc  | [SCHEDULER] ✅ T=14373 ms: Task 1 'sum1' completed with status 2
execution-manager-grpc  | [SCHEDULER] 🔕 Timeout disarmed for task 1
execution-manager-grpc  | [SCHEDULER] 2 tasks remaining
execution-manager-grpc  | [gRPC Client Async] Stream completed, received 1 responses
execution-manager-grpc  | [GRPC THREAD 1] Completed
execution-manager-grpc  | [EPOLL] T=20000 ms: epoll_wait returned 1 event(s)
execution-manager-grpc  | [EPOLL] event[0]: type=0 task=sum3
execution-manager-grpc  | [SCHEDULER] ⏰ T=20000 ms | T_wall=809628400.340 ms: Launching task 3 'sum3' (deadline: 50000 ms)
execution-manager-grpc  | [SCHEDULER] 🕐 Timeout armed for task 3 at T=50000 ms (in 30000 ms)
execution-manager-grpc  | [GRPC THREAD 3] Starting...
execution-manager-grpc  | [EXECUTION MANAGER] ⏱️ T1=809628400.416 ms | Sending gRPC request for task 3 'sum3'
execution-manager-grpc  | [gRPC Channel Pool] Reusing existing channel for localhost:50053 (state=2)
execution-manager-grpc  | [gRPC Client Async] Calling task 'sum3' at localhost:50053
execution-manager-grpc  | [gRPC Client Async] Inputs: {"total_ops": 800, "io_percentage": 50}
execution-manager-grpc  | [EPOLL] T=21000 ms: epoll_wait returned 1 event(s)
execution-manager-grpc  | [EPOLL] event[0]: type=0 task=sum4
execution-manager-grpc  | [SCHEDULER] ⏰ T=21000 ms | T_wall=809629400.345 ms: Launching task 4 'sum4' (deadline: 51000 ms)
execution-manager-grpc  | [SCHEDULER] 🕐 Timeout armed for task 4 at T=51000 ms (in 30000 ms)
execution-manager-grpc  | [GRPC THREAD 4] Starting...
execution-manager-grpc  | [EXECUTION MANAGER] ⏱️ T1=809629400.440 ms | Sending gRPC request for task 4 'sum4'
execution-manager-grpc  | [gRPC Channel Pool] Reusing existing channel for localhost:50054 (state=2)
execution-manager-grpc  | [gRPC Client Async] Calling task 'sum4' at localhost:50054
execution-manager-grpc  | [gRPC Client Async] Inputs: {"total_ops": 800, "io_percentage": 50}
execution-manager-grpc  | [gRPC Client Async] Response #1 - Status: COMPLETED
execution-manager-grpc  | 🎉 [T=22191 ms] Task 3 'sum3' COMPLETED
execution-manager-grpc  | [EXECUTION MANAGER] ⏱️ T2=809628400.909 ms | Thread started (server measured)
execution-manager-grpc  | [EXECUTION MANAGER] ⏱️ T3=809630590.715 ms | Task completed (server measured)
execution-manager-grpc  | [EXECUTION MANAGER] ⏱️ T4=809630591.140 ms | Result received by client
execution-manager-grpc  |    [TASK EXECUTION] 2189.806 ms (T3-T2, measured in thread)
execution-manager-grpc  |    [RESULT] {"result": 0}
execution-manager-grpc  | 
execution-manager-grpc  | ╔═══════════════════════════════════════════════════════════════╗
execution-manager-grpc  | ║           END-TO-END TIMING MEASUREMENT RECAP                 ║
execution-manager-grpc  | ║                   Task 3: sum3                                 
execution-manager-grpc  | ╠═══════════════════════════════════════════════════════════════╣
execution-manager-grpc  | ║ T1 (start_request)    = 809628400.416 ms                        ║
execution-manager-grpc  | ║ T2 (end_request)      = 809628400.909 ms                        ║
execution-manager-grpc  | ║ T3 (start_result)     = 809630590.715 ms                        ║
execution-manager-grpc  | ║ T4 (end_result)       = 809630591.140 ms                        ║
execution-manager-grpc  | ╠═══════════════════════════════════════════════════════════════╣
execution-manager-grpc  | ║ METRICS:                                                      ║
execution-manager-grpc  | ║   Request Latency    =        0.493 ms  (T2 - T1)            ║
execution-manager-grpc  | ║   Task Execution     =     2189.806 ms  (T3 - T2)            ║
execution-manager-grpc  | ║   Response Latency   =        0.425 ms  (T4 - T3)            ║
execution-manager-grpc  | ║   Total End-to-End   =     2190.724 ms  (T4 - T1)            ║
execution-manager-grpc  | ║   Network Overhead   =        0.918 ms  (Req + Resp)         ║
execution-manager-grpc  | ╚═══════════════════════════════════════════════════════════════╝
execution-manager-grpc  | 
execution-manager-grpc  | [EPOLL] T=22191 ms: epoll_wait returned 1 event(s)
execution-manager-grpc  | [EPOLL] event[0]: type=2 task=NULL
execution-manager-grpc  | [SCHEDULER] ✅ T=22191 ms: Task 3 'sum3' completed with status 2
execution-manager-grpc  | [SCHEDULER] 🔕 Timeout disarmed for task 3
execution-manager-grpc  | [SCHEDULER] 1 tasks remaining
execution-manager-grpc  | [gRPC Client Async] Stream completed, received 1 responses
execution-manager-grpc  | [GRPC THREAD 3] Completed
execution-manager-grpc  | [gRPC Client Async] Response #1 - Status: COMPLETED
execution-manager-grpc  | 🎉 [T=24381 ms] Task 4 'sum4' COMPLETED
execution-manager-grpc  | [EXECUTION MANAGER] ⏱️ T2=809630590.760 ms | Thread started (server measured)
execution-manager-grpc  | [EXECUTION MANAGER] ⏱️ T3=809632780.872 ms | Task completed (server measured)
execution-manager-grpc  | [EXECUTION MANAGER] ⏱️ T4=809632781.375 ms | Result received by client
execution-manager-grpc  |    [TASK EXECUTION] 2190.111 ms (T3-T2, measured in thread)
execution-manager-grpc  |    [RESULT] {"result": 0}
execution-manager-grpc  | 
execution-manager-grpc  | ╔═══════════════════════════════════════════════════════════════╗
execution-manager-grpc  | ║           END-TO-END TIMING MEASUREMENT RECAP                 ║
execution-manager-grpc  | ║                   Task 4: sum4                                 
execution-manager-grpc  | ╠═══════════════════════════════════════════════════════════════╣
execution-manager-grpc  | ║ T1 (start_request)    = 809629400.440 ms                        ║
execution-manager-grpc  | ║ T2 (end_request)      = 809630590.760 ms                        ║
execution-manager-grpc  | ║ T3 (start_result)     = 809632780.872 ms                        ║
execution-manager-grpc  | ║ T4 (end_result)       = 809632781.375 ms                        ║
execution-manager-grpc  | ╠═══════════════════════════════════════════════════════════════╣
execution-manager-grpc  | ║ METRICS:                                                      ║
execution-manager-grpc  | ║   Request Latency    =     1190.321 ms  (T2 - T1)            ║
execution-manager-grpc  | ║   Task Execution     =     2190.111 ms  (T3 - T2)            ║
execution-manager-grpc  | ║   Response Latency   =        0.503 ms  (T4 - T3)            ║
execution-manager-grpc  | ║   Total End-to-End   =     3380.935 ms  (T4 - T1)            ║
execution-manager-grpc  | ║   Network Overhead   =     1190.823 ms  (Req + Resp)         ║
execution-manager-grpc  | ╚═══════════════════════════════════════════════════════════════╝
execution-manager-grpc  | 
execution-manager-grpc  | [EPOLL] T=24381 ms: epoll_wait returned 1 event(s)
execution-manager-grpc  | [EPOLL] event[0]: type=2 task=NULL
execution-manager-grpc  | [SCHEDULER] ✅ T=24381 ms: Task 4 'sum4' completed with status 2
execution-manager-grpc  | [SCHEDULER] 🔕 Timeout disarmed for task 4
execution-manager-grpc  | [SCHEDULER] 0 tasks remaining
execution-manager-grpc  | 
execution-manager-grpc  | [SCHEDULER] 🏁 Iteration 45/50 complete!
execution-manager-grpc  | [SCHEDULER] Iteration execution time: 24381 ms
execution-manager-grpc  | 
execution-manager-grpc  | 
execution-manager-grpc  | [SCHEDULER] 🔁 ===== ITERATION 46 / 50 =====
execution-manager-grpc  | 
execution-manager-grpc  | [SCHEDULER] 🚀 Schedule started at T=0
execution-manager-grpc  | 
execution-manager-grpc  | [SCHEDULER] 🔄 Entering event loop (NO SLEEP - event-driven!)
execution-manager-grpc  | 
execution-manager-grpc  | [gRPC Client Async] Stream completed, received 1 responses
execution-manager-grpc  | [GRPC THREAD 4] Completed
execution-manager-grpc  | [EPOLL] T=10000 ms: epoll_wait returned 1 event(s)
execution-manager-grpc  | [EPOLL] event[0]: type=0 task=sum1
execution-manager-grpc  | [SCHEDULER] ⏰ T=10000 ms | T_wall=809642781.502 ms: Launching task 1 'sum1' (deadline: 40000 ms)
execution-manager-grpc  | [SCHEDULER] 🕐 Timeout armed for task 1 at T=40000 ms (in 30000 ms)
execution-manager-grpc  | [GRPC THREAD 1] Starting...
execution-manager-grpc  | [EXECUTION MANAGER] ⏱️ T1=809642781.584 ms | Sending gRPC request for task 1 'sum1'
execution-manager-grpc  | [gRPC Channel Pool] Reusing existing channel for localhost:50051 (state=2)
execution-manager-grpc  | [gRPC Client Async] Calling task 'sum1' at localhost:50051
execution-manager-grpc  | [gRPC Client Async] Inputs: {"total_ops": 800, "io_percentage": 50}
execution-manager-grpc  | [EPOLL] T=11000 ms: epoll_wait returned 1 event(s)
execution-manager-grpc  | [EPOLL] event[0]: type=0 task=sum2
execution-manager-grpc  | [SCHEDULER] ⏰ T=11000 ms | T_wall=809643781.509 ms: Launching task 2 'sum2' (deadline: 41000 ms)
execution-manager-grpc  | [SCHEDULER] 🕐 Timeout armed for task 2 at T=41000 ms (in 30000 ms)
execution-manager-grpc  | [GRPC THREAD 2] Starting...
execution-manager-grpc  | [EXECUTION MANAGER] ⏱️ T1=809643781.617 ms | Sending gRPC request for task 2 'sum2'
execution-manager-grpc  | [gRPC Channel Pool] Reusing existing channel for localhost:50052 (state=2)
execution-manager-grpc  | [gRPC Client Async] Calling task 'sum2' at localhost:50052
execution-manager-grpc  | [gRPC Client Async] Inputs: {"total_ops": 800, "io_percentage": 50}
execution-manager-grpc  | [gRPC Client Async] Response #1 - Status: COMPLETED
execution-manager-grpc  | 🎉 [T=13190 ms] Task 2 'sum2' COMPLETED
execution-manager-grpc  | [EXECUTION MANAGER] ⏱️ T2=809643782.108 ms | Thread started (server measured)
execution-manager-grpc  | [EXECUTION MANAGER] ⏱️ T3=809645971.337 ms | Task completed (server measured)
execution-manager-grpc  | [EXECUTION MANAGER] ⏱️ T4=809645971.783 ms | Result received by client
execution-manager-grpc  |    [TASK EXECUTION] 2189.229 ms (T3-T2, measured in thread)
execution-manager-grpc  |    [RESULT] {"result": 0}
execution-manager-grpc  | 
execution-manager-grpc  | ╔═══════════════════════════════════════════════════════════════╗
execution-manager-grpc  | ║           END-TO-END TIMING MEASUREMENT RECAP                 ║
execution-manager-grpc  | ║                   Task 2: sum2                                 
execution-manager-grpc  | ╠═══════════════════════════════════════════════════════════════╣
execution-manager-grpc  | ║ T1 (start_request)    = 809643781.617 ms                        ║
execution-manager-grpc  | ║ T2 (end_request)      = 809643782.108 ms                        ║
execution-manager-grpc  | ║ T3 (start_result)     = 809645971.337 ms                        ║
execution-manager-grpc  | ║ T4 (end_result)       = 809645971.783 ms                        ║
execution-manager-grpc  | ╠═══════════════════════════════════════════════════════════════╣
execution-manager-grpc  | ║ METRICS:                                                      ║
execution-manager-grpc  | ║   Request Latency    =        0.491 ms  (T2 - T1)            ║
execution-manager-grpc  | ║   Task Execution     =     2189.229 ms  (T3 - T2)            ║
execution-manager-grpc  | ║   Response Latency   =        0.446 ms  (T4 - T3)            ║
execution-manager-grpc  | ║   Total End-to-End   =     2190.166 ms  (T4 - T1)            ║
execution-manager-grpc  | ║   Network Overhead   =        0.937 ms  (Req + Resp)         ║
execution-manager-grpc  | ╚═══════════════════════════════════════════════════════════════╝
execution-manager-grpc  | 
execution-manager-grpc  | [EPOLL] T=13190 ms: epoll_wait returned 1 event(s)
execution-manager-grpc  | [EPOLL] event[0]: type=2 task=NULL
execution-manager-grpc  | [SCHEDULER] ✅ T=13190 ms: Task 2 'sum2' completed with status 2
execution-manager-grpc  | [SCHEDULER] 🔕 Timeout disarmed for task 2
execution-manager-grpc  | [SCHEDULER] 3 tasks remaining
execution-manager-grpc  | [gRPC Client Async] Stream completed, received 1 responses
execution-manager-grpc  | [GRPC THREAD 2] Completed
execution-manager-grpc  | [gRPC Client Async] Response #1 - Status: COMPLETED
execution-manager-grpc  | 🎉 [T=14369 ms] Task 1 'sum1' COMPLETED
execution-manager-grpc  | [EXECUTION MANAGER] ⏱️ T2=809642782.363 ms | Thread started (server measured)
execution-manager-grpc  | [EXECUTION MANAGER] ⏱️ T3=809647150.014 ms | Task completed (server measured)
execution-manager-grpc  | [EXECUTION MANAGER] ⏱️ T4=809647150.475 ms | Result received by client
execution-manager-grpc  |    [TASK EXECUTION] 4367.651 ms (T3-T2, measured in thread)
execution-manager-grpc  |    [RESULT] {"result": 0}
execution-manager-grpc  | 
execution-manager-grpc  | ╔═══════════════════════════════════════════════════════════════╗
execution-manager-grpc  | ║           END-TO-END TIMING MEASUREMENT RECAP                 ║
execution-manager-grpc  | ║                   Task 1: sum1                                 
execution-manager-grpc  | ╠═══════════════════════════════════════════════════════════════╣
execution-manager-grpc  | ║ T1 (start_request)    = 809642781.584 ms                        ║
execution-manager-grpc  | ║ T2 (end_request)      = 809642782.363 ms                        ║
execution-manager-grpc  | ║ T3 (start_result)     = 809647150.014 ms                        ║
execution-manager-grpc  | ║ T4 (end_result)       = 809647150.475 ms                        ║
execution-manager-grpc  | ╠═══════════════════════════════════════════════════════════════╣
execution-manager-grpc  | ║ METRICS:                                                      ║
execution-manager-grpc  | ║   Request Latency    =        0.779 ms  (T2 - T1)            ║
execution-manager-grpc  | ║   Task Execution     =     4367.651 ms  (T3 - T2)            ║
execution-manager-grpc  | ║   Response Latency   =        0.461 ms  (T4 - T3)            ║
execution-manager-grpc  | ║   Total End-to-End   =     4368.891 ms  (T4 - T1)            ║
execution-manager-grpc  | ║   Network Overhead   =        1.240 ms  (Req + Resp)         ║
execution-manager-grpc  | ╚═══════════════════════════════════════════════════════════════╝
execution-manager-grpc  | 
execution-manager-grpc  | [EPOLL] T=14369 ms: epoll_wait returned 1 event(s)
execution-manager-grpc  | [EPOLL] event[0]: type=2 task=NULL
execution-manager-grpc  | [SCHEDULER] ✅ T=14369 ms: Task 1 'sum1' completed with status 2
execution-manager-grpc  | [SCHEDULER] 🔕 Timeout disarmed for task 1
execution-manager-grpc  | [SCHEDULER] 2 tasks remaining
execution-manager-grpc  | [gRPC Client Async] Stream completed, received 1 responses
execution-manager-grpc  | [GRPC THREAD 1] Completed
execution-manager-grpc  | [EPOLL] T=20000 ms: epoll_wait returned 1 event(s)
execution-manager-grpc  | [EPOLL] event[0]: type=0 task=sum3
execution-manager-grpc  | [SCHEDULER] ⏰ T=20000 ms | T_wall=809652781.523 ms: Launching task 3 'sum3' (deadline: 50000 ms)
execution-manager-grpc  | [SCHEDULER] 🕐 Timeout armed for task 3 at T=50000 ms (in 30000 ms)
execution-manager-grpc  | [GRPC THREAD 3] Starting...
execution-manager-grpc  | [EXECUTION MANAGER] ⏱️ T1=809652781.607 ms | Sending gRPC request for task 3 'sum3'
execution-manager-grpc  | [gRPC Channel Pool] Reusing existing channel for localhost:50053 (state=2)
execution-manager-grpc  | [gRPC Client Async] Calling task 'sum3' at localhost:50053
execution-manager-grpc  | [gRPC Client Async] Inputs: {"total_ops": 800, "io_percentage": 50}
execution-manager-grpc  | [EPOLL] T=21000 ms: epoll_wait returned 1 event(s)
execution-manager-grpc  | [EPOLL] event[0]: type=0 task=sum4
execution-manager-grpc  | [SCHEDULER] ⏰ T=21000 ms | T_wall=809653781.526 ms: Launching task 4 'sum4' (deadline: 51000 ms)
execution-manager-grpc  | [SCHEDULER] 🕐 Timeout armed for task 4 at T=51000 ms (in 30000 ms)
execution-manager-grpc  | [GRPC THREAD 4] Starting...
execution-manager-grpc  | [EXECUTION MANAGER] ⏱️ T1=809653781.634 ms | Sending gRPC request for task 4 'sum4'
execution-manager-grpc  | [gRPC Channel Pool] Reusing existing channel for localhost:50054 (state=2)
execution-manager-grpc  | [gRPC Client Async] Calling task 'sum4' at localhost:50054
execution-manager-grpc  | [gRPC Client Async] Inputs: {"total_ops": 800, "io_percentage": 50}
execution-manager-grpc  | [gRPC Client Async] Response #1 - Status: COMPLETED
execution-manager-grpc  | 🎉 [T=22189 ms] Task 3 'sum3' COMPLETED
execution-manager-grpc  | [EXECUTION MANAGER] ⏱️ T2=809652782.151 ms | Thread started (server measured)
execution-manager-grpc  | [EXECUTION MANAGER] ⏱️ T3=809654970.384 ms | Task completed (server measured)
execution-manager-grpc  | [EXECUTION MANAGER] ⏱️ T4=809654970.848 ms | Result received by client
execution-manager-grpc  |    [TASK EXECUTION] 2188.233 ms (T3-T2, measured in thread)
execution-manager-grpc  |    [RESULT] {"result": 0}
execution-manager-grpc  | 
execution-manager-grpc  | ╔═══════════════════════════════════════════════════════════════╗
execution-manager-grpc  | ║           END-TO-END TIMING MEASUREMENT RECAP                 ║
execution-manager-grpc  | ║                   Task 3: sum3                                 
execution-manager-grpc  | ╠═══════════════════════════════════════════════════════════════╣
execution-manager-grpc  | ║ T1 (start_request)    = 809652781.607 ms                        ║
execution-manager-grpc  | ║ T2 (end_request)      = 809652782.151 ms                        ║
execution-manager-grpc  | ║ T3 (start_result)     = 809654970.384 ms                        ║
execution-manager-grpc  | ║ T4 (end_result)       = 809654970.848 ms                        ║
execution-manager-grpc  | ╠═══════════════════════════════════════════════════════════════╣
execution-manager-grpc  | ║ METRICS:                                                      ║
execution-manager-grpc  | ║   Request Latency    =        0.544 ms  (T2 - T1)            ║
execution-manager-grpc  | ║   Task Execution     =     2188.233 ms  (T3 - T2)            ║
execution-manager-grpc  | ║   Response Latency   =        0.464 ms  (T4 - T3)            ║
execution-manager-grpc  | ║   Total End-to-End   =     2189.242 ms  (T4 - T1)            ║
execution-manager-grpc  | ║   Network Overhead   =        1.008 ms  (Req + Resp)         ║
execution-manager-grpc  | ╚═══════════════════════════════════════════════════════════════╝
execution-manager-grpc  | 
execution-manager-grpc  | [EPOLL] T=22189 ms: epoll_wait returned 1 event(s)
execution-manager-grpc  | [EPOLL] event[0]: type=2 task=NULL
execution-manager-grpc  | [SCHEDULER] ✅ T=22189 ms: Task 3 'sum3' completed with status 2
execution-manager-grpc  | [SCHEDULER] 🔕 Timeout disarmed for task 3
execution-manager-grpc  | [SCHEDULER] 1 tasks remaining
execution-manager-grpc  | [gRPC Client Async] Stream completed, received 1 responses
execution-manager-grpc  | [GRPC THREAD 3] Completed
execution-manager-grpc  | [gRPC Client Async] Response #1 - Status: COMPLETED
execution-manager-grpc  | 🎉 [T=24378 ms] Task 4 'sum4' COMPLETED
execution-manager-grpc  | [EXECUTION MANAGER] ⏱️ T2=809654970.440 ms | Thread started (server measured)
execution-manager-grpc  | [EXECUTION MANAGER] ⏱️ T3=809657159.395 ms | Task completed (server measured)
execution-manager-grpc  | [EXECUTION MANAGER] ⏱️ T4=809657159.844 ms | Result received by client
execution-manager-grpc  |    [TASK EXECUTION] 2188.955 ms (T3-T2, measured in thread)
execution-manager-grpc  |    [RESULT] {"result": 0}
execution-manager-grpc  | 
execution-manager-grpc  | ╔═══════════════════════════════════════════════════════════════╗
execution-manager-grpc  | ║           END-TO-END TIMING MEASUREMENT RECAP                 ║
execution-manager-grpc  | ║                   Task 4: sum4                                 
execution-manager-grpc  | ╠═══════════════════════════════════════════════════════════════╣
execution-manager-grpc  | ║ T1 (start_request)    = 809653781.634 ms                        ║
execution-manager-grpc  | ║ T2 (end_request)      = 809654970.440 ms                        ║
execution-manager-grpc  | ║ T3 (start_result)     = 809657159.395 ms                        ║
execution-manager-grpc  | ║ T4 (end_result)       = 809657159.844 ms                        ║
execution-manager-grpc  | ╠═══════════════════════════════════════════════════════════════╣
execution-manager-grpc  | ║ METRICS:                                                      ║
execution-manager-grpc  | ║   Request Latency    =     1188.806 ms  (T2 - T1)            ║
execution-manager-grpc  | ║   Task Execution     =     2188.955 ms  (T3 - T2)            ║
execution-manager-grpc  | ║   Response Latency   =        0.449 ms  (T4 - T3)            ║
execution-manager-grpc  | ║   Total End-to-End   =     3378.210 ms  (T4 - T1)            ║
execution-manager-grpc  | ║   Network Overhead   =     1189.254 ms  (Req + Resp)         ║
execution-manager-grpc  | ╚═══════════════════════════════════════════════════════════════╝
execution-manager-grpc  | 
execution-manager-grpc  | [EPOLL] T=24378 ms: epoll_wait returned 1 event(s)
execution-manager-grpc  | [EPOLL] event[0]: type=2 task=NULL
execution-manager-grpc  | [SCHEDULER] ✅ T=24378 ms: Task 4 'sum4' completed with status 2
execution-manager-grpc  | [SCHEDULER] 🔕 Timeout disarmed for task 4
execution-manager-grpc  | [SCHEDULER] 0 tasks remaining
execution-manager-grpc  | 
execution-manager-grpc  | [SCHEDULER] 🏁 Iteration 46/50 complete!
execution-manager-grpc  | [SCHEDULER] Iteration execution time: 24378 ms
execution-manager-grpc  | 
execution-manager-grpc  | 
execution-manager-grpc  | [SCHEDULER] 🔁 ===== ITERATION 47 / 50 =====
execution-manager-grpc  | 
execution-manager-grpc  | [SCHEDULER] 🚀 Schedule started at T=0
execution-manager-grpc  | 
execution-manager-grpc  | [SCHEDULER] 🔄 Entering event loop (NO SLEEP - event-driven!)
execution-manager-grpc  | 
execution-manager-grpc  | [gRPC Client Async] Stream completed, received 1 responses
execution-manager-grpc  | [GRPC THREAD 4] Completed
execution-manager-grpc  | [EPOLL] T=10000 ms: epoll_wait returned 1 event(s)
execution-manager-grpc  | [EPOLL] event[0]: type=0 task=sum1
execution-manager-grpc  | [SCHEDULER] ⏰ T=10000 ms | T_wall=809667159.977 ms: Launching task 1 'sum1' (deadline: 40000 ms)
execution-manager-grpc  | [SCHEDULER] 🕐 Timeout armed for task 1 at T=40000 ms (in 29999 ms)
execution-manager-grpc  | [GRPC THREAD 1] Starting...
execution-manager-grpc  | [EXECUTION MANAGER] ⏱️ T1=809667160.065 ms | Sending gRPC request for task 1 'sum1'
execution-manager-grpc  | [gRPC Channel Pool] Reusing existing channel for localhost:50051 (state=2)
execution-manager-grpc  | [gRPC Client Async] Calling task 'sum1' at localhost:50051
execution-manager-grpc  | [gRPC Client Async] Inputs: {"total_ops": 800, "io_percentage": 50}
execution-manager-grpc  | [EPOLL] T=11000 ms: epoll_wait returned 1 event(s)
execution-manager-grpc  | [EPOLL] event[0]: type=0 task=sum2
execution-manager-grpc  | [SCHEDULER] ⏰ T=11000 ms | T_wall=809668159.991 ms: Launching task 2 'sum2' (deadline: 41000 ms)
execution-manager-grpc  | [SCHEDULER] 🕐 Timeout armed for task 2 at T=41000 ms (in 29999 ms)
execution-manager-grpc  | [GRPC THREAD 2] Starting...
execution-manager-grpc  | [EXECUTION MANAGER] ⏱️ T1=809668160.105 ms | Sending gRPC request for task 2 'sum2'
execution-manager-grpc  | [gRPC Channel Pool] Reusing existing channel for localhost:50052 (state=2)
execution-manager-grpc  | [gRPC Client Async] Calling task 'sum2' at localhost:50052
execution-manager-grpc  | [gRPC Client Async] Inputs: {"total_ops": 800, "io_percentage": 50}
execution-manager-grpc  | [gRPC Client Async] Response #1 - Status: COMPLETED
execution-manager-grpc  | 🎉 [T=13190 ms] Task 2 'sum2' COMPLETED
execution-manager-grpc  | [EXECUTION MANAGER] ⏱️ T2=809668160.609 ms | Thread started (server measured)
execution-manager-grpc  | [EXECUTION MANAGER] ⏱️ T3=809670349.033 ms | Task completed (server measured)
execution-manager-grpc  | [EXECUTION MANAGER] ⏱️ T4=809670349.509 ms | Result received by client
execution-manager-grpc  |    [TASK EXECUTION] 2188.423 ms (T3-T2, measured in thread)
execution-manager-grpc  |    [RESULT] {"result": 0}
execution-manager-grpc  | 
execution-manager-grpc  | ╔═══════════════════════════════════════════════════════════════╗
execution-manager-grpc  | ║           END-TO-END TIMING MEASUREMENT RECAP                 ║
execution-manager-grpc  | ║                   Task 2: sum2                                 
execution-manager-grpc  | ╠═══════════════════════════════════════════════════════════════╣
execution-manager-grpc  | ║ T1 (start_request)    = 809668160.105 ms                        ║
execution-manager-grpc  | ║ T2 (end_request)      = 809668160.609 ms                        ║
execution-manager-grpc  | ║ T3 (start_result)     = 809670349.033 ms                        ║
execution-manager-grpc  | ║ T4 (end_result)       = 809670349.509 ms                        ║
execution-manager-grpc  | ╠═══════════════════════════════════════════════════════════════╣
execution-manager-grpc  | ║ METRICS:                                                      ║
execution-manager-grpc  | ║   Request Latency    =        0.505 ms  (T2 - T1)            ║
execution-manager-grpc  | ║   Task Execution     =     2188.423 ms  (T3 - T2)            ║
execution-manager-grpc  | ║   Response Latency   =        0.477 ms  (T4 - T3)            ║
execution-manager-grpc  | ║   Total End-to-End   =     2189.405 ms  (T4 - T1)            ║
execution-manager-grpc  | ║   Network Overhead   =        0.981 ms  (Req + Resp)         ║
execution-manager-grpc  | ╚═══════════════════════════════════════════════════════════════╝
execution-manager-grpc  | 
execution-manager-grpc  | [EPOLL] T=13190 ms: epoll_wait returned 1 event(s)
execution-manager-grpc  | [EPOLL] event[0]: type=2 task=NULL
execution-manager-grpc  | [SCHEDULER] ✅ T=13190 ms: Task 2 'sum2' completed with status 2
execution-manager-grpc  | [SCHEDULER] 🔕 Timeout disarmed for task 2
execution-manager-grpc  | [SCHEDULER] 3 tasks remaining
execution-manager-grpc  | [gRPC Client Async] Stream completed, received 1 responses
execution-manager-grpc  | [GRPC THREAD 2] Completed
execution-manager-grpc  | [gRPC Client Async] Response #1 - Status: COMPLETED
execution-manager-grpc  | 🎉 [T=14368 ms] Task 1 'sum1' COMPLETED
execution-manager-grpc  | [EXECUTION MANAGER] ⏱️ T2=809667160.930 ms | Thread started (server measured)
execution-manager-grpc  | [EXECUTION MANAGER] ⏱️ T3=809671527.225 ms | Task completed (server measured)
execution-manager-grpc  | [EXECUTION MANAGER] ⏱️ T4=809671527.711 ms | Result received by client
execution-manager-grpc  |    [TASK EXECUTION] 4366.295 ms (T3-T2, measured in thread)
execution-manager-grpc  |    [RESULT] {"result": 0}
execution-manager-grpc  | 
execution-manager-grpc  | ╔═══════════════════════════════════════════════════════════════╗
execution-manager-grpc  | ║           END-TO-END TIMING MEASUREMENT RECAP                 ║
execution-manager-grpc  | ║                   Task 1: sum1                                 
execution-manager-grpc  | ╠═══════════════════════════════════════════════════════════════╣
execution-manager-grpc  | ║ T1 (start_request)    = 809667160.065 ms                        ║
execution-manager-grpc  | ║ T2 (end_request)      = 809667160.930 ms                        ║
execution-manager-grpc  | ║ T3 (start_result)     = 809671527.225 ms                        ║
execution-manager-grpc  | ║ T4 (end_result)       = 809671527.711 ms                        ║
execution-manager-grpc  | ╠═══════════════════════════════════════════════════════════════╣
execution-manager-grpc  | ║ METRICS:                                                      ║
execution-manager-grpc  | ║   Request Latency    =        0.865 ms  (T2 - T1)            ║
execution-manager-grpc  | ║   Task Execution     =     4366.295 ms  (T3 - T2)            ║
execution-manager-grpc  | ║   Response Latency   =        0.486 ms  (T4 - T3)            ║
execution-manager-grpc  | ║   Total End-to-End   =     4367.646 ms  (T4 - T1)            ║
execution-manager-grpc  | ║   Network Overhead   =        1.351 ms  (Req + Resp)         ║
execution-manager-grpc  | ╚═══════════════════════════════════════════════════════════════╝
execution-manager-grpc  | 
execution-manager-grpc  | [EPOLL] T=14368 ms: epoll_wait returned 1 event(s)
execution-manager-grpc  | [EPOLL] event[0]: type=2 task=NULL
execution-manager-grpc  | [SCHEDULER] ✅ T=14368 ms: Task 1 'sum1' completed with status 2
execution-manager-grpc  | [SCHEDULER] 🔕 Timeout disarmed for task 1
execution-manager-grpc  | [SCHEDULER] 2 tasks remaining
execution-manager-grpc  | [gRPC Client Async] Stream completed, received 1 responses
execution-manager-grpc  | [GRPC THREAD 1] Completed
execution-manager-grpc  | [EPOLL] T=20000 ms: epoll_wait returned 1 event(s)
execution-manager-grpc  | [EPOLL] event[0]: type=0 task=sum3
execution-manager-grpc  | [SCHEDULER] ⏰ T=20001 ms | T_wall=809677160.010 ms: Launching task 3 'sum3' (deadline: 50000 ms)
execution-manager-grpc  | [SCHEDULER] 🕐 Timeout armed for task 3 at T=50000 ms (in 29999 ms)
execution-manager-grpc  | [GRPC THREAD 3] Starting...
execution-manager-grpc  | [EXECUTION MANAGER] ⏱️ T1=809677160.107 ms | Sending gRPC request for task 3 'sum3'
execution-manager-grpc  | [gRPC Channel Pool] Reusing existing channel for localhost:50053 (state=2)
execution-manager-grpc  | [gRPC Client Async] Calling task 'sum3' at localhost:50053
execution-manager-grpc  | [gRPC Client Async] Inputs: {"total_ops": 800, "io_percentage": 50}
execution-manager-grpc  | [EPOLL] T=21001 ms: epoll_wait returned 1 event(s)
execution-manager-grpc  | [EPOLL] event[0]: type=0 task=sum4
execution-manager-grpc  | [SCHEDULER] ⏰ T=21001 ms | T_wall=809678160.014 ms: Launching task 4 'sum4' (deadline: 51000 ms)
execution-manager-grpc  | [SCHEDULER] 🕐 Timeout armed for task 4 at T=51000 ms (in 29999 ms)
execution-manager-grpc  | [GRPC THREAD 4] Starting...
execution-manager-grpc  | [EXECUTION MANAGER] ⏱️ T1=809678160.114 ms | Sending gRPC request for task 4 'sum4'
execution-manager-grpc  | [gRPC Channel Pool] Reusing existing channel for localhost:50054 (state=2)
execution-manager-grpc  | [gRPC Client Async] Calling task 'sum4' at localhost:50054
execution-manager-grpc  | [gRPC Client Async] Inputs: {"total_ops": 800, "io_percentage": 50}
execution-manager-grpc  | [gRPC Client Async] Response #1 - Status: COMPLETED
execution-manager-grpc  | 🎉 [T=22190 ms] Task 3 'sum3' COMPLETED
execution-manager-grpc  | [EXECUTION MANAGER] ⏱️ T2=809677160.948 ms | Thread started (server measured)
execution-manager-grpc  | [EXECUTION MANAGER] ⏱️ T3=809679349.511 ms | Task completed (server measured)
execution-manager-grpc  | [EXECUTION MANAGER] ⏱️ T4=809679349.946 ms | Result received by client
execution-manager-grpc  |    [TASK EXECUTION] 2188.563 ms (T3-T2, measured in thread)
execution-manager-grpc  |    [RESULT] {"result": 0}
execution-manager-grpc  | 
execution-manager-grpc  | ╔═══════════════════════════════════════════════════════════════╗
execution-manager-grpc  | ║           END-TO-END TIMING MEASUREMENT RECAP                 ║
execution-manager-grpc  | ║                   Task 3: sum3                                 
execution-manager-grpc  | ╠═══════════════════════════════════════════════════════════════╣
execution-manager-grpc  | ║ T1 (start_request)    = 809677160.107 ms                        ║
execution-manager-grpc  | ║ T2 (end_request)      = 809677160.948 ms                        ║
execution-manager-grpc  | ║ T3 (start_result)     = 809679349.511 ms                        ║
execution-manager-grpc  | ║ T4 (end_result)       = 809679349.946 ms                        ║
execution-manager-grpc  | ╠═══════════════════════════════════════════════════════════════╣
execution-manager-grpc  | ║ METRICS:                                                      ║
execution-manager-grpc  | ║   Request Latency    =        0.841 ms  (T2 - T1)            ║
execution-manager-grpc  | ║   Task Execution     =     2188.563 ms  (T3 - T2)            ║
execution-manager-grpc  | ║   Response Latency   =        0.435 ms  (T4 - T3)            ║
execution-manager-grpc  | ║   Total End-to-End   =     2189.839 ms  (T4 - T1)            ║
execution-manager-grpc  | ║   Network Overhead   =        1.276 ms  (Req + Resp)         ║
execution-manager-grpc  | ╚═══════════════════════════════════════════════════════════════╝
execution-manager-grpc  | 
execution-manager-grpc  | [EPOLL] T=22190 ms: epoll_wait returned 1 event(s)
execution-manager-grpc  | [EPOLL] event[0]: type=2 task=NULL
execution-manager-grpc  | [SCHEDULER] ✅ T=22190 ms: Task 3 'sum3' completed with status 2
execution-manager-grpc  | [SCHEDULER] 🔕 Timeout disarmed for task 3
execution-manager-grpc  | [SCHEDULER] 1 tasks remaining
execution-manager-grpc  | [gRPC Client Async] Stream completed, received 1 responses
execution-manager-grpc  | [GRPC THREAD 3] Completed
execution-manager-grpc  | [gRPC Client Async] Response #1 - Status: COMPLETED
execution-manager-grpc  | 🎉 [T=24380 ms] Task 4 'sum4' COMPLETED
execution-manager-grpc  | [EXECUTION MANAGER] ⏱️ T2=809679349.566 ms | Thread started (server measured)
execution-manager-grpc  | [EXECUTION MANAGER] ⏱️ T3=809681538.755 ms | Task completed (server measured)
execution-manager-grpc  | [EXECUTION MANAGER] ⏱️ T4=809681539.265 ms | Result received by client
execution-manager-grpc  |    [TASK EXECUTION] 2189.189 ms (T3-T2, measured in thread)
execution-manager-grpc  |    [RESULT] {"result": 0}
execution-manager-grpc  | 
execution-manager-grpc  | ╔═══════════════════════════════════════════════════════════════╗
execution-manager-grpc  | ║           END-TO-END TIMING MEASUREMENT RECAP                 ║
execution-manager-grpc  | ║                   Task 4: sum4                                 
execution-manager-grpc  | ╠═══════════════════════════════════════════════════════════════╣
execution-manager-grpc  | ║ T1 (start_request)    = 809678160.114 ms                        ║
execution-manager-grpc  | ║ T2 (end_request)      = 809679349.566 ms                        ║
execution-manager-grpc  | ║ T3 (start_result)     = 809681538.755 ms                        ║
execution-manager-grpc  | ║ T4 (end_result)       = 809681539.265 ms                        ║
execution-manager-grpc  | ╠═══════════════════════════════════════════════════════════════╣
execution-manager-grpc  | ║ METRICS:                                                      ║
execution-manager-grpc  | ║   Request Latency    =     1189.452 ms  (T2 - T1)            ║
execution-manager-grpc  | ║   Task Execution     =     2189.189 ms  (T3 - T2)            ║
execution-manager-grpc  | ║   Response Latency   =        0.510 ms  (T4 - T3)            ║
execution-manager-grpc  | ║   Total End-to-End   =     3379.150 ms  (T4 - T1)            ║
execution-manager-grpc  | ║   Network Overhead   =     1189.961 ms  (Req + Resp)         ║
execution-manager-grpc  | ╚═══════════════════════════════════════════════════════════════╝
execution-manager-grpc  | 
execution-manager-grpc  | [EPOLL] T=24380 ms: epoll_wait returned 1 event(s)
execution-manager-grpc  | [EPOLL] event[0]: type=2 task=NULL
execution-manager-grpc  | [SCHEDULER] ✅ T=24380 ms: Task 4 'sum4' completed with status 2
execution-manager-grpc  | [SCHEDULER] 🔕 Timeout disarmed for task 4
execution-manager-grpc  | [SCHEDULER] 0 tasks remaining
execution-manager-grpc  | 
execution-manager-grpc  | [SCHEDULER] 🏁 Iteration 47/50 complete!
execution-manager-grpc  | [SCHEDULER] Iteration execution time: 24380 ms
execution-manager-grpc  | 
execution-manager-grpc  | 
execution-manager-grpc  | [SCHEDULER] 🔁 ===== ITERATION 48 / 50 =====
execution-manager-grpc  | 
execution-manager-grpc  | [SCHEDULER] 🚀 Schedule started at T=0
execution-manager-grpc  | 
execution-manager-grpc  | [SCHEDULER] 🔄 Entering event loop (NO SLEEP - event-driven!)
execution-manager-grpc  | 
execution-manager-grpc  | [gRPC Client Async] Stream completed, received 1 responses
execution-manager-grpc  | [GRPC THREAD 4] Completed
execution-manager-grpc  | [EPOLL] T=10000 ms: epoll_wait returned 1 event(s)
execution-manager-grpc  | [EPOLL] event[0]: type=0 task=sum1
execution-manager-grpc  | [SCHEDULER] ⏰ T=10000 ms | T_wall=809691539.395 ms: Launching task 1 'sum1' (deadline: 40000 ms)
execution-manager-grpc  | [SCHEDULER] 🕐 Timeout armed for task 1 at T=40000 ms (in 30000 ms)
execution-manager-grpc  | [GRPC THREAD 1] Starting...
execution-manager-grpc  | [EXECUTION MANAGER] ⏱️ T1=809691539.485 ms | Sending gRPC request for task 1 'sum1'
execution-manager-grpc  | [gRPC Channel Pool] Reusing existing channel for localhost:50051 (state=2)
execution-manager-grpc  | [gRPC Client Async] Calling task 'sum1' at localhost:50051
execution-manager-grpc  | [gRPC Client Async] Inputs: {"total_ops": 800, "io_percentage": 50}
execution-manager-grpc  | [EPOLL] T=11000 ms: epoll_wait returned 1 event(s)
execution-manager-grpc  | [EPOLL] event[0]: type=0 task=sum2
execution-manager-grpc  | [SCHEDULER] ⏰ T=11000 ms | T_wall=809692539.417 ms: Launching task 2 'sum2' (deadline: 41000 ms)
execution-manager-grpc  | [SCHEDULER] 🕐 Timeout armed for task 2 at T=41000 ms (in 30000 ms)
execution-manager-grpc  | [GRPC THREAD 2] Starting...
execution-manager-grpc  | [EXECUTION MANAGER] ⏱️ T1=809692539.525 ms | Sending gRPC request for task 2 'sum2'
execution-manager-grpc  | [gRPC Channel Pool] Reusing existing channel for localhost:50052 (state=2)
execution-manager-grpc  | [gRPC Client Async] Calling task 'sum2' at localhost:50052
execution-manager-grpc  | [gRPC Client Async] Inputs: {"total_ops": 800, "io_percentage": 50}
execution-manager-grpc  | [gRPC Client Async] Response #1 - Status: COMPLETED
execution-manager-grpc  | 🎉 [T=13190 ms] Task 2 'sum2' COMPLETED
execution-manager-grpc  | [EXECUTION MANAGER] ⏱️ T2=809692540.060 ms | Thread started (server measured)
execution-manager-grpc  | [EXECUTION MANAGER] ⏱️ T3=809694729.474 ms | Task completed (server measured)
execution-manager-grpc  | [EXECUTION MANAGER] ⏱️ T4=809694729.935 ms | Result received by client
execution-manager-grpc  |    [TASK EXECUTION] 2189.414 ms (T3-T2, measured in thread)
execution-manager-grpc  |    [RESULT] {"result": 0}
execution-manager-grpc  | 
execution-manager-grpc  | ╔═══════════════════════════════════════════════════════════════╗
execution-manager-grpc  | ║           END-TO-END TIMING MEASUREMENT RECAP                 ║
execution-manager-grpc  | ║                   Task 2: sum2                                 
execution-manager-grpc  | ╠═══════════════════════════════════════════════════════════════╣
execution-manager-grpc  | ║ T1 (start_request)    = 809692539.525 ms                        ║
execution-manager-grpc  | ║ T2 (end_request)      = 809692540.060 ms                        ║
execution-manager-grpc  | ║ T3 (start_result)     = 809694729.474 ms                        ║
execution-manager-grpc  | ║ T4 (end_result)       = 809694729.935 ms                        ║
execution-manager-grpc  | ╠═══════════════════════════════════════════════════════════════╣
execution-manager-grpc  | ║ METRICS:                                                      ║
execution-manager-grpc  | ║   Request Latency    =        0.535 ms  (T2 - T1)            ║
execution-manager-grpc  | ║   Task Execution     =     2189.414 ms  (T3 - T2)            ║
execution-manager-grpc  | ║   Response Latency   =        0.461 ms  (T4 - T3)            ║
execution-manager-grpc  | ║   Total End-to-End   =     2190.410 ms  (T4 - T1)            ║
execution-manager-grpc  | ║   Network Overhead   =        0.996 ms  (Req + Resp)         ║
execution-manager-grpc  | ╚═══════════════════════════════════════════════════════════════╝
execution-manager-grpc  | 
execution-manager-grpc  | [EPOLL] T=13190 ms: epoll_wait returned 1 event(s)
execution-manager-grpc  | [EPOLL] event[0]: type=2 task=NULL
execution-manager-grpc  | [SCHEDULER] ✅ T=13190 ms: Task 2 'sum2' completed with status 2
execution-manager-grpc  | [SCHEDULER] 🔕 Timeout disarmed for task 2
execution-manager-grpc  | [SCHEDULER] 3 tasks remaining
execution-manager-grpc  | [gRPC Client Async] Stream completed, received 1 responses
execution-manager-grpc  | [GRPC THREAD 2] Completed
execution-manager-grpc  | [gRPC Client Async] Response #1 - Status: COMPLETED
execution-manager-grpc  | 🎉 [T=14370 ms] Task 1 'sum1' COMPLETED
execution-manager-grpc  | [EXECUTION MANAGER] ⏱️ T2=809691540.134 ms | Thread started (server measured)
execution-manager-grpc  | [EXECUTION MANAGER] ⏱️ T3=809695909.057 ms | Task completed (server measured)
execution-manager-grpc  | [EXECUTION MANAGER] ⏱️ T4=809695909.499 ms | Result received by client
execution-manager-grpc  |    [TASK EXECUTION] 4368.923 ms (T3-T2, measured in thread)
execution-manager-grpc  |    [RESULT] {"result": 0}
execution-manager-grpc  | 
execution-manager-grpc  | ╔═══════════════════════════════════════════════════════════════╗
execution-manager-grpc  | ║           END-TO-END TIMING MEASUREMENT RECAP                 ║
execution-manager-grpc  | ║                   Task 1: sum1                                 
execution-manager-grpc  | ╠═══════════════════════════════════════════════════════════════╣
execution-manager-grpc  | ║ T1 (start_request)    = 809691539.485 ms                        ║
execution-manager-grpc  | ║ T2 (end_request)      = 809691540.134 ms                        ║
execution-manager-grpc  | ║ T3 (start_result)     = 809695909.057 ms                        ║
execution-manager-grpc  | ║ T4 (end_result)       = 809695909.499 ms                        ║
execution-manager-grpc  | ╠═══════════════════════════════════════════════════════════════╣
execution-manager-grpc  | ║ METRICS:                                                      ║
execution-manager-grpc  | ║   Request Latency    =        0.649 ms  (T2 - T1)            ║
execution-manager-grpc  | ║   Task Execution     =     4368.923 ms  (T3 - T2)            ║
execution-manager-grpc  | ║   Response Latency   =        0.442 ms  (T4 - T3)            ║
execution-manager-grpc  | ║   Total End-to-End   =     4370.014 ms  (T4 - T1)            ║
execution-manager-grpc  | ║   Network Overhead   =        1.091 ms  (Req + Resp)         ║
execution-manager-grpc  | ╚═══════════════════════════════════════════════════════════════╝
execution-manager-grpc  | 
execution-manager-grpc  | [EPOLL] T=14370 ms: epoll_wait returned 1 event(s)
execution-manager-grpc  | [EPOLL] event[0]: type=2 task=NULL
execution-manager-grpc  | [SCHEDULER] ✅ T=14370 ms: Task 1 'sum1' completed with status 2
execution-manager-grpc  | [SCHEDULER] 🔕 Timeout disarmed for task 1
execution-manager-grpc  | [SCHEDULER] 2 tasks remaining
execution-manager-grpc  | [gRPC Client Async] Stream completed, received 1 responses
execution-manager-grpc  | [GRPC THREAD 1] Completed
execution-manager-grpc  | [EPOLL] T=20000 ms: epoll_wait returned 1 event(s)
execution-manager-grpc  | [EPOLL] event[0]: type=0 task=sum3
execution-manager-grpc  | [SCHEDULER] ⏰ T=20000 ms | T_wall=809701539.416 ms: Launching task 3 'sum3' (deadline: 50000 ms)
execution-manager-grpc  | [SCHEDULER] 🕐 Timeout armed for task 3 at T=50000 ms (in 30000 ms)
execution-manager-grpc  | [GRPC THREAD 3] Starting...
execution-manager-grpc  | [EXECUTION MANAGER] ⏱️ T1=809701539.501 ms | Sending gRPC request for task 3 'sum3'
execution-manager-grpc  | [gRPC Channel Pool] Reusing existing channel for localhost:50053 (state=2)
execution-manager-grpc  | [gRPC Client Async] Calling task 'sum3' at localhost:50053
execution-manager-grpc  | [gRPC Client Async] Inputs: {"total_ops": 800, "io_percentage": 50}
execution-manager-grpc  | [EPOLL] T=21000 ms: epoll_wait returned 1 event(s)
execution-manager-grpc  | [EPOLL] event[0]: type=0 task=sum4
execution-manager-grpc  | [SCHEDULER] ⏰ T=21000 ms | T_wall=809702539.421 ms: Launching task 4 'sum4' (deadline: 51000 ms)
execution-manager-grpc  | [SCHEDULER] 🕐 Timeout armed for task 4 at T=51000 ms (in 30000 ms)
execution-manager-grpc  | [GRPC THREAD 4] Starting...
execution-manager-grpc  | [EXECUTION MANAGER] ⏱️ T1=809702539.516 ms | Sending gRPC request for task 4 'sum4'
execution-manager-grpc  | [gRPC Channel Pool] Reusing existing channel for localhost:50054 (state=2)
execution-manager-grpc  | [gRPC Client Async] Calling task 'sum4' at localhost:50054
execution-manager-grpc  | [gRPC Client Async] Inputs: {"total_ops": 800, "io_percentage": 50}
execution-manager-grpc  | [gRPC Client Async] Response #1 - Status: COMPLETED
execution-manager-grpc  | 🎉 [T=22190 ms] Task 3 'sum3' COMPLETED
execution-manager-grpc  | [EXECUTION MANAGER] ⏱️ T2=809701540.015 ms | Thread started (server measured)
execution-manager-grpc  | [EXECUTION MANAGER] ⏱️ T3=809703728.976 ms | Task completed (server measured)
execution-manager-grpc  | [EXECUTION MANAGER] ⏱️ T4=809703729.421 ms | Result received by client
execution-manager-grpc  |    [TASK EXECUTION] 2188.961 ms (T3-T2, measured in thread)
execution-manager-grpc  |    [RESULT] {"result": 0}
execution-manager-grpc  | 
execution-manager-grpc  | ╔═══════════════════════════════════════════════════════════════╗
execution-manager-grpc  | ║           END-TO-END TIMING MEASUREMENT RECAP                 ║
execution-manager-grpc  | ║                   Task 3: sum3                                 
execution-manager-grpc  | ╠═══════════════════════════════════════════════════════════════╣
execution-manager-grpc  | ║ T1 (start_request)    = 809701539.501 ms                        ║
execution-manager-grpc  | ║ T2 (end_request)      = 809701540.015 ms                        ║
execution-manager-grpc  | ║ T3 (start_result)     = 809703728.976 ms                        ║
execution-manager-grpc  | ║ T4 (end_result)       = 809703729.421 ms                        ║
execution-manager-grpc  | ╠═══════════════════════════════════════════════════════════════╣
execution-manager-grpc  | ║ METRICS:                                                      ║
execution-manager-grpc  | ║   Request Latency    =        0.514 ms  (T2 - T1)            ║
execution-manager-grpc  | ║   Task Execution     =     2188.961 ms  (T3 - T2)            ║
execution-manager-grpc  | ║   Response Latency   =        0.445 ms  (T4 - T3)            ║
execution-manager-grpc  | ║   Total End-to-End   =     2189.921 ms  (T4 - T1)            ║
execution-manager-grpc  | ║   Network Overhead   =        0.959 ms  (Req + Resp)         ║
execution-manager-grpc  | ╚═══════════════════════════════════════════════════════════════╝
execution-manager-grpc  | 
execution-manager-grpc  | [EPOLL] T=22190 ms: epoll_wait returned 1 event(s)
execution-manager-grpc  | [EPOLL] event[0]: type=2 task=NULL
execution-manager-grpc  | [SCHEDULER] ✅ T=22190 ms: Task 3 'sum3' completed with status 2
execution-manager-grpc  | [SCHEDULER] 🔕 Timeout disarmed for task 3
execution-manager-grpc  | [SCHEDULER] 1 tasks remaining
execution-manager-grpc  | [gRPC Client Async] Stream completed, received 1 responses
execution-manager-grpc  | [GRPC THREAD 3] Completed
execution-manager-grpc  | [gRPC Client Async] Response #1 - Status: COMPLETED
execution-manager-grpc  | 🎉 [T=24381 ms] Task 4 'sum4' COMPLETED
execution-manager-grpc  | [EXECUTION MANAGER] ⏱️ T2=809703729.028 ms | Thread started (server measured)
execution-manager-grpc  | [EXECUTION MANAGER] ⏱️ T3=809705919.674 ms | Task completed (server measured)
execution-manager-grpc  | [EXECUTION MANAGER] ⏱️ T4=809705920.145 ms | Result received by client
execution-manager-grpc  |    [TASK EXECUTION] 2190.646 ms (T3-T2, measured in thread)
execution-manager-grpc  |    [RESULT] {"result": 0}
execution-manager-grpc  | 
execution-manager-grpc  | ╔═══════════════════════════════════════════════════════════════╗
execution-manager-grpc  | ║           END-TO-END TIMING MEASUREMENT RECAP                 ║
execution-manager-grpc  | ║                   Task 4: sum4                                 
execution-manager-grpc  | ╠═══════════════════════════════════════════════════════════════╣
execution-manager-grpc  | ║ T1 (start_request)    = 809702539.516 ms                        ║
execution-manager-grpc  | ║ T2 (end_request)      = 809703729.028 ms                        ║
execution-manager-grpc  | ║ T3 (start_result)     = 809705919.674 ms                        ║
execution-manager-grpc  | ║ T4 (end_result)       = 809705920.145 ms                        ║
execution-manager-grpc  | ╠═══════════════════════════════════════════════════════════════╣
execution-manager-grpc  | ║ METRICS:                                                      ║
execution-manager-grpc  | ║   Request Latency    =     1189.511 ms  (T2 - T1)            ║
execution-manager-grpc  | ║   Task Execution     =     2190.646 ms  (T3 - T2)            ║
execution-manager-grpc  | ║   Response Latency   =        0.470 ms  (T4 - T3)            ║
execution-manager-grpc  | ║   Total End-to-End   =     3380.628 ms  (T4 - T1)            ║
execution-manager-grpc  | ║   Network Overhead   =     1189.982 ms  (Req + Resp)         ║
execution-manager-grpc  | ╚═══════════════════════════════════════════════════════════════╝
execution-manager-grpc  | 
execution-manager-grpc  | [EPOLL] T=24381 ms: epoll_wait returned 1 event(s)
execution-manager-grpc  | [EPOLL] event[0]: type=2 task=NULL
execution-manager-grpc  | [SCHEDULER] ✅ T=24381 ms: Task 4 'sum4' completed with status 2
execution-manager-grpc  | [SCHEDULER] 🔕 Timeout disarmed for task 4
execution-manager-grpc  | [SCHEDULER] 0 tasks remaining
execution-manager-grpc  | 
execution-manager-grpc  | [SCHEDULER] 🏁 Iteration 48/50 complete!
execution-manager-grpc  | [SCHEDULER] Iteration execution time: 24381 ms
execution-manager-grpc  | 
execution-manager-grpc  | 
execution-manager-grpc  | [SCHEDULER] 🔁 ===== ITERATION 49 / 50 =====
execution-manager-grpc  | 
execution-manager-grpc  | [SCHEDULER] 🚀 Schedule started at T=0
execution-manager-grpc  | 
execution-manager-grpc  | [SCHEDULER] 🔄 Entering event loop (NO SLEEP - event-driven!)
execution-manager-grpc  | 
execution-manager-grpc  | [gRPC Client Async] Stream completed, received 1 responses
execution-manager-grpc  | [GRPC THREAD 4] Completed
execution-manager-grpc  | [EPOLL] T=10000 ms: epoll_wait returned 1 event(s)
execution-manager-grpc  | [EPOLL] event[0]: type=0 task=sum1
execution-manager-grpc  | [SCHEDULER] ⏰ T=10000 ms | T_wall=809715920.267 ms: Launching task 1 'sum1' (deadline: 40000 ms)
execution-manager-grpc  | [SCHEDULER] 🕐 Timeout armed for task 1 at T=40000 ms (in 30000 ms)
execution-manager-grpc  | [GRPC THREAD 1] Starting...
execution-manager-grpc  | [EXECUTION MANAGER] ⏱️ T1=809715920.361 ms | Sending gRPC request for task 1 'sum1'
execution-manager-grpc  | [gRPC Channel Pool] Reusing existing channel for localhost:50051 (state=2)
execution-manager-grpc  | [gRPC Client Async] Calling task 'sum1' at localhost:50051
execution-manager-grpc  | [gRPC Client Async] Inputs: {"total_ops": 800, "io_percentage": 50}
execution-manager-grpc  | [EPOLL] T=11000 ms: epoll_wait returned 1 event(s)
execution-manager-grpc  | [EPOLL] event[0]: type=0 task=sum2
execution-manager-grpc  | [SCHEDULER] ⏰ T=11000 ms | T_wall=809716920.275 ms: Launching task 2 'sum2' (deadline: 41000 ms)
execution-manager-grpc  | [SCHEDULER] 🕐 Timeout armed for task 2 at T=41000 ms (in 30000 ms)
execution-manager-grpc  | [GRPC THREAD 2] Starting...
execution-manager-grpc  | [EXECUTION MANAGER] ⏱️ T1=809716920.360 ms | Sending gRPC request for task 2 'sum2'
execution-manager-grpc  | [gRPC Channel Pool] Reusing existing channel for localhost:50052 (state=2)
execution-manager-grpc  | [gRPC Client Async] Calling task 'sum2' at localhost:50052
execution-manager-grpc  | [gRPC Client Async] Inputs: {"total_ops": 800, "io_percentage": 50}
execution-manager-grpc  | [gRPC Client Async] Response #1 - Status: COMPLETED
execution-manager-grpc  | 🎉 [T=13191 ms] Task 2 'sum2' COMPLETED
execution-manager-grpc  | [EXECUTION MANAGER] ⏱️ T2=809716920.894 ms | Thread started (server measured)
execution-manager-grpc  | [EXECUTION MANAGER] ⏱️ T3=809719110.915 ms | Task completed (server measured)
execution-manager-grpc  | [EXECUTION MANAGER] ⏱️ T4=809719111.423 ms | Result received by client
execution-manager-grpc  |    [TASK EXECUTION] 2190.020 ms (T3-T2, measured in thread)
execution-manager-grpc  |    [RESULT] {"result": 0}
execution-manager-grpc  | 
execution-manager-grpc  | ╔═══════════════════════════════════════════════════════════════╗
execution-manager-grpc  | ║           END-TO-END TIMING MEASUREMENT RECAP                 ║
execution-manager-grpc  | ║                   Task 2: sum2                                 
execution-manager-grpc  | ╠═══════════════════════════════════════════════════════════════╣
execution-manager-grpc  | ║ T1 (start_request)    = 809716920.360 ms                        ║
execution-manager-grpc  | ║ T2 (end_request)      = 809716920.894 ms                        ║
execution-manager-grpc  | ║ T3 (start_result)     = 809719110.915 ms                        ║
execution-manager-grpc  | ║ T4 (end_result)       = 809719111.423 ms                        ║
execution-manager-grpc  | ╠═══════════════════════════════════════════════════════════════╣
execution-manager-grpc  | ║ METRICS:                                                      ║
execution-manager-grpc  | ║   Request Latency    =        0.534 ms  (T2 - T1)            ║
execution-manager-grpc  | ║   Task Execution     =     2190.020 ms  (T3 - T2)            ║
execution-manager-grpc  | ║   Response Latency   =        0.508 ms  (T4 - T3)            ║
execution-manager-grpc  | ║   Total End-to-End   =     2191.062 ms  (T4 - T1)            ║
execution-manager-grpc  | ║   Network Overhead   =        1.042 ms  (Req + Resp)         ║
execution-manager-grpc  | ╚═══════════════════════════════════════════════════════════════╝
execution-manager-grpc  | 
execution-manager-grpc  | [EPOLL] T=13191 ms: epoll_wait returned 1 event(s)
execution-manager-grpc  | [EPOLL] event[0]: type=2 task=NULL
execution-manager-grpc  | [SCHEDULER] ✅ T=13191 ms: Task 2 'sum2' completed with status 2
execution-manager-grpc  | [SCHEDULER] 🔕 Timeout disarmed for task 2
execution-manager-grpc  | [SCHEDULER] 3 tasks remaining
execution-manager-grpc  | [gRPC Client Async] Stream completed, received 1 responses
execution-manager-grpc  | [GRPC THREAD 2] Completed
execution-manager-grpc  | [gRPC Client Async] Response #1 - Status: COMPLETED
execution-manager-grpc  | 🎉 [T=14371 ms] Task 1 'sum1' COMPLETED
execution-manager-grpc  | [EXECUTION MANAGER] ⏱️ T2=809715921.084 ms | Thread started (server measured)
execution-manager-grpc  | [EXECUTION MANAGER] ⏱️ T3=809720291.039 ms | Task completed (server measured)
execution-manager-grpc  | [EXECUTION MANAGER] ⏱️ T4=809720291.499 ms | Result received by client
execution-manager-grpc  |    [TASK EXECUTION] 4369.955 ms (T3-T2, measured in thread)
execution-manager-grpc  |    [RESULT] {"result": 0}
execution-manager-grpc  | 
execution-manager-grpc  | ╔═══════════════════════════════════════════════════════════════╗
execution-manager-grpc  | ║           END-TO-END TIMING MEASUREMENT RECAP                 ║
execution-manager-grpc  | ║                   Task 1: sum1                                 
execution-manager-grpc  | ╠═══════════════════════════════════════════════════════════════╣
execution-manager-grpc  | ║ T1 (start_request)    = 809715920.361 ms                        ║
execution-manager-grpc  | ║ T2 (end_request)      = 809715921.084 ms                        ║
execution-manager-grpc  | ║ T3 (start_result)     = 809720291.039 ms                        ║
execution-manager-grpc  | ║ T4 (end_result)       = 809720291.499 ms                        ║
execution-manager-grpc  | ╠═══════════════════════════════════════════════════════════════╣
execution-manager-grpc  | ║ METRICS:                                                      ║
execution-manager-grpc  | ║   Request Latency    =        0.722 ms  (T2 - T1)            ║
execution-manager-grpc  | ║   Task Execution     =     4369.955 ms  (T3 - T2)            ║
execution-manager-grpc  | ║   Response Latency   =        0.461 ms  (T4 - T3)            ║
execution-manager-grpc  | ║   Total End-to-End   =     4371.138 ms  (T4 - T1)            ║
execution-manager-grpc  | ║   Network Overhead   =        1.183 ms  (Req + Resp)         ║
execution-manager-grpc  | ╚═══════════════════════════════════════════════════════════════╝
execution-manager-grpc  | 
execution-manager-grpc  | [EPOLL] T=14371 ms: epoll_wait returned 1 event(s)
execution-manager-grpc  | [EPOLL] event[0]: type=2 task=NULL
execution-manager-grpc  | [SCHEDULER] ✅ T=14371 ms: Task 1 'sum1' completed with status 2
execution-manager-grpc  | [SCHEDULER] 🔕 Timeout disarmed for task 1
execution-manager-grpc  | [SCHEDULER] 2 tasks remaining
execution-manager-grpc  | [gRPC Client Async] Stream completed, received 1 responses
execution-manager-grpc  | [GRPC THREAD 1] Completed
execution-manager-grpc  | [EPOLL] T=20000 ms: epoll_wait returned 1 event(s)
execution-manager-grpc  | [EPOLL] event[0]: type=0 task=sum3
execution-manager-grpc  | [SCHEDULER] ⏰ T=20000 ms | T_wall=809725920.289 ms: Launching task 3 'sum3' (deadline: 50000 ms)
execution-manager-grpc  | [SCHEDULER] 🕐 Timeout armed for task 3 at T=50000 ms (in 30000 ms)
execution-manager-grpc  | [GRPC THREAD 3] Starting...
execution-manager-grpc  | [EXECUTION MANAGER] ⏱️ T1=809725920.365 ms | Sending gRPC request for task 3 'sum3'
execution-manager-grpc  | [gRPC Channel Pool] Reusing existing channel for localhost:50053 (state=2)
execution-manager-grpc  | [gRPC Client Async] Calling task 'sum3' at localhost:50053
execution-manager-grpc  | [gRPC Client Async] Inputs: {"total_ops": 800, "io_percentage": 50}
execution-manager-grpc  | [EPOLL] T=21000 ms: epoll_wait returned 1 event(s)
execution-manager-grpc  | [EPOLL] event[0]: type=0 task=sum4
execution-manager-grpc  | [SCHEDULER] ⏰ T=21000 ms | T_wall=809726920.295 ms: Launching task 4 'sum4' (deadline: 51000 ms)
execution-manager-grpc  | [SCHEDULER] 🕐 Timeout armed for task 4 at T=51000 ms (in 30000 ms)
execution-manager-grpc  | [GRPC THREAD 4] Starting...
execution-manager-grpc  | [EXECUTION MANAGER] ⏱️ T1=809726920.388 ms | Sending gRPC request for task 4 'sum4'
execution-manager-grpc  | [gRPC Channel Pool] Reusing existing channel for localhost:50054 (state=2)
execution-manager-grpc  | [gRPC Client Async] Calling task 'sum4' at localhost:50054
execution-manager-grpc  | [gRPC Client Async] Inputs: {"total_ops": 800, "io_percentage": 50}
execution-manager-grpc  | [gRPC Client Async] Response #1 - Status: COMPLETED
execution-manager-grpc  | 🎉 [T=22191 ms] Task 3 'sum3' COMPLETED
execution-manager-grpc  | [EXECUTION MANAGER] ⏱️ T2=809725920.900 ms | Thread started (server measured)
execution-manager-grpc  | [EXECUTION MANAGER] ⏱️ T3=809728111.521 ms | Task completed (server measured)
execution-manager-grpc  | [EXECUTION MANAGER] ⏱️ T4=809728111.980 ms | Result received by client
execution-manager-grpc  |    [TASK EXECUTION] 2190.621 ms (T3-T2, measured in thread)
execution-manager-grpc  |    [RESULT] {"result": 0}
execution-manager-grpc  | 
execution-manager-grpc  | ╔═══════════════════════════════════════════════════════════════╗
execution-manager-grpc  | ║           END-TO-END TIMING MEASUREMENT RECAP                 ║
execution-manager-grpc  | ║                   Task 3: sum3                                 
execution-manager-grpc  | ╠═══════════════════════════════════════════════════════════════╣
execution-manager-grpc  | ║ T1 (start_request)    = 809725920.365 ms                        ║
execution-manager-grpc  | ║ T2 (end_request)      = 809725920.900 ms                        ║
execution-manager-grpc  | ║ T3 (start_result)     = 809728111.521 ms                        ║
execution-manager-grpc  | ║ T4 (end_result)       = 809728111.980 ms                        ║
execution-manager-grpc  | ╠═══════════════════════════════════════════════════════════════╣
execution-manager-grpc  | ║ METRICS:                                                      ║
execution-manager-grpc  | ║   Request Latency    =        0.535 ms  (T2 - T1)            ║
execution-manager-grpc  | ║   Task Execution     =     2190.621 ms  (T3 - T2)            ║
execution-manager-grpc  | ║   Response Latency   =        0.459 ms  (T4 - T3)            ║
execution-manager-grpc  | ║   Total End-to-End   =     2191.615 ms  (T4 - T1)            ║
execution-manager-grpc  | ║   Network Overhead   =        0.994 ms  (Req + Resp)         ║
execution-manager-grpc  | ╚═══════════════════════════════════════════════════════════════╝
execution-manager-grpc  | 
execution-manager-grpc  | [EPOLL] T=22192 ms: epoll_wait returned 1 event(s)
execution-manager-grpc  | [EPOLL] event[0]: type=2 task=NULL
execution-manager-grpc  | [SCHEDULER] ✅ T=22192 ms: Task 3 'sum3' completed with status 2
execution-manager-grpc  | [SCHEDULER] 🔕 Timeout disarmed for task 3
execution-manager-grpc  | [SCHEDULER] 1 tasks remaining
execution-manager-grpc  | [gRPC Client Async] Stream completed, received 1 responses
execution-manager-grpc  | [GRPC THREAD 3] Completed
execution-manager-grpc  | [gRPC Client Async] Response #1 - Status: COMPLETED
execution-manager-grpc  | 🎉 [T=24383 ms] Task 4 'sum4' COMPLETED
execution-manager-grpc  | [EXECUTION MANAGER] ⏱️ T2=809728111.569 ms | Thread started (server measured)
execution-manager-grpc  | [EXECUTION MANAGER] ⏱️ T3=809730303.388 ms | Task completed (server measured)
execution-manager-grpc  | [EXECUTION MANAGER] ⏱️ T4=809730303.873 ms | Result received by client
execution-manager-grpc  |    [TASK EXECUTION] 2191.819 ms (T3-T2, measured in thread)
execution-manager-grpc  |    [RESULT] {"result": 0}
execution-manager-grpc  | 
execution-manager-grpc  | ╔═══════════════════════════════════════════════════════════════╗
execution-manager-grpc  | ║           END-TO-END TIMING MEASUREMENT RECAP                 ║
execution-manager-grpc  | ║                   Task 4: sum4                                 
execution-manager-grpc  | ╠═══════════════════════════════════════════════════════════════╣
execution-manager-grpc  | ║ T1 (start_request)    = 809726920.388 ms                        ║
execution-manager-grpc  | ║ T2 (end_request)      = 809728111.569 ms                        ║
execution-manager-grpc  | ║ T3 (start_result)     = 809730303.388 ms                        ║
execution-manager-grpc  | ║ T4 (end_result)       = 809730303.873 ms                        ║
execution-manager-grpc  | ╠═══════════════════════════════════════════════════════════════╣
execution-manager-grpc  | ║ METRICS:                                                      ║
execution-manager-grpc  | ║   Request Latency    =     1191.181 ms  (T2 - T1)            ║
execution-manager-grpc  | ║   Task Execution     =     2191.819 ms  (T3 - T2)            ║
execution-manager-grpc  | ║   Response Latency   =        0.485 ms  (T4 - T3)            ║
execution-manager-grpc  | ║   Total End-to-End   =     3383.484 ms  (T4 - T1)            ║
execution-manager-grpc  | ║   Network Overhead   =     1191.666 ms  (Req + Resp)         ║
execution-manager-grpc  | ╚═══════════════════════════════════════════════════════════════╝
execution-manager-grpc  | 
execution-manager-grpc  | [EPOLL] T=24383 ms: epoll_wait returned 1 event(s)
execution-manager-grpc  | [EPOLL] event[0]: type=2 task=NULL
execution-manager-grpc  | [SCHEDULER] ✅ T=24383 ms: Task 4 'sum4' completed with status 2
execution-manager-grpc  | [SCHEDULER] 🔕 Timeout disarmed for task 4
execution-manager-grpc  | [SCHEDULER] 0 tasks remaining
execution-manager-grpc  | 
execution-manager-grpc  | [SCHEDULER] 🏁 Iteration 49/50 complete!
execution-manager-grpc  | [SCHEDULER] Iteration execution time: 24383 ms
execution-manager-grpc  | 
execution-manager-grpc  | 
execution-manager-grpc  | [SCHEDULER] 🔁 ===== ITERATION 50 / 50 =====
execution-manager-grpc  | 
execution-manager-grpc  | [SCHEDULER] 🚀 Schedule started at T=0
execution-manager-grpc  | 
execution-manager-grpc  | [SCHEDULER] 🔄 Entering event loop (NO SLEEP - event-driven!)
execution-manager-grpc  | 
execution-manager-grpc  | [gRPC Client Async] Stream completed, received 1 responses
execution-manager-grpc  | [GRPC THREAD 4] Completed
execution-manager-grpc  | [EPOLL] T=10000 ms: epoll_wait returned 1 event(s)
execution-manager-grpc  | [EPOLL] event[0]: type=0 task=sum1
execution-manager-grpc  | [SCHEDULER] ⏰ T=10000 ms | T_wall=809740303.999 ms: Launching task 1 'sum1' (deadline: 40000 ms)
execution-manager-grpc  | [SCHEDULER] 🕐 Timeout armed for task 1 at T=40000 ms (in 29999 ms)
execution-manager-grpc  | [GRPC THREAD 1] Starting...
execution-manager-grpc  | [EXECUTION MANAGER] ⏱️ T1=809740304.084 ms | Sending gRPC request for task 1 'sum1'
execution-manager-grpc  | [gRPC Channel Pool] Reusing existing channel for localhost:50051 (state=2)
execution-manager-grpc  | [gRPC Client Async] Calling task 'sum1' at localhost:50051
execution-manager-grpc  | [gRPC Client Async] Inputs: {"total_ops": 800, "io_percentage": 50}
execution-manager-grpc  | [EPOLL] T=11001 ms: epoll_wait returned 1 event(s)
execution-manager-grpc  | [EPOLL] event[0]: type=0 task=sum2
execution-manager-grpc  | [SCHEDULER] ⏰ T=11001 ms | T_wall=809741304.012 ms: Launching task 2 'sum2' (deadline: 41000 ms)
execution-manager-grpc  | [SCHEDULER] 🕐 Timeout armed for task 2 at T=41000 ms (in 29999 ms)
execution-manager-grpc  | [GRPC THREAD 2] Starting...
execution-manager-grpc  | [EXECUTION MANAGER] ⏱️ T1=809741304.116 ms | Sending gRPC request for task 2 'sum2'
execution-manager-grpc  | [gRPC Channel Pool] Reusing existing channel for localhost:50052 (state=2)
execution-manager-grpc  | [gRPC Client Async] Calling task 'sum2' at localhost:50052
execution-manager-grpc  | [gRPC Client Async] Inputs: {"total_ops": 800, "io_percentage": 50}
execution-manager-grpc  | [gRPC Client Async] Response #1 - Status: COMPLETED
execution-manager-grpc  | 🎉 [T=13192 ms] Task 2 'sum2' COMPLETED
execution-manager-grpc  | [EXECUTION MANAGER] ⏱️ T2=809741304.639 ms | Thread started (server measured)
execution-manager-grpc  | [EXECUTION MANAGER] ⏱️ T3=809743495.494 ms | Task completed (server measured)
execution-manager-grpc  | [EXECUTION MANAGER] ⏱️ T4=809743495.995 ms | Result received by client
execution-manager-grpc  |    [TASK EXECUTION] 2190.855 ms (T3-T2, measured in thread)
execution-manager-grpc  |    [RESULT] {"result": 0}
execution-manager-grpc  | 
execution-manager-grpc  | ╔═══════════════════════════════════════════════════════════════╗
execution-manager-grpc  | ║           END-TO-END TIMING MEASUREMENT RECAP                 ║
execution-manager-grpc  | ║                   Task 2: sum2                                 
execution-manager-grpc  | ╠═══════════════════════════════════════════════════════════════╣
execution-manager-grpc  | ║ T1 (start_request)    = 809741304.116 ms                        ║
execution-manager-grpc  | ║ T2 (end_request)      = 809741304.639 ms                        ║
execution-manager-grpc  | ║ T3 (start_result)     = 809743495.494 ms                        ║
execution-manager-grpc  | ║ T4 (end_result)       = 809743495.995 ms                        ║
execution-manager-grpc  | ╠═══════════════════════════════════════════════════════════════╣
execution-manager-grpc  | ║ METRICS:                                                      ║
execution-manager-grpc  | ║   Request Latency    =        0.523 ms  (T2 - T1)            ║
execution-manager-grpc  | ║   Task Execution     =     2190.855 ms  (T3 - T2)            ║
execution-manager-grpc  | ║   Response Latency   =        0.500 ms  (T4 - T3)            ║
execution-manager-grpc  | ║   Total End-to-End   =     2191.879 ms  (T4 - T1)            ║
execution-manager-grpc  | ║   Network Overhead   =        1.024 ms  (Req + Resp)         ║
execution-manager-grpc  | ╚═══════════════════════════════════════════════════════════════╝
execution-manager-grpc  | 
execution-manager-grpc  | [EPOLL] T=13193 ms: epoll_wait returned 1 event(s)
execution-manager-grpc  | [EPOLL] event[0]: type=2 task=NULL
execution-manager-grpc  | [SCHEDULER] ✅ T=13193 ms: Task 2 'sum2' completed with status 2
execution-manager-grpc  | [SCHEDULER] 🔕 Timeout disarmed for task 2
execution-manager-grpc  | [SCHEDULER] 3 tasks remaining
execution-manager-grpc  | [gRPC Client Async] Stream completed, received 1 responses
execution-manager-grpc  | [GRPC THREAD 2] Completed
execution-manager-grpc  | [gRPC Client Async] Response #1 - Status: COMPLETED
execution-manager-grpc  | 🎉 [T=14374 ms] Task 1 'sum1' COMPLETED
execution-manager-grpc  | [EXECUTION MANAGER] ⏱️ T2=809740305.017 ms | Thread started (server measured)
execution-manager-grpc  | [EXECUTION MANAGER] ⏱️ T3=809744676.537 ms | Task completed (server measured)
execution-manager-grpc  | [EXECUTION MANAGER] ⏱️ T4=809744677.056 ms | Result received by client
execution-manager-grpc  |    [TASK EXECUTION] 4371.519 ms (T3-T2, measured in thread)
execution-manager-grpc  |    [RESULT] {"result": 0}
execution-manager-grpc  | 
execution-manager-grpc  | ╔═══════════════════════════════════════════════════════════════╗
execution-manager-grpc  | ║           END-TO-END TIMING MEASUREMENT RECAP                 ║
execution-manager-grpc  | ║                   Task 1: sum1                                 
execution-manager-grpc  | ╠═══════════════════════════════════════════════════════════════╣
execution-manager-grpc  | ║ T1 (start_request)    = 809740304.084 ms                        ║
execution-manager-grpc  | ║ T2 (end_request)      = 809740305.017 ms                        ║
execution-manager-grpc  | ║ T3 (start_result)     = 809744676.537 ms                        ║
execution-manager-grpc  | ║ T4 (end_result)       = 809744677.056 ms                        ║
execution-manager-grpc  | ╠═══════════════════════════════════════════════════════════════╣
execution-manager-grpc  | ║ METRICS:                                                      ║
execution-manager-grpc  | ║   Request Latency    =        0.933 ms  (T2 - T1)            ║
execution-manager-grpc  | ║   Task Execution     =     4371.519 ms  (T3 - T2)            ║
execution-manager-grpc  | ║   Response Latency   =        0.519 ms  (T4 - T3)            ║
execution-manager-grpc  | ║   Total End-to-End   =     4372.971 ms  (T4 - T1)            ║
execution-manager-grpc  | ║   Network Overhead   =        1.452 ms  (Req + Resp)         ║
execution-manager-grpc  | ╚═══════════════════════════════════════════════════════════════╝
execution-manager-grpc  | 
execution-manager-grpc  | [EPOLL] T=14374 ms: epoll_wait returned 1 event(s)
execution-manager-grpc  | [EPOLL] event[0]: type=2 task=NULL
execution-manager-grpc  | [SCHEDULER] ✅ T=14374 ms: Task 1 'sum1' completed with status 2
execution-manager-grpc  | [SCHEDULER] 🔕 Timeout disarmed for task 1
execution-manager-grpc  | [SCHEDULER] 2 tasks remaining
execution-manager-grpc  | [gRPC Client Async] Stream completed, received 1 responses
execution-manager-grpc  | [GRPC THREAD 1] Completed
execution-manager-grpc  | [EPOLL] T=20001 ms: epoll_wait returned 1 event(s)
execution-manager-grpc  | [EPOLL] event[0]: type=0 task=sum3
execution-manager-grpc  | [SCHEDULER] ⏰ T=20001 ms | T_wall=809750304.028 ms: Launching task 3 'sum3' (deadline: 50000 ms)
execution-manager-grpc  | [SCHEDULER] 🕐 Timeout armed for task 3 at T=50000 ms (in 29999 ms)
execution-manager-grpc  | [GRPC THREAD 3] Starting...
execution-manager-grpc  | [EXECUTION MANAGER] ⏱️ T1=809750304.104 ms | Sending gRPC request for task 3 'sum3'
execution-manager-grpc  | [gRPC Channel Pool] Reusing existing channel for localhost:50053 (state=2)
execution-manager-grpc  | [gRPC Client Async] Calling task 'sum3' at localhost:50053
execution-manager-grpc  | [gRPC Client Async] Inputs: {"total_ops": 800, "io_percentage": 50}
execution-manager-grpc  | [EPOLL] T=21001 ms: epoll_wait returned 1 event(s)
execution-manager-grpc  | [EPOLL] event[0]: type=0 task=sum4
execution-manager-grpc  | [SCHEDULER] ⏰ T=21001 ms | T_wall=809751304.029 ms: Launching task 4 'sum4' (deadline: 51000 ms)
execution-manager-grpc  | [SCHEDULER] 🕐 Timeout armed for task 4 at T=51000 ms (in 29999 ms)
execution-manager-grpc  | [GRPC THREAD 4] Starting...
execution-manager-grpc  | [EXECUTION MANAGER] ⏱️ T1=809751304.129 ms | Sending gRPC request for task 4 'sum4'
execution-manager-grpc  | [gRPC Channel Pool] Reusing existing channel for localhost:50054 (state=2)
execution-manager-grpc  | [gRPC Client Async] Calling task 'sum4' at localhost:50054
execution-manager-grpc  | [gRPC Client Async] Inputs: {"total_ops": 800, "io_percentage": 50}
execution-manager-grpc  | [gRPC Client Async] Response #1 - Status: COMPLETED
execution-manager-grpc  | 🎉 [T=22192 ms] Task 3 'sum3' COMPLETED
execution-manager-grpc  | [EXECUTION MANAGER] ⏱️ T2=809750305.078 ms | Thread started (server measured)
execution-manager-grpc  | [EXECUTION MANAGER] ⏱️ T3=809752495.394 ms | Task completed (server measured)
execution-manager-grpc  | [EXECUTION MANAGER] ⏱️ T4=809752495.851 ms | Result received by client
execution-manager-grpc  |    [TASK EXECUTION] 2190.315 ms (T3-T2, measured in thread)
execution-manager-grpc  |    [RESULT] {"result": 0}
execution-manager-grpc  | 
execution-manager-grpc  | ╔═══════════════════════════════════════════════════════════════╗
execution-manager-grpc  | ║           END-TO-END TIMING MEASUREMENT RECAP                 ║
execution-manager-grpc  | ║                   Task 3: sum3                                 
execution-manager-grpc  | ╠═══════════════════════════════════════════════════════════════╣
execution-manager-grpc  | ║ T1 (start_request)    = 809750304.104 ms                        ║
execution-manager-grpc  | ║ T2 (end_request)      = 809750305.078 ms                        ║
execution-manager-grpc  | ║ T3 (start_result)     = 809752495.394 ms                        ║
execution-manager-grpc  | ║ T4 (end_result)       = 809752495.851 ms                        ║
execution-manager-grpc  | ╠═══════════════════════════════════════════════════════════════╣
execution-manager-grpc  | ║ METRICS:                                                      ║
execution-manager-grpc  | ║   Request Latency    =        0.974 ms  (T2 - T1)            ║
execution-manager-grpc  | ║   Task Execution     =     2190.315 ms  (T3 - T2)            ║
execution-manager-grpc  | ║   Response Latency   =        0.458 ms  (T4 - T3)            ║
execution-manager-grpc  | ║   Total End-to-End   =     2191.747 ms  (T4 - T1)            ║
execution-manager-grpc  | ║   Network Overhead   =        1.432 ms  (Req + Resp)         ║
execution-manager-grpc  | ╚═══════════════════════════════════════════════════════════════╝
execution-manager-grpc  | 
execution-manager-grpc  | [EPOLL] T=22192 ms: epoll_wait returned 1 event(s)
execution-manager-grpc  | [EPOLL] event[0]: type=2 task=NULL
execution-manager-grpc  | [SCHEDULER] ✅ T=22192 ms: Task 3 'sum3' completed with status 2
execution-manager-grpc  | [SCHEDULER] 🔕 Timeout disarmed for task 3
execution-manager-grpc  | [SCHEDULER] 1 tasks remaining
execution-manager-grpc  | [gRPC Client Async] Stream completed, received 1 responses
execution-manager-grpc  | [GRPC THREAD 3] Completed
execution-manager-grpc  | [gRPC Client Async] Response #1 - Status: COMPLETED
execution-manager-grpc  | 🎉 [T=24383 ms] Task 4 'sum4' COMPLETED
execution-manager-grpc  | [EXECUTION MANAGER] ⏱️ T2=809752495.445 ms | Thread started (server measured)
execution-manager-grpc  | [EXECUTION MANAGER] ⏱️ T3=809754686.426 ms | Task completed (server measured)
execution-manager-grpc  | [EXECUTION MANAGER] ⏱️ T4=809754686.909 ms | Result received by client
execution-manager-grpc  |    [TASK EXECUTION] 2190.982 ms (T3-T2, measured in thread)
execution-manager-grpc  |    [RESULT] {"result": 0}
execution-manager-grpc  | 
execution-manager-grpc  | ╔═══════════════════════════════════════════════════════════════╗
execution-manager-grpc  | ║           END-TO-END TIMING MEASUREMENT RECAP                 ║
execution-manager-grpc  | ║                   Task 4: sum4                                 
execution-manager-grpc  | ╠═══════════════════════════════════════════════════════════════╣
execution-manager-grpc  | ║ T1 (start_request)    = 809751304.129 ms                        ║
execution-manager-grpc  | ║ T2 (end_request)      = 809752495.445 ms                        ║
execution-manager-grpc  | ║ T3 (start_result)     = 809754686.426 ms                        ║
execution-manager-grpc  | ║ T4 (end_result)       = 809754686.909 ms                        ║
execution-manager-grpc  | ╠═══════════════════════════════════════════════════════════════╣
execution-manager-grpc  | ║ METRICS:                                                      ║
execution-manager-grpc  | ║   Request Latency    =     1191.316 ms  (T2 - T1)            ║
execution-manager-grpc  | ║   Task Execution     =     2190.982 ms  (T3 - T2)            ║
execution-manager-grpc  | ║   Response Latency   =        0.482 ms  (T4 - T3)            ║
execution-manager-grpc  | ║   Total End-to-End   =     3382.780 ms  (T4 - T1)            ║
execution-manager-grpc  | ║   Network Overhead   =     1191.798 ms  (Req + Resp)         ║
execution-manager-grpc  | ╚═══════════════════════════════════════════════════════════════╝
execution-manager-grpc  | 
execution-manager-grpc  | [EPOLL] T=24383 ms: epoll_wait returned 1 event(s)
execution-manager-grpc  | [EPOLL] event[0]: type=2 task=NULL
execution-manager-grpc  | [SCHEDULER] ✅ T=24383 ms: Task 4 'sum4' completed with status 2
execution-manager-grpc  | [SCHEDULER] 🔕 Timeout disarmed for task 4
execution-manager-grpc  | [SCHEDULER] 0 tasks remaining
execution-manager-grpc  | 
execution-manager-grpc  | [SCHEDULER] 🏁 Iteration 50/50 complete!
execution-manager-grpc  | [SCHEDULER] Iteration execution time: 24383 ms
execution-manager-grpc  | 
execution-manager-grpc  | 
execution-manager-grpc  | [SCHEDULER] 🏁 All 50 iteration(s) completed!
execution-manager-grpc  | [SCHEDULER] Total execution time: 24384 ms
execution-manager-grpc  | 
execution-manager-grpc  | Test Suite Finished Successfully.
[Kexecution-manager-grpc exited with code 0
