 Container execution-manager  Creating
 Container execution-manager  Created
Attaching to execution-manager
execution-manager  | ============================================
execution-manager  |    DUAL PRIORITY QUEUE ARCHITECTURE TESTER  
execution-manager  | ============================================
execution-manager  | 
execution-manager  | ✅ Execution Manager running with SCHED_FIFO priority 95
execution-manager  |    This ensures precise timing and prevents preemption by tasks
execution-manager  | 
execution-manager  | ✅ Default thread policy set to SCHED_FIFO 45
execution-manager  |    gRPC internal threads: RT scheduling, below task threads (50/65)
execution-manager  | 
execution-manager  | 
execution-manager  | [Redis] Reading schedule from Redis...
execution-manager  | 
execution-manager  | === REDIS DATA ===
execution-manager  | Schedule: Configurable CPU/IO Benchmark (v0.0.0)
execution-manager  | Number of tasks: 4
execution-manager  | Iterations: 10
execution-manager  | 
execution-manager  | Tasks:
execution-manager  |   1. Task: sum1
execution-manager  |      Policy: fifo, Priority: 50, Start: 10 ms
execution-manager  |      Inputs: {"total_ops": {"type": "int", "value": 200}, "io_percentage": {"type": "int", "value": 50}}
execution-manager  | 
execution-manager  |   2. Task: sum2
execution-manager  |      Policy: fifo, Priority: 50, Start: 20 ms
execution-manager  |      Inputs: {"total_ops": {"type": "int", "value": 200}, "io_percentage": {"type": "int", "value": 50}}
execution-manager  | 
execution-manager  |   3. Task: sum3
execution-manager  |      Policy: fifo, Priority: 70, Start: 21 ms
execution-manager  |      Inputs: {"total_ops": {"type": "int", "value": 200}, "io_percentage": {"type": "int", "value": 50}}
execution-manager  | 
execution-manager  |   4. Task: sum4
execution-manager  |      Policy: fifo, Priority: 60, Start: 21 ms
execution-manager  |      Inputs: {"total_ops": {"type": "int", "value": 200}, "io_percentage": {"type": "int", "value": 50}}
execution-manager  | 
execution-manager  | ==================
execution-manager  | 
execution-manager  | 
execution-manager  | ============================================
execution-manager  |    REAL-TIME EVENT-DRIVEN SCHEDULER
execution-manager  | ============================================
execution-manager  | 
execution-manager  | [SCHEDULER] 🚀 Loading schedule: 4 task(s), 10 iteration(s)
execution-manager  | 
execution-manager  | [SCHEDULER] DEBUG - Task 1: start_time=10 s, deadline=30 s (parsed from Redis)
execution-manager  | [SCHEDULER] 📋 Task 1 'sum1': start=10000 ms, deadline=30000 ms
execution-manager  | [SCHEDULER] DEBUG - Task 2: start_time=20 s, deadline=55 s (parsed from Redis)
execution-manager  | [SCHEDULER] 📋 Task 2 'sum2': start=20000 ms, deadline=55000 ms
execution-manager  | [SCHEDULER] DEBUG - Task 3: start_time=21 s, deadline=56 s (parsed from Redis)
execution-manager  | [SCHEDULER] 📋 Task 3 'sum3': start=21000 ms, deadline=56000 ms
execution-manager  | [SCHEDULER] DEBUG - Task 4: start_time=21 s, deadline=56 s (parsed from Redis)
execution-manager  | [SCHEDULER] 📋 Task 4 'sum4': start=21000 ms, deadline=56000 ms
execution-manager  | 
execution-manager  | [SCHEDULER] 🔁 ===== ITERATION 1 / 10 =====
execution-manager  | 
execution-manager  | [SCHEDULER] 🚀 Schedule started at T=0
execution-manager  | 
execution-manager  | [SCHEDULER] 🔄 Entering event loop (NO SLEEP - event-driven!)
execution-manager  | 
execution-manager  | [EPOLL] T=10000 ms: epoll_wait returned 1 event(s)
execution-manager  | [EPOLL] event[0]: type=0 task=sum1
execution-manager  | [SCHEDULER] ⏰ T=10000 ms | T_wall=767568930.432 ms: Launching task 1 'sum1' (deadline: 30000 ms)
execution-manager  | [SCHEDULER] 🕐 Timeout armed for task 1 at T=30000 ms (in 20000 ms)
execution-manager  | [GRPC THREAD 1] Starting...
execution-manager  | [EXECUTION MANAGER] ⏱️ T1=767568930.663 ms | Sending gRPC request for task 1 'sum1'
execution-manager  | [gRPC Channel Pool] Creating new channel for localhost:50051
execution-manager  | [gRPC Client Async] Calling task 'sum1' at localhost:50051
execution-manager  | [gRPC Client Async] Inputs: {"total_ops": 200, "io_percentage": 50}
execution-manager  | [gRPC Client Async] Response #1 - Status: COMPLETED
execution-manager  | 🎉 [T=12315 ms] Task 1 'sum1' COMPLETED
execution-manager  | [EXECUTION MANAGER] ⏱️ T2=767568956.280 ms | Thread started (server measured)
execution-manager  | [EXECUTION MANAGER] ⏱️ T3=767571245.089 ms | Task completed (server measured)
execution-manager  | [EXECUTION MANAGER] ⏱️ T4=767571245.891 ms | Result received by client
execution-manager  |    [TASK EXECUTION] 2288.808 ms (T3-T2, measured in thread)
execution-manager  |    [RESULT] {"result": 0}
execution-manager  | 
execution-manager  | ╔═══════════════════════════════════════════════════════════════╗
execution-manager  | ║           END-TO-END TIMING MEASUREMENT RECAP                 ║
execution-manager  | ║                   Task 1: sum1                                 
execution-manager  | ╠═══════════════════════════════════════════════════════════════╣
execution-manager  | ║ T1 (start_request)    = 767568930.663 ms                        ║
execution-manager  | ║ T2 (end_request)      = 767568956.280 ms                        ║
execution-manager  | ║ T3 (start_result)     = 767571245.089 ms                        ║
execution-manager  | ║ T4 (end_result)       = 767571245.891 ms                        ║
execution-manager  | ╠═══════════════════════════════════════════════════════════════╣
execution-manager  | ║ METRICS:                                                      ║
execution-manager  | ║   Request Latency    =       25.618 ms  (T2 - T1)            ║
execution-manager  | ║   Task Execution     =     2288.808 ms  (T3 - T2)            ║
execution-manager  | ║   Response Latency   =        0.802 ms  (T4 - T3)            ║
execution-manager  | ║   Total End-to-End   =     2315.228 ms  (T4 - T1)            ║
execution-manager  | ║   Network Overhead   =       26.419 ms  (Req + Resp)         ║
execution-manager  | ╚═══════════════════════════════════════════════════════════════╝
execution-manager  | 
execution-manager  | [EPOLL] T=12315 ms: epoll_wait returned 1 event(s)
execution-manager  | [EPOLL] event[0]: type=2 task=NULL
execution-manager  | [SCHEDULER] ✅ T=12316 ms: Task 1 'sum1' completed with status 2
execution-manager  | [SCHEDULER] 🔕 Timeout disarmed for task 1
execution-manager  | [SCHEDULER] 3 tasks remaining
execution-manager  | [gRPC Client Async] Stream completed, received 1 responses
execution-manager  | [GRPC THREAD 1] Completed
execution-manager  | [EPOLL] T=20000 ms: epoll_wait returned 1 event(s)
execution-manager  | [EPOLL] event[0]: type=0 task=sum2
execution-manager  | [SCHEDULER] ⏰ T=20000 ms | T_wall=767578930.464 ms: Launching task 2 'sum2' (deadline: 55000 ms)
execution-manager  | [SCHEDULER] 🕐 Timeout armed for task 2 at T=55000 ms (in 35000 ms)
execution-manager  | [GRPC THREAD 2] Starting...
execution-manager  | [EXECUTION MANAGER] ⏱️ T1=767578930.710 ms | Sending gRPC request for task 2 'sum2'
execution-manager  | [gRPC Channel Pool] Creating new channel for localhost:50052
execution-manager  | [gRPC Client Async] Calling task 'sum2' at localhost:50052
execution-manager  | [gRPC Client Async] Inputs: {"total_ops": 200, "io_percentage": 50}
execution-manager  | [EPOLL] T=22311 ms: epoll_wait returned 1 event(s)
execution-manager  | [EPOLL] event[0]: type=0 task=sum3
execution-manager  | [SCHEDULER] ⏰ T=22311 ms | T_wall=767581241.768 ms: Launching task 3 'sum3' (deadline: 56000 ms)
execution-manager  | [SCHEDULER] 🕐 Timeout armed for task 3 at T=56000 ms (in 33689 ms)
execution-manager  | [EPOLL] T=22311 ms: epoll_wait returned 1 event(s)
execution-manager  | [EPOLL] event[0]: type=0 task=sum4
execution-manager  | [SCHEDULER] ⏰ T=22311 ms | T_wall=767581241.981 ms: Launching task 4 'sum4' (deadline: 56000 ms)
execution-manager  | [SCHEDULER] 🕐 Timeout armed for task 4 at T=56000 ms (in 33688 ms)
execution-manager  | [GRPC THREAD 4] Starting...
execution-manager  | [EXECUTION MANAGER] ⏱️ T1=767581242.154 ms | Sending gRPC request for task 4 'sum4'
execution-manager  | [gRPC Channel Pool] Creating new channel for localhost:50054
execution-manager  | [gRPC Client Async] Calling task 'sum4' at localhost:50054
execution-manager  | [gRPC Client Async] Inputs: {"total_ops": 200, "io_percentage": 50}
execution-manager  | [GRPC THREAD 3] Starting...
execution-manager  | [EXECUTION MANAGER] ⏱️ T1=767581244.538 ms | Sending gRPC request for task 3 'sum3'
execution-manager  | [gRPC Channel Pool] Creating new channel for localhost:50053
execution-manager  | [gRPC Client Async] Calling task 'sum3' at localhost:50053
execution-manager  | [gRPC Client Async] Inputs: {"total_ops": 200, "io_percentage": 50}
execution-manager  | [gRPC Client Async] Response #1 - Status: COMPLETED
execution-manager  | 🎉 [T=22315 ms] Task 2 'sum2' COMPLETED
execution-manager  | [EXECUTION MANAGER] ⏱️ T2=767578952.495 ms | Thread started (server measured)
execution-manager  | [EXECUTION MANAGER] ⏱️ T3=767581241.540 ms | Task completed (server measured)
execution-manager  | [EXECUTION MANAGER] ⏱️ T4=767581245.458 ms | Result received by client
execution-manager  |    [TASK EXECUTION] 2289.045 ms (T3-T2, measured in thread)
execution-manager  |    [RESULT] {"result": 0}
execution-manager  | 
execution-manager  | ╔═══════════════════════════════════════════════════════════════╗
execution-manager  | ║           END-TO-END TIMING MEASUREMENT RECAP                 ║
execution-manager  | ║                   Task 2: sum2                                 
execution-manager  | ╠═══════════════════════════════════════════════════════════════╣
execution-manager  | ║ T1 (start_request)    = 767578930.710 ms                        ║
execution-manager  | ║ T2 (end_request)      = 767578952.495 ms                        ║
execution-manager  | ║ T3 (start_result)     = 767581241.540 ms                        ║
execution-manager  | ║ T4 (end_result)       = 767581245.458 ms                        ║
execution-manager  | ╠═══════════════════════════════════════════════════════════════╣
execution-manager  | ║ METRICS:                                                      ║
execution-manager  | ║   Request Latency    =       21.785 ms  (T2 - T1)            ║
execution-manager  | ║   Task Execution     =     2289.045 ms  (T3 - T2)            ║
execution-manager  | ║   Response Latency   =        3.918 ms  (T4 - T3)            ║
execution-manager  | ║   Total End-to-End   =     2314.749 ms  (T4 - T1)            ║
execution-manager  | ║   Network Overhead   =       25.704 ms  (Req + Resp)         ║
execution-manager  | ╚═══════════════════════════════════════════════════════════════╝
execution-manager  | 
execution-manager  | [EPOLL] T=22315 ms: epoll_wait returned 1 event(s)
execution-manager  | [EPOLL] event[0]: type=2 task=NULL
execution-manager  | [SCHEDULER] ✅ T=22315 ms: Task 2 'sum2' completed with status 2
execution-manager  | [SCHEDULER] 🔕 Timeout disarmed for task 2
execution-manager  | [SCHEDULER] 2 tasks remaining
execution-manager  | [gRPC Client Async] Stream completed, received 1 responses
execution-manager  | [GRPC THREAD 2] Completed
execution-manager  | [gRPC Client Async] Response #1 - Status: COMPLETED
execution-manager  | 🎉 [T=24640 ms] Task 3 'sum3' COMPLETED
execution-manager  | [EXECUTION MANAGER] ⏱️ T2=767581280.310 ms | Thread started (server measured)
execution-manager  | [EXECUTION MANAGER] ⏱️ T3=767583570.179 ms | Task completed (server measured)
execution-manager  | [EXECUTION MANAGER] ⏱️ T4=767583570.891 ms | Result received by client
execution-manager  |    [TASK EXECUTION] 2289.869 ms (T3-T2, measured in thread)
execution-manager  |    [RESULT] {"result": 0}
execution-manager  | 
execution-manager  | ╔═══════════════════════════════════════════════════════════════╗
execution-manager  | ║           END-TO-END TIMING MEASUREMENT RECAP                 ║
execution-manager  | ║                   Task 3: sum3                                 
execution-manager  | ╠═══════════════════════════════════════════════════════════════╣
execution-manager  | ║ T1 (start_request)    = 767581244.538 ms                        ║
execution-manager  | ║ T2 (end_request)      = 767581280.310 ms                        ║
execution-manager  | ║ T3 (start_result)     = 767583570.179 ms                        ║
execution-manager  | ║ T4 (end_result)       = 767583570.891 ms                        ║
execution-manager  | ╠═══════════════════════════════════════════════════════════════╣
execution-manager  | ║ METRICS:                                                      ║
execution-manager  | ║   Request Latency    =       35.772 ms  (T2 - T1)            ║
execution-manager  | ║   Task Execution     =     2289.869 ms  (T3 - T2)            ║
execution-manager  | ║   Response Latency   =        0.712 ms  (T4 - T3)            ║
execution-manager  | ║   Total End-to-End   =     2326.353 ms  (T4 - T1)            ║
execution-manager  | ║   Network Overhead   =       36.484 ms  (Req + Resp)         ║
execution-manager  | ╚═══════════════════════════════════════════════════════════════╝
execution-manager  | 
execution-manager  | [EPOLL] T=24640 ms: epoll_wait returned 1 event(s)
execution-manager  | [EPOLL] event[0]: type=2 task=NULL
execution-manager  | [SCHEDULER] ✅ T=24640 ms: Task 3 'sum3' completed with status 2
execution-manager  | [SCHEDULER] 🔕 Timeout disarmed for task 3
execution-manager  | [SCHEDULER] 1 tasks remaining
execution-manager  | [gRPC Client Async] Stream completed, received 1 responses
execution-manager  | [GRPC THREAD 3] Completed
execution-manager  | [gRPC Client Async] Response #1 - Status: COMPLETED
execution-manager  | 🎉 [T=26929 ms] Task 4 'sum4' COMPLETED
execution-manager  | [EXECUTION MANAGER] ⏱️ T2=767581278.692 ms | Thread started (server measured)
execution-manager  | [EXECUTION MANAGER] ⏱️ T3=767585859.168 ms | Task completed (server measured)
execution-manager  | [EXECUTION MANAGER] ⏱️ T4=767585859.843 ms | Result received by client
execution-manager  |    [TASK EXECUTION] 4580.475 ms (T3-T2, measured in thread)
execution-manager  |    [RESULT] {"result": 0}
execution-manager  | 
execution-manager  | ╔═══════════════════════════════════════════════════════════════╗
execution-manager  | ║           END-TO-END TIMING MEASUREMENT RECAP                 ║
execution-manager  | ║                   Task 4: sum4                                 
execution-manager  | ╠═══════════════════════════════════════════════════════════════╣
execution-manager  | ║ T1 (start_request)    = 767581242.154 ms                        ║
execution-manager  | ║ T2 (end_request)      = 767581278.692 ms                        ║
execution-manager  | ║ T3 (start_result)     = 767585859.168 ms                        ║
execution-manager  | ║ T4 (end_result)       = 767585859.843 ms                        ║
execution-manager  | ╠═══════════════════════════════════════════════════════════════╣
execution-manager  | ║ METRICS:                                                      ║
execution-manager  | ║   Request Latency    =       36.538 ms  (T2 - T1)            ║
execution-manager  | ║   Task Execution     =     4580.475 ms  (T3 - T2)            ║
execution-manager  | ║   Response Latency   =        0.675 ms  (T4 - T3)            ║
execution-manager  | ║   Total End-to-End   =     4617.689 ms  (T4 - T1)            ║
execution-manager  | ║   Network Overhead   =       37.213 ms  (Req + Resp)         ║
execution-manager  | ╚═══════════════════════════════════════════════════════════════╝
execution-manager  | 
execution-manager  | [EPOLL] T=26929 ms: epoll_wait returned 1 event(s)
execution-manager  | [EPOLL] event[0]: type=2 task=NULL
execution-manager  | [SCHEDULER] ✅ T=26929 ms: Task 4 'sum4' completed with status 2
execution-manager  | [SCHEDULER] 🔕 Timeout disarmed for task 4
execution-manager  | [SCHEDULER] 0 tasks remaining
execution-manager  | 
execution-manager  | [SCHEDULER] 🏁 Iteration 1/10 complete!
execution-manager  | [SCHEDULER] Iteration execution time: 26929 ms
execution-manager  | 
execution-manager  | 
execution-manager  | [SCHEDULER] 🔁 ===== ITERATION 2 / 10 =====
execution-manager  | 
execution-manager  | [SCHEDULER] 🚀 Schedule started at T=0
execution-manager  | 
execution-manager  | [SCHEDULER] 🔄 Entering event loop (NO SLEEP - event-driven!)
execution-manager  | 
execution-manager  | [gRPC Client Async] Stream completed, received 1 responses
execution-manager  | [GRPC THREAD 4] Completed
execution-manager  | [EPOLL] T=10000 ms: epoll_wait returned 1 event(s)
execution-manager  | [EPOLL] event[0]: type=0 task=sum1
execution-manager  | [SCHEDULER] ⏰ T=10000 ms | T_wall=767595860.453 ms: Launching task 1 'sum1' (deadline: 30000 ms)
execution-manager  | [SCHEDULER] 🕐 Timeout armed for task 1 at T=30000 ms (in 20000 ms)
execution-manager  | [GRPC THREAD 1] Starting...
execution-manager  | [EXECUTION MANAGER] ⏱️ T1=767595860.625 ms | Sending gRPC request for task 1 'sum1'
execution-manager  | [gRPC Channel Pool] Reusing existing channel for localhost:50051 (state=2)
execution-manager  | [gRPC Client Async] Calling task 'sum1' at localhost:50051
execution-manager  | [gRPC Client Async] Inputs: {"total_ops": 200, "io_percentage": 50}
execution-manager  | [gRPC Client Async] Response #1 - Status: COMPLETED
execution-manager  | 🎉 [T=12292 ms] Task 1 'sum1' COMPLETED
execution-manager  | [EXECUTION MANAGER] ⏱️ T2=767595861.686 ms | Thread started (server measured)
execution-manager  | [EXECUTION MANAGER] ⏱️ T3=767598151.493 ms | Task completed (server measured)
execution-manager  | [EXECUTION MANAGER] ⏱️ T4=767598152.312 ms | Result received by client
execution-manager  |    [TASK EXECUTION] 2289.807 ms (T3-T2, measured in thread)
execution-manager  |    [RESULT] {"result": 0}
execution-manager  | 
execution-manager  | ╔═══════════════════════════════════════════════════════════════╗
execution-manager  | ║           END-TO-END TIMING MEASUREMENT RECAP                 ║
execution-manager  | ║                   Task 1: sum1                                 
execution-manager  | ╠═══════════════════════════════════════════════════════════════╣
execution-manager  | ║ T1 (start_request)    = 767595860.625 ms                        ║
execution-manager  | ║ T2 (end_request)      = 767595861.686 ms                        ║
execution-manager  | ║ T3 (start_result)     = 767598151.493 ms                        ║
execution-manager  | ║ T4 (end_result)       = 767598152.312 ms                        ║
execution-manager  | ╠═══════════════════════════════════════════════════════════════╣
execution-manager  | ║ METRICS:                                                      ║
execution-manager  | ║   Request Latency    =        1.061 ms  (T2 - T1)            ║
execution-manager  | ║   Task Execution     =     2289.807 ms  (T3 - T2)            ║
execution-manager  | ║   Response Latency   =        0.819 ms  (T4 - T3)            ║
execution-manager  | ║   Total End-to-End   =     2291.687 ms  (T4 - T1)            ║
execution-manager  | ║   Network Overhead   =        1.880 ms  (Req + Resp)         ║
execution-manager  | ╚═══════════════════════════════════════════════════════════════╝
execution-manager  | 
execution-manager  | [EPOLL] T=12292 ms: epoll_wait returned 1 event(s)
execution-manager  | [EPOLL] event[0]: type=2 task=NULL
execution-manager  | [SCHEDULER] ✅ T=12292 ms: Task 1 'sum1' completed with status 2
execution-manager  | [SCHEDULER] 🔕 Timeout disarmed for task 1
execution-manager  | [SCHEDULER] 3 tasks remaining
execution-manager  | [gRPC Client Async] Stream completed, received 1 responses
execution-manager  | [GRPC THREAD 1] Completed
execution-manager  | [EPOLL] T=20000 ms: epoll_wait returned 1 event(s)
execution-manager  | [EPOLL] event[0]: type=0 task=sum2
execution-manager  | [SCHEDULER] ⏰ T=20000 ms | T_wall=767605860.166 ms: Launching task 2 'sum2' (deadline: 55000 ms)
execution-manager  | [SCHEDULER] 🕐 Timeout armed for task 2 at T=55000 ms (in 35000 ms)
execution-manager  | [GRPC THREAD 2] Starting...
execution-manager  | [EXECUTION MANAGER] ⏱️ T1=767605860.331 ms | Sending gRPC request for task 2 'sum2'
execution-manager  | [gRPC Channel Pool] Reusing existing channel for localhost:50052 (state=2)
execution-manager  | [gRPC Client Async] Calling task 'sum2' at localhost:50052
execution-manager  | [gRPC Client Async] Inputs: {"total_ops": 200, "io_percentage": 50}
execution-manager  | [EPOLL] T=22290 ms: epoll_wait returned 1 event(s)
execution-manager  | [EPOLL] event[0]: type=0 task=sum3
execution-manager  | [SCHEDULER] ⏰ T=22290 ms | T_wall=767608150.726 ms: Launching task 3 'sum3' (deadline: 56000 ms)
execution-manager  | [SCHEDULER] 🕐 Timeout armed for task 3 at T=56000 ms (in 33710 ms)
execution-manager  | [EPOLL] T=22290 ms: epoll_wait returned 1 event(s)
execution-manager  | [EPOLL] event[0]: type=0 task=sum4
execution-manager  | [SCHEDULER] ⏰ T=22290 ms | T_wall=767608150.896 ms: Launching task 4 'sum4' (deadline: 56000 ms)
execution-manager  | [SCHEDULER] 🕐 Timeout armed for task 4 at T=56000 ms (in 33710 ms)
execution-manager  | [GRPC THREAD 4] Starting...
execution-manager  | [EXECUTION MANAGER] ⏱️ T1=767608151.021 ms | Sending gRPC request for task 4 'sum4'
execution-manager  | [gRPC Channel Pool] Reusing existing channel for localhost:50054 (state=2)
execution-manager  | [gRPC Client Async] Calling task 'sum4' at localhost:50054
execution-manager  | [gRPC Client Async] Inputs: {"total_ops": 200, "io_percentage": 50}
execution-manager  | [GRPC THREAD 3] Starting...
execution-manager  | [EXECUTION MANAGER] ⏱️ T1=767608151.418 ms | Sending gRPC request for task 3 'sum3'
execution-manager  | [gRPC Channel Pool] Reusing existing channel for localhost:50053 (state=2)
execution-manager  | [gRPC Client Async] Calling task 'sum3' at localhost:50053
execution-manager  | [gRPC Client Async] Inputs: {"total_ops": 200, "io_percentage": 50}
execution-manager  | [gRPC Client Async] Response #1 - Status: COMPLETED
execution-manager  | 🎉 [T=22292 ms] Task 2 'sum2' COMPLETED
execution-manager  | [EXECUTION MANAGER] ⏱️ T2=767605861.306 ms | Thread started (server measured)
execution-manager  | [EXECUTION MANAGER] ⏱️ T3=767608150.351 ms | Task completed (server measured)
execution-manager  | [EXECUTION MANAGER] ⏱️ T4=767608152.257 ms | Result received by client
execution-manager  |    [TASK EXECUTION] 2289.044 ms (T3-T2, measured in thread)
execution-manager  |    [RESULT] {"result": 0}
execution-manager  | 
execution-manager  | ╔═══════════════════════════════════════════════════════════════╗
execution-manager  | ║           END-TO-END TIMING MEASUREMENT RECAP                 ║
execution-manager  | ║                   Task 2: sum2                                 
execution-manager  | ╠═══════════════════════════════════════════════════════════════╣
execution-manager  | ║ T1 (start_request)    = 767605860.331 ms                        ║
execution-manager  | ║ T2 (end_request)      = 767605861.306 ms                        ║
execution-manager  | ║ T3 (start_result)     = 767608150.351 ms                        ║
execution-manager  | ║ T4 (end_result)       = 767608152.257 ms                        ║
execution-manager  | ╠═══════════════════════════════════════════════════════════════╣
execution-manager  | ║ METRICS:                                                      ║
execution-manager  | ║   Request Latency    =        0.976 ms  (T2 - T1)            ║
execution-manager  | ║   Task Execution     =     2289.044 ms  (T3 - T2)            ║
execution-manager  | ║   Response Latency   =        1.906 ms  (T4 - T3)            ║
execution-manager  | ║   Total End-to-End   =     2291.926 ms  (T4 - T1)            ║
execution-manager  | ║   Network Overhead   =        2.882 ms  (Req + Resp)         ║
execution-manager  | ╚═══════════════════════════════════════════════════════════════╝
execution-manager  | 
execution-manager  | [EPOLL] T=22292 ms: epoll_wait returned 1 event(s)
execution-manager  | [EPOLL] event[0]: type=2 task=NULL
execution-manager  | [SCHEDULER] ✅ T=22292 ms: Task 2 'sum2' completed with status 2
execution-manager  | [SCHEDULER] 🔕 Timeout disarmed for task 2
execution-manager  | [SCHEDULER] 2 tasks remaining
execution-manager  | [gRPC Client Async] Stream completed, received 1 responses
execution-manager  | [GRPC THREAD 2] Completed
execution-manager  | [gRPC Client Async] Response #1 - Status: COMPLETED
execution-manager  | 🎉 [T=24583 ms] Task 3 'sum3' COMPLETED
execution-manager  | [EXECUTION MANAGER] ⏱️ T2=767608153.132 ms | Thread started (server measured)
execution-manager  | [EXECUTION MANAGER] ⏱️ T3=767610443.014 ms | Task completed (server measured)
execution-manager  | [EXECUTION MANAGER] ⏱️ T4=767610443.891 ms | Result received by client
execution-manager  |    [TASK EXECUTION] 2289.883 ms (T3-T2, measured in thread)
execution-manager  |    [RESULT] {"result": 0}
execution-manager  | 
execution-manager  | ╔═══════════════════════════════════════════════════════════════╗
execution-manager  | ║           END-TO-END TIMING MEASUREMENT RECAP                 ║
execution-manager  | ║                   Task 3: sum3                                 
execution-manager  | ╠═══════════════════════════════════════════════════════════════╣
execution-manager  | ║ T1 (start_request)    = 767608151.418 ms                        ║
execution-manager  | ║ T2 (end_request)      = 767608153.132 ms                        ║
execution-manager  | ║ T3 (start_result)     = 767610443.014 ms                        ║
execution-manager  | ║ T4 (end_result)       = 767610443.891 ms                        ║
execution-manager  | ╠═══════════════════════════════════════════════════════════════╣
execution-manager  | ║ METRICS:                                                      ║
execution-manager  | ║   Request Latency    =        1.714 ms  (T2 - T1)            ║
execution-manager  | ║   Task Execution     =     2289.883 ms  (T3 - T2)            ║
execution-manager  | ║   Response Latency   =        0.877 ms  (T4 - T3)            ║
execution-manager  | ║   Total End-to-End   =     2292.473 ms  (T4 - T1)            ║
execution-manager  | ║   Network Overhead   =        2.591 ms  (Req + Resp)         ║
execution-manager  | ╚═══════════════════════════════════════════════════════════════╝
execution-manager  | 
execution-manager  | [EPOLL] T=24583 ms: epoll_wait returned 1 event(s)
execution-manager  | [EPOLL] event[0]: type=2 task=NULL
execution-manager  | [SCHEDULER] ✅ T=24583 ms: Task 3 'sum3' completed with status 2
execution-manager  | [SCHEDULER] 🔕 Timeout disarmed for task 3
execution-manager  | [SCHEDULER] 1 tasks remaining
execution-manager  | [gRPC Client Async] Stream completed, received 1 responses
execution-manager  | [GRPC THREAD 3] Completed
execution-manager  | [gRPC Client Async] Response #1 - Status: COMPLETED
execution-manager  | 🎉 [T=26874 ms] Task 4 'sum4' COMPLETED
execution-manager  | [EXECUTION MANAGER] ⏱️ T2=767610443.109 ms | Thread started (server measured)
execution-manager  | [EXECUTION MANAGER] ⏱️ T3=767612733.346 ms | Task completed (server measured)
execution-manager  | [EXECUTION MANAGER] ⏱️ T4=767612734.118 ms | Result received by client
execution-manager  |    [TASK EXECUTION] 2290.237 ms (T3-T2, measured in thread)
execution-manager  |    [RESULT] {"result": 0}
execution-manager  | 
execution-manager  | ╔═══════════════════════════════════════════════════════════════╗
execution-manager  | ║           END-TO-END TIMING MEASUREMENT RECAP                 ║
execution-manager  | ║                   Task 4: sum4                                 
execution-manager  | ╠═══════════════════════════════════════════════════════════════╣
execution-manager  | ║ T1 (start_request)    = 767608151.021 ms                        ║
execution-manager  | ║ T2 (end_request)      = 767610443.109 ms                        ║
execution-manager  | ║ T3 (start_result)     = 767612733.346 ms                        ║
execution-manager  | ║ T4 (end_result)       = 767612734.118 ms                        ║
execution-manager  | ╠═══════════════════════════════════════════════════════════════╣
execution-manager  | ║ METRICS:                                                      ║
execution-manager  | ║   Request Latency    =     2292.088 ms  (T2 - T1)            ║
execution-manager  | ║   Task Execution     =     2290.237 ms  (T3 - T2)            ║
execution-manager  | ║   Response Latency   =        0.772 ms  (T4 - T3)            ║
execution-manager  | ║   Total End-to-End   =     4583.097 ms  (T4 - T1)            ║
execution-manager  | ║   Network Overhead   =     2292.860 ms  (Req + Resp)         ║
execution-manager  | ╚═══════════════════════════════════════════════════════════════╝
execution-manager  | 
execution-manager  | [EPOLL] T=26874 ms: epoll_wait returned 1 event(s)
execution-manager  | [EPOLL] event[0]: type=2 task=NULL
execution-manager  | [SCHEDULER] ✅ T=26874 ms: Task 4 'sum4' completed with status 2
execution-manager  | [SCHEDULER] 🔕 Timeout disarmed for task 4
execution-manager  | [SCHEDULER] 0 tasks remaining
execution-manager  | 
execution-manager  | [SCHEDULER] 🏁 Iteration 2/10 complete!
execution-manager  | [SCHEDULER] Iteration execution time: 26874 ms
execution-manager  | 
execution-manager  | 
execution-manager  | [SCHEDULER] 🔁 ===== ITERATION 3 / 10 =====
execution-manager  | 
execution-manager  | [SCHEDULER] 🚀 Schedule started at T=0
execution-manager  | 
execution-manager  | [SCHEDULER] 🔄 Entering event loop (NO SLEEP - event-driven!)
execution-manager  | 
execution-manager  | [gRPC Client Async] Stream completed, received 1 responses
execution-manager  | [GRPC THREAD 4] Completed
execution-manager  | [EPOLL] T=10000 ms: epoll_wait returned 1 event(s)
execution-manager  | [EPOLL] event[0]: type=0 task=sum1
execution-manager  | [SCHEDULER] ⏰ T=10000 ms | T_wall=767622734.400 ms: Launching task 1 'sum1' (deadline: 30000 ms)
execution-manager  | [SCHEDULER] 🕐 Timeout armed for task 1 at T=30000 ms (in 20000 ms)
execution-manager  | [GRPC THREAD 1] Starting...
execution-manager  | [EXECUTION MANAGER] ⏱️ T1=767622734.570 ms | Sending gRPC request for task 1 'sum1'
execution-manager  | [gRPC Channel Pool] Reusing existing channel for localhost:50051 (state=2)
execution-manager  | [gRPC Client Async] Calling task 'sum1' at localhost:50051
execution-manager  | [gRPC Client Async] Inputs: {"total_ops": 200, "io_percentage": 50}
execution-manager  | [gRPC Client Async] Response #1 - Status: COMPLETED
execution-manager  | 🎉 [T=12290 ms] Task 1 'sum1' COMPLETED
execution-manager  | [EXECUTION MANAGER] ⏱️ T2=767622735.416 ms | Thread started (server measured)
execution-manager  | [EXECUTION MANAGER] ⏱️ T3=767625024.287 ms | Task completed (server measured)
execution-manager  | [EXECUTION MANAGER] ⏱️ T4=767625024.794 ms | Result received by client
execution-manager  |    [TASK EXECUTION] 2288.871 ms (T3-T2, measured in thread)
execution-manager  |    [RESULT] {"result": 0}
execution-manager  | 
execution-manager  | ╔═══════════════════════════════════════════════════════════════╗
execution-manager  | ║           END-TO-END TIMING MEASUREMENT RECAP                 ║
execution-manager  | ║                   Task 1: sum1                                 
execution-manager  | ╠═══════════════════════════════════════════════════════════════╣
execution-manager  | ║ T1 (start_request)    = 767622734.570 ms                        ║
execution-manager  | ║ T2 (end_request)      = 767622735.416 ms                        ║
execution-manager  | ║ T3 (start_result)     = 767625024.287 ms                        ║
execution-manager  | ║ T4 (end_result)       = 767625024.794 ms                        ║
execution-manager  | ╠═══════════════════════════════════════════════════════════════╣
execution-manager  | ║ METRICS:                                                      ║
execution-manager  | ║   Request Latency    =        0.845 ms  (T2 - T1)            ║
execution-manager  | ║   Task Execution     =     2288.871 ms  (T3 - T2)            ║
execution-manager  | ║   Response Latency   =        0.507 ms  (T4 - T3)            ║
execution-manager  | ║   Total End-to-End   =     2290.224 ms  (T4 - T1)            ║
execution-manager  | ║   Network Overhead   =        1.353 ms  (Req + Resp)         ║
execution-manager  | ╚═══════════════════════════════════════════════════════════════╝
execution-manager  | 
execution-manager  | [EPOLL] T=12290 ms: epoll_wait returned 1 event(s)
execution-manager  | [EPOLL] event[0]: type=2 task=NULL
execution-manager  | [SCHEDULER] ✅ T=12290 ms: Task 1 'sum1' completed with status 2
execution-manager  | [SCHEDULER] 🔕 Timeout disarmed for task 1
execution-manager  | [SCHEDULER] 3 tasks remaining
execution-manager  | [gRPC Client Async] Stream completed, received 1 responses
execution-manager  | [GRPC THREAD 1] Completed
execution-manager  | [EPOLL] T=20000 ms: epoll_wait returned 1 event(s)
execution-manager  | [EPOLL] event[0]: type=0 task=sum2
execution-manager  | [SCHEDULER] ⏰ T=20000 ms | T_wall=767632734.427 ms: Launching task 2 'sum2' (deadline: 55000 ms)
execution-manager  | [SCHEDULER] 🕐 Timeout armed for task 2 at T=55000 ms (in 35000 ms)
execution-manager  | [GRPC THREAD 2] Starting...
execution-manager  | [EXECUTION MANAGER] ⏱️ T1=767632734.593 ms | Sending gRPC request for task 2 'sum2'
execution-manager  | [gRPC Channel Pool] Reusing existing channel for localhost:50052 (state=2)
execution-manager  | [gRPC Client Async] Calling task 'sum2' at localhost:50052
execution-manager  | [gRPC Client Async] Inputs: {"total_ops": 200, "io_percentage": 50}
execution-manager  | [EPOLL] T=22290 ms: epoll_wait returned 1 event(s)
execution-manager  | [EPOLL] event[0]: type=0 task=sum3
execution-manager  | [SCHEDULER] ⏰ T=22290 ms | T_wall=767635024.954 ms: Launching task 3 'sum3' (deadline: 56000 ms)
execution-manager  | [SCHEDULER] 🕐 Timeout armed for task 3 at T=56000 ms (in 33709 ms)
execution-manager  | [EPOLL] T=22291 ms: epoll_wait returned 1 event(s)
execution-manager  | [EPOLL] event[0]: type=0 task=sum4
execution-manager  | [SCHEDULER] ⏰ T=22291 ms | T_wall=767635025.131 ms: Launching task 4 'sum4' (deadline: 56000 ms)
execution-manager  | [SCHEDULER] 🕐 Timeout armed for task 4 at T=56000 ms (in 33709 ms)
execution-manager  | [GRPC THREAD 4] Starting...
execution-manager  | [EXECUTION MANAGER] ⏱️ T1=767635025.245 ms | Sending gRPC request for task 4 'sum4'
execution-manager  | [gRPC Channel Pool] Reusing existing channel for localhost:50054 (state=2)
execution-manager  | [gRPC Client Async] Calling task 'sum4' at localhost:50054
execution-manager  | [gRPC Client Async] Inputs: {"total_ops": 200, "io_percentage": 50}
execution-manager  | [GRPC THREAD 3] Starting...
execution-manager  | [EXECUTION MANAGER] ⏱️ T1=767635025.550 ms | Sending gRPC request for task 3 'sum3'
execution-manager  | [gRPC Channel Pool] Reusing existing channel for localhost:50053 (state=2)
execution-manager  | [gRPC Client Async] Calling task 'sum3' at localhost:50053
execution-manager  | [gRPC Client Async] Inputs: {"total_ops": 200, "io_percentage": 50}
execution-manager  | [gRPC Client Async] Response #1 - Status: COMPLETED
execution-manager  | 🎉 [T=22292 ms] Task 2 'sum2' COMPLETED
execution-manager  | [EXECUTION MANAGER] ⏱️ T2=767632735.579 ms | Thread started (server measured)
execution-manager  | [EXECUTION MANAGER] ⏱️ T3=767635024.523 ms | Task completed (server measured)
execution-manager  | [EXECUTION MANAGER] ⏱️ T4=767635026.379 ms | Result received by client
execution-manager  |    [TASK EXECUTION] 2288.944 ms (T3-T2, measured in thread)
execution-manager  |    [RESULT] {"result": 0}
execution-manager  | 
execution-manager  | ╔═══════════════════════════════════════════════════════════════╗
execution-manager  | ║           END-TO-END TIMING MEASUREMENT RECAP                 ║
execution-manager  | ║                   Task 2: sum2                                 
execution-manager  | ╠═══════════════════════════════════════════════════════════════╣
execution-manager  | ║ T1 (start_request)    = 767632734.593 ms                        ║
execution-manager  | ║ T2 (end_request)      = 767632735.579 ms                        ║
execution-manager  | ║ T3 (start_result)     = 767635024.523 ms                        ║
execution-manager  | ║ T4 (end_result)       = 767635026.379 ms                        ║
execution-manager  | ╠═══════════════════════════════════════════════════════════════╣
execution-manager  | ║ METRICS:                                                      ║
execution-manager  | ║   Request Latency    =        0.986 ms  (T2 - T1)            ║
execution-manager  | ║   Task Execution     =     2288.944 ms  (T3 - T2)            ║
execution-manager  | ║   Response Latency   =        1.856 ms  (T4 - T3)            ║
execution-manager  | ║   Total End-to-End   =     2291.786 ms  (T4 - T1)            ║
execution-manager  | ║   Network Overhead   =        2.842 ms  (Req + Resp)         ║
execution-manager  | ╚═══════════════════════════════════════════════════════════════╝
execution-manager  | 
execution-manager  | [EPOLL] T=22292 ms: epoll_wait returned 1 event(s)
execution-manager  | [EPOLL] event[0]: type=2 task=NULL
execution-manager  | [SCHEDULER] ✅ T=22292 ms: Task 2 'sum2' completed with status 2
execution-manager  | [SCHEDULER] 🔕 Timeout disarmed for task 2
execution-manager  | [SCHEDULER] 2 tasks remaining
execution-manager  | [gRPC Client Async] Stream completed, received 1 responses
execution-manager  | [GRPC THREAD 2] Completed
execution-manager  | [gRPC Client Async] Response #1 - Status: COMPLETED
execution-manager  | 🎉 [T=24583 ms] Task 3 'sum3' COMPLETED
execution-manager  | [EXECUTION MANAGER] ⏱️ T2=767635026.946 ms | Thread started (server measured)
execution-manager  | [EXECUTION MANAGER] ⏱️ T3=767637316.538 ms | Task completed (server measured)
execution-manager  | [EXECUTION MANAGER] ⏱️ T4=767637317.204 ms | Result received by client
execution-manager  |    [TASK EXECUTION] 2289.592 ms (T3-T2, measured in thread)
execution-manager  |    [RESULT] {"result": 0}
execution-manager  | 
execution-manager  | ╔═══════════════════════════════════════════════════════════════╗
execution-manager  | ║           END-TO-END TIMING MEASUREMENT RECAP                 ║
execution-manager  | ║                   Task 3: sum3                                 
execution-manager  | ╠═══════════════════════════════════════════════════════════════╣
execution-manager  | ║ T1 (start_request)    = 767635025.550 ms                        ║
execution-manager  | ║ T2 (end_request)      = 767635026.946 ms                        ║
execution-manager  | ║ T3 (start_result)     = 767637316.538 ms                        ║
execution-manager  | ║ T4 (end_result)       = 767637317.204 ms                        ║
execution-manager  | ╠═══════════════════════════════════════════════════════════════╣
execution-manager  | ║ METRICS:                                                      ║
execution-manager  | ║   Request Latency    =        1.396 ms  (T2 - T1)            ║
execution-manager  | ║   Task Execution     =     2289.592 ms  (T3 - T2)            ║
execution-manager  | ║   Response Latency   =        0.666 ms  (T4 - T3)            ║
execution-manager  | ║   Total End-to-End   =     2291.655 ms  (T4 - T1)            ║
execution-manager  | ║   Network Overhead   =        2.062 ms  (Req + Resp)         ║
execution-manager  | ╚═══════════════════════════════════════════════════════════════╝
execution-manager  | 
execution-manager  | [EPOLL] T=24583 ms: epoll_wait returned 1 event(s)
execution-manager  | [EPOLL] event[0]: type=2 task=NULL
execution-manager  | [SCHEDULER] ✅ T=24583 ms: Task 3 'sum3' completed with status 2
execution-manager  | [SCHEDULER] 🔕 Timeout disarmed for task 3
execution-manager  | [SCHEDULER] 1 tasks remaining
execution-manager  | [gRPC Client Async] Stream completed, received 1 responses
execution-manager  | [GRPC THREAD 3] Completed
execution-manager  | [gRPC Client Async] Response #1 - Status: COMPLETED
execution-manager  | 🎉 [T=26873 ms] Task 4 'sum4' COMPLETED
execution-manager  | [EXECUTION MANAGER] ⏱️ T2=767637316.637 ms | Thread started (server measured)
execution-manager  | [EXECUTION MANAGER] ⏱️ T3=767639606.804 ms | Task completed (server measured)
execution-manager  | [EXECUTION MANAGER] ⏱️ T4=767639607.543 ms | Result received by client
execution-manager  |    [TASK EXECUTION] 2290.166 ms (T3-T2, measured in thread)
execution-manager  |    [RESULT] {"result": 0}
execution-manager  | 
execution-manager  | ╔═══════════════════════════════════════════════════════════════╗
execution-manager  | ║           END-TO-END TIMING MEASUREMENT RECAP                 ║
execution-manager  | ║                   Task 4: sum4                                 
execution-manager  | ╠═══════════════════════════════════════════════════════════════╣
execution-manager  | ║ T1 (start_request)    = 767635025.245 ms                        ║
execution-manager  | ║ T2 (end_request)      = 767637316.637 ms                        ║
execution-manager  | ║ T3 (start_result)     = 767639606.804 ms                        ║
execution-manager  | ║ T4 (end_result)       = 767639607.543 ms                        ║
execution-manager  | ╠═══════════════════════════════════════════════════════════════╣
execution-manager  | ║ METRICS:                                                      ║
execution-manager  | ║   Request Latency    =     2291.392 ms  (T2 - T1)            ║
execution-manager  | ║   Task Execution     =     2290.166 ms  (T3 - T2)            ║
execution-manager  | ║   Response Latency   =        0.739 ms  (T4 - T3)            ║
execution-manager  | ║   Total End-to-End   =     4582.297 ms  (T4 - T1)            ║
execution-manager  | ║   Network Overhead   =     2292.131 ms  (Req + Resp)         ║
execution-manager  | ╚═══════════════════════════════════════════════════════════════╝
execution-manager  | 
execution-manager  | [EPOLL] T=26873 ms: epoll_wait returned 1 event(s)
execution-manager  | [EPOLL] event[0]: type=2 task=NULL
execution-manager  | [SCHEDULER] ✅ T=26873 ms: Task 4 'sum4' completed with status 2
execution-manager  | [SCHEDULER] 🔕 Timeout disarmed for task 4
execution-manager  | [SCHEDULER] 0 tasks remaining
execution-manager  | 
execution-manager  | [SCHEDULER] 🏁 Iteration 3/10 complete!
execution-manager  | [SCHEDULER] Iteration execution time: 26873 ms
execution-manager  | 
execution-manager  | 
execution-manager  | [SCHEDULER] 🔁 ===== ITERATION 4 / 10 =====
execution-manager  | 
execution-manager  | [SCHEDULER] 🚀 Schedule started at T=0
execution-manager  | 
execution-manager  | [SCHEDULER] 🔄 Entering event loop (NO SLEEP - event-driven!)
execution-manager  | 
execution-manager  | [gRPC Client Async] Stream completed, received 1 responses
execution-manager  | [GRPC THREAD 4] Completed
execution-manager  | [EPOLL] T=10000 ms: epoll_wait returned 1 event(s)
execution-manager  | [EPOLL] event[0]: type=0 task=sum1
execution-manager  | [SCHEDULER] ⏰ T=10000 ms | T_wall=767649607.824 ms: Launching task 1 'sum1' (deadline: 30000 ms)
execution-manager  | [SCHEDULER] 🕐 Timeout armed for task 1 at T=30000 ms (in 20000 ms)
execution-manager  | [GRPC THREAD 1] Starting...
execution-manager  | [EXECUTION MANAGER] ⏱️ T1=767649608.025 ms | Sending gRPC request for task 1 'sum1'
execution-manager  | [gRPC Channel Pool] Reusing existing channel for localhost:50051 (state=2)
execution-manager  | [gRPC Client Async] Calling task 'sum1' at localhost:50051
execution-manager  | [gRPC Client Async] Inputs: {"total_ops": 200, "io_percentage": 50}
execution-manager  | [gRPC Client Async] Response #1 - Status: COMPLETED
execution-manager  | 🎉 [T=12291 ms] Task 1 'sum1' COMPLETED
execution-manager  | [EXECUTION MANAGER] ⏱️ T2=767649608.915 ms | Thread started (server measured)
execution-manager  | [EXECUTION MANAGER] ⏱️ T3=767651897.570 ms | Task completed (server measured)
execution-manager  | [EXECUTION MANAGER] ⏱️ T4=767651898.262 ms | Result received by client
execution-manager  |    [TASK EXECUTION] 2288.655 ms (T3-T2, measured in thread)
execution-manager  |    [RESULT] {"result": 0}
execution-manager  | 
execution-manager  | ╔═══════════════════════════════════════════════════════════════╗
execution-manager  | ║           END-TO-END TIMING MEASUREMENT RECAP                 ║
execution-manager  | ║                   Task 1: sum1                                 
execution-manager  | ╠═══════════════════════════════════════════════════════════════╣
execution-manager  | ║ T1 (start_request)    = 767649608.025 ms                        ║
execution-manager  | ║ T2 (end_request)      = 767649608.915 ms                        ║
execution-manager  | ║ T3 (start_result)     = 767651897.570 ms                        ║
execution-manager  | ║ T4 (end_result)       = 767651898.262 ms                        ║
execution-manager  | ╠═══════════════════════════════════════════════════════════════╣
execution-manager  | ║ METRICS:                                                      ║
execution-manager  | ║   Request Latency    =        0.890 ms  (T2 - T1)            ║
execution-manager  | ║   Task Execution     =     2288.655 ms  (T3 - T2)            ║
execution-manager  | ║   Response Latency   =        0.692 ms  (T4 - T3)            ║
execution-manager  | ║   Total End-to-End   =     2290.237 ms  (T4 - T1)            ║
execution-manager  | ║   Network Overhead   =        1.582 ms  (Req + Resp)         ║
execution-manager  | ╚═══════════════════════════════════════════════════════════════╝
execution-manager  | 
execution-manager  | [EPOLL] T=12291 ms: epoll_wait returned 1 event(s)
execution-manager  | [EPOLL] event[0]: type=2 task=NULL
execution-manager  | [SCHEDULER] ✅ T=12291 ms: Task 1 'sum1' completed with status 2
execution-manager  | [SCHEDULER] 🔕 Timeout disarmed for task 1
execution-manager  | [SCHEDULER] 3 tasks remaining
execution-manager  | [gRPC Client Async] Stream completed, received 1 responses
execution-manager  | [GRPC THREAD 1] Completed
execution-manager  | [EPOLL] T=20000 ms: epoll_wait returned 1 event(s)
execution-manager  | [EPOLL] event[0]: type=0 task=sum2
execution-manager  | [SCHEDULER] ⏰ T=20000 ms | T_wall=767659607.883 ms: Launching task 2 'sum2' (deadline: 55000 ms)
execution-manager  | [SCHEDULER] 🕐 Timeout armed for task 2 at T=55000 ms (in 35000 ms)
execution-manager  | [GRPC THREAD 2] Starting...
execution-manager  | [EXECUTION MANAGER] ⏱️ T1=767659608.058 ms | Sending gRPC request for task 2 'sum2'
execution-manager  | [gRPC Channel Pool] Reusing existing channel for localhost:50052 (state=2)
execution-manager  | [gRPC Client Async] Calling task 'sum2' at localhost:50052
execution-manager  | [gRPC Client Async] Inputs: {"total_ops": 200, "io_percentage": 50}
execution-manager  | [EPOLL] T=22291 ms: epoll_wait returned 1 event(s)
execution-manager  | [EPOLL] event[0]: type=0 task=sum3
execution-manager  | [SCHEDULER] ⏰ T=22291 ms | T_wall=767661898.144 ms: Launching task 3 'sum3' (deadline: 56000 ms)
execution-manager  | [SCHEDULER] 🕐 Timeout armed for task 3 at T=56000 ms (in 33709 ms)
execution-manager  | [EPOLL] T=22291 ms: epoll_wait returned 1 event(s)
execution-manager  | [EPOLL] event[0]: type=0 task=sum4
execution-manager  | [SCHEDULER] ⏰ T=22291 ms | T_wall=767661898.312 ms: Launching task 4 'sum4' (deadline: 56000 ms)
execution-manager  | [SCHEDULER] 🕐 Timeout armed for task 4 at T=56000 ms (in 33709 ms)
execution-manager  | [GRPC THREAD 4] Starting...
execution-manager  | [EXECUTION MANAGER] ⏱️ T1=767661898.436 ms | Sending gRPC request for task 4 'sum4'
execution-manager  | [gRPC Channel Pool] Reusing existing channel for localhost:50054 (state=2)
execution-manager  | [gRPC Client Async] Calling task 'sum4' at localhost:50054
execution-manager  | [gRPC Client Async] Inputs: {"total_ops": 200, "io_percentage": 50}
execution-manager  | [GRPC THREAD 3] Starting...
execution-manager  | [EXECUTION MANAGER] ⏱️ T1=767661898.772 ms | Sending gRPC request for task 3 'sum3'
execution-manager  | [gRPC Channel Pool] Reusing existing channel for localhost:50053 (state=2)
execution-manager  | [gRPC Client Async] Calling task 'sum3' at localhost:50053
execution-manager  | [gRPC Client Async] Inputs: {"total_ops": 200, "io_percentage": 50}
execution-manager  | [gRPC Client Async] Response #1 - Status: COMPLETED
execution-manager  | 🎉 [T=22292 ms] Task 2 'sum2' COMPLETED
execution-manager  | [EXECUTION MANAGER] ⏱️ T2=767659608.873 ms | Thread started (server measured)
execution-manager  | [EXECUTION MANAGER] ⏱️ T3=767661897.663 ms | Task completed (server measured)
execution-manager  | [EXECUTION MANAGER] ⏱️ T4=767661899.875 ms | Result received by client
execution-manager  |    [TASK EXECUTION] 2288.790 ms (T3-T2, measured in thread)
execution-manager  |    [RESULT] {"result": 0}
execution-manager  | 
execution-manager  | ╔═══════════════════════════════════════════════════════════════╗
execution-manager  | ║           END-TO-END TIMING MEASUREMENT RECAP                 ║
execution-manager  | ║                   Task 2: sum2                                 
execution-manager  | ╠═══════════════════════════════════════════════════════════════╣
execution-manager  | ║ T1 (start_request)    = 767659608.058 ms                        ║
execution-manager  | ║ T2 (end_request)      = 767659608.873 ms                        ║
execution-manager  | ║ T3 (start_result)     = 767661897.663 ms                        ║
execution-manager  | ║ T4 (end_result)       = 767661899.875 ms                        ║
execution-manager  | ╠═══════════════════════════════════════════════════════════════╣
execution-manager  | ║ METRICS:                                                      ║
execution-manager  | ║   Request Latency    =        0.816 ms  (T2 - T1)            ║
execution-manager  | ║   Task Execution     =     2288.790 ms  (T3 - T2)            ║
execution-manager  | ║   Response Latency   =        2.211 ms  (T4 - T3)            ║
execution-manager  | ║   Total End-to-End   =     2291.817 ms  (T4 - T1)            ║
execution-manager  | ║   Network Overhead   =        3.027 ms  (Req + Resp)         ║
execution-manager  | ╚═══════════════════════════════════════════════════════════════╝
execution-manager  | 
execution-manager  | [EPOLL] T=22292 ms: epoll_wait returned 1 event(s)
execution-manager  | [EPOLL] event[0]: type=2 task=NULL
execution-manager  | [SCHEDULER] ✅ T=22292 ms: Task 2 'sum2' completed with status 2
execution-manager  | [SCHEDULER] 🔕 Timeout disarmed for task 2
execution-manager  | [SCHEDULER] 2 tasks remaining
execution-manager  | [gRPC Client Async] Stream completed, received 1 responses
execution-manager  | [GRPC THREAD 2] Completed
execution-manager  | [gRPC Client Async] Response #1 - Status: COMPLETED
execution-manager  | 🎉 [T=24583 ms] Task 3 'sum3' COMPLETED
execution-manager  | [EXECUTION MANAGER] ⏱️ T2=767661900.298 ms | Thread started (server measured)
execution-manager  | [EXECUTION MANAGER] ⏱️ T3=767664190.096 ms | Task completed (server measured)
execution-manager  | [EXECUTION MANAGER] ⏱️ T4=767664190.763 ms | Result received by client
execution-manager  |    [TASK EXECUTION] 2289.798 ms (T3-T2, measured in thread)
execution-manager  |    [RESULT] {"result": 0}
execution-manager  | 
execution-manager  | ╔═══════════════════════════════════════════════════════════════╗
execution-manager  | ║           END-TO-END TIMING MEASUREMENT RECAP                 ║
execution-manager  | ║                   Task 3: sum3                                 
execution-manager  | ╠═══════════════════════════════════════════════════════════════╣
execution-manager  | ║ T1 (start_request)    = 767661898.772 ms                        ║
execution-manager  | ║ T2 (end_request)      = 767661900.298 ms                        ║
execution-manager  | ║ T3 (start_result)     = 767664190.096 ms                        ║
execution-manager  | ║ T4 (end_result)       = 767664190.763 ms                        ║
execution-manager  | ╠═══════════════════════════════════════════════════════════════╣
execution-manager  | ║ METRICS:                                                      ║
execution-manager  | ║   Request Latency    =        1.527 ms  (T2 - T1)            ║
execution-manager  | ║   Task Execution     =     2289.798 ms  (T3 - T2)            ║
execution-manager  | ║   Response Latency   =        0.667 ms  (T4 - T3)            ║
execution-manager  | ║   Total End-to-End   =     2291.992 ms  (T4 - T1)            ║
execution-manager  | ║   Network Overhead   =        2.194 ms  (Req + Resp)         ║
execution-manager  | ╚═══════════════════════════════════════════════════════════════╝
execution-manager  | 
execution-manager  | [EPOLL] T=24583 ms: epoll_wait returned 1 event(s)
execution-manager  | [EPOLL] event[0]: type=2 task=NULL
execution-manager  | [SCHEDULER] ✅ T=24583 ms: Task 3 'sum3' completed with status 2
execution-manager  | [SCHEDULER] 🔕 Timeout disarmed for task 3
execution-manager  | [SCHEDULER] 1 tasks remaining
execution-manager  | [gRPC Client Async] Stream completed, received 1 responses
execution-manager  | [GRPC THREAD 3] Completed
execution-manager  | [gRPC Client Async] Response #1 - Status: COMPLETED
execution-manager  | 🎉 [T=26874 ms] Task 4 'sum4' COMPLETED
execution-manager  | [EXECUTION MANAGER] ⏱️ T2=767664190.190 ms | Thread started (server measured)
execution-manager  | [EXECUTION MANAGER] ⏱️ T3=767666480.424 ms | Task completed (server measured)
execution-manager  | [EXECUTION MANAGER] ⏱️ T4=767666481.035 ms | Result received by client
execution-manager  |    [TASK EXECUTION] 2290.234 ms (T3-T2, measured in thread)
execution-manager  |    [RESULT] {"result": 0}
execution-manager  | 
execution-manager  | ╔═══════════════════════════════════════════════════════════════╗
execution-manager  | ║           END-TO-END TIMING MEASUREMENT RECAP                 ║
execution-manager  | ║                   Task 4: sum4                                 
execution-manager  | ╠═══════════════════════════════════════════════════════════════╣
execution-manager  | ║ T1 (start_request)    = 767661898.436 ms                        ║
execution-manager  | ║ T2 (end_request)      = 767664190.190 ms                        ║
execution-manager  | ║ T3 (start_result)     = 767666480.424 ms                        ║
execution-manager  | ║ T4 (end_result)       = 767666481.035 ms                        ║
execution-manager  | ╠═══════════════════════════════════════════════════════════════╣
execution-manager  | ║ METRICS:                                                      ║
execution-manager  | ║   Request Latency    =     2291.754 ms  (T2 - T1)            ║
execution-manager  | ║   Task Execution     =     2290.234 ms  (T3 - T2)            ║
execution-manager  | ║   Response Latency   =        0.611 ms  (T4 - T3)            ║
execution-manager  | ║   Total End-to-End   =     4582.600 ms  (T4 - T1)            ║
execution-manager  | ║   Network Overhead   =     2292.365 ms  (Req + Resp)         ║
execution-manager  | ╚═══════════════════════════════════════════════════════════════╝
execution-manager  | 
execution-manager  | [EPOLL] T=26874 ms: epoll_wait returned 1 event(s)
execution-manager  | [EPOLL] event[0]: type=2 task=NULL
execution-manager  | [SCHEDULER] ✅ T=26874 ms: Task 4 'sum4' completed with status 2
execution-manager  | [SCHEDULER] 🔕 Timeout disarmed for task 4
execution-manager  | [SCHEDULER] 0 tasks remaining
execution-manager  | 
execution-manager  | [SCHEDULER] 🏁 Iteration 4/10 complete!
execution-manager  | [SCHEDULER] Iteration execution time: 26874 ms
execution-manager  | 
execution-manager  | 
execution-manager  | [SCHEDULER] 🔁 ===== ITERATION 5 / 10 =====
execution-manager  | 
execution-manager  | [SCHEDULER] 🚀 Schedule started at T=0
execution-manager  | 
execution-manager  | [SCHEDULER] 🔄 Entering event loop (NO SLEEP - event-driven!)
execution-manager  | 
execution-manager  | [gRPC Client Async] Stream completed, received 1 responses
execution-manager  | [GRPC THREAD 4] Completed
execution-manager  | [EPOLL] T=10000 ms: epoll_wait returned 1 event(s)
execution-manager  | [EPOLL] event[0]: type=0 task=sum1
execution-manager  | [SCHEDULER] ⏰ T=10000 ms | T_wall=767676481.308 ms: Launching task 1 'sum1' (deadline: 30000 ms)
execution-manager  | [SCHEDULER] 🕐 Timeout armed for task 1 at T=30000 ms (in 20000 ms)
execution-manager  | [GRPC THREAD 1] Starting...
execution-manager  | [EXECUTION MANAGER] ⏱️ T1=767676481.477 ms | Sending gRPC request for task 1 'sum1'
execution-manager  | [gRPC Channel Pool] Reusing existing channel for localhost:50051 (state=2)
execution-manager  | [gRPC Client Async] Calling task 'sum1' at localhost:50051
execution-manager  | [gRPC Client Async] Inputs: {"total_ops": 200, "io_percentage": 50}
execution-manager  | [gRPC Client Async] Response #1 - Status: COMPLETED
execution-manager  | 🎉 [T=12291 ms] Task 1 'sum1' COMPLETED
execution-manager  | [EXECUTION MANAGER] ⏱️ T2=767676482.757 ms | Thread started (server measured)
execution-manager  | [EXECUTION MANAGER] ⏱️ T3=767678771.512 ms | Task completed (server measured)
execution-manager  | [EXECUTION MANAGER] ⏱️ T4=767678772.183 ms | Result received by client
execution-manager  |    [TASK EXECUTION] 2288.755 ms (T3-T2, measured in thread)
execution-manager  |    [RESULT] {"result": 0}
execution-manager  | 
execution-manager  | ╔═══════════════════════════════════════════════════════════════╗
execution-manager  | ║           END-TO-END TIMING MEASUREMENT RECAP                 ║
execution-manager  | ║                   Task 1: sum1                                 
execution-manager  | ╠═══════════════════════════════════════════════════════════════╣
execution-manager  | ║ T1 (start_request)    = 767676481.477 ms                        ║
execution-manager  | ║ T2 (end_request)      = 767676482.757 ms                        ║
execution-manager  | ║ T3 (start_result)     = 767678771.512 ms                        ║
execution-manager  | ║ T4 (end_result)       = 767678772.183 ms                        ║
execution-manager  | ╠═══════════════════════════════════════════════════════════════╣
execution-manager  | ║ METRICS:                                                      ║
execution-manager  | ║   Request Latency    =        1.280 ms  (T2 - T1)            ║
execution-manager  | ║   Task Execution     =     2288.755 ms  (T3 - T2)            ║
execution-manager  | ║   Response Latency   =        0.671 ms  (T4 - T3)            ║
execution-manager  | ║   Total End-to-End   =     2290.706 ms  (T4 - T1)            ║
execution-manager  | ║   Network Overhead   =        1.951 ms  (Req + Resp)         ║
execution-manager  | ╚═══════════════════════════════════════════════════════════════╝
execution-manager  | 
execution-manager  | [EPOLL] T=12291 ms: epoll_wait returned 1 event(s)
execution-manager  | [EPOLL] event[0]: type=2 task=NULL
execution-manager  | [SCHEDULER] ✅ T=12291 ms: Task 1 'sum1' completed with status 2
execution-manager  | [SCHEDULER] 🔕 Timeout disarmed for task 1
execution-manager  | [SCHEDULER] 3 tasks remaining
execution-manager  | [gRPC Client Async] Stream completed, received 1 responses
execution-manager  | [GRPC THREAD 1] Completed
execution-manager  | [EPOLL] T=20000 ms: epoll_wait returned 1 event(s)
execution-manager  | [EPOLL] event[0]: type=0 task=sum2
execution-manager  | [SCHEDULER] ⏰ T=20000 ms | T_wall=767686481.355 ms: Launching task 2 'sum2' (deadline: 55000 ms)
execution-manager  | [SCHEDULER] 🕐 Timeout armed for task 2 at T=55000 ms (in 35000 ms)
execution-manager  | [GRPC THREAD 2] Starting...
execution-manager  | [EXECUTION MANAGER] ⏱️ T1=767686481.579 ms | Sending gRPC request for task 2 'sum2'
execution-manager  | [gRPC Channel Pool] Reusing existing channel for localhost:50052 (state=2)
execution-manager  | [gRPC Client Async] Calling task 'sum2' at localhost:50052
execution-manager  | [gRPC Client Async] Inputs: {"total_ops": 200, "io_percentage": 50}
execution-manager  | [EPOLL] T=22291 ms: epoll_wait returned 1 event(s)
execution-manager  | [EPOLL] event[0]: type=0 task=sum3
execution-manager  | [SCHEDULER] ⏰ T=22291 ms | T_wall=767688772.144 ms: Launching task 3 'sum3' (deadline: 56000 ms)
execution-manager  | [SCHEDULER] 🕐 Timeout armed for task 3 at T=56000 ms (in 33709 ms)
execution-manager  | [EPOLL] T=22291 ms: epoll_wait returned 1 event(s)
execution-manager  | [EPOLL] event[0]: type=0 task=sum4
execution-manager  | [SCHEDULER] ⏰ T=22291 ms | T_wall=767688772.306 ms: Launching task 4 'sum4' (deadline: 56000 ms)
execution-manager  | [SCHEDULER] 🕐 Timeout armed for task 4 at T=56000 ms (in 33709 ms)
execution-manager  | [GRPC THREAD 4] Starting...
execution-manager  | [EXECUTION MANAGER] ⏱️ T1=767688772.416 ms | Sending gRPC request for task 4 'sum4'
execution-manager  | [gRPC Channel Pool] Reusing existing channel for localhost:50054 (state=2)
execution-manager  | [gRPC Client Async] Calling task 'sum4' at localhost:50054
execution-manager  | [gRPC Client Async] Inputs: {"total_ops": 200, "io_percentage": 50}
execution-manager  | [GRPC THREAD 3] Starting...
execution-manager  | [EXECUTION MANAGER] ⏱️ T1=767688772.705 ms | Sending gRPC request for task 3 'sum3'
execution-manager  | [gRPC Channel Pool] Reusing existing channel for localhost:50053 (state=2)
execution-manager  | [gRPC Client Async] Calling task 'sum3' at localhost:50053
execution-manager  | [gRPC Client Async] Inputs: {"total_ops": 200, "io_percentage": 50}
execution-manager  | [gRPC Client Async] Response #1 - Status: COMPLETED
execution-manager  | 🎉 [T=22292 ms] Task 2 'sum2' COMPLETED
execution-manager  | [EXECUTION MANAGER] ⏱️ T2=767686482.452 ms | Thread started (server measured)
execution-manager  | [EXECUTION MANAGER] ⏱️ T3=767688771.780 ms | Task completed (server measured)
execution-manager  | [EXECUTION MANAGER] ⏱️ T4=767688773.710 ms | Result received by client
execution-manager  |    [TASK EXECUTION] 2289.328 ms (T3-T2, measured in thread)
execution-manager  |    [RESULT] {"result": 0}
execution-manager  | 
execution-manager  | ╔═══════════════════════════════════════════════════════════════╗
execution-manager  | ║           END-TO-END TIMING MEASUREMENT RECAP                 ║
execution-manager  | ║                   Task 2: sum2                                 
execution-manager  | ╠═══════════════════════════════════════════════════════════════╣
execution-manager  | ║ T1 (start_request)    = 767686481.579 ms                        ║
execution-manager  | ║ T2 (end_request)      = 767686482.452 ms                        ║
execution-manager  | ║ T3 (start_result)     = 767688771.780 ms                        ║
execution-manager  | ║ T4 (end_result)       = 767688773.710 ms                        ║
execution-manager  | ╠═══════════════════════════════════════════════════════════════╣
execution-manager  | ║ METRICS:                                                      ║
execution-manager  | ║   Request Latency    =        0.873 ms  (T2 - T1)            ║
execution-manager  | ║   Task Execution     =     2289.328 ms  (T3 - T2)            ║
execution-manager  | ║   Response Latency   =        1.931 ms  (T4 - T3)            ║
execution-manager  | ║   Total End-to-End   =     2292.132 ms  (T4 - T1)            ║
execution-manager  | ║   Network Overhead   =        2.804 ms  (Req + Resp)         ║
execution-manager  | ╚═══════════════════════════════════════════════════════════════╝
execution-manager  | 
execution-manager  | [EPOLL] T=22292 ms: epoll_wait returned 1 event(s)
execution-manager  | [EPOLL] event[0]: type=2 task=NULL
execution-manager  | [SCHEDULER] ✅ T=22292 ms: Task 2 'sum2' completed with status 2
execution-manager  | [SCHEDULER] 🔕 Timeout disarmed for task 2
execution-manager  | [SCHEDULER] 2 tasks remaining
execution-manager  | [gRPC Client Async] Stream completed, received 1 responses
execution-manager  | [GRPC THREAD 2] Completed
execution-manager  | [gRPC Client Async] Response #1 - Status: COMPLETED
execution-manager  | 🎉 [T=24583 ms] Task 3 'sum3' COMPLETED
execution-manager  | [EXECUTION MANAGER] ⏱️ T2=767688774.086 ms | Thread started (server measured)
execution-manager  | [EXECUTION MANAGER] ⏱️ T3=767691063.468 ms | Task completed (server measured)
execution-manager  | [EXECUTION MANAGER] ⏱️ T4=767691064.098 ms | Result received by client
execution-manager  |    [TASK EXECUTION] 2289.382 ms (T3-T2, measured in thread)
execution-manager  |    [RESULT] {"result": 0}
execution-manager  | 
execution-manager  | ╔═══════════════════════════════════════════════════════════════╗
execution-manager  | ║           END-TO-END TIMING MEASUREMENT RECAP                 ║
execution-manager  | ║                   Task 3: sum3                                 
execution-manager  | ╠═══════════════════════════════════════════════════════════════╣
execution-manager  | ║ T1 (start_request)    = 767688772.705 ms                        ║
execution-manager  | ║ T2 (end_request)      = 767688774.086 ms                        ║
execution-manager  | ║ T3 (start_result)     = 767691063.468 ms                        ║
execution-manager  | ║ T4 (end_result)       = 767691064.098 ms                        ║
execution-manager  | ╠═══════════════════════════════════════════════════════════════╣
execution-manager  | ║ METRICS:                                                      ║
execution-manager  | ║   Request Latency    =        1.381 ms  (T2 - T1)            ║
execution-manager  | ║   Task Execution     =     2289.382 ms  (T3 - T2)            ║
execution-manager  | ║   Response Latency   =        0.630 ms  (T4 - T3)            ║
execution-manager  | ║   Total End-to-End   =     2291.393 ms  (T4 - T1)            ║
execution-manager  | ║   Network Overhead   =        2.011 ms  (Req + Resp)         ║
execution-manager  | ╚═══════════════════════════════════════════════════════════════╝
execution-manager  | 
execution-manager  | [EPOLL] T=24583 ms: epoll_wait returned 1 event(s)
execution-manager  | [EPOLL] event[0]: type=2 task=NULL
execution-manager  | [SCHEDULER] ✅ T=24583 ms: Task 3 'sum3' completed with status 2
execution-manager  | [SCHEDULER] 🔕 Timeout disarmed for task 3
execution-manager  | [SCHEDULER] 1 tasks remaining
execution-manager  | [gRPC Client Async] Stream completed, received 1 responses
execution-manager  | [GRPC THREAD 3] Completed
execution-manager  | [gRPC Client Async] Response #1 - Status: COMPLETED
execution-manager  | 🎉 [T=26873 ms] Task 4 'sum4' COMPLETED
execution-manager  | [EXECUTION MANAGER] ⏱️ T2=767691063.567 ms | Thread started (server measured)
execution-manager  | [EXECUTION MANAGER] ⏱️ T3=767693353.788 ms | Task completed (server measured)
execution-manager  | [EXECUTION MANAGER] ⏱️ T4=767693354.540 ms | Result received by client
execution-manager  |    [TASK EXECUTION] 2290.220 ms (T3-T2, measured in thread)
execution-manager  |    [RESULT] {"result": 0}
execution-manager  | 
execution-manager  | ╔═══════════════════════════════════════════════════════════════╗
execution-manager  | ║           END-TO-END TIMING MEASUREMENT RECAP                 ║
execution-manager  | ║                   Task 4: sum4                                 
execution-manager  | ╠═══════════════════════════════════════════════════════════════╣
execution-manager  | ║ T1 (start_request)    = 767688772.416 ms                        ║
execution-manager  | ║ T2 (end_request)      = 767691063.567 ms                        ║
execution-manager  | ║ T3 (start_result)     = 767693353.788 ms                        ║
execution-manager  | ║ T4 (end_result)       = 767693354.540 ms                        ║
execution-manager  | ╠═══════════════════════════════════════════════════════════════╣
execution-manager  | ║ METRICS:                                                      ║
execution-manager  | ║   Request Latency    =     2291.151 ms  (T2 - T1)            ║
execution-manager  | ║   Task Execution     =     2290.220 ms  (T3 - T2)            ║
execution-manager  | ║   Response Latency   =        0.752 ms  (T4 - T3)            ║
execution-manager  | ║   Total End-to-End   =     4582.123 ms  (T4 - T1)            ║
execution-manager  | ║   Network Overhead   =     2291.903 ms  (Req + Resp)         ║
execution-manager  | ╚═══════════════════════════════════════════════════════════════╝
execution-manager  | 
execution-manager  | [EPOLL] T=26873 ms: epoll_wait returned 1 event(s)
execution-manager  | [EPOLL] event[0]: type=2 task=NULL
execution-manager  | [SCHEDULER] ✅ T=26873 ms: Task 4 'sum4' completed with status 2
execution-manager  | [SCHEDULER] 🔕 Timeout disarmed for task 4
execution-manager  | [SCHEDULER] 0 tasks remaining
execution-manager  | 
execution-manager  | [SCHEDULER] 🏁 Iteration 5/10 complete!
execution-manager  | [SCHEDULER] Iteration execution time: 26873 ms
execution-manager  | 
execution-manager  | 
execution-manager  | [SCHEDULER] 🔁 ===== ITERATION 6 / 10 =====
execution-manager  | 
execution-manager  | [SCHEDULER] 🚀 Schedule started at T=0
execution-manager  | 
execution-manager  | [SCHEDULER] 🔄 Entering event loop (NO SLEEP - event-driven!)
execution-manager  | 
execution-manager  | [gRPC Client Async] Stream completed, received 1 responses
execution-manager  | [GRPC THREAD 4] Completed
execution-manager  | [EPOLL] T=10000 ms: epoll_wait returned 1 event(s)
execution-manager  | [EPOLL] event[0]: type=0 task=sum1
execution-manager  | [SCHEDULER] ⏰ T=10000 ms | T_wall=767703354.824 ms: Launching task 1 'sum1' (deadline: 30000 ms)
execution-manager  | [SCHEDULER] 🕐 Timeout armed for task 1 at T=30000 ms (in 20000 ms)
execution-manager  | [GRPC THREAD 1] Starting...
execution-manager  | [EXECUTION MANAGER] ⏱️ T1=767703354.996 ms | Sending gRPC request for task 1 'sum1'
execution-manager  | [gRPC Channel Pool] Reusing existing channel for localhost:50051 (state=2)
execution-manager  | [gRPC Client Async] Calling task 'sum1' at localhost:50051
execution-manager  | [gRPC Client Async] Inputs: {"total_ops": 200, "io_percentage": 50}
execution-manager  | [gRPC Client Async] Response #1 - Status: COMPLETED
execution-manager  | 🎉 [T=12291 ms] Task 1 'sum1' COMPLETED
execution-manager  | [EXECUTION MANAGER] ⏱️ T2=767703355.854 ms | Thread started (server measured)
execution-manager  | [EXECUTION MANAGER] ⏱️ T3=767705644.929 ms | Task completed (server measured)
execution-manager  | [EXECUTION MANAGER] ⏱️ T4=767705645.567 ms | Result received by client
execution-manager  |    [TASK EXECUTION] 2289.075 ms (T3-T2, measured in thread)
execution-manager  |    [RESULT] {"result": 0}
execution-manager  | 
execution-manager  | ╔═══════════════════════════════════════════════════════════════╗
execution-manager  | ║           END-TO-END TIMING MEASUREMENT RECAP                 ║
execution-manager  | ║                   Task 1: sum1                                 
execution-manager  | ╠═══════════════════════════════════════════════════════════════╣
execution-manager  | ║ T1 (start_request)    = 767703354.996 ms                        ║
execution-manager  | ║ T2 (end_request)      = 767703355.854 ms                        ║
execution-manager  | ║ T3 (start_result)     = 767705644.929 ms                        ║
execution-manager  | ║ T4 (end_result)       = 767705645.567 ms                        ║
execution-manager  | ╠═══════════════════════════════════════════════════════════════╣
execution-manager  | ║ METRICS:                                                      ║
execution-manager  | ║   Request Latency    =        0.858 ms  (T2 - T1)            ║
execution-manager  | ║   Task Execution     =     2289.075 ms  (T3 - T2)            ║
execution-manager  | ║   Response Latency   =        0.638 ms  (T4 - T3)            ║
execution-manager  | ║   Total End-to-End   =     2290.571 ms  (T4 - T1)            ║
execution-manager  | ║   Network Overhead   =        1.496 ms  (Req + Resp)         ║
execution-manager  | ╚═══════════════════════════════════════════════════════════════╝
execution-manager  | 
execution-manager  | [EPOLL] T=12291 ms: epoll_wait returned 1 event(s)
execution-manager  | [EPOLL] event[0]: type=2 task=NULL
execution-manager  | [SCHEDULER] ✅ T=12291 ms: Task 1 'sum1' completed with status 2
execution-manager  | [SCHEDULER] 🔕 Timeout disarmed for task 1
execution-manager  | [SCHEDULER] 3 tasks remaining
execution-manager  | [gRPC Client Async] Stream completed, received 1 responses
execution-manager  | [GRPC THREAD 1] Completed
execution-manager  | [EPOLL] T=20000 ms: epoll_wait returned 1 event(s)
execution-manager  | [EPOLL] event[0]: type=0 task=sum2
execution-manager  | [SCHEDULER] ⏰ T=20000 ms | T_wall=767713354.853 ms: Launching task 2 'sum2' (deadline: 55000 ms)
execution-manager  | [SCHEDULER] 🕐 Timeout armed for task 2 at T=55000 ms (in 35000 ms)
execution-manager  | [GRPC THREAD 2] Starting...
execution-manager  | [EXECUTION MANAGER] ⏱️ T1=767713355.034 ms | Sending gRPC request for task 2 'sum2'
execution-manager  | [gRPC Channel Pool] Reusing existing channel for localhost:50052 (state=2)
execution-manager  | [gRPC Client Async] Calling task 'sum2' at localhost:50052
execution-manager  | [gRPC Client Async] Inputs: {"total_ops": 200, "io_percentage": 50}
execution-manager  | [EPOLL] T=22291 ms: epoll_wait returned 1 event(s)
execution-manager  | [EPOLL] event[0]: type=0 task=sum3
execution-manager  | [SCHEDULER] ⏰ T=22291 ms | T_wall=767715645.527 ms: Launching task 3 'sum3' (deadline: 56000 ms)
execution-manager  | [SCHEDULER] 🕐 Timeout armed for task 3 at T=56000 ms (in 33709 ms)
execution-manager  | [EPOLL] T=22291 ms: epoll_wait returned 1 event(s)
execution-manager  | [EPOLL] event[0]: type=0 task=sum4
execution-manager  | [SCHEDULER] ⏰ T=22291 ms | T_wall=767715645.734 ms: Launching task 4 'sum4' (deadline: 56000 ms)
execution-manager  | [SCHEDULER] 🕐 Timeout armed for task 4 at T=56000 ms (in 33709 ms)
execution-manager  | [GRPC THREAD 4] Starting...
execution-manager  | [EXECUTION MANAGER] ⏱️ T1=767715645.859 ms | Sending gRPC request for task 4 'sum4'
execution-manager  | [gRPC Channel Pool] Reusing existing channel for localhost:50054 (state=2)
execution-manager  | [gRPC Client Async] Calling task 'sum4' at localhost:50054
execution-manager  | [gRPC Client Async] Inputs: {"total_ops": 200, "io_percentage": 50}
execution-manager  | [GRPC THREAD 3] Starting...
execution-manager  | [EXECUTION MANAGER] ⏱️ T1=767715646.208 ms | Sending gRPC request for task 3 'sum3'
execution-manager  | [gRPC Channel Pool] Reusing existing channel for localhost:50053 (state=2)
execution-manager  | [gRPC Client Async] Calling task 'sum3' at localhost:50053
execution-manager  | [gRPC Client Async] Inputs: {"total_ops": 200, "io_percentage": 50}
execution-manager  | [gRPC Client Async] Response #1 - Status: COMPLETED
execution-manager  | 🎉 [T=22293 ms] Task 2 'sum2' COMPLETED
execution-manager  | [EXECUTION MANAGER] ⏱️ T2=767713355.857 ms | Thread started (server measured)
execution-manager  | [EXECUTION MANAGER] ⏱️ T3=767715645.029 ms | Task completed (server measured)
execution-manager  | [EXECUTION MANAGER] ⏱️ T4=767715647.178 ms | Result received by client
execution-manager  |    [TASK EXECUTION] 2289.171 ms (T3-T2, measured in thread)
execution-manager  |    [RESULT] {"result": 0}
execution-manager  | 
execution-manager  | ╔═══════════════════════════════════════════════════════════════╗
execution-manager  | ║           END-TO-END TIMING MEASUREMENT RECAP                 ║
execution-manager  | ║                   Task 2: sum2                                 
execution-manager  | ╠═══════════════════════════════════════════════════════════════╣
execution-manager  | ║ T1 (start_request)    = 767713355.034 ms                        ║
execution-manager  | ║ T2 (end_request)      = 767713355.857 ms                        ║
execution-manager  | ║ T3 (start_result)     = 767715645.029 ms                        ║
execution-manager  | ║ T4 (end_result)       = 767715647.178 ms                        ║
execution-manager  | ╠═══════════════════════════════════════════════════════════════╣
execution-manager  | ║ METRICS:                                                      ║
execution-manager  | ║   Request Latency    =        0.823 ms  (T2 - T1)            ║
execution-manager  | ║   Task Execution     =     2289.171 ms  (T3 - T2)            ║
execution-manager  | ║   Response Latency   =        2.150 ms  (T4 - T3)            ║
execution-manager  | ║   Total End-to-End   =     2292.144 ms  (T4 - T1)            ║
execution-manager  | ║   Network Overhead   =        2.973 ms  (Req + Resp)         ║
execution-manager  | ╚═══════════════════════════════════════════════════════════════╝
execution-manager  | 
execution-manager  | [EPOLL] T=22293 ms: epoll_wait returned 1 event(s)
execution-manager  | [EPOLL] event[0]: type=2 task=NULL
execution-manager  | [SCHEDULER] ✅ T=22293 ms: Task 2 'sum2' completed with status 2
execution-manager  | [SCHEDULER] 🔕 Timeout disarmed for task 2
execution-manager  | [SCHEDULER] 2 tasks remaining
execution-manager  | [gRPC Client Async] Stream completed, received 1 responses
execution-manager  | [GRPC THREAD 2] Completed
execution-manager  | [gRPC Client Async] Response #1 - Status: COMPLETED
execution-manager  | 🎉 [T=24583 ms] Task 3 'sum3' COMPLETED
execution-manager  | [EXECUTION MANAGER] ⏱️ T2=767715647.687 ms | Thread started (server measured)
execution-manager  | [EXECUTION MANAGER] ⏱️ T3=767717937.272 ms | Task completed (server measured)
execution-manager  | [EXECUTION MANAGER] ⏱️ T4=767717937.870 ms | Result received by client
execution-manager  |    [TASK EXECUTION] 2289.585 ms (T3-T2, measured in thread)
execution-manager  |    [RESULT] {"result": 0}
execution-manager  | 
execution-manager  | ╔═══════════════════════════════════════════════════════════════╗
execution-manager  | ║           END-TO-END TIMING MEASUREMENT RECAP                 ║
execution-manager  | ║                   Task 3: sum3                                 
execution-manager  | ╠═══════════════════════════════════════════════════════════════╣
execution-manager  | ║ T1 (start_request)    = 767715646.208 ms                        ║
execution-manager  | ║ T2 (end_request)      = 767715647.687 ms                        ║
execution-manager  | ║ T3 (start_result)     = 767717937.272 ms                        ║
execution-manager  | ║ T4 (end_result)       = 767717937.870 ms                        ║
execution-manager  | ╠═══════════════════════════════════════════════════════════════╣
execution-manager  | ║ METRICS:                                                      ║
execution-manager  | ║   Request Latency    =        1.479 ms  (T2 - T1)            ║
execution-manager  | ║   Task Execution     =     2289.585 ms  (T3 - T2)            ║
execution-manager  | ║   Response Latency   =        0.598 ms  (T4 - T3)            ║
execution-manager  | ║   Total End-to-End   =     2291.662 ms  (T4 - T1)            ║
execution-manager  | ║   Network Overhead   =        2.077 ms  (Req + Resp)         ║
execution-manager  | ╚═══════════════════════════════════════════════════════════════╝
execution-manager  | 
execution-manager  | [EPOLL] T=24583 ms: epoll_wait returned 1 event(s)
execution-manager  | [EPOLL] event[0]: type=2 task=NULL
execution-manager  | [SCHEDULER] ✅ T=24583 ms: Task 3 'sum3' completed with status 2
execution-manager  | [SCHEDULER] 🔕 Timeout disarmed for task 3
execution-manager  | [SCHEDULER] 1 tasks remaining
execution-manager  | [gRPC Client Async] Stream completed, received 1 responses
execution-manager  | [GRPC THREAD 3] Completed
execution-manager  | [gRPC Client Async] Response #1 - Status: COMPLETED
execution-manager  | 🎉 [T=26874 ms] Task 4 'sum4' COMPLETED
execution-manager  | [EXECUTION MANAGER] ⏱️ T2=767717937.366 ms | Thread started (server measured)
execution-manager  | [EXECUTION MANAGER] ⏱️ T3=767720227.765 ms | Task completed (server measured)
execution-manager  | [EXECUTION MANAGER] ⏱️ T4=767720228.617 ms | Result received by client
execution-manager  |    [TASK EXECUTION] 2290.398 ms (T3-T2, measured in thread)
execution-manager  |    [RESULT] {"result": 0}
execution-manager  | 
execution-manager  | ╔═══════════════════════════════════════════════════════════════╗
execution-manager  | ║           END-TO-END TIMING MEASUREMENT RECAP                 ║
execution-manager  | ║                   Task 4: sum4                                 
execution-manager  | ╠═══════════════════════════════════════════════════════════════╣
execution-manager  | ║ T1 (start_request)    = 767715645.859 ms                        ║
execution-manager  | ║ T2 (end_request)      = 767717937.366 ms                        ║
execution-manager  | ║ T3 (start_result)     = 767720227.765 ms                        ║
execution-manager  | ║ T4 (end_result)       = 767720228.617 ms                        ║
execution-manager  | ╠═══════════════════════════════════════════════════════════════╣
execution-manager  | ║ METRICS:                                                      ║
execution-manager  | ║   Request Latency    =     2291.508 ms  (T2 - T1)            ║
execution-manager  | ║   Task Execution     =     2290.398 ms  (T3 - T2)            ║
execution-manager  | ║   Response Latency   =        0.852 ms  (T4 - T3)            ║
execution-manager  | ║   Total End-to-End   =     4582.758 ms  (T4 - T1)            ║
execution-manager  | ║   Network Overhead   =     2292.360 ms  (Req + Resp)         ║
execution-manager  | ╚═══════════════════════════════════════════════════════════════╝
execution-manager  | 
execution-manager  | [EPOLL] T=26874 ms: epoll_wait returned 1 event(s)
execution-manager  | [EPOLL] event[0]: type=2 task=NULL
execution-manager  | [SCHEDULER] ✅ T=26874 ms: Task 4 'sum4' completed with status 2
execution-manager  | [SCHEDULER] 🔕 Timeout disarmed for task 4
execution-manager  | [SCHEDULER] 0 tasks remaining
execution-manager  | 
execution-manager  | [SCHEDULER] 🏁 Iteration 6/10 complete!
execution-manager  | [SCHEDULER] Iteration execution time: 26874 ms
execution-manager  | 
execution-manager  | 
execution-manager  | [SCHEDULER] 🔁 ===== ITERATION 7 / 10 =====
execution-manager  | 
execution-manager  | [SCHEDULER] 🚀 Schedule started at T=0
execution-manager  | 
execution-manager  | [SCHEDULER] 🔄 Entering event loop (NO SLEEP - event-driven!)
execution-manager  | 
execution-manager  | [gRPC Client Async] Stream completed, received 1 responses
execution-manager  | [GRPC THREAD 4] Completed
execution-manager  | [EPOLL] T=10000 ms: epoll_wait returned 1 event(s)
execution-manager  | [EPOLL] event[0]: type=0 task=sum1
execution-manager  | [SCHEDULER] ⏰ T=10000 ms | T_wall=767730228.889 ms: Launching task 1 'sum1' (deadline: 30000 ms)
execution-manager  | [SCHEDULER] 🕐 Timeout armed for task 1 at T=30000 ms (in 20000 ms)
execution-manager  | [GRPC THREAD 1] Starting...
execution-manager  | [EXECUTION MANAGER] ⏱️ T1=767730229.065 ms | Sending gRPC request for task 1 'sum1'
execution-manager  | [gRPC Channel Pool] Reusing existing channel for localhost:50051 (state=2)
execution-manager  | [gRPC Client Async] Calling task 'sum1' at localhost:50051
execution-manager  | [gRPC Client Async] Inputs: {"total_ops": 200, "io_percentage": 50}
execution-manager  | [gRPC Client Async] Response #1 - Status: COMPLETED
execution-manager  | 🎉 [T=12291 ms] Task 1 'sum1' COMPLETED
execution-manager  | [EXECUTION MANAGER] ⏱️ T2=767730229.946 ms | Thread started (server measured)
execution-manager  | [EXECUTION MANAGER] ⏱️ T3=767732518.601 ms | Task completed (server measured)
execution-manager  | [EXECUTION MANAGER] ⏱️ T4=767732519.292 ms | Result received by client
execution-manager  |    [TASK EXECUTION] 2288.655 ms (T3-T2, measured in thread)
execution-manager  |    [RESULT] {"result": 0}
execution-manager  | 
execution-manager  | ╔═══════════════════════════════════════════════════════════════╗
execution-manager  | ║           END-TO-END TIMING MEASUREMENT RECAP                 ║
execution-manager  | ║                   Task 1: sum1                                 
execution-manager  | ╠═══════════════════════════════════════════════════════════════╣
execution-manager  | ║ T1 (start_request)    = 767730229.065 ms                        ║
execution-manager  | ║ T2 (end_request)      = 767730229.946 ms                        ║
execution-manager  | ║ T3 (start_result)     = 767732518.601 ms                        ║
execution-manager  | ║ T4 (end_result)       = 767732519.292 ms                        ║
execution-manager  | ╠═══════════════════════════════════════════════════════════════╣
execution-manager  | ║ METRICS:                                                      ║
execution-manager  | ║   Request Latency    =        0.882 ms  (T2 - T1)            ║
execution-manager  | ║   Task Execution     =     2288.655 ms  (T3 - T2)            ║
execution-manager  | ║   Response Latency   =        0.691 ms  (T4 - T3)            ║
execution-manager  | ║   Total End-to-End   =     2290.228 ms  (T4 - T1)            ║
execution-manager  | ║   Network Overhead   =        1.573 ms  (Req + Resp)         ║
execution-manager  | ╚═══════════════════════════════════════════════════════════════╝
execution-manager  | 
execution-manager  | [EPOLL] T=12291 ms: epoll_wait returned 1 event(s)
execution-manager  | [EPOLL] event[0]: type=2 task=NULL
execution-manager  | [SCHEDULER] ✅ T=12291 ms: Task 1 'sum1' completed with status 2
execution-manager  | [SCHEDULER] 🔕 Timeout disarmed for task 1
execution-manager  | [SCHEDULER] 3 tasks remaining
execution-manager  | [gRPC Client Async] Stream completed, received 1 responses
execution-manager  | [GRPC THREAD 1] Completed
execution-manager  | [EPOLL] T=20000 ms: epoll_wait returned 1 event(s)
execution-manager  | [EPOLL] event[0]: type=0 task=sum2
execution-manager  | [SCHEDULER] ⏰ T=20000 ms | T_wall=767740228.915 ms: Launching task 2 'sum2' (deadline: 55000 ms)
execution-manager  | [SCHEDULER] 🕐 Timeout armed for task 2 at T=55000 ms (in 34999 ms)
execution-manager  | [GRPC THREAD 2] Starting...
execution-manager  | [EXECUTION MANAGER] ⏱️ T1=767740229.091 ms | Sending gRPC request for task 2 'sum2'
execution-manager  | [gRPC Channel Pool] Reusing existing channel for localhost:50052 (state=2)
execution-manager  | [gRPC Client Async] Calling task 'sum2' at localhost:50052
execution-manager  | [gRPC Client Async] Inputs: {"total_ops": 200, "io_percentage": 50}
execution-manager  | [EPOLL] T=22291 ms: epoll_wait returned 1 event(s)
execution-manager  | [EPOLL] event[0]: type=0 task=sum3
execution-manager  | [SCHEDULER] ⏰ T=22291 ms | T_wall=767742519.040 ms: Launching task 3 'sum3' (deadline: 56000 ms)
execution-manager  | [SCHEDULER] 🕐 Timeout armed for task 3 at T=56000 ms (in 33709 ms)
execution-manager  | [EPOLL] T=22291 ms: epoll_wait returned 1 event(s)
execution-manager  | [EPOLL] event[0]: type=0 task=sum4
execution-manager  | [SCHEDULER] ⏰ T=22291 ms | T_wall=767742519.258 ms: Launching task 4 'sum4' (deadline: 56000 ms)
execution-manager  | [SCHEDULER] 🕐 Timeout armed for task 4 at T=56000 ms (in 33709 ms)
execution-manager  | [GRPC THREAD 4] Starting...
execution-manager  | [EXECUTION MANAGER] ⏱️ T1=767742519.413 ms | Sending gRPC request for task 4 'sum4'
execution-manager  | [gRPC Channel Pool] Reusing existing channel for localhost:50054 (state=2)
execution-manager  | [gRPC Client Async] Calling task 'sum4' at localhost:50054
execution-manager  | [gRPC Client Async] Inputs: {"total_ops": 200, "io_percentage": 50}
execution-manager  | [GRPC THREAD 3] Starting...
execution-manager  | [EXECUTION MANAGER] ⏱️ T1=767742519.736 ms | Sending gRPC request for task 3 'sum3'
execution-manager  | [gRPC Channel Pool] Reusing existing channel for localhost:50053 (state=2)
execution-manager  | [gRPC Client Async] Calling task 'sum3' at localhost:50053
execution-manager  | [gRPC Client Async] Inputs: {"total_ops": 200, "io_percentage": 50}
execution-manager  | [gRPC Client Async] Response #1 - Status: COMPLETED
execution-manager  | 🎉 [T=22292 ms] Task 2 'sum2' COMPLETED
execution-manager  | [EXECUTION MANAGER] ⏱️ T2=767740229.946 ms | Thread started (server measured)
execution-manager  | [EXECUTION MANAGER] ⏱️ T3=767742518.576 ms | Task completed (server measured)
execution-manager  | [EXECUTION MANAGER] ⏱️ T4=767742520.856 ms | Result received by client
execution-manager  |    [TASK EXECUTION] 2288.630 ms (T3-T2, measured in thread)
execution-manager  |    [RESULT] {"result": 0}
execution-manager  | 
execution-manager  | ╔═══════════════════════════════════════════════════════════════╗
execution-manager  | ║           END-TO-END TIMING MEASUREMENT RECAP                 ║
execution-manager  | ║                   Task 2: sum2                                 
execution-manager  | ╠═══════════════════════════════════════════════════════════════╣
execution-manager  | ║ T1 (start_request)    = 767740229.091 ms                        ║
execution-manager  | ║ T2 (end_request)      = 767740229.946 ms                        ║
execution-manager  | ║ T3 (start_result)     = 767742518.576 ms                        ║
execution-manager  | ║ T4 (end_result)       = 767742520.856 ms                        ║
execution-manager  | ╠═══════════════════════════════════════════════════════════════╣
execution-manager  | ║ METRICS:                                                      ║
execution-manager  | ║   Request Latency    =        0.855 ms  (T2 - T1)            ║
execution-manager  | ║   Task Execution     =     2288.630 ms  (T3 - T2)            ║
execution-manager  | ║   Response Latency   =        2.280 ms  (T4 - T3)            ║
execution-manager  | ║   Total End-to-End   =     2291.766 ms  (T4 - T1)            ║
execution-manager  | ║   Network Overhead   =        3.135 ms  (Req + Resp)         ║
execution-manager  | ╚═══════════════════════════════════════════════════════════════╝
execution-manager  | 
execution-manager  | [EPOLL] T=22292 ms: epoll_wait returned 1 event(s)
execution-manager  | [EPOLL] event[0]: type=2 task=NULL
execution-manager  | [SCHEDULER] ✅ T=22292 ms: Task 2 'sum2' completed with status 2
execution-manager  | [SCHEDULER] 🔕 Timeout disarmed for task 2
execution-manager  | [SCHEDULER] 2 tasks remaining
execution-manager  | [gRPC Client Async] Stream completed, received 1 responses
execution-manager  | [GRPC THREAD 2] Completed
execution-manager  | [gRPC Client Async] Response #1 - Status: COMPLETED
execution-manager  | 🎉 [T=24583 ms] Task 3 'sum3' COMPLETED
execution-manager  | [EXECUTION MANAGER] ⏱️ T2=767742521.495 ms | Thread started (server measured)
execution-manager  | [EXECUTION MANAGER] ⏱️ T3=767744810.975 ms | Task completed (server measured)
execution-manager  | [EXECUTION MANAGER] ⏱️ T4=767744811.612 ms | Result received by client
execution-manager  |    [TASK EXECUTION] 2289.480 ms (T3-T2, measured in thread)
execution-manager  |    [RESULT] {"result": 0}
execution-manager  | 
execution-manager  | ╔═══════════════════════════════════════════════════════════════╗
execution-manager  | ║           END-TO-END TIMING MEASUREMENT RECAP                 ║
execution-manager  | ║                   Task 3: sum3                                 
execution-manager  | ╠═══════════════════════════════════════════════════════════════╣
execution-manager  | ║ T1 (start_request)    = 767742519.736 ms                        ║
execution-manager  | ║ T2 (end_request)      = 767742521.495 ms                        ║
execution-manager  | ║ T3 (start_result)     = 767744810.975 ms                        ║
execution-manager  | ║ T4 (end_result)       = 767744811.612 ms                        ║
execution-manager  | ╠═══════════════════════════════════════════════════════════════╣
execution-manager  | ║ METRICS:                                                      ║
execution-manager  | ║   Request Latency    =        1.759 ms  (T2 - T1)            ║
execution-manager  | ║   Task Execution     =     2289.480 ms  (T3 - T2)            ║
execution-manager  | ║   Response Latency   =        0.637 ms  (T4 - T3)            ║
execution-manager  | ║   Total End-to-End   =     2291.876 ms  (T4 - T1)            ║
execution-manager  | ║   Network Overhead   =        2.395 ms  (Req + Resp)         ║
execution-manager  | ╚═══════════════════════════════════════════════════════════════╝
execution-manager  | 
execution-manager  | [EPOLL] T=24583 ms: epoll_wait returned 1 event(s)
execution-manager  | [EPOLL] event[0]: type=2 task=NULL
execution-manager  | [SCHEDULER] ✅ T=24583 ms: Task 3 'sum3' completed with status 2
execution-manager  | [SCHEDULER] 🔕 Timeout disarmed for task 3
execution-manager  | [SCHEDULER] 1 tasks remaining
execution-manager  | [gRPC Client Async] Stream completed, received 1 responses
execution-manager  | [GRPC THREAD 3] Completed
execution-manager  | [gRPC Client Async] Response #1 - Status: COMPLETED
execution-manager  | 🎉 [T=26873 ms] Task 4 'sum4' COMPLETED
execution-manager  | [EXECUTION MANAGER] ⏱️ T2=767744811.073 ms | Thread started (server measured)
execution-manager  | [EXECUTION MANAGER] ⏱️ T3=767747101.214 ms | Task completed (server measured)
execution-manager  | [EXECUTION MANAGER] ⏱️ T4=767747101.914 ms | Result received by client
execution-manager  |    [TASK EXECUTION] 2290.141 ms (T3-T2, measured in thread)
execution-manager  |    [RESULT] {"result": 0}
execution-manager  | 
execution-manager  | ╔═══════════════════════════════════════════════════════════════╗
execution-manager  | ║           END-TO-END TIMING MEASUREMENT RECAP                 ║
execution-manager  | ║                   Task 4: sum4                                 
execution-manager  | ╠═══════════════════════════════════════════════════════════════╣
execution-manager  | ║ T1 (start_request)    = 767742519.413 ms                        ║
execution-manager  | ║ T2 (end_request)      = 767744811.073 ms                        ║
execution-manager  | ║ T3 (start_result)     = 767747101.214 ms                        ║
execution-manager  | ║ T4 (end_result)       = 767747101.914 ms                        ║
execution-manager  | ╠═══════════════════════════════════════════════════════════════╣
execution-manager  | ║ METRICS:                                                      ║
execution-manager  | ║   Request Latency    =     2291.661 ms  (T2 - T1)            ║
execution-manager  | ║   Task Execution     =     2290.141 ms  (T3 - T2)            ║
execution-manager  | ║   Response Latency   =        0.700 ms  (T4 - T3)            ║
execution-manager  | ║   Total End-to-End   =     4582.502 ms  (T4 - T1)            ║
execution-manager  | ║   Network Overhead   =     2292.361 ms  (Req + Resp)         ║
execution-manager  | ╚═══════════════════════════════════════════════════════════════╝
execution-manager  | 
execution-manager  | [EPOLL] T=26873 ms: epoll_wait returned 1 event(s)
execution-manager  | [EPOLL] event[0]: type=2 task=NULL
execution-manager  | [SCHEDULER] ✅ T=26874 ms: Task 4 'sum4' completed with status 2
execution-manager  | [SCHEDULER] 🔕 Timeout disarmed for task 4
execution-manager  | [SCHEDULER] 0 tasks remaining
execution-manager  | 
execution-manager  | [SCHEDULER] 🏁 Iteration 7/10 complete!
execution-manager  | [SCHEDULER] Iteration execution time: 26874 ms
execution-manager  | 
execution-manager  | 
execution-manager  | [SCHEDULER] 🔁 ===== ITERATION 8 / 10 =====
execution-manager  | 
execution-manager  | [SCHEDULER] 🚀 Schedule started at T=0
execution-manager  | 
execution-manager  | [SCHEDULER] 🔄 Entering event loop (NO SLEEP - event-driven!)
execution-manager  | 
execution-manager  | [gRPC Client Async] Stream completed, received 1 responses
execution-manager  | [GRPC THREAD 4] Completed
execution-manager  | [EPOLL] T=10000 ms: epoll_wait returned 1 event(s)
execution-manager  | [EPOLL] event[0]: type=0 task=sum1
execution-manager  | [SCHEDULER] ⏰ T=10000 ms | T_wall=767757102.225 ms: Launching task 1 'sum1' (deadline: 30000 ms)
execution-manager  | [SCHEDULER] 🕐 Timeout armed for task 1 at T=30000 ms (in 20000 ms)
execution-manager  | [GRPC THREAD 1] Starting...
execution-manager  | [EXECUTION MANAGER] ⏱️ T1=767757102.422 ms | Sending gRPC request for task 1 'sum1'
execution-manager  | [gRPC Channel Pool] Reusing existing channel for localhost:50051 (state=2)
execution-manager  | [gRPC Client Async] Calling task 'sum1' at localhost:50051
execution-manager  | [gRPC Client Async] Inputs: {"total_ops": 200, "io_percentage": 50}
execution-manager  | [gRPC Client Async] Response #1 - Status: COMPLETED
execution-manager  | 🎉 [T=12291 ms] Task 1 'sum1' COMPLETED
execution-manager  | [EXECUTION MANAGER] ⏱️ T2=767757103.309 ms | Thread started (server measured)
execution-manager  | [EXECUTION MANAGER] ⏱️ T3=767759392.512 ms | Task completed (server measured)
execution-manager  | [EXECUTION MANAGER] ⏱️ T4=767759393.174 ms | Result received by client
execution-manager  |    [TASK EXECUTION] 2289.203 ms (T3-T2, measured in thread)
execution-manager  |    [RESULT] {"result": 0}
execution-manager  | 
execution-manager  | ╔═══════════════════════════════════════════════════════════════╗
execution-manager  | ║           END-TO-END TIMING MEASUREMENT RECAP                 ║
execution-manager  | ║                   Task 1: sum1                                 
execution-manager  | ╠═══════════════════════════════════════════════════════════════╣
execution-manager  | ║ T1 (start_request)    = 767757102.422 ms                        ║
execution-manager  | ║ T2 (end_request)      = 767757103.309 ms                        ║
execution-manager  | ║ T3 (start_result)     = 767759392.512 ms                        ║
execution-manager  | ║ T4 (end_result)       = 767759393.174 ms                        ║
execution-manager  | ╠═══════════════════════════════════════════════════════════════╣
execution-manager  | ║ METRICS:                                                      ║
execution-manager  | ║   Request Latency    =        0.887 ms  (T2 - T1)            ║
execution-manager  | ║   Task Execution     =     2289.203 ms  (T3 - T2)            ║
execution-manager  | ║   Response Latency   =        0.661 ms  (T4 - T3)            ║
execution-manager  | ║   Total End-to-End   =     2290.751 ms  (T4 - T1)            ║
execution-manager  | ║   Network Overhead   =        1.548 ms  (Req + Resp)         ║
execution-manager  | ╚═══════════════════════════════════════════════════════════════╝
execution-manager  | 
execution-manager  | [EPOLL] T=12291 ms: epoll_wait returned 1 event(s)
execution-manager  | [EPOLL] event[0]: type=2 task=NULL
execution-manager  | [SCHEDULER] ✅ T=12291 ms: Task 1 'sum1' completed with status 2
execution-manager  | [SCHEDULER] 🔕 Timeout disarmed for task 1
execution-manager  | [SCHEDULER] 3 tasks remaining
execution-manager  | [gRPC Client Async] Stream completed, received 1 responses
execution-manager  | [GRPC THREAD 1] Completed
execution-manager  | [EPOLL] T=20000 ms: epoll_wait returned 1 event(s)
execution-manager  | [EPOLL] event[0]: type=0 task=sum2
execution-manager  | [SCHEDULER] ⏰ T=20000 ms | T_wall=767767102.248 ms: Launching task 2 'sum2' (deadline: 55000 ms)
execution-manager  | [SCHEDULER] 🕐 Timeout armed for task 2 at T=55000 ms (in 35000 ms)
execution-manager  | [GRPC THREAD 2] Starting...
execution-manager  | [EXECUTION MANAGER] ⏱️ T1=767767102.466 ms | Sending gRPC request for task 2 'sum2'
execution-manager  | [gRPC Channel Pool] Reusing existing channel for localhost:50052 (state=2)
execution-manager  | [gRPC Client Async] Calling task 'sum2' at localhost:50052
execution-manager  | [gRPC Client Async] Inputs: {"total_ops": 200, "io_percentage": 50}
execution-manager  | [EPOLL] T=22290 ms: epoll_wait returned 1 event(s)
execution-manager  | [EPOLL] event[0]: type=0 task=sum3
execution-manager  | [SCHEDULER] ⏰ T=22290 ms | T_wall=767769392.657 ms: Launching task 3 'sum3' (deadline: 56000 ms)
execution-manager  | [SCHEDULER] 🕐 Timeout armed for task 3 at T=56000 ms (in 33710 ms)
execution-manager  | [EPOLL] T=22290 ms: epoll_wait returned 1 event(s)
execution-manager  | [EPOLL] event[0]: type=0 task=sum4
execution-manager  | [SCHEDULER] ⏰ T=22290 ms | T_wall=767769392.866 ms: Launching task 4 'sum4' (deadline: 56000 ms)
execution-manager  | [SCHEDULER] 🕐 Timeout armed for task 4 at T=56000 ms (in 33710 ms)
execution-manager  | [GRPC THREAD 4] Starting...
execution-manager  | [EXECUTION MANAGER] ⏱️ T1=767769392.970 ms | Sending gRPC request for task 4 'sum4'
execution-manager  | [gRPC Channel Pool] Reusing existing channel for localhost:50054 (state=2)
execution-manager  | [gRPC Client Async] Calling task 'sum4' at localhost:50054
execution-manager  | [gRPC Client Async] Inputs: {"total_ops": 200, "io_percentage": 50}
execution-manager  | [GRPC THREAD 3] Starting...
execution-manager  | [EXECUTION MANAGER] ⏱️ T1=767769393.513 ms | Sending gRPC request for task 3 'sum3'
execution-manager  | [gRPC Channel Pool] Reusing existing channel for localhost:50053 (state=2)
execution-manager  | [gRPC Client Async] Calling task 'sum3' at localhost:50053
execution-manager  | [gRPC Client Async] Inputs: {"total_ops": 200, "io_percentage": 50}
execution-manager  | [gRPC Client Async] Response #1 - Status: COMPLETED
execution-manager  | 🎉 [T=22292 ms] Task 2 'sum2' COMPLETED
execution-manager  | [EXECUTION MANAGER] ⏱️ T2=767767103.278 ms | Thread started (server measured)
execution-manager  | [EXECUTION MANAGER] ⏱️ T3=767769392.417 ms | Task completed (server measured)
execution-manager  | [EXECUTION MANAGER] ⏱️ T4=767769394.035 ms | Result received by client
execution-manager  |    [TASK EXECUTION] 2289.139 ms (T3-T2, measured in thread)
execution-manager  |    [RESULT] {"result": 0}
execution-manager  | 
execution-manager  | ╔═══════════════════════════════════════════════════════════════╗
execution-manager  | ║           END-TO-END TIMING MEASUREMENT RECAP                 ║
execution-manager  | ║                   Task 2: sum2                                 
execution-manager  | ╠═══════════════════════════════════════════════════════════════╣
execution-manager  | ║ T1 (start_request)    = 767767102.466 ms                        ║
execution-manager  | ║ T2 (end_request)      = 767767103.278 ms                        ║
execution-manager  | ║ T3 (start_result)     = 767769392.417 ms                        ║
execution-manager  | ║ T4 (end_result)       = 767769394.035 ms                        ║
execution-manager  | ╠═══════════════════════════════════════════════════════════════╣
execution-manager  | ║ METRICS:                                                      ║
execution-manager  | ║   Request Latency    =        0.812 ms  (T2 - T1)            ║
execution-manager  | ║   Task Execution     =     2289.139 ms  (T3 - T2)            ║
execution-manager  | ║   Response Latency   =        1.618 ms  (T4 - T3)            ║
execution-manager  | ║   Total End-to-End   =     2291.569 ms  (T4 - T1)            ║
execution-manager  | ║   Network Overhead   =        2.430 ms  (Req + Resp)         ║
execution-manager  | ╚═══════════════════════════════════════════════════════════════╝
execution-manager  | 
execution-manager  | [EPOLL] T=22292 ms: epoll_wait returned 1 event(s)
execution-manager  | [EPOLL] event[0]: type=2 task=NULL
execution-manager  | [SCHEDULER] ✅ T=22292 ms: Task 2 'sum2' completed with status 2
execution-manager  | [SCHEDULER] 🔕 Timeout disarmed for task 2
execution-manager  | [SCHEDULER] 2 tasks remaining
execution-manager  | [gRPC Client Async] Stream completed, received 1 responses
execution-manager  | [GRPC THREAD 2] Completed
execution-manager  | [gRPC Client Async] Response #1 - Status: COMPLETED
execution-manager  | 🎉 [T=24582 ms] Task 3 'sum3' COMPLETED
execution-manager  | [EXECUTION MANAGER] ⏱️ T2=767769394.733 ms | Thread started (server measured)
execution-manager  | [EXECUTION MANAGER] ⏱️ T3=767771684.172 ms | Task completed (server measured)
execution-manager  | [EXECUTION MANAGER] ⏱️ T4=767771684.816 ms | Result received by client
execution-manager  |    [TASK EXECUTION] 2289.438 ms (T3-T2, measured in thread)
execution-manager  |    [RESULT] {"result": 0}
execution-manager  | 
execution-manager  | ╔═══════════════════════════════════════════════════════════════╗
execution-manager  | ║           END-TO-END TIMING MEASUREMENT RECAP                 ║
execution-manager  | ║                   Task 3: sum3                                 
execution-manager  | ╠═══════════════════════════════════════════════════════════════╣
execution-manager  | ║ T1 (start_request)    = 767769393.513 ms                        ║
execution-manager  | ║ T2 (end_request)      = 767769394.733 ms                        ║
execution-manager  | ║ T3 (start_result)     = 767771684.172 ms                        ║
execution-manager  | ║ T4 (end_result)       = 767771684.816 ms                        ║
execution-manager  | ╠═══════════════════════════════════════════════════════════════╣
execution-manager  | ║ METRICS:                                                      ║
execution-manager  | ║   Request Latency    =        1.220 ms  (T2 - T1)            ║
execution-manager  | ║   Task Execution     =     2289.438 ms  (T3 - T2)            ║
execution-manager  | ║   Response Latency   =        0.644 ms  (T4 - T3)            ║
execution-manager  | ║   Total End-to-End   =     2291.302 ms  (T4 - T1)            ║
execution-manager  | ║   Network Overhead   =        1.864 ms  (Req + Resp)         ║
execution-manager  | ╚═══════════════════════════════════════════════════════════════╝
execution-manager  | 
execution-manager  | [EPOLL] T=24582 ms: epoll_wait returned 1 event(s)
execution-manager  | [EPOLL] event[0]: type=2 task=NULL
execution-manager  | [SCHEDULER] ✅ T=24582 ms: Task 3 'sum3' completed with status 2
execution-manager  | [SCHEDULER] 🔕 Timeout disarmed for task 3
execution-manager  | [SCHEDULER] 1 tasks remaining
execution-manager  | [gRPC Client Async] Stream completed, received 1 responses
execution-manager  | [GRPC THREAD 3] Completed
execution-manager  | [gRPC Client Async] Response #1 - Status: COMPLETED
execution-manager  | 🎉 [T=26873 ms] Task 4 'sum4' COMPLETED
execution-manager  | [EXECUTION MANAGER] ⏱️ T2=767771684.261 ms | Thread started (server measured)
execution-manager  | [EXECUTION MANAGER] ⏱️ T3=767773974.394 ms | Task completed (server measured)
execution-manager  | [EXECUTION MANAGER] ⏱️ T4=767773975.025 ms | Result received by client
execution-manager  |    [TASK EXECUTION] 2290.133 ms (T3-T2, measured in thread)
execution-manager  |    [RESULT] {"result": 0}
execution-manager  | 
execution-manager  | ╔═══════════════════════════════════════════════════════════════╗
execution-manager  | ║           END-TO-END TIMING MEASUREMENT RECAP                 ║
execution-manager  | ║                   Task 4: sum4                                 
execution-manager  | ╠═══════════════════════════════════════════════════════════════╣
execution-manager  | ║ T1 (start_request)    = 767769392.970 ms                        ║
execution-manager  | ║ T2 (end_request)      = 767771684.261 ms                        ║
execution-manager  | ║ T3 (start_result)     = 767773974.394 ms                        ║
execution-manager  | ║ T4 (end_result)       = 767773975.025 ms                        ║
execution-manager  | ╠═══════════════════════════════════════════════════════════════╣
execution-manager  | ║ METRICS:                                                      ║
execution-manager  | ║   Request Latency    =     2291.290 ms  (T2 - T1)            ║
execution-manager  | ║   Task Execution     =     2290.133 ms  (T3 - T2)            ║
execution-manager  | ║   Response Latency   =        0.631 ms  (T4 - T3)            ║
execution-manager  | ║   Total End-to-End   =     4582.055 ms  (T4 - T1)            ║
execution-manager  | ║   Network Overhead   =     2291.921 ms  (Req + Resp)         ║
execution-manager  | ╚═══════════════════════════════════════════════════════════════╝
execution-manager  | 
execution-manager  | [EPOLL] T=26873 ms: epoll_wait returned 1 event(s)
execution-manager  | [EPOLL] event[0]: type=2 task=NULL
execution-manager  | [SCHEDULER] ✅ T=26873 ms: Task 4 'sum4' completed with status 2
execution-manager  | [SCHEDULER] 🔕 Timeout disarmed for task 4
execution-manager  | [SCHEDULER] 0 tasks remaining
execution-manager  | 
execution-manager  | [SCHEDULER] 🏁 Iteration 8/10 complete!
execution-manager  | [SCHEDULER] Iteration execution time: 26873 ms
execution-manager  | 
execution-manager  | 
execution-manager  | [SCHEDULER] 🔁 ===== ITERATION 9 / 10 =====
execution-manager  | 
execution-manager  | [SCHEDULER] 🚀 Schedule started at T=0
execution-manager  | 
execution-manager  | [SCHEDULER] 🔄 Entering event loop (NO SLEEP - event-driven!)
execution-manager  | 
execution-manager  | [gRPC Client Async] Stream completed, received 1 responses
execution-manager  | [GRPC THREAD 4] Completed
execution-manager  | [EPOLL] T=10000 ms: epoll_wait returned 1 event(s)
execution-manager  | [EPOLL] event[0]: type=0 task=sum1
execution-manager  | [SCHEDULER] ⏰ T=10000 ms | T_wall=767783975.378 ms: Launching task 1 'sum1' (deadline: 30000 ms)
execution-manager  | [SCHEDULER] 🕐 Timeout armed for task 1 at T=30000 ms (in 20000 ms)
execution-manager  | [GRPC THREAD 1] Starting...
execution-manager  | [EXECUTION MANAGER] ⏱️ T1=767783975.547 ms | Sending gRPC request for task 1 'sum1'
execution-manager  | [gRPC Channel Pool] Reusing existing channel for localhost:50051 (state=2)
execution-manager  | [gRPC Client Async] Calling task 'sum1' at localhost:50051
execution-manager  | [gRPC Client Async] Inputs: {"total_ops": 200, "io_percentage": 50}
execution-manager  | [gRPC Client Async] Response #1 - Status: COMPLETED
execution-manager  | 🎉 [T=12290 ms] Task 1 'sum1' COMPLETED
execution-manager  | [EXECUTION MANAGER] ⏱️ T2=767783976.514 ms | Thread started (server measured)
execution-manager  | [EXECUTION MANAGER] ⏱️ T3=767786265.259 ms | Task completed (server measured)
execution-manager  | [EXECUTION MANAGER] ⏱️ T4=767786265.922 ms | Result received by client
execution-manager  |    [TASK EXECUTION] 2288.745 ms (T3-T2, measured in thread)
execution-manager  |    [RESULT] {"result": 0}
execution-manager  | 
execution-manager  | ╔═══════════════════════════════════════════════════════════════╗
execution-manager  | ║           END-TO-END TIMING MEASUREMENT RECAP                 ║
execution-manager  | ║                   Task 1: sum1                                 
execution-manager  | ╠═══════════════════════════════════════════════════════════════╣
execution-manager  | ║ T1 (start_request)    = 767783975.547 ms                        ║
execution-manager  | ║ T2 (end_request)      = 767783976.514 ms                        ║
execution-manager  | ║ T3 (start_result)     = 767786265.259 ms                        ║
execution-manager  | ║ T4 (end_result)       = 767786265.922 ms                        ║
execution-manager  | ╠═══════════════════════════════════════════════════════════════╣
execution-manager  | ║ METRICS:                                                      ║
execution-manager  | ║   Request Latency    =        0.966 ms  (T2 - T1)            ║
execution-manager  | ║   Task Execution     =     2288.745 ms  (T3 - T2)            ║
execution-manager  | ║   Response Latency   =        0.663 ms  (T4 - T3)            ║
execution-manager  | ║   Total End-to-End   =     2290.375 ms  (T4 - T1)            ║
execution-manager  | ║   Network Overhead   =        1.629 ms  (Req + Resp)         ║
execution-manager  | ╚═══════════════════════════════════════════════════════════════╝
execution-manager  | 
execution-manager  | [EPOLL] T=12290 ms: epoll_wait returned 1 event(s)
execution-manager  | [EPOLL] event[0]: type=2 task=NULL
execution-manager  | [SCHEDULER] ✅ T=12291 ms: Task 1 'sum1' completed with status 2
execution-manager  | [SCHEDULER] 🔕 Timeout disarmed for task 1
execution-manager  | [SCHEDULER] 3 tasks remaining
execution-manager  | [gRPC Client Async] Stream completed, received 1 responses
execution-manager  | [GRPC THREAD 1] Completed
execution-manager  | [EPOLL] T=20000 ms: epoll_wait returned 1 event(s)
execution-manager  | [EPOLL] event[0]: type=0 task=sum2
execution-manager  | [SCHEDULER] ⏰ T=20000 ms | T_wall=767793975.304 ms: Launching task 2 'sum2' (deadline: 55000 ms)
execution-manager  | [SCHEDULER] 🕐 Timeout armed for task 2 at T=55000 ms (in 35000 ms)
execution-manager  | [GRPC THREAD 2] Starting...
execution-manager  | [EXECUTION MANAGER] ⏱️ T1=767793975.464 ms | Sending gRPC request for task 2 'sum2'
execution-manager  | [gRPC Channel Pool] Reusing existing channel for localhost:50052 (state=2)
execution-manager  | [gRPC Client Async] Calling task 'sum2' at localhost:50052
execution-manager  | [gRPC Client Async] Inputs: {"total_ops": 200, "io_percentage": 50}
execution-manager  | [EPOLL] T=22290 ms: epoll_wait returned 1 event(s)
execution-manager  | [EPOLL] event[0]: type=0 task=sum3
execution-manager  | [SCHEDULER] ⏰ T=22290 ms | T_wall=767796265.855 ms: Launching task 3 'sum3' (deadline: 56000 ms)
execution-manager  | [SCHEDULER] 🕐 Timeout armed for task 3 at T=56000 ms (in 33710 ms)
execution-manager  | [EPOLL] T=22291 ms: epoll_wait returned 1 event(s)
execution-manager  | [EPOLL] event[0]: type=0 task=sum4
execution-manager  | [SCHEDULER] ⏰ T=22291 ms | T_wall=767796266.043 ms: Launching task 4 'sum4' (deadline: 56000 ms)
execution-manager  | [SCHEDULER] 🕐 Timeout armed for task 4 at T=56000 ms (in 33709 ms)
execution-manager  | [GRPC THREAD 4] Starting...
execution-manager  | [EXECUTION MANAGER] ⏱️ T1=767796266.160 ms | Sending gRPC request for task 4 'sum4'
execution-manager  | [gRPC Channel Pool] Reusing existing channel for localhost:50054 (state=2)
execution-manager  | [gRPC Client Async] Calling task 'sum4' at localhost:50054
execution-manager  | [gRPC Client Async] Inputs: {"total_ops": 200, "io_percentage": 50}
execution-manager  | [GRPC THREAD 3] Starting...
execution-manager  | [EXECUTION MANAGER] ⏱️ T1=767796266.455 ms | Sending gRPC request for task 3 'sum3'
execution-manager  | [gRPC Channel Pool] Reusing existing channel for localhost:50053 (state=2)
execution-manager  | [gRPC Client Async] Calling task 'sum3' at localhost:50053
execution-manager  | [gRPC Client Async] Inputs: {"total_ops": 200, "io_percentage": 50}
execution-manager  | [gRPC Client Async] Response #1 - Status: COMPLETED
execution-manager  | 🎉 [T=22292 ms] Task 2 'sum2' COMPLETED
execution-manager  | [EXECUTION MANAGER] ⏱️ T2=767793976.386 ms | Thread started (server measured)
execution-manager  | [EXECUTION MANAGER] ⏱️ T3=767796265.400 ms | Task completed (server measured)
execution-manager  | [EXECUTION MANAGER] ⏱️ T4=767796267.073 ms | Result received by client
execution-manager  |    [TASK EXECUTION] 2289.014 ms (T3-T2, measured in thread)
execution-manager  |    [RESULT] {"result": 0}
execution-manager  | 
execution-manager  | ╔═══════════════════════════════════════════════════════════════╗
execution-manager  | ║           END-TO-END TIMING MEASUREMENT RECAP                 ║
execution-manager  | ║                   Task 2: sum2                                 
execution-manager  | ╠═══════════════════════════════════════════════════════════════╣
execution-manager  | ║ T1 (start_request)    = 767793975.464 ms                        ║
execution-manager  | ║ T2 (end_request)      = 767793976.386 ms                        ║
execution-manager  | ║ T3 (start_result)     = 767796265.400 ms                        ║
execution-manager  | ║ T4 (end_result)       = 767796267.073 ms                        ║
execution-manager  | ╠═══════════════════════════════════════════════════════════════╣
execution-manager  | ║ METRICS:                                                      ║
execution-manager  | ║   Request Latency    =        0.922 ms  (T2 - T1)            ║
execution-manager  | ║   Task Execution     =     2289.014 ms  (T3 - T2)            ║
execution-manager  | ║   Response Latency   =        1.673 ms  (T4 - T3)            ║
execution-manager  | ║   Total End-to-End   =     2291.609 ms  (T4 - T1)            ║
execution-manager  | ║   Network Overhead   =        2.595 ms  (Req + Resp)         ║
execution-manager  | ╚═══════════════════════════════════════════════════════════════╝
execution-manager  | 
execution-manager  | [EPOLL] T=22292 ms: epoll_wait returned 1 event(s)
execution-manager  | [EPOLL] event[0]: type=2 task=NULL
execution-manager  | [SCHEDULER] ✅ T=22292 ms: Task 2 'sum2' completed with status 2
execution-manager  | [SCHEDULER] 🔕 Timeout disarmed for task 2
execution-manager  | [SCHEDULER] 2 tasks remaining
execution-manager  | [gRPC Client Async] Stream completed, received 1 responses
execution-manager  | [GRPC THREAD 2] Completed
execution-manager  | [gRPC Client Async] Response #1 - Status: COMPLETED
execution-manager  | 🎉 [T=24584 ms] Task 3 'sum3' COMPLETED
execution-manager  | [EXECUTION MANAGER] ⏱️ T2=767796268.806 ms | Thread started (server measured)
execution-manager  | [EXECUTION MANAGER] ⏱️ T3=767798558.472 ms | Task completed (server measured)
execution-manager  | [EXECUTION MANAGER] ⏱️ T4=767798559.115 ms | Result received by client
execution-manager  |    [TASK EXECUTION] 2289.666 ms (T3-T2, measured in thread)
execution-manager  |    [RESULT] {"result": 0}
execution-manager  | 
execution-manager  | ╔═══════════════════════════════════════════════════════════════╗
execution-manager  | ║           END-TO-END TIMING MEASUREMENT RECAP                 ║
execution-manager  | ║                   Task 3: sum3                                 
execution-manager  | ╠═══════════════════════════════════════════════════════════════╣
execution-manager  | ║ T1 (start_request)    = 767796266.455 ms                        ║
execution-manager  | ║ T2 (end_request)      = 767796268.806 ms                        ║
execution-manager  | ║ T3 (start_result)     = 767798558.472 ms                        ║
execution-manager  | ║ T4 (end_result)       = 767798559.115 ms                        ║
execution-manager  | ╠═══════════════════════════════════════════════════════════════╣
execution-manager  | ║ METRICS:                                                      ║
execution-manager  | ║   Request Latency    =        2.351 ms  (T2 - T1)            ║
execution-manager  | ║   Task Execution     =     2289.666 ms  (T3 - T2)            ║
execution-manager  | ║   Response Latency   =        0.643 ms  (T4 - T3)            ║
execution-manager  | ║   Total End-to-End   =     2292.660 ms  (T4 - T1)            ║
execution-manager  | ║   Network Overhead   =        2.994 ms  (Req + Resp)         ║
execution-manager  | ╚═══════════════════════════════════════════════════════════════╝
execution-manager  | 
execution-manager  | [EPOLL] T=24584 ms: epoll_wait returned 1 event(s)
execution-manager  | [EPOLL] event[0]: type=2 task=NULL
execution-manager  | [SCHEDULER] ✅ T=24584 ms: Task 3 'sum3' completed with status 2
execution-manager  | [SCHEDULER] 🔕 Timeout disarmed for task 3
execution-manager  | [SCHEDULER] 1 tasks remaining
execution-manager  | [gRPC Client Async] Stream completed, received 1 responses
execution-manager  | [GRPC THREAD 3] Completed
execution-manager  | [gRPC Client Async] Response #1 - Status: COMPLETED
execution-manager  | 🎉 [T=26874 ms] Task 4 'sum4' COMPLETED
execution-manager  | [EXECUTION MANAGER] ⏱️ T2=767798558.564 ms | Thread started (server measured)
execution-manager  | [EXECUTION MANAGER] ⏱️ T3=767800848.707 ms | Task completed (server measured)
execution-manager  | [EXECUTION MANAGER] ⏱️ T4=767800849.404 ms | Result received by client
execution-manager  |    [TASK EXECUTION] 2290.142 ms (T3-T2, measured in thread)
execution-manager  |    [RESULT] {"result": 0}
execution-manager  | 
execution-manager  | ╔═══════════════════════════════════════════════════════════════╗
execution-manager  | ║           END-TO-END TIMING MEASUREMENT RECAP                 ║
execution-manager  | ║                   Task 4: sum4                                 
execution-manager  | ╠═══════════════════════════════════════════════════════════════╣
execution-manager  | ║ T1 (start_request)    = 767796266.160 ms                        ║
execution-manager  | ║ T2 (end_request)      = 767798558.564 ms                        ║
execution-manager  | ║ T3 (start_result)     = 767800848.707 ms                        ║
execution-manager  | ║ T4 (end_result)       = 767800849.404 ms                        ║
execution-manager  | ╠═══════════════════════════════════════════════════════════════╣
execution-manager  | ║ METRICS:                                                      ║
execution-manager  | ║   Request Latency    =     2292.404 ms  (T2 - T1)            ║
execution-manager  | ║   Task Execution     =     2290.142 ms  (T3 - T2)            ║
execution-manager  | ║   Response Latency   =        0.698 ms  (T4 - T3)            ║
execution-manager  | ║   Total End-to-End   =     4583.244 ms  (T4 - T1)            ║
execution-manager  | ║   Network Overhead   =     2293.102 ms  (Req + Resp)         ║
execution-manager  | ╚═══════════════════════════════════════════════════════════════╝
execution-manager  | 
execution-manager  | [EPOLL] T=26874 ms: epoll_wait returned 1 event(s)
execution-manager  | [EPOLL] event[0]: type=2 task=NULL
execution-manager  | [SCHEDULER] ✅ T=26874 ms: Task 4 'sum4' completed with status 2
execution-manager  | [SCHEDULER] 🔕 Timeout disarmed for task 4
execution-manager  | [SCHEDULER] 0 tasks remaining
execution-manager  | 
execution-manager  | [SCHEDULER] 🏁 Iteration 9/10 complete!
execution-manager  | [SCHEDULER] Iteration execution time: 26874 ms
execution-manager  | 
execution-manager  | 
execution-manager  | [SCHEDULER] 🔁 ===== ITERATION 10 / 10 =====
execution-manager  | 
execution-manager  | [SCHEDULER] 🚀 Schedule started at T=0
execution-manager  | 
execution-manager  | [SCHEDULER] 🔄 Entering event loop (NO SLEEP - event-driven!)
execution-manager  | 
execution-manager  | [gRPC Client Async] Stream completed, received 1 responses
execution-manager  | [GRPC THREAD 4] Completed
execution-manager  | [EPOLL] T=10000 ms: epoll_wait returned 1 event(s)
execution-manager  | [EPOLL] event[0]: type=0 task=sum1
execution-manager  | [SCHEDULER] ⏰ T=10000 ms | T_wall=767810849.662 ms: Launching task 1 'sum1' (deadline: 30000 ms)
execution-manager  | [SCHEDULER] 🕐 Timeout armed for task 1 at T=30000 ms (in 20000 ms)
execution-manager  | [GRPC THREAD 1] Starting...
execution-manager  | [EXECUTION MANAGER] ⏱️ T1=767810849.841 ms | Sending gRPC request for task 1 'sum1'
execution-manager  | [gRPC Channel Pool] Reusing existing channel for localhost:50051 (state=2)
execution-manager  | [gRPC Client Async] Calling task 'sum1' at localhost:50051
execution-manager  | [gRPC Client Async] Inputs: {"total_ops": 200, "io_percentage": 50}
execution-manager  | [gRPC Client Async] Response #1 - Status: COMPLETED
execution-manager  | 🎉 [T=12291 ms] Task 1 'sum1' COMPLETED
execution-manager  | [EXECUTION MANAGER] ⏱️ T2=767810850.681 ms | Thread started (server measured)
execution-manager  | [EXECUTION MANAGER] ⏱️ T3=767813139.477 ms | Task completed (server measured)
execution-manager  | [EXECUTION MANAGER] ⏱️ T4=767813140.205 ms | Result received by client
execution-manager  |    [TASK EXECUTION] 2288.796 ms (T3-T2, measured in thread)
execution-manager  |    [RESULT] {"result": 0}
execution-manager  | 
execution-manager  | ╔═══════════════════════════════════════════════════════════════╗
execution-manager  | ║           END-TO-END TIMING MEASUREMENT RECAP                 ║
execution-manager  | ║                   Task 1: sum1                                 
execution-manager  | ╠═══════════════════════════════════════════════════════════════╣
execution-manager  | ║ T1 (start_request)    = 767810849.841 ms                        ║
execution-manager  | ║ T2 (end_request)      = 767810850.681 ms                        ║
execution-manager  | ║ T3 (start_result)     = 767813139.477 ms                        ║
execution-manager  | ║ T4 (end_result)       = 767813140.205 ms                        ║
execution-manager  | ╠═══════════════════════════════════════════════════════════════╣
execution-manager  | ║ METRICS:                                                      ║
execution-manager  | ║   Request Latency    =        0.841 ms  (T2 - T1)            ║
execution-manager  | ║   Task Execution     =     2288.796 ms  (T3 - T2)            ║
execution-manager  | ║   Response Latency   =        0.728 ms  (T4 - T3)            ║
execution-manager  | ║   Total End-to-End   =     2290.364 ms  (T4 - T1)            ║
execution-manager  | ║   Network Overhead   =        1.569 ms  (Req + Resp)         ║
execution-manager  | ╚═══════════════════════════════════════════════════════════════╝
execution-manager  | 
execution-manager  | [EPOLL] T=12291 ms: epoll_wait returned 1 event(s)
execution-manager  | [EPOLL] event[0]: type=2 task=NULL
execution-manager  | [SCHEDULER] ✅ T=12291 ms: Task 1 'sum1' completed with status 2
execution-manager  | [SCHEDULER] 🔕 Timeout disarmed for task 1
execution-manager  | [SCHEDULER] 3 tasks remaining
execution-manager  | [gRPC Client Async] Stream completed, received 1 responses
execution-manager  | [GRPC THREAD 1] Completed
execution-manager  | [EPOLL] T=20000 ms: epoll_wait returned 1 event(s)
execution-manager  | [EPOLL] event[0]: type=0 task=sum2
execution-manager  | [SCHEDULER] ⏰ T=20000 ms | T_wall=767820849.694 ms: Launching task 2 'sum2' (deadline: 55000 ms)
execution-manager  | [SCHEDULER] 🕐 Timeout armed for task 2 at T=55000 ms (in 35000 ms)
execution-manager  | [GRPC THREAD 2] Starting...
execution-manager  | [EXECUTION MANAGER] ⏱️ T1=767820849.869 ms | Sending gRPC request for task 2 'sum2'
execution-manager  | [gRPC Channel Pool] Reusing existing channel for localhost:50052 (state=2)
execution-manager  | [gRPC Client Async] Calling task 'sum2' at localhost:50052
execution-manager  | [gRPC Client Async] Inputs: {"total_ops": 200, "io_percentage": 50}
execution-manager  | [EPOLL] T=22290 ms: epoll_wait returned 1 event(s)
execution-manager  | [EPOLL] event[0]: type=0 task=sum3
execution-manager  | [SCHEDULER] ⏰ T=22290 ms | T_wall=767823139.834 ms: Launching task 3 'sum3' (deadline: 56000 ms)
execution-manager  | [SCHEDULER] 🕐 Timeout armed for task 3 at T=56000 ms (in 33710 ms)
execution-manager  | [EPOLL] T=22291 ms: epoll_wait returned 1 event(s)
execution-manager  | [EPOLL] event[0]: type=0 task=sum4
execution-manager  | [SCHEDULER] ⏰ T=22291 ms | T_wall=767823140.021 ms: Launching task 4 'sum4' (deadline: 56000 ms)
execution-manager  | [SCHEDULER] 🕐 Timeout armed for task 4 at T=56000 ms (in 33709 ms)
execution-manager  | [GRPC THREAD 4] Starting...
execution-manager  | [EXECUTION MANAGER] ⏱️ T1=767823140.147 ms | Sending gRPC request for task 4 'sum4'
execution-manager  | [gRPC Channel Pool] Reusing existing channel for localhost:50054 (state=2)
execution-manager  | [gRPC Client Async] Calling task 'sum4' at localhost:50054
execution-manager  | [gRPC Client Async] Inputs: {"total_ops": 200, "io_percentage": 50}
execution-manager  | [GRPC THREAD 3] Starting...
execution-manager  | [EXECUTION MANAGER] ⏱️ T1=767823140.640 ms | Sending gRPC request for task 3 'sum3'
execution-manager  | [gRPC Channel Pool] Reusing existing channel for localhost:50053 (state=2)
execution-manager  | [gRPC Client Async] Calling task 'sum3' at localhost:50053
execution-manager  | [gRPC Client Async] Inputs: {"total_ops": 200, "io_percentage": 50}
execution-manager  | [gRPC Client Async] Response #1 - Status: COMPLETED
execution-manager  | 🎉 [T=22292 ms] Task 2 'sum2' COMPLETED
execution-manager  | [EXECUTION MANAGER] ⏱️ T2=767820850.683 ms | Thread started (server measured)
execution-manager  | [EXECUTION MANAGER] ⏱️ T3=767823139.560 ms | Task completed (server measured)
execution-manager  | [EXECUTION MANAGER] ⏱️ T4=767823141.479 ms | Result received by client
execution-manager  |    [TASK EXECUTION] 2288.877 ms (T3-T2, measured in thread)
execution-manager  |    [RESULT] {"result": 0}
execution-manager  | 
execution-manager  | ╔═══════════════════════════════════════════════════════════════╗
execution-manager  | ║           END-TO-END TIMING MEASUREMENT RECAP                 ║
execution-manager  | ║                   Task 2: sum2                                 
execution-manager  | ╠═══════════════════════════════════════════════════════════════╣
execution-manager  | ║ T1 (start_request)    = 767820849.869 ms                        ║
execution-manager  | ║ T2 (end_request)      = 767820850.683 ms                        ║
execution-manager  | ║ T3 (start_result)     = 767823139.560 ms                        ║
execution-manager  | ║ T4 (end_result)       = 767823141.479 ms                        ║
execution-manager  | ╠═══════════════════════════════════════════════════════════════╣
execution-manager  | ║ METRICS:                                                      ║
execution-manager  | ║   Request Latency    =        0.814 ms  (T2 - T1)            ║
execution-manager  | ║   Task Execution     =     2288.877 ms  (T3 - T2)            ║
execution-manager  | ║   Response Latency   =        1.919 ms  (T4 - T3)            ║
execution-manager  | ║   Total End-to-End   =     2291.610 ms  (T4 - T1)            ║
execution-manager  | ║   Network Overhead   =        2.732 ms  (Req + Resp)         ║
execution-manager  | ╚═══════════════════════════════════════════════════════════════╝
execution-manager  | 
execution-manager  | [EPOLL] T=22292 ms: epoll_wait returned 1 event(s)
execution-manager  | [EPOLL] event[0]: type=2 task=NULL
execution-manager  | [SCHEDULER] ✅ T=22292 ms: Task 2 'sum2' completed with status 2
execution-manager  | [SCHEDULER] 🔕 Timeout disarmed for task 2
execution-manager  | [SCHEDULER] 2 tasks remaining
execution-manager  | [gRPC Client Async] Stream completed, received 1 responses
execution-manager  | [GRPC THREAD 2] Completed
execution-manager  | [gRPC Client Async] Response #1 - Status: COMPLETED
execution-manager  | 🎉 [T=24583 ms] Task 3 'sum3' COMPLETED
execution-manager  | [EXECUTION MANAGER] ⏱️ T2=767823141.917 ms | Thread started (server measured)
execution-manager  | [EXECUTION MANAGER] ⏱️ T3=767825431.781 ms | Task completed (server measured)
execution-manager  | [EXECUTION MANAGER] ⏱️ T4=767825432.403 ms | Result received by client
execution-manager  |    [TASK EXECUTION] 2289.863 ms (T3-T2, measured in thread)
execution-manager  |    [RESULT] {"result": 0}
execution-manager  | 
execution-manager  | ╔═══════════════════════════════════════════════════════════════╗
execution-manager  | ║           END-TO-END TIMING MEASUREMENT RECAP                 ║
execution-manager  | ║                   Task 3: sum3                                 
execution-manager  | ╠═══════════════════════════════════════════════════════════════╣
execution-manager  | ║ T1 (start_request)    = 767823140.640 ms                        ║
execution-manager  | ║ T2 (end_request)      = 767823141.917 ms                        ║
execution-manager  | ║ T3 (start_result)     = 767825431.781 ms                        ║
execution-manager  | ║ T4 (end_result)       = 767825432.403 ms                        ║
execution-manager  | ╠═══════════════════════════════════════════════════════════════╣
execution-manager  | ║ METRICS:                                                      ║
execution-manager  | ║   Request Latency    =        1.277 ms  (T2 - T1)            ║
execution-manager  | ║   Task Execution     =     2289.863 ms  (T3 - T2)            ║
execution-manager  | ║   Response Latency   =        0.622 ms  (T4 - T3)            ║
execution-manager  | ║   Total End-to-End   =     2291.763 ms  (T4 - T1)            ║
execution-manager  | ║   Network Overhead   =        1.899 ms  (Req + Resp)         ║
execution-manager  | ╚═══════════════════════════════════════════════════════════════╝
execution-manager  | 
execution-manager  | [EPOLL] T=24583 ms: epoll_wait returned 1 event(s)
execution-manager  | [EPOLL] event[0]: type=2 task=NULL
execution-manager  | [SCHEDULER] ✅ T=24583 ms: Task 3 'sum3' completed with status 2
execution-manager  | [SCHEDULER] 🔕 Timeout disarmed for task 3
execution-manager  | [SCHEDULER] 1 tasks remaining
execution-manager  | [gRPC Client Async] Stream completed, received 1 responses
execution-manager  | [GRPC THREAD 3] Completed
execution-manager  | [gRPC Client Async] Response #1 - Status: COMPLETED
execution-manager  | 🎉 [T=26873 ms] Task 4 'sum4' COMPLETED
execution-manager  | [EXECUTION MANAGER] ⏱️ T2=767825431.874 ms | Thread started (server measured)
execution-manager  | [EXECUTION MANAGER] ⏱️ T3=767827721.984 ms | Task completed (server measured)
execution-manager  | [EXECUTION MANAGER] ⏱️ T4=767827722.569 ms | Result received by client
execution-manager  |    [TASK EXECUTION] 2290.110 ms (T3-T2, measured in thread)
execution-manager  |    [RESULT] {"result": 0}
execution-manager  | 
execution-manager  | ╔═══════════════════════════════════════════════════════════════╗
execution-manager  | ║           END-TO-END TIMING MEASUREMENT RECAP                 ║
execution-manager  | ║                   Task 4: sum4                                 
execution-manager  | ╠═══════════════════════════════════════════════════════════════╣
execution-manager  | ║ T1 (start_request)    = 767823140.147 ms                        ║
execution-manager  | ║ T2 (end_request)      = 767825431.874 ms                        ║
execution-manager  | ║ T3 (start_result)     = 767827721.984 ms                        ║
execution-manager  | ║ T4 (end_result)       = 767827722.569 ms                        ║
execution-manager  | ╠═══════════════════════════════════════════════════════════════╣
execution-manager  | ║ METRICS:                                                      ║
execution-manager  | ║   Request Latency    =     2291.727 ms  (T2 - T1)            ║
execution-manager  | ║   Task Execution     =     2290.110 ms  (T3 - T2)            ║
execution-manager  | ║   Response Latency   =        0.584 ms  (T4 - T3)            ║
execution-manager  | ║   Total End-to-End   =     4582.422 ms  (T4 - T1)            ║
execution-manager  | ║   Network Overhead   =     2292.311 ms  (Req + Resp)         ║
execution-manager  | ╚═══════════════════════════════════════════════════════════════╝
execution-manager  | 
execution-manager  | [EPOLL] T=26873 ms: epoll_wait returned 1 event(s)
execution-manager  | [EPOLL] event[0]: type=2 task=NULL
execution-manager  | [SCHEDULER] ✅ T=26873 ms: Task 4 'sum4' completed with status 2
execution-manager  | [SCHEDULER] 🔕 Timeout disarmed for task 4
execution-manager  | [SCHEDULER] 0 tasks remaining
execution-manager  | 
execution-manager  | [SCHEDULER] 🏁 Iteration 10/10 complete!
execution-manager  | [SCHEDULER] Iteration execution time: 26873 ms
execution-manager  | 
execution-manager  | 
execution-manager  | [SCHEDULER] 🏁 All 10 iteration(s) completed!
execution-manager  | [SCHEDULER] Total execution time: 26873 ms
execution-manager  | 
execution-manager  | Test Suite Finished Successfully.
[Kexecution-manager exited with code 0
