 Container execution-manager-grpc  Creating
 Container execution-manager-grpc  Created
Attaching to execution-manager-grpc
execution-manager-grpc  | ============================================
execution-manager-grpc  |    DUAL PRIORITY QUEUE ARCHITECTURE TESTER  
execution-manager-grpc  | ============================================
execution-manager-grpc  | 
execution-manager-grpc  | ✅ Execution Manager running with SCHED_FIFO priority 95
execution-manager-grpc  |    This ensures precise timing and prevents preemption by tasks
execution-manager-grpc  | 
execution-manager-grpc  | 
execution-manager-grpc  | [Redis] Reading schedule from Redis...
execution-manager-grpc  | 
execution-manager-grpc  | === REDIS DATA ===
execution-manager-grpc  | Schedule: Configurable CPU/IO Benchmark (v0.0.0)
execution-manager-grpc  | Number of tasks: 1
execution-manager-grpc  | Iterations: 50
execution-manager-grpc  | 
execution-manager-grpc  | Tasks:
execution-manager-grpc  |   1. Task: sum1
execution-manager-grpc  |      Policy: fifo, Priority: 50, Start: 10 ms
execution-manager-grpc  |      Inputs: {"total_ops": {"type": "int", "value": 100}, "io_percentage": {"type": "int", "value": 50}}
execution-manager-grpc  | 
execution-manager-grpc  | ==================
execution-manager-grpc  | 
execution-manager-grpc  | 
execution-manager-grpc  | ============================================
execution-manager-grpc  |    REAL-TIME EVENT-DRIVEN SCHEDULER
execution-manager-grpc  | ============================================
execution-manager-grpc  | 
execution-manager-grpc  | [SCHEDULER] 🚀 Loading schedule: 1 task(s), 50 iteration(s)
execution-manager-grpc  | 
execution-manager-grpc  | [SCHEDULER] DEBUG - Task 1: start_time=10 s, deadline=30 s (parsed from Redis)
execution-manager-grpc  | [SCHEDULER] 📋 Task 1 'sum1': start=10000 ms, deadline=30000 ms
execution-manager-grpc  | 
execution-manager-grpc  | [SCHEDULER] 🔁 ===== ITERATION 1 / 50 =====
execution-manager-grpc  | 
execution-manager-grpc  | [SCHEDULER] 🚀 Schedule started at T=0
execution-manager-grpc  | 
execution-manager-grpc  | [SCHEDULER] 🔄 Entering event loop (NO SLEEP - event-driven!)
execution-manager-grpc  | 
execution-manager-grpc  | [EPOLL] T=10000 ms: epoll_wait returned 1 event(s)
execution-manager-grpc  | [EPOLL] event[0]: type=0 task=sum1
execution-manager-grpc  | [SCHEDULER] ⏰ T=10000 ms | T_wall=799812702.865 ms: Launching task 1 'sum1' (deadline: 30000 ms)
execution-manager-grpc  | [SCHEDULER] 🕐 Timeout armed for task 1 at T=30000 ms (in 20000 ms)
execution-manager-grpc  | [GRPC THREAD 1] Starting...
execution-manager-grpc  | [EXECUTION MANAGER] ⏱️ T1=799812702.982 ms | Sending gRPC request for task 1 'sum1'
execution-manager-grpc  | [gRPC Channel Pool] Creating new channel for localhost:50051
execution-manager-grpc  | [gRPC Client Async] Calling task 'sum1' at localhost:50051
execution-manager-grpc  | [gRPC Client Async] Inputs: {"total_ops": 100, "io_percentage": 50}
execution-manager-grpc  | [gRPC Client Async] Response #1 - Status: COMPLETED
execution-manager-grpc  | 🎉 [T=10284 ms] Task 1 'sum1' COMPLETED
execution-manager-grpc  | [EXECUTION MANAGER] ⏱️ T2=799812713.625 ms | Thread started (server measured)
execution-manager-grpc  | [EXECUTION MANAGER] ⏱️ T3=799812985.611 ms | Task completed (server measured)
execution-manager-grpc  | [EXECUTION MANAGER] ⏱️ T4=799812986.116 ms | Result received by client
execution-manager-grpc  |    [TASK EXECUTION] 271.986 ms (T3-T2, measured in thread)
execution-manager-grpc  |    [RESULT] {"result": 0}
execution-manager-grpc  | 
execution-manager-grpc  | ╔═══════════════════════════════════════════════════════════════╗
execution-manager-grpc  | ║           END-TO-END TIMING MEASUREMENT RECAP                 ║
execution-manager-grpc  | ║                   Task 1: sum1                                 
execution-manager-grpc  | ╠═══════════════════════════════════════════════════════════════╣
execution-manager-grpc  | ║ T1 (start_request)    = 799812702.982 ms                        ║
execution-manager-grpc  | ║ T2 (end_request)      = 799812713.625 ms                        ║
execution-manager-grpc  | ║ T3 (start_result)     = 799812985.611 ms                        ║
execution-manager-grpc  | ║ T4 (end_result)       = 799812986.116 ms                        ║
execution-manager-grpc  | ╠═══════════════════════════════════════════════════════════════╣
execution-manager-grpc  | ║ METRICS:                                                      ║
execution-manager-grpc  | ║   Request Latency    =       10.643 ms  (T2 - T1)            ║
execution-manager-grpc  | ║   Task Execution     =      271.986 ms  (T3 - T2)            ║
execution-manager-grpc  | ║   Response Latency   =        0.505 ms  (T4 - T3)            ║
execution-manager-grpc  | ║   Total End-to-End   =      283.134 ms  (T4 - T1)            ║
execution-manager-grpc  | ║   Network Overhead   =       11.148 ms  (Req + Resp)         ║
execution-manager-grpc  | ╚═══════════════════════════════════════════════════════════════╝
execution-manager-grpc  | 
execution-manager-grpc  | [EPOLL] T=10284 ms: epoll_wait returned 1 event(s)
execution-manager-grpc  | [EPOLL] event[0]: type=2 task=NULL
execution-manager-grpc  | [SCHEDULER] ✅ T=10284 ms: Task 1 'sum1' completed with status 2
execution-manager-grpc  | [SCHEDULER] 🔕 Timeout disarmed for task 1
execution-manager-grpc  | [SCHEDULER] 0 tasks remaining
execution-manager-grpc  | 
execution-manager-grpc  | [SCHEDULER] 🏁 Iteration 1/50 complete!
execution-manager-grpc  | [SCHEDULER] Iteration execution time: 10284 ms
execution-manager-grpc  | 
execution-manager-grpc  | 
execution-manager-grpc  | [SCHEDULER] 🔁 ===== ITERATION 2 / 50 =====
execution-manager-grpc  | 
execution-manager-grpc  | [SCHEDULER] 🚀 Schedule started at T=0
execution-manager-grpc  | 
execution-manager-grpc  | [SCHEDULER] 🔄 Entering event loop (NO SLEEP - event-driven!)
execution-manager-grpc  | 
execution-manager-grpc  | [gRPC Client Async] Stream completed, received 1 responses
execution-manager-grpc  | [GRPC THREAD 1] Completed
execution-manager-grpc  | [EPOLL] T=10006 ms: epoll_wait returned 1 event(s)
execution-manager-grpc  | [EPOLL] event[0]: type=0 task=sum1
execution-manager-grpc  | [SCHEDULER] ⏰ T=10006 ms | T_wall=799822992.445 ms: Launching task 1 'sum1' (deadline: 30000 ms)
execution-manager-grpc  | [SCHEDULER] 🕐 Timeout armed for task 1 at T=30000 ms (in 19994 ms)
execution-manager-grpc  | [GRPC THREAD 1] Starting...
execution-manager-grpc  | [EXECUTION MANAGER] ⏱️ T1=799822992.569 ms | Sending gRPC request for task 1 'sum1'
execution-manager-grpc  | [gRPC Channel Pool] Reusing existing channel for localhost:50051 (state=2)
execution-manager-grpc  | [gRPC Client Async] Calling task 'sum1' at localhost:50051
execution-manager-grpc  | [gRPC Client Async] Inputs: {"total_ops": 100, "io_percentage": 50}
execution-manager-grpc  | [gRPC Client Async] Response #1 - Status: COMPLETED
execution-manager-grpc  | 🎉 [T=10279 ms] Task 1 'sum1' COMPLETED
execution-manager-grpc  | [EXECUTION MANAGER] ⏱️ T2=799822993.201 ms | Thread started (server measured)
execution-manager-grpc  | [EXECUTION MANAGER] ⏱️ T3=799823265.372 ms | Task completed (server measured)
execution-manager-grpc  | [EXECUTION MANAGER] ⏱️ T4=799823265.881 ms | Result received by client
execution-manager-grpc  |    [TASK EXECUTION] 272.171 ms (T3-T2, measured in thread)
execution-manager-grpc  |    [RESULT] {"result": 0}
execution-manager-grpc  | 
execution-manager-grpc  | ╔═══════════════════════════════════════════════════════════════╗
execution-manager-grpc  | ║           END-TO-END TIMING MEASUREMENT RECAP                 ║
execution-manager-grpc  | ║                   Task 1: sum1                                 
execution-manager-grpc  | ╠═══════════════════════════════════════════════════════════════╣
execution-manager-grpc  | ║ T1 (start_request)    = 799822992.569 ms                        ║
execution-manager-grpc  | ║ T2 (end_request)      = 799822993.201 ms                        ║
execution-manager-grpc  | ║ T3 (start_result)     = 799823265.372 ms                        ║
execution-manager-grpc  | ║ T4 (end_result)       = 799823265.881 ms                        ║
execution-manager-grpc  | ╠═══════════════════════════════════════════════════════════════╣
execution-manager-grpc  | ║ METRICS:                                                      ║
execution-manager-grpc  | ║   Request Latency    =        0.631 ms  (T2 - T1)            ║
execution-manager-grpc  | ║   Task Execution     =      272.171 ms  (T3 - T2)            ║
execution-manager-grpc  | ║   Response Latency   =        0.509 ms  (T4 - T3)            ║
execution-manager-grpc  | ║   Total End-to-End   =      273.311 ms  (T4 - T1)            ║
execution-manager-grpc  | ║   Network Overhead   =        1.140 ms  (Req + Resp)         ║
execution-manager-grpc  | ╚═══════════════════════════════════════════════════════════════╝
execution-manager-grpc  | 
execution-manager-grpc  | [EPOLL] T=10279 ms: epoll_wait returned 1 event(s)
execution-manager-grpc  | [EPOLL] event[0]: type=2 task=NULL
execution-manager-grpc  | [SCHEDULER] ✅ T=10279 ms: Task 1 'sum1' completed with status 2
execution-manager-grpc  | [SCHEDULER] 🔕 Timeout disarmed for task 1
execution-manager-grpc  | [SCHEDULER] 0 tasks remaining
execution-manager-grpc  | 
execution-manager-grpc  | [SCHEDULER] 🏁 Iteration 2/50 complete!
execution-manager-grpc  | [SCHEDULER] Iteration execution time: 10279 ms
execution-manager-grpc  | 
execution-manager-grpc  | 
execution-manager-grpc  | [SCHEDULER] 🔁 ===== ITERATION 3 / 50 =====
execution-manager-grpc  | 
execution-manager-grpc  | [SCHEDULER] 🚀 Schedule started at T=0
execution-manager-grpc  | 
execution-manager-grpc  | [SCHEDULER] 🔄 Entering event loop (NO SLEEP - event-driven!)
execution-manager-grpc  | 
execution-manager-grpc  | [gRPC Client Async] Stream completed, received 1 responses
execution-manager-grpc  | [GRPC THREAD 1] Completed
execution-manager-grpc  | [EPOLL] T=10000 ms: epoll_wait returned 1 event(s)
execution-manager-grpc  | [EPOLL] event[0]: type=0 task=sum1
execution-manager-grpc  | [SCHEDULER] ⏰ T=10000 ms | T_wall=799833265.981 ms: Launching task 1 'sum1' (deadline: 30000 ms)
execution-manager-grpc  | [SCHEDULER] 🕐 Timeout armed for task 1 at T=30000 ms (in 19999 ms)
execution-manager-grpc  | [GRPC THREAD 1] Starting...
execution-manager-grpc  | [EXECUTION MANAGER] ⏱️ T1=799833266.069 ms | Sending gRPC request for task 1 'sum1'
execution-manager-grpc  | [gRPC Channel Pool] Reusing existing channel for localhost:50051 (state=2)
execution-manager-grpc  | [gRPC Client Async] Calling task 'sum1' at localhost:50051
execution-manager-grpc  | [gRPC Client Async] Inputs: {"total_ops": 100, "io_percentage": 50}
execution-manager-grpc  | [gRPC Client Async] Response #1 - Status: COMPLETED
execution-manager-grpc  | 🎉 [T=10274 ms] Task 1 'sum1' COMPLETED
execution-manager-grpc  | [EXECUTION MANAGER] ⏱️ T2=799833266.757 ms | Thread started (server measured)
execution-manager-grpc  | [EXECUTION MANAGER] ⏱️ T3=799833538.964 ms | Task completed (server measured)
execution-manager-grpc  | [EXECUTION MANAGER] ⏱️ T4=799833539.452 ms | Result received by client
execution-manager-grpc  |    [TASK EXECUTION] 272.207 ms (T3-T2, measured in thread)
execution-manager-grpc  |    [RESULT] {"result": 0}
execution-manager-grpc  | 
execution-manager-grpc  | ╔═══════════════════════════════════════════════════════════════╗
execution-manager-grpc  | ║           END-TO-END TIMING MEASUREMENT RECAP                 ║
execution-manager-grpc  | ║                   Task 1: sum1                                 
execution-manager-grpc  | ╠═══════════════════════════════════════════════════════════════╣
execution-manager-grpc  | ║ T1 (start_request)    = 799833266.069 ms                        ║
execution-manager-grpc  | ║ T2 (end_request)      = 799833266.757 ms                        ║
execution-manager-grpc  | ║ T3 (start_result)     = 799833538.964 ms                        ║
execution-manager-grpc  | ║ T4 (end_result)       = 799833539.452 ms                        ║
execution-manager-grpc  | ╠═══════════════════════════════════════════════════════════════╣
execution-manager-grpc  | ║ METRICS:                                                      ║
execution-manager-grpc  | ║   Request Latency    =        0.688 ms  (T2 - T1)            ║
execution-manager-grpc  | ║   Task Execution     =      272.207 ms  (T3 - T2)            ║
execution-manager-grpc  | ║   Response Latency   =        0.488 ms  (T4 - T3)            ║
execution-manager-grpc  | ║   Total End-to-End   =      273.383 ms  (T4 - T1)            ║
execution-manager-grpc  | ║   Network Overhead   =        1.177 ms  (Req + Resp)         ║
execution-manager-grpc  | ╚═══════════════════════════════════════════════════════════════╝
execution-manager-grpc  | 
execution-manager-grpc  | [EPOLL] T=10274 ms: epoll_wait returned 1 event(s)
execution-manager-grpc  | [EPOLL] event[0]: type=2 task=NULL
execution-manager-grpc  | [SCHEDULER] ✅ T=10274 ms: Task 1 'sum1' completed with status 2
execution-manager-grpc  | [SCHEDULER] 🔕 Timeout disarmed for task 1
execution-manager-grpc  | [SCHEDULER] 0 tasks remaining
execution-manager-grpc  | 
execution-manager-grpc  | [SCHEDULER] 🏁 Iteration 3/50 complete!
execution-manager-grpc  | [SCHEDULER] Iteration execution time: 10274 ms
execution-manager-grpc  | 
execution-manager-grpc  | 
execution-manager-grpc  | [SCHEDULER] 🔁 ===== ITERATION 4 / 50 =====
execution-manager-grpc  | 
execution-manager-grpc  | [SCHEDULER] 🚀 Schedule started at T=0
execution-manager-grpc  | 
execution-manager-grpc  | [SCHEDULER] 🔄 Entering event loop (NO SLEEP - event-driven!)
execution-manager-grpc  | 
execution-manager-grpc  | [gRPC Client Async] Stream completed, received 1 responses
execution-manager-grpc  | [GRPC THREAD 1] Completed
execution-manager-grpc  | [EPOLL] T=10000 ms: epoll_wait returned 1 event(s)
execution-manager-grpc  | [EPOLL] event[0]: type=0 task=sum1
execution-manager-grpc  | [SCHEDULER] ⏰ T=10000 ms | T_wall=799843539.572 ms: Launching task 1 'sum1' (deadline: 30000 ms)
execution-manager-grpc  | [SCHEDULER] 🕐 Timeout armed for task 1 at T=30000 ms (in 20000 ms)
execution-manager-grpc  | [GRPC THREAD 1] Starting...
execution-manager-grpc  | [EXECUTION MANAGER] ⏱️ T1=799843539.648 ms | Sending gRPC request for task 1 'sum1'
execution-manager-grpc  | [gRPC Channel Pool] Reusing existing channel for localhost:50051 (state=2)
execution-manager-grpc  | [gRPC Client Async] Calling task 'sum1' at localhost:50051
execution-manager-grpc  | [gRPC Client Async] Inputs: {"total_ops": 100, "io_percentage": 50}
execution-manager-grpc  | [gRPC Client Async] Response #1 - Status: COMPLETED
execution-manager-grpc  | 🎉 [T=10273 ms] Task 1 'sum1' COMPLETED
execution-manager-grpc  | [EXECUTION MANAGER] ⏱️ T2=799843540.201 ms | Thread started (server measured)
execution-manager-grpc  | [EXECUTION MANAGER] ⏱️ T3=799843812.160 ms | Task completed (server measured)
execution-manager-grpc  | [EXECUTION MANAGER] ⏱️ T4=799843812.551 ms | Result received by client
execution-manager-grpc  |    [TASK EXECUTION] 271.959 ms (T3-T2, measured in thread)
execution-manager-grpc  |    [RESULT] {"result": 0}
execution-manager-grpc  | 
execution-manager-grpc  | ╔═══════════════════════════════════════════════════════════════╗
execution-manager-grpc  | ║           END-TO-END TIMING MEASUREMENT RECAP                 ║
execution-manager-grpc  | ║                   Task 1: sum1                                 
execution-manager-grpc  | ╠═══════════════════════════════════════════════════════════════╣
execution-manager-grpc  | ║ T1 (start_request)    = 799843539.648 ms                        ║
execution-manager-grpc  | ║ T2 (end_request)      = 799843540.201 ms                        ║
execution-manager-grpc  | ║ T3 (start_result)     = 799843812.160 ms                        ║
execution-manager-grpc  | ║ T4 (end_result)       = 799843812.551 ms                        ║
execution-manager-grpc  | ╠═══════════════════════════════════════════════════════════════╣
execution-manager-grpc  | ║ METRICS:                                                      ║
execution-manager-grpc  | ║   Request Latency    =        0.554 ms  (T2 - T1)            ║
execution-manager-grpc  | ║   Task Execution     =      271.959 ms  (T3 - T2)            ║
execution-manager-grpc  | ║   Response Latency   =        0.391 ms  (T4 - T3)            ║
execution-manager-grpc  | ║   Total End-to-End   =      272.904 ms  (T4 - T1)            ║
execution-manager-grpc  | ║   Network Overhead   =        0.945 ms  (Req + Resp)         ║
execution-manager-grpc  | ╚═══════════════════════════════════════════════════════════════╝
execution-manager-grpc  | 
execution-manager-grpc  | [EPOLL] T=10273 ms: epoll_wait returned 1 event(s)
execution-manager-grpc  | [EPOLL] event[0]: type=2 task=NULL
execution-manager-grpc  | [SCHEDULER] ✅ T=10273 ms: Task 1 'sum1' completed with status 2
execution-manager-grpc  | [SCHEDULER] 🔕 Timeout disarmed for task 1
execution-manager-grpc  | [SCHEDULER] 0 tasks remaining
execution-manager-grpc  | 
execution-manager-grpc  | [SCHEDULER] 🏁 Iteration 4/50 complete!
execution-manager-grpc  | [SCHEDULER] Iteration execution time: 10273 ms
execution-manager-grpc  | 
execution-manager-grpc  | 
execution-manager-grpc  | [SCHEDULER] 🔁 ===== ITERATION 5 / 50 =====
execution-manager-grpc  | 
execution-manager-grpc  | [SCHEDULER] 🚀 Schedule started at T=0
execution-manager-grpc  | 
execution-manager-grpc  | [SCHEDULER] 🔄 Entering event loop (NO SLEEP - event-driven!)
execution-manager-grpc  | 
execution-manager-grpc  | [gRPC Client Async] Stream completed, received 1 responses
execution-manager-grpc  | [GRPC THREAD 1] Completed
execution-manager-grpc  | [EPOLL] T=10000 ms: epoll_wait returned 1 event(s)
execution-manager-grpc  | [EPOLL] event[0]: type=0 task=sum1
execution-manager-grpc  | [SCHEDULER] ⏰ T=10000 ms | T_wall=799853812.666 ms: Launching task 1 'sum1' (deadline: 30000 ms)
execution-manager-grpc  | [SCHEDULER] 🕐 Timeout armed for task 1 at T=30000 ms (in 20000 ms)
execution-manager-grpc  | [GRPC THREAD 1] Starting...
execution-manager-grpc  | [EXECUTION MANAGER] ⏱️ T1=799853812.744 ms | Sending gRPC request for task 1 'sum1'
execution-manager-grpc  | [gRPC Channel Pool] Reusing existing channel for localhost:50051 (state=2)
execution-manager-grpc  | [gRPC Client Async] Calling task 'sum1' at localhost:50051
execution-manager-grpc  | [gRPC Client Async] Inputs: {"total_ops": 100, "io_percentage": 50}
execution-manager-grpc  | [gRPC Client Async] Response #1 - Status: COMPLETED
execution-manager-grpc  | 🎉 [T=10273 ms] Task 1 'sum1' COMPLETED
execution-manager-grpc  | [EXECUTION MANAGER] ⏱️ T2=799853813.298 ms | Thread started (server measured)
execution-manager-grpc  | [EXECUTION MANAGER] ⏱️ T3=799854085.390 ms | Task completed (server measured)
execution-manager-grpc  | [EXECUTION MANAGER] ⏱️ T4=799854085.781 ms | Result received by client
execution-manager-grpc  |    [TASK EXECUTION] 272.091 ms (T3-T2, measured in thread)
execution-manager-grpc  |    [RESULT] {"result": 0}
execution-manager-grpc  | 
execution-manager-grpc  | ╔═══════════════════════════════════════════════════════════════╗
execution-manager-grpc  | ║           END-TO-END TIMING MEASUREMENT RECAP                 ║
execution-manager-grpc  | ║                   Task 1: sum1                                 
execution-manager-grpc  | ╠═══════════════════════════════════════════════════════════════╣
execution-manager-grpc  | ║ T1 (start_request)    = 799853812.744 ms                        ║
execution-manager-grpc  | ║ T2 (end_request)      = 799853813.298 ms                        ║
execution-manager-grpc  | ║ T3 (start_result)     = 799854085.390 ms                        ║
execution-manager-grpc  | ║ T4 (end_result)       = 799854085.781 ms                        ║
execution-manager-grpc  | ╠═══════════════════════════════════════════════════════════════╣
execution-manager-grpc  | ║ METRICS:                                                      ║
execution-manager-grpc  | ║   Request Latency    =        0.554 ms  (T2 - T1)            ║
execution-manager-grpc  | ║   Task Execution     =      272.091 ms  (T3 - T2)            ║
execution-manager-grpc  | ║   Response Latency   =        0.391 ms  (T4 - T3)            ║
execution-manager-grpc  | ║   Total End-to-End   =      273.037 ms  (T4 - T1)            ║
execution-manager-grpc  | ║   Network Overhead   =        0.946 ms  (Req + Resp)         ║
execution-manager-grpc  | ╚═══════════════════════════════════════════════════════════════╝
execution-manager-grpc  | 
execution-manager-grpc  | [EPOLL] T=10273 ms: epoll_wait returned 1 event(s)
execution-manager-grpc  | [EPOLL] event[0]: type=2 task=NULL
execution-manager-grpc  | [SCHEDULER] ✅ T=10273 ms: Task 1 'sum1' completed with status 2
execution-manager-grpc  | [SCHEDULER] 🔕 Timeout disarmed for task 1
execution-manager-grpc  | [SCHEDULER] 0 tasks remaining
execution-manager-grpc  | 
execution-manager-grpc  | [SCHEDULER] 🏁 Iteration 5/50 complete!
execution-manager-grpc  | [SCHEDULER] Iteration execution time: 10273 ms
execution-manager-grpc  | 
execution-manager-grpc  | 
execution-manager-grpc  | [SCHEDULER] 🔁 ===== ITERATION 6 / 50 =====
execution-manager-grpc  | 
execution-manager-grpc  | [SCHEDULER] 🚀 Schedule started at T=0
execution-manager-grpc  | 
execution-manager-grpc  | [SCHEDULER] 🔄 Entering event loop (NO SLEEP - event-driven!)
execution-manager-grpc  | 
execution-manager-grpc  | [gRPC Client Async] Stream completed, received 1 responses
execution-manager-grpc  | [GRPC THREAD 1] Completed
execution-manager-grpc  | [EPOLL] T=10000 ms: epoll_wait returned 1 event(s)
execution-manager-grpc  | [EPOLL] event[0]: type=0 task=sum1
execution-manager-grpc  | [SCHEDULER] ⏰ T=10000 ms | T_wall=799864085.892 ms: Launching task 1 'sum1' (deadline: 30000 ms)
execution-manager-grpc  | [SCHEDULER] 🕐 Timeout armed for task 1 at T=30000 ms (in 20000 ms)
execution-manager-grpc  | [GRPC THREAD 1] Starting...
execution-manager-grpc  | [EXECUTION MANAGER] ⏱️ T1=799864085.973 ms | Sending gRPC request for task 1 'sum1'
execution-manager-grpc  | [gRPC Channel Pool] Reusing existing channel for localhost:50051 (state=2)
execution-manager-grpc  | [gRPC Client Async] Calling task 'sum1' at localhost:50051
execution-manager-grpc  | [gRPC Client Async] Inputs: {"total_ops": 100, "io_percentage": 50}
execution-manager-grpc  | [gRPC Client Async] Response #1 - Status: COMPLETED
execution-manager-grpc  | 🎉 [T=10274 ms] Task 1 'sum1' COMPLETED
execution-manager-grpc  | [EXECUTION MANAGER] ⏱️ T2=799864086.727 ms | Thread started (server measured)
execution-manager-grpc  | [EXECUTION MANAGER] ⏱️ T3=799864358.810 ms | Task completed (server measured)
execution-manager-grpc  | [EXECUTION MANAGER] ⏱️ T4=799864359.250 ms | Result received by client
execution-manager-grpc  |    [TASK EXECUTION] 272.083 ms (T3-T2, measured in thread)
execution-manager-grpc  |    [RESULT] {"result": 0}
execution-manager-grpc  | 
execution-manager-grpc  | ╔═══════════════════════════════════════════════════════════════╗
execution-manager-grpc  | ║           END-TO-END TIMING MEASUREMENT RECAP                 ║
execution-manager-grpc  | ║                   Task 1: sum1                                 
execution-manager-grpc  | ╠═══════════════════════════════════════════════════════════════╣
execution-manager-grpc  | ║ T1 (start_request)    = 799864085.973 ms                        ║
execution-manager-grpc  | ║ T2 (end_request)      = 799864086.727 ms                        ║
execution-manager-grpc  | ║ T3 (start_result)     = 799864358.810 ms                        ║
execution-manager-grpc  | ║ T4 (end_result)       = 799864359.250 ms                        ║
execution-manager-grpc  | ╠═══════════════════════════════════════════════════════════════╣
execution-manager-grpc  | ║ METRICS:                                                      ║
execution-manager-grpc  | ║   Request Latency    =        0.754 ms  (T2 - T1)            ║
execution-manager-grpc  | ║   Task Execution     =      272.083 ms  (T3 - T2)            ║
execution-manager-grpc  | ║   Response Latency   =        0.440 ms  (T4 - T3)            ║
execution-manager-grpc  | ║   Total End-to-End   =      273.277 ms  (T4 - T1)            ║
execution-manager-grpc  | ║   Network Overhead   =        1.193 ms  (Req + Resp)         ║
execution-manager-grpc  | ╚═══════════════════════════════════════════════════════════════╝
execution-manager-grpc  | 
execution-manager-grpc  | [EPOLL] T=10274 ms: epoll_wait returned 1 event(s)
execution-manager-grpc  | [EPOLL] event[0]: type=2 task=NULL
execution-manager-grpc  | [SCHEDULER] ✅ T=10274 ms: Task 1 'sum1' completed with status 2
execution-manager-grpc  | [SCHEDULER] 🔕 Timeout disarmed for task 1
execution-manager-grpc  | [SCHEDULER] 0 tasks remaining
execution-manager-grpc  | 
execution-manager-grpc  | [SCHEDULER] 🏁 Iteration 6/50 complete!
execution-manager-grpc  | [SCHEDULER] Iteration execution time: 10274 ms
execution-manager-grpc  | 
execution-manager-grpc  | 
execution-manager-grpc  | [SCHEDULER] 🔁 ===== ITERATION 7 / 50 =====
execution-manager-grpc  | 
execution-manager-grpc  | [SCHEDULER] 🚀 Schedule started at T=0
execution-manager-grpc  | 
execution-manager-grpc  | [SCHEDULER] 🔄 Entering event loop (NO SLEEP - event-driven!)
execution-manager-grpc  | 
execution-manager-grpc  | [gRPC Client Async] Stream completed, received 1 responses
execution-manager-grpc  | [GRPC THREAD 1] Completed
execution-manager-grpc  | [EPOLL] T=10000 ms: epoll_wait returned 1 event(s)
execution-manager-grpc  | [EPOLL] event[0]: type=0 task=sum1
execution-manager-grpc  | [SCHEDULER] ⏰ T=10000 ms | T_wall=799874359.359 ms: Launching task 1 'sum1' (deadline: 30000 ms)
execution-manager-grpc  | [SCHEDULER] 🕐 Timeout armed for task 1 at T=30000 ms (in 20000 ms)
execution-manager-grpc  | [GRPC THREAD 1] Starting...
execution-manager-grpc  | [EXECUTION MANAGER] ⏱️ T1=799874359.439 ms | Sending gRPC request for task 1 'sum1'
execution-manager-grpc  | [gRPC Channel Pool] Reusing existing channel for localhost:50051 (state=2)
execution-manager-grpc  | [gRPC Client Async] Calling task 'sum1' at localhost:50051
execution-manager-grpc  | [gRPC Client Async] Inputs: {"total_ops": 100, "io_percentage": 50}
execution-manager-grpc  | [gRPC Client Async] Response #1 - Status: COMPLETED
execution-manager-grpc  | 🎉 [T=10273 ms] Task 1 'sum1' COMPLETED
execution-manager-grpc  | [EXECUTION MANAGER] ⏱️ T2=799874360.007 ms | Thread started (server measured)
execution-manager-grpc  | [EXECUTION MANAGER] ⏱️ T3=799874632.119 ms | Task completed (server measured)
execution-manager-grpc  | [EXECUTION MANAGER] ⏱️ T4=799874632.598 ms | Result received by client
execution-manager-grpc  |    [TASK EXECUTION] 272.112 ms (T3-T2, measured in thread)
execution-manager-grpc  |    [RESULT] {"result": 0}
execution-manager-grpc  | 
execution-manager-grpc  | ╔═══════════════════════════════════════════════════════════════╗
execution-manager-grpc  | ║           END-TO-END TIMING MEASUREMENT RECAP                 ║
execution-manager-grpc  | ║                   Task 1: sum1                                 
execution-manager-grpc  | ╠═══════════════════════════════════════════════════════════════╣
execution-manager-grpc  | ║ T1 (start_request)    = 799874359.439 ms                        ║
execution-manager-grpc  | ║ T2 (end_request)      = 799874360.007 ms                        ║
execution-manager-grpc  | ║ T3 (start_result)     = 799874632.119 ms                        ║
execution-manager-grpc  | ║ T4 (end_result)       = 799874632.598 ms                        ║
execution-manager-grpc  | ╠═══════════════════════════════════════════════════════════════╣
execution-manager-grpc  | ║ METRICS:                                                      ║
execution-manager-grpc  | ║   Request Latency    =        0.568 ms  (T2 - T1)            ║
execution-manager-grpc  | ║   Task Execution     =      272.112 ms  (T3 - T2)            ║
execution-manager-grpc  | ║   Response Latency   =        0.479 ms  (T4 - T3)            ║
execution-manager-grpc  | ║   Total End-to-End   =      273.159 ms  (T4 - T1)            ║
execution-manager-grpc  | ║   Network Overhead   =        1.047 ms  (Req + Resp)         ║
execution-manager-grpc  | ╚═══════════════════════════════════════════════════════════════╝
execution-manager-grpc  | 
execution-manager-grpc  | [EPOLL] T=10273 ms: epoll_wait returned 1 event(s)
execution-manager-grpc  | [EPOLL] event[0]: type=2 task=NULL
execution-manager-grpc  | [SCHEDULER] ✅ T=10273 ms: Task 1 'sum1' completed with status 2
execution-manager-grpc  | [SCHEDULER] 🔕 Timeout disarmed for task 1
execution-manager-grpc  | [SCHEDULER] 0 tasks remaining
execution-manager-grpc  | 
execution-manager-grpc  | [SCHEDULER] 🏁 Iteration 7/50 complete!
execution-manager-grpc  | [SCHEDULER] Iteration execution time: 10273 ms
execution-manager-grpc  | 
execution-manager-grpc  | 
execution-manager-grpc  | [SCHEDULER] 🔁 ===== ITERATION 8 / 50 =====
execution-manager-grpc  | 
execution-manager-grpc  | [SCHEDULER] 🚀 Schedule started at T=0
execution-manager-grpc  | 
execution-manager-grpc  | [SCHEDULER] 🔄 Entering event loop (NO SLEEP - event-driven!)
execution-manager-grpc  | 
execution-manager-grpc  | [gRPC Client Async] Stream completed, received 1 responses
execution-manager-grpc  | [GRPC THREAD 1] Completed
execution-manager-grpc  | [EPOLL] T=10000 ms: epoll_wait returned 1 event(s)
execution-manager-grpc  | [EPOLL] event[0]: type=0 task=sum1
execution-manager-grpc  | [SCHEDULER] ⏰ T=10000 ms | T_wall=799884632.708 ms: Launching task 1 'sum1' (deadline: 30000 ms)
execution-manager-grpc  | [SCHEDULER] 🕐 Timeout armed for task 1 at T=30000 ms (in 20000 ms)
execution-manager-grpc  | [GRPC THREAD 1] Starting...
execution-manager-grpc  | [EXECUTION MANAGER] ⏱️ T1=799884632.794 ms | Sending gRPC request for task 1 'sum1'
execution-manager-grpc  | [gRPC Channel Pool] Reusing existing channel for localhost:50051 (state=2)
execution-manager-grpc  | [gRPC Client Async] Calling task 'sum1' at localhost:50051
execution-manager-grpc  | [gRPC Client Async] Inputs: {"total_ops": 100, "io_percentage": 50}
execution-manager-grpc  | [gRPC Client Async] Response #1 - Status: COMPLETED
execution-manager-grpc  | 🎉 [T=10273 ms] Task 1 'sum1' COMPLETED
execution-manager-grpc  | [EXECUTION MANAGER] ⏱️ T2=799884633.341 ms | Thread started (server measured)
execution-manager-grpc  | [EXECUTION MANAGER] ⏱️ T3=799884905.417 ms | Task completed (server measured)
execution-manager-grpc  | [EXECUTION MANAGER] ⏱️ T4=799884905.841 ms | Result received by client
execution-manager-grpc  |    [TASK EXECUTION] 272.076 ms (T3-T2, measured in thread)
execution-manager-grpc  |    [RESULT] {"result": 0}
execution-manager-grpc  | 
execution-manager-grpc  | ╔═══════════════════════════════════════════════════════════════╗
execution-manager-grpc  | ║           END-TO-END TIMING MEASUREMENT RECAP                 ║
execution-manager-grpc  | ║                   Task 1: sum1                                 
execution-manager-grpc  | ╠═══════════════════════════════════════════════════════════════╣
execution-manager-grpc  | ║ T1 (start_request)    = 799884632.794 ms                        ║
execution-manager-grpc  | ║ T2 (end_request)      = 799884633.341 ms                        ║
execution-manager-grpc  | ║ T3 (start_result)     = 799884905.417 ms                        ║
execution-manager-grpc  | ║ T4 (end_result)       = 799884905.841 ms                        ║
execution-manager-grpc  | ╠═══════════════════════════════════════════════════════════════╣
execution-manager-grpc  | ║ METRICS:                                                      ║
execution-manager-grpc  | ║   Request Latency    =        0.547 ms  (T2 - T1)            ║
execution-manager-grpc  | ║   Task Execution     =      272.076 ms  (T3 - T2)            ║
execution-manager-grpc  | ║   Response Latency   =        0.424 ms  (T4 - T3)            ║
execution-manager-grpc  | ║   Total End-to-End   =      273.047 ms  (T4 - T1)            ║
execution-manager-grpc  | ║   Network Overhead   =        0.971 ms  (Req + Resp)         ║
execution-manager-grpc  | ╚═══════════════════════════════════════════════════════════════╝
execution-manager-grpc  | 
execution-manager-grpc  | [EPOLL] T=10273 ms: epoll_wait returned 1 event(s)
execution-manager-grpc  | [EPOLL] event[0]: type=2 task=NULL
execution-manager-grpc  | [SCHEDULER] ✅ T=10273 ms: Task 1 'sum1' completed with status 2
execution-manager-grpc  | [SCHEDULER] 🔕 Timeout disarmed for task 1
execution-manager-grpc  | [SCHEDULER] 0 tasks remaining
execution-manager-grpc  | 
execution-manager-grpc  | [SCHEDULER] 🏁 Iteration 8/50 complete!
execution-manager-grpc  | [SCHEDULER] Iteration execution time: 10273 ms
execution-manager-grpc  | 
execution-manager-grpc  | 
execution-manager-grpc  | [SCHEDULER] 🔁 ===== ITERATION 9 / 50 =====
execution-manager-grpc  | 
execution-manager-grpc  | [SCHEDULER] 🚀 Schedule started at T=0
execution-manager-grpc  | 
execution-manager-grpc  | [SCHEDULER] 🔄 Entering event loop (NO SLEEP - event-driven!)
execution-manager-grpc  | 
execution-manager-grpc  | [gRPC Client Async] Stream completed, received 1 responses
execution-manager-grpc  | [GRPC THREAD 1] Completed
execution-manager-grpc  | [EPOLL] T=10000 ms: epoll_wait returned 1 event(s)
execution-manager-grpc  | [EPOLL] event[0]: type=0 task=sum1
execution-manager-grpc  | [SCHEDULER] ⏰ T=10000 ms | T_wall=799894905.958 ms: Launching task 1 'sum1' (deadline: 30000 ms)
execution-manager-grpc  | [SCHEDULER] 🕐 Timeout armed for task 1 at T=30000 ms (in 19999 ms)
execution-manager-grpc  | [GRPC THREAD 1] Starting...
execution-manager-grpc  | [EXECUTION MANAGER] ⏱️ T1=799894906.046 ms | Sending gRPC request for task 1 'sum1'
execution-manager-grpc  | [gRPC Channel Pool] Reusing existing channel for localhost:50051 (state=2)
execution-manager-grpc  | [gRPC Client Async] Calling task 'sum1' at localhost:50051
execution-manager-grpc  | [gRPC Client Async] Inputs: {"total_ops": 100, "io_percentage": 50}
execution-manager-grpc  | [gRPC Client Async] Response #1 - Status: COMPLETED
execution-manager-grpc  | 🎉 [T=10274 ms] Task 1 'sum1' COMPLETED
execution-manager-grpc  | [EXECUTION MANAGER] ⏱️ T2=799894906.728 ms | Thread started (server measured)
execution-manager-grpc  | [EXECUTION MANAGER] ⏱️ T3=799895178.865 ms | Task completed (server measured)
execution-manager-grpc  | [EXECUTION MANAGER] ⏱️ T4=799895179.269 ms | Result received by client
execution-manager-grpc  |    [TASK EXECUTION] 272.136 ms (T3-T2, measured in thread)
execution-manager-grpc  |    [RESULT] {"result": 0}
execution-manager-grpc  | 
execution-manager-grpc  | ╔═══════════════════════════════════════════════════════════════╗
execution-manager-grpc  | ║           END-TO-END TIMING MEASUREMENT RECAP                 ║
execution-manager-grpc  | ║                   Task 1: sum1                                 
execution-manager-grpc  | ╠═══════════════════════════════════════════════════════════════╣
execution-manager-grpc  | ║ T1 (start_request)    = 799894906.046 ms                        ║
execution-manager-grpc  | ║ T2 (end_request)      = 799894906.728 ms                        ║
execution-manager-grpc  | ║ T3 (start_result)     = 799895178.865 ms                        ║
execution-manager-grpc  | ║ T4 (end_result)       = 799895179.269 ms                        ║
execution-manager-grpc  | ╠═══════════════════════════════════════════════════════════════╣
execution-manager-grpc  | ║ METRICS:                                                      ║
execution-manager-grpc  | ║   Request Latency    =        0.683 ms  (T2 - T1)            ║
execution-manager-grpc  | ║   Task Execution     =      272.136 ms  (T3 - T2)            ║
execution-manager-grpc  | ║   Response Latency   =        0.404 ms  (T4 - T3)            ║
execution-manager-grpc  | ║   Total End-to-End   =      273.223 ms  (T4 - T1)            ║
execution-manager-grpc  | ║   Network Overhead   =        1.087 ms  (Req + Resp)         ║
execution-manager-grpc  | ╚═══════════════════════════════════════════════════════════════╝
execution-manager-grpc  | 
execution-manager-grpc  | [EPOLL] T=10274 ms: epoll_wait returned 1 event(s)
execution-manager-grpc  | [EPOLL] event[0]: type=2 task=NULL
execution-manager-grpc  | [SCHEDULER] ✅ T=10274 ms: Task 1 'sum1' completed with status 2
execution-manager-grpc  | [SCHEDULER] 🔕 Timeout disarmed for task 1
execution-manager-grpc  | [SCHEDULER] 0 tasks remaining
execution-manager-grpc  | 
execution-manager-grpc  | [SCHEDULER] 🏁 Iteration 9/50 complete!
execution-manager-grpc  | [SCHEDULER] Iteration execution time: 10274 ms
execution-manager-grpc  | 
execution-manager-grpc  | 
execution-manager-grpc  | [SCHEDULER] 🔁 ===== ITERATION 10 / 50 =====
execution-manager-grpc  | 
execution-manager-grpc  | [SCHEDULER] 🚀 Schedule started at T=0
execution-manager-grpc  | 
execution-manager-grpc  | [SCHEDULER] 🔄 Entering event loop (NO SLEEP - event-driven!)
execution-manager-grpc  | 
execution-manager-grpc  | [gRPC Client Async] Stream completed, received 1 responses
execution-manager-grpc  | [GRPC THREAD 1] Completed
execution-manager-grpc  | [EPOLL] T=10000 ms: epoll_wait returned 1 event(s)
execution-manager-grpc  | [EPOLL] event[0]: type=0 task=sum1
execution-manager-grpc  | [SCHEDULER] ⏰ T=10000 ms | T_wall=799905179.387 ms: Launching task 1 'sum1' (deadline: 30000 ms)
execution-manager-grpc  | [SCHEDULER] 🕐 Timeout armed for task 1 at T=30000 ms (in 20000 ms)
execution-manager-grpc  | [GRPC THREAD 1] Starting...
execution-manager-grpc  | [EXECUTION MANAGER] ⏱️ T1=799905179.466 ms | Sending gRPC request for task 1 'sum1'
execution-manager-grpc  | [gRPC Channel Pool] Reusing existing channel for localhost:50051 (state=2)
execution-manager-grpc  | [gRPC Client Async] Calling task 'sum1' at localhost:50051
execution-manager-grpc  | [gRPC Client Async] Inputs: {"total_ops": 100, "io_percentage": 50}
execution-manager-grpc  | [gRPC Client Async] Response #1 - Status: COMPLETED
execution-manager-grpc  | 🎉 [T=10273 ms] Task 1 'sum1' COMPLETED
execution-manager-grpc  | [EXECUTION MANAGER] ⏱️ T2=799905180.006 ms | Thread started (server measured)
execution-manager-grpc  | [EXECUTION MANAGER] ⏱️ T3=799905452.160 ms | Task completed (server measured)
execution-manager-grpc  | [EXECUTION MANAGER] ⏱️ T4=799905452.648 ms | Result received by client
execution-manager-grpc  |    [TASK EXECUTION] 272.154 ms (T3-T2, measured in thread)
execution-manager-grpc  |    [RESULT] {"result": 0}
execution-manager-grpc  | 
execution-manager-grpc  | ╔═══════════════════════════════════════════════════════════════╗
execution-manager-grpc  | ║           END-TO-END TIMING MEASUREMENT RECAP                 ║
execution-manager-grpc  | ║                   Task 1: sum1                                 
execution-manager-grpc  | ╠═══════════════════════════════════════════════════════════════╣
execution-manager-grpc  | ║ T1 (start_request)    = 799905179.466 ms                        ║
execution-manager-grpc  | ║ T2 (end_request)      = 799905180.006 ms                        ║
execution-manager-grpc  | ║ T3 (start_result)     = 799905452.160 ms                        ║
execution-manager-grpc  | ║ T4 (end_result)       = 799905452.648 ms                        ║
execution-manager-grpc  | ╠═══════════════════════════════════════════════════════════════╣
execution-manager-grpc  | ║ METRICS:                                                      ║
execution-manager-grpc  | ║   Request Latency    =        0.541 ms  (T2 - T1)            ║
execution-manager-grpc  | ║   Task Execution     =      272.154 ms  (T3 - T2)            ║
execution-manager-grpc  | ║   Response Latency   =        0.488 ms  (T4 - T3)            ║
execution-manager-grpc  | ║   Total End-to-End   =      273.182 ms  (T4 - T1)            ║
execution-manager-grpc  | ║   Network Overhead   =        1.028 ms  (Req + Resp)         ║
execution-manager-grpc  | ╚═══════════════════════════════════════════════════════════════╝
execution-manager-grpc  | 
execution-manager-grpc  | [EPOLL] T=10273 ms: epoll_wait returned 1 event(s)
execution-manager-grpc  | [EPOLL] event[0]: type=2 task=NULL
execution-manager-grpc  | [SCHEDULER] ✅ T=10273 ms: Task 1 'sum1' completed with status 2
execution-manager-grpc  | [SCHEDULER] 🔕 Timeout disarmed for task 1
execution-manager-grpc  | [SCHEDULER] 0 tasks remaining
execution-manager-grpc  | 
execution-manager-grpc  | [SCHEDULER] 🏁 Iteration 10/50 complete!
execution-manager-grpc  | [SCHEDULER] Iteration execution time: 10273 ms
execution-manager-grpc  | 
execution-manager-grpc  | 
execution-manager-grpc  | [SCHEDULER] 🔁 ===== ITERATION 11 / 50 =====
execution-manager-grpc  | 
execution-manager-grpc  | [SCHEDULER] 🚀 Schedule started at T=0
execution-manager-grpc  | 
execution-manager-grpc  | [SCHEDULER] 🔄 Entering event loop (NO SLEEP - event-driven!)
execution-manager-grpc  | 
execution-manager-grpc  | [gRPC Client Async] Stream completed, received 1 responses
execution-manager-grpc  | [GRPC THREAD 1] Completed
execution-manager-grpc  | [EPOLL] T=10000 ms: epoll_wait returned 1 event(s)
execution-manager-grpc  | [EPOLL] event[0]: type=0 task=sum1
execution-manager-grpc  | [SCHEDULER] ⏰ T=10000 ms | T_wall=799915452.756 ms: Launching task 1 'sum1' (deadline: 30000 ms)
execution-manager-grpc  | [SCHEDULER] 🕐 Timeout armed for task 1 at T=30000 ms (in 20000 ms)
execution-manager-grpc  | [GRPC THREAD 1] Starting...
execution-manager-grpc  | [EXECUTION MANAGER] ⏱️ T1=799915452.838 ms | Sending gRPC request for task 1 'sum1'
execution-manager-grpc  | [gRPC Channel Pool] Reusing existing channel for localhost:50051 (state=2)
execution-manager-grpc  | [gRPC Client Async] Calling task 'sum1' at localhost:50051
execution-manager-grpc  | [gRPC Client Async] Inputs: {"total_ops": 100, "io_percentage": 50}
execution-manager-grpc  | [gRPC Client Async] Response #1 - Status: COMPLETED
execution-manager-grpc  | 🎉 [T=10274 ms] Task 1 'sum1' COMPLETED
execution-manager-grpc  | [EXECUTION MANAGER] ⏱️ T2=799915453.461 ms | Thread started (server measured)
execution-manager-grpc  | [EXECUTION MANAGER] ⏱️ T3=799915725.553 ms | Task completed (server measured)
execution-manager-grpc  | [EXECUTION MANAGER] ⏱️ T4=799915726.046 ms | Result received by client
execution-manager-grpc  |    [TASK EXECUTION] 272.092 ms (T3-T2, measured in thread)
execution-manager-grpc  |    [RESULT] {"result": 0}
execution-manager-grpc  | 
execution-manager-grpc  | ╔═══════════════════════════════════════════════════════════════╗
execution-manager-grpc  | ║           END-TO-END TIMING MEASUREMENT RECAP                 ║
execution-manager-grpc  | ║                   Task 1: sum1                                 
execution-manager-grpc  | ╠═══════════════════════════════════════════════════════════════╣
execution-manager-grpc  | ║ T1 (start_request)    = 799915452.838 ms                        ║
execution-manager-grpc  | ║ T2 (end_request)      = 799915453.461 ms                        ║
execution-manager-grpc  | ║ T3 (start_result)     = 799915725.553 ms                        ║
execution-manager-grpc  | ║ T4 (end_result)       = 799915726.046 ms                        ║
execution-manager-grpc  | ╠═══════════════════════════════════════════════════════════════╣
execution-manager-grpc  | ║ METRICS:                                                      ║
execution-manager-grpc  | ║   Request Latency    =        0.623 ms  (T2 - T1)            ║
execution-manager-grpc  | ║   Task Execution     =      272.092 ms  (T3 - T2)            ║
execution-manager-grpc  | ║   Response Latency   =        0.493 ms  (T4 - T3)            ║
execution-manager-grpc  | ║   Total End-to-End   =      273.208 ms  (T4 - T1)            ║
execution-manager-grpc  | ║   Network Overhead   =        1.116 ms  (Req + Resp)         ║
execution-manager-grpc  | ╚═══════════════════════════════════════════════════════════════╝
execution-manager-grpc  | 
execution-manager-grpc  | [EPOLL] T=10274 ms: epoll_wait returned 1 event(s)
execution-manager-grpc  | [EPOLL] event[0]: type=2 task=NULL
execution-manager-grpc  | [SCHEDULER] ✅ T=10274 ms: Task 1 'sum1' completed with status 2
execution-manager-grpc  | [SCHEDULER] 🔕 Timeout disarmed for task 1
execution-manager-grpc  | [SCHEDULER] 0 tasks remaining
execution-manager-grpc  | 
execution-manager-grpc  | [SCHEDULER] 🏁 Iteration 11/50 complete!
execution-manager-grpc  | [SCHEDULER] Iteration execution time: 10274 ms
execution-manager-grpc  | 
execution-manager-grpc  | 
execution-manager-grpc  | [SCHEDULER] 🔁 ===== ITERATION 12 / 50 =====
execution-manager-grpc  | 
execution-manager-grpc  | [SCHEDULER] 🚀 Schedule started at T=0
execution-manager-grpc  | 
execution-manager-grpc  | [SCHEDULER] 🔄 Entering event loop (NO SLEEP - event-driven!)
execution-manager-grpc  | 
execution-manager-grpc  | [gRPC Client Async] Stream completed, received 1 responses
execution-manager-grpc  | [GRPC THREAD 1] Completed
execution-manager-grpc  | [EPOLL] T=10000 ms: epoll_wait returned 1 event(s)
execution-manager-grpc  | [EPOLL] event[0]: type=0 task=sum1
execution-manager-grpc  | [SCHEDULER] ⏰ T=10000 ms | T_wall=799925726.156 ms: Launching task 1 'sum1' (deadline: 30000 ms)
execution-manager-grpc  | [SCHEDULER] 🕐 Timeout armed for task 1 at T=30000 ms (in 20000 ms)
execution-manager-grpc  | [GRPC THREAD 1] Starting...
execution-manager-grpc  | [EXECUTION MANAGER] ⏱️ T1=799925726.267 ms | Sending gRPC request for task 1 'sum1'
execution-manager-grpc  | [gRPC Channel Pool] Reusing existing channel for localhost:50051 (state=2)
execution-manager-grpc  | [gRPC Client Async] Calling task 'sum1' at localhost:50051
execution-manager-grpc  | [gRPC Client Async] Inputs: {"total_ops": 100, "io_percentage": 50}
execution-manager-grpc  | [gRPC Client Async] Response #1 - Status: COMPLETED
execution-manager-grpc  | 🎉 [T=10273 ms] Task 1 'sum1' COMPLETED
execution-manager-grpc  | [EXECUTION MANAGER] ⏱️ T2=799925726.826 ms | Thread started (server measured)
execution-manager-grpc  | [EXECUTION MANAGER] ⏱️ T3=799925999.009 ms | Task completed (server measured)
execution-manager-grpc  | [EXECUTION MANAGER] ⏱️ T4=799925999.442 ms | Result received by client
execution-manager-grpc  |    [TASK EXECUTION] 272.183 ms (T3-T2, measured in thread)
execution-manager-grpc  |    [RESULT] {"result": 0}
execution-manager-grpc  | 
execution-manager-grpc  | ╔═══════════════════════════════════════════════════════════════╗
execution-manager-grpc  | ║           END-TO-END TIMING MEASUREMENT RECAP                 ║
execution-manager-grpc  | ║                   Task 1: sum1                                 
execution-manager-grpc  | ╠═══════════════════════════════════════════════════════════════╣
execution-manager-grpc  | ║ T1 (start_request)    = 799925726.267 ms                        ║
execution-manager-grpc  | ║ T2 (end_request)      = 799925726.826 ms                        ║
execution-manager-grpc  | ║ T3 (start_result)     = 799925999.009 ms                        ║
execution-manager-grpc  | ║ T4 (end_result)       = 799925999.442 ms                        ║
execution-manager-grpc  | ╠═══════════════════════════════════════════════════════════════╣
execution-manager-grpc  | ║ METRICS:                                                      ║
execution-manager-grpc  | ║   Request Latency    =        0.559 ms  (T2 - T1)            ║
execution-manager-grpc  | ║   Task Execution     =      272.183 ms  (T3 - T2)            ║
execution-manager-grpc  | ║   Response Latency   =        0.433 ms  (T4 - T3)            ║
execution-manager-grpc  | ║   Total End-to-End   =      273.175 ms  (T4 - T1)            ║
execution-manager-grpc  | ║   Network Overhead   =        0.992 ms  (Req + Resp)         ║
execution-manager-grpc  | ╚═══════════════════════════════════════════════════════════════╝
execution-manager-grpc  | 
execution-manager-grpc  | [EPOLL] T=10273 ms: epoll_wait returned 1 event(s)
execution-manager-grpc  | [EPOLL] event[0]: type=2 task=NULL
execution-manager-grpc  | [SCHEDULER] ✅ T=10273 ms: Task 1 'sum1' completed with status 2
execution-manager-grpc  | [SCHEDULER] 🔕 Timeout disarmed for task 1
execution-manager-grpc  | [SCHEDULER] 0 tasks remaining
execution-manager-grpc  | 
execution-manager-grpc  | [SCHEDULER] 🏁 Iteration 12/50 complete!
execution-manager-grpc  | [SCHEDULER] Iteration execution time: 10273 ms
execution-manager-grpc  | 
execution-manager-grpc  | 
execution-manager-grpc  | [SCHEDULER] 🔁 ===== ITERATION 13 / 50 =====
execution-manager-grpc  | 
execution-manager-grpc  | [SCHEDULER] 🚀 Schedule started at T=0
execution-manager-grpc  | 
execution-manager-grpc  | [SCHEDULER] 🔄 Entering event loop (NO SLEEP - event-driven!)
execution-manager-grpc  | 
execution-manager-grpc  | [gRPC Client Async] Stream completed, received 1 responses
execution-manager-grpc  | [GRPC THREAD 1] Completed
execution-manager-grpc  | [EPOLL] T=10000 ms: epoll_wait returned 1 event(s)
execution-manager-grpc  | [EPOLL] event[0]: type=0 task=sum1
execution-manager-grpc  | [SCHEDULER] ⏰ T=10000 ms | T_wall=799935999.556 ms: Launching task 1 'sum1' (deadline: 30000 ms)
execution-manager-grpc  | [SCHEDULER] 🕐 Timeout armed for task 1 at T=30000 ms (in 20000 ms)
execution-manager-grpc  | [GRPC THREAD 1] Starting...
execution-manager-grpc  | [EXECUTION MANAGER] ⏱️ T1=799935999.637 ms | Sending gRPC request for task 1 'sum1'
execution-manager-grpc  | [gRPC Channel Pool] Reusing existing channel for localhost:50051 (state=2)
execution-manager-grpc  | [gRPC Client Async] Calling task 'sum1' at localhost:50051
execution-manager-grpc  | [gRPC Client Async] Inputs: {"total_ops": 100, "io_percentage": 50}
execution-manager-grpc  | [gRPC Client Async] Response #1 - Status: COMPLETED
execution-manager-grpc  | 🎉 [T=10273 ms] Task 1 'sum1' COMPLETED
execution-manager-grpc  | [EXECUTION MANAGER] ⏱️ T2=799936000.220 ms | Thread started (server measured)
execution-manager-grpc  | [EXECUTION MANAGER] ⏱️ T3=799936272.346 ms | Task completed (server measured)
execution-manager-grpc  | [EXECUTION MANAGER] ⏱️ T4=799936272.784 ms | Result received by client
execution-manager-grpc  |    [TASK EXECUTION] 272.126 ms (T3-T2, measured in thread)
execution-manager-grpc  |    [RESULT] {"result": 0}
execution-manager-grpc  | 
execution-manager-grpc  | ╔═══════════════════════════════════════════════════════════════╗
execution-manager-grpc  | ║           END-TO-END TIMING MEASUREMENT RECAP                 ║
execution-manager-grpc  | ║                   Task 1: sum1                                 
execution-manager-grpc  | ╠═══════════════════════════════════════════════════════════════╣
execution-manager-grpc  | ║ T1 (start_request)    = 799935999.637 ms                        ║
execution-manager-grpc  | ║ T2 (end_request)      = 799936000.220 ms                        ║
execution-manager-grpc  | ║ T3 (start_result)     = 799936272.346 ms                        ║
execution-manager-grpc  | ║ T4 (end_result)       = 799936272.784 ms                        ║
execution-manager-grpc  | ╠═══════════════════════════════════════════════════════════════╣
execution-manager-grpc  | ║ METRICS:                                                      ║
execution-manager-grpc  | ║   Request Latency    =        0.583 ms  (T2 - T1)            ║
execution-manager-grpc  | ║   Task Execution     =      272.126 ms  (T3 - T2)            ║
execution-manager-grpc  | ║   Response Latency   =        0.438 ms  (T4 - T3)            ║
execution-manager-grpc  | ║   Total End-to-End   =      273.147 ms  (T4 - T1)            ║
execution-manager-grpc  | ║   Network Overhead   =        1.021 ms  (Req + Resp)         ║
execution-manager-grpc  | ╚═══════════════════════════════════════════════════════════════╝
execution-manager-grpc  | 
execution-manager-grpc  | [EPOLL] T=10273 ms: epoll_wait returned 1 event(s)
execution-manager-grpc  | [EPOLL] event[0]: type=2 task=NULL
execution-manager-grpc  | [SCHEDULER] ✅ T=10273 ms: Task 1 'sum1' completed with status 2
execution-manager-grpc  | [SCHEDULER] 🔕 Timeout disarmed for task 1
execution-manager-grpc  | [SCHEDULER] 0 tasks remaining
execution-manager-grpc  | 
execution-manager-grpc  | [SCHEDULER] 🏁 Iteration 13/50 complete!
execution-manager-grpc  | [SCHEDULER] Iteration execution time: 10273 ms
execution-manager-grpc  | 
execution-manager-grpc  | 
execution-manager-grpc  | [SCHEDULER] 🔁 ===== ITERATION 14 / 50 =====
execution-manager-grpc  | 
execution-manager-grpc  | [SCHEDULER] 🚀 Schedule started at T=0
execution-manager-grpc  | 
execution-manager-grpc  | [SCHEDULER] 🔄 Entering event loop (NO SLEEP - event-driven!)
execution-manager-grpc  | 
execution-manager-grpc  | [gRPC Client Async] Stream completed, received 1 responses
execution-manager-grpc  | [GRPC THREAD 1] Completed
execution-manager-grpc  | [EPOLL] T=10000 ms: epoll_wait returned 1 event(s)
execution-manager-grpc  | [EPOLL] event[0]: type=0 task=sum1
execution-manager-grpc  | [SCHEDULER] ⏰ T=10000 ms | T_wall=799946272.898 ms: Launching task 1 'sum1' (deadline: 30000 ms)
execution-manager-grpc  | [SCHEDULER] 🕐 Timeout armed for task 1 at T=30000 ms (in 20000 ms)
execution-manager-grpc  | [GRPC THREAD 1] Starting...
execution-manager-grpc  | [EXECUTION MANAGER] ⏱️ T1=799946272.982 ms | Sending gRPC request for task 1 'sum1'
execution-manager-grpc  | [gRPC Channel Pool] Reusing existing channel for localhost:50051 (state=2)
execution-manager-grpc  | [gRPC Client Async] Calling task 'sum1' at localhost:50051
execution-manager-grpc  | [gRPC Client Async] Inputs: {"total_ops": 100, "io_percentage": 50}
execution-manager-grpc  | [gRPC Client Async] Response #1 - Status: COMPLETED
execution-manager-grpc  | 🎉 [T=10274 ms] Task 1 'sum1' COMPLETED
execution-manager-grpc  | [EXECUTION MANAGER] ⏱️ T2=799946273.690 ms | Thread started (server measured)
execution-manager-grpc  | [EXECUTION MANAGER] ⏱️ T3=799946545.878 ms | Task completed (server measured)
execution-manager-grpc  | [EXECUTION MANAGER] ⏱️ T4=799946546.308 ms | Result received by client
execution-manager-grpc  |    [TASK EXECUTION] 272.188 ms (T3-T2, measured in thread)
execution-manager-grpc  |    [RESULT] {"result": 0}
execution-manager-grpc  | 
execution-manager-grpc  | ╔═══════════════════════════════════════════════════════════════╗
execution-manager-grpc  | ║           END-TO-END TIMING MEASUREMENT RECAP                 ║
execution-manager-grpc  | ║                   Task 1: sum1                                 
execution-manager-grpc  | ╠═══════════════════════════════════════════════════════════════╣
execution-manager-grpc  | ║ T1 (start_request)    = 799946272.982 ms                        ║
execution-manager-grpc  | ║ T2 (end_request)      = 799946273.690 ms                        ║
execution-manager-grpc  | ║ T3 (start_result)     = 799946545.878 ms                        ║
execution-manager-grpc  | ║ T4 (end_result)       = 799946546.308 ms                        ║
execution-manager-grpc  | ╠═══════════════════════════════════════════════════════════════╣
execution-manager-grpc  | ║ METRICS:                                                      ║
execution-manager-grpc  | ║   Request Latency    =        0.708 ms  (T2 - T1)            ║
execution-manager-grpc  | ║   Task Execution     =      272.188 ms  (T3 - T2)            ║
execution-manager-grpc  | ║   Response Latency   =        0.430 ms  (T4 - T3)            ║
execution-manager-grpc  | ║   Total End-to-End   =      273.325 ms  (T4 - T1)            ║
execution-manager-grpc  | ║   Network Overhead   =        1.137 ms  (Req + Resp)         ║
execution-manager-grpc  | ╚═══════════════════════════════════════════════════════════════╝
execution-manager-grpc  | 
execution-manager-grpc  | [EPOLL] T=10274 ms: epoll_wait returned 1 event(s)
execution-manager-grpc  | [EPOLL] event[0]: type=2 task=NULL
execution-manager-grpc  | [SCHEDULER] ✅ T=10274 ms: Task 1 'sum1' completed with status 2
execution-manager-grpc  | [SCHEDULER] 🔕 Timeout disarmed for task 1
execution-manager-grpc  | [SCHEDULER] 0 tasks remaining
execution-manager-grpc  | 
execution-manager-grpc  | [SCHEDULER] 🏁 Iteration 14/50 complete!
execution-manager-grpc  | [SCHEDULER] Iteration execution time: 10274 ms
execution-manager-grpc  | 
execution-manager-grpc  | 
execution-manager-grpc  | [SCHEDULER] 🔁 ===== ITERATION 15 / 50 =====
execution-manager-grpc  | 
execution-manager-grpc  | [SCHEDULER] 🚀 Schedule started at T=0
execution-manager-grpc  | 
execution-manager-grpc  | [SCHEDULER] 🔄 Entering event loop (NO SLEEP - event-driven!)
execution-manager-grpc  | 
execution-manager-grpc  | [gRPC Client Async] Stream completed, received 1 responses
execution-manager-grpc  | [GRPC THREAD 1] Completed
execution-manager-grpc  | [EPOLL] T=10000 ms: epoll_wait returned 1 event(s)
execution-manager-grpc  | [EPOLL] event[0]: type=0 task=sum1
execution-manager-grpc  | [SCHEDULER] ⏰ T=10000 ms | T_wall=799956546.428 ms: Launching task 1 'sum1' (deadline: 30000 ms)
execution-manager-grpc  | [SCHEDULER] 🕐 Timeout armed for task 1 at T=30000 ms (in 20000 ms)
execution-manager-grpc  | [GRPC THREAD 1] Starting...
execution-manager-grpc  | [EXECUTION MANAGER] ⏱️ T1=799956546.506 ms | Sending gRPC request for task 1 'sum1'
execution-manager-grpc  | [gRPC Channel Pool] Reusing existing channel for localhost:50051 (state=2)
execution-manager-grpc  | [gRPC Client Async] Calling task 'sum1' at localhost:50051
execution-manager-grpc  | [gRPC Client Async] Inputs: {"total_ops": 100, "io_percentage": 50}
execution-manager-grpc  | [gRPC Client Async] Response #1 - Status: COMPLETED
execution-manager-grpc  | 🎉 [T=10273 ms] Task 1 'sum1' COMPLETED
execution-manager-grpc  | [EXECUTION MANAGER] ⏱️ T2=799956547.069 ms | Thread started (server measured)
execution-manager-grpc  | [EXECUTION MANAGER] ⏱️ T3=799956819.272 ms | Task completed (server measured)
execution-manager-grpc  | [EXECUTION MANAGER] ⏱️ T4=799956819.761 ms | Result received by client
execution-manager-grpc  |    [TASK EXECUTION] 272.203 ms (T3-T2, measured in thread)
execution-manager-grpc  |    [RESULT] {"result": 0}
execution-manager-grpc  | 
execution-manager-grpc  | ╔═══════════════════════════════════════════════════════════════╗
execution-manager-grpc  | ║           END-TO-END TIMING MEASUREMENT RECAP                 ║
execution-manager-grpc  | ║                   Task 1: sum1                                 
execution-manager-grpc  | ╠═══════════════════════════════════════════════════════════════╣
execution-manager-grpc  | ║ T1 (start_request)    = 799956546.506 ms                        ║
execution-manager-grpc  | ║ T2 (end_request)      = 799956547.069 ms                        ║
execution-manager-grpc  | ║ T3 (start_result)     = 799956819.272 ms                        ║
execution-manager-grpc  | ║ T4 (end_result)       = 799956819.761 ms                        ║
execution-manager-grpc  | ╠═══════════════════════════════════════════════════════════════╣
execution-manager-grpc  | ║ METRICS:                                                      ║
execution-manager-grpc  | ║   Request Latency    =        0.563 ms  (T2 - T1)            ║
execution-manager-grpc  | ║   Task Execution     =      272.203 ms  (T3 - T2)            ║
execution-manager-grpc  | ║   Response Latency   =        0.489 ms  (T4 - T3)            ║
execution-manager-grpc  | ║   Total End-to-End   =      273.255 ms  (T4 - T1)            ║
execution-manager-grpc  | ║   Network Overhead   =        1.052 ms  (Req + Resp)         ║
execution-manager-grpc  | ╚═══════════════════════════════════════════════════════════════╝
execution-manager-grpc  | 
execution-manager-grpc  | [EPOLL] T=10273 ms: epoll_wait returned 1 event(s)
execution-manager-grpc  | [EPOLL] event[0]: type=2 task=NULL
execution-manager-grpc  | [SCHEDULER] ✅ T=10273 ms: Task 1 'sum1' completed with status 2
execution-manager-grpc  | [SCHEDULER] 🔕 Timeout disarmed for task 1
execution-manager-grpc  | [SCHEDULER] 0 tasks remaining
execution-manager-grpc  | 
execution-manager-grpc  | [SCHEDULER] 🏁 Iteration 15/50 complete!
execution-manager-grpc  | [SCHEDULER] Iteration execution time: 10273 ms
execution-manager-grpc  | 
execution-manager-grpc  | 
execution-manager-grpc  | [SCHEDULER] 🔁 ===== ITERATION 16 / 50 =====
execution-manager-grpc  | 
execution-manager-grpc  | [SCHEDULER] 🚀 Schedule started at T=0
execution-manager-grpc  | 
execution-manager-grpc  | [SCHEDULER] 🔄 Entering event loop (NO SLEEP - event-driven!)
execution-manager-grpc  | 
execution-manager-grpc  | [gRPC Client Async] Stream completed, received 1 responses
execution-manager-grpc  | [GRPC THREAD 1] Completed
execution-manager-grpc  | [EPOLL] T=10000 ms: epoll_wait returned 1 event(s)
execution-manager-grpc  | [EPOLL] event[0]: type=0 task=sum1
execution-manager-grpc  | [SCHEDULER] ⏰ T=10000 ms | T_wall=799966819.868 ms: Launching task 1 'sum1' (deadline: 30000 ms)
execution-manager-grpc  | [SCHEDULER] 🕐 Timeout armed for task 1 at T=30000 ms (in 20000 ms)
execution-manager-grpc  | [GRPC THREAD 1] Starting...
execution-manager-grpc  | [EXECUTION MANAGER] ⏱️ T1=799966819.957 ms | Sending gRPC request for task 1 'sum1'
execution-manager-grpc  | [gRPC Channel Pool] Reusing existing channel for localhost:50051 (state=2)
execution-manager-grpc  | [gRPC Client Async] Calling task 'sum1' at localhost:50051
execution-manager-grpc  | [gRPC Client Async] Inputs: {"total_ops": 100, "io_percentage": 50}
execution-manager-grpc  | [gRPC Client Async] Response #1 - Status: COMPLETED
execution-manager-grpc  | 🎉 [T=10274 ms] Task 1 'sum1' COMPLETED
execution-manager-grpc  | [EXECUTION MANAGER] ⏱️ T2=799966820.618 ms | Thread started (server measured)
execution-manager-grpc  | [EXECUTION MANAGER] ⏱️ T3=799967092.878 ms | Task completed (server measured)
execution-manager-grpc  | [EXECUTION MANAGER] ⏱️ T4=799967093.341 ms | Result received by client
execution-manager-grpc  |    [TASK EXECUTION] 272.261 ms (T3-T2, measured in thread)
execution-manager-grpc  |    [RESULT] {"result": 0}
execution-manager-grpc  | 
execution-manager-grpc  | ╔═══════════════════════════════════════════════════════════════╗
execution-manager-grpc  | ║           END-TO-END TIMING MEASUREMENT RECAP                 ║
execution-manager-grpc  | ║                   Task 1: sum1                                 
execution-manager-grpc  | ╠═══════════════════════════════════════════════════════════════╣
execution-manager-grpc  | ║ T1 (start_request)    = 799966819.957 ms                        ║
execution-manager-grpc  | ║ T2 (end_request)      = 799966820.618 ms                        ║
execution-manager-grpc  | ║ T3 (start_result)     = 799967092.878 ms                        ║
execution-manager-grpc  | ║ T4 (end_result)       = 799967093.341 ms                        ║
execution-manager-grpc  | ╠═══════════════════════════════════════════════════════════════╣
execution-manager-grpc  | ║ METRICS:                                                      ║
execution-manager-grpc  | ║   Request Latency    =        0.660 ms  (T2 - T1)            ║
execution-manager-grpc  | ║   Task Execution     =      272.261 ms  (T3 - T2)            ║
execution-manager-grpc  | ║   Response Latency   =        0.463 ms  (T4 - T3)            ║
execution-manager-grpc  | ║   Total End-to-End   =      273.383 ms  (T4 - T1)            ║
execution-manager-grpc  | ║   Network Overhead   =        1.123 ms  (Req + Resp)         ║
execution-manager-grpc  | ╚═══════════════════════════════════════════════════════════════╝
execution-manager-grpc  | 
execution-manager-grpc  | [EPOLL] T=10274 ms: epoll_wait returned 1 event(s)
execution-manager-grpc  | [EPOLL] event[0]: type=2 task=NULL
execution-manager-grpc  | [SCHEDULER] ✅ T=10274 ms: Task 1 'sum1' completed with status 2
execution-manager-grpc  | [SCHEDULER] 🔕 Timeout disarmed for task 1
execution-manager-grpc  | [SCHEDULER] 0 tasks remaining
execution-manager-grpc  | 
execution-manager-grpc  | [SCHEDULER] 🏁 Iteration 16/50 complete!
execution-manager-grpc  | [SCHEDULER] Iteration execution time: 10274 ms
execution-manager-grpc  | 
execution-manager-grpc  | 
execution-manager-grpc  | [SCHEDULER] 🔁 ===== ITERATION 17 / 50 =====
execution-manager-grpc  | 
execution-manager-grpc  | [SCHEDULER] 🚀 Schedule started at T=0
execution-manager-grpc  | 
execution-manager-grpc  | [SCHEDULER] 🔄 Entering event loop (NO SLEEP - event-driven!)
execution-manager-grpc  | 
execution-manager-grpc  | [gRPC Client Async] Stream completed, received 1 responses
execution-manager-grpc  | [GRPC THREAD 1] Completed
execution-manager-grpc  | [EPOLL] T=10000 ms: epoll_wait returned 1 event(s)
execution-manager-grpc  | [EPOLL] event[0]: type=0 task=sum1
execution-manager-grpc  | [SCHEDULER] ⏰ T=10000 ms | T_wall=799977093.448 ms: Launching task 1 'sum1' (deadline: 30000 ms)
execution-manager-grpc  | [SCHEDULER] 🕐 Timeout armed for task 1 at T=30000 ms (in 20000 ms)
execution-manager-grpc  | [GRPC THREAD 1] Starting...
execution-manager-grpc  | [EXECUTION MANAGER] ⏱️ T1=799977093.528 ms | Sending gRPC request for task 1 'sum1'
execution-manager-grpc  | [gRPC Channel Pool] Reusing existing channel for localhost:50051 (state=2)
execution-manager-grpc  | [gRPC Client Async] Calling task 'sum1' at localhost:50051
execution-manager-grpc  | [gRPC Client Async] Inputs: {"total_ops": 100, "io_percentage": 50}
execution-manager-grpc  | [gRPC Client Async] Response #1 - Status: COMPLETED
execution-manager-grpc  | 🎉 [T=10273 ms] Task 1 'sum1' COMPLETED
execution-manager-grpc  | [EXECUTION MANAGER] ⏱️ T2=799977094.096 ms | Thread started (server measured)
execution-manager-grpc  | [EXECUTION MANAGER] ⏱️ T3=799977366.276 ms | Task completed (server measured)
execution-manager-grpc  | [EXECUTION MANAGER] ⏱️ T4=799977366.681 ms | Result received by client
execution-manager-grpc  |    [TASK EXECUTION] 272.180 ms (T3-T2, measured in thread)
execution-manager-grpc  |    [RESULT] {"result": 0}
execution-manager-grpc  | 
execution-manager-grpc  | ╔═══════════════════════════════════════════════════════════════╗
execution-manager-grpc  | ║           END-TO-END TIMING MEASUREMENT RECAP                 ║
execution-manager-grpc  | ║                   Task 1: sum1                                 
execution-manager-grpc  | ╠═══════════════════════════════════════════════════════════════╣
execution-manager-grpc  | ║ T1 (start_request)    = 799977093.528 ms                        ║
execution-manager-grpc  | ║ T2 (end_request)      = 799977094.096 ms                        ║
execution-manager-grpc  | ║ T3 (start_result)     = 799977366.276 ms                        ║
execution-manager-grpc  | ║ T4 (end_result)       = 799977366.681 ms                        ║
execution-manager-grpc  | ╠═══════════════════════════════════════════════════════════════╣
execution-manager-grpc  | ║ METRICS:                                                      ║
execution-manager-grpc  | ║   Request Latency    =        0.568 ms  (T2 - T1)            ║
execution-manager-grpc  | ║   Task Execution     =      272.180 ms  (T3 - T2)            ║
execution-manager-grpc  | ║   Response Latency   =        0.404 ms  (T4 - T3)            ║
execution-manager-grpc  | ║   Total End-to-End   =      273.152 ms  (T4 - T1)            ║
execution-manager-grpc  | ║   Network Overhead   =        0.972 ms  (Req + Resp)         ║
execution-manager-grpc  | ╚═══════════════════════════════════════════════════════════════╝
execution-manager-grpc  | 
execution-manager-grpc  | [EPOLL] T=10273 ms: epoll_wait returned 1 event(s)
execution-manager-grpc  | [EPOLL] event[0]: type=2 task=NULL
execution-manager-grpc  | [SCHEDULER] ✅ T=10273 ms: Task 1 'sum1' completed with status 2
execution-manager-grpc  | [SCHEDULER] 🔕 Timeout disarmed for task 1
execution-manager-grpc  | [SCHEDULER] 0 tasks remaining
execution-manager-grpc  | 
execution-manager-grpc  | [SCHEDULER] 🏁 Iteration 17/50 complete!
execution-manager-grpc  | [SCHEDULER] Iteration execution time: 10273 ms
execution-manager-grpc  | 
execution-manager-grpc  | 
execution-manager-grpc  | [SCHEDULER] 🔁 ===== ITERATION 18 / 50 =====
execution-manager-grpc  | 
execution-manager-grpc  | [SCHEDULER] 🚀 Schedule started at T=0
execution-manager-grpc  | 
execution-manager-grpc  | [SCHEDULER] 🔄 Entering event loop (NO SLEEP - event-driven!)
execution-manager-grpc  | 
execution-manager-grpc  | [gRPC Client Async] Stream completed, received 1 responses
execution-manager-grpc  | [GRPC THREAD 1] Completed
execution-manager-grpc  | [EPOLL] T=10000 ms: epoll_wait returned 1 event(s)
execution-manager-grpc  | [EPOLL] event[0]: type=0 task=sum1
execution-manager-grpc  | [SCHEDULER] ⏰ T=10000 ms | T_wall=799987366.793 ms: Launching task 1 'sum1' (deadline: 30000 ms)
execution-manager-grpc  | [SCHEDULER] 🕐 Timeout armed for task 1 at T=30000 ms (in 20000 ms)
execution-manager-grpc  | [GRPC THREAD 1] Starting...
execution-manager-grpc  | [EXECUTION MANAGER] ⏱️ T1=799987366.875 ms | Sending gRPC request for task 1 'sum1'
execution-manager-grpc  | [gRPC Channel Pool] Reusing existing channel for localhost:50051 (state=2)
execution-manager-grpc  | [gRPC Client Async] Calling task 'sum1' at localhost:50051
execution-manager-grpc  | [gRPC Client Async] Inputs: {"total_ops": 100, "io_percentage": 50}
execution-manager-grpc  | [gRPC Client Async] Response #1 - Status: COMPLETED
execution-manager-grpc  | 🎉 [T=10274 ms] Task 1 'sum1' COMPLETED
execution-manager-grpc  | [EXECUTION MANAGER] ⏱️ T2=799987367.434 ms | Thread started (server measured)
execution-manager-grpc  | [EXECUTION MANAGER] ⏱️ T3=799987639.721 ms | Task completed (server measured)
execution-manager-grpc  | [EXECUTION MANAGER] ⏱️ T4=799987640.164 ms | Result received by client
execution-manager-grpc  |    [TASK EXECUTION] 272.286 ms (T3-T2, measured in thread)
execution-manager-grpc  |    [RESULT] {"result": 0}
execution-manager-grpc  | 
execution-manager-grpc  | ╔═══════════════════════════════════════════════════════════════╗
execution-manager-grpc  | ║           END-TO-END TIMING MEASUREMENT RECAP                 ║
execution-manager-grpc  | ║                   Task 1: sum1                                 
execution-manager-grpc  | ╠═══════════════════════════════════════════════════════════════╣
execution-manager-grpc  | ║ T1 (start_request)    = 799987366.875 ms                        ║
execution-manager-grpc  | ║ T2 (end_request)      = 799987367.434 ms                        ║
execution-manager-grpc  | ║ T3 (start_result)     = 799987639.721 ms                        ║
execution-manager-grpc  | ║ T4 (end_result)       = 799987640.164 ms                        ║
execution-manager-grpc  | ╠═══════════════════════════════════════════════════════════════╣
execution-manager-grpc  | ║ METRICS:                                                      ║
execution-manager-grpc  | ║   Request Latency    =        0.559 ms  (T2 - T1)            ║
execution-manager-grpc  | ║   Task Execution     =      272.286 ms  (T3 - T2)            ║
execution-manager-grpc  | ║   Response Latency   =        0.443 ms  (T4 - T3)            ║
execution-manager-grpc  | ║   Total End-to-End   =      273.289 ms  (T4 - T1)            ║
execution-manager-grpc  | ║   Network Overhead   =        1.002 ms  (Req + Resp)         ║
execution-manager-grpc  | ╚═══════════════════════════════════════════════════════════════╝
execution-manager-grpc  | 
execution-manager-grpc  | [EPOLL] T=10274 ms: epoll_wait returned 1 event(s)
execution-manager-grpc  | [EPOLL] event[0]: type=2 task=NULL
execution-manager-grpc  | [SCHEDULER] ✅ T=10274 ms: Task 1 'sum1' completed with status 2
execution-manager-grpc  | [SCHEDULER] 🔕 Timeout disarmed for task 1
execution-manager-grpc  | [SCHEDULER] 0 tasks remaining
execution-manager-grpc  | 
execution-manager-grpc  | [SCHEDULER] 🏁 Iteration 18/50 complete!
execution-manager-grpc  | [SCHEDULER] Iteration execution time: 10274 ms
execution-manager-grpc  | 
execution-manager-grpc  | 
execution-manager-grpc  | [SCHEDULER] 🔁 ===== ITERATION 19 / 50 =====
execution-manager-grpc  | 
execution-manager-grpc  | [SCHEDULER] 🚀 Schedule started at T=0
execution-manager-grpc  | 
execution-manager-grpc  | [SCHEDULER] 🔄 Entering event loop (NO SLEEP - event-driven!)
execution-manager-grpc  | 
execution-manager-grpc  | [gRPC Client Async] Stream completed, received 1 responses
execution-manager-grpc  | [GRPC THREAD 1] Completed
execution-manager-grpc  | [EPOLL] T=10000 ms: epoll_wait returned 1 event(s)
execution-manager-grpc  | [EPOLL] event[0]: type=0 task=sum1
execution-manager-grpc  | [SCHEDULER] ⏰ T=10000 ms | T_wall=799997640.281 ms: Launching task 1 'sum1' (deadline: 30000 ms)
execution-manager-grpc  | [SCHEDULER] 🕐 Timeout armed for task 1 at T=30000 ms (in 20000 ms)
execution-manager-grpc  | [GRPC THREAD 1] Starting...
execution-manager-grpc  | [EXECUTION MANAGER] ⏱️ T1=799997640.362 ms | Sending gRPC request for task 1 'sum1'
execution-manager-grpc  | [gRPC Channel Pool] Reusing existing channel for localhost:50051 (state=2)
execution-manager-grpc  | [gRPC Client Async] Calling task 'sum1' at localhost:50051
execution-manager-grpc  | [gRPC Client Async] Inputs: {"total_ops": 100, "io_percentage": 50}
execution-manager-grpc  | [gRPC Client Async] Response #1 - Status: COMPLETED
execution-manager-grpc  | 🎉 [T=10273 ms] Task 1 'sum1' COMPLETED
execution-manager-grpc  | [EXECUTION MANAGER] ⏱️ T2=799997640.931 ms | Thread started (server measured)
execution-manager-grpc  | [EXECUTION MANAGER] ⏱️ T3=799997913.200 ms | Task completed (server measured)
execution-manager-grpc  | [EXECUTION MANAGER] ⏱️ T4=799997913.642 ms | Result received by client
execution-manager-grpc  |    [TASK EXECUTION] 272.269 ms (T3-T2, measured in thread)
execution-manager-grpc  |    [RESULT] {"result": 0}
execution-manager-grpc  | 
execution-manager-grpc  | ╔═══════════════════════════════════════════════════════════════╗
execution-manager-grpc  | ║           END-TO-END TIMING MEASUREMENT RECAP                 ║
execution-manager-grpc  | ║                   Task 1: sum1                                 
execution-manager-grpc  | ╠═══════════════════════════════════════════════════════════════╣
execution-manager-grpc  | ║ T1 (start_request)    = 799997640.362 ms                        ║
execution-manager-grpc  | ║ T2 (end_request)      = 799997640.931 ms                        ║
execution-manager-grpc  | ║ T3 (start_result)     = 799997913.200 ms                        ║
execution-manager-grpc  | ║ T4 (end_result)       = 799997913.642 ms                        ║
execution-manager-grpc  | ╠═══════════════════════════════════════════════════════════════╣
execution-manager-grpc  | ║ METRICS:                                                      ║
execution-manager-grpc  | ║   Request Latency    =        0.568 ms  (T2 - T1)            ║
execution-manager-grpc  | ║   Task Execution     =      272.269 ms  (T3 - T2)            ║
execution-manager-grpc  | ║   Response Latency   =        0.442 ms  (T4 - T3)            ║
execution-manager-grpc  | ║   Total End-to-End   =      273.279 ms  (T4 - T1)            ║
execution-manager-grpc  | ║   Network Overhead   =        1.010 ms  (Req + Resp)         ║
execution-manager-grpc  | ╚═══════════════════════════════════════════════════════════════╝
execution-manager-grpc  | 
execution-manager-grpc  | [EPOLL] T=10273 ms: epoll_wait returned 1 event(s)
execution-manager-grpc  | [EPOLL] event[0]: type=2 task=NULL
execution-manager-grpc  | [SCHEDULER] ✅ T=10273 ms: Task 1 'sum1' completed with status 2
execution-manager-grpc  | [SCHEDULER] 🔕 Timeout disarmed for task 1
execution-manager-grpc  | [SCHEDULER] 0 tasks remaining
execution-manager-grpc  | 
execution-manager-grpc  | [SCHEDULER] 🏁 Iteration 19/50 complete!
execution-manager-grpc  | [SCHEDULER] Iteration execution time: 10273 ms
execution-manager-grpc  | 
execution-manager-grpc  | 
execution-manager-grpc  | [SCHEDULER] 🔁 ===== ITERATION 20 / 50 =====
execution-manager-grpc  | 
execution-manager-grpc  | [SCHEDULER] 🚀 Schedule started at T=0
execution-manager-grpc  | 
execution-manager-grpc  | [SCHEDULER] 🔄 Entering event loop (NO SLEEP - event-driven!)
execution-manager-grpc  | 
execution-manager-grpc  | [gRPC Client Async] Stream completed, received 1 responses
execution-manager-grpc  | [GRPC THREAD 1] Completed
execution-manager-grpc  | [EPOLL] T=10000 ms: epoll_wait returned 1 event(s)
execution-manager-grpc  | [EPOLL] event[0]: type=0 task=sum1
execution-manager-grpc  | [SCHEDULER] ⏰ T=10000 ms | T_wall=800007913.759 ms: Launching task 1 'sum1' (deadline: 30000 ms)
execution-manager-grpc  | [SCHEDULER] 🕐 Timeout armed for task 1 at T=30000 ms (in 20000 ms)
execution-manager-grpc  | [GRPC THREAD 1] Starting...
execution-manager-grpc  | [EXECUTION MANAGER] ⏱️ T1=800007913.836 ms | Sending gRPC request for task 1 'sum1'
execution-manager-grpc  | [gRPC Channel Pool] Reusing existing channel for localhost:50051 (state=2)
execution-manager-grpc  | [gRPC Client Async] Calling task 'sum1' at localhost:50051
execution-manager-grpc  | [gRPC Client Async] Inputs: {"total_ops": 100, "io_percentage": 50}
execution-manager-grpc  | [gRPC Client Async] Response #1 - Status: COMPLETED
execution-manager-grpc  | 🎉 [T=10274 ms] Task 1 'sum1' COMPLETED
execution-manager-grpc  | [EXECUTION MANAGER] ⏱️ T2=800007914.421 ms | Thread started (server measured)
execution-manager-grpc  | [EXECUTION MANAGER] ⏱️ T3=800008186.616 ms | Task completed (server measured)
execution-manager-grpc  | [EXECUTION MANAGER] ⏱️ T4=800008187.065 ms | Result received by client
execution-manager-grpc  |    [TASK EXECUTION] 272.195 ms (T3-T2, measured in thread)
execution-manager-grpc  |    [RESULT] {"result": 0}
execution-manager-grpc  | 
execution-manager-grpc  | ╔═══════════════════════════════════════════════════════════════╗
execution-manager-grpc  | ║           END-TO-END TIMING MEASUREMENT RECAP                 ║
execution-manager-grpc  | ║                   Task 1: sum1                                 
execution-manager-grpc  | ╠═══════════════════════════════════════════════════════════════╣
execution-manager-grpc  | ║ T1 (start_request)    = 800007913.836 ms                        ║
execution-manager-grpc  | ║ T2 (end_request)      = 800007914.421 ms                        ║
execution-manager-grpc  | ║ T3 (start_result)     = 800008186.616 ms                        ║
execution-manager-grpc  | ║ T4 (end_result)       = 800008187.065 ms                        ║
execution-manager-grpc  | ╠═══════════════════════════════════════════════════════════════╣
execution-manager-grpc  | ║ METRICS:                                                      ║
execution-manager-grpc  | ║   Request Latency    =        0.584 ms  (T2 - T1)            ║
execution-manager-grpc  | ║   Task Execution     =      272.195 ms  (T3 - T2)            ║
execution-manager-grpc  | ║   Response Latency   =        0.449 ms  (T4 - T3)            ║
execution-manager-grpc  | ║   Total End-to-End   =      273.229 ms  (T4 - T1)            ║
execution-manager-grpc  | ║   Network Overhead   =        1.033 ms  (Req + Resp)         ║
execution-manager-grpc  | ╚═══════════════════════════════════════════════════════════════╝
execution-manager-grpc  | 
execution-manager-grpc  | [EPOLL] T=10274 ms: epoll_wait returned 1 event(s)
execution-manager-grpc  | [EPOLL] event[0]: type=2 task=NULL
execution-manager-grpc  | [SCHEDULER] ✅ T=10274 ms: Task 1 'sum1' completed with status 2
execution-manager-grpc  | [SCHEDULER] 🔕 Timeout disarmed for task 1
execution-manager-grpc  | [SCHEDULER] 0 tasks remaining
execution-manager-grpc  | 
execution-manager-grpc  | [SCHEDULER] 🏁 Iteration 20/50 complete!
execution-manager-grpc  | [SCHEDULER] Iteration execution time: 10274 ms
execution-manager-grpc  | 
execution-manager-grpc  | 
execution-manager-grpc  | [SCHEDULER] 🔁 ===== ITERATION 21 / 50 =====
execution-manager-grpc  | 
execution-manager-grpc  | [SCHEDULER] 🚀 Schedule started at T=0
execution-manager-grpc  | 
execution-manager-grpc  | [SCHEDULER] 🔄 Entering event loop (NO SLEEP - event-driven!)
execution-manager-grpc  | 
execution-manager-grpc  | [gRPC Client Async] Stream completed, received 1 responses
execution-manager-grpc  | [GRPC THREAD 1] Completed
execution-manager-grpc  | [EPOLL] T=10000 ms: epoll_wait returned 1 event(s)
execution-manager-grpc  | [EPOLL] event[0]: type=0 task=sum1
execution-manager-grpc  | [SCHEDULER] ⏰ T=10000 ms | T_wall=800018187.169 ms: Launching task 1 'sum1' (deadline: 30000 ms)
execution-manager-grpc  | [SCHEDULER] 🕐 Timeout armed for task 1 at T=30000 ms (in 20000 ms)
execution-manager-grpc  | [GRPC THREAD 1] Starting...
execution-manager-grpc  | [EXECUTION MANAGER] ⏱️ T1=800018187.243 ms | Sending gRPC request for task 1 'sum1'
execution-manager-grpc  | [gRPC Channel Pool] Reusing existing channel for localhost:50051 (state=2)
execution-manager-grpc  | [gRPC Client Async] Calling task 'sum1' at localhost:50051
execution-manager-grpc  | [gRPC Client Async] Inputs: {"total_ops": 100, "io_percentage": 50}
execution-manager-grpc  | [gRPC Client Async] Response #1 - Status: COMPLETED
execution-manager-grpc  | 🎉 [T=10273 ms] Task 1 'sum1' COMPLETED
execution-manager-grpc  | [EXECUTION MANAGER] ⏱️ T2=800018187.791 ms | Thread started (server measured)
execution-manager-grpc  | [EXECUTION MANAGER] ⏱️ T3=800018459.993 ms | Task completed (server measured)
execution-manager-grpc  | [EXECUTION MANAGER] ⏱️ T4=800018460.425 ms | Result received by client
execution-manager-grpc  |    [TASK EXECUTION] 272.201 ms (T3-T2, measured in thread)
execution-manager-grpc  |    [RESULT] {"result": 0}
execution-manager-grpc  | 
execution-manager-grpc  | ╔═══════════════════════════════════════════════════════════════╗
execution-manager-grpc  | ║           END-TO-END TIMING MEASUREMENT RECAP                 ║
execution-manager-grpc  | ║                   Task 1: sum1                                 
execution-manager-grpc  | ╠═══════════════════════════════════════════════════════════════╣
execution-manager-grpc  | ║ T1 (start_request)    = 800018187.243 ms                        ║
execution-manager-grpc  | ║ T2 (end_request)      = 800018187.791 ms                        ║
execution-manager-grpc  | ║ T3 (start_result)     = 800018459.993 ms                        ║
execution-manager-grpc  | ║ T4 (end_result)       = 800018460.425 ms                        ║
execution-manager-grpc  | ╠═══════════════════════════════════════════════════════════════╣
execution-manager-grpc  | ║ METRICS:                                                      ║
execution-manager-grpc  | ║   Request Latency    =        0.549 ms  (T2 - T1)            ║
execution-manager-grpc  | ║   Task Execution     =      272.201 ms  (T3 - T2)            ║
execution-manager-grpc  | ║   Response Latency   =        0.433 ms  (T4 - T3)            ║
execution-manager-grpc  | ║   Total End-to-End   =      273.182 ms  (T4 - T1)            ║
execution-manager-grpc  | ║   Network Overhead   =        0.981 ms  (Req + Resp)         ║
execution-manager-grpc  | ╚═══════════════════════════════════════════════════════════════╝
execution-manager-grpc  | 
execution-manager-grpc  | [EPOLL] T=10273 ms: epoll_wait returned 1 event(s)
execution-manager-grpc  | [EPOLL] event[0]: type=2 task=NULL
execution-manager-grpc  | [SCHEDULER] ✅ T=10273 ms: Task 1 'sum1' completed with status 2
execution-manager-grpc  | [SCHEDULER] 🔕 Timeout disarmed for task 1
execution-manager-grpc  | [SCHEDULER] 0 tasks remaining
execution-manager-grpc  | 
execution-manager-grpc  | [SCHEDULER] 🏁 Iteration 21/50 complete!
execution-manager-grpc  | [SCHEDULER] Iteration execution time: 10273 ms
execution-manager-grpc  | 
execution-manager-grpc  | 
execution-manager-grpc  | [SCHEDULER] 🔁 ===== ITERATION 22 / 50 =====
execution-manager-grpc  | 
execution-manager-grpc  | [SCHEDULER] 🚀 Schedule started at T=0
execution-manager-grpc  | 
execution-manager-grpc  | [SCHEDULER] 🔄 Entering event loop (NO SLEEP - event-driven!)
execution-manager-grpc  | 
execution-manager-grpc  | [gRPC Client Async] Stream completed, received 1 responses
execution-manager-grpc  | [GRPC THREAD 1] Completed
execution-manager-grpc  | [EPOLL] T=10000 ms: epoll_wait returned 1 event(s)
execution-manager-grpc  | [EPOLL] event[0]: type=0 task=sum1
execution-manager-grpc  | [SCHEDULER] ⏰ T=10000 ms | T_wall=800028460.540 ms: Launching task 1 'sum1' (deadline: 30000 ms)
execution-manager-grpc  | [SCHEDULER] 🕐 Timeout armed for task 1 at T=30000 ms (in 20000 ms)
execution-manager-grpc  | [GRPC THREAD 1] Starting...
execution-manager-grpc  | [EXECUTION MANAGER] ⏱️ T1=800028460.623 ms | Sending gRPC request for task 1 'sum1'
execution-manager-grpc  | [gRPC Channel Pool] Reusing existing channel for localhost:50051 (state=2)
execution-manager-grpc  | [gRPC Client Async] Calling task 'sum1' at localhost:50051
execution-manager-grpc  | [gRPC Client Async] Inputs: {"total_ops": 100, "io_percentage": 50}
execution-manager-grpc  | [gRPC Client Async] Response #1 - Status: COMPLETED
execution-manager-grpc  | 🎉 [T=10273 ms] Task 1 'sum1' COMPLETED
execution-manager-grpc  | [EXECUTION MANAGER] ⏱️ T2=800028461.198 ms | Thread started (server measured)
execution-manager-grpc  | [EXECUTION MANAGER] ⏱️ T3=800028733.469 ms | Task completed (server measured)
execution-manager-grpc  | [EXECUTION MANAGER] ⏱️ T4=800028733.853 ms | Result received by client
execution-manager-grpc  |    [TASK EXECUTION] 272.270 ms (T3-T2, measured in thread)
execution-manager-grpc  |    [RESULT] {"result": 0}
execution-manager-grpc  | 
execution-manager-grpc  | ╔═══════════════════════════════════════════════════════════════╗
execution-manager-grpc  | ║           END-TO-END TIMING MEASUREMENT RECAP                 ║
execution-manager-grpc  | ║                   Task 1: sum1                                 
execution-manager-grpc  | ╠═══════════════════════════════════════════════════════════════╣
execution-manager-grpc  | ║ T1 (start_request)    = 800028460.623 ms                        ║
execution-manager-grpc  | ║ T2 (end_request)      = 800028461.198 ms                        ║
execution-manager-grpc  | ║ T3 (start_result)     = 800028733.469 ms                        ║
execution-manager-grpc  | ║ T4 (end_result)       = 800028733.853 ms                        ║
execution-manager-grpc  | ╠═══════════════════════════════════════════════════════════════╣
execution-manager-grpc  | ║ METRICS:                                                      ║
execution-manager-grpc  | ║   Request Latency    =        0.575 ms  (T2 - T1)            ║
execution-manager-grpc  | ║   Task Execution     =      272.270 ms  (T3 - T2)            ║
execution-manager-grpc  | ║   Response Latency   =        0.384 ms  (T4 - T3)            ║
execution-manager-grpc  | ║   Total End-to-End   =      273.230 ms  (T4 - T1)            ║
execution-manager-grpc  | ║   Network Overhead   =        0.960 ms  (Req + Resp)         ║
execution-manager-grpc  | ╚═══════════════════════════════════════════════════════════════╝
execution-manager-grpc  | 
execution-manager-grpc  | [EPOLL] T=10273 ms: epoll_wait returned 1 event(s)
execution-manager-grpc  | [EPOLL] event[0]: type=2 task=NULL
execution-manager-grpc  | [SCHEDULER] ✅ T=10273 ms: Task 1 'sum1' completed with status 2
execution-manager-grpc  | [SCHEDULER] 🔕 Timeout disarmed for task 1
execution-manager-grpc  | [SCHEDULER] 0 tasks remaining
execution-manager-grpc  | 
execution-manager-grpc  | [SCHEDULER] 🏁 Iteration 22/50 complete!
execution-manager-grpc  | [SCHEDULER] Iteration execution time: 10273 ms
execution-manager-grpc  | 
execution-manager-grpc  | 
execution-manager-grpc  | [SCHEDULER] 🔁 ===== ITERATION 23 / 50 =====
execution-manager-grpc  | 
execution-manager-grpc  | [SCHEDULER] 🚀 Schedule started at T=0
execution-manager-grpc  | 
execution-manager-grpc  | [SCHEDULER] 🔄 Entering event loop (NO SLEEP - event-driven!)
execution-manager-grpc  | 
execution-manager-grpc  | [gRPC Client Async] Stream completed, received 1 responses
execution-manager-grpc  | [GRPC THREAD 1] Completed
execution-manager-grpc  | [EPOLL] T=10000 ms: epoll_wait returned 1 event(s)
execution-manager-grpc  | [EPOLL] event[0]: type=0 task=sum1
execution-manager-grpc  | [SCHEDULER] ⏰ T=10000 ms | T_wall=800038733.964 ms: Launching task 1 'sum1' (deadline: 30000 ms)
execution-manager-grpc  | [SCHEDULER] 🕐 Timeout armed for task 1 at T=30000 ms (in 19999 ms)
execution-manager-grpc  | [GRPC THREAD 1] Starting...
execution-manager-grpc  | [EXECUTION MANAGER] ⏱️ T1=800038734.047 ms | Sending gRPC request for task 1 'sum1'
execution-manager-grpc  | [gRPC Channel Pool] Reusing existing channel for localhost:50051 (state=2)
execution-manager-grpc  | [gRPC Client Async] Calling task 'sum1' at localhost:50051
execution-manager-grpc  | [gRPC Client Async] Inputs: {"total_ops": 100, "io_percentage": 50}
execution-manager-grpc  | [gRPC Client Async] Response #1 - Status: COMPLETED
execution-manager-grpc  | 🎉 [T=10274 ms] Task 1 'sum1' COMPLETED
execution-manager-grpc  | [EXECUTION MANAGER] ⏱️ T2=800038734.654 ms | Thread started (server measured)
execution-manager-grpc  | [EXECUTION MANAGER] ⏱️ T3=800039006.928 ms | Task completed (server measured)
execution-manager-grpc  | [EXECUTION MANAGER] ⏱️ T4=800039007.284 ms | Result received by client
execution-manager-grpc  |    [TASK EXECUTION] 272.274 ms (T3-T2, measured in thread)
execution-manager-grpc  |    [RESULT] {"result": 0}
execution-manager-grpc  | 
execution-manager-grpc  | ╔═══════════════════════════════════════════════════════════════╗
execution-manager-grpc  | ║           END-TO-END TIMING MEASUREMENT RECAP                 ║
execution-manager-grpc  | ║                   Task 1: sum1                                 
execution-manager-grpc  | ╠═══════════════════════════════════════════════════════════════╣
execution-manager-grpc  | ║ T1 (start_request)    = 800038734.047 ms                        ║
execution-manager-grpc  | ║ T2 (end_request)      = 800038734.654 ms                        ║
execution-manager-grpc  | ║ T3 (start_result)     = 800039006.928 ms                        ║
execution-manager-grpc  | ║ T4 (end_result)       = 800039007.284 ms                        ║
execution-manager-grpc  | ╠═══════════════════════════════════════════════════════════════╣
execution-manager-grpc  | ║ METRICS:                                                      ║
execution-manager-grpc  | ║   Request Latency    =        0.607 ms  (T2 - T1)            ║
execution-manager-grpc  | ║   Task Execution     =      272.274 ms  (T3 - T2)            ║
execution-manager-grpc  | ║   Response Latency   =        0.356 ms  (T4 - T3)            ║
execution-manager-grpc  | ║   Total End-to-End   =      273.237 ms  (T4 - T1)            ║
execution-manager-grpc  | ║   Network Overhead   =        0.964 ms  (Req + Resp)         ║
execution-manager-grpc  | ╚═══════════════════════════════════════════════════════════════╝
execution-manager-grpc  | 
execution-manager-grpc  | [EPOLL] T=10274 ms: epoll_wait returned 1 event(s)
execution-manager-grpc  | [EPOLL] event[0]: type=2 task=NULL
execution-manager-grpc  | [SCHEDULER] ✅ T=10274 ms: Task 1 'sum1' completed with status 2
execution-manager-grpc  | [SCHEDULER] 🔕 Timeout disarmed for task 1
execution-manager-grpc  | [SCHEDULER] 0 tasks remaining
execution-manager-grpc  | 
execution-manager-grpc  | [SCHEDULER] 🏁 Iteration 23/50 complete!
execution-manager-grpc  | [SCHEDULER] Iteration execution time: 10274 ms
execution-manager-grpc  | 
execution-manager-grpc  | 
execution-manager-grpc  | [SCHEDULER] 🔁 ===== ITERATION 24 / 50 =====
execution-manager-grpc  | 
execution-manager-grpc  | [SCHEDULER] 🚀 Schedule started at T=0
execution-manager-grpc  | 
execution-manager-grpc  | [SCHEDULER] 🔄 Entering event loop (NO SLEEP - event-driven!)
execution-manager-grpc  | 
execution-manager-grpc  | [gRPC Client Async] Stream completed, received 1 responses
execution-manager-grpc  | [GRPC THREAD 1] Completed
execution-manager-grpc  | [EPOLL] T=10000 ms: epoll_wait returned 1 event(s)
execution-manager-grpc  | [EPOLL] event[0]: type=0 task=sum1
execution-manager-grpc  | [SCHEDULER] ⏰ T=10000 ms | T_wall=800049007.398 ms: Launching task 1 'sum1' (deadline: 30000 ms)
execution-manager-grpc  | [SCHEDULER] 🕐 Timeout armed for task 1 at T=30000 ms (in 20000 ms)
execution-manager-grpc  | [GRPC THREAD 1] Starting...
execution-manager-grpc  | [EXECUTION MANAGER] ⏱️ T1=800049007.488 ms | Sending gRPC request for task 1 'sum1'
execution-manager-grpc  | [gRPC Channel Pool] Reusing existing channel for localhost:50051 (state=2)
execution-manager-grpc  | [gRPC Client Async] Calling task 'sum1' at localhost:50051
execution-manager-grpc  | [gRPC Client Async] Inputs: {"total_ops": 100, "io_percentage": 50}
execution-manager-grpc  | [gRPC Client Async] Response #1 - Status: COMPLETED
execution-manager-grpc  | 🎉 [T=10273 ms] Task 1 'sum1' COMPLETED
execution-manager-grpc  | [EXECUTION MANAGER] ⏱️ T2=800049008.051 ms | Thread started (server measured)
execution-manager-grpc  | [EXECUTION MANAGER] ⏱️ T3=800049280.350 ms | Task completed (server measured)
execution-manager-grpc  | [EXECUTION MANAGER] ⏱️ T4=800049280.784 ms | Result received by client
execution-manager-grpc  |    [TASK EXECUTION] 272.299 ms (T3-T2, measured in thread)
execution-manager-grpc  |    [RESULT] {"result": 0}
execution-manager-grpc  | 
execution-manager-grpc  | ╔═══════════════════════════════════════════════════════════════╗
execution-manager-grpc  | ║           END-TO-END TIMING MEASUREMENT RECAP                 ║
execution-manager-grpc  | ║                   Task 1: sum1                                 
execution-manager-grpc  | ╠═══════════════════════════════════════════════════════════════╣
execution-manager-grpc  | ║ T1 (start_request)    = 800049007.488 ms                        ║
execution-manager-grpc  | ║ T2 (end_request)      = 800049008.051 ms                        ║
execution-manager-grpc  | ║ T3 (start_result)     = 800049280.350 ms                        ║
execution-manager-grpc  | ║ T4 (end_result)       = 800049280.784 ms                        ║
execution-manager-grpc  | ╠═══════════════════════════════════════════════════════════════╣
execution-manager-grpc  | ║ METRICS:                                                      ║
execution-manager-grpc  | ║   Request Latency    =        0.563 ms  (T2 - T1)            ║
execution-manager-grpc  | ║   Task Execution     =      272.299 ms  (T3 - T2)            ║
execution-manager-grpc  | ║   Response Latency   =        0.434 ms  (T4 - T3)            ║
execution-manager-grpc  | ║   Total End-to-End   =      273.296 ms  (T4 - T1)            ║
execution-manager-grpc  | ║   Network Overhead   =        0.997 ms  (Req + Resp)         ║
execution-manager-grpc  | ╚═══════════════════════════════════════════════════════════════╝
execution-manager-grpc  | 
execution-manager-grpc  | [EPOLL] T=10273 ms: epoll_wait returned 1 event(s)
execution-manager-grpc  | [EPOLL] event[0]: type=2 task=NULL
execution-manager-grpc  | [SCHEDULER] ✅ T=10273 ms: Task 1 'sum1' completed with status 2
execution-manager-grpc  | [SCHEDULER] 🔕 Timeout disarmed for task 1
execution-manager-grpc  | [SCHEDULER] 0 tasks remaining
execution-manager-grpc  | 
execution-manager-grpc  | [SCHEDULER] 🏁 Iteration 24/50 complete!
execution-manager-grpc  | [SCHEDULER] Iteration execution time: 10273 ms
execution-manager-grpc  | 
execution-manager-grpc  | 
execution-manager-grpc  | [SCHEDULER] 🔁 ===== ITERATION 25 / 50 =====
execution-manager-grpc  | 
execution-manager-grpc  | [SCHEDULER] 🚀 Schedule started at T=0
execution-manager-grpc  | 
execution-manager-grpc  | [SCHEDULER] 🔄 Entering event loop (NO SLEEP - event-driven!)
execution-manager-grpc  | 
execution-manager-grpc  | [gRPC Client Async] Stream completed, received 1 responses
execution-manager-grpc  | [GRPC THREAD 1] Completed
execution-manager-grpc  | [EPOLL] T=10000 ms: epoll_wait returned 1 event(s)
execution-manager-grpc  | [EPOLL] event[0]: type=0 task=sum1
execution-manager-grpc  | [SCHEDULER] ⏰ T=10000 ms | T_wall=800059280.887 ms: Launching task 1 'sum1' (deadline: 30000 ms)
execution-manager-grpc  | [SCHEDULER] 🕐 Timeout armed for task 1 at T=30000 ms (in 20000 ms)
execution-manager-grpc  | [GRPC THREAD 1] Starting...
execution-manager-grpc  | [EXECUTION MANAGER] ⏱️ T1=800059280.968 ms | Sending gRPC request for task 1 'sum1'
execution-manager-grpc  | [gRPC Channel Pool] Reusing existing channel for localhost:50051 (state=2)
execution-manager-grpc  | [gRPC Client Async] Calling task 'sum1' at localhost:50051
execution-manager-grpc  | [gRPC Client Async] Inputs: {"total_ops": 100, "io_percentage": 50}
execution-manager-grpc  | [gRPC Client Async] Response #1 - Status: COMPLETED
execution-manager-grpc  | 🎉 [T=10274 ms] Task 1 'sum1' COMPLETED
execution-manager-grpc  | [EXECUTION MANAGER] ⏱️ T2=800059281.783 ms | Thread started (server measured)
execution-manager-grpc  | [EXECUTION MANAGER] ⏱️ T3=800059554.073 ms | Task completed (server measured)
execution-manager-grpc  | [EXECUTION MANAGER] ⏱️ T4=800059554.510 ms | Result received by client
execution-manager-grpc  |    [TASK EXECUTION] 272.291 ms (T3-T2, measured in thread)
execution-manager-grpc  |    [RESULT] {"result": 0}
execution-manager-grpc  | 
execution-manager-grpc  | ╔═══════════════════════════════════════════════════════════════╗
execution-manager-grpc  | ║           END-TO-END TIMING MEASUREMENT RECAP                 ║
execution-manager-grpc  | ║                   Task 1: sum1                                 
execution-manager-grpc  | ╠═══════════════════════════════════════════════════════════════╣
execution-manager-grpc  | ║ T1 (start_request)    = 800059280.968 ms                        ║
execution-manager-grpc  | ║ T2 (end_request)      = 800059281.783 ms                        ║
execution-manager-grpc  | ║ T3 (start_result)     = 800059554.073 ms                        ║
execution-manager-grpc  | ║ T4 (end_result)       = 800059554.510 ms                        ║
execution-manager-grpc  | ╠═══════════════════════════════════════════════════════════════╣
execution-manager-grpc  | ║ METRICS:                                                      ║
execution-manager-grpc  | ║   Request Latency    =        0.815 ms  (T2 - T1)            ║
execution-manager-grpc  | ║   Task Execution     =      272.291 ms  (T3 - T2)            ║
execution-manager-grpc  | ║   Response Latency   =        0.437 ms  (T4 - T3)            ║
execution-manager-grpc  | ║   Total End-to-End   =      273.542 ms  (T4 - T1)            ║
execution-manager-grpc  | ║   Network Overhead   =        1.252 ms  (Req + Resp)         ║
execution-manager-grpc  | ╚═══════════════════════════════════════════════════════════════╝
execution-manager-grpc  | 
execution-manager-grpc  | [EPOLL] T=10274 ms: epoll_wait returned 1 event(s)
execution-manager-grpc  | [EPOLL] event[0]: type=2 task=NULL
execution-manager-grpc  | [SCHEDULER] ✅ T=10274 ms: Task 1 'sum1' completed with status 2
execution-manager-grpc  | [SCHEDULER] 🔕 Timeout disarmed for task 1
execution-manager-grpc  | [SCHEDULER] 0 tasks remaining
execution-manager-grpc  | 
execution-manager-grpc  | [SCHEDULER] 🏁 Iteration 25/50 complete!
execution-manager-grpc  | [SCHEDULER] Iteration execution time: 10274 ms
execution-manager-grpc  | 
execution-manager-grpc  | 
execution-manager-grpc  | [SCHEDULER] 🔁 ===== ITERATION 26 / 50 =====
execution-manager-grpc  | 
execution-manager-grpc  | [SCHEDULER] 🚀 Schedule started at T=0
execution-manager-grpc  | 
execution-manager-grpc  | [SCHEDULER] 🔄 Entering event loop (NO SLEEP - event-driven!)
execution-manager-grpc  | 
execution-manager-grpc  | [gRPC Client Async] Stream completed, received 1 responses
execution-manager-grpc  | [GRPC THREAD 1] Completed
execution-manager-grpc  | [EPOLL] T=10000 ms: epoll_wait returned 1 event(s)
execution-manager-grpc  | [EPOLL] event[0]: type=0 task=sum1
execution-manager-grpc  | [SCHEDULER] ⏰ T=10000 ms | T_wall=800069554.616 ms: Launching task 1 'sum1' (deadline: 30000 ms)
execution-manager-grpc  | [SCHEDULER] 🕐 Timeout armed for task 1 at T=30000 ms (in 20000 ms)
execution-manager-grpc  | [GRPC THREAD 1] Starting...
execution-manager-grpc  | [EXECUTION MANAGER] ⏱️ T1=800069554.701 ms | Sending gRPC request for task 1 'sum1'
execution-manager-grpc  | [gRPC Channel Pool] Reusing existing channel for localhost:50051 (state=2)
execution-manager-grpc  | [gRPC Client Async] Calling task 'sum1' at localhost:50051
execution-manager-grpc  | [gRPC Client Async] Inputs: {"total_ops": 100, "io_percentage": 50}
execution-manager-grpc  | [gRPC Client Async] Response #1 - Status: COMPLETED
execution-manager-grpc  | 🎉 [T=10273 ms] Task 1 'sum1' COMPLETED
execution-manager-grpc  | [EXECUTION MANAGER] ⏱️ T2=800069555.259 ms | Thread started (server measured)
execution-manager-grpc  | [EXECUTION MANAGER] ⏱️ T3=800069827.579 ms | Task completed (server measured)
execution-manager-grpc  | [EXECUTION MANAGER] ⏱️ T4=800069827.983 ms | Result received by client
execution-manager-grpc  |    [TASK EXECUTION] 272.320 ms (T3-T2, measured in thread)
execution-manager-grpc  |    [RESULT] {"result": 0}
execution-manager-grpc  | 
execution-manager-grpc  | ╔═══════════════════════════════════════════════════════════════╗
execution-manager-grpc  | ║           END-TO-END TIMING MEASUREMENT RECAP                 ║
execution-manager-grpc  | ║                   Task 1: sum1                                 
execution-manager-grpc  | ╠═══════════════════════════════════════════════════════════════╣
execution-manager-grpc  | ║ T1 (start_request)    = 800069554.701 ms                        ║
execution-manager-grpc  | ║ T2 (end_request)      = 800069555.259 ms                        ║
execution-manager-grpc  | ║ T3 (start_result)     = 800069827.579 ms                        ║
execution-manager-grpc  | ║ T4 (end_result)       = 800069827.983 ms                        ║
execution-manager-grpc  | ╠═══════════════════════════════════════════════════════════════╣
execution-manager-grpc  | ║ METRICS:                                                      ║
execution-manager-grpc  | ║   Request Latency    =        0.558 ms  (T2 - T1)            ║
execution-manager-grpc  | ║   Task Execution     =      272.320 ms  (T3 - T2)            ║
execution-manager-grpc  | ║   Response Latency   =        0.404 ms  (T4 - T3)            ║
execution-manager-grpc  | ║   Total End-to-End   =      273.282 ms  (T4 - T1)            ║
execution-manager-grpc  | ║   Network Overhead   =        0.961 ms  (Req + Resp)         ║
execution-manager-grpc  | ╚═══════════════════════════════════════════════════════════════╝
execution-manager-grpc  | 
execution-manager-grpc  | [EPOLL] T=10274 ms: epoll_wait returned 1 event(s)
execution-manager-grpc  | [EPOLL] event[0]: type=2 task=NULL
execution-manager-grpc  | [SCHEDULER] ✅ T=10274 ms: Task 1 'sum1' completed with status 2
execution-manager-grpc  | [SCHEDULER] 🔕 Timeout disarmed for task 1
execution-manager-grpc  | [SCHEDULER] 0 tasks remaining
execution-manager-grpc  | 
execution-manager-grpc  | [SCHEDULER] 🏁 Iteration 26/50 complete!
execution-manager-grpc  | [SCHEDULER] Iteration execution time: 10274 ms
execution-manager-grpc  | 
execution-manager-grpc  | 
execution-manager-grpc  | [SCHEDULER] 🔁 ===== ITERATION 27 / 50 =====
execution-manager-grpc  | 
execution-manager-grpc  | [SCHEDULER] 🚀 Schedule started at T=0
execution-manager-grpc  | 
execution-manager-grpc  | [SCHEDULER] 🔄 Entering event loop (NO SLEEP - event-driven!)
execution-manager-grpc  | 
execution-manager-grpc  | [gRPC Client Async] Stream completed, received 1 responses
execution-manager-grpc  | [GRPC THREAD 1] Completed
execution-manager-grpc  | [EPOLL] T=10000 ms: epoll_wait returned 1 event(s)
execution-manager-grpc  | [EPOLL] event[0]: type=0 task=sum1
execution-manager-grpc  | [SCHEDULER] ⏰ T=10000 ms | T_wall=800079828.149 ms: Launching task 1 'sum1' (deadline: 30000 ms)
execution-manager-grpc  | [SCHEDULER] 🕐 Timeout armed for task 1 at T=30000 ms (in 20000 ms)
execution-manager-grpc  | [GRPC THREAD 1] Starting...
execution-manager-grpc  | [EXECUTION MANAGER] ⏱️ T1=800079828.229 ms | Sending gRPC request for task 1 'sum1'
execution-manager-grpc  | [gRPC Channel Pool] Reusing existing channel for localhost:50051 (state=2)
execution-manager-grpc  | [gRPC Client Async] Calling task 'sum1' at localhost:50051
execution-manager-grpc  | [gRPC Client Async] Inputs: {"total_ops": 100, "io_percentage": 50}
execution-manager-grpc  | [gRPC Client Async] Response #1 - Status: COMPLETED
execution-manager-grpc  | 🎉 [T=10273 ms] Task 1 'sum1' COMPLETED
execution-manager-grpc  | [EXECUTION MANAGER] ⏱️ T2=800079828.766 ms | Thread started (server measured)
execution-manager-grpc  | [EXECUTION MANAGER] ⏱️ T3=800080101.067 ms | Task completed (server measured)
execution-manager-grpc  | [EXECUTION MANAGER] ⏱️ T4=800080101.484 ms | Result received by client
execution-manager-grpc  |    [TASK EXECUTION] 272.301 ms (T3-T2, measured in thread)
execution-manager-grpc  |    [RESULT] {"result": 0}
execution-manager-grpc  | 
execution-manager-grpc  | ╔═══════════════════════════════════════════════════════════════╗
execution-manager-grpc  | ║           END-TO-END TIMING MEASUREMENT RECAP                 ║
execution-manager-grpc  | ║                   Task 1: sum1                                 
execution-manager-grpc  | ╠═══════════════════════════════════════════════════════════════╣
execution-manager-grpc  | ║ T1 (start_request)    = 800079828.229 ms                        ║
execution-manager-grpc  | ║ T2 (end_request)      = 800079828.766 ms                        ║
execution-manager-grpc  | ║ T3 (start_result)     = 800080101.067 ms                        ║
execution-manager-grpc  | ║ T4 (end_result)       = 800080101.484 ms                        ║
execution-manager-grpc  | ╠═══════════════════════════════════════════════════════════════╣
execution-manager-grpc  | ║ METRICS:                                                      ║
execution-manager-grpc  | ║   Request Latency    =        0.537 ms  (T2 - T1)            ║
execution-manager-grpc  | ║   Task Execution     =      272.301 ms  (T3 - T2)            ║
execution-manager-grpc  | ║   Response Latency   =        0.417 ms  (T4 - T3)            ║
execution-manager-grpc  | ║   Total End-to-End   =      273.254 ms  (T4 - T1)            ║
execution-manager-grpc  | ║   Network Overhead   =        0.954 ms  (Req + Resp)         ║
execution-manager-grpc  | ╚═══════════════════════════════════════════════════════════════╝
execution-manager-grpc  | 
execution-manager-grpc  | [EPOLL] T=10273 ms: epoll_wait returned 1 event(s)
execution-manager-grpc  | [EPOLL] event[0]: type=2 task=NULL
execution-manager-grpc  | [SCHEDULER] ✅ T=10273 ms: Task 1 'sum1' completed with status 2
execution-manager-grpc  | [SCHEDULER] 🔕 Timeout disarmed for task 1
execution-manager-grpc  | [SCHEDULER] 0 tasks remaining
execution-manager-grpc  | 
execution-manager-grpc  | [SCHEDULER] 🏁 Iteration 27/50 complete!
execution-manager-grpc  | [SCHEDULER] Iteration execution time: 10273 ms
execution-manager-grpc  | 
execution-manager-grpc  | 
execution-manager-grpc  | [SCHEDULER] 🔁 ===== ITERATION 28 / 50 =====
execution-manager-grpc  | 
execution-manager-grpc  | [SCHEDULER] 🚀 Schedule started at T=0
execution-manager-grpc  | 
execution-manager-grpc  | [SCHEDULER] 🔄 Entering event loop (NO SLEEP - event-driven!)
execution-manager-grpc  | 
execution-manager-grpc  | [gRPC Client Async] Stream completed, received 1 responses
execution-manager-grpc  | [GRPC THREAD 1] Completed
execution-manager-grpc  | [EPOLL] T=10000 ms: epoll_wait returned 1 event(s)
execution-manager-grpc  | [EPOLL] event[0]: type=0 task=sum1
execution-manager-grpc  | [SCHEDULER] ⏰ T=10000 ms | T_wall=800090101.600 ms: Launching task 1 'sum1' (deadline: 30000 ms)
execution-manager-grpc  | [SCHEDULER] 🕐 Timeout armed for task 1 at T=30000 ms (in 20000 ms)
execution-manager-grpc  | [GRPC THREAD 1] Starting...
execution-manager-grpc  | [EXECUTION MANAGER] ⏱️ T1=800090101.686 ms | Sending gRPC request for task 1 'sum1'
execution-manager-grpc  | [gRPC Channel Pool] Reusing existing channel for localhost:50051 (state=2)
execution-manager-grpc  | [gRPC Client Async] Calling task 'sum1' at localhost:50051
execution-manager-grpc  | [gRPC Client Async] Inputs: {"total_ops": 100, "io_percentage": 50}
execution-manager-grpc  | [gRPC Client Async] Response #1 - Status: COMPLETED
execution-manager-grpc  | 🎉 [T=10274 ms] Task 1 'sum1' COMPLETED
execution-manager-grpc  | [EXECUTION MANAGER] ⏱️ T2=800090102.261 ms | Thread started (server measured)
execution-manager-grpc  | [EXECUTION MANAGER] ⏱️ T3=800090374.612 ms | Task completed (server measured)
execution-manager-grpc  | [EXECUTION MANAGER] ⏱️ T4=800090375.095 ms | Result received by client
execution-manager-grpc  |    [TASK EXECUTION] 272.352 ms (T3-T2, measured in thread)
execution-manager-grpc  |    [RESULT] {"result": 0}
execution-manager-grpc  | 
execution-manager-grpc  | ╔═══════════════════════════════════════════════════════════════╗
execution-manager-grpc  | ║           END-TO-END TIMING MEASUREMENT RECAP                 ║
execution-manager-grpc  | ║                   Task 1: sum1                                 
execution-manager-grpc  | ╠═══════════════════════════════════════════════════════════════╣
execution-manager-grpc  | ║ T1 (start_request)    = 800090101.686 ms                        ║
execution-manager-grpc  | ║ T2 (end_request)      = 800090102.261 ms                        ║
execution-manager-grpc  | ║ T3 (start_result)     = 800090374.612 ms                        ║
execution-manager-grpc  | ║ T4 (end_result)       = 800090375.095 ms                        ║
execution-manager-grpc  | ╠═══════════════════════════════════════════════════════════════╣
execution-manager-grpc  | ║ METRICS:                                                      ║
execution-manager-grpc  | ║   Request Latency    =        0.575 ms  (T2 - T1)            ║
execution-manager-grpc  | ║   Task Execution     =      272.352 ms  (T3 - T2)            ║
execution-manager-grpc  | ║   Response Latency   =        0.482 ms  (T4 - T3)            ║
execution-manager-grpc  | ║   Total End-to-End   =      273.409 ms  (T4 - T1)            ║
execution-manager-grpc  | ║   Network Overhead   =        1.057 ms  (Req + Resp)         ║
execution-manager-grpc  | ╚═══════════════════════════════════════════════════════════════╝
execution-manager-grpc  | 
execution-manager-grpc  | [EPOLL] T=10274 ms: epoll_wait returned 1 event(s)
execution-manager-grpc  | [EPOLL] event[0]: type=2 task=NULL
execution-manager-grpc  | [SCHEDULER] ✅ T=10274 ms: Task 1 'sum1' completed with status 2
execution-manager-grpc  | [SCHEDULER] 🔕 Timeout disarmed for task 1
execution-manager-grpc  | [SCHEDULER] 0 tasks remaining
execution-manager-grpc  | 
execution-manager-grpc  | [SCHEDULER] 🏁 Iteration 28/50 complete!
execution-manager-grpc  | [SCHEDULER] Iteration execution time: 10274 ms
execution-manager-grpc  | 
execution-manager-grpc  | 
execution-manager-grpc  | [SCHEDULER] 🔁 ===== ITERATION 29 / 50 =====
execution-manager-grpc  | 
execution-manager-grpc  | [SCHEDULER] 🚀 Schedule started at T=0
execution-manager-grpc  | 
execution-manager-grpc  | [SCHEDULER] 🔄 Entering event loop (NO SLEEP - event-driven!)
execution-manager-grpc  | 
execution-manager-grpc  | [gRPC Client Async] Stream completed, received 1 responses
execution-manager-grpc  | [GRPC THREAD 1] Completed
execution-manager-grpc  | [EPOLL] T=10000 ms: epoll_wait returned 1 event(s)
execution-manager-grpc  | [EPOLL] event[0]: type=0 task=sum1
execution-manager-grpc  | [SCHEDULER] ⏰ T=10000 ms | T_wall=800100375.217 ms: Launching task 1 'sum1' (deadline: 30000 ms)
execution-manager-grpc  | [SCHEDULER] 🕐 Timeout armed for task 1 at T=30000 ms (in 20000 ms)
execution-manager-grpc  | [GRPC THREAD 1] Starting...
execution-manager-grpc  | [EXECUTION MANAGER] ⏱️ T1=800100375.296 ms | Sending gRPC request for task 1 'sum1'
execution-manager-grpc  | [gRPC Channel Pool] Reusing existing channel for localhost:50051 (state=2)
execution-manager-grpc  | [gRPC Client Async] Calling task 'sum1' at localhost:50051
execution-manager-grpc  | [gRPC Client Async] Inputs: {"total_ops": 100, "io_percentage": 50}
execution-manager-grpc  | [gRPC Client Async] Response #1 - Status: COMPLETED
execution-manager-grpc  | 🎉 [T=10273 ms] Task 1 'sum1' COMPLETED
execution-manager-grpc  | [EXECUTION MANAGER] ⏱️ T2=800100375.873 ms | Thread started (server measured)
execution-manager-grpc  | [EXECUTION MANAGER] ⏱️ T3=800100648.290 ms | Task completed (server measured)
execution-manager-grpc  | [EXECUTION MANAGER] ⏱️ T4=800100648.748 ms | Result received by client
execution-manager-grpc  |    [TASK EXECUTION] 272.417 ms (T3-T2, measured in thread)
execution-manager-grpc  |    [RESULT] {"result": 0}
execution-manager-grpc  | 
execution-manager-grpc  | ╔═══════════════════════════════════════════════════════════════╗
execution-manager-grpc  | ║           END-TO-END TIMING MEASUREMENT RECAP                 ║
execution-manager-grpc  | ║                   Task 1: sum1                                 
execution-manager-grpc  | ╠═══════════════════════════════════════════════════════════════╣
execution-manager-grpc  | ║ T1 (start_request)    = 800100375.296 ms                        ║
execution-manager-grpc  | ║ T2 (end_request)      = 800100375.873 ms                        ║
execution-manager-grpc  | ║ T3 (start_result)     = 800100648.290 ms                        ║
execution-manager-grpc  | ║ T4 (end_result)       = 800100648.748 ms                        ║
execution-manager-grpc  | ╠═══════════════════════════════════════════════════════════════╣
execution-manager-grpc  | ║ METRICS:                                                      ║
execution-manager-grpc  | ║   Request Latency    =        0.578 ms  (T2 - T1)            ║
execution-manager-grpc  | ║   Task Execution     =      272.417 ms  (T3 - T2)            ║
execution-manager-grpc  | ║   Response Latency   =        0.458 ms  (T4 - T3)            ║
execution-manager-grpc  | ║   Total End-to-End   =      273.453 ms  (T4 - T1)            ║
execution-manager-grpc  | ║   Network Overhead   =        1.036 ms  (Req + Resp)         ║
execution-manager-grpc  | ╚═══════════════════════════════════════════════════════════════╝
execution-manager-grpc  | 
execution-manager-grpc  | [EPOLL] T=10273 ms: epoll_wait returned 1 event(s)
execution-manager-grpc  | [EPOLL] event[0]: type=2 task=NULL
execution-manager-grpc  | [SCHEDULER] ✅ T=10273 ms: Task 1 'sum1' completed with status 2
execution-manager-grpc  | [SCHEDULER] 🔕 Timeout disarmed for task 1
execution-manager-grpc  | [SCHEDULER] 0 tasks remaining
execution-manager-grpc  | 
execution-manager-grpc  | [SCHEDULER] 🏁 Iteration 29/50 complete!
execution-manager-grpc  | [SCHEDULER] Iteration execution time: 10273 ms
execution-manager-grpc  | 
execution-manager-grpc  | 
execution-manager-grpc  | [SCHEDULER] 🔁 ===== ITERATION 30 / 50 =====
execution-manager-grpc  | 
execution-manager-grpc  | [SCHEDULER] 🚀 Schedule started at T=0
execution-manager-grpc  | 
execution-manager-grpc  | [SCHEDULER] 🔄 Entering event loop (NO SLEEP - event-driven!)
execution-manager-grpc  | 
execution-manager-grpc  | [gRPC Client Async] Stream completed, received 1 responses
execution-manager-grpc  | [GRPC THREAD 1] Completed
execution-manager-grpc  | [EPOLL] T=10000 ms: epoll_wait returned 1 event(s)
execution-manager-grpc  | [EPOLL] event[0]: type=0 task=sum1
execution-manager-grpc  | [SCHEDULER] ⏰ T=10000 ms | T_wall=800110648.856 ms: Launching task 1 'sum1' (deadline: 30000 ms)
execution-manager-grpc  | [SCHEDULER] 🕐 Timeout armed for task 1 at T=30000 ms (in 20000 ms)
execution-manager-grpc  | [GRPC THREAD 1] Starting...
execution-manager-grpc  | [EXECUTION MANAGER] ⏱️ T1=800110648.936 ms | Sending gRPC request for task 1 'sum1'
execution-manager-grpc  | [gRPC Channel Pool] Reusing existing channel for localhost:50051 (state=2)
execution-manager-grpc  | [gRPC Client Async] Calling task 'sum1' at localhost:50051
execution-manager-grpc  | [gRPC Client Async] Inputs: {"total_ops": 100, "io_percentage": 50}
execution-manager-grpc  | [gRPC Client Async] Response #1 - Status: COMPLETED
execution-manager-grpc  | 🎉 [T=10274 ms] Task 1 'sum1' COMPLETED
execution-manager-grpc  | [EXECUTION MANAGER] ⏱️ T2=800110649.511 ms | Thread started (server measured)
execution-manager-grpc  | [EXECUTION MANAGER] ⏱️ T3=800110921.888 ms | Task completed (server measured)
execution-manager-grpc  | [EXECUTION MANAGER] ⏱️ T4=800110922.276 ms | Result received by client
execution-manager-grpc  |    [TASK EXECUTION] 272.377 ms (T3-T2, measured in thread)
execution-manager-grpc  |    [RESULT] {"result": 0}
execution-manager-grpc  | 
execution-manager-grpc  | ╔═══════════════════════════════════════════════════════════════╗
execution-manager-grpc  | ║           END-TO-END TIMING MEASUREMENT RECAP                 ║
execution-manager-grpc  | ║                   Task 1: sum1                                 
execution-manager-grpc  | ╠═══════════════════════════════════════════════════════════════╣
execution-manager-grpc  | ║ T1 (start_request)    = 800110648.936 ms                        ║
execution-manager-grpc  | ║ T2 (end_request)      = 800110649.511 ms                        ║
execution-manager-grpc  | ║ T3 (start_result)     = 800110921.888 ms                        ║
execution-manager-grpc  | ║ T4 (end_result)       = 800110922.276 ms                        ║
execution-manager-grpc  | ╠═══════════════════════════════════════════════════════════════╣
execution-manager-grpc  | ║ METRICS:                                                      ║
execution-manager-grpc  | ║   Request Latency    =        0.575 ms  (T2 - T1)            ║
execution-manager-grpc  | ║   Task Execution     =      272.377 ms  (T3 - T2)            ║
execution-manager-grpc  | ║   Response Latency   =        0.387 ms  (T4 - T3)            ║
execution-manager-grpc  | ║   Total End-to-End   =      273.340 ms  (T4 - T1)            ║
execution-manager-grpc  | ║   Network Overhead   =        0.963 ms  (Req + Resp)         ║
execution-manager-grpc  | ╚═══════════════════════════════════════════════════════════════╝
execution-manager-grpc  | 
execution-manager-grpc  | [EPOLL] T=10274 ms: epoll_wait returned 1 event(s)
execution-manager-grpc  | [EPOLL] event[0]: type=2 task=NULL
execution-manager-grpc  | [SCHEDULER] ✅ T=10274 ms: Task 1 'sum1' completed with status 2
execution-manager-grpc  | [SCHEDULER] 🔕 Timeout disarmed for task 1
execution-manager-grpc  | [SCHEDULER] 0 tasks remaining
execution-manager-grpc  | 
execution-manager-grpc  | [SCHEDULER] 🏁 Iteration 30/50 complete!
execution-manager-grpc  | [SCHEDULER] Iteration execution time: 10274 ms
execution-manager-grpc  | 
execution-manager-grpc  | 
execution-manager-grpc  | [SCHEDULER] 🔁 ===== ITERATION 31 / 50 =====
execution-manager-grpc  | 
execution-manager-grpc  | [SCHEDULER] 🚀 Schedule started at T=0
execution-manager-grpc  | 
execution-manager-grpc  | [SCHEDULER] 🔄 Entering event loop (NO SLEEP - event-driven!)
execution-manager-grpc  | 
execution-manager-grpc  | [gRPC Client Async] Stream completed, received 1 responses
execution-manager-grpc  | [GRPC THREAD 1] Completed
execution-manager-grpc  | [EPOLL] T=10000 ms: epoll_wait returned 1 event(s)
execution-manager-grpc  | [EPOLL] event[0]: type=0 task=sum1
execution-manager-grpc  | [SCHEDULER] ⏰ T=10000 ms | T_wall=800120922.393 ms: Launching task 1 'sum1' (deadline: 30000 ms)
execution-manager-grpc  | [SCHEDULER] 🕐 Timeout armed for task 1 at T=30000 ms (in 20000 ms)
execution-manager-grpc  | [GRPC THREAD 1] Starting...
execution-manager-grpc  | [EXECUTION MANAGER] ⏱️ T1=800120922.470 ms | Sending gRPC request for task 1 'sum1'
execution-manager-grpc  | [gRPC Channel Pool] Reusing existing channel for localhost:50051 (state=2)
execution-manager-grpc  | [gRPC Client Async] Calling task 'sum1' at localhost:50051
execution-manager-grpc  | [gRPC Client Async] Inputs: {"total_ops": 100, "io_percentage": 50}
execution-manager-grpc  | [gRPC Client Async] Response #1 - Status: COMPLETED
execution-manager-grpc  | 🎉 [T=10273 ms] Task 1 'sum1' COMPLETED
execution-manager-grpc  | [EXECUTION MANAGER] ⏱️ T2=800120923.031 ms | Thread started (server measured)
execution-manager-grpc  | [EXECUTION MANAGER] ⏱️ T3=800121195.353 ms | Task completed (server measured)
execution-manager-grpc  | [EXECUTION MANAGER] ⏱️ T4=800121195.760 ms | Result received by client
execution-manager-grpc  |    [TASK EXECUTION] 272.321 ms (T3-T2, measured in thread)
execution-manager-grpc  |    [RESULT] {"result": 0}
execution-manager-grpc  | 
execution-manager-grpc  | ╔═══════════════════════════════════════════════════════════════╗
execution-manager-grpc  | ║           END-TO-END TIMING MEASUREMENT RECAP                 ║
execution-manager-grpc  | ║                   Task 1: sum1                                 
execution-manager-grpc  | ╠═══════════════════════════════════════════════════════════════╣
execution-manager-grpc  | ║ T1 (start_request)    = 800120922.470 ms                        ║
execution-manager-grpc  | ║ T2 (end_request)      = 800120923.031 ms                        ║
execution-manager-grpc  | ║ T3 (start_result)     = 800121195.353 ms                        ║
execution-manager-grpc  | ║ T4 (end_result)       = 800121195.760 ms                        ║
execution-manager-grpc  | ╠═══════════════════════════════════════════════════════════════╣
execution-manager-grpc  | ║ METRICS:                                                      ║
execution-manager-grpc  | ║   Request Latency    =        0.562 ms  (T2 - T1)            ║
execution-manager-grpc  | ║   Task Execution     =      272.321 ms  (T3 - T2)            ║
execution-manager-grpc  | ║   Response Latency   =        0.407 ms  (T4 - T3)            ║
execution-manager-grpc  | ║   Total End-to-End   =      273.290 ms  (T4 - T1)            ║
execution-manager-grpc  | ║   Network Overhead   =        0.969 ms  (Req + Resp)         ║
execution-manager-grpc  | ╚═══════════════════════════════════════════════════════════════╝
execution-manager-grpc  | 
execution-manager-grpc  | [EPOLL] T=10273 ms: epoll_wait returned 1 event(s)
execution-manager-grpc  | [EPOLL] event[0]: type=2 task=NULL
execution-manager-grpc  | [SCHEDULER] ✅ T=10273 ms: Task 1 'sum1' completed with status 2
execution-manager-grpc  | [SCHEDULER] 🔕 Timeout disarmed for task 1
execution-manager-grpc  | [SCHEDULER] 0 tasks remaining
execution-manager-grpc  | 
execution-manager-grpc  | [SCHEDULER] 🏁 Iteration 31/50 complete!
execution-manager-grpc  | [SCHEDULER] Iteration execution time: 10273 ms
execution-manager-grpc  | 
execution-manager-grpc  | 
execution-manager-grpc  | [SCHEDULER] 🔁 ===== ITERATION 32 / 50 =====
execution-manager-grpc  | 
execution-manager-grpc  | [SCHEDULER] 🚀 Schedule started at T=0
execution-manager-grpc  | 
execution-manager-grpc  | [SCHEDULER] 🔄 Entering event loop (NO SLEEP - event-driven!)
execution-manager-grpc  | 
execution-manager-grpc  | [gRPC Client Async] Stream completed, received 1 responses
execution-manager-grpc  | [GRPC THREAD 1] Completed
execution-manager-grpc  | [EPOLL] T=10000 ms: epoll_wait returned 1 event(s)
execution-manager-grpc  | [EPOLL] event[0]: type=0 task=sum1
execution-manager-grpc  | [SCHEDULER] ⏰ T=10000 ms | T_wall=800131195.873 ms: Launching task 1 'sum1' (deadline: 30000 ms)
execution-manager-grpc  | [SCHEDULER] 🕐 Timeout armed for task 1 at T=30000 ms (in 20000 ms)
execution-manager-grpc  | [GRPC THREAD 1] Starting...
execution-manager-grpc  | [EXECUTION MANAGER] ⏱️ T1=800131195.961 ms | Sending gRPC request for task 1 'sum1'
execution-manager-grpc  | [gRPC Channel Pool] Reusing existing channel for localhost:50051 (state=2)
execution-manager-grpc  | [gRPC Client Async] Calling task 'sum1' at localhost:50051
execution-manager-grpc  | [gRPC Client Async] Inputs: {"total_ops": 100, "io_percentage": 50}
execution-manager-grpc  | [gRPC Client Async] Response #1 - Status: COMPLETED
execution-manager-grpc  | 🎉 [T=10274 ms] Task 1 'sum1' COMPLETED
execution-manager-grpc  | [EXECUTION MANAGER] ⏱️ T2=800131196.577 ms | Thread started (server measured)
execution-manager-grpc  | [EXECUTION MANAGER] ⏱️ T3=800131468.929 ms | Task completed (server measured)
execution-manager-grpc  | [EXECUTION MANAGER] ⏱️ T4=800131469.326 ms | Result received by client
execution-manager-grpc  |    [TASK EXECUTION] 272.352 ms (T3-T2, measured in thread)
execution-manager-grpc  |    [RESULT] {"result": 0}
execution-manager-grpc  | 
execution-manager-grpc  | ╔═══════════════════════════════════════════════════════════════╗
execution-manager-grpc  | ║           END-TO-END TIMING MEASUREMENT RECAP                 ║
execution-manager-grpc  | ║                   Task 1: sum1                                 
execution-manager-grpc  | ╠═══════════════════════════════════════════════════════════════╣
execution-manager-grpc  | ║ T1 (start_request)    = 800131195.961 ms                        ║
execution-manager-grpc  | ║ T2 (end_request)      = 800131196.577 ms                        ║
execution-manager-grpc  | ║ T3 (start_result)     = 800131468.929 ms                        ║
execution-manager-grpc  | ║ T4 (end_result)       = 800131469.326 ms                        ║
execution-manager-grpc  | ╠═══════════════════════════════════════════════════════════════╣
execution-manager-grpc  | ║ METRICS:                                                      ║
execution-manager-grpc  | ║   Request Latency    =        0.616 ms  (T2 - T1)            ║
execution-manager-grpc  | ║   Task Execution     =      272.352 ms  (T3 - T2)            ║
execution-manager-grpc  | ║   Response Latency   =        0.397 ms  (T4 - T3)            ║
execution-manager-grpc  | ║   Total End-to-End   =      273.365 ms  (T4 - T1)            ║
execution-manager-grpc  | ║   Network Overhead   =        1.013 ms  (Req + Resp)         ║
execution-manager-grpc  | ╚═══════════════════════════════════════════════════════════════╝
execution-manager-grpc  | 
execution-manager-grpc  | [EPOLL] T=10274 ms: epoll_wait returned 1 event(s)
execution-manager-grpc  | [EPOLL] event[0]: type=2 task=NULL
execution-manager-grpc  | [SCHEDULER] ✅ T=10274 ms: Task 1 'sum1' completed with status 2
execution-manager-grpc  | [SCHEDULER] 🔕 Timeout disarmed for task 1
execution-manager-grpc  | [SCHEDULER] 0 tasks remaining
execution-manager-grpc  | 
execution-manager-grpc  | [SCHEDULER] 🏁 Iteration 32/50 complete!
execution-manager-grpc  | [SCHEDULER] Iteration execution time: 10274 ms
execution-manager-grpc  | 
execution-manager-grpc  | 
execution-manager-grpc  | [SCHEDULER] 🔁 ===== ITERATION 33 / 50 =====
execution-manager-grpc  | 
execution-manager-grpc  | [SCHEDULER] 🚀 Schedule started at T=0
execution-manager-grpc  | 
execution-manager-grpc  | [SCHEDULER] 🔄 Entering event loop (NO SLEEP - event-driven!)
execution-manager-grpc  | 
execution-manager-grpc  | [gRPC Client Async] Stream completed, received 1 responses
execution-manager-grpc  | [GRPC THREAD 1] Completed
execution-manager-grpc  | [EPOLL] T=10000 ms: epoll_wait returned 1 event(s)
execution-manager-grpc  | [EPOLL] event[0]: type=0 task=sum1
execution-manager-grpc  | [SCHEDULER] ⏰ T=10000 ms | T_wall=800141469.447 ms: Launching task 1 'sum1' (deadline: 30000 ms)
execution-manager-grpc  | [SCHEDULER] 🕐 Timeout armed for task 1 at T=30000 ms (in 20000 ms)
execution-manager-grpc  | [GRPC THREAD 1] Starting...
execution-manager-grpc  | [EXECUTION MANAGER] ⏱️ T1=800141469.534 ms | Sending gRPC request for task 1 'sum1'
execution-manager-grpc  | [gRPC Channel Pool] Reusing existing channel for localhost:50051 (state=2)
execution-manager-grpc  | [gRPC Client Async] Calling task 'sum1' at localhost:50051
execution-manager-grpc  | [gRPC Client Async] Inputs: {"total_ops": 100, "io_percentage": 50}
execution-manager-grpc  | [gRPC Client Async] Response #1 - Status: COMPLETED
execution-manager-grpc  | 🎉 [T=10273 ms] Task 1 'sum1' COMPLETED
execution-manager-grpc  | [EXECUTION MANAGER] ⏱️ T2=800141470.075 ms | Thread started (server measured)
execution-manager-grpc  | [EXECUTION MANAGER] ⏱️ T3=800141742.413 ms | Task completed (server measured)
execution-manager-grpc  | [EXECUTION MANAGER] ⏱️ T4=800141742.905 ms | Result received by client
execution-manager-grpc  |    [TASK EXECUTION] 272.338 ms (T3-T2, measured in thread)
execution-manager-grpc  |    [RESULT] {"result": 0}
execution-manager-grpc  | 
execution-manager-grpc  | ╔═══════════════════════════════════════════════════════════════╗
execution-manager-grpc  | ║           END-TO-END TIMING MEASUREMENT RECAP                 ║
execution-manager-grpc  | ║                   Task 1: sum1                                 
execution-manager-grpc  | ╠═══════════════════════════════════════════════════════════════╣
execution-manager-grpc  | ║ T1 (start_request)    = 800141469.534 ms                        ║
execution-manager-grpc  | ║ T2 (end_request)      = 800141470.075 ms                        ║
execution-manager-grpc  | ║ T3 (start_result)     = 800141742.413 ms                        ║
execution-manager-grpc  | ║ T4 (end_result)       = 800141742.905 ms                        ║
execution-manager-grpc  | ╠═══════════════════════════════════════════════════════════════╣
execution-manager-grpc  | ║ METRICS:                                                      ║
execution-manager-grpc  | ║   Request Latency    =        0.540 ms  (T2 - T1)            ║
execution-manager-grpc  | ║   Task Execution     =      272.338 ms  (T3 - T2)            ║
execution-manager-grpc  | ║   Response Latency   =        0.493 ms  (T4 - T3)            ║
execution-manager-grpc  | ║   Total End-to-End   =      273.371 ms  (T4 - T1)            ║
execution-manager-grpc  | ║   Network Overhead   =        1.033 ms  (Req + Resp)         ║
execution-manager-grpc  | ╚═══════════════════════════════════════════════════════════════╝
execution-manager-grpc  | 
execution-manager-grpc  | [EPOLL] T=10273 ms: epoll_wait returned 1 event(s)
execution-manager-grpc  | [EPOLL] event[0]: type=2 task=NULL
execution-manager-grpc  | [SCHEDULER] ✅ T=10273 ms: Task 1 'sum1' completed with status 2
execution-manager-grpc  | [SCHEDULER] 🔕 Timeout disarmed for task 1
execution-manager-grpc  | [SCHEDULER] 0 tasks remaining
execution-manager-grpc  | 
execution-manager-grpc  | [SCHEDULER] 🏁 Iteration 33/50 complete!
execution-manager-grpc  | [SCHEDULER] Iteration execution time: 10273 ms
execution-manager-grpc  | 
execution-manager-grpc  | 
execution-manager-grpc  | [SCHEDULER] 🔁 ===== ITERATION 34 / 50 =====
execution-manager-grpc  | 
execution-manager-grpc  | [SCHEDULER] 🚀 Schedule started at T=0
execution-manager-grpc  | 
execution-manager-grpc  | [SCHEDULER] 🔄 Entering event loop (NO SLEEP - event-driven!)
execution-manager-grpc  | 
execution-manager-grpc  | [gRPC Client Async] Stream completed, received 1 responses
execution-manager-grpc  | [GRPC THREAD 1] Completed
execution-manager-grpc  | [EPOLL] T=10001 ms: epoll_wait returned 1 event(s)
execution-manager-grpc  | [EPOLL] event[0]: type=0 task=sum1
execution-manager-grpc  | [SCHEDULER] ⏰ T=10001 ms | T_wall=800151743.014 ms: Launching task 1 'sum1' (deadline: 30000 ms)
execution-manager-grpc  | [SCHEDULER] 🕐 Timeout armed for task 1 at T=30000 ms (in 19999 ms)
execution-manager-grpc  | [GRPC THREAD 1] Starting...
execution-manager-grpc  | [EXECUTION MANAGER] ⏱️ T1=800151743.090 ms | Sending gRPC request for task 1 'sum1'
execution-manager-grpc  | [gRPC Channel Pool] Reusing existing channel for localhost:50051 (state=2)
execution-manager-grpc  | [gRPC Client Async] Calling task 'sum1' at localhost:50051
execution-manager-grpc  | [gRPC Client Async] Inputs: {"total_ops": 100, "io_percentage": 50}
execution-manager-grpc  | [gRPC Client Async] Response #1 - Status: COMPLETED
execution-manager-grpc  | 🎉 [T=10274 ms] Task 1 'sum1' COMPLETED
execution-manager-grpc  | [EXECUTION MANAGER] ⏱️ T2=800151743.799 ms | Thread started (server measured)
execution-manager-grpc  | [EXECUTION MANAGER] ⏱️ T3=800152016.068 ms | Task completed (server measured)
execution-manager-grpc  | [EXECUTION MANAGER] ⏱️ T4=800152016.514 ms | Result received by client
execution-manager-grpc  |    [TASK EXECUTION] 272.269 ms (T3-T2, measured in thread)
execution-manager-grpc  |    [RESULT] {"result": 0}
execution-manager-grpc  | 
execution-manager-grpc  | ╔═══════════════════════════════════════════════════════════════╗
execution-manager-grpc  | ║           END-TO-END TIMING MEASUREMENT RECAP                 ║
execution-manager-grpc  | ║                   Task 1: sum1                                 
execution-manager-grpc  | ╠═══════════════════════════════════════════════════════════════╣
execution-manager-grpc  | ║ T1 (start_request)    = 800151743.090 ms                        ║
execution-manager-grpc  | ║ T2 (end_request)      = 800151743.799 ms                        ║
execution-manager-grpc  | ║ T3 (start_result)     = 800152016.068 ms                        ║
execution-manager-grpc  | ║ T4 (end_result)       = 800152016.514 ms                        ║
execution-manager-grpc  | ╠═══════════════════════════════════════════════════════════════╣
execution-manager-grpc  | ║ METRICS:                                                      ║
execution-manager-grpc  | ║   Request Latency    =        0.709 ms  (T2 - T1)            ║
execution-manager-grpc  | ║   Task Execution     =      272.269 ms  (T3 - T2)            ║
execution-manager-grpc  | ║   Response Latency   =        0.446 ms  (T4 - T3)            ║
execution-manager-grpc  | ║   Total End-to-End   =      273.423 ms  (T4 - T1)            ║
execution-manager-grpc  | ║   Network Overhead   =        1.154 ms  (Req + Resp)         ║
execution-manager-grpc  | ╚═══════════════════════════════════════════════════════════════╝
execution-manager-grpc  | 
execution-manager-grpc  | [EPOLL] T=10274 ms: epoll_wait returned 1 event(s)
execution-manager-grpc  | [EPOLL] event[0]: type=2 task=NULL
execution-manager-grpc  | [SCHEDULER] ✅ T=10274 ms: Task 1 'sum1' completed with status 2
execution-manager-grpc  | [SCHEDULER] 🔕 Timeout disarmed for task 1
execution-manager-grpc  | [SCHEDULER] 0 tasks remaining
execution-manager-grpc  | 
execution-manager-grpc  | [SCHEDULER] 🏁 Iteration 34/50 complete!
execution-manager-grpc  | [SCHEDULER] Iteration execution time: 10274 ms
execution-manager-grpc  | 
execution-manager-grpc  | 
execution-manager-grpc  | [SCHEDULER] 🔁 ===== ITERATION 35 / 50 =====
execution-manager-grpc  | 
execution-manager-grpc  | [SCHEDULER] 🚀 Schedule started at T=0
execution-manager-grpc  | 
execution-manager-grpc  | [SCHEDULER] 🔄 Entering event loop (NO SLEEP - event-driven!)
execution-manager-grpc  | 
execution-manager-grpc  | [gRPC Client Async] Stream completed, received 1 responses
execution-manager-grpc  | [GRPC THREAD 1] Completed
execution-manager-grpc  | [EPOLL] T=10000 ms: epoll_wait returned 1 event(s)
execution-manager-grpc  | [EPOLL] event[0]: type=0 task=sum1
execution-manager-grpc  | [SCHEDULER] ⏰ T=10000 ms | T_wall=800162016.622 ms: Launching task 1 'sum1' (deadline: 30000 ms)
execution-manager-grpc  | [SCHEDULER] 🕐 Timeout armed for task 1 at T=30000 ms (in 20000 ms)
execution-manager-grpc  | [GRPC THREAD 1] Starting...
execution-manager-grpc  | [EXECUTION MANAGER] ⏱️ T1=800162016.705 ms | Sending gRPC request for task 1 'sum1'
execution-manager-grpc  | [gRPC Channel Pool] Reusing existing channel for localhost:50051 (state=2)
execution-manager-grpc  | [gRPC Client Async] Calling task 'sum1' at localhost:50051
execution-manager-grpc  | [gRPC Client Async] Inputs: {"total_ops": 100, "io_percentage": 50}
execution-manager-grpc  | [gRPC Client Async] Response #1 - Status: COMPLETED
execution-manager-grpc  | 🎉 [T=10274 ms] Task 1 'sum1' COMPLETED
execution-manager-grpc  | [EXECUTION MANAGER] ⏱️ T2=800162017.276 ms | Thread started (server measured)
execution-manager-grpc  | [EXECUTION MANAGER] ⏱️ T3=800162289.649 ms | Task completed (server measured)
execution-manager-grpc  | [EXECUTION MANAGER] ⏱️ T4=800162290.077 ms | Result received by client
execution-manager-grpc  |    [TASK EXECUTION] 272.373 ms (T3-T2, measured in thread)
execution-manager-grpc  |    [RESULT] {"result": 0}
execution-manager-grpc  | 
execution-manager-grpc  | ╔═══════════════════════════════════════════════════════════════╗
execution-manager-grpc  | ║           END-TO-END TIMING MEASUREMENT RECAP                 ║
execution-manager-grpc  | ║                   Task 1: sum1                                 
execution-manager-grpc  | ╠═══════════════════════════════════════════════════════════════╣
execution-manager-grpc  | ║ T1 (start_request)    = 800162016.705 ms                        ║
execution-manager-grpc  | ║ T2 (end_request)      = 800162017.276 ms                        ║
execution-manager-grpc  | ║ T3 (start_result)     = 800162289.649 ms                        ║
execution-manager-grpc  | ║ T4 (end_result)       = 800162290.077 ms                        ║
execution-manager-grpc  | ╠═══════════════════════════════════════════════════════════════╣
execution-manager-grpc  | ║ METRICS:                                                      ║
execution-manager-grpc  | ║   Request Latency    =        0.570 ms  (T2 - T1)            ║
execution-manager-grpc  | ║   Task Execution     =      272.373 ms  (T3 - T2)            ║
execution-manager-grpc  | ║   Response Latency   =        0.428 ms  (T4 - T3)            ║
execution-manager-grpc  | ║   Total End-to-End   =      273.372 ms  (T4 - T1)            ║
execution-manager-grpc  | ║   Network Overhead   =        0.999 ms  (Req + Resp)         ║
execution-manager-grpc  | ╚═══════════════════════════════════════════════════════════════╝
execution-manager-grpc  | 
execution-manager-grpc  | [EPOLL] T=10274 ms: epoll_wait returned 1 event(s)
execution-manager-grpc  | [EPOLL] event[0]: type=2 task=NULL
execution-manager-grpc  | [SCHEDULER] ✅ T=10274 ms: Task 1 'sum1' completed with status 2
execution-manager-grpc  | [SCHEDULER] 🔕 Timeout disarmed for task 1
execution-manager-grpc  | [SCHEDULER] 0 tasks remaining
execution-manager-grpc  | 
execution-manager-grpc  | [SCHEDULER] 🏁 Iteration 35/50 complete!
execution-manager-grpc  | [SCHEDULER] Iteration execution time: 10274 ms
execution-manager-grpc  | 
execution-manager-grpc  | 
execution-manager-grpc  | [SCHEDULER] 🔁 ===== ITERATION 36 / 50 =====
execution-manager-grpc  | 
execution-manager-grpc  | [SCHEDULER] 🚀 Schedule started at T=0
execution-manager-grpc  | 
execution-manager-grpc  | [SCHEDULER] 🔄 Entering event loop (NO SLEEP - event-driven!)
execution-manager-grpc  | 
execution-manager-grpc  | [gRPC Client Async] Stream completed, received 1 responses
execution-manager-grpc  | [GRPC THREAD 1] Completed
execution-manager-grpc  | [EPOLL] T=10000 ms: epoll_wait returned 1 event(s)
execution-manager-grpc  | [EPOLL] event[0]: type=0 task=sum1
execution-manager-grpc  | [SCHEDULER] ⏰ T=10000 ms | T_wall=800172290.196 ms: Launching task 1 'sum1' (deadline: 30000 ms)
execution-manager-grpc  | [SCHEDULER] 🕐 Timeout armed for task 1 at T=30000 ms (in 20000 ms)
execution-manager-grpc  | [GRPC THREAD 1] Starting...
execution-manager-grpc  | [EXECUTION MANAGER] ⏱️ T1=800172290.279 ms | Sending gRPC request for task 1 'sum1'
execution-manager-grpc  | [gRPC Channel Pool] Reusing existing channel for localhost:50051 (state=2)
execution-manager-grpc  | [gRPC Client Async] Calling task 'sum1' at localhost:50051
execution-manager-grpc  | [gRPC Client Async] Inputs: {"total_ops": 100, "io_percentage": 50}
execution-manager-grpc  | [gRPC Client Async] Response #1 - Status: COMPLETED
execution-manager-grpc  | 🎉 [T=10273 ms] Task 1 'sum1' COMPLETED
execution-manager-grpc  | [EXECUTION MANAGER] ⏱️ T2=800172290.822 ms | Thread started (server measured)
execution-manager-grpc  | [EXECUTION MANAGER] ⏱️ T3=800172563.221 ms | Task completed (server measured)
execution-manager-grpc  | [EXECUTION MANAGER] ⏱️ T4=800172563.645 ms | Result received by client
execution-manager-grpc  |    [TASK EXECUTION] 272.399 ms (T3-T2, measured in thread)
execution-manager-grpc  |    [RESULT] {"result": 0}
execution-manager-grpc  | 
execution-manager-grpc  | ╔═══════════════════════════════════════════════════════════════╗
execution-manager-grpc  | ║           END-TO-END TIMING MEASUREMENT RECAP                 ║
execution-manager-grpc  | ║                   Task 1: sum1                                 
execution-manager-grpc  | ╠═══════════════════════════════════════════════════════════════╣
execution-manager-grpc  | ║ T1 (start_request)    = 800172290.279 ms                        ║
execution-manager-grpc  | ║ T2 (end_request)      = 800172290.822 ms                        ║
execution-manager-grpc  | ║ T3 (start_result)     = 800172563.221 ms                        ║
execution-manager-grpc  | ║ T4 (end_result)       = 800172563.645 ms                        ║
execution-manager-grpc  | ╠═══════════════════════════════════════════════════════════════╣
execution-manager-grpc  | ║ METRICS:                                                      ║
execution-manager-grpc  | ║   Request Latency    =        0.543 ms  (T2 - T1)            ║
execution-manager-grpc  | ║   Task Execution     =      272.399 ms  (T3 - T2)            ║
execution-manager-grpc  | ║   Response Latency   =        0.424 ms  (T4 - T3)            ║
execution-manager-grpc  | ║   Total End-to-End   =      273.366 ms  (T4 - T1)            ║
execution-manager-grpc  | ║   Network Overhead   =        0.967 ms  (Req + Resp)         ║
execution-manager-grpc  | ╚═══════════════════════════════════════════════════════════════╝
execution-manager-grpc  | 
execution-manager-grpc  | [EPOLL] T=10273 ms: epoll_wait returned 1 event(s)
execution-manager-grpc  | [EPOLL] event[0]: type=2 task=NULL
execution-manager-grpc  | [SCHEDULER] ✅ T=10273 ms: Task 1 'sum1' completed with status 2
execution-manager-grpc  | [SCHEDULER] 🔕 Timeout disarmed for task 1
execution-manager-grpc  | [SCHEDULER] 0 tasks remaining
execution-manager-grpc  | 
execution-manager-grpc  | [SCHEDULER] 🏁 Iteration 36/50 complete!
execution-manager-grpc  | [SCHEDULER] Iteration execution time: 10273 ms
execution-manager-grpc  | 
execution-manager-grpc  | 
execution-manager-grpc  | [SCHEDULER] 🔁 ===== ITERATION 37 / 50 =====
execution-manager-grpc  | 
execution-manager-grpc  | [SCHEDULER] 🚀 Schedule started at T=0
execution-manager-grpc  | 
execution-manager-grpc  | [SCHEDULER] 🔄 Entering event loop (NO SLEEP - event-driven!)
execution-manager-grpc  | 
execution-manager-grpc  | [gRPC Client Async] Stream completed, received 1 responses
execution-manager-grpc  | [GRPC THREAD 1] Completed
execution-manager-grpc  | [EPOLL] T=10000 ms: epoll_wait returned 1 event(s)
execution-manager-grpc  | [EPOLL] event[0]: type=0 task=sum1
execution-manager-grpc  | [SCHEDULER] ⏰ T=10000 ms | T_wall=800182563.761 ms: Launching task 1 'sum1' (deadline: 30000 ms)
execution-manager-grpc  | [SCHEDULER] 🕐 Timeout armed for task 1 at T=30000 ms (in 20000 ms)
execution-manager-grpc  | [GRPC THREAD 1] Starting...
execution-manager-grpc  | [EXECUTION MANAGER] ⏱️ T1=800182563.842 ms | Sending gRPC request for task 1 'sum1'
execution-manager-grpc  | [gRPC Channel Pool] Reusing existing channel for localhost:50051 (state=2)
execution-manager-grpc  | [gRPC Client Async] Calling task 'sum1' at localhost:50051
execution-manager-grpc  | [gRPC Client Async] Inputs: {"total_ops": 100, "io_percentage": 50}
execution-manager-grpc  | [gRPC Client Async] Response #1 - Status: COMPLETED
execution-manager-grpc  | 🎉 [T=10274 ms] Task 1 'sum1' COMPLETED
execution-manager-grpc  | [EXECUTION MANAGER] ⏱️ T2=800182564.464 ms | Thread started (server measured)
execution-manager-grpc  | [EXECUTION MANAGER] ⏱️ T3=800182836.922 ms | Task completed (server measured)
execution-manager-grpc  | [EXECUTION MANAGER] ⏱️ T4=800182837.388 ms | Result received by client
execution-manager-grpc  |    [TASK EXECUTION] 272.458 ms (T3-T2, measured in thread)
execution-manager-grpc  |    [RESULT] {"result": 0}
execution-manager-grpc  | 
execution-manager-grpc  | ╔═══════════════════════════════════════════════════════════════╗
execution-manager-grpc  | ║           END-TO-END TIMING MEASUREMENT RECAP                 ║
execution-manager-grpc  | ║                   Task 1: sum1                                 
execution-manager-grpc  | ╠═══════════════════════════════════════════════════════════════╣
execution-manager-grpc  | ║ T1 (start_request)    = 800182563.842 ms                        ║
execution-manager-grpc  | ║ T2 (end_request)      = 800182564.464 ms                        ║
execution-manager-grpc  | ║ T3 (start_result)     = 800182836.922 ms                        ║
execution-manager-grpc  | ║ T4 (end_result)       = 800182837.388 ms                        ║
execution-manager-grpc  | ╠═══════════════════════════════════════════════════════════════╣
execution-manager-grpc  | ║ METRICS:                                                      ║
execution-manager-grpc  | ║   Request Latency    =        0.622 ms  (T2 - T1)            ║
execution-manager-grpc  | ║   Task Execution     =      272.458 ms  (T3 - T2)            ║
execution-manager-grpc  | ║   Response Latency   =        0.466 ms  (T4 - T3)            ║
execution-manager-grpc  | ║   Total End-to-End   =      273.546 ms  (T4 - T1)            ║
execution-manager-grpc  | ║   Network Overhead   =        1.087 ms  (Req + Resp)         ║
execution-manager-grpc  | ╚═══════════════════════════════════════════════════════════════╝
execution-manager-grpc  | 
execution-manager-grpc  | [EPOLL] T=10274 ms: epoll_wait returned 1 event(s)
execution-manager-grpc  | [EPOLL] event[0]: type=2 task=NULL
execution-manager-grpc  | [SCHEDULER] ✅ T=10274 ms: Task 1 'sum1' completed with status 2
execution-manager-grpc  | [SCHEDULER] 🔕 Timeout disarmed for task 1
execution-manager-grpc  | [SCHEDULER] 0 tasks remaining
execution-manager-grpc  | 
execution-manager-grpc  | [SCHEDULER] 🏁 Iteration 37/50 complete!
execution-manager-grpc  | [SCHEDULER] Iteration execution time: 10274 ms
execution-manager-grpc  | 
execution-manager-grpc  | 
execution-manager-grpc  | [SCHEDULER] 🔁 ===== ITERATION 38 / 50 =====
execution-manager-grpc  | 
execution-manager-grpc  | [SCHEDULER] 🚀 Schedule started at T=0
execution-manager-grpc  | 
execution-manager-grpc  | [SCHEDULER] 🔄 Entering event loop (NO SLEEP - event-driven!)
execution-manager-grpc  | 
execution-manager-grpc  | [gRPC Client Async] Stream completed, received 1 responses
execution-manager-grpc  | [GRPC THREAD 1] Completed
execution-manager-grpc  | [EPOLL] T=10000 ms: epoll_wait returned 1 event(s)
execution-manager-grpc  | [EPOLL] event[0]: type=0 task=sum1
execution-manager-grpc  | [SCHEDULER] ⏰ T=10000 ms | T_wall=800192837.497 ms: Launching task 1 'sum1' (deadline: 30000 ms)
execution-manager-grpc  | [SCHEDULER] 🕐 Timeout armed for task 1 at T=30000 ms (in 20000 ms)
execution-manager-grpc  | [GRPC THREAD 1] Starting...
execution-manager-grpc  | [EXECUTION MANAGER] ⏱️ T1=800192837.591 ms | Sending gRPC request for task 1 'sum1'
execution-manager-grpc  | [gRPC Channel Pool] Reusing existing channel for localhost:50051 (state=2)
execution-manager-grpc  | [gRPC Client Async] Calling task 'sum1' at localhost:50051
execution-manager-grpc  | [gRPC Client Async] Inputs: {"total_ops": 100, "io_percentage": 50}
execution-manager-grpc  | [gRPC Client Async] Response #1 - Status: COMPLETED
execution-manager-grpc  | 🎉 [T=10274 ms] Task 1 'sum1' COMPLETED
execution-manager-grpc  | [EXECUTION MANAGER] ⏱️ T2=800192838.175 ms | Thread started (server measured)
execution-manager-grpc  | [EXECUTION MANAGER] ⏱️ T3=800193110.691 ms | Task completed (server measured)
execution-manager-grpc  | [EXECUTION MANAGER] ⏱️ T4=800193111.177 ms | Result received by client
execution-manager-grpc  |    [TASK EXECUTION] 272.516 ms (T3-T2, measured in thread)
execution-manager-grpc  |    [RESULT] {"result": 0}
execution-manager-grpc  | 
execution-manager-grpc  | ╔═══════════════════════════════════════════════════════════════╗
execution-manager-grpc  | ║           END-TO-END TIMING MEASUREMENT RECAP                 ║
execution-manager-grpc  | ║                   Task 1: sum1                                 
execution-manager-grpc  | ╠═══════════════════════════════════════════════════════════════╣
execution-manager-grpc  | ║ T1 (start_request)    = 800192837.591 ms                        ║
execution-manager-grpc  | ║ T2 (end_request)      = 800192838.175 ms                        ║
execution-manager-grpc  | ║ T3 (start_result)     = 800193110.691 ms                        ║
execution-manager-grpc  | ║ T4 (end_result)       = 800193111.177 ms                        ║
execution-manager-grpc  | ╠═══════════════════════════════════════════════════════════════╣
execution-manager-grpc  | ║ METRICS:                                                      ║
execution-manager-grpc  | ║   Request Latency    =        0.583 ms  (T2 - T1)            ║
execution-manager-grpc  | ║   Task Execution     =      272.516 ms  (T3 - T2)            ║
execution-manager-grpc  | ║   Response Latency   =        0.486 ms  (T4 - T3)            ║
execution-manager-grpc  | ║   Total End-to-End   =      273.585 ms  (T4 - T1)            ║
execution-manager-grpc  | ║   Network Overhead   =        1.069 ms  (Req + Resp)         ║
execution-manager-grpc  | ╚═══════════════════════════════════════════════════════════════╝
execution-manager-grpc  | 
execution-manager-grpc  | [EPOLL] T=10274 ms: epoll_wait returned 1 event(s)
execution-manager-grpc  | [EPOLL] event[0]: type=2 task=NULL
execution-manager-grpc  | [SCHEDULER] ✅ T=10274 ms: Task 1 'sum1' completed with status 2
execution-manager-grpc  | [SCHEDULER] 🔕 Timeout disarmed for task 1
execution-manager-grpc  | [SCHEDULER] 0 tasks remaining
execution-manager-grpc  | 
execution-manager-grpc  | [SCHEDULER] 🏁 Iteration 38/50 complete!
execution-manager-grpc  | [SCHEDULER] Iteration execution time: 10274 ms
execution-manager-grpc  | 
execution-manager-grpc  | 
execution-manager-grpc  | [SCHEDULER] 🔁 ===== ITERATION 39 / 50 =====
execution-manager-grpc  | 
execution-manager-grpc  | [SCHEDULER] 🚀 Schedule started at T=0
execution-manager-grpc  | 
execution-manager-grpc  | [SCHEDULER] 🔄 Entering event loop (NO SLEEP - event-driven!)
execution-manager-grpc  | 
execution-manager-grpc  | [gRPC Client Async] Stream completed, received 1 responses
execution-manager-grpc  | [GRPC THREAD 1] Completed
execution-manager-grpc  | [EPOLL] T=10000 ms: epoll_wait returned 1 event(s)
execution-manager-grpc  | [EPOLL] event[0]: type=0 task=sum1
execution-manager-grpc  | [SCHEDULER] ⏰ T=10000 ms | T_wall=800203111.280 ms: Launching task 1 'sum1' (deadline: 30000 ms)
execution-manager-grpc  | [SCHEDULER] 🕐 Timeout armed for task 1 at T=30000 ms (in 20000 ms)
execution-manager-grpc  | [GRPC THREAD 1] Starting...
execution-manager-grpc  | [EXECUTION MANAGER] ⏱️ T1=800203111.356 ms | Sending gRPC request for task 1 'sum1'
execution-manager-grpc  | [gRPC Channel Pool] Reusing existing channel for localhost:50051 (state=2)
execution-manager-grpc  | [gRPC Client Async] Calling task 'sum1' at localhost:50051
execution-manager-grpc  | [gRPC Client Async] Inputs: {"total_ops": 100, "io_percentage": 50}
execution-manager-grpc  | [gRPC Client Async] Response #1 - Status: COMPLETED
execution-manager-grpc  | 🎉 [T=10273 ms] Task 1 'sum1' COMPLETED
execution-manager-grpc  | [EXECUTION MANAGER] ⏱️ T2=800203111.889 ms | Thread started (server measured)
execution-manager-grpc  | [EXECUTION MANAGER] ⏱️ T3=800203384.346 ms | Task completed (server measured)
execution-manager-grpc  | [EXECUTION MANAGER] ⏱️ T4=800203384.858 ms | Result received by client
execution-manager-grpc  |    [TASK EXECUTION] 272.457 ms (T3-T2, measured in thread)
execution-manager-grpc  |    [RESULT] {"result": 0}
execution-manager-grpc  | 
execution-manager-grpc  | ╔═══════════════════════════════════════════════════════════════╗
execution-manager-grpc  | ║           END-TO-END TIMING MEASUREMENT RECAP                 ║
execution-manager-grpc  | ║                   Task 1: sum1                                 
execution-manager-grpc  | ╠═══════════════════════════════════════════════════════════════╣
execution-manager-grpc  | ║ T1 (start_request)    = 800203111.356 ms                        ║
execution-manager-grpc  | ║ T2 (end_request)      = 800203111.889 ms                        ║
execution-manager-grpc  | ║ T3 (start_result)     = 800203384.346 ms                        ║
execution-manager-grpc  | ║ T4 (end_result)       = 800203384.858 ms                        ║
execution-manager-grpc  | ╠═══════════════════════════════════════════════════════════════╣
execution-manager-grpc  | ║ METRICS:                                                      ║
execution-manager-grpc  | ║   Request Latency    =        0.533 ms  (T2 - T1)            ║
execution-manager-grpc  | ║   Task Execution     =      272.457 ms  (T3 - T2)            ║
execution-manager-grpc  | ║   Response Latency   =        0.511 ms  (T4 - T3)            ║
execution-manager-grpc  | ║   Total End-to-End   =      273.501 ms  (T4 - T1)            ║
execution-manager-grpc  | ║   Network Overhead   =        1.044 ms  (Req + Resp)         ║
execution-manager-grpc  | ╚═══════════════════════════════════════════════════════════════╝
execution-manager-grpc  | 
execution-manager-grpc  | [EPOLL] T=10273 ms: epoll_wait returned 1 event(s)
execution-manager-grpc  | [EPOLL] event[0]: type=2 task=NULL
execution-manager-grpc  | [SCHEDULER] ✅ T=10273 ms: Task 1 'sum1' completed with status 2
execution-manager-grpc  | [SCHEDULER] 🔕 Timeout disarmed for task 1
execution-manager-grpc  | [SCHEDULER] 0 tasks remaining
execution-manager-grpc  | 
execution-manager-grpc  | [SCHEDULER] 🏁 Iteration 39/50 complete!
execution-manager-grpc  | [SCHEDULER] Iteration execution time: 10273 ms
execution-manager-grpc  | 
execution-manager-grpc  | 
execution-manager-grpc  | [SCHEDULER] 🔁 ===== ITERATION 40 / 50 =====
execution-manager-grpc  | 
execution-manager-grpc  | [SCHEDULER] 🚀 Schedule started at T=0
execution-manager-grpc  | 
execution-manager-grpc  | [SCHEDULER] 🔄 Entering event loop (NO SLEEP - event-driven!)
execution-manager-grpc  | 
execution-manager-grpc  | [gRPC Client Async] Stream completed, received 1 responses
execution-manager-grpc  | [GRPC THREAD 1] Completed
execution-manager-grpc  | [EPOLL] T=10000 ms: epoll_wait returned 1 event(s)
execution-manager-grpc  | [EPOLL] event[0]: type=0 task=sum1
execution-manager-grpc  | [SCHEDULER] ⏰ T=10000 ms | T_wall=800213384.980 ms: Launching task 1 'sum1' (deadline: 30000 ms)
execution-manager-grpc  | [SCHEDULER] 🕐 Timeout armed for task 1 at T=30000 ms (in 19999 ms)
execution-manager-grpc  | [GRPC THREAD 1] Starting...
execution-manager-grpc  | [EXECUTION MANAGER] ⏱️ T1=800213385.063 ms | Sending gRPC request for task 1 'sum1'
execution-manager-grpc  | [gRPC Channel Pool] Reusing existing channel for localhost:50051 (state=2)
execution-manager-grpc  | [gRPC Client Async] Calling task 'sum1' at localhost:50051
execution-manager-grpc  | [gRPC Client Async] Inputs: {"total_ops": 100, "io_percentage": 50}
execution-manager-grpc  | [gRPC Client Async] Response #1 - Status: COMPLETED
execution-manager-grpc  | 🎉 [T=10274 ms] Task 1 'sum1' COMPLETED
execution-manager-grpc  | [EXECUTION MANAGER] ⏱️ T2=800213385.750 ms | Thread started (server measured)
execution-manager-grpc  | [EXECUTION MANAGER] ⏱️ T3=800213658.186 ms | Task completed (server measured)
execution-manager-grpc  | [EXECUTION MANAGER] ⏱️ T4=800213658.618 ms | Result received by client
execution-manager-grpc  |    [TASK EXECUTION] 272.436 ms (T3-T2, measured in thread)
execution-manager-grpc  |    [RESULT] {"result": 0}
execution-manager-grpc  | 
execution-manager-grpc  | ╔═══════════════════════════════════════════════════════════════╗
execution-manager-grpc  | ║           END-TO-END TIMING MEASUREMENT RECAP                 ║
execution-manager-grpc  | ║                   Task 1: sum1                                 
execution-manager-grpc  | ╠═══════════════════════════════════════════════════════════════╣
execution-manager-grpc  | ║ T1 (start_request)    = 800213385.063 ms                        ║
execution-manager-grpc  | ║ T2 (end_request)      = 800213385.750 ms                        ║
execution-manager-grpc  | ║ T3 (start_result)     = 800213658.186 ms                        ║
execution-manager-grpc  | ║ T4 (end_result)       = 800213658.618 ms                        ║
execution-manager-grpc  | ╠═══════════════════════════════════════════════════════════════╣
execution-manager-grpc  | ║ METRICS:                                                      ║
execution-manager-grpc  | ║   Request Latency    =        0.687 ms  (T2 - T1)            ║
execution-manager-grpc  | ║   Task Execution     =      272.436 ms  (T3 - T2)            ║
execution-manager-grpc  | ║   Response Latency   =        0.432 ms  (T4 - T3)            ║
execution-manager-grpc  | ║   Total End-to-End   =      273.555 ms  (T4 - T1)            ║
execution-manager-grpc  | ║   Network Overhead   =        1.119 ms  (Req + Resp)         ║
execution-manager-grpc  | ╚═══════════════════════════════════════════════════════════════╝
execution-manager-grpc  | 
execution-manager-grpc  | [EPOLL] T=10274 ms: epoll_wait returned 1 event(s)
execution-manager-grpc  | [EPOLL] event[0]: type=2 task=NULL
execution-manager-grpc  | [SCHEDULER] ✅ T=10274 ms: Task 1 'sum1' completed with status 2
execution-manager-grpc  | [SCHEDULER] 🔕 Timeout disarmed for task 1
execution-manager-grpc  | [SCHEDULER] 0 tasks remaining
execution-manager-grpc  | 
execution-manager-grpc  | [SCHEDULER] 🏁 Iteration 40/50 complete!
execution-manager-grpc  | [SCHEDULER] Iteration execution time: 10274 ms
execution-manager-grpc  | 
execution-manager-grpc  | 
execution-manager-grpc  | [SCHEDULER] 🔁 ===== ITERATION 41 / 50 =====
execution-manager-grpc  | 
execution-manager-grpc  | [SCHEDULER] 🚀 Schedule started at T=0
execution-manager-grpc  | 
execution-manager-grpc  | [SCHEDULER] 🔄 Entering event loop (NO SLEEP - event-driven!)
execution-manager-grpc  | 
execution-manager-grpc  | [gRPC Client Async] Stream completed, received 1 responses
execution-manager-grpc  | [GRPC THREAD 1] Completed
execution-manager-grpc  | [EPOLL] T=10000 ms: epoll_wait returned 1 event(s)
execution-manager-grpc  | [EPOLL] event[0]: type=0 task=sum1
execution-manager-grpc  | [SCHEDULER] ⏰ T=10000 ms | T_wall=800223658.735 ms: Launching task 1 'sum1' (deadline: 30000 ms)
execution-manager-grpc  | [SCHEDULER] 🕐 Timeout armed for task 1 at T=30000 ms (in 20000 ms)
execution-manager-grpc  | [GRPC THREAD 1] Starting...
execution-manager-grpc  | [EXECUTION MANAGER] ⏱️ T1=800223658.818 ms | Sending gRPC request for task 1 'sum1'
execution-manager-grpc  | [gRPC Channel Pool] Reusing existing channel for localhost:50051 (state=2)
execution-manager-grpc  | [gRPC Client Async] Calling task 'sum1' at localhost:50051
execution-manager-grpc  | [gRPC Client Async] Inputs: {"total_ops": 100, "io_percentage": 50}
execution-manager-grpc  | [gRPC Client Async] Response #1 - Status: COMPLETED
execution-manager-grpc  | 🎉 [T=10274 ms] Task 1 'sum1' COMPLETED
execution-manager-grpc  | [EXECUTION MANAGER] ⏱️ T2=800223659.381 ms | Thread started (server measured)
execution-manager-grpc  | [EXECUTION MANAGER] ⏱️ T3=800223931.722 ms | Task completed (server measured)
execution-manager-grpc  | [EXECUTION MANAGER] ⏱️ T4=800223932.112 ms | Result received by client
execution-manager-grpc  |    [TASK EXECUTION] 272.341 ms (T3-T2, measured in thread)
execution-manager-grpc  |    [RESULT] {"result": 0}
execution-manager-grpc  | 
execution-manager-grpc  | ╔═══════════════════════════════════════════════════════════════╗
execution-manager-grpc  | ║           END-TO-END TIMING MEASUREMENT RECAP                 ║
execution-manager-grpc  | ║                   Task 1: sum1                                 
execution-manager-grpc  | ╠═══════════════════════════════════════════════════════════════╣
execution-manager-grpc  | ║ T1 (start_request)    = 800223658.818 ms                        ║
execution-manager-grpc  | ║ T2 (end_request)      = 800223659.381 ms                        ║
execution-manager-grpc  | ║ T3 (start_result)     = 800223931.722 ms                        ║
execution-manager-grpc  | ║ T4 (end_result)       = 800223932.112 ms                        ║
execution-manager-grpc  | ╠═══════════════════════════════════════════════════════════════╣
execution-manager-grpc  | ║ METRICS:                                                      ║
execution-manager-grpc  | ║   Request Latency    =        0.563 ms  (T2 - T1)            ║
execution-manager-grpc  | ║   Task Execution     =      272.341 ms  (T3 - T2)            ║
execution-manager-grpc  | ║   Response Latency   =        0.391 ms  (T4 - T3)            ║
execution-manager-grpc  | ║   Total End-to-End   =      273.294 ms  (T4 - T1)            ║
execution-manager-grpc  | ║   Network Overhead   =        0.953 ms  (Req + Resp)         ║
execution-manager-grpc  | ╚═══════════════════════════════════════════════════════════════╝
execution-manager-grpc  | 
execution-manager-grpc  | [EPOLL] T=10274 ms: epoll_wait returned 1 event(s)
execution-manager-grpc  | [EPOLL] event[0]: type=2 task=NULL
execution-manager-grpc  | [SCHEDULER] ✅ T=10274 ms: Task 1 'sum1' completed with status 2
execution-manager-grpc  | [SCHEDULER] 🔕 Timeout disarmed for task 1
execution-manager-grpc  | [SCHEDULER] 0 tasks remaining
execution-manager-grpc  | 
execution-manager-grpc  | [SCHEDULER] 🏁 Iteration 41/50 complete!
execution-manager-grpc  | [SCHEDULER] Iteration execution time: 10274 ms
execution-manager-grpc  | 
execution-manager-grpc  | 
execution-manager-grpc  | [SCHEDULER] 🔁 ===== ITERATION 42 / 50 =====
execution-manager-grpc  | 
execution-manager-grpc  | [SCHEDULER] 🚀 Schedule started at T=0
execution-manager-grpc  | 
execution-manager-grpc  | [SCHEDULER] 🔄 Entering event loop (NO SLEEP - event-driven!)
execution-manager-grpc  | 
execution-manager-grpc  | [gRPC Client Async] Stream completed, received 1 responses
execution-manager-grpc  | [GRPC THREAD 1] Completed
execution-manager-grpc  | [EPOLL] T=10000 ms: epoll_wait returned 1 event(s)
execution-manager-grpc  | [EPOLL] event[0]: type=0 task=sum1
execution-manager-grpc  | [SCHEDULER] ⏰ T=10000 ms | T_wall=800233932.228 ms: Launching task 1 'sum1' (deadline: 30000 ms)
execution-manager-grpc  | [SCHEDULER] 🕐 Timeout armed for task 1 at T=30000 ms (in 20000 ms)
execution-manager-grpc  | [GRPC THREAD 1] Starting...
execution-manager-grpc  | [EXECUTION MANAGER] ⏱️ T1=800233932.311 ms | Sending gRPC request for task 1 'sum1'
execution-manager-grpc  | [gRPC Channel Pool] Reusing existing channel for localhost:50051 (state=2)
execution-manager-grpc  | [gRPC Client Async] Calling task 'sum1' at localhost:50051
execution-manager-grpc  | [gRPC Client Async] Inputs: {"total_ops": 100, "io_percentage": 50}
execution-manager-grpc  | [gRPC Client Async] Response #1 - Status: COMPLETED
execution-manager-grpc  | 🎉 [T=10273 ms] Task 1 'sum1' COMPLETED
execution-manager-grpc  | [EXECUTION MANAGER] ⏱️ T2=800233932.878 ms | Thread started (server measured)
execution-manager-grpc  | [EXECUTION MANAGER] ⏱️ T3=800234205.262 ms | Task completed (server measured)
execution-manager-grpc  | [EXECUTION MANAGER] ⏱️ T4=800234205.699 ms | Result received by client
execution-manager-grpc  |    [TASK EXECUTION] 272.384 ms (T3-T2, measured in thread)
execution-manager-grpc  |    [RESULT] {"result": 0}
execution-manager-grpc  | 
execution-manager-grpc  | ╔═══════════════════════════════════════════════════════════════╗
execution-manager-grpc  | ║           END-TO-END TIMING MEASUREMENT RECAP                 ║
execution-manager-grpc  | ║                   Task 1: sum1                                 
execution-manager-grpc  | ╠═══════════════════════════════════════════════════════════════╣
execution-manager-grpc  | ║ T1 (start_request)    = 800233932.311 ms                        ║
execution-manager-grpc  | ║ T2 (end_request)      = 800233932.878 ms                        ║
execution-manager-grpc  | ║ T3 (start_result)     = 800234205.262 ms                        ║
execution-manager-grpc  | ║ T4 (end_result)       = 800234205.699 ms                        ║
execution-manager-grpc  | ╠═══════════════════════════════════════════════════════════════╣
execution-manager-grpc  | ║ METRICS:                                                      ║
execution-manager-grpc  | ║   Request Latency    =        0.567 ms  (T2 - T1)            ║
execution-manager-grpc  | ║   Task Execution     =      272.384 ms  (T3 - T2)            ║
execution-manager-grpc  | ║   Response Latency   =        0.437 ms  (T4 - T3)            ║
execution-manager-grpc  | ║   Total End-to-End   =      273.389 ms  (T4 - T1)            ║
execution-manager-grpc  | ║   Network Overhead   =        1.004 ms  (Req + Resp)         ║
execution-manager-grpc  | ╚═══════════════════════════════════════════════════════════════╝
execution-manager-grpc  | 
execution-manager-grpc  | [EPOLL] T=10273 ms: epoll_wait returned 1 event(s)
execution-manager-grpc  | [EPOLL] event[0]: type=2 task=NULL
execution-manager-grpc  | [SCHEDULER] ✅ T=10273 ms: Task 1 'sum1' completed with status 2
execution-manager-grpc  | [SCHEDULER] 🔕 Timeout disarmed for task 1
execution-manager-grpc  | [SCHEDULER] 0 tasks remaining
execution-manager-grpc  | 
execution-manager-grpc  | [SCHEDULER] 🏁 Iteration 42/50 complete!
execution-manager-grpc  | [SCHEDULER] Iteration execution time: 10273 ms
execution-manager-grpc  | 
execution-manager-grpc  | 
execution-manager-grpc  | [SCHEDULER] 🔁 ===== ITERATION 43 / 50 =====
execution-manager-grpc  | 
execution-manager-grpc  | [SCHEDULER] 🚀 Schedule started at T=0
execution-manager-grpc  | 
execution-manager-grpc  | [SCHEDULER] 🔄 Entering event loop (NO SLEEP - event-driven!)
execution-manager-grpc  | 
execution-manager-grpc  | [gRPC Client Async] Stream completed, received 1 responses
execution-manager-grpc  | [GRPC THREAD 1] Completed
execution-manager-grpc  | [EPOLL] T=10000 ms: epoll_wait returned 1 event(s)
execution-manager-grpc  | [EPOLL] event[0]: type=0 task=sum1
execution-manager-grpc  | [SCHEDULER] ⏰ T=10000 ms | T_wall=800244205.804 ms: Launching task 1 'sum1' (deadline: 30000 ms)
execution-manager-grpc  | [SCHEDULER] 🕐 Timeout armed for task 1 at T=30000 ms (in 20000 ms)
execution-manager-grpc  | [GRPC THREAD 1] Starting...
execution-manager-grpc  | [EXECUTION MANAGER] ⏱️ T1=800244205.885 ms | Sending gRPC request for task 1 'sum1'
execution-manager-grpc  | [gRPC Channel Pool] Reusing existing channel for localhost:50051 (state=2)
execution-manager-grpc  | [gRPC Client Async] Calling task 'sum1' at localhost:50051
execution-manager-grpc  | [gRPC Client Async] Inputs: {"total_ops": 100, "io_percentage": 50}
execution-manager-grpc  | [gRPC Client Async] Response #1 - Status: COMPLETED
execution-manager-grpc  | 🎉 [T=10274 ms] Task 1 'sum1' COMPLETED
execution-manager-grpc  | [EXECUTION MANAGER] ⏱️ T2=800244206.501 ms | Thread started (server measured)
execution-manager-grpc  | [EXECUTION MANAGER] ⏱️ T3=800244478.906 ms | Task completed (server measured)
execution-manager-grpc  | [EXECUTION MANAGER] ⏱️ T4=800244479.361 ms | Result received by client
execution-manager-grpc  |    [TASK EXECUTION] 272.405 ms (T3-T2, measured in thread)
execution-manager-grpc  |    [RESULT] {"result": 0}
execution-manager-grpc  | 
execution-manager-grpc  | ╔═══════════════════════════════════════════════════════════════╗
execution-manager-grpc  | ║           END-TO-END TIMING MEASUREMENT RECAP                 ║
execution-manager-grpc  | ║                   Task 1: sum1                                 
execution-manager-grpc  | ╠═══════════════════════════════════════════════════════════════╣
execution-manager-grpc  | ║ T1 (start_request)    = 800244205.885 ms                        ║
execution-manager-grpc  | ║ T2 (end_request)      = 800244206.501 ms                        ║
execution-manager-grpc  | ║ T3 (start_result)     = 800244478.906 ms                        ║
execution-manager-grpc  | ║ T4 (end_result)       = 800244479.361 ms                        ║
execution-manager-grpc  | ╠═══════════════════════════════════════════════════════════════╣
execution-manager-grpc  | ║ METRICS:                                                      ║
execution-manager-grpc  | ║   Request Latency    =        0.615 ms  (T2 - T1)            ║
execution-manager-grpc  | ║   Task Execution     =      272.405 ms  (T3 - T2)            ║
execution-manager-grpc  | ║   Response Latency   =        0.456 ms  (T4 - T3)            ║
execution-manager-grpc  | ║   Total End-to-End   =      273.476 ms  (T4 - T1)            ║
execution-manager-grpc  | ║   Network Overhead   =        1.071 ms  (Req + Resp)         ║
execution-manager-grpc  | ╚═══════════════════════════════════════════════════════════════╝
execution-manager-grpc  | 
execution-manager-grpc  | [EPOLL] T=10274 ms: epoll_wait returned 1 event(s)
execution-manager-grpc  | [EPOLL] event[0]: type=2 task=NULL
execution-manager-grpc  | [SCHEDULER] ✅ T=10274 ms: Task 1 'sum1' completed with status 2
execution-manager-grpc  | [SCHEDULER] 🔕 Timeout disarmed for task 1
execution-manager-grpc  | [SCHEDULER] 0 tasks remaining
execution-manager-grpc  | 
execution-manager-grpc  | [SCHEDULER] 🏁 Iteration 43/50 complete!
execution-manager-grpc  | [SCHEDULER] Iteration execution time: 10274 ms
execution-manager-grpc  | 
execution-manager-grpc  | 
execution-manager-grpc  | [SCHEDULER] 🔁 ===== ITERATION 44 / 50 =====
execution-manager-grpc  | 
execution-manager-grpc  | [SCHEDULER] 🚀 Schedule started at T=0
execution-manager-grpc  | 
execution-manager-grpc  | [SCHEDULER] 🔄 Entering event loop (NO SLEEP - event-driven!)
execution-manager-grpc  | 
execution-manager-grpc  | [gRPC Client Async] Stream completed, received 1 responses
execution-manager-grpc  | [GRPC THREAD 1] Completed
execution-manager-grpc  | [EPOLL] T=10000 ms: epoll_wait returned 1 event(s)
execution-manager-grpc  | [EPOLL] event[0]: type=0 task=sum1
execution-manager-grpc  | [SCHEDULER] ⏰ T=10000 ms | T_wall=800254479.477 ms: Launching task 1 'sum1' (deadline: 30000 ms)
execution-manager-grpc  | [SCHEDULER] 🕐 Timeout armed for task 1 at T=30000 ms (in 20000 ms)
execution-manager-grpc  | [GRPC THREAD 1] Starting...
execution-manager-grpc  | [EXECUTION MANAGER] ⏱️ T1=800254479.561 ms | Sending gRPC request for task 1 'sum1'
execution-manager-grpc  | [gRPC Channel Pool] Reusing existing channel for localhost:50051 (state=2)
execution-manager-grpc  | [gRPC Client Async] Calling task 'sum1' at localhost:50051
execution-manager-grpc  | [gRPC Client Async] Inputs: {"total_ops": 100, "io_percentage": 50}
execution-manager-grpc  | [gRPC Client Async] Response #1 - Status: COMPLETED
execution-manager-grpc  | 🎉 [T=10273 ms] Task 1 'sum1' COMPLETED
execution-manager-grpc  | [EXECUTION MANAGER] ⏱️ T2=800254480.103 ms | Thread started (server measured)
execution-manager-grpc  | [EXECUTION MANAGER] ⏱️ T3=800254752.231 ms | Task completed (server measured)
execution-manager-grpc  | [EXECUTION MANAGER] ⏱️ T4=800254752.669 ms | Result received by client
execution-manager-grpc  |    [TASK EXECUTION] 272.127 ms (T3-T2, measured in thread)
execution-manager-grpc  |    [RESULT] {"result": 0}
execution-manager-grpc  | 
execution-manager-grpc  | ╔═══════════════════════════════════════════════════════════════╗
execution-manager-grpc  | ║           END-TO-END TIMING MEASUREMENT RECAP                 ║
execution-manager-grpc  | ║                   Task 1: sum1                                 
execution-manager-grpc  | ╠═══════════════════════════════════════════════════════════════╣
execution-manager-grpc  | ║ T1 (start_request)    = 800254479.561 ms                        ║
execution-manager-grpc  | ║ T2 (end_request)      = 800254480.103 ms                        ║
execution-manager-grpc  | ║ T3 (start_result)     = 800254752.231 ms                        ║
execution-manager-grpc  | ║ T4 (end_result)       = 800254752.669 ms                        ║
execution-manager-grpc  | ╠═══════════════════════════════════════════════════════════════╣
execution-manager-grpc  | ║ METRICS:                                                      ║
execution-manager-grpc  | ║   Request Latency    =        0.542 ms  (T2 - T1)            ║
execution-manager-grpc  | ║   Task Execution     =      272.127 ms  (T3 - T2)            ║
execution-manager-grpc  | ║   Response Latency   =        0.438 ms  (T4 - T3)            ║
execution-manager-grpc  | ║   Total End-to-End   =      273.108 ms  (T4 - T1)            ║
execution-manager-grpc  | ║   Network Overhead   =        0.981 ms  (Req + Resp)         ║
execution-manager-grpc  | ╚═══════════════════════════════════════════════════════════════╝
execution-manager-grpc  | 
execution-manager-grpc  | [EPOLL] T=10273 ms: epoll_wait returned 1 event(s)
execution-manager-grpc  | [EPOLL] event[0]: type=2 task=NULL
execution-manager-grpc  | [SCHEDULER] ✅ T=10273 ms: Task 1 'sum1' completed with status 2
execution-manager-grpc  | [SCHEDULER] 🔕 Timeout disarmed for task 1
execution-manager-grpc  | [SCHEDULER] 0 tasks remaining
execution-manager-grpc  | 
execution-manager-grpc  | [SCHEDULER] 🏁 Iteration 44/50 complete!
execution-manager-grpc  | [SCHEDULER] Iteration execution time: 10273 ms
execution-manager-grpc  | 
execution-manager-grpc  | 
execution-manager-grpc  | [SCHEDULER] 🔁 ===== ITERATION 45 / 50 =====
execution-manager-grpc  | 
execution-manager-grpc  | [SCHEDULER] 🚀 Schedule started at T=0
execution-manager-grpc  | 
execution-manager-grpc  | [SCHEDULER] 🔄 Entering event loop (NO SLEEP - event-driven!)
execution-manager-grpc  | 
execution-manager-grpc  | [gRPC Client Async] Stream completed, received 1 responses
execution-manager-grpc  | [GRPC THREAD 1] Completed
execution-manager-grpc  | [EPOLL] T=10000 ms: epoll_wait returned 1 event(s)
execution-manager-grpc  | [EPOLL] event[0]: type=0 task=sum1
execution-manager-grpc  | [SCHEDULER] ⏰ T=10000 ms | T_wall=800264752.788 ms: Launching task 1 'sum1' (deadline: 30000 ms)
execution-manager-grpc  | [SCHEDULER] 🕐 Timeout armed for task 1 at T=30000 ms (in 20000 ms)
execution-manager-grpc  | [GRPC THREAD 1] Starting...
execution-manager-grpc  | [EXECUTION MANAGER] ⏱️ T1=800264752.871 ms | Sending gRPC request for task 1 'sum1'
execution-manager-grpc  | [gRPC Channel Pool] Reusing existing channel for localhost:50051 (state=2)
execution-manager-grpc  | [gRPC Client Async] Calling task 'sum1' at localhost:50051
execution-manager-grpc  | [gRPC Client Async] Inputs: {"total_ops": 100, "io_percentage": 50}
execution-manager-grpc  | [gRPC Client Async] Response #1 - Status: COMPLETED
execution-manager-grpc  | 🎉 [T=10274 ms] Task 1 'sum1' COMPLETED
execution-manager-grpc  | [EXECUTION MANAGER] ⏱️ T2=800264753.443 ms | Thread started (server measured)
execution-manager-grpc  | [EXECUTION MANAGER] ⏱️ T3=800265025.778 ms | Task completed (server measured)
execution-manager-grpc  | [EXECUTION MANAGER] ⏱️ T4=800265026.194 ms | Result received by client
execution-manager-grpc  |    [TASK EXECUTION] 272.335 ms (T3-T2, measured in thread)
execution-manager-grpc  |    [RESULT] {"result": 0}
execution-manager-grpc  | 
execution-manager-grpc  | ╔═══════════════════════════════════════════════════════════════╗
execution-manager-grpc  | ║           END-TO-END TIMING MEASUREMENT RECAP                 ║
execution-manager-grpc  | ║                   Task 1: sum1                                 
execution-manager-grpc  | ╠═══════════════════════════════════════════════════════════════╣
execution-manager-grpc  | ║ T1 (start_request)    = 800264752.871 ms                        ║
execution-manager-grpc  | ║ T2 (end_request)      = 800264753.443 ms                        ║
execution-manager-grpc  | ║ T3 (start_result)     = 800265025.778 ms                        ║
execution-manager-grpc  | ║ T4 (end_result)       = 800265026.194 ms                        ║
execution-manager-grpc  | ╠═══════════════════════════════════════════════════════════════╣
execution-manager-grpc  | ║ METRICS:                                                      ║
execution-manager-grpc  | ║   Request Latency    =        0.572 ms  (T2 - T1)            ║
execution-manager-grpc  | ║   Task Execution     =      272.335 ms  (T3 - T2)            ║
execution-manager-grpc  | ║   Response Latency   =        0.416 ms  (T4 - T3)            ║
execution-manager-grpc  | ║   Total End-to-End   =      273.323 ms  (T4 - T1)            ║
execution-manager-grpc  | ║   Network Overhead   =        0.988 ms  (Req + Resp)         ║
execution-manager-grpc  | ╚═══════════════════════════════════════════════════════════════╝
execution-manager-grpc  | 
execution-manager-grpc  | [EPOLL] T=10274 ms: epoll_wait returned 1 event(s)
execution-manager-grpc  | [EPOLL] event[0]: type=2 task=NULL
execution-manager-grpc  | [SCHEDULER] ✅ T=10274 ms: Task 1 'sum1' completed with status 2
execution-manager-grpc  | [SCHEDULER] 🔕 Timeout disarmed for task 1
execution-manager-grpc  | [SCHEDULER] 0 tasks remaining
execution-manager-grpc  | 
execution-manager-grpc  | [SCHEDULER] 🏁 Iteration 45/50 complete!
execution-manager-grpc  | [SCHEDULER] Iteration execution time: 10274 ms
execution-manager-grpc  | 
execution-manager-grpc  | 
execution-manager-grpc  | [SCHEDULER] 🔁 ===== ITERATION 46 / 50 =====
execution-manager-grpc  | 
execution-manager-grpc  | [SCHEDULER] 🚀 Schedule started at T=0
execution-manager-grpc  | 
execution-manager-grpc  | [SCHEDULER] 🔄 Entering event loop (NO SLEEP - event-driven!)
execution-manager-grpc  | 
execution-manager-grpc  | [gRPC Client Async] Stream completed, received 1 responses
execution-manager-grpc  | [GRPC THREAD 1] Completed
execution-manager-grpc  | [EPOLL] T=10000 ms: epoll_wait returned 1 event(s)
execution-manager-grpc  | [EPOLL] event[0]: type=0 task=sum1
execution-manager-grpc  | [SCHEDULER] ⏰ T=10000 ms | T_wall=800275026.309 ms: Launching task 1 'sum1' (deadline: 30000 ms)
execution-manager-grpc  | [SCHEDULER] 🕐 Timeout armed for task 1 at T=30000 ms (in 20000 ms)
execution-manager-grpc  | [GRPC THREAD 1] Starting...
execution-manager-grpc  | [EXECUTION MANAGER] ⏱️ T1=800275026.395 ms | Sending gRPC request for task 1 'sum1'
execution-manager-grpc  | [gRPC Channel Pool] Reusing existing channel for localhost:50051 (state=2)
execution-manager-grpc  | [gRPC Client Async] Calling task 'sum1' at localhost:50051
execution-manager-grpc  | [gRPC Client Async] Inputs: {"total_ops": 100, "io_percentage": 50}
execution-manager-grpc  | [gRPC Client Async] Response #1 - Status: COMPLETED
execution-manager-grpc  | 🎉 [T=10273 ms] Task 1 'sum1' COMPLETED
execution-manager-grpc  | [EXECUTION MANAGER] ⏱️ T2=800275026.933 ms | Thread started (server measured)
execution-manager-grpc  | [EXECUTION MANAGER] ⏱️ T3=800275299.261 ms | Task completed (server measured)
execution-manager-grpc  | [EXECUTION MANAGER] ⏱️ T4=800275299.647 ms | Result received by client
execution-manager-grpc  |    [TASK EXECUTION] 272.328 ms (T3-T2, measured in thread)
execution-manager-grpc  |    [RESULT] {"result": 0}
execution-manager-grpc  | 
execution-manager-grpc  | ╔═══════════════════════════════════════════════════════════════╗
execution-manager-grpc  | ║           END-TO-END TIMING MEASUREMENT RECAP                 ║
execution-manager-grpc  | ║                   Task 1: sum1                                 
execution-manager-grpc  | ╠═══════════════════════════════════════════════════════════════╣
execution-manager-grpc  | ║ T1 (start_request)    = 800275026.395 ms                        ║
execution-manager-grpc  | ║ T2 (end_request)      = 800275026.933 ms                        ║
execution-manager-grpc  | ║ T3 (start_result)     = 800275299.261 ms                        ║
execution-manager-grpc  | ║ T4 (end_result)       = 800275299.647 ms                        ║
execution-manager-grpc  | ╠═══════════════════════════════════════════════════════════════╣
execution-manager-grpc  | ║ METRICS:                                                      ║
execution-manager-grpc  | ║   Request Latency    =        0.537 ms  (T2 - T1)            ║
execution-manager-grpc  | ║   Task Execution     =      272.328 ms  (T3 - T2)            ║
execution-manager-grpc  | ║   Response Latency   =        0.386 ms  (T4 - T3)            ║
execution-manager-grpc  | ║   Total End-to-End   =      273.251 ms  (T4 - T1)            ║
execution-manager-grpc  | ║   Network Overhead   =        0.923 ms  (Req + Resp)         ║
execution-manager-grpc  | ╚═══════════════════════════════════════════════════════════════╝
execution-manager-grpc  | 
execution-manager-grpc  | [EPOLL] T=10273 ms: epoll_wait returned 1 event(s)
execution-manager-grpc  | [EPOLL] event[0]: type=2 task=NULL
execution-manager-grpc  | [SCHEDULER] ✅ T=10273 ms: Task 1 'sum1' completed with status 2
execution-manager-grpc  | [SCHEDULER] 🔕 Timeout disarmed for task 1
execution-manager-grpc  | [SCHEDULER] 0 tasks remaining
execution-manager-grpc  | 
execution-manager-grpc  | [SCHEDULER] 🏁 Iteration 46/50 complete!
execution-manager-grpc  | [SCHEDULER] Iteration execution time: 10273 ms
execution-manager-grpc  | 
execution-manager-grpc  | 
execution-manager-grpc  | [SCHEDULER] 🔁 ===== ITERATION 47 / 50 =====
execution-manager-grpc  | 
execution-manager-grpc  | [SCHEDULER] 🚀 Schedule started at T=0
execution-manager-grpc  | 
execution-manager-grpc  | [SCHEDULER] 🔄 Entering event loop (NO SLEEP - event-driven!)
execution-manager-grpc  | 
execution-manager-grpc  | [gRPC Client Async] Stream completed, received 1 responses
execution-manager-grpc  | [GRPC THREAD 1] Completed
execution-manager-grpc  | [EPOLL] T=10000 ms: epoll_wait returned 1 event(s)
execution-manager-grpc  | [EPOLL] event[0]: type=0 task=sum1
execution-manager-grpc  | [SCHEDULER] ⏰ T=10000 ms | T_wall=800285299.749 ms: Launching task 1 'sum1' (deadline: 30000 ms)
execution-manager-grpc  | [SCHEDULER] 🕐 Timeout armed for task 1 at T=30000 ms (in 20000 ms)
execution-manager-grpc  | [GRPC THREAD 1] Starting...
execution-manager-grpc  | [EXECUTION MANAGER] ⏱️ T1=800285299.848 ms | Sending gRPC request for task 1 'sum1'
execution-manager-grpc  | [gRPC Channel Pool] Reusing existing channel for localhost:50051 (state=2)
execution-manager-grpc  | [gRPC Client Async] Calling task 'sum1' at localhost:50051
execution-manager-grpc  | [gRPC Client Async] Inputs: {"total_ops": 100, "io_percentage": 50}
execution-manager-grpc  | [gRPC Client Async] Response #1 - Status: COMPLETED
execution-manager-grpc  | 🎉 [T=10274 ms] Task 1 'sum1' COMPLETED
execution-manager-grpc  | [EXECUTION MANAGER] ⏱️ T2=800285300.432 ms | Thread started (server measured)
execution-manager-grpc  | [EXECUTION MANAGER] ⏱️ T3=800285572.860 ms | Task completed (server measured)
execution-manager-grpc  | [EXECUTION MANAGER] ⏱️ T4=800285573.343 ms | Result received by client
execution-manager-grpc  |    [TASK EXECUTION] 272.429 ms (T3-T2, measured in thread)
execution-manager-grpc  |    [RESULT] {"result": 0}
execution-manager-grpc  | 
execution-manager-grpc  | ╔═══════════════════════════════════════════════════════════════╗
execution-manager-grpc  | ║           END-TO-END TIMING MEASUREMENT RECAP                 ║
execution-manager-grpc  | ║                   Task 1: sum1                                 
execution-manager-grpc  | ╠═══════════════════════════════════════════════════════════════╣
execution-manager-grpc  | ║ T1 (start_request)    = 800285299.848 ms                        ║
execution-manager-grpc  | ║ T2 (end_request)      = 800285300.432 ms                        ║
execution-manager-grpc  | ║ T3 (start_result)     = 800285572.860 ms                        ║
execution-manager-grpc  | ║ T4 (end_result)       = 800285573.343 ms                        ║
execution-manager-grpc  | ╠═══════════════════════════════════════════════════════════════╣
execution-manager-grpc  | ║ METRICS:                                                      ║
execution-manager-grpc  | ║   Request Latency    =        0.584 ms  (T2 - T1)            ║
execution-manager-grpc  | ║   Task Execution     =      272.429 ms  (T3 - T2)            ║
execution-manager-grpc  | ║   Response Latency   =        0.483 ms  (T4 - T3)            ║
execution-manager-grpc  | ║   Total End-to-End   =      273.495 ms  (T4 - T1)            ║
execution-manager-grpc  | ║   Network Overhead   =        1.067 ms  (Req + Resp)         ║
execution-manager-grpc  | ╚═══════════════════════════════════════════════════════════════╝
execution-manager-grpc  | 
execution-manager-grpc  | [EPOLL] T=10274 ms: epoll_wait returned 1 event(s)
execution-manager-grpc  | [EPOLL] event[0]: type=2 task=NULL
execution-manager-grpc  | [SCHEDULER] ✅ T=10274 ms: Task 1 'sum1' completed with status 2
execution-manager-grpc  | [SCHEDULER] 🔕 Timeout disarmed for task 1
execution-manager-grpc  | [SCHEDULER] 0 tasks remaining
execution-manager-grpc  | 
execution-manager-grpc  | [SCHEDULER] 🏁 Iteration 47/50 complete!
execution-manager-grpc  | [SCHEDULER] Iteration execution time: 10274 ms
execution-manager-grpc  | 
execution-manager-grpc  | 
execution-manager-grpc  | [SCHEDULER] 🔁 ===== ITERATION 48 / 50 =====
execution-manager-grpc  | 
execution-manager-grpc  | [SCHEDULER] 🚀 Schedule started at T=0
execution-manager-grpc  | 
execution-manager-grpc  | [SCHEDULER] 🔄 Entering event loop (NO SLEEP - event-driven!)
execution-manager-grpc  | 
execution-manager-grpc  | [gRPC Client Async] Stream completed, received 1 responses
execution-manager-grpc  | [GRPC THREAD 1] Completed
execution-manager-grpc  | [EPOLL] T=10000 ms: epoll_wait returned 1 event(s)
execution-manager-grpc  | [EPOLL] event[0]: type=0 task=sum1
execution-manager-grpc  | [SCHEDULER] ⏰ T=10000 ms | T_wall=800295573.447 ms: Launching task 1 'sum1' (deadline: 30000 ms)
execution-manager-grpc  | [SCHEDULER] 🕐 Timeout armed for task 1 at T=30000 ms (in 20000 ms)
execution-manager-grpc  | [GRPC THREAD 1] Starting...
execution-manager-grpc  | [EXECUTION MANAGER] ⏱️ T1=800295573.530 ms | Sending gRPC request for task 1 'sum1'
execution-manager-grpc  | [gRPC Channel Pool] Reusing existing channel for localhost:50051 (state=2)
execution-manager-grpc  | [gRPC Client Async] Calling task 'sum1' at localhost:50051
execution-manager-grpc  | [gRPC Client Async] Inputs: {"total_ops": 100, "io_percentage": 50}
execution-manager-grpc  | [gRPC Client Async] Response #1 - Status: COMPLETED
execution-manager-grpc  | 🎉 [T=10273 ms] Task 1 'sum1' COMPLETED
execution-manager-grpc  | [EXECUTION MANAGER] ⏱️ T2=800295574.084 ms | Thread started (server measured)
execution-manager-grpc  | [EXECUTION MANAGER] ⏱️ T3=800295846.521 ms | Task completed (server measured)
execution-manager-grpc  | [EXECUTION MANAGER] ⏱️ T4=800295846.956 ms | Result received by client
execution-manager-grpc  |    [TASK EXECUTION] 272.437 ms (T3-T2, measured in thread)
execution-manager-grpc  |    [RESULT] {"result": 0}
execution-manager-grpc  | 
execution-manager-grpc  | ╔═══════════════════════════════════════════════════════════════╗
execution-manager-grpc  | ║           END-TO-END TIMING MEASUREMENT RECAP                 ║
execution-manager-grpc  | ║                   Task 1: sum1                                 
execution-manager-grpc  | ╠═══════════════════════════════════════════════════════════════╣
execution-manager-grpc  | ║ T1 (start_request)    = 800295573.530 ms                        ║
execution-manager-grpc  | ║ T2 (end_request)      = 800295574.084 ms                        ║
execution-manager-grpc  | ║ T3 (start_result)     = 800295846.521 ms                        ║
execution-manager-grpc  | ║ T4 (end_result)       = 800295846.956 ms                        ║
execution-manager-grpc  | ╠═══════════════════════════════════════════════════════════════╣
execution-manager-grpc  | ║ METRICS:                                                      ║
execution-manager-grpc  | ║   Request Latency    =        0.554 ms  (T2 - T1)            ║
execution-manager-grpc  | ║   Task Execution     =      272.437 ms  (T3 - T2)            ║
execution-manager-grpc  | ║   Response Latency   =        0.435 ms  (T4 - T3)            ║
execution-manager-grpc  | ║   Total End-to-End   =      273.426 ms  (T4 - T1)            ║
execution-manager-grpc  | ║   Network Overhead   =        0.989 ms  (Req + Resp)         ║
execution-manager-grpc  | ╚═══════════════════════════════════════════════════════════════╝
execution-manager-grpc  | 
execution-manager-grpc  | [EPOLL] T=10273 ms: epoll_wait returned 1 event(s)
execution-manager-grpc  | [EPOLL] event[0]: type=2 task=NULL
execution-manager-grpc  | [SCHEDULER] ✅ T=10274 ms: Task 1 'sum1' completed with status 2
execution-manager-grpc  | [SCHEDULER] 🔕 Timeout disarmed for task 1
execution-manager-grpc  | [SCHEDULER] 0 tasks remaining
execution-manager-grpc  | 
execution-manager-grpc  | [SCHEDULER] 🏁 Iteration 48/50 complete!
execution-manager-grpc  | [SCHEDULER] Iteration execution time: 10274 ms
execution-manager-grpc  | 
execution-manager-grpc  | 
execution-manager-grpc  | [SCHEDULER] 🔁 ===== ITERATION 49 / 50 =====
execution-manager-grpc  | 
execution-manager-grpc  | [SCHEDULER] 🚀 Schedule started at T=0
execution-manager-grpc  | 
execution-manager-grpc  | [SCHEDULER] 🔄 Entering event loop (NO SLEEP - event-driven!)
execution-manager-grpc  | 
execution-manager-grpc  | [gRPC Client Async] Stream completed, received 1 responses
execution-manager-grpc  | [GRPC THREAD 1] Completed
execution-manager-grpc  | [EPOLL] T=10000 ms: epoll_wait returned 1 event(s)
execution-manager-grpc  | [EPOLL] event[0]: type=0 task=sum1
execution-manager-grpc  | [SCHEDULER] ⏰ T=10000 ms | T_wall=800305847.146 ms: Launching task 1 'sum1' (deadline: 30000 ms)
execution-manager-grpc  | [SCHEDULER] 🕐 Timeout armed for task 1 at T=30000 ms (in 20000 ms)
execution-manager-grpc  | [GRPC THREAD 1] Starting...
execution-manager-grpc  | [EXECUTION MANAGER] ⏱️ T1=800305847.225 ms | Sending gRPC request for task 1 'sum1'
execution-manager-grpc  | [gRPC Channel Pool] Reusing existing channel for localhost:50051 (state=2)
execution-manager-grpc  | [gRPC Client Async] Calling task 'sum1' at localhost:50051
execution-manager-grpc  | [gRPC Client Async] Inputs: {"total_ops": 100, "io_percentage": 50}
execution-manager-grpc  | [gRPC Client Async] Response #1 - Status: COMPLETED
execution-manager-grpc  | 🎉 [T=10273 ms] Task 1 'sum1' COMPLETED
execution-manager-grpc  | [EXECUTION MANAGER] ⏱️ T2=800305847.793 ms | Thread started (server measured)
execution-manager-grpc  | [EXECUTION MANAGER] ⏱️ T3=800306120.119 ms | Task completed (server measured)
execution-manager-grpc  | [EXECUTION MANAGER] ⏱️ T4=800306120.514 ms | Result received by client
execution-manager-grpc  |    [TASK EXECUTION] 272.326 ms (T3-T2, measured in thread)
execution-manager-grpc  |    [RESULT] {"result": 0}
execution-manager-grpc  | 
execution-manager-grpc  | ╔═══════════════════════════════════════════════════════════════╗
execution-manager-grpc  | ║           END-TO-END TIMING MEASUREMENT RECAP                 ║
execution-manager-grpc  | ║                   Task 1: sum1                                 
execution-manager-grpc  | ╠═══════════════════════════════════════════════════════════════╣
execution-manager-grpc  | ║ T1 (start_request)    = 800305847.225 ms                        ║
execution-manager-grpc  | ║ T2 (end_request)      = 800305847.793 ms                        ║
execution-manager-grpc  | ║ T3 (start_result)     = 800306120.119 ms                        ║
execution-manager-grpc  | ║ T4 (end_result)       = 800306120.514 ms                        ║
execution-manager-grpc  | ╠═══════════════════════════════════════════════════════════════╣
execution-manager-grpc  | ║ METRICS:                                                      ║
execution-manager-grpc  | ║   Request Latency    =        0.568 ms  (T2 - T1)            ║
execution-manager-grpc  | ║   Task Execution     =      272.326 ms  (T3 - T2)            ║
execution-manager-grpc  | ║   Response Latency   =        0.395 ms  (T4 - T3)            ║
execution-manager-grpc  | ║   Total End-to-End   =      273.290 ms  (T4 - T1)            ║
execution-manager-grpc  | ║   Network Overhead   =        0.963 ms  (Req + Resp)         ║
execution-manager-grpc  | ╚═══════════════════════════════════════════════════════════════╝
execution-manager-grpc  | 
execution-manager-grpc  | [EPOLL] T=10273 ms: epoll_wait returned 1 event(s)
execution-manager-grpc  | [EPOLL] event[0]: type=2 task=NULL
execution-manager-grpc  | [SCHEDULER] ✅ T=10273 ms: Task 1 'sum1' completed with status 2
execution-manager-grpc  | [SCHEDULER] 🔕 Timeout disarmed for task 1
execution-manager-grpc  | [SCHEDULER] 0 tasks remaining
execution-manager-grpc  | 
execution-manager-grpc  | [SCHEDULER] 🏁 Iteration 49/50 complete!
execution-manager-grpc  | [SCHEDULER] Iteration execution time: 10273 ms
execution-manager-grpc  | 
execution-manager-grpc  | 
execution-manager-grpc  | [SCHEDULER] 🔁 ===== ITERATION 50 / 50 =====
execution-manager-grpc  | 
execution-manager-grpc  | [SCHEDULER] 🚀 Schedule started at T=0
execution-manager-grpc  | 
execution-manager-grpc  | [SCHEDULER] 🔄 Entering event loop (NO SLEEP - event-driven!)
execution-manager-grpc  | 
execution-manager-grpc  | [gRPC Client Async] Stream completed, received 1 responses
execution-manager-grpc  | [GRPC THREAD 1] Completed
execution-manager-grpc  | [EPOLL] T=10000 ms: epoll_wait returned 1 event(s)
execution-manager-grpc  | [EPOLL] event[0]: type=0 task=sum1
execution-manager-grpc  | [SCHEDULER] ⏰ T=10000 ms | T_wall=800316120.630 ms: Launching task 1 'sum1' (deadline: 30000 ms)
execution-manager-grpc  | [SCHEDULER] 🕐 Timeout armed for task 1 at T=30000 ms (in 20000 ms)
execution-manager-grpc  | [GRPC THREAD 1] Starting...
execution-manager-grpc  | [EXECUTION MANAGER] ⏱️ T1=800316120.711 ms | Sending gRPC request for task 1 'sum1'
execution-manager-grpc  | [gRPC Channel Pool] Reusing existing channel for localhost:50051 (state=2)
execution-manager-grpc  | [gRPC Client Async] Calling task 'sum1' at localhost:50051
execution-manager-grpc  | [gRPC Client Async] Inputs: {"total_ops": 100, "io_percentage": 50}
execution-manager-grpc  | [gRPC Client Async] Response #1 - Status: COMPLETED
execution-manager-grpc  | 🎉 [T=10274 ms] Task 1 'sum1' COMPLETED
execution-manager-grpc  | [EXECUTION MANAGER] ⏱️ T2=800316121.250 ms | Thread started (server measured)
execution-manager-grpc  | [EXECUTION MANAGER] ⏱️ T3=800316393.670 ms | Task completed (server measured)
execution-manager-grpc  | [EXECUTION MANAGER] ⏱️ T4=800316394.070 ms | Result received by client
execution-manager-grpc  |    [TASK EXECUTION] 272.420 ms (T3-T2, measured in thread)
execution-manager-grpc  |    [RESULT] {"result": 0}
execution-manager-grpc  | 
execution-manager-grpc  | ╔═══════════════════════════════════════════════════════════════╗
execution-manager-grpc  | ║           END-TO-END TIMING MEASUREMENT RECAP                 ║
execution-manager-grpc  | ║                   Task 1: sum1                                 
execution-manager-grpc  | ╠═══════════════════════════════════════════════════════════════╣
execution-manager-grpc  | ║ T1 (start_request)    = 800316120.711 ms                        ║
execution-manager-grpc  | ║ T2 (end_request)      = 800316121.250 ms                        ║
execution-manager-grpc  | ║ T3 (start_result)     = 800316393.670 ms                        ║
execution-manager-grpc  | ║ T4 (end_result)       = 800316394.070 ms                        ║
execution-manager-grpc  | ╠═══════════════════════════════════════════════════════════════╣
execution-manager-grpc  | ║ METRICS:                                                      ║
execution-manager-grpc  | ║   Request Latency    =        0.539 ms  (T2 - T1)            ║
execution-manager-grpc  | ║   Task Execution     =      272.420 ms  (T3 - T2)            ║
execution-manager-grpc  | ║   Response Latency   =        0.400 ms  (T4 - T3)            ║
execution-manager-grpc  | ║   Total End-to-End   =      273.358 ms  (T4 - T1)            ║
execution-manager-grpc  | ║   Network Overhead   =        0.939 ms  (Req + Resp)         ║
execution-manager-grpc  | ╚═══════════════════════════════════════════════════════════════╝
execution-manager-grpc  | 
execution-manager-grpc  | [EPOLL] T=10274 ms: epoll_wait returned 1 event(s)
execution-manager-grpc  | [EPOLL] event[0]: type=2 task=NULL
execution-manager-grpc  | [SCHEDULER] ✅ T=10274 ms: Task 1 'sum1' completed with status 2
execution-manager-grpc  | [SCHEDULER] 🔕 Timeout disarmed for task 1
execution-manager-grpc  | [SCHEDULER] 0 tasks remaining
execution-manager-grpc  | 
execution-manager-grpc  | [SCHEDULER] 🏁 Iteration 50/50 complete!
execution-manager-grpc  | [SCHEDULER] Iteration execution time: 10274 ms
execution-manager-grpc  | 
execution-manager-grpc  | 
execution-manager-grpc  | [SCHEDULER] 🏁 All 50 iteration(s) completed!
execution-manager-grpc  | [SCHEDULER] Total execution time: 10274 ms
execution-manager-grpc  | 
execution-manager-grpc  | Test Suite Finished Successfully.
[Kexecution-manager-grpc exited with code 0
