 Container execution-manager  Creating
 Container execution-manager  Created
Attaching to execution-manager
execution-manager  | ============================================
execution-manager  |    DUAL PRIORITY QUEUE ARCHITECTURE TESTER  
execution-manager  | ============================================
execution-manager  | 
execution-manager  | ✅ Execution Manager running with SCHED_FIFO priority 95
execution-manager  |    This ensures precise timing and prevents preemption by tasks
execution-manager  | 
execution-manager  | 
execution-manager  | [Redis] Reading schedule from Redis...
execution-manager  | 
execution-manager  | === REDIS DATA ===
execution-manager  | Schedule: Configurable CPU/IO Benchmark (v0.0.0)
execution-manager  | Number of tasks: 4
execution-manager  | Iterations: 50
execution-manager  | 
execution-manager  | Tasks:
execution-manager  |   1. Task: sum1
execution-manager  |      Policy: fifo, Priority: 50, Start: 10 ms
execution-manager  |      Inputs: {"total_ops": {"type": "int", "value": 200}, "io_percentage": {"type": "int", "value": 50}}
execution-manager  | 
execution-manager  |   2. Task: sum2
execution-manager  |      Policy: fifo, Priority: 50, Start: 11 ms
execution-manager  |      Inputs: {"total_ops": {"type": "int", "value": 200}, "io_percentage": {"type": "int", "value": 50}}
execution-manager  | 
execution-manager  |   3. Task: sum3
execution-manager  |      Policy: fifo, Priority: 50, Start: 20 ms
execution-manager  |      Inputs: {"total_ops": {"type": "int", "value": 200}, "io_percentage": {"type": "int", "value": 50}}
execution-manager  | 
execution-manager  |   4. Task: sum4
execution-manager  |      Policy: fifo, Priority: 50, Start: 21 ms
execution-manager  |      Inputs: {"total_ops": {"type": "int", "value": 200}, "io_percentage": {"type": "int", "value": 50}}
execution-manager  | 
execution-manager  | ==================
execution-manager  | 
execution-manager  | 
execution-manager  | ============================================
execution-manager  |    REAL-TIME EVENT-DRIVEN SCHEDULER
execution-manager  | ============================================
execution-manager  | 
execution-manager  | [SCHEDULER] 🚀 Loading schedule: 4 task(s), 50 iteration(s)
execution-manager  | 
execution-manager  | [SCHEDULER] DEBUG - Task 1: start_time=10 s, deadline=30 s (parsed from Redis)
execution-manager  | [SCHEDULER] 📋 Task 1 'sum1': start=10000 ms, deadline=30000 ms
execution-manager  | [SCHEDULER] DEBUG - Task 2: start_time=11 s, deadline=31 s (parsed from Redis)
execution-manager  | [SCHEDULER] 📋 Task 2 'sum2': start=11000 ms, deadline=31000 ms
execution-manager  | [SCHEDULER] DEBUG - Task 3: start_time=20 s, deadline=40 s (parsed from Redis)
execution-manager  | [SCHEDULER] 📋 Task 3 'sum3': start=20000 ms, deadline=40000 ms
execution-manager  | [SCHEDULER] DEBUG - Task 4: start_time=21 s, deadline=41 s (parsed from Redis)
execution-manager  | [SCHEDULER] 📋 Task 4 'sum4': start=21000 ms, deadline=41000 ms
execution-manager  | 
execution-manager  | [SCHEDULER] 🔁 ===== ITERATION 1 / 50 =====
execution-manager  | 
execution-manager  | [SCHEDULER] 🚀 Schedule started at T=0
execution-manager  | 
execution-manager  | [SCHEDULER] 🔄 Entering event loop (NO SLEEP - event-driven!)
execution-manager  | 
execution-manager  | [SCHEDULER] ⏰ T=10000 ms | T_wall=227568305.379 ms: Launching task 1 'sum1' (deadline: 30000 ms)
execution-manager  | [SCHEDULER] 🕐 Timeout armed for task 1 at T=30000 ms (in 20000 ms)
execution-manager  | [GRPC THREAD 1] Starting...
execution-manager  | [EXECUTION MANAGER] ⏱️ T1=227568305.607 ms | Sending gRPC request for task 1 'sum1'
execution-manager  | [gRPC Channel Pool] Creating new channel for localhost:50051
execution-manager  | [gRPC Client Async] Calling task 'sum1' at localhost:50051
execution-manager  | [gRPC Client Async] Inputs: {"total_ops": 200, "io_percentage": 50}
execution-manager  | [SCHEDULER] ⏰ T=11700 ms | T_wall=227570005.032 ms: Launching task 2 'sum2' (deadline: 31000 ms)
execution-manager  | [SCHEDULER] 🕐 Timeout armed for task 2 at T=31000 ms (in 19300 ms)
execution-manager  | [GRPC THREAD 2] Starting...
execution-manager  | [EXECUTION MANAGER] ⏱️ T1=227570005.306 ms | Sending gRPC request for task 2 'sum2'
execution-manager  | [gRPC Channel Pool] Creating new channel for localhost:50052
execution-manager  | [gRPC Client Async] Calling task 'sum2' at localhost:50052
execution-manager  | [gRPC Client Async] Inputs: {"total_ops": 200, "io_percentage": 50}
execution-manager  | [gRPC Client Async] Response #1 - Status: COMPLETED
execution-manager  | 🎉 [T=15071 ms] Task 1 'sum1' COMPLETED
execution-manager  | [EXECUTION MANAGER] ⏱️ T2=227568332.379 ms | Thread started (server measured)
execution-manager  | [EXECUTION MANAGER] ⏱️ T3=227573375.233 ms | Task completed (server measured)
execution-manager  | [EXECUTION MANAGER] ⏱️ T4=227573376.018 ms | Result received by client
execution-manager  |    [TASK EXECUTION] 5042.854 ms (T3-T2, measured in thread)
execution-manager  |    [RESULT] {"result": 0}
execution-manager  | 
execution-manager  | ╔═══════════════════════════════════════════════════════════════╗
execution-manager  | ║           END-TO-END TIMING MEASUREMENT RECAP                 ║
execution-manager  | ║                   Task 1: sum1                                 
execution-manager  | ╠═══════════════════════════════════════════════════════════════╣
execution-manager  | ║ T1 (start_request)    = 227568305.607 ms                        ║
execution-manager  | ║ T2 (end_request)      = 227568332.379 ms                        ║
execution-manager  | ║ T3 (start_result)     = 227573375.233 ms                        ║
execution-manager  | ║ T4 (end_result)       = 227573376.018 ms                        ║
execution-manager  | ╠═══════════════════════════════════════════════════════════════╣
execution-manager  | ║ METRICS:                                                      ║
execution-manager  | ║   Request Latency    =       26.772 ms  (T2 - T1)            ║
execution-manager  | ║   Task Execution     =     5042.854 ms  (T3 - T2)            ║
execution-manager  | ║   Response Latency   =        0.785 ms  (T4 - T3)            ║
execution-manager  | ║   Total End-to-End   =     5070.410 ms  (T4 - T1)            ║
execution-manager  | ║   Network Overhead   =       27.556 ms  (Req + Resp)         ║
execution-manager  | ╚═══════════════════════════════════════════════════════════════╝
execution-manager  | 
execution-manager  | [SCHEDULER] ✅ T=15071 ms: Task 1 'sum1' completed with status 2
execution-manager  | [SCHEDULER] 🔕 Timeout disarmed for task 1
execution-manager  | [SCHEDULER] 3 tasks remaining
execution-manager  | [gRPC Client Async] Stream completed, received 1 responses
execution-manager  | [GRPC THREAD 1] Completed
execution-manager  | [gRPC Client Async] Response #1 - Status: COMPLETED
execution-manager  | 🎉 [T=15072 ms] Task 2 'sum2' COMPLETED
execution-manager  | [EXECUTION MANAGER] ⏱️ T2=227570675.744 ms | Thread started (server measured)
execution-manager  | [EXECUTION MANAGER] ⏱️ T3=227573377.073 ms | Task completed (server measured)
execution-manager  | [EXECUTION MANAGER] ⏱️ T4=227573377.605 ms | Result received by client
execution-manager  |    [TASK EXECUTION] 2701.328 ms (T3-T2, measured in thread)
execution-manager  |    [RESULT] {"result": 0}
execution-manager  | 
execution-manager  | ╔═══════════════════════════════════════════════════════════════╗
execution-manager  | ║           END-TO-END TIMING MEASUREMENT RECAP                 ║
execution-manager  | ║                   Task 2: sum2                                 
execution-manager  | ╠═══════════════════════════════════════════════════════════════╣
execution-manager  | ║ T1 (start_request)    = 227570005.306 ms                        ║
execution-manager  | ║ T2 (end_request)      = 227570675.744 ms                        ║
execution-manager  | ║ T3 (start_result)     = 227573377.073 ms                        ║
execution-manager  | ║ T4 (end_result)       = 227573377.605 ms                        ║
execution-manager  | ╠═══════════════════════════════════════════════════════════════╣
execution-manager  | ║ METRICS:                                                      ║
execution-manager  | ║   Request Latency    =      670.438 ms  (T2 - T1)            ║
execution-manager  | ║   Task Execution     =     2701.328 ms  (T3 - T2)            ║
execution-manager  | ║   Response Latency   =        0.532 ms  (T4 - T3)            ║
execution-manager  | ║   Total End-to-End   =     3372.298 ms  (T4 - T1)            ║
execution-manager  | ║   Network Overhead   =      670.970 ms  (Req + Resp)         ║
execution-manager  | ╚═══════════════════════════════════════════════════════════════╝
execution-manager  | 
execution-manager  | [gRPC Client Async] Stream completed, received 1 responses
execution-manager  | [GRPC THREAD 2] Completed
execution-manager  | [SCHEDULER] ✅ T=15072 ms: Task 2 'sum2' completed with status 2
execution-manager  | [SCHEDULER] 🔕 Timeout disarmed for task 2
execution-manager  | [SCHEDULER] 2 tasks remaining
execution-manager  | [SCHEDULER] ⏰ T=20000 ms | T_wall=227578305.440 ms: Launching task 3 'sum3' (deadline: 40000 ms)
execution-manager  | [SCHEDULER] 🕐 Timeout armed for task 3 at T=40000 ms (in 20000 ms)
execution-manager  | [GRPC THREAD 3] Starting...
execution-manager  | [EXECUTION MANAGER] ⏱️ T1=227578305.583 ms | Sending gRPC request for task 3 'sum3'
execution-manager  | [gRPC Channel Pool] Creating new channel for localhost:50053
execution-manager  | [gRPC Client Async] Calling task 'sum3' at localhost:50053
execution-manager  | [gRPC Client Async] Inputs: {"total_ops": 200, "io_percentage": 50}
execution-manager  | [SCHEDULER] ⏰ T=21700 ms | T_wall=227580005.030 ms: Launching task 4 'sum4' (deadline: 41000 ms)
execution-manager  | [SCHEDULER] 🕐 Timeout armed for task 4 at T=41000 ms (in 19300 ms)
execution-manager  | [GRPC THREAD 4] Starting...
execution-manager  | [EXECUTION MANAGER] ⏱️ T1=227580005.187 ms | Sending gRPC request for task 4 'sum4'
execution-manager  | [gRPC Channel Pool] Creating new channel for localhost:50054
execution-manager  | [gRPC Client Async] Calling task 'sum4' at localhost:50054
execution-manager  | [gRPC Client Async] Inputs: {"total_ops": 200, "io_percentage": 50}
execution-manager  | [gRPC Client Async] Response #1 - Status: COMPLETED
execution-manager  | 🎉 [T=25045 ms] Task 3 'sum3' COMPLETED
execution-manager  | [EXECUTION MANAGER] ⏱️ T2=227578326.871 ms | Thread started (server measured)
execution-manager  | [EXECUTION MANAGER] ⏱️ T3=227583349.794 ms | Task completed (server measured)
execution-manager  | [EXECUTION MANAGER] ⏱️ T4=227583350.554 ms | Result received by client
execution-manager  |    [TASK EXECUTION] 5022.923 ms (T3-T2, measured in thread)
execution-manager  |    [RESULT] {"result": 0}
execution-manager  | 
execution-manager  | ╔═══════════════════════════════════════════════════════════════╗
execution-manager  | ║           END-TO-END TIMING MEASUREMENT RECAP                 ║
execution-manager  | ║                   Task 3: sum3                                 
execution-manager  | ╠═══════════════════════════════════════════════════════════════╣
execution-manager  | ║ T1 (start_request)    = 227578305.583 ms                        ║
execution-manager  | ║ T2 (end_request)      = 227578326.871 ms                        ║
execution-manager  | ║ T3 (start_result)     = 227583349.794 ms                        ║
execution-manager  | ║ T4 (end_result)       = 227583350.554 ms                        ║
execution-manager  | ╠═══════════════════════════════════════════════════════════════╣
execution-manager  | ║ METRICS:                                                      ║
execution-manager  | ║   Request Latency    =       21.289 ms  (T2 - T1)            ║
execution-manager  | ║   Task Execution     =     5022.923 ms  (T3 - T2)            ║
execution-manager  | ║   Response Latency   =        0.759 ms  (T4 - T3)            ║
execution-manager  | ║   Total End-to-End   =     5044.971 ms  (T4 - T1)            ║
execution-manager  | ║   Network Overhead   =       22.048 ms  (Req + Resp)         ║
execution-manager  | ╚═══════════════════════════════════════════════════════════════╝
execution-manager  | 
execution-manager  | [SCHEDULER] ✅ T=25045 ms: Task 3 'sum3' completed with status 2
execution-manager  | [SCHEDULER] 🔕 Timeout disarmed for task 3
execution-manager  | [SCHEDULER] 1 tasks remaining
execution-manager  | [gRPC Client Async] Stream completed, received 1 responses
execution-manager  | [GRPC THREAD 3] Completed
execution-manager  | [gRPC Client Async] Response #1 - Status: COMPLETED
execution-manager  | 🎉 [T=25062 ms] Task 4 'sum4' COMPLETED
execution-manager  | [EXECUTION MANAGER] ⏱️ T2=227580688.925 ms | Thread started (server measured)
execution-manager  | [EXECUTION MANAGER] ⏱️ T3=227583367.097 ms | Task completed (server measured)
execution-manager  | [EXECUTION MANAGER] ⏱️ T4=227583367.668 ms | Result received by client
execution-manager  |    [TASK EXECUTION] 2678.172 ms (T3-T2, measured in thread)
execution-manager  |    [RESULT] {"result": 0}
execution-manager  | 
execution-manager  | ╔═══════════════════════════════════════════════════════════════╗
execution-manager  | ║           END-TO-END TIMING MEASUREMENT RECAP                 ║
execution-manager  | ║                   Task 4: sum4                                 
execution-manager  | ╠═══════════════════════════════════════════════════════════════╣
execution-manager  | ║ T1 (start_request)    = 227580005.187 ms                        ║
execution-manager  | ║ T2 (end_request)      = 227580688.925 ms                        ║
execution-manager  | ║ T3 (start_result)     = 227583367.097 ms                        ║
execution-manager  | ║ T4 (end_result)       = 227583367.668 ms                        ║
execution-manager  | ╠═══════════════════════════════════════════════════════════════╣
execution-manager  | ║ METRICS:                                                      ║
execution-manager  | ║   Request Latency    =      683.737 ms  (T2 - T1)            ║
execution-manager  | ║   Task Execution     =     2678.172 ms  (T3 - T2)            ║
execution-manager  | ║   Response Latency   =        0.570 ms  (T4 - T3)            ║
execution-manager  | ║   Total End-to-End   =     3362.480 ms  (T4 - T1)            ║
execution-manager  | ║   Network Overhead   =      684.308 ms  (Req + Resp)         ║
execution-manager  | ╚═══════════════════════════════════════════════════════════════╝
execution-manager  | 
execution-manager  | [gRPC Client Async] Stream completed, received 1 responses
execution-manager  | [GRPC THREAD 4] Completed
execution-manager  | [SCHEDULER] ✅ T=25063 ms: Task 4 'sum4' completed with status 2
execution-manager  | [SCHEDULER] 🔕 Timeout disarmed for task 4
execution-manager  | [SCHEDULER] 0 tasks remaining
execution-manager  | 
execution-manager  | [SCHEDULER] 🏁 Iteration 1/50 complete!
execution-manager  | [SCHEDULER] Iteration execution time: 25063 ms
execution-manager  | 
execution-manager  | 
execution-manager  | [SCHEDULER] 🔁 ===== ITERATION 2 / 50 =====
execution-manager  | 
execution-manager  | [SCHEDULER] 🚀 Schedule started at T=0
execution-manager  | 
execution-manager  | [SCHEDULER] 🔄 Entering event loop (NO SLEEP - event-driven!)
execution-manager  | 
execution-manager  | [SCHEDULER] ⏰ T=10000 ms | T_wall=227593368.206 ms: Launching task 1 'sum1' (deadline: 30000 ms)
execution-manager  | [SCHEDULER] 🕐 Timeout armed for task 1 at T=30000 ms (in 20000 ms)
execution-manager  | [GRPC THREAD 1] Starting...
execution-manager  | [EXECUTION MANAGER] ⏱️ T1=227593368.330 ms | Sending gRPC request for task 1 'sum1'
execution-manager  | [gRPC Channel Pool] Reusing existing channel for localhost:50051
execution-manager  | [gRPC Client Async] Calling task 'sum1' at localhost:50051
execution-manager  | [gRPC Client Async] Inputs: {"total_ops": 200, "io_percentage": 50}
execution-manager  | [SCHEDULER] ⏰ T=11637 ms | T_wall=227595005.041 ms: Launching task 2 'sum2' (deadline: 31000 ms)
execution-manager  | [SCHEDULER] 🕐 Timeout armed for task 2 at T=31000 ms (in 19363 ms)
execution-manager  | [GRPC THREAD 2] Starting...
execution-manager  | [EXECUTION MANAGER] ⏱️ T1=227595005.203 ms | Sending gRPC request for task 2 'sum2'
execution-manager  | [gRPC Channel Pool] Reusing existing channel for localhost:50052
execution-manager  | [gRPC Client Async] Calling task 'sum2' at localhost:50052
execution-manager  | [gRPC Client Async] Inputs: {"total_ops": 200, "io_percentage": 50}
execution-manager  | [gRPC Client Async] Response #1 - Status: COMPLETED
execution-manager  | 🎉 [T=14947 ms] Task 1 'sum1' COMPLETED
execution-manager  | [EXECUTION MANAGER] ⏱️ T2=227593371.428 ms | Thread started (server measured)
execution-manager  | [EXECUTION MANAGER] ⏱️ T3=227598314.884 ms | Task completed (server measured)
execution-manager  | [EXECUTION MANAGER] ⏱️ T4=227598315.845 ms | Result received by client
execution-manager  |    [TASK EXECUTION] 4943.455 ms (T3-T2, measured in thread)
execution-manager  |    [RESULT] {"result": 0}
execution-manager  | 
execution-manager  | ╔═══════════════════════════════════════════════════════════════╗
execution-manager  | ║           END-TO-END TIMING MEASUREMENT RECAP                 ║
execution-manager  | ║                   Task 1: sum1                                 
execution-manager  | ╠═══════════════════════════════════════════════════════════════╣
execution-manager  | ║ T1 (start_request)    = 227593368.330 ms                        ║
execution-manager  | ║ T2 (end_request)      = 227593371.428 ms                        ║
execution-manager  | ║ T3 (start_result)     = 227598314.884 ms                        ║
execution-manager  | ║ T4 (end_result)       = 227598315.845 ms                        ║
execution-manager  | ╠═══════════════════════════════════════════════════════════════╣
execution-manager  | ║ METRICS:                                                      ║
execution-manager  | ║   Request Latency    =        3.098 ms  (T2 - T1)            ║
execution-manager  | ║   Task Execution     =     4943.455 ms  (T3 - T2)            ║
execution-manager  | ║   Response Latency   =        0.961 ms  (T4 - T3)            ║
execution-manager  | ║   Total End-to-End   =     4947.515 ms  (T4 - T1)            ║
execution-manager  | ║   Network Overhead   =        4.059 ms  (Req + Resp)         ║
execution-manager  | ╚═══════════════════════════════════════════════════════════════╝
execution-manager  | 
execution-manager  | [gRPC Client Async] Stream completed, received 1 responses
execution-manager  | [GRPC THREAD 1] Completed
execution-manager  | [SCHEDULER] ✅ T=14948 ms: Task 1 'sum1' completed with status 2
execution-manager  | [SCHEDULER] 🔕 Timeout disarmed for task 1
execution-manager  | [SCHEDULER] 3 tasks remaining
execution-manager  | [gRPC Client Async] Response #1 - Status: COMPLETED
execution-manager  | 🎉 [T=14950 ms] Task 2 'sum2' COMPLETED
execution-manager  | [EXECUTION MANAGER] ⏱️ T2=227595717.447 ms | Thread started (server measured)
execution-manager  | [EXECUTION MANAGER] ⏱️ T3=227598317.819 ms | Task completed (server measured)
execution-manager  | [EXECUTION MANAGER] ⏱️ T4=227598318.347 ms | Result received by client
execution-manager  |    [TASK EXECUTION] 2600.372 ms (T3-T2, measured in thread)
execution-manager  |    [RESULT] {"result": 0}
execution-manager  | 
execution-manager  | ╔═══════════════════════════════════════════════════════════════╗
execution-manager  | ║           END-TO-END TIMING MEASUREMENT RECAP                 ║
execution-manager  | ║                   Task 2: sum2                                 
execution-manager  | ╠═══════════════════════════════════════════════════════════════╣
execution-manager  | ║ T1 (start_request)    = 227595005.203 ms                        ║
execution-manager  | ║ T2 (end_request)      = 227595717.447 ms                        ║
execution-manager  | ║ T3 (start_result)     = 227598317.819 ms                        ║
execution-manager  | ║ T4 (end_result)       = 227598318.347 ms                        ║
execution-manager  | ╠═══════════════════════════════════════════════════════════════╣
execution-manager  | ║ METRICS:                                                      ║
execution-manager  | ║   Request Latency    =      712.244 ms  (T2 - T1)            ║
execution-manager  | ║   Task Execution     =     2600.372 ms  (T3 - T2)            ║
execution-manager  | ║   Response Latency   =        0.528 ms  (T4 - T3)            ║
execution-manager  | ║   Total End-to-End   =     3313.144 ms  (T4 - T1)            ║
execution-manager  | ║   Network Overhead   =      712.772 ms  (Req + Resp)         ║
execution-manager  | ╚═══════════════════════════════════════════════════════════════╝
execution-manager  | 
execution-manager  | [gRPC Client Async] Stream completed, received 1 responses
execution-manager  | [GRPC THREAD 2] Completed
execution-manager  | [SCHEDULER] ✅ T=14950 ms: Task 2 'sum2' completed with status 2
execution-manager  | [SCHEDULER] 🔕 Timeout disarmed for task 2
execution-manager  | [SCHEDULER] 2 tasks remaining
execution-manager  | [SCHEDULER] ⏰ T=20000 ms | T_wall=227603368.263 ms: Launching task 3 'sum3' (deadline: 40000 ms)
execution-manager  | [SCHEDULER] 🕐 Timeout armed for task 3 at T=40000 ms (in 20000 ms)
execution-manager  | [GRPC THREAD 3] Starting...
execution-manager  | [EXECUTION MANAGER] ⏱️ T1=227603368.392 ms | Sending gRPC request for task 3 'sum3'
execution-manager  | [gRPC Channel Pool] Reusing existing channel for localhost:50053
execution-manager  | [gRPC Client Async] Calling task 'sum3' at localhost:50053
execution-manager  | [gRPC Client Async] Inputs: {"total_ops": 200, "io_percentage": 50}
execution-manager  | [SCHEDULER] ⏰ T=21637 ms | T_wall=227605005.029 ms: Launching task 4 'sum4' (deadline: 41000 ms)
execution-manager  | [SCHEDULER] 🕐 Timeout armed for task 4 at T=41000 ms (in 19363 ms)
execution-manager  | [GRPC THREAD 4] Starting...
execution-manager  | [EXECUTION MANAGER] ⏱️ T1=227605005.196 ms | Sending gRPC request for task 4 'sum4'
execution-manager  | [gRPC Channel Pool] Reusing existing channel for localhost:50054
execution-manager  | [gRPC Client Async] Calling task 'sum4' at localhost:50054
execution-manager  | [gRPC Client Async] Inputs: {"total_ops": 200, "io_percentage": 50}
execution-manager  | [gRPC Client Async] Response #1 - Status: COMPLETED
execution-manager  | 🎉 [T=25047 ms] Task 3 'sum3' COMPLETED
execution-manager  | [EXECUTION MANAGER] ⏱️ T2=227603369.411 ms | Thread started (server measured)
execution-manager  | [EXECUTION MANAGER] ⏱️ T3=227608414.902 ms | Task completed (server measured)
execution-manager  | [EXECUTION MANAGER] ⏱️ T4=227608415.864 ms | Result received by client
execution-manager  |    [TASK EXECUTION] 5045.491 ms (T3-T2, measured in thread)
execution-manager  |    [RESULT] {"result": 0}
execution-manager  | 
execution-manager  | ╔═══════════════════════════════════════════════════════════════╗
execution-manager  | ║           END-TO-END TIMING MEASUREMENT RECAP                 ║
execution-manager  | ║                   Task 3: sum3                                 
execution-manager  | ╠═══════════════════════════════════════════════════════════════╣
execution-manager  | ║ T1 (start_request)    = 227603368.392 ms                        ║
execution-manager  | ║ T2 (end_request)      = 227603369.411 ms                        ║
execution-manager  | ║ T3 (start_result)     = 227608414.902 ms                        ║
execution-manager  | ║ T4 (end_result)       = 227608415.864 ms                        ║
execution-manager  | ╠═══════════════════════════════════════════════════════════════╣
execution-manager  | ║ METRICS:                                                      ║
execution-manager  | ║   Request Latency    =        1.018 ms  (T2 - T1)            ║
execution-manager  | ║   Task Execution     =     5045.491 ms  (T3 - T2)            ║
execution-manager  | ║   Response Latency   =        0.963 ms  (T4 - T3)            ║
execution-manager  | ║   Total End-to-End   =     5047.472 ms  (T4 - T1)            ║
execution-manager  | ║   Network Overhead   =        1.981 ms  (Req + Resp)         ║
execution-manager  | ╚═══════════════════════════════════════════════════════════════╝
execution-manager  | 
execution-manager  | [gRPC Client Async] Stream completed, received 1 responses
execution-manager  | [GRPC THREAD 3] Completed
execution-manager  | [SCHEDULER] ✅ T=25048 ms: Task 3 'sum3' completed with status 2
execution-manager  | [SCHEDULER] 🔕 Timeout disarmed for task 3
execution-manager  | [SCHEDULER] 1 tasks remaining
execution-manager  | [gRPC Client Async] Response #1 - Status: COMPLETED
execution-manager  | 🎉 [T=25050 ms] Task 4 'sum4' COMPLETED
execution-manager  | [EXECUTION MANAGER] ⏱️ T2=227605711.046 ms | Thread started (server measured)
execution-manager  | [EXECUTION MANAGER] ⏱️ T3=227608417.757 ms | Task completed (server measured)
execution-manager  | [EXECUTION MANAGER] ⏱️ T4=227608418.235 ms | Result received by client
execution-manager  |    [TASK EXECUTION] 2706.711 ms (T3-T2, measured in thread)
execution-manager  |    [RESULT] {"result": 0}
execution-manager  | 
execution-manager  | ╔═══════════════════════════════════════════════════════════════╗
execution-manager  | ║           END-TO-END TIMING MEASUREMENT RECAP                 ║
execution-manager  | ║                   Task 4: sum4                                 
execution-manager  | ╠═══════════════════════════════════════════════════════════════╣
execution-manager  | ║ T1 (start_request)    = 227605005.196 ms                        ║
execution-manager  | ║ T2 (end_request)      = 227605711.046 ms                        ║
execution-manager  | ║ T3 (start_result)     = 227608417.757 ms                        ║
execution-manager  | ║ T4 (end_result)       = 227608418.235 ms                        ║
execution-manager  | ╠═══════════════════════════════════════════════════════════════╣
execution-manager  | ║ METRICS:                                                      ║
execution-manager  | ║   Request Latency    =      705.850 ms  (T2 - T1)            ║
execution-manager  | ║   Task Execution     =     2706.711 ms  (T3 - T2)            ║
execution-manager  | ║   Response Latency   =        0.478 ms  (T4 - T3)            ║
execution-manager  | ║   Total End-to-End   =     3413.039 ms  (T4 - T1)            ║
execution-manager  | ║   Network Overhead   =      706.329 ms  (Req + Resp)         ║
execution-manager  | ╚═══════════════════════════════════════════════════════════════╝
execution-manager  | 
execution-manager  | [gRPC Client Async] Stream completed, received 1 responses
execution-manager  | [GRPC THREAD 4] Completed
execution-manager  | [SCHEDULER] ✅ T=25050 ms: Task 4 'sum4' completed with status 2
execution-manager  | [SCHEDULER] 🔕 Timeout disarmed for task 4
execution-manager  | [SCHEDULER] 0 tasks remaining
execution-manager  | 
execution-manager  | [SCHEDULER] 🏁 Iteration 2/50 complete!
execution-manager  | [SCHEDULER] Iteration execution time: 25050 ms
execution-manager  | 
execution-manager  | 
execution-manager  | [SCHEDULER] 🔁 ===== ITERATION 3 / 50 =====
execution-manager  | 
execution-manager  | [SCHEDULER] 🚀 Schedule started at T=0
execution-manager  | 
execution-manager  | [SCHEDULER] 🔄 Entering event loop (NO SLEEP - event-driven!)
execution-manager  | 
execution-manager  | [SCHEDULER] ⏰ T=10000 ms | T_wall=227618418.627 ms: Launching task 1 'sum1' (deadline: 30000 ms)
execution-manager  | [SCHEDULER] 🕐 Timeout armed for task 1 at T=30000 ms (in 20000 ms)
execution-manager  | [GRPC THREAD 1] Starting...
execution-manager  | [EXECUTION MANAGER] ⏱️ T1=227618418.790 ms | Sending gRPC request for task 1 'sum1'
execution-manager  | [gRPC Channel Pool] Reusing existing channel for localhost:50051
execution-manager  | [gRPC Client Async] Calling task 'sum1' at localhost:50051
execution-manager  | [gRPC Client Async] Inputs: {"total_ops": 200, "io_percentage": 50}
execution-manager  | [SCHEDULER] ⏰ T=12340 ms | T_wall=227620758.944 ms: Launching task 2 'sum2' (deadline: 31000 ms)
execution-manager  | [SCHEDULER] 🕐 Timeout armed for task 2 at T=31000 ms (in 18659 ms)
execution-manager  | [GRPC THREAD 2] Starting...
execution-manager  | [EXECUTION MANAGER] ⏱️ T1=227620759.099 ms | Sending gRPC request for task 2 'sum2'
execution-manager  | [gRPC Channel Pool] Reusing existing channel for localhost:50052
execution-manager  | [gRPC Client Async] Calling task 'sum2' at localhost:50052
execution-manager  | [gRPC Client Async] Inputs: {"total_ops": 200, "io_percentage": 50}
execution-manager  | [gRPC Client Async] Response #1 - Status: COMPLETED
execution-manager  | 🎉 [T=15077 ms] Task 1 'sum1' COMPLETED
execution-manager  | [EXECUTION MANAGER] ⏱️ T2=227618419.720 ms | Thread started (server measured)
execution-manager  | [EXECUTION MANAGER] ⏱️ T3=227623494.535 ms | Task completed (server measured)
execution-manager  | [EXECUTION MANAGER] ⏱️ T4=227623495.332 ms | Result received by client
execution-manager  |    [TASK EXECUTION] 5074.815 ms (T3-T2, measured in thread)
execution-manager  |    [RESULT] {"result": 0}
execution-manager  | 
execution-manager  | ╔═══════════════════════════════════════════════════════════════╗
execution-manager  | ║           END-TO-END TIMING MEASUREMENT RECAP                 ║
execution-manager  | ║                   Task 1: sum1                                 
execution-manager  | ╠═══════════════════════════════════════════════════════════════╣
execution-manager  | ║ T1 (start_request)    = 227618418.790 ms                        ║
execution-manager  | ║ T2 (end_request)      = 227618419.720 ms                        ║
execution-manager  | ║ T3 (start_result)     = 227623494.535 ms                        ║
execution-manager  | ║ T4 (end_result)       = 227623495.332 ms                        ║
execution-manager  | ╠═══════════════════════════════════════════════════════════════╣
execution-manager  | ║ METRICS:                                                      ║
execution-manager  | ║   Request Latency    =        0.931 ms  (T2 - T1)            ║
execution-manager  | ║   Task Execution     =     5074.815 ms  (T3 - T2)            ║
execution-manager  | ║   Response Latency   =        0.796 ms  (T4 - T3)            ║
execution-manager  | ║   Total End-to-End   =     5076.542 ms  (T4 - T1)            ║
execution-manager  | ║   Network Overhead   =        1.727 ms  (Req + Resp)         ║
execution-manager  | ╚═══════════════════════════════════════════════════════════════╝
execution-manager  | 
execution-manager  | [SCHEDULER] ✅ T=15077 ms: Task 1 'sum1' completed with status 2
execution-manager  | [SCHEDULER] 🔕 Timeout disarmed for task 1
execution-manager  | [SCHEDULER] 3 tasks remaining
execution-manager  | [gRPC Client Async] Stream completed, received 1 responses
execution-manager  | [GRPC THREAD 1] Completed
execution-manager  | [gRPC Client Async] Response #1 - Status: COMPLETED
execution-manager  | 🎉 [T=15078 ms] Task 2 'sum2' COMPLETED
execution-manager  | [EXECUTION MANAGER] ⏱️ T2=227620760.260 ms | Thread started (server measured)
execution-manager  | [EXECUTION MANAGER] ⏱️ T3=227623496.263 ms | Task completed (server measured)
execution-manager  | [EXECUTION MANAGER] ⏱️ T4=227623496.760 ms | Result received by client
execution-manager  |    [TASK EXECUTION] 2736.003 ms (T3-T2, measured in thread)
execution-manager  |    [RESULT] {"result": 0}
execution-manager  | 
execution-manager  | ╔═══════════════════════════════════════════════════════════════╗
execution-manager  | ║           END-TO-END TIMING MEASUREMENT RECAP                 ║
execution-manager  | ║                   Task 2: sum2                                 
execution-manager  | ╠═══════════════════════════════════════════════════════════════╣
execution-manager  | ║ T1 (start_request)    = 227620759.099 ms                        ║
execution-manager  | ║ T2 (end_request)      = 227620760.260 ms                        ║
execution-manager  | ║ T3 (start_result)     = 227623496.263 ms                        ║
execution-manager  | ║ T4 (end_result)       = 227623496.760 ms                        ║
execution-manager  | ╠═══════════════════════════════════════════════════════════════╣
execution-manager  | ║ METRICS:                                                      ║
execution-manager  | ║   Request Latency    =        1.161 ms  (T2 - T1)            ║
execution-manager  | ║   Task Execution     =     2736.003 ms  (T3 - T2)            ║
execution-manager  | ║   Response Latency   =        0.497 ms  (T4 - T3)            ║
execution-manager  | ║   Total End-to-End   =     2737.660 ms  (T4 - T1)            ║
execution-manager  | ║   Network Overhead   =        1.658 ms  (Req + Resp)         ║
execution-manager  | ╚═══════════════════════════════════════════════════════════════╝
execution-manager  | 
execution-manager  | [gRPC Client Async] Stream completed, received 1 responses
execution-manager  | [GRPC THREAD 2] Completed
execution-manager  | [SCHEDULER] ✅ T=15079 ms: Task 2 'sum2' completed with status 2
execution-manager  | [SCHEDULER] 🔕 Timeout disarmed for task 2
execution-manager  | [SCHEDULER] 2 tasks remaining
execution-manager  | [SCHEDULER] ⏰ T=20000 ms | T_wall=227628418.685 ms: Launching task 3 'sum3' (deadline: 40000 ms)
execution-manager  | [SCHEDULER] 🕐 Timeout armed for task 3 at T=40000 ms (in 20000 ms)
execution-manager  | [GRPC THREAD 3] Starting...
execution-manager  | [EXECUTION MANAGER] ⏱️ T1=227628418.821 ms | Sending gRPC request for task 3 'sum3'
execution-manager  | [gRPC Channel Pool] Reusing existing channel for localhost:50053
execution-manager  | [gRPC Client Async] Calling task 'sum3' at localhost:50053
execution-manager  | [gRPC Client Async] Inputs: {"total_ops": 200, "io_percentage": 50}
execution-manager  | [SCHEDULER] ⏰ T=21587 ms | T_wall=227630005.151 ms: Launching task 4 'sum4' (deadline: 41000 ms)
execution-manager  | [SCHEDULER] 🕐 Timeout armed for task 4 at T=41000 ms (in 19413 ms)
execution-manager  | [GRPC THREAD 4] Starting...
execution-manager  | [EXECUTION MANAGER] ⏱️ T1=227630005.305 ms | Sending gRPC request for task 4 'sum4'
execution-manager  | [gRPC Channel Pool] Reusing existing channel for localhost:50054
execution-manager  | [gRPC Client Async] Calling task 'sum4' at localhost:50054
execution-manager  | [gRPC Client Async] Inputs: {"total_ops": 200, "io_percentage": 50}
execution-manager  | [gRPC Client Async] Response #1 - Status: COMPLETED
execution-manager  | 🎉 [T=25049 ms] Task 3 'sum3' COMPLETED
execution-manager  | [EXECUTION MANAGER] ⏱️ T2=227628419.871 ms | Thread started (server measured)
execution-manager  | [EXECUTION MANAGER] ⏱️ T3=227633466.356 ms | Task completed (server measured)
execution-manager  | [EXECUTION MANAGER] ⏱️ T4=227633467.103 ms | Result received by client
execution-manager  |    [TASK EXECUTION] 5046.485 ms (T3-T2, measured in thread)
execution-manager  |    [RESULT] {"result": 0}
execution-manager  | 
execution-manager  | ╔═══════════════════════════════════════════════════════════════╗
execution-manager  | ║           END-TO-END TIMING MEASUREMENT RECAP                 ║
execution-manager  | ║                   Task 3: sum3                                 
execution-manager  | ╠═══════════════════════════════════════════════════════════════╣
execution-manager  | ║ T1 (start_request)    = 227628418.821 ms                        ║
execution-manager  | ║ T2 (end_request)      = 227628419.871 ms                        ║
execution-manager  | ║ T3 (start_result)     = 227633466.356 ms                        ║
execution-manager  | ║ T4 (end_result)       = 227633467.103 ms                        ║
execution-manager  | ╠═══════════════════════════════════════════════════════════════╣
execution-manager  | ║ METRICS:                                                      ║
execution-manager  | ║   Request Latency    =        1.050 ms  (T2 - T1)            ║
execution-manager  | ║   Task Execution     =     5046.485 ms  (T3 - T2)            ║
execution-manager  | ║   Response Latency   =        0.747 ms  (T4 - T3)            ║
execution-manager  | ║   Total End-to-End   =     5048.282 ms  (T4 - T1)            ║
execution-manager  | ║   Network Overhead   =        1.797 ms  (Req + Resp)         ║
execution-manager  | ╚═══════════════════════════════════════════════════════════════╝
execution-manager  | 
execution-manager  | [SCHEDULER] ✅ T=25049 ms: Task 3 'sum3' completed with status 2
execution-manager  | [SCHEDULER] 🔕 Timeout disarmed for task 3
execution-manager  | [SCHEDULER] 1 tasks remaining
execution-manager  | [gRPC Client Async] Stream completed, received 1 responses
execution-manager  | [GRPC THREAD 3] Completed
execution-manager  | [gRPC Client Async] Response #1 - Status: COMPLETED
execution-manager  | 🎉 [T=25050 ms] Task 4 'sum4' COMPLETED
execution-manager  | [EXECUTION MANAGER] ⏱️ T2=227630759.856 ms | Thread started (server measured)
execution-manager  | [EXECUTION MANAGER] ⏱️ T3=227633467.947 ms | Task completed (server measured)
execution-manager  | [EXECUTION MANAGER] ⏱️ T4=227633468.510 ms | Result received by client
execution-manager  |    [TASK EXECUTION] 2708.091 ms (T3-T2, measured in thread)
execution-manager  |    [RESULT] {"result": 0}
execution-manager  | 
execution-manager  | ╔═══════════════════════════════════════════════════════════════╗
execution-manager  | ║           END-TO-END TIMING MEASUREMENT RECAP                 ║
execution-manager  | ║                   Task 4: sum4                                 
execution-manager  | ╠═══════════════════════════════════════════════════════════════╣
execution-manager  | ║ T1 (start_request)    = 227630005.305 ms                        ║
execution-manager  | ║ T2 (end_request)      = 227630759.856 ms                        ║
execution-manager  | ║ T3 (start_result)     = 227633467.947 ms                        ║
execution-manager  | ║ T4 (end_result)       = 227633468.510 ms                        ║
execution-manager  | ╠═══════════════════════════════════════════════════════════════╣
execution-manager  | ║ METRICS:                                                      ║
execution-manager  | ║   Request Latency    =      754.552 ms  (T2 - T1)            ║
execution-manager  | ║   Task Execution     =     2708.091 ms  (T3 - T2)            ║
execution-manager  | ║   Response Latency   =        0.563 ms  (T4 - T3)            ║
execution-manager  | ║   Total End-to-End   =     3463.206 ms  (T4 - T1)            ║
execution-manager  | ║   Network Overhead   =      755.115 ms  (Req + Resp)         ║
execution-manager  | ╚═══════════════════════════════════════════════════════════════╝
execution-manager  | 
execution-manager  | [gRPC Client Async] Stream completed, received 1 responses
execution-manager  | [GRPC THREAD 4] Completed
execution-manager  | [SCHEDULER] ✅ T=25050 ms: Task 4 'sum4' completed with status 2
execution-manager  | [SCHEDULER] 🔕 Timeout disarmed for task 4
execution-manager  | [SCHEDULER] 0 tasks remaining
execution-manager  | 
execution-manager  | [SCHEDULER] 🏁 Iteration 3/50 complete!
execution-manager  | [SCHEDULER] Iteration execution time: 25050 ms
execution-manager  | 
execution-manager  | 
execution-manager  | [SCHEDULER] 🔁 ===== ITERATION 4 / 50 =====
execution-manager  | 
execution-manager  | [SCHEDULER] 🚀 Schedule started at T=0
execution-manager  | 
execution-manager  | [SCHEDULER] 🔄 Entering event loop (NO SLEEP - event-driven!)
execution-manager  | 
execution-manager  | [SCHEDULER] ⏰ T=10000 ms | T_wall=227643468.902 ms: Launching task 1 'sum1' (deadline: 30000 ms)
execution-manager  | [SCHEDULER] 🕐 Timeout armed for task 1 at T=30000 ms (in 20000 ms)
execution-manager  | [GRPC THREAD 1] Starting...
execution-manager  | [EXECUTION MANAGER] ⏱️ T1=227643469.040 ms | Sending gRPC request for task 1 'sum1'
execution-manager  | [gRPC Channel Pool] Reusing existing channel for localhost:50051
execution-manager  | [gRPC Client Async] Calling task 'sum1' at localhost:50051
execution-manager  | [gRPC Client Async] Inputs: {"total_ops": 200, "io_percentage": 50}
execution-manager  | [SCHEDULER] ⏰ T=11537 ms | T_wall=227645005.028 ms: Launching task 2 'sum2' (deadline: 31000 ms)
execution-manager  | [SCHEDULER] 🕐 Timeout armed for task 2 at T=31000 ms (in 19463 ms)
execution-manager  | [GRPC THREAD 2] Starting...
execution-manager  | [EXECUTION MANAGER] ⏱️ T1=227645005.218 ms | Sending gRPC request for task 2 'sum2'
execution-manager  | [gRPC Channel Pool] Reusing existing channel for localhost:50052
execution-manager  | [gRPC Client Async] Calling task 'sum2' at localhost:50052
execution-manager  | [gRPC Client Async] Inputs: {"total_ops": 200, "io_percentage": 50}
execution-manager  | [gRPC Client Async] Response #1 - Status: COMPLETED
execution-manager  | 🎉 [T=15364 ms] Task 1 'sum1' COMPLETED
execution-manager  | [EXECUTION MANAGER] ⏱️ T2=227643469.903 ms | Thread started (server measured)
execution-manager  | [EXECUTION MANAGER] ⏱️ T3=227648831.922 ms | Task completed (server measured)
execution-manager  | [EXECUTION MANAGER] ⏱️ T4=227648832.737 ms | Result received by client
execution-manager  |    [TASK EXECUTION] 5362.020 ms (T3-T2, measured in thread)
execution-manager  |    [RESULT] {"result": 0}
execution-manager  | 
execution-manager  | ╔═══════════════════════════════════════════════════════════════╗
execution-manager  | ║           END-TO-END TIMING MEASUREMENT RECAP                 ║
execution-manager  | ║                   Task 1: sum1                                 
execution-manager  | ╠═══════════════════════════════════════════════════════════════╣
execution-manager  | ║ T1 (start_request)    = 227643469.040 ms                        ║
execution-manager  | ║ T2 (end_request)      = 227643469.903 ms                        ║
execution-manager  | ║ T3 (start_result)     = 227648831.922 ms                        ║
execution-manager  | ║ T4 (end_result)       = 227648832.737 ms                        ║
execution-manager  | ╠═══════════════════════════════════════════════════════════════╣
execution-manager  | ║ METRICS:                                                      ║
execution-manager  | ║   Request Latency    =        0.862 ms  (T2 - T1)            ║
execution-manager  | ║   Task Execution     =     5362.020 ms  (T3 - T2)            ║
execution-manager  | ║   Response Latency   =        0.815 ms  (T4 - T3)            ║
execution-manager  | ║   Total End-to-End   =     5363.697 ms  (T4 - T1)            ║
execution-manager  | ║   Network Overhead   =        1.678 ms  (Req + Resp)         ║
execution-manager  | ╚═══════════════════════════════════════════════════════════════╝
execution-manager  | 
execution-manager  | [SCHEDULER] ✅ T=15364 ms: Task 1 'sum1' completed with status 2
execution-manager  | [SCHEDULER] 🔕 Timeout disarmed for task 1
execution-manager  | [SCHEDULER] 3 tasks remaining
execution-manager  | [gRPC Client Async] Stream completed, received 1 responses
execution-manager  | [GRPC THREAD 1] Completed
execution-manager  | [gRPC Client Async] Response #1 - Status: COMPLETED
execution-manager  | 🎉 [T=15366 ms] Task 2 'sum2' COMPLETED
execution-manager  | [EXECUTION MANAGER] ⏱️ T2=227645813.150 ms | Thread started (server measured)
execution-manager  | [EXECUTION MANAGER] ⏱️ T3=227648833.790 ms | Task completed (server measured)
execution-manager  | [EXECUTION MANAGER] ⏱️ T4=227648834.283 ms | Result received by client
execution-manager  |    [TASK EXECUTION] 3020.640 ms (T3-T2, measured in thread)
execution-manager  |    [RESULT] {"result": 0}
execution-manager  | 
execution-manager  | ╔═══════════════════════════════════════════════════════════════╗
execution-manager  | ║           END-TO-END TIMING MEASUREMENT RECAP                 ║
execution-manager  | ║                   Task 2: sum2                                 
execution-manager  | ╠═══════════════════════════════════════════════════════════════╣
execution-manager  | ║ T1 (start_request)    = 227645005.218 ms                        ║
execution-manager  | ║ T2 (end_request)      = 227645813.150 ms                        ║
execution-manager  | ║ T3 (start_result)     = 227648833.790 ms                        ║
execution-manager  | ║ T4 (end_result)       = 227648834.283 ms                        ║
execution-manager  | ╠═══════════════════════════════════════════════════════════════╣
execution-manager  | ║ METRICS:                                                      ║
execution-manager  | ║   Request Latency    =      807.932 ms  (T2 - T1)            ║
execution-manager  | ║   Task Execution     =     3020.640 ms  (T3 - T2)            ║
execution-manager  | ║   Response Latency   =        0.493 ms  (T4 - T3)            ║
execution-manager  | ║   Total End-to-End   =     3829.065 ms  (T4 - T1)            ║
execution-manager  | ║   Network Overhead   =      808.425 ms  (Req + Resp)         ║
execution-manager  | ╚═══════════════════════════════════════════════════════════════╝
execution-manager  | 
execution-manager  | [gRPC Client Async] Stream completed, received 1 responses
execution-manager  | [GRPC THREAD 2] Completed
execution-manager  | [SCHEDULER] ✅ T=15366 ms: Task 2 'sum2' completed with status 2
execution-manager  | [SCHEDULER] 🔕 Timeout disarmed for task 2
execution-manager  | [SCHEDULER] 2 tasks remaining
execution-manager  | [SCHEDULER] ⏰ T=20000 ms | T_wall=227653468.964 ms: Launching task 3 'sum3' (deadline: 40000 ms)
execution-manager  | [SCHEDULER] 🕐 Timeout armed for task 3 at T=40000 ms (in 19999 ms)
execution-manager  | [GRPC THREAD 3] Starting...
execution-manager  | [EXECUTION MANAGER] ⏱️ T1=227653469.146 ms | Sending gRPC request for task 3 'sum3'
execution-manager  | [gRPC Channel Pool] Reusing existing channel for localhost:50053
execution-manager  | [gRPC Client Async] Calling task 'sum3' at localhost:50053
execution-manager  | [gRPC Client Async] Inputs: {"total_ops": 200, "io_percentage": 50}
execution-manager  | [SCHEDULER] ⏰ T=21537 ms | T_wall=227655005.028 ms: Launching task 4 'sum4' (deadline: 41000 ms)
execution-manager  | [SCHEDULER] 🕐 Timeout armed for task 4 at T=41000 ms (in 19463 ms)
execution-manager  | [GRPC THREAD 4] Starting...
execution-manager  | [EXECUTION MANAGER] ⏱️ T1=227655005.231 ms | Sending gRPC request for task 4 'sum4'
execution-manager  | [gRPC Channel Pool] Reusing existing channel for localhost:50054
execution-manager  | [gRPC Client Async] Calling task 'sum4' at localhost:50054
execution-manager  | [gRPC Client Async] Inputs: {"total_ops": 200, "io_percentage": 50}
execution-manager  | [gRPC Client Async] Response #1 - Status: COMPLETED
execution-manager  | 🎉 [T=25043 ms] Task 3 'sum3' COMPLETED
execution-manager  | [EXECUTION MANAGER] ⏱️ T2=227653470.114 ms | Thread started (server measured)
execution-manager  | [EXECUTION MANAGER] ⏱️ T3=227658510.404 ms | Task completed (server measured)
execution-manager  | [EXECUTION MANAGER] ⏱️ T4=227658511.126 ms | Result received by client
execution-manager  |    [TASK EXECUTION] 5040.291 ms (T3-T2, measured in thread)
execution-manager  |    [RESULT] {"result": 0}
execution-manager  | 
execution-manager  | ╔═══════════════════════════════════════════════════════════════╗
execution-manager  | ║           END-TO-END TIMING MEASUREMENT RECAP                 ║
execution-manager  | ║                   Task 3: sum3                                 
execution-manager  | ╠═══════════════════════════════════════════════════════════════╣
execution-manager  | ║ T1 (start_request)    = 227653469.146 ms                        ║
execution-manager  | ║ T2 (end_request)      = 227653470.114 ms                        ║
execution-manager  | ║ T3 (start_result)     = 227658510.404 ms                        ║
execution-manager  | ║ T4 (end_result)       = 227658511.126 ms                        ║
execution-manager  | ╠═══════════════════════════════════════════════════════════════╣
execution-manager  | ║ METRICS:                                                      ║
execution-manager  | ║   Request Latency    =        0.967 ms  (T2 - T1)            ║
execution-manager  | ║   Task Execution     =     5040.291 ms  (T3 - T2)            ║
execution-manager  | ║   Response Latency   =        0.722 ms  (T4 - T3)            ║
execution-manager  | ║   Total End-to-End   =     5041.980 ms  (T4 - T1)            ║
execution-manager  | ║   Network Overhead   =        1.689 ms  (Req + Resp)         ║
execution-manager  | ╚═══════════════════════════════════════════════════════════════╝
execution-manager  | 
execution-manager  | [SCHEDULER] ✅ T=25043 ms: Task 3 'sum3' completed with status 2
execution-manager  | [SCHEDULER] 🔕 Timeout disarmed for task 3
execution-manager  | [SCHEDULER] 1 tasks remaining
execution-manager  | [gRPC Client Async] Stream completed, received 1 responses
execution-manager  | [GRPC THREAD 3] Completed
execution-manager  | [gRPC Client Async] Response #1 - Status: COMPLETED
execution-manager  | 🎉 [T=25044 ms] Task 4 'sum4' COMPLETED
execution-manager  | [EXECUTION MANAGER] ⏱️ T2=227655810.428 ms | Thread started (server measured)
execution-manager  | [EXECUTION MANAGER] ⏱️ T3=227658511.936 ms | Task completed (server measured)
execution-manager  | [EXECUTION MANAGER] ⏱️ T4=227658512.460 ms | Result received by client
execution-manager  |    [TASK EXECUTION] 2701.508 ms (T3-T2, measured in thread)
execution-manager  |    [RESULT] {"result": 0}
execution-manager  | 
execution-manager  | ╔═══════════════════════════════════════════════════════════════╗
execution-manager  | ║           END-TO-END TIMING MEASUREMENT RECAP                 ║
execution-manager  | ║                   Task 4: sum4                                 
execution-manager  | ╠═══════════════════════════════════════════════════════════════╣
execution-manager  | ║ T1 (start_request)    = 227655005.231 ms                        ║
execution-manager  | ║ T2 (end_request)      = 227655810.428 ms                        ║
execution-manager  | ║ T3 (start_result)     = 227658511.936 ms                        ║
execution-manager  | ║ T4 (end_result)       = 227658512.460 ms                        ║
execution-manager  | ╠═══════════════════════════════════════════════════════════════╣
execution-manager  | ║ METRICS:                                                      ║
execution-manager  | ║   Request Latency    =      805.197 ms  (T2 - T1)            ║
execution-manager  | ║   Task Execution     =     2701.508 ms  (T3 - T2)            ║
execution-manager  | ║   Response Latency   =        0.524 ms  (T4 - T3)            ║
execution-manager  | ║   Total End-to-End   =     3507.229 ms  (T4 - T1)            ║
execution-manager  | ║   Network Overhead   =      805.721 ms  (Req + Resp)         ║
execution-manager  | ╚═══════════════════════════════════════════════════════════════╝
execution-manager  | 
execution-manager  | [gRPC Client Async] Stream completed, received 1 responses
execution-manager  | [GRPC THREAD 4] Completed
execution-manager  | [SCHEDULER] ✅ T=25044 ms: Task 4 'sum4' completed with status 2
execution-manager  | [SCHEDULER] 🔕 Timeout disarmed for task 4
execution-manager  | [SCHEDULER] 0 tasks remaining
execution-manager  | 
execution-manager  | [SCHEDULER] 🏁 Iteration 4/50 complete!
execution-manager  | [SCHEDULER] Iteration execution time: 25044 ms
execution-manager  | 
execution-manager  | 
execution-manager  | [SCHEDULER] 🔁 ===== ITERATION 5 / 50 =====
execution-manager  | 
execution-manager  | [SCHEDULER] 🚀 Schedule started at T=0
execution-manager  | 
execution-manager  | [SCHEDULER] 🔄 Entering event loop (NO SLEEP - event-driven!)
execution-manager  | 
execution-manager  | [SCHEDULER] ⏰ T=10000 ms | T_wall=227668512.856 ms: Launching task 1 'sum1' (deadline: 30000 ms)
execution-manager  | [SCHEDULER] 🕐 Timeout armed for task 1 at T=30000 ms (in 20000 ms)
execution-manager  | [GRPC THREAD 1] Starting...
execution-manager  | [EXECUTION MANAGER] ⏱️ T1=227668512.974 ms | Sending gRPC request for task 1 'sum1'
execution-manager  | [gRPC Channel Pool] Reusing existing channel for localhost:50051
execution-manager  | [gRPC Client Async] Calling task 'sum1' at localhost:50051
execution-manager  | [gRPC Client Async] Inputs: {"total_ops": 200, "io_percentage": 50}
execution-manager  | [SCHEDULER] ⏰ T=11493 ms | T_wall=227670005.029 ms: Launching task 2 'sum2' (deadline: 31000 ms)
execution-manager  | [SCHEDULER] 🕐 Timeout armed for task 2 at T=31000 ms (in 19507 ms)
execution-manager  | [GRPC THREAD 2] Starting...
execution-manager  | [EXECUTION MANAGER] ⏱️ T1=227670005.231 ms | Sending gRPC request for task 2 'sum2'
execution-manager  | [gRPC Channel Pool] Reusing existing channel for localhost:50052
execution-manager  | [gRPC Client Async] Calling task 'sum2' at localhost:50052
execution-manager  | [gRPC Client Async] Inputs: {"total_ops": 200, "io_percentage": 50}
execution-manager  | [gRPC Client Async] Response #1 - Status: COMPLETED
execution-manager  | 🎉 [T=15042 ms] Task 1 'sum1' COMPLETED
execution-manager  | [EXECUTION MANAGER] ⏱️ T2=227668516.013 ms | Thread started (server measured)
execution-manager  | [EXECUTION MANAGER] ⏱️ T3=227673553.742 ms | Task completed (server measured)
execution-manager  | [EXECUTION MANAGER] ⏱️ T4=227673554.424 ms | Result received by client
execution-manager  |    [TASK EXECUTION] 5037.729 ms (T3-T2, measured in thread)
execution-manager  |    [RESULT] {"result": 0}
execution-manager  | 
execution-manager  | ╔═══════════════════════════════════════════════════════════════╗
execution-manager  | ║           END-TO-END TIMING MEASUREMENT RECAP                 ║
execution-manager  | ║                   Task 1: sum1                                 
execution-manager  | ╠═══════════════════════════════════════════════════════════════╣
execution-manager  | ║ T1 (start_request)    = 227668512.974 ms                        ║
execution-manager  | ║ T2 (end_request)      = 227668516.013 ms                        ║
execution-manager  | ║ T3 (start_result)     = 227673553.742 ms                        ║
execution-manager  | ║ T4 (end_result)       = 227673554.424 ms                        ║
execution-manager  | ╠═══════════════════════════════════════════════════════════════╣
execution-manager  | ║ METRICS:                                                      ║
execution-manager  | ║   Request Latency    =        3.039 ms  (T2 - T1)            ║
execution-manager  | ║   Task Execution     =     5037.729 ms  (T3 - T2)            ║
execution-manager  | ║   Response Latency   =        0.682 ms  (T4 - T3)            ║
execution-manager  | ║   Total End-to-End   =     5041.450 ms  (T4 - T1)            ║
execution-manager  | ║   Network Overhead   =        3.721 ms  (Req + Resp)         ║
execution-manager  | ╚═══════════════════════════════════════════════════════════════╝
execution-manager  | 
execution-manager  | [SCHEDULER] ✅ T=15042 ms: Task 1 'sum1' completed with status 2
execution-manager  | [SCHEDULER] 🔕 Timeout disarmed for task 1
execution-manager  | [SCHEDULER] 3 tasks remaining
execution-manager  | [gRPC Client Async] Stream completed, received 1 responses
execution-manager  | [GRPC THREAD 1] Completed
execution-manager  | [gRPC Client Async] Response #1 - Status: COMPLETED
execution-manager  | 🎉 [T=15043 ms] Task 2 'sum2' COMPLETED
execution-manager  | [EXECUTION MANAGER] ⏱️ T2=227670858.566 ms | Thread started (server measured)
execution-manager  | [EXECUTION MANAGER] ⏱️ T3=227673555.388 ms | Task completed (server measured)
execution-manager  | [EXECUTION MANAGER] ⏱️ T4=227673555.867 ms | Result received by client
execution-manager  |    [TASK EXECUTION] 2696.822 ms (T3-T2, measured in thread)
execution-manager  |    [RESULT] {"result": 0}
execution-manager  | 
execution-manager  | ╔═══════════════════════════════════════════════════════════════╗
execution-manager  | ║           END-TO-END TIMING MEASUREMENT RECAP                 ║
execution-manager  | ║                   Task 2: sum2                                 
execution-manager  | ╠═══════════════════════════════════════════════════════════════╣
execution-manager  | ║ T1 (start_request)    = 227670005.231 ms                        ║
execution-manager  | ║ T2 (end_request)      = 227670858.566 ms                        ║
execution-manager  | ║ T3 (start_result)     = 227673555.388 ms                        ║
execution-manager  | ║ T4 (end_result)       = 227673555.867 ms                        ║
execution-manager  | ╠═══════════════════════════════════════════════════════════════╣
execution-manager  | ║ METRICS:                                                      ║
execution-manager  | ║   Request Latency    =      853.335 ms  (T2 - T1)            ║
execution-manager  | ║   Task Execution     =     2696.822 ms  (T3 - T2)            ║
execution-manager  | ║   Response Latency   =        0.479 ms  (T4 - T3)            ║
execution-manager  | ║   Total End-to-End   =     3550.636 ms  (T4 - T1)            ║
execution-manager  | ║   Network Overhead   =      853.814 ms  (Req + Resp)         ║
execution-manager  | ╚═══════════════════════════════════════════════════════════════╝
execution-manager  | 
execution-manager  | [gRPC Client Async] Stream completed, received 1 responses
execution-manager  | [GRPC THREAD 2] Completed
execution-manager  | [SCHEDULER] ✅ T=15044 ms: Task 2 'sum2' completed with status 2
execution-manager  | [SCHEDULER] 🔕 Timeout disarmed for task 2
execution-manager  | [SCHEDULER] 2 tasks remaining
execution-manager  | [SCHEDULER] ⏰ T=20000 ms | T_wall=227678512.912 ms: Launching task 3 'sum3' (deadline: 40000 ms)
execution-manager  | [SCHEDULER] 🕐 Timeout armed for task 3 at T=40000 ms (in 19999 ms)
execution-manager  | [GRPC THREAD 3] Starting...
execution-manager  | [EXECUTION MANAGER] ⏱️ T1=227678513.052 ms | Sending gRPC request for task 3 'sum3'
execution-manager  | [gRPC Channel Pool] Reusing existing channel for localhost:50053
execution-manager  | [gRPC Client Async] Calling task 'sum3' at localhost:50053
execution-manager  | [gRPC Client Async] Inputs: {"total_ops": 200, "io_percentage": 50}
execution-manager  | [SCHEDULER] ⏰ T=21493 ms | T_wall=227680005.253 ms: Launching task 4 'sum4' (deadline: 41000 ms)
execution-manager  | [SCHEDULER] 🕐 Timeout armed for task 4 at T=41000 ms (in 19507 ms)
execution-manager  | [GRPC THREAD 4] Starting...
execution-manager  | [EXECUTION MANAGER] ⏱️ T1=227680005.512 ms | Sending gRPC request for task 4 'sum4'
execution-manager  | [gRPC Channel Pool] Reusing existing channel for localhost:50054
execution-manager  | [gRPC Client Async] Calling task 'sum4' at localhost:50054
execution-manager  | [gRPC Client Async] Inputs: {"total_ops": 200, "io_percentage": 50}
execution-manager  | [gRPC Client Async] Response #1 - Status: COMPLETED
execution-manager  | 🎉 [T=24976 ms] Task 3 'sum3' COMPLETED
execution-manager  | [EXECUTION MANAGER] ⏱️ T2=227678514.146 ms | Thread started (server measured)
execution-manager  | [EXECUTION MANAGER] ⏱️ T3=227683488.213 ms | Task completed (server measured)
execution-manager  | [EXECUTION MANAGER] ⏱️ T4=227683488.862 ms | Result received by client
execution-manager  |    [TASK EXECUTION] 4974.067 ms (T3-T2, measured in thread)
execution-manager  |    [RESULT] {"result": 0}
execution-manager  | 
execution-manager  | ╔═══════════════════════════════════════════════════════════════╗
execution-manager  | ║           END-TO-END TIMING MEASUREMENT RECAP                 ║
execution-manager  | ║                   Task 3: sum3                                 
execution-manager  | ╠═══════════════════════════════════════════════════════════════╣
execution-manager  | ║ T1 (start_request)    = 227678513.052 ms                        ║
execution-manager  | ║ T2 (end_request)      = 227678514.146 ms                        ║
execution-manager  | ║ T3 (start_result)     = 227683488.213 ms                        ║
execution-manager  | ║ T4 (end_result)       = 227683488.862 ms                        ║
execution-manager  | ╠═══════════════════════════════════════════════════════════════╣
execution-manager  | ║ METRICS:                                                      ║
execution-manager  | ║   Request Latency    =        1.095 ms  (T2 - T1)            ║
execution-manager  | ║   Task Execution     =     4974.067 ms  (T3 - T2)            ║
execution-manager  | ║   Response Latency   =        0.650 ms  (T4 - T3)            ║
execution-manager  | ║   Total End-to-End   =     4975.811 ms  (T4 - T1)            ║
execution-manager  | ║   Network Overhead   =        1.744 ms  (Req + Resp)         ║
execution-manager  | ╚═══════════════════════════════════════════════════════════════╝
execution-manager  | 
execution-manager  | [SCHEDULER] ✅ T=24977 ms: Task 3 'sum3' completed with status 2
execution-manager  | [SCHEDULER] 🔕 Timeout disarmed for task 3
execution-manager  | [SCHEDULER] 1 tasks remaining
execution-manager  | [gRPC Client Async] Stream completed, received 1 responses
execution-manager  | [GRPC THREAD 3] Completed
execution-manager  | [gRPC Client Async] Response #1 - Status: COMPLETED
execution-manager  | 🎉 [T=24980 ms] Task 4 'sum4' COMPLETED
execution-manager  | [EXECUTION MANAGER] ⏱️ T2=227680856.470 ms | Thread started (server measured)
execution-manager  | [EXECUTION MANAGER] ⏱️ T3=227683491.885 ms | Task completed (server measured)
execution-manager  | [EXECUTION MANAGER] ⏱️ T4=227683492.371 ms | Result received by client
execution-manager  |    [TASK EXECUTION] 2635.415 ms (T3-T2, measured in thread)
execution-manager  |    [RESULT] {"result": 0}
execution-manager  | 
execution-manager  | ╔═══════════════════════════════════════════════════════════════╗
execution-manager  | ║           END-TO-END TIMING MEASUREMENT RECAP                 ║
execution-manager  | ║                   Task 4: sum4                                 
execution-manager  | ╠═══════════════════════════════════════════════════════════════╣
execution-manager  | ║ T1 (start_request)    = 227680005.512 ms                        ║
execution-manager  | ║ T2 (end_request)      = 227680856.470 ms                        ║
execution-manager  | ║ T3 (start_result)     = 227683491.885 ms                        ║
execution-manager  | ║ T4 (end_result)       = 227683492.371 ms                        ║
execution-manager  | ╠═══════════════════════════════════════════════════════════════╣
execution-manager  | ║ METRICS:                                                      ║
execution-manager  | ║   Request Latency    =      850.958 ms  (T2 - T1)            ║
execution-manager  | ║   Task Execution     =     2635.415 ms  (T3 - T2)            ║
execution-manager  | ║   Response Latency   =        0.486 ms  (T4 - T3)            ║
execution-manager  | ║   Total End-to-End   =     3486.859 ms  (T4 - T1)            ║
execution-manager  | ║   Network Overhead   =      851.444 ms  (Req + Resp)         ║
execution-manager  | ╚═══════════════════════════════════════════════════════════════╝
execution-manager  | 
execution-manager  | [gRPC Client Async] Stream completed, received 1 responses
execution-manager  | [GRPC THREAD 4] Completed
execution-manager  | [SCHEDULER] ✅ T=24980 ms: Task 4 'sum4' completed with status 2
execution-manager  | [SCHEDULER] 🔕 Timeout disarmed for task 4
execution-manager  | [SCHEDULER] 0 tasks remaining
execution-manager  | 
execution-manager  | [SCHEDULER] 🏁 Iteration 5/50 complete!
execution-manager  | [SCHEDULER] Iteration execution time: 24980 ms
execution-manager  | 
execution-manager  | 
execution-manager  | [SCHEDULER] 🔁 ===== ITERATION 6 / 50 =====
execution-manager  | 
execution-manager  | [SCHEDULER] 🚀 Schedule started at T=0
execution-manager  | 
execution-manager  | [SCHEDULER] 🔄 Entering event loop (NO SLEEP - event-driven!)
execution-manager  | 
execution-manager  | [SCHEDULER] ⏰ T=10000 ms | T_wall=227693492.814 ms: Launching task 1 'sum1' (deadline: 30000 ms)
execution-manager  | [SCHEDULER] 🕐 Timeout armed for task 1 at T=30000 ms (in 20000 ms)
execution-manager  | [GRPC THREAD 1] Starting...
execution-manager  | [EXECUTION MANAGER] ⏱️ T1=227693492.942 ms | Sending gRPC request for task 1 'sum1'
execution-manager  | [gRPC Channel Pool] Reusing existing channel for localhost:50051
execution-manager  | [gRPC Client Async] Calling task 'sum1' at localhost:50051
execution-manager  | [gRPC Client Async] Inputs: {"total_ops": 200, "io_percentage": 50}
execution-manager  | [SCHEDULER] ⏰ T=12342 ms | T_wall=227695834.011 ms: Launching task 2 'sum2' (deadline: 31000 ms)
execution-manager  | [SCHEDULER] 🕐 Timeout armed for task 2 at T=31000 ms (in 18658 ms)
execution-manager  | [GRPC THREAD 2] Starting...
execution-manager  | [EXECUTION MANAGER] ⏱️ T1=227695834.176 ms | Sending gRPC request for task 2 'sum2'
execution-manager  | [gRPC Channel Pool] Reusing existing channel for localhost:50052
execution-manager  | [gRPC Client Async] Calling task 'sum2' at localhost:50052
execution-manager  | [gRPC Client Async] Inputs: {"total_ops": 200, "io_percentage": 50}
execution-manager  | [gRPC Client Async] Response #1 - Status: COMPLETED
execution-manager  | 🎉 [T=14949 ms] Task 1 'sum1' COMPLETED
execution-manager  | [EXECUTION MANAGER] ⏱️ T2=227693494.169 ms | Thread started (server measured)
execution-manager  | [EXECUTION MANAGER] ⏱️ T3=227698441.266 ms | Task completed (server measured)
execution-manager  | [EXECUTION MANAGER] ⏱️ T4=227698441.918 ms | Result received by client
execution-manager  |    [TASK EXECUTION] 4947.097 ms (T3-T2, measured in thread)
execution-manager  |    [RESULT] {"result": 0}
execution-manager  | 
execution-manager  | ╔═══════════════════════════════════════════════════════════════╗
execution-manager  | ║           END-TO-END TIMING MEASUREMENT RECAP                 ║
execution-manager  | ║                   Task 1: sum1                                 
execution-manager  | ╠═══════════════════════════════════════════════════════════════╣
execution-manager  | ║ T1 (start_request)    = 227693492.942 ms                        ║
execution-manager  | ║ T2 (end_request)      = 227693494.169 ms                        ║
execution-manager  | ║ T3 (start_result)     = 227698441.266 ms                        ║
execution-manager  | ║ T4 (end_result)       = 227698441.918 ms                        ║
execution-manager  | ╠═══════════════════════════════════════════════════════════════╣
execution-manager  | ║ METRICS:                                                      ║
execution-manager  | ║   Request Latency    =        1.227 ms  (T2 - T1)            ║
execution-manager  | ║   Task Execution     =     4947.097 ms  (T3 - T2)            ║
execution-manager  | ║   Response Latency   =        0.652 ms  (T4 - T3)            ║
execution-manager  | ║   Total End-to-End   =     4948.975 ms  (T4 - T1)            ║
execution-manager  | ║   Network Overhead   =        1.879 ms  (Req + Resp)         ║
execution-manager  | ╚═══════════════════════════════════════════════════════════════╝
execution-manager  | 
execution-manager  | [SCHEDULER] ✅ T=14950 ms: Task 1 'sum1' completed with status 2
execution-manager  | [SCHEDULER] 🔕 Timeout disarmed for task 1
execution-manager  | [SCHEDULER] 3 tasks remaining
execution-manager  | [gRPC Client Async] Stream completed, received 1 responses
execution-manager  | [GRPC THREAD 1] Completed
execution-manager  | [gRPC Client Async] Response #1 - Status: COMPLETED
execution-manager  | 🎉 [T=14952 ms] Task 2 'sum2' COMPLETED
execution-manager  | [EXECUTION MANAGER] ⏱️ T2=227695837.481 ms | Thread started (server measured)
execution-manager  | [EXECUTION MANAGER] ⏱️ T3=227698443.547 ms | Task completed (server measured)
execution-manager  | [EXECUTION MANAGER] ⏱️ T4=227698444.017 ms | Result received by client
execution-manager  |    [TASK EXECUTION] 2606.066 ms (T3-T2, measured in thread)
execution-manager  |    [RESULT] {"result": 0}
execution-manager  | 
execution-manager  | ╔═══════════════════════════════════════════════════════════════╗
execution-manager  | ║           END-TO-END TIMING MEASUREMENT RECAP                 ║
execution-manager  | ║                   Task 2: sum2                                 
execution-manager  | ╠═══════════════════════════════════════════════════════════════╣
execution-manager  | ║ T1 (start_request)    = 227695834.176 ms                        ║
execution-manager  | ║ T2 (end_request)      = 227695837.481 ms                        ║
execution-manager  | ║ T3 (start_result)     = 227698443.547 ms                        ║
execution-manager  | ║ T4 (end_result)       = 227698444.017 ms                        ║
execution-manager  | ╠═══════════════════════════════════════════════════════════════╣
execution-manager  | ║ METRICS:                                                      ║
execution-manager  | ║   Request Latency    =        3.305 ms  (T2 - T1)            ║
execution-manager  | ║   Task Execution     =     2606.066 ms  (T3 - T2)            ║
execution-manager  | ║   Response Latency   =        0.470 ms  (T4 - T3)            ║
execution-manager  | ║   Total End-to-End   =     2609.841 ms  (T4 - T1)            ║
execution-manager  | ║   Network Overhead   =        3.775 ms  (Req + Resp)         ║
execution-manager  | ╚═══════════════════════════════════════════════════════════════╝
execution-manager  | 
execution-manager  | [gRPC Client Async] Stream completed, received 1 responses
execution-manager  | [GRPC THREAD 2] Completed
execution-manager  | [SCHEDULER] ✅ T=14952 ms: Task 2 'sum2' completed with status 2
execution-manager  | [SCHEDULER] 🔕 Timeout disarmed for task 2
execution-manager  | [SCHEDULER] 2 tasks remaining
execution-manager  | [SCHEDULER] ⏰ T=20000 ms | T_wall=227703492.869 ms: Launching task 3 'sum3' (deadline: 40000 ms)
execution-manager  | [SCHEDULER] 🕐 Timeout armed for task 3 at T=40000 ms (in 20000 ms)
execution-manager  | [GRPC THREAD 3] Starting...
execution-manager  | [EXECUTION MANAGER] ⏱️ T1=227703493.013 ms | Sending gRPC request for task 3 'sum3'
execution-manager  | [gRPC Channel Pool] Reusing existing channel for localhost:50053
execution-manager  | [gRPC Client Async] Calling task 'sum3' at localhost:50053
execution-manager  | [gRPC Client Async] Inputs: {"total_ops": 200, "io_percentage": 50}
execution-manager  | [SCHEDULER] ⏰ T=21513 ms | T_wall=227705005.028 ms: Launching task 4 'sum4' (deadline: 41000 ms)
execution-manager  | [SCHEDULER] 🕐 Timeout armed for task 4 at T=41000 ms (in 19487 ms)
execution-manager  | [GRPC THREAD 4] Starting...
execution-manager  | [EXECUTION MANAGER] ⏱️ T1=227705005.186 ms | Sending gRPC request for task 4 'sum4'
execution-manager  | [gRPC Channel Pool] Reusing existing channel for localhost:50054
execution-manager  | [gRPC Client Async] Calling task 'sum4' at localhost:50054
execution-manager  | [gRPC Client Async] Inputs: {"total_ops": 200, "io_percentage": 50}
execution-manager  | [gRPC Client Async] Response #1 - Status: COMPLETED
execution-manager  | 🎉 [T=25040 ms] Task 3 'sum3' COMPLETED
execution-manager  | [EXECUTION MANAGER] ⏱️ T2=227703493.938 ms | Thread started (server measured)
execution-manager  | [EXECUTION MANAGER] ⏱️ T3=227708532.109 ms | Task completed (server measured)
execution-manager  | [EXECUTION MANAGER] ⏱️ T4=227708532.729 ms | Result received by client
execution-manager  |    [TASK EXECUTION] 5038.170 ms (T3-T2, measured in thread)
execution-manager  |    [RESULT] {"result": 0}
execution-manager  | 
execution-manager  | ╔═══════════════════════════════════════════════════════════════╗
execution-manager  | ║           END-TO-END TIMING MEASUREMENT RECAP                 ║
execution-manager  | ║                   Task 3: sum3                                 
execution-manager  | ╠═══════════════════════════════════════════════════════════════╣
execution-manager  | ║ T1 (start_request)    = 227703493.013 ms                        ║
execution-manager  | ║ T2 (end_request)      = 227703493.938 ms                        ║
execution-manager  | ║ T3 (start_result)     = 227708532.109 ms                        ║
execution-manager  | ║ T4 (end_result)       = 227708532.729 ms                        ║
execution-manager  | ╠═══════════════════════════════════════════════════════════════╣
execution-manager  | ║ METRICS:                                                      ║
execution-manager  | ║   Request Latency    =        0.926 ms  (T2 - T1)            ║
execution-manager  | ║   Task Execution     =     5038.170 ms  (T3 - T2)            ║
execution-manager  | ║   Response Latency   =        0.620 ms  (T4 - T3)            ║
execution-manager  | ║   Total End-to-End   =     5039.716 ms  (T4 - T1)            ║
execution-manager  | ║   Network Overhead   =        1.546 ms  (Req + Resp)         ║
execution-manager  | ╚═══════════════════════════════════════════════════════════════╝
execution-manager  | 
execution-manager  | [SCHEDULER] ✅ T=25040 ms: Task 3 'sum3' completed with status 2
execution-manager  | [SCHEDULER] 🔕 Timeout disarmed for task 3
execution-manager  | [SCHEDULER] 1 tasks remaining
execution-manager  | [gRPC Client Async] Stream completed, received 1 responses
execution-manager  | [GRPC THREAD 3] Completed
execution-manager  | [gRPC Client Async] Response #1 - Status: COMPLETED
execution-manager  | 🎉 [T=25041 ms] Task 4 'sum4' COMPLETED
execution-manager  | [EXECUTION MANAGER] ⏱️ T2=227705835.483 ms | Thread started (server measured)
execution-manager  | [EXECUTION MANAGER] ⏱️ T3=227708533.582 ms | Task completed (server measured)
execution-manager  | [EXECUTION MANAGER] ⏱️ T4=227708533.999 ms | Result received by client
execution-manager  |    [TASK EXECUTION] 2698.099 ms (T3-T2, measured in thread)
execution-manager  |    [RESULT] {"result": 0}
execution-manager  | 
execution-manager  | ╔═══════════════════════════════════════════════════════════════╗
execution-manager  | ║           END-TO-END TIMING MEASUREMENT RECAP                 ║
execution-manager  | ║                   Task 4: sum4                                 
execution-manager  | ╠═══════════════════════════════════════════════════════════════╣
execution-manager  | ║ T1 (start_request)    = 227705005.186 ms                        ║
execution-manager  | ║ T2 (end_request)      = 227705835.483 ms                        ║
execution-manager  | ║ T3 (start_result)     = 227708533.582 ms                        ║
execution-manager  | ║ T4 (end_result)       = 227708533.999 ms                        ║
execution-manager  | ╠═══════════════════════════════════════════════════════════════╣
execution-manager  | ║ METRICS:                                                      ║
execution-manager  | ║   Request Latency    =      830.297 ms  (T2 - T1)            ║
execution-manager  | ║   Task Execution     =     2698.099 ms  (T3 - T2)            ║
execution-manager  | ║   Response Latency   =        0.417 ms  (T4 - T3)            ║
execution-manager  | ║   Total End-to-End   =     3528.813 ms  (T4 - T1)            ║
execution-manager  | ║   Network Overhead   =      830.714 ms  (Req + Resp)         ║
execution-manager  | ╚═══════════════════════════════════════════════════════════════╝
execution-manager  | 
execution-manager  | [gRPC Client Async] Stream completed, received 1 responses
execution-manager  | [GRPC THREAD 4] Completed
execution-manager  | [SCHEDULER] ✅ T=25042 ms: Task 4 'sum4' completed with status 2
execution-manager  | [SCHEDULER] 🔕 Timeout disarmed for task 4
execution-manager  | [SCHEDULER] 0 tasks remaining
execution-manager  | 
execution-manager  | [SCHEDULER] 🏁 Iteration 6/50 complete!
execution-manager  | [SCHEDULER] Iteration execution time: 25042 ms
execution-manager  | 
execution-manager  | 
execution-manager  | [SCHEDULER] 🔁 ===== ITERATION 7 / 50 =====
execution-manager  | 
execution-manager  | [SCHEDULER] 🚀 Schedule started at T=0
execution-manager  | 
execution-manager  | [SCHEDULER] 🔄 Entering event loop (NO SLEEP - event-driven!)
execution-manager  | 
execution-manager  | [SCHEDULER] ⏰ T=10000 ms | T_wall=227718534.388 ms: Launching task 1 'sum1' (deadline: 30000 ms)
execution-manager  | [SCHEDULER] 🕐 Timeout armed for task 1 at T=30000 ms (in 20000 ms)
execution-manager  | [GRPC THREAD 1] Starting...
execution-manager  | [EXECUTION MANAGER] ⏱️ T1=227718534.549 ms | Sending gRPC request for task 1 'sum1'
execution-manager  | [gRPC Channel Pool] Reusing existing channel for localhost:50051
execution-manager  | [gRPC Client Async] Calling task 'sum1' at localhost:50051
execution-manager  | [gRPC Client Async] Inputs: {"total_ops": 200, "io_percentage": 50}
execution-manager  | [SCHEDULER] ⏰ T=12341 ms | T_wall=227720875.218 ms: Launching task 2 'sum2' (deadline: 31000 ms)
execution-manager  | [SCHEDULER] 🕐 Timeout armed for task 2 at T=31000 ms (in 18659 ms)
execution-manager  | [GRPC THREAD 2] Starting...
execution-manager  | [EXECUTION MANAGER] ⏱️ T1=227720875.390 ms | Sending gRPC request for task 2 'sum2'
execution-manager  | [gRPC Channel Pool] Reusing existing channel for localhost:50052
execution-manager  | [gRPC Client Async] Calling task 'sum2' at localhost:50052
execution-manager  | [gRPC Client Async] Inputs: {"total_ops": 200, "io_percentage": 50}
execution-manager  | [gRPC Client Async] Response #1 - Status: COMPLETED
execution-manager  | 🎉 [T=15041 ms] Task 1 'sum1' COMPLETED
execution-manager  | [EXECUTION MANAGER] ⏱️ T2=227718535.437 ms | Thread started (server measured)
execution-manager  | [EXECUTION MANAGER] ⏱️ T3=227723574.134 ms | Task completed (server measured)
execution-manager  | [EXECUTION MANAGER] ⏱️ T4=227723575.214 ms | Result received by client
execution-manager  |    [TASK EXECUTION] 5038.697 ms (T3-T2, measured in thread)
execution-manager  |    [RESULT] {"result": 0}
execution-manager  | 
execution-manager  | ╔═══════════════════════════════════════════════════════════════╗
execution-manager  | ║           END-TO-END TIMING MEASUREMENT RECAP                 ║
execution-manager  | ║                   Task 1: sum1                                 
execution-manager  | ╠═══════════════════════════════════════════════════════════════╣
execution-manager  | ║ T1 (start_request)    = 227718534.549 ms                        ║
execution-manager  | ║ T2 (end_request)      = 227718535.437 ms                        ║
execution-manager  | ║ T3 (start_result)     = 227723574.134 ms                        ║
execution-manager  | ║ T4 (end_result)       = 227723575.214 ms                        ║
execution-manager  | ╠═══════════════════════════════════════════════════════════════╣
execution-manager  | ║ METRICS:                                                      ║
execution-manager  | ║   Request Latency    =        0.888 ms  (T2 - T1)            ║
execution-manager  | ║   Task Execution     =     5038.697 ms  (T3 - T2)            ║
execution-manager  | ║   Response Latency   =        1.079 ms  (T4 - T3)            ║
execution-manager  | ║   Total End-to-End   =     5040.664 ms  (T4 - T1)            ║
execution-manager  | ║   Network Overhead   =        1.967 ms  (Req + Resp)         ║
execution-manager  | ╚═══════════════════════════════════════════════════════════════╝
execution-manager  | 
execution-manager  | [gRPC Client Async] Stream completed, received 1 responses
execution-manager  | [GRPC THREAD 1] Completed
execution-manager  | [SCHEDULER] ✅ T=15041 ms: Task 1 'sum1' completed with status 2
execution-manager  | [SCHEDULER] 🔕 Timeout disarmed for task 1
execution-manager  | [SCHEDULER] 3 tasks remaining
execution-manager  | [gRPC Client Async] Response #1 - Status: COMPLETED
execution-manager  | 🎉 [T=15043 ms] Task 2 'sum2' COMPLETED
execution-manager  | [EXECUTION MANAGER] ⏱️ T2=227720876.537 ms | Thread started (server measured)
execution-manager  | [EXECUTION MANAGER] ⏱️ T3=227723576.211 ms | Task completed (server measured)
execution-manager  | [EXECUTION MANAGER] ⏱️ T4=227723577.072 ms | Result received by client
execution-manager  |    [TASK EXECUTION] 2699.674 ms (T3-T2, measured in thread)
execution-manager  |    [RESULT] {"result": 0}
execution-manager  | 
execution-manager  | ╔═══════════════════════════════════════════════════════════════╗
execution-manager  | ║           END-TO-END TIMING MEASUREMENT RECAP                 ║
execution-manager  | ║                   Task 2: sum2                                 
execution-manager  | ╠═══════════════════════════════════════════════════════════════╣
execution-manager  | ║ T1 (start_request)    = 227720875.390 ms                        ║
execution-manager  | ║ T2 (end_request)      = 227720876.537 ms                        ║
execution-manager  | ║ T3 (start_result)     = 227723576.211 ms                        ║
execution-manager  | ║ T4 (end_result)       = 227723577.072 ms                        ║
execution-manager  | ╠═══════════════════════════════════════════════════════════════╣
execution-manager  | ║ METRICS:                                                      ║
execution-manager  | ║   Request Latency    =        1.147 ms  (T2 - T1)            ║
execution-manager  | ║   Task Execution     =     2699.674 ms  (T3 - T2)            ║
execution-manager  | ║   Response Latency   =        0.862 ms  (T4 - T3)            ║
execution-manager  | ║   Total End-to-End   =     2701.682 ms  (T4 - T1)            ║
execution-manager  | ║   Network Overhead   =        2.008 ms  (Req + Resp)         ║
execution-manager  | ╚═══════════════════════════════════════════════════════════════╝
execution-manager  | 
execution-manager  | [gRPC Client Async] Stream completed, received 1 responses
execution-manager  | [GRPC THREAD 2] Completed
execution-manager  | [SCHEDULER] ✅ T=15043 ms: Task 2 'sum2' completed with status 2
execution-manager  | [SCHEDULER] 🔕 Timeout disarmed for task 2
execution-manager  | [SCHEDULER] 2 tasks remaining
execution-manager  | [SCHEDULER] ⏰ T=20000 ms | T_wall=227728534.447 ms: Launching task 3 'sum3' (deadline: 40000 ms)
execution-manager  | [SCHEDULER] 🕐 Timeout armed for task 3 at T=40000 ms (in 20000 ms)
execution-manager  | [GRPC THREAD 3] Starting...
execution-manager  | [EXECUTION MANAGER] ⏱️ T1=227728534.581 ms | Sending gRPC request for task 3 'sum3'
execution-manager  | [gRPC Channel Pool] Reusing existing channel for localhost:50053
execution-manager  | [gRPC Client Async] Calling task 'sum3' at localhost:50053
execution-manager  | [gRPC Client Async] Inputs: {"total_ops": 200, "io_percentage": 50}
execution-manager  | [SCHEDULER] ⏰ T=21471 ms | T_wall=227730005.029 ms: Launching task 4 'sum4' (deadline: 41000 ms)
execution-manager  | [SCHEDULER] 🕐 Timeout armed for task 4 at T=41000 ms (in 19529 ms)
execution-manager  | [GRPC THREAD 4] Starting...
execution-manager  | [EXECUTION MANAGER] ⏱️ T1=227730005.233 ms | Sending gRPC request for task 4 'sum4'
execution-manager  | [gRPC Channel Pool] Reusing existing channel for localhost:50054
execution-manager  | [gRPC Client Async] Calling task 'sum4' at localhost:50054
execution-manager  | [gRPC Client Async] Inputs: {"total_ops": 200, "io_percentage": 50}
execution-manager  | [gRPC Client Async] Response #1 - Status: COMPLETED
execution-manager  | 🎉 [T=25036 ms] Task 3 'sum3' COMPLETED
execution-manager  | [EXECUTION MANAGER] ⏱️ T2=227728535.608 ms | Thread started (server measured)
execution-manager  | [EXECUTION MANAGER] ⏱️ T3=227733569.877 ms | Task completed (server measured)
execution-manager  | [EXECUTION MANAGER] ⏱️ T4=227733570.813 ms | Result received by client
execution-manager  |    [TASK EXECUTION] 5034.269 ms (T3-T2, measured in thread)
execution-manager  |    [RESULT] {"result": 0}
execution-manager  | 
execution-manager  | ╔═══════════════════════════════════════════════════════════════╗
execution-manager  | ║           END-TO-END TIMING MEASUREMENT RECAP                 ║
execution-manager  | ║                   Task 3: sum3                                 
execution-manager  | ╠═══════════════════════════════════════════════════════════════╣
execution-manager  | ║ T1 (start_request)    = 227728534.581 ms                        ║
execution-manager  | ║ T2 (end_request)      = 227728535.608 ms                        ║
execution-manager  | ║ T3 (start_result)     = 227733569.877 ms                        ║
execution-manager  | ║ T4 (end_result)       = 227733570.813 ms                        ║
execution-manager  | ╠═══════════════════════════════════════════════════════════════╣
execution-manager  | ║ METRICS:                                                      ║
execution-manager  | ║   Request Latency    =        1.027 ms  (T2 - T1)            ║
execution-manager  | ║   Task Execution     =     5034.269 ms  (T3 - T2)            ║
execution-manager  | ║   Response Latency   =        0.935 ms  (T4 - T3)            ║
execution-manager  | ║   Total End-to-End   =     5036.231 ms  (T4 - T1)            ║
execution-manager  | ║   Network Overhead   =        1.962 ms  (Req + Resp)         ║
execution-manager  | ╚═══════════════════════════════════════════════════════════════╝
execution-manager  | 
execution-manager  | [gRPC Client Async] Stream completed, received 1 responses
execution-manager  | [GRPC THREAD 3] Completed
execution-manager  | [SCHEDULER] ✅ T=25037 ms: Task 3 'sum3' completed with status 2
execution-manager  | [SCHEDULER] 🔕 Timeout disarmed for task 3
execution-manager  | [SCHEDULER] 1 tasks remaining
execution-manager  | [gRPC Client Async] Response #1 - Status: COMPLETED
execution-manager  | 🎉 [T=25038 ms] Task 4 'sum4' COMPLETED
execution-manager  | [EXECUTION MANAGER] ⏱️ T2=227730876.248 ms | Thread started (server measured)
execution-manager  | [EXECUTION MANAGER] ⏱️ T3=227733571.625 ms | Task completed (server measured)
execution-manager  | [EXECUTION MANAGER] ⏱️ T4=227733572.064 ms | Result received by client
execution-manager  |    [TASK EXECUTION] 2695.377 ms (T3-T2, measured in thread)
execution-manager  |    [RESULT] {"result": 0}
execution-manager  | 
execution-manager  | ╔═══════════════════════════════════════════════════════════════╗
execution-manager  | ║           END-TO-END TIMING MEASUREMENT RECAP                 ║
execution-manager  | ║                   Task 4: sum4                                 
execution-manager  | ╠═══════════════════════════════════════════════════════════════╣
execution-manager  | ║ T1 (start_request)    = 227730005.233 ms                        ║
execution-manager  | ║ T2 (end_request)      = 227730876.248 ms                        ║
execution-manager  | ║ T3 (start_result)     = 227733571.625 ms                        ║
execution-manager  | ║ T4 (end_result)       = 227733572.064 ms                        ║
execution-manager  | ╠═══════════════════════════════════════════════════════════════╣
execution-manager  | ║ METRICS:                                                      ║
execution-manager  | ║   Request Latency    =      871.014 ms  (T2 - T1)            ║
execution-manager  | ║   Task Execution     =     2695.377 ms  (T3 - T2)            ║
execution-manager  | ║   Response Latency   =        0.440 ms  (T4 - T3)            ║
execution-manager  | ║   Total End-to-End   =     3566.831 ms  (T4 - T1)            ║
execution-manager  | ║   Network Overhead   =      871.454 ms  (Req + Resp)         ║
execution-manager  | ╚═══════════════════════════════════════════════════════════════╝
execution-manager  | 
execution-manager  | [gRPC Client Async] Stream completed, received 1 responses
execution-manager  | [GRPC THREAD 4] Completed
execution-manager  | [SCHEDULER] ✅ T=25038 ms: Task 4 'sum4' completed with status 2
execution-manager  | [SCHEDULER] 🔕 Timeout disarmed for task 4
execution-manager  | [SCHEDULER] 0 tasks remaining
execution-manager  | 
execution-manager  | [SCHEDULER] 🏁 Iteration 7/50 complete!
execution-manager  | [SCHEDULER] Iteration execution time: 25038 ms
execution-manager  | 
execution-manager  | 
execution-manager  | [SCHEDULER] 🔁 ===== ITERATION 8 / 50 =====
execution-manager  | 
execution-manager  | [SCHEDULER] 🚀 Schedule started at T=0
execution-manager  | 
execution-manager  | [SCHEDULER] 🔄 Entering event loop (NO SLEEP - event-driven!)
execution-manager  | 
execution-manager  | [SCHEDULER] ⏰ T=10000 ms | T_wall=227743572.445 ms: Launching task 1 'sum1' (deadline: 30000 ms)
execution-manager  | [SCHEDULER] 🕐 Timeout armed for task 1 at T=30000 ms (in 20000 ms)
execution-manager  | [GRPC THREAD 1] Starting...
execution-manager  | [EXECUTION MANAGER] ⏱️ T1=227743572.570 ms | Sending gRPC request for task 1 'sum1'
execution-manager  | [gRPC Channel Pool] Reusing existing channel for localhost:50051
execution-manager  | [gRPC Client Async] Calling task 'sum1' at localhost:50051
execution-manager  | [gRPC Client Async] Inputs: {"total_ops": 200, "io_percentage": 50}
execution-manager  | [SCHEDULER] ⏰ T=11433 ms | T_wall=227745005.029 ms: Launching task 2 'sum2' (deadline: 31000 ms)
execution-manager  | [SCHEDULER] 🕐 Timeout armed for task 2 at T=31000 ms (in 19567 ms)
execution-manager  | [GRPC THREAD 2] Starting...
execution-manager  | [EXECUTION MANAGER] ⏱️ T1=227745005.184 ms | Sending gRPC request for task 2 'sum2'
execution-manager  | [gRPC Channel Pool] Reusing existing channel for localhost:50052
execution-manager  | [gRPC Client Async] Calling task 'sum2' at localhost:50052
execution-manager  | [gRPC Client Async] Inputs: {"total_ops": 200, "io_percentage": 50}
execution-manager  | [gRPC Client Async] Response #1 - Status: COMPLETED
execution-manager  | 🎉 [T=15059 ms] Task 1 'sum1' COMPLETED
execution-manager  | [EXECUTION MANAGER] ⏱️ T2=227743575.617 ms | Thread started (server measured)
execution-manager  | [EXECUTION MANAGER] ⏱️ T3=227748630.596 ms | Task completed (server measured)
execution-manager  | [EXECUTION MANAGER] ⏱️ T4=227748631.283 ms | Result received by client
execution-manager  |    [TASK EXECUTION] 5054.979 ms (T3-T2, measured in thread)
execution-manager  |    [RESULT] {"result": 0}
execution-manager  | 
execution-manager  | ╔═══════════════════════════════════════════════════════════════╗
execution-manager  | ║           END-TO-END TIMING MEASUREMENT RECAP                 ║
execution-manager  | ║                   Task 1: sum1                                 
execution-manager  | ╠═══════════════════════════════════════════════════════════════╣
execution-manager  | ║ T1 (start_request)    = 227743572.570 ms                        ║
execution-manager  | ║ T2 (end_request)      = 227743575.617 ms                        ║
execution-manager  | ║ T3 (start_result)     = 227748630.596 ms                        ║
execution-manager  | ║ T4 (end_result)       = 227748631.283 ms                        ║
execution-manager  | ╠═══════════════════════════════════════════════════════════════╣
execution-manager  | ║ METRICS:                                                      ║
execution-manager  | ║   Request Latency    =        3.047 ms  (T2 - T1)            ║
execution-manager  | ║   Task Execution     =     5054.979 ms  (T3 - T2)            ║
execution-manager  | ║   Response Latency   =        0.687 ms  (T4 - T3)            ║
execution-manager  | ║   Total End-to-End   =     5058.713 ms  (T4 - T1)            ║
execution-manager  | ║   Network Overhead   =        3.734 ms  (Req + Resp)         ║
execution-manager  | ╚═══════════════════════════════════════════════════════════════╝
execution-manager  | 
execution-manager  | [SCHEDULER] ✅ T=15059 ms: Task 1 'sum1' completed with status 2
execution-manager  | [SCHEDULER] 🔕 Timeout disarmed for task 1
execution-manager  | [SCHEDULER] 3 tasks remaining
execution-manager  | [gRPC Client Async] Stream completed, received 1 responses
execution-manager  | [GRPC THREAD 1] Completed
execution-manager  | [gRPC Client Async] Response #1 - Status: COMPLETED
execution-manager  | 🎉 [T=15061 ms] Task 2 'sum2' COMPLETED
execution-manager  | [EXECUTION MANAGER] ⏱️ T2=227745918.287 ms | Thread started (server measured)
execution-manager  | [EXECUTION MANAGER] ⏱️ T3=227748633.456 ms | Task completed (server measured)
execution-manager  | [EXECUTION MANAGER] ⏱️ T4=227748633.923 ms | Result received by client
execution-manager  |    [TASK EXECUTION] 2715.168 ms (T3-T2, measured in thread)
execution-manager  |    [RESULT] {"result": 0}
execution-manager  | 
execution-manager  | ╔═══════════════════════════════════════════════════════════════╗
execution-manager  | ║           END-TO-END TIMING MEASUREMENT RECAP                 ║
execution-manager  | ║                   Task 2: sum2                                 
execution-manager  | ╠═══════════════════════════════════════════════════════════════╣
execution-manager  | ║ T1 (start_request)    = 227745005.184 ms                        ║
execution-manager  | ║ T2 (end_request)      = 227745918.287 ms                        ║
execution-manager  | ║ T3 (start_result)     = 227748633.456 ms                        ║
execution-manager  | ║ T4 (end_result)       = 227748633.923 ms                        ║
execution-manager  | ╠═══════════════════════════════════════════════════════════════╣
execution-manager  | ║ METRICS:                                                      ║
execution-manager  | ║   Request Latency    =      913.103 ms  (T2 - T1)            ║
execution-manager  | ║   Task Execution     =     2715.168 ms  (T3 - T2)            ║
execution-manager  | ║   Response Latency   =        0.468 ms  (T4 - T3)            ║
execution-manager  | ║   Total End-to-End   =     3628.739 ms  (T4 - T1)            ║
execution-manager  | ║   Network Overhead   =      913.570 ms  (Req + Resp)         ║
execution-manager  | ╚═══════════════════════════════════════════════════════════════╝
execution-manager  | 
execution-manager  | [gRPC Client Async] Stream completed, received 1 responses
execution-manager  | [GRPC THREAD 2] Completed
execution-manager  | [SCHEDULER] ✅ T=15062 ms: Task 2 'sum2' completed with status 2
execution-manager  | [SCHEDULER] 🔕 Timeout disarmed for task 2
execution-manager  | [SCHEDULER] 2 tasks remaining
execution-manager  | [SCHEDULER] ⏰ T=20000 ms | T_wall=227753572.505 ms: Launching task 3 'sum3' (deadline: 40000 ms)
execution-manager  | [SCHEDULER] 🕐 Timeout armed for task 3 at T=40000 ms (in 20000 ms)
execution-manager  | [GRPC THREAD 3] Starting...
execution-manager  | [EXECUTION MANAGER] ⏱️ T1=227753572.635 ms | Sending gRPC request for task 3 'sum3'
execution-manager  | [gRPC Channel Pool] Reusing existing channel for localhost:50053
execution-manager  | [gRPC Client Async] Calling task 'sum3' at localhost:50053
execution-manager  | [gRPC Client Async] Inputs: {"total_ops": 200, "io_percentage": 50}
execution-manager  | [SCHEDULER] ⏰ T=21433 ms | T_wall=227755005.075 ms: Launching task 4 'sum4' (deadline: 41000 ms)
execution-manager  | [SCHEDULER] 🕐 Timeout armed for task 4 at T=41000 ms (in 19567 ms)
execution-manager  | [GRPC THREAD 4] Starting...
execution-manager  | [EXECUTION MANAGER] ⏱️ T1=227755005.231 ms | Sending gRPC request for task 4 'sum4'
execution-manager  | [gRPC Channel Pool] Reusing existing channel for localhost:50054
execution-manager  | [gRPC Client Async] Calling task 'sum4' at localhost:50054
execution-manager  | [gRPC Client Async] Inputs: {"total_ops": 200, "io_percentage": 50}
execution-manager  | [gRPC Client Async] Response #1 - Status: COMPLETED
execution-manager  | 🎉 [T=25036 ms] Task 3 'sum3' COMPLETED
execution-manager  | [EXECUTION MANAGER] ⏱️ T2=227753573.907 ms | Thread started (server measured)
execution-manager  | [EXECUTION MANAGER] ⏱️ T3=227758608.011 ms | Task completed (server measured)
execution-manager  | [EXECUTION MANAGER] ⏱️ T4=227758608.933 ms | Result received by client
execution-manager  |    [TASK EXECUTION] 5034.103 ms (T3-T2, measured in thread)
execution-manager  |    [RESULT] {"result": 0}
execution-manager  | 
execution-manager  | ╔═══════════════════════════════════════════════════════════════╗
execution-manager  | ║           END-TO-END TIMING MEASUREMENT RECAP                 ║
execution-manager  | ║                   Task 3: sum3                                 
execution-manager  | ╠═══════════════════════════════════════════════════════════════╣
execution-manager  | ║ T1 (start_request)    = 227753572.635 ms                        ║
execution-manager  | ║ T2 (end_request)      = 227753573.907 ms                        ║
execution-manager  | ║ T3 (start_result)     = 227758608.011 ms                        ║
execution-manager  | ║ T4 (end_result)       = 227758608.933 ms                        ║
execution-manager  | ╠═══════════════════════════════════════════════════════════════╣
execution-manager  | ║ METRICS:                                                      ║
execution-manager  | ║   Request Latency    =        1.272 ms  (T2 - T1)            ║
execution-manager  | ║   Task Execution     =     5034.103 ms  (T3 - T2)            ║
execution-manager  | ║   Response Latency   =        0.923 ms  (T4 - T3)            ║
execution-manager  | ║   Total End-to-End   =     5036.298 ms  (T4 - T1)            ║
execution-manager  | ║   Network Overhead   =        2.195 ms  (Req + Resp)         ║
execution-manager  | ╚═══════════════════════════════════════════════════════════════╝
execution-manager  | 
execution-manager  | [gRPC Client Async] Stream completed, received 1 responses
execution-manager  | [GRPC THREAD 3] Completed
execution-manager  | [SCHEDULER] ✅ T=25037 ms: Task 3 'sum3' completed with status 2
execution-manager  | [SCHEDULER] 🔕 Timeout disarmed for task 3
execution-manager  | [SCHEDULER] 1 tasks remaining
execution-manager  | [gRPC Client Async] Response #1 - Status: COMPLETED
execution-manager  | 🎉 [T=25038 ms] Task 4 'sum4' COMPLETED
execution-manager  | [EXECUTION MANAGER] ⏱️ T2=227755914.510 ms | Thread started (server measured)
execution-manager  | [EXECUTION MANAGER] ⏱️ T3=227758609.703 ms | Task completed (server measured)
execution-manager  | [EXECUTION MANAGER] ⏱️ T4=227758610.149 ms | Result received by client
execution-manager  |    [TASK EXECUTION] 2695.193 ms (T3-T2, measured in thread)
execution-manager  |    [RESULT] {"result": 0}
execution-manager  | 
execution-manager  | ╔═══════════════════════════════════════════════════════════════╗
execution-manager  | ║           END-TO-END TIMING MEASUREMENT RECAP                 ║
execution-manager  | ║                   Task 4: sum4                                 
execution-manager  | ╠═══════════════════════════════════════════════════════════════╣
execution-manager  | ║ T1 (start_request)    = 227755005.231 ms                        ║
execution-manager  | ║ T2 (end_request)      = 227755914.510 ms                        ║
execution-manager  | ║ T3 (start_result)     = 227758609.703 ms                        ║
execution-manager  | ║ T4 (end_result)       = 227758610.149 ms                        ║
execution-manager  | ╠═══════════════════════════════════════════════════════════════╣
execution-manager  | ║ METRICS:                                                      ║
execution-manager  | ║   Request Latency    =      909.279 ms  (T2 - T1)            ║
execution-manager  | ║   Task Execution     =     2695.193 ms  (T3 - T2)            ║
execution-manager  | ║   Response Latency   =        0.446 ms  (T4 - T3)            ║
execution-manager  | ║   Total End-to-End   =     3604.918 ms  (T4 - T1)            ║
execution-manager  | ║   Network Overhead   =      909.725 ms  (Req + Resp)         ║
execution-manager  | ╚═══════════════════════════════════════════════════════════════╝
execution-manager  | 
execution-manager  | [gRPC Client Async] Stream completed, received 1 responses
execution-manager  | [GRPC THREAD 4] Completed
execution-manager  | [SCHEDULER] ✅ T=25038 ms: Task 4 'sum4' completed with status 2
execution-manager  | [SCHEDULER] 🔕 Timeout disarmed for task 4
execution-manager  | [SCHEDULER] 0 tasks remaining
execution-manager  | 
execution-manager  | [SCHEDULER] 🏁 Iteration 8/50 complete!
execution-manager  | [SCHEDULER] Iteration execution time: 25038 ms
execution-manager  | 
execution-manager  | 
execution-manager  | [SCHEDULER] 🔁 ===== ITERATION 9 / 50 =====
execution-manager  | 
execution-manager  | [SCHEDULER] 🚀 Schedule started at T=0
execution-manager  | 
execution-manager  | [SCHEDULER] 🔄 Entering event loop (NO SLEEP - event-driven!)
execution-manager  | 
execution-manager  | [SCHEDULER] ⏰ T=10000 ms | T_wall=227768610.594 ms: Launching task 1 'sum1' (deadline: 30000 ms)
execution-manager  | [SCHEDULER] 🕐 Timeout armed for task 1 at T=30000 ms (in 20000 ms)
execution-manager  | [GRPC THREAD 1] Starting...
execution-manager  | [EXECUTION MANAGER] ⏱️ T1=227768610.714 ms | Sending gRPC request for task 1 'sum1'
execution-manager  | [gRPC Channel Pool] Reusing existing channel for localhost:50051
execution-manager  | [gRPC Client Async] Calling task 'sum1' at localhost:50051
execution-manager  | [gRPC Client Async] Inputs: {"total_ops": 200, "io_percentage": 50}
execution-manager  | [SCHEDULER] ⏰ T=11395 ms | T_wall=227770005.033 ms: Launching task 2 'sum2' (deadline: 31000 ms)
execution-manager  | [SCHEDULER] 🕐 Timeout armed for task 2 at T=31000 ms (in 19605 ms)
execution-manager  | [GRPC THREAD 2] Starting...
execution-manager  | [EXECUTION MANAGER] ⏱️ T1=227770005.194 ms | Sending gRPC request for task 2 'sum2'
execution-manager  | [gRPC Channel Pool] Reusing existing channel for localhost:50052
execution-manager  | [gRPC Client Async] Calling task 'sum2' at localhost:50052
execution-manager  | [gRPC Client Async] Inputs: {"total_ops": 200, "io_percentage": 50}
execution-manager  | [gRPC Client Async] Response #1 - Status: COMPLETED
execution-manager  | 🎉 [T=15045 ms] Task 1 'sum1' COMPLETED
execution-manager  | [EXECUTION MANAGER] ⏱️ T2=227768613.686 ms | Thread started (server measured)
execution-manager  | [EXECUTION MANAGER] ⏱️ T3=227773654.334 ms | Task completed (server measured)
execution-manager  | [EXECUTION MANAGER] ⏱️ T4=227773655.514 ms | Result received by client
execution-manager  |    [TASK EXECUTION] 5040.648 ms (T3-T2, measured in thread)
execution-manager  |    [RESULT] {"result": 0}
execution-manager  | 
execution-manager  | ╔═══════════════════════════════════════════════════════════════╗
execution-manager  | ║           END-TO-END TIMING MEASUREMENT RECAP                 ║
execution-manager  | ║                   Task 1: sum1                                 
execution-manager  | ╠═══════════════════════════════════════════════════════════════╣
execution-manager  | ║ T1 (start_request)    = 227768610.714 ms                        ║
execution-manager  | ║ T2 (end_request)      = 227768613.686 ms                        ║
execution-manager  | ║ T3 (start_result)     = 227773654.334 ms                        ║
execution-manager  | ║ T4 (end_result)       = 227773655.514 ms                        ║
execution-manager  | ╠═══════════════════════════════════════════════════════════════╣
execution-manager  | ║ METRICS:                                                      ║
execution-manager  | ║   Request Latency    =        2.972 ms  (T2 - T1)            ║
execution-manager  | ║   Task Execution     =     5040.648 ms  (T3 - T2)            ║
execution-manager  | ║   Response Latency   =        1.180 ms  (T4 - T3)            ║
execution-manager  | ║   Total End-to-End   =     5044.799 ms  (T4 - T1)            ║
execution-manager  | ║   Network Overhead   =        4.152 ms  (Req + Resp)         ║
execution-manager  | ╚═══════════════════════════════════════════════════════════════╝
execution-manager  | 
execution-manager  | [gRPC Client Async] Stream completed, received 1 responses
execution-manager  | [GRPC THREAD 1] Completed
execution-manager  | [SCHEDULER] ✅ T=15045 ms: Task 1 'sum1' completed with status 2
execution-manager  | [SCHEDULER] 🔕 Timeout disarmed for task 1
execution-manager  | [SCHEDULER] 3 tasks remaining
execution-manager  | [gRPC Client Async] Response #1 - Status: COMPLETED
execution-manager  | 🎉 [T=15046 ms] Task 2 'sum2' COMPLETED
execution-manager  | [EXECUTION MANAGER] ⏱️ T2=227771007.424 ms | Thread started (server measured)
execution-manager  | [EXECUTION MANAGER] ⏱️ T3=227773656.364 ms | Task completed (server measured)
execution-manager  | [EXECUTION MANAGER] ⏱️ T4=227773656.809 ms | Result received by client
execution-manager  |    [TASK EXECUTION] 2648.940 ms (T3-T2, measured in thread)
execution-manager  |    [RESULT] {"result": 0}
execution-manager  | 
execution-manager  | ╔═══════════════════════════════════════════════════════════════╗
execution-manager  | ║           END-TO-END TIMING MEASUREMENT RECAP                 ║
execution-manager  | ║                   Task 2: sum2                                 
execution-manager  | ╠═══════════════════════════════════════════════════════════════╣
execution-manager  | ║ T1 (start_request)    = 227770005.194 ms                        ║
execution-manager  | ║ T2 (end_request)      = 227771007.424 ms                        ║
execution-manager  | ║ T3 (start_result)     = 227773656.364 ms                        ║
execution-manager  | ║ T4 (end_result)       = 227773656.809 ms                        ║
execution-manager  | ╠═══════════════════════════════════════════════════════════════╣
execution-manager  | ║ METRICS:                                                      ║
execution-manager  | ║   Request Latency    =     1002.230 ms  (T2 - T1)            ║
execution-manager  | ║   Task Execution     =     2648.940 ms  (T3 - T2)            ║
execution-manager  | ║   Response Latency   =        0.445 ms  (T4 - T3)            ║
execution-manager  | ║   Total End-to-End   =     3651.615 ms  (T4 - T1)            ║
execution-manager  | ║   Network Overhead   =     1002.675 ms  (Req + Resp)         ║
execution-manager  | ╚═══════════════════════════════════════════════════════════════╝
execution-manager  | 
execution-manager  | [gRPC Client Async] Stream completed, received 1 responses
execution-manager  | [GRPC THREAD 2] Completed
execution-manager  | [SCHEDULER] ✅ T=15047 ms: Task 2 'sum2' completed with status 2
execution-manager  | [SCHEDULER] 🔕 Timeout disarmed for task 2
execution-manager  | [SCHEDULER] 2 tasks remaining
execution-manager  | [SCHEDULER] ⏰ T=20000 ms | T_wall=227778610.654 ms: Launching task 3 'sum3' (deadline: 40000 ms)
execution-manager  | [SCHEDULER] 🕐 Timeout armed for task 3 at T=40000 ms (in 20000 ms)
execution-manager  | [GRPC THREAD 3] Starting...
execution-manager  | [EXECUTION MANAGER] ⏱️ T1=227778610.786 ms | Sending gRPC request for task 3 'sum3'
execution-manager  | [gRPC Channel Pool] Reusing existing channel for localhost:50053
execution-manager  | [gRPC Client Async] Calling task 'sum3' at localhost:50053
execution-manager  | [gRPC Client Async] Inputs: {"total_ops": 200, "io_percentage": 50}
execution-manager  | [SCHEDULER] ⏰ T=21395 ms | T_wall=227780005.029 ms: Launching task 4 'sum4' (deadline: 41000 ms)
execution-manager  | [SCHEDULER] 🕐 Timeout armed for task 4 at T=41000 ms (in 19605 ms)
execution-manager  | [GRPC THREAD 4] Starting...
execution-manager  | [EXECUTION MANAGER] ⏱️ T1=227780005.187 ms | Sending gRPC request for task 4 'sum4'
execution-manager  | [gRPC Channel Pool] Reusing existing channel for localhost:50054
execution-manager  | [gRPC Client Async] Calling task 'sum4' at localhost:50054
execution-manager  | [gRPC Client Async] Inputs: {"total_ops": 200, "io_percentage": 50}
execution-manager  | [gRPC Client Async] Response #1 - Status: COMPLETED
execution-manager  | 🎉 [T=25044 ms] Task 3 'sum3' COMPLETED
execution-manager  | [EXECUTION MANAGER] ⏱️ T2=227778611.819 ms | Thread started (server measured)
execution-manager  | [EXECUTION MANAGER] ⏱️ T3=227783654.203 ms | Task completed (server measured)
execution-manager  | [EXECUTION MANAGER] ⏱️ T4=227783654.926 ms | Result received by client
execution-manager  |    [TASK EXECUTION] 5042.383 ms (T3-T2, measured in thread)
execution-manager  |    [RESULT] {"result": 0}
execution-manager  | 
execution-manager  | ╔═══════════════════════════════════════════════════════════════╗
execution-manager  | ║           END-TO-END TIMING MEASUREMENT RECAP                 ║
execution-manager  | ║                   Task 3: sum3                                 
execution-manager  | ╠═══════════════════════════════════════════════════════════════╣
execution-manager  | ║ T1 (start_request)    = 227778610.786 ms                        ║
execution-manager  | ║ T2 (end_request)      = 227778611.819 ms                        ║
execution-manager  | ║ T3 (start_result)     = 227783654.203 ms                        ║
execution-manager  | ║ T4 (end_result)       = 227783654.926 ms                        ║
execution-manager  | ╠═══════════════════════════════════════════════════════════════╣
execution-manager  | ║ METRICS:                                                      ║
execution-manager  | ║   Request Latency    =        1.034 ms  (T2 - T1)            ║
execution-manager  | ║   Task Execution     =     5042.383 ms  (T3 - T2)            ║
execution-manager  | ║   Response Latency   =        0.724 ms  (T4 - T3)            ║
execution-manager  | ║   Total End-to-End   =     5044.141 ms  (T4 - T1)            ║
execution-manager  | ║   Network Overhead   =        1.757 ms  (Req + Resp)         ║
execution-manager  | ╚═══════════════════════════════════════════════════════════════╝
execution-manager  | 
execution-manager  | [SCHEDULER] ✅ T=25045 ms: Task 3 'sum3' completed with status 2
execution-manager  | [SCHEDULER] 🔕 Timeout disarmed for task 3
execution-manager  | [SCHEDULER] 1 tasks remaining
execution-manager  | [gRPC Client Async] Stream completed, received 1 responses
execution-manager  | [GRPC THREAD 3] Completed
execution-manager  | [gRPC Client Async] Response #1 - Status: COMPLETED
execution-manager  | 🎉 [T=25046 ms] Task 4 'sum4' COMPLETED
execution-manager  | [EXECUTION MANAGER] ⏱️ T2=227780952.789 ms | Thread started (server measured)
execution-manager  | [EXECUTION MANAGER] ⏱️ T3=227783656.026 ms | Task completed (server measured)
execution-manager  | [EXECUTION MANAGER] ⏱️ T4=227783656.445 ms | Result received by client
execution-manager  |    [TASK EXECUTION] 2703.236 ms (T3-T2, measured in thread)
execution-manager  |    [RESULT] {"result": 0}
execution-manager  | 
execution-manager  | ╔═══════════════════════════════════════════════════════════════╗
execution-manager  | ║           END-TO-END TIMING MEASUREMENT RECAP                 ║
execution-manager  | ║                   Task 4: sum4                                 
execution-manager  | ╠═══════════════════════════════════════════════════════════════╣
execution-manager  | ║ T1 (start_request)    = 227780005.187 ms                        ║
execution-manager  | ║ T2 (end_request)      = 227780952.789 ms                        ║
execution-manager  | ║ T3 (start_result)     = 227783656.026 ms                        ║
execution-manager  | ║ T4 (end_result)       = 227783656.445 ms                        ║
execution-manager  | ╠═══════════════════════════════════════════════════════════════╣
execution-manager  | ║ METRICS:                                                      ║
execution-manager  | ║   Request Latency    =      947.602 ms  (T2 - T1)            ║
execution-manager  | ║   Task Execution     =     2703.236 ms  (T3 - T2)            ║
execution-manager  | ║   Response Latency   =        0.420 ms  (T4 - T3)            ║
execution-manager  | ║   Total End-to-End   =     3651.258 ms  (T4 - T1)            ║
execution-manager  | ║   Network Overhead   =      948.022 ms  (Req + Resp)         ║
execution-manager  | ╚═══════════════════════════════════════════════════════════════╝
execution-manager  | 
execution-manager  | [gRPC Client Async] Stream completed, received 1 responses
execution-manager  | [GRPC THREAD 4] Completed
execution-manager  | [SCHEDULER] ✅ T=25046 ms: Task 4 'sum4' completed with status 2
execution-manager  | [SCHEDULER] 🔕 Timeout disarmed for task 4
execution-manager  | [SCHEDULER] 0 tasks remaining
execution-manager  | 
execution-manager  | [SCHEDULER] 🏁 Iteration 9/50 complete!
execution-manager  | [SCHEDULER] Iteration execution time: 25046 ms
execution-manager  | 
execution-manager  | 
execution-manager  | [SCHEDULER] 🔁 ===== ITERATION 10 / 50 =====
execution-manager  | 
execution-manager  | [SCHEDULER] 🚀 Schedule started at T=0
execution-manager  | 
execution-manager  | [SCHEDULER] 🔄 Entering event loop (NO SLEEP - event-driven!)
execution-manager  | 
execution-manager  | [SCHEDULER] ⏰ T=10000 ms | T_wall=227793656.845 ms: Launching task 1 'sum1' (deadline: 30000 ms)
execution-manager  | [SCHEDULER] 🕐 Timeout armed for task 1 at T=30000 ms (in 20000 ms)
execution-manager  | [GRPC THREAD 1] Starting...
execution-manager  | [EXECUTION MANAGER] ⏱️ T1=227793656.976 ms | Sending gRPC request for task 1 'sum1'
execution-manager  | [gRPC Channel Pool] Reusing existing channel for localhost:50051
execution-manager  | [gRPC Client Async] Calling task 'sum1' at localhost:50051
execution-manager  | [gRPC Client Async] Inputs: {"total_ops": 200, "io_percentage": 50}
execution-manager  | [SCHEDULER] ⏰ T=11349 ms | T_wall=227795005.028 ms: Launching task 2 'sum2' (deadline: 31000 ms)
execution-manager  | [SCHEDULER] 🕐 Timeout armed for task 2 at T=31000 ms (in 19651 ms)
execution-manager  | [GRPC THREAD 2] Starting...
execution-manager  | [EXECUTION MANAGER] ⏱️ T1=227795005.183 ms | Sending gRPC request for task 2 'sum2'
execution-manager  | [gRPC Channel Pool] Reusing existing channel for localhost:50052
execution-manager  | [gRPC Client Async] Calling task 'sum2' at localhost:50052
execution-manager  | [gRPC Client Async] Inputs: {"total_ops": 200, "io_percentage": 50}
execution-manager  | [gRPC Client Async] Response #1 - Status: COMPLETED
execution-manager  | 🎉 [T=15051 ms] Task 1 'sum1' COMPLETED
execution-manager  | [EXECUTION MANAGER] ⏱️ T2=227793657.797 ms | Thread started (server measured)
execution-manager  | [EXECUTION MANAGER] ⏱️ T3=227798706.862 ms | Task completed (server measured)
execution-manager  | [EXECUTION MANAGER] ⏱️ T4=227798707.527 ms | Result received by client
execution-manager  |    [TASK EXECUTION] 5049.065 ms (T3-T2, measured in thread)
execution-manager  |    [RESULT] {"result": 0}
execution-manager  | 
execution-manager  | ╔═══════════════════════════════════════════════════════════════╗
execution-manager  | ║           END-TO-END TIMING MEASUREMENT RECAP                 ║
execution-manager  | ║                   Task 1: sum1                                 
execution-manager  | ╠═══════════════════════════════════════════════════════════════╣
execution-manager  | ║ T1 (start_request)    = 227793656.976 ms                        ║
execution-manager  | ║ T2 (end_request)      = 227793657.797 ms                        ║
execution-manager  | ║ T3 (start_result)     = 227798706.862 ms                        ║
execution-manager  | ║ T4 (end_result)       = 227798707.527 ms                        ║
execution-manager  | ╠═══════════════════════════════════════════════════════════════╣
execution-manager  | ║ METRICS:                                                      ║
execution-manager  | ║   Request Latency    =        0.821 ms  (T2 - T1)            ║
execution-manager  | ║   Task Execution     =     5049.065 ms  (T3 - T2)            ║
execution-manager  | ║   Response Latency   =        0.664 ms  (T4 - T3)            ║
execution-manager  | ║   Total End-to-End   =     5050.551 ms  (T4 - T1)            ║
execution-manager  | ║   Network Overhead   =        1.486 ms  (Req + Resp)         ║
execution-manager  | ╚═══════════════════════════════════════════════════════════════╝
execution-manager  | 
execution-manager  | [SCHEDULER] ✅ T=15051 ms: Task 1 'sum1' completed with status 2
execution-manager  | [SCHEDULER] 🔕 Timeout disarmed for task 1
execution-manager  | [SCHEDULER] 3 tasks remaining
execution-manager  | [gRPC Client Async] Stream completed, received 1 responses
execution-manager  | [GRPC THREAD 1] Completed
execution-manager  | [gRPC Client Async] Response #1 - Status: COMPLETED
execution-manager  | 🎉 [T=15053 ms] Task 2 'sum2' COMPLETED
execution-manager  | [EXECUTION MANAGER] ⏱️ T2=227796048.760 ms | Thread started (server measured)
execution-manager  | [EXECUTION MANAGER] ⏱️ T3=227798709.113 ms | Task completed (server measured)
execution-manager  | [EXECUTION MANAGER] ⏱️ T4=227798709.562 ms | Result received by client
execution-manager  |    [TASK EXECUTION] 2660.352 ms (T3-T2, measured in thread)
execution-manager  |    [RESULT] {"result": 0}
execution-manager  | 
execution-manager  | ╔═══════════════════════════════════════════════════════════════╗
execution-manager  | ║           END-TO-END TIMING MEASUREMENT RECAP                 ║
execution-manager  | ║                   Task 2: sum2                                 
execution-manager  | ╠═══════════════════════════════════════════════════════════════╣
execution-manager  | ║ T1 (start_request)    = 227795005.183 ms                        ║
execution-manager  | ║ T2 (end_request)      = 227796048.760 ms                        ║
execution-manager  | ║ T3 (start_result)     = 227798709.113 ms                        ║
execution-manager  | ║ T4 (end_result)       = 227798709.562 ms                        ║
execution-manager  | ╠═══════════════════════════════════════════════════════════════╣
execution-manager  | ║ METRICS:                                                      ║
execution-manager  | ║   Request Latency    =     1043.578 ms  (T2 - T1)            ║
execution-manager  | ║   Task Execution     =     2660.352 ms  (T3 - T2)            ║
execution-manager  | ║   Response Latency   =        0.450 ms  (T4 - T3)            ║
execution-manager  | ║   Total End-to-End   =     3704.380 ms  (T4 - T1)            ║
execution-manager  | ║   Network Overhead   =     1044.028 ms  (Req + Resp)         ║
execution-manager  | ╚═══════════════════════════════════════════════════════════════╝
execution-manager  | 
execution-manager  | [gRPC Client Async] Stream completed, received 1 responses
execution-manager  | [GRPC THREAD 2] Completed
execution-manager  | [SCHEDULER] ✅ T=15053 ms: Task 2 'sum2' completed with status 2
execution-manager  | [SCHEDULER] 🔕 Timeout disarmed for task 2
execution-manager  | [SCHEDULER] 2 tasks remaining
execution-manager  | [SCHEDULER] ⏰ T=20000 ms | T_wall=227803656.900 ms: Launching task 3 'sum3' (deadline: 40000 ms)
execution-manager  | [SCHEDULER] 🕐 Timeout armed for task 3 at T=40000 ms (in 19999 ms)
execution-manager  | [GRPC THREAD 3] Starting...
execution-manager  | [EXECUTION MANAGER] ⏱️ T1=227803657.100 ms | Sending gRPC request for task 3 'sum3'
execution-manager  | [gRPC Channel Pool] Reusing existing channel for localhost:50053
execution-manager  | [gRPC Client Async] Calling task 'sum3' at localhost:50053
execution-manager  | [gRPC Client Async] Inputs: {"total_ops": 200, "io_percentage": 50}
execution-manager  | [SCHEDULER] ⏰ T=21349 ms | T_wall=227805005.030 ms: Launching task 4 'sum4' (deadline: 41000 ms)
execution-manager  | [SCHEDULER] 🕐 Timeout armed for task 4 at T=41000 ms (in 19651 ms)
execution-manager  | [GRPC THREAD 4] Starting...
execution-manager  | [EXECUTION MANAGER] ⏱️ T1=227805005.174 ms | Sending gRPC request for task 4 'sum4'
execution-manager  | [gRPC Channel Pool] Reusing existing channel for localhost:50054
execution-manager  | [gRPC Client Async] Calling task 'sum4' at localhost:50054
execution-manager  | [gRPC Client Async] Inputs: {"total_ops": 200, "io_percentage": 50}
execution-manager  | [gRPC Client Async] Response #1 - Status: COMPLETED
execution-manager  | 🎉 [T=24988 ms] Task 3 'sum3' COMPLETED
execution-manager  | [EXECUTION MANAGER] ⏱️ T2=227803658.021 ms | Thread started (server measured)
execution-manager  | [EXECUTION MANAGER] ⏱️ T3=227808643.430 ms | Task completed (server measured)
execution-manager  | [EXECUTION MANAGER] ⏱️ T4=227808644.101 ms | Result received by client
execution-manager  |    [TASK EXECUTION] 4985.409 ms (T3-T2, measured in thread)
execution-manager  |    [RESULT] {"result": 0}
execution-manager  | 
execution-manager  | ╔═══════════════════════════════════════════════════════════════╗
execution-manager  | ║           END-TO-END TIMING MEASUREMENT RECAP                 ║
execution-manager  | ║                   Task 3: sum3                                 
execution-manager  | E0326 02:35:09.750089326      22 chttp2_transport.cc:2721]             keepalive_ping_end state error: 2 (expect: 1)
execution-manager  | ╠═══════════════════════════════════════════════════════════════╣
execution-manager  | ║ T1 (start_request)    = 227803657.100 ms                        ║
execution-manager  | ║ T2 (end_request)      = 227803658.021 ms                        ║
execution-manager  | ║ T3 (start_result)     = 227808643.430 ms                        ║
execution-manager  | ║ T4 (end_result)       = 227808644.101 ms                        ║
execution-manager  | ╠═══════════════════════════════════════════════════════════════╣
execution-manager  | ║ METRICS:                                                      ║
execution-manager  | ║   Request Latency    =        0.920 ms  (T2 - T1)            ║
execution-manager  | ║   Task Execution     =     4985.409 ms  (T3 - T2)            ║
execution-manager  | ║   Response Latency   =        0.671 ms  (T4 - T3)            ║
execution-manager  | ║   Total End-to-End   =     4987.001 ms  (T4 - T1)            ║
execution-manager  | ║   Network Overhead   =        1.591 ms  (Req + Resp)         ║
execution-manager  | ╚═══════════════════════════════════════════════════════════════╝
execution-manager  | 
execution-manager  | [SCHEDULER] ✅ T=24988 ms: Task 3 'sum3' completed with status 2
execution-manager  | [SCHEDULER] 🔕 Timeout disarmed for task 3
execution-manager  | [SCHEDULER] 1 tasks remaining
execution-manager  | [gRPC Client Async] Stream completed, received 1 responses
execution-manager  | [GRPC THREAD 3] Completed
execution-manager  | [gRPC Client Async] Response #1 - Status: COMPLETED
execution-manager  | 🎉 [T=24992 ms] Task 4 'sum4' COMPLETED
execution-manager  | [EXECUTION MANAGER] ⏱️ T2=227806048.696 ms | Thread started (server measured)
execution-manager  | [EXECUTION MANAGER] ⏱️ T3=227808648.032 ms | Task completed (server measured)
execution-manager  | [EXECUTION MANAGER] ⏱️ T4=227808648.532 ms | Result received by client
execution-manager  |    [TASK EXECUTION] 2599.336 ms (T3-T2, measured in thread)
execution-manager  |    [RESULT] {"result": 0}
execution-manager  | 
execution-manager  | ╔═══════════════════════════════════════════════════════════════╗
execution-manager  | ║           END-TO-END TIMING MEASUREMENT RECAP                 ║
execution-manager  | ║                   Task 4: sum4                                 
execution-manager  | ╠═══════════════════════════════════════════════════════════════╣
execution-manager  | ║ T1 (start_request)    = 227805005.174 ms                        ║
execution-manager  | ║ T2 (end_request)      = 227806048.696 ms                        ║
execution-manager  | ║ T3 (start_result)     = 227808648.032 ms                        ║
execution-manager  | ║ T4 (end_result)       = 227808648.532 ms                        ║
execution-manager  | ╠═══════════════════════════════════════════════════════════════╣
execution-manager  | ║ METRICS:                                                      ║
execution-manager  | ║   Request Latency    =     1043.522 ms  (T2 - T1)            ║
execution-manager  | ║   Task Execution     =     2599.336 ms  (T3 - T2)            ║
execution-manager  | ║   Response Latency   =        0.500 ms  (T4 - T3)            ║
execution-manager  | ║   Total End-to-End   =     3643.358 ms  (T4 - T1)            ║
execution-manager  | ║   Network Overhead   =     1044.022 ms  (Req + Resp)         ║
execution-manager  | ╚═══════════════════════════════════════════════════════════════╝
execution-manager  | 
execution-manager  | [gRPC Client Async] Stream completed, received 1 responses
execution-manager  | [GRPC THREAD 4] Completed
execution-manager  | [SCHEDULER] ✅ T=24992 ms: Task 4 'sum4' completed with status 2
execution-manager  | [SCHEDULER] 🔕 Timeout disarmed for task 4
execution-manager  | [SCHEDULER] 0 tasks remaining
execution-manager  | 
execution-manager  | [SCHEDULER] 🏁 Iteration 10/50 complete!
execution-manager  | [SCHEDULER] Iteration execution time: 24992 ms
execution-manager  | 
execution-manager  | 
execution-manager  | [SCHEDULER] 🔁 ===== ITERATION 11 / 50 =====
execution-manager  | 
execution-manager  | [SCHEDULER] 🚀 Schedule started at T=0
execution-manager  | 
execution-manager  | [SCHEDULER] 🔄 Entering event loop (NO SLEEP - event-driven!)
execution-manager  | 
execution-manager  | [SCHEDULER] ⏰ T=10000 ms | T_wall=227818648.957 ms: Launching task 1 'sum1' (deadline: 30000 ms)
execution-manager  | [SCHEDULER] 🕐 Timeout armed for task 1 at T=30000 ms (in 19999 ms)
execution-manager  | [GRPC THREAD 1] Starting...
execution-manager  | [EXECUTION MANAGER] ⏱️ T1=227818649.097 ms | Sending gRPC request for task 1 'sum1'
execution-manager  | [gRPC Channel Pool] Reusing existing channel for localhost:50051
execution-manager  | [gRPC Client Async] Calling task 'sum1' at localhost:50051
execution-manager  | [gRPC Client Async] Inputs: {"total_ops": 200, "io_percentage": 50}
execution-manager  | [SCHEDULER] ⏰ T=11357 ms | T_wall=227820005.029 ms: Launching task 2 'sum2' (deadline: 31000 ms)
execution-manager  | [SCHEDULER] 🕐 Timeout armed for task 2 at T=31000 ms (in 19643 ms)
execution-manager  | [GRPC THREAD 2] Starting...
execution-manager  | [EXECUTION MANAGER] ⏱️ T1=227820005.174 ms | Sending gRPC request for task 2 'sum2'
execution-manager  | [gRPC Channel Pool] Reusing existing channel for localhost:50052
execution-manager  | [gRPC Client Async] Calling task 'sum2' at localhost:50052
execution-manager  | [gRPC Client Async] Inputs: {"total_ops": 200, "io_percentage": 50}
execution-manager  | [gRPC Client Async] Response #1 - Status: COMPLETED
execution-manager  | 🎉 [T=15056 ms] Task 1 'sum1' COMPLETED
execution-manager  | [EXECUTION MANAGER] ⏱️ T2=227818650.220 ms | Thread started (server measured)
execution-manager  | [EXECUTION MANAGER] ⏱️ T3=227823704.156 ms | Task completed (server measured)
execution-manager  | [EXECUTION MANAGER] ⏱️ T4=227823704.871 ms | Result received by client
execution-manager  |    [TASK EXECUTION] 5053.936 ms (T3-T2, measured in thread)
execution-manager  |    [RESULT] {"result": 0}
execution-manager  | 
execution-manager  | ╔═══════════════════════════════════════════════════════════════╗
execution-manager  | ║           END-TO-END TIMING MEASUREMENT RECAP                 ║
execution-manager  | ║                   Task 1: sum1                                 
execution-manager  | ╠═══════════════════════════════════════════════════════════════╣
execution-manager  | ║ T1 (start_request)    = 227818649.097 ms                        ║
execution-manager  | ║ T2 (end_request)      = 227818650.220 ms                        ║
execution-manager  | ║ T3 (start_result)     = 227823704.156 ms                        ║
execution-manager  | ║ T4 (end_result)       = 227823704.871 ms                        ║
execution-manager  | ╠═══════════════════════════════════════════════════════════════╣
execution-manager  | ║ METRICS:                                                      ║
execution-manager  | ║   Request Latency    =        1.123 ms  (T2 - T1)            ║
execution-manager  | ║   Task Execution     =     5053.936 ms  (T3 - T2)            ║
execution-manager  | ║   Response Latency   =        0.715 ms  (T4 - T3)            ║
execution-manager  | ║   Total End-to-End   =     5055.774 ms  (T4 - T1)            ║
execution-manager  | ║   Network Overhead   =        1.838 ms  (Req + Resp)         ║
execution-manager  | ╚═══════════════════════════════════════════════════════════════╝
execution-manager  | 
execution-manager  | [SCHEDULER] ✅ T=15056 ms: Task 1 'sum1' completed with status 2
execution-manager  | [SCHEDULER] 🔕 Timeout disarmed for task 1
execution-manager  | [SCHEDULER] 3 tasks remaining
execution-manager  | [gRPC Client Async] Stream completed, received 1 responses
execution-manager  | [GRPC THREAD 1] Completed
execution-manager  | [gRPC Client Async] Response #1 - Status: COMPLETED
execution-manager  | 🎉 [T=15058 ms] Task 2 'sum2' COMPLETED
execution-manager  | [EXECUTION MANAGER] ⏱️ T2=227821043.278 ms | Thread started (server measured)
execution-manager  | [EXECUTION MANAGER] ⏱️ T3=227823706.364 ms | Task completed (server measured)
execution-manager  | [EXECUTION MANAGER] ⏱️ T4=227823706.827 ms | Result received by client
execution-manager  |    [TASK EXECUTION] 2663.085 ms (T3-T2, measured in thread)
execution-manager  |    [RESULT] {"result": 0}
execution-manager  | 
execution-manager  | ╔═══════════════════════════════════════════════════════════════╗
execution-manager  | ║           END-TO-END TIMING MEASUREMENT RECAP                 ║
execution-manager  | ║                   Task 2: sum2                                 
execution-manager  | ╠═══════════════════════════════════════════════════════════════╣
execution-manager  | ║ T1 (start_request)    = 227820005.174 ms                        ║
execution-manager  | ║ T2 (end_request)      = 227821043.278 ms                        ║
execution-manager  | ║ T3 (start_result)     = 227823706.364 ms                        ║
execution-manager  | ║ T4 (end_result)       = 227823706.827 ms                        ║
execution-manager  | ╠═══════════════════════════════════════════════════════════════╣
execution-manager  | ║ METRICS:                                                      ║
execution-manager  | ║   Request Latency    =     1038.104 ms  (T2 - T1)            ║
execution-manager  | ║   Task Execution     =     2663.085 ms  (T3 - T2)            ║
execution-manager  | ║   Response Latency   =        0.463 ms  (T4 - T3)            ║
execution-manager  | ║   Total End-to-End   =     3701.652 ms  (T4 - T1)            ║
execution-manager  | ║   Network Overhead   =     1038.567 ms  (Req + Resp)         ║
execution-manager  | ╚═══════════════════════════════════════════════════════════════╝
execution-manager  | 
execution-manager  | [gRPC Client Async] Stream completed, received 1 responses
execution-manager  | [GRPC THREAD 2] Completed
execution-manager  | [SCHEDULER] ✅ T=15059 ms: Task 2 'sum2' completed with status 2
execution-manager  | [SCHEDULER] 🔕 Timeout disarmed for task 2
execution-manager  | [SCHEDULER] 2 tasks remaining
execution-manager  | [SCHEDULER] ⏰ T=20001 ms | T_wall=227828649.066 ms: Launching task 3 'sum3' (deadline: 40000 ms)
execution-manager  | [SCHEDULER] 🕐 Timeout armed for task 3 at T=40000 ms (in 19999 ms)
execution-manager  | [GRPC THREAD 3] Starting...
execution-manager  | [EXECUTION MANAGER] ⏱️ T1=227828649.215 ms | Sending gRPC request for task 3 'sum3'
execution-manager  | [gRPC Channel Pool] Reusing existing channel for localhost:50053
execution-manager  | [gRPC Client Async] Calling task 'sum3' at localhost:50053
execution-manager  | [gRPC Client Async] Inputs: {"total_ops": 200, "io_percentage": 50}
execution-manager  | [SCHEDULER] ⏰ T=21357 ms | T_wall=227830005.028 ms: Launching task 4 'sum4' (deadline: 41000 ms)
execution-manager  | [SCHEDULER] 🕐 Timeout armed for task 4 at T=41000 ms (in 19643 ms)
execution-manager  | [GRPC THREAD 4] Starting...
execution-manager  | [EXECUTION MANAGER] ⏱️ T1=227830005.188 ms | Sending gRPC request for task 4 'sum4'
execution-manager  | [gRPC Channel Pool] Reusing existing channel for localhost:50054
execution-manager  | [gRPC Client Async] Calling task 'sum4' at localhost:50054
execution-manager  | [gRPC Client Async] Inputs: {"total_ops": 200, "io_percentage": 50}
execution-manager  | [gRPC Client Async] Response #1 - Status: COMPLETED
execution-manager  | 🎉 [T=25044 ms] Task 3 'sum3' COMPLETED
execution-manager  | [EXECUTION MANAGER] ⏱️ T2=227828650.178 ms | Thread started (server measured)
execution-manager  | [EXECUTION MANAGER] ⏱️ T3=227833692.099 ms | Task completed (server measured)
execution-manager  | [EXECUTION MANAGER] ⏱️ T4=227833692.778 ms | Result received by client
execution-manager  |    [TASK EXECUTION] 5041.921 ms (T3-T2, measured in thread)
execution-manager  |    [RESULT] {"result": 0}
execution-manager  | 
execution-manager  | ╔═══════════════════════════════════════════════════════════════╗
execution-manager  | ║           END-TO-END TIMING MEASUREMENT RECAP                 ║
execution-manager  | ║                   Task 3: sum3                                 
execution-manager  | ╠═══════════════════════════════════════════════════════════════╣
execution-manager  | ║ T1 (start_request)    = 227828649.215 ms                        ║
execution-manager  | ║ T2 (end_request)      = 227828650.178 ms                        ║
execution-manager  | ║ T3 (start_result)     = 227833692.099 ms                        ║
execution-manager  | ║ T4 (end_result)       = 227833692.778 ms                        ║
execution-manager  | ╠═══════════════════════════════════════════════════════════════╣
execution-manager  | ║ METRICS:                                                      ║
execution-manager  | ║   Request Latency    =        0.962 ms  (T2 - T1)            ║
execution-manager  | ║   Task Execution     =     5041.921 ms  (T3 - T2)            ║
execution-manager  | ║   Response Latency   =        0.679 ms  (T4 - T3)            ║
execution-manager  | ║   Total End-to-End   =     5043.563 ms  (T4 - T1)            ║
execution-manager  | ║   Network Overhead   =        1.642 ms  (Req + Resp)         ║
execution-manager  | ╚═══════════════════════════════════════════════════════════════╝
execution-manager  | 
execution-manager  | [SCHEDULER] ✅ T=25044 ms: Task 3 'sum3' completed with status 2
execution-manager  | [SCHEDULER] 🔕 Timeout disarmed for task 3
execution-manager  | [SCHEDULER] 1 tasks remaining
execution-manager  | [gRPC Client Async] Stream completed, received 1 responses
execution-manager  | [GRPC THREAD 3] Completed
execution-manager  | [gRPC Client Async] Response #1 - Status: COMPLETED
execution-manager  | 🎉 [T=25047 ms] Task 4 'sum4' COMPLETED
execution-manager  | [EXECUTION MANAGER] ⏱️ T2=227831041.056 ms | Thread started (server measured)
execution-manager  | [EXECUTION MANAGER] ⏱️ T3=227833694.654 ms | Task completed (server measured)
execution-manager  | [EXECUTION MANAGER] ⏱️ T4=227833695.120 ms | Result received by client
execution-manager  |    [TASK EXECUTION] 2653.598 ms (T3-T2, measured in thread)
execution-manager  |    [RESULT] {"result": 0}
execution-manager  | 
execution-manager  | ╔═══════════════════════════════════════════════════════════════╗
execution-manager  | ║           END-TO-END TIMING MEASUREMENT RECAP                 ║
execution-manager  | ║                   Task 4: sum4                                 
execution-manager  | ╠═══════════════════════════════════════════════════════════════╣
execution-manager  | ║ T1 (start_request)    = 227830005.188 ms                        ║
execution-manager  | ║ T2 (end_request)      = 227831041.056 ms                        ║
execution-manager  | ║ T3 (start_result)     = 227833694.654 ms                        ║
execution-manager  | ║ T4 (end_result)       = 227833695.120 ms                        ║
execution-manager  | ╠═══════════════════════════════════════════════════════════════╣
execution-manager  | ║ METRICS:                                                      ║
execution-manager  | ║   Request Latency    =     1035.868 ms  (T2 - T1)            ║
execution-manager  | ║   Task Execution     =     2653.598 ms  (T3 - T2)            ║
execution-manager  | ║   Response Latency   =        0.466 ms  (T4 - T3)            ║
execution-manager  | ║   Total End-to-End   =     3689.932 ms  (T4 - T1)            ║
execution-manager  | ║   Network Overhead   =     1036.333 ms  (Req + Resp)         ║
execution-manager  | ╚═══════════════════════════════════════════════════════════════╝
execution-manager  | 
execution-manager  | [SCHEDULER] ✅ T=25047 ms: Task 4 'sum4' completed with status 2
execution-manager  | [SCHEDULER] 🔕 Timeout disarmed for task 4
execution-manager  | [SCHEDULER] 0 tasks remaining
execution-manager  | 
execution-manager  | [SCHEDULER] 🏁 Iteration 11/50 complete!
execution-manager  | [SCHEDULER] Iteration execution time: 25047 ms
execution-manager  | 
execution-manager  | 
execution-manager  | [SCHEDULER] 🔁 ===== ITERATION 12 / 50 =====
execution-manager  | 
execution-manager  | [SCHEDULER] 🚀 Schedule started at T=0
execution-manager  | 
execution-manager  | [SCHEDULER] 🔄 Entering event loop (NO SLEEP - event-driven!)
execution-manager  | 
execution-manager  | [gRPC Client Async] Stream completed, received 1 responses
execution-manager  | [GRPC THREAD 4] Completed
execution-manager  | [SCHEDULER] ⏰ T=10000 ms | T_wall=227843695.339 ms: Launching task 1 'sum1' (deadline: 30000 ms)
execution-manager  | [SCHEDULER] 🕐 Timeout armed for task 1 at T=30000 ms (in 20000 ms)
execution-manager  | [GRPC THREAD 1] Starting...
execution-manager  | [EXECUTION MANAGER] ⏱️ T1=227843695.473 ms | Sending gRPC request for task 1 'sum1'
execution-manager  | [gRPC Channel Pool] Reusing existing channel for localhost:50051
execution-manager  | [gRPC Client Async] Calling task 'sum1' at localhost:50051
execution-manager  | [gRPC Client Async] Inputs: {"total_ops": 200, "io_percentage": 50}
execution-manager  | [SCHEDULER] ⏰ T=11310 ms | T_wall=227845005.027 ms: Launching task 2 'sum2' (deadline: 31000 ms)
execution-manager  | [SCHEDULER] 🕐 Timeout armed for task 2 at T=31000 ms (in 19690 ms)
execution-manager  | [GRPC THREAD 2] Starting...
execution-manager  | [EXECUTION MANAGER] ⏱️ T1=227845005.189 ms | Sending gRPC request for task 2 'sum2'
execution-manager  | [gRPC Channel Pool] Reusing existing channel for localhost:50052
execution-manager  | [gRPC Client Async] Calling task 'sum2' at localhost:50052
execution-manager  | [gRPC Client Async] Inputs: {"total_ops": 200, "io_percentage": 50}
execution-manager  | [gRPC Client Async] Response #1 - Status: COMPLETED
execution-manager  | 🎉 [T=14949 ms] Task 1 'sum1' COMPLETED
execution-manager  | [EXECUTION MANAGER] ⏱️ T2=227843696.378 ms | Thread started (server measured)
execution-manager  | [EXECUTION MANAGER] ⏱️ T3=227848644.088 ms | Task completed (server measured)
execution-manager  | [EXECUTION MANAGER] ⏱️ T4=227848644.923 ms | Result received by client
execution-manager  |    [TASK EXECUTION] 4947.711 ms (T3-T2, measured in thread)
execution-manager  |    [RESULT] {"result": 0}
execution-manager  | 
execution-manager  | ╔═══════════════════════════════════════════════════════════════╗
execution-manager  | ║           END-TO-END TIMING MEASUREMENT RECAP                 ║
execution-manager  | ║                   Task 1: sum1                                 
execution-manager  | ╠═══════════════════════════════════════════════════════════════╣
execution-manager  | ║ T1 (start_request)    = 227843695.473 ms                        ║
execution-manager  | ║ T2 (end_request)      = 227843696.378 ms                        ║
execution-manager  | ║ T3 (start_result)     = 227848644.088 ms                        ║
execution-manager  | ║ T4 (end_result)       = 227848644.923 ms                        ║
execution-manager  | ╠═══════════════════════════════════════════════════════════════╣
execution-manager  | ║ METRICS:                                                      ║
execution-manager  | ║   Request Latency    =        0.905 ms  (T2 - T1)            ║
execution-manager  | ║   Task Execution     =     4947.711 ms  (T3 - T2)            ║
execution-manager  | ║   Response Latency   =        0.835 ms  (T4 - T3)            ║
execution-manager  | ║   Total End-to-End   =     4949.450 ms  (T4 - T1)            ║
execution-manager  | ║   Network Overhead   =        1.740 ms  (Req + Resp)         ║
execution-manager  | ╚═══════════════════════════════════════════════════════════════╝
execution-manager  | 
execution-manager  | [gRPC Client Async] Stream completed, received 1 responses
execution-manager  | [GRPC THREAD 1] Completed
execution-manager  | [SCHEDULER] ✅ T=14950 ms: Task 1 'sum1' completed with status 2
execution-manager  | [SCHEDULER] 🔕 Timeout disarmed for task 1
execution-manager  | [SCHEDULER] 3 tasks remaining
execution-manager  | [gRPC Client Async] Response #1 - Status: COMPLETED
execution-manager  | 🎉 [T=14952 ms] Task 2 'sum2' COMPLETED
execution-manager  | [EXECUTION MANAGER] ⏱️ T2=227846091.261 ms | Thread started (server measured)
execution-manager  | [EXECUTION MANAGER] ⏱️ T3=227848647.074 ms | Task completed (server measured)
execution-manager  | [EXECUTION MANAGER] ⏱️ T4=227848647.802 ms | Result received by client
execution-manager  |    [TASK EXECUTION] 2555.813 ms (T3-T2, measured in thread)
execution-manager  |    [RESULT] {"result": 0}
execution-manager  | 
execution-manager  | ╔═══════════════════════════════════════════════════════════════╗
execution-manager  | ║           END-TO-END TIMING MEASUREMENT RECAP                 ║
execution-manager  | ║                   Task 2: sum2                                 
execution-manager  | ╠═══════════════════════════════════════════════════════════════╣
execution-manager  | ║ T1 (start_request)    = 227845005.189 ms                        ║
execution-manager  | ║ T2 (end_request)      = 227846091.261 ms                        ║
execution-manager  | ║ T3 (start_result)     = 227848647.074 ms                        ║
execution-manager  | ║ T4 (end_result)       = 227848647.802 ms                        ║
execution-manager  | ╠═══════════════════════════════════════════════════════════════╣
execution-manager  | ║ METRICS:                                                      ║
execution-manager  | ║   Request Latency    =     1086.072 ms  (T2 - T1)            ║
execution-manager  | ║   Task Execution     =     2555.813 ms  (T3 - T2)            ║
execution-manager  | ║   Response Latency   =        0.728 ms  (T4 - T3)            ║
execution-manager  | ║   Total End-to-End   =     3642.613 ms  (T4 - T1)            ║
execution-manager  | ║   Network Overhead   =     1086.800 ms  (Req + Resp)         ║
execution-manager  | ╚═══════════════════════════════════════════════════════════════╝
execution-manager  | 
execution-manager  | [gRPC Client Async] Stream completed, received 1 responses
execution-manager  | [GRPC THREAD 2] Completed
execution-manager  | [SCHEDULER] ✅ T=14953 ms: Task 2 'sum2' completed with status 2
execution-manager  | [SCHEDULER] 🔕 Timeout disarmed for task 2
execution-manager  | [SCHEDULER] 2 tasks remaining
execution-manager  | [SCHEDULER] ⏰ T=20000 ms | T_wall=227853695.399 ms: Launching task 3 'sum3' (deadline: 40000 ms)
execution-manager  | [SCHEDULER] 🕐 Timeout armed for task 3 at T=40000 ms (in 20000 ms)
execution-manager  | [GRPC THREAD 3] Starting...
execution-manager  | [EXECUTION MANAGER] ⏱️ T1=227853695.536 ms | Sending gRPC request for task 3 'sum3'
execution-manager  | [gRPC Channel Pool] Reusing existing channel for localhost:50053
execution-manager  | [gRPC Client Async] Calling task 'sum3' at localhost:50053
execution-manager  | [gRPC Client Async] Inputs: {"total_ops": 200, "io_percentage": 50}
execution-manager  | [SCHEDULER] ⏰ T=21310 ms | T_wall=227855005.029 ms: Launching task 4 'sum4' (deadline: 41000 ms)
execution-manager  | [SCHEDULER] 🕐 Timeout armed for task 4 at T=41000 ms (in 19690 ms)
execution-manager  | [GRPC THREAD 4] Starting...
execution-manager  | [EXECUTION MANAGER] ⏱️ T1=227855005.189 ms | Sending gRPC request for task 4 'sum4'
execution-manager  | [gRPC Channel Pool] Reusing existing channel for localhost:50054
execution-manager  | [gRPC Client Async] Calling task 'sum4' at localhost:50054
execution-manager  | [gRPC Client Async] Inputs: {"total_ops": 200, "io_percentage": 50}
execution-manager  | [gRPC Client Async] Response #1 - Status: COMPLETED
execution-manager  | 🎉 [T=25038 ms] Task 3 'sum3' COMPLETED
execution-manager  | [EXECUTION MANAGER] ⏱️ T2=227853696.478 ms | Thread started (server measured)
execution-manager  | [EXECUTION MANAGER] ⏱️ T3=227858732.763 ms | Task completed (server measured)
execution-manager  | [EXECUTION MANAGER] ⏱️ T4=227858733.649 ms | Result received by client
execution-manager  |    [TASK EXECUTION] 5036.285 ms (T3-T2, measured in thread)
execution-manager  |    [RESULT] {"result": 0}
execution-manager  | 
execution-manager  | ╔═══════════════════════════════════════════════════════════════╗
execution-manager  | ║           END-TO-END TIMING MEASUREMENT RECAP                 ║
execution-manager  | ║                   Task 3: sum3                                 
execution-manager  | ╠═══════════════════════════════════════════════════════════════╣
execution-manager  | ║ T1 (start_request)    = 227853695.536 ms                        ║
execution-manager  | ║ T2 (end_request)      = 227853696.478 ms                        ║
execution-manager  | ║ T3 (start_result)     = 227858732.763 ms                        ║
execution-manager  | ║ T4 (end_result)       = 227858733.649 ms                        ║
execution-manager  | ╠═══════════════════════════════════════════════════════════════╣
execution-manager  | ║ METRICS:                                                      ║
execution-manager  | ║   Request Latency    =        0.942 ms  (T2 - T1)            ║
execution-manager  | ║   Task Execution     =     5036.285 ms  (T3 - T2)            ║
execution-manager  | ║   Response Latency   =        0.885 ms  (T4 - T3)            ║
execution-manager  | ║   Total End-to-End   =     5038.113 ms  (T4 - T1)            ║
execution-manager  | ║   Network Overhead   =        1.828 ms  (Req + Resp)         ║
execution-manager  | ╚═══════════════════════════════════════════════════════════════╝
execution-manager  | 
execution-manager  | [gRPC Client Async] Stream completed, received 1 responses
execution-manager  | [GRPC THREAD 3] Completed
execution-manager  | [SCHEDULER] ✅ T=25038 ms: Task 3 'sum3' completed with status 2
execution-manager  | [SCHEDULER] 🔕 Timeout disarmed for task 3
execution-manager  | [SCHEDULER] 1 tasks remaining
execution-manager  | [gRPC Client Async] Response #1 - Status: COMPLETED
execution-manager  | 🎉 [T=25039 ms] Task 4 'sum4' COMPLETED
execution-manager  | [EXECUTION MANAGER] ⏱️ T2=227856088.489 ms | Thread started (server measured)
execution-manager  | [EXECUTION MANAGER] ⏱️ T3=227858734.426 ms | Task completed (server measured)
execution-manager  | [EXECUTION MANAGER] ⏱️ T4=227858734.855 ms | Result received by client
execution-manager  |    [TASK EXECUTION] 2645.937 ms (T3-T2, measured in thread)
execution-manager  |    [RESULT] {"result": 0}
execution-manager  | 
execution-manager  | ╔═══════════════════════════════════════════════════════════════╗
execution-manager  | ║           END-TO-END TIMING MEASUREMENT RECAP                 ║
execution-manager  | ║                   Task 4: sum4                                 
execution-manager  | ╠═══════════════════════════════════════════════════════════════╣
execution-manager  | ║ T1 (start_request)    = 227855005.189 ms                        ║
execution-manager  | ║ T2 (end_request)      = 227856088.489 ms                        ║
execution-manager  | ║ T3 (start_result)     = 227858734.426 ms                        ║
execution-manager  | ║ T4 (end_result)       = 227858734.855 ms                        ║
execution-manager  | ╠═══════════════════════════════════════════════════════════════╣
execution-manager  | ║ METRICS:                                                      ║
execution-manager  | ║   Request Latency    =     1083.300 ms  (T2 - T1)            ║
execution-manager  | ║   Task Execution     =     2645.937 ms  (T3 - T2)            ║
execution-manager  | ║   Response Latency   =        0.429 ms  (T4 - T3)            ║
execution-manager  | ║   Total End-to-End   =     3729.666 ms  (T4 - T1)            ║
execution-manager  | ║   Network Overhead   =     1083.729 ms  (Req + Resp)         ║
execution-manager  | ╚═══════════════════════════════════════════════════════════════╝
execution-manager  | 
execution-manager  | [gRPC Client Async] Stream completed, received 1 responses
execution-manager  | [GRPC THREAD 4] Completed
execution-manager  | [SCHEDULER] ✅ T=25040 ms: Task 4 'sum4' completed with status 2
execution-manager  | [SCHEDULER] 🔕 Timeout disarmed for task 4
execution-manager  | [SCHEDULER] 0 tasks remaining
execution-manager  | 
execution-manager  | [SCHEDULER] 🏁 Iteration 12/50 complete!
execution-manager  | [SCHEDULER] Iteration execution time: 25040 ms
execution-manager  | 
execution-manager  | 
execution-manager  | [SCHEDULER] 🔁 ===== ITERATION 13 / 50 =====
execution-manager  | 
execution-manager  | [SCHEDULER] 🚀 Schedule started at T=0
execution-manager  | 
execution-manager  | [SCHEDULER] 🔄 Entering event loop (NO SLEEP - event-driven!)
execution-manager  | 
execution-manager  | [SCHEDULER] ⏰ T=10000 ms | T_wall=227868735.293 ms: Launching task 1 'sum1' (deadline: 30000 ms)
execution-manager  | [SCHEDULER] 🕐 Timeout armed for task 1 at T=30000 ms (in 20000 ms)
execution-manager  | [GRPC THREAD 1] Starting...
execution-manager  | [EXECUTION MANAGER] ⏱️ T1=227868735.430 ms | Sending gRPC request for task 1 'sum1'
execution-manager  | [gRPC Channel Pool] Reusing existing channel for localhost:50051
execution-manager  | [gRPC Client Async] Calling task 'sum1' at localhost:50051
execution-manager  | [gRPC Client Async] Inputs: {"total_ops": 200, "io_percentage": 50}
execution-manager  | [SCHEDULER] ⏰ T=11270 ms | T_wall=227870005.034 ms: Launching task 2 'sum2' (deadline: 31000 ms)
execution-manager  | [SCHEDULER] 🕐 Timeout armed for task 2 at T=31000 ms (in 19730 ms)
execution-manager  | [GRPC THREAD 2] Starting...
execution-manager  | [EXECUTION MANAGER] ⏱️ T1=227870005.240 ms | Sending gRPC request for task 2 'sum2'
execution-manager  | [gRPC Channel Pool] Reusing existing channel for localhost:50052
execution-manager  | [gRPC Client Async] Calling task 'sum2' at localhost:50052
execution-manager  | [gRPC Client Async] Inputs: {"total_ops": 200, "io_percentage": 50}
execution-manager  | [gRPC Client Async] Response #1 - Status: COMPLETED
execution-manager  | 🎉 [T=15050 ms] Task 1 'sum1' COMPLETED
execution-manager  | [EXECUTION MANAGER] ⏱️ T2=227868736.253 ms | Thread started (server measured)
execution-manager  | [EXECUTION MANAGER] ⏱️ T3=227873784.836 ms | Task completed (server measured)
execution-manager  | [EXECUTION MANAGER] ⏱️ T4=227873785.534 ms | Result received by client
execution-manager  |    [TASK EXECUTION] 5048.583 ms (T3-T2, measured in thread)
execution-manager  |    [RESULT] {"result": 0}
execution-manager  | 
execution-manager  | ╔═══════════════════════════════════════════════════════════════╗
execution-manager  | ║           END-TO-END TIMING MEASUREMENT RECAP                 ║
execution-manager  | ║                   Task 1: sum1                                 
execution-manager  | ╠═══════════════════════════════════════════════════════════════╣
execution-manager  | ║ T1 (start_request)    = 227868735.430 ms                        ║
execution-manager  | ║ T2 (end_request)      = 227868736.253 ms                        ║
execution-manager  | ║ T3 (start_result)     = 227873784.836 ms                        ║
execution-manager  | ║ T4 (end_result)       = 227873785.534 ms                        ║
execution-manager  | ╠═══════════════════════════════════════════════════════════════╣
execution-manager  | ║ METRICS:                                                      ║
execution-manager  | ║   Request Latency    =        0.822 ms  (T2 - T1)            ║
execution-manager  | ║   Task Execution     =     5048.583 ms  (T3 - T2)            ║
execution-manager  | ║   Response Latency   =        0.698 ms  (T4 - T3)            ║
execution-manager  | ║   Total End-to-End   =     5050.103 ms  (T4 - T1)            ║
execution-manager  | ║   Network Overhead   =        1.520 ms  (Req + Resp)         ║
execution-manager  | ╚═══════════════════════════════════════════════════════════════╝
execution-manager  | 
execution-manager  | [SCHEDULER] ✅ T=15050 ms: Task 1 'sum1' completed with status 2
execution-manager  | [SCHEDULER] 🔕 Timeout disarmed for task 1
execution-manager  | [SCHEDULER] 3 tasks remaining
execution-manager  | [gRPC Client Async] Stream completed, received 1 responses
execution-manager  | [GRPC THREAD 1] Completed
execution-manager  | [gRPC Client Async] Response #1 - Status: COMPLETED
execution-manager  | 🎉 [T=15051 ms] Task 2 'sum2' COMPLETED
execution-manager  | [EXECUTION MANAGER] ⏱️ T2=227871128.498 ms | Thread started (server measured)
execution-manager  | [EXECUTION MANAGER] ⏱️ T3=227873786.514 ms | Task completed (server measured)
execution-manager  | [EXECUTION MANAGER] ⏱️ T4=227873786.962 ms | Result received by client
execution-manager  |    [TASK EXECUTION] 2658.016 ms (T3-T2, measured in thread)
execution-manager  |    [RESULT] {"result": 0}
execution-manager  | 
execution-manager  | ╔═══════════════════════════════════════════════════════════════╗
execution-manager  | ║           END-TO-END TIMING MEASUREMENT RECAP                 ║
execution-manager  | ║                   Task 2: sum2                                 
execution-manager  | ╠═══════════════════════════════════════════════════════════════╣
execution-manager  | ║ T1 (start_request)    = 227870005.240 ms                        ║
execution-manager  | ║ T2 (end_request)      = 227871128.498 ms                        ║
execution-manager  | ║ T3 (start_result)     = 227873786.514 ms                        ║
execution-manager  | ║ T4 (end_result)       = 227873786.962 ms                        ║
execution-manager  | ╠═══════════════════════════════════════════════════════════════╣
execution-manager  | ║ METRICS:                                                      ║
execution-manager  | ║   Request Latency    =     1123.259 ms  (T2 - T1)            ║
execution-manager  | ║   Task Execution     =     2658.016 ms  (T3 - T2)            ║
execution-manager  | ║   Response Latency   =        0.447 ms  (T4 - T3)            ║
execution-manager  | ║   Total End-to-End   =     3781.722 ms  (T4 - T1)            ║
execution-manager  | ║   Network Overhead   =     1123.706 ms  (Req + Resp)         ║
execution-manager  | ╚═══════════════════════════════════════════════════════════════╝
execution-manager  | 
execution-manager  | [gRPC Client Async] Stream completed, received 1 responses
execution-manager  | [GRPC THREAD 2] Completed
execution-manager  | [SCHEDULER] ✅ T=15052 ms: Task 2 'sum2' completed with status 2
execution-manager  | [SCHEDULER] 🔕 Timeout disarmed for task 2
execution-manager  | [SCHEDULER] 2 tasks remaining
execution-manager  | [SCHEDULER] ⏰ T=20000 ms | T_wall=227878735.354 ms: Launching task 3 'sum3' (deadline: 40000 ms)
execution-manager  | [SCHEDULER] 🕐 Timeout armed for task 3 at T=40000 ms (in 20000 ms)
execution-manager  | [GRPC THREAD 3] Starting...
execution-manager  | [EXECUTION MANAGER] ⏱️ T1=227878735.492 ms | Sending gRPC request for task 3 'sum3'
execution-manager  | [gRPC Channel Pool] Reusing existing channel for localhost:50053
execution-manager  | [gRPC Client Async] Calling task 'sum3' at localhost:50053
execution-manager  | [gRPC Client Async] Inputs: {"total_ops": 200, "io_percentage": 50}
execution-manager  | [SCHEDULER] ⏰ T=21270 ms | T_wall=227880005.038 ms: Launching task 4 'sum4' (deadline: 41000 ms)
execution-manager  | [SCHEDULER] 🕐 Timeout armed for task 4 at T=41000 ms (in 19730 ms)
execution-manager  | [GRPC THREAD 4] Starting...
execution-manager  | [EXECUTION MANAGER] ⏱️ T1=227880005.246 ms | Sending gRPC request for task 4 'sum4'
execution-manager  | [gRPC Channel Pool] Reusing existing channel for localhost:50054
execution-manager  | [gRPC Client Async] Calling task 'sum4' at localhost:50054
execution-manager  | [gRPC Client Async] Inputs: {"total_ops": 200, "io_percentage": 50}
execution-manager  | [gRPC Client Async] Response #1 - Status: COMPLETED
execution-manager  | 🎉 [T=25038 ms] Task 3 'sum3' COMPLETED
execution-manager  | [EXECUTION MANAGER] ⏱️ T2=227878736.520 ms | Thread started (server measured)
execution-manager  | [EXECUTION MANAGER] ⏱️ T3=227883773.054 ms | Task completed (server measured)
execution-manager  | [EXECUTION MANAGER] ⏱️ T4=227883773.764 ms | Result received by client
execution-manager  |    [TASK EXECUTION] 5036.534 ms (T3-T2, measured in thread)
execution-manager  |    [RESULT] {"result": 0}
execution-manager  | 
execution-manager  | ╔═══════════════════════════════════════════════════════════════╗
execution-manager  | ║           END-TO-END TIMING MEASUREMENT RECAP                 ║
execution-manager  | ║                   Task 3: sum3                                 
execution-manager  | ╠═══════════════════════════════════════════════════════════════╣
execution-manager  | ║ T1 (start_request)    = 227878735.492 ms                        ║
execution-manager  | ║ T2 (end_request)      = 227878736.520 ms                        ║
execution-manager  | ║ T3 (start_result)     = 227883773.054 ms                        ║
execution-manager  | ║ T4 (end_result)       = 227883773.764 ms                        ║
execution-manager  | ╠═══════════════════════════════════════════════════════════════╣
execution-manager  | ║ METRICS:                                                      ║
execution-manager  | ║   Request Latency    =        1.028 ms  (T2 - T1)            ║
execution-manager  | ║   Task Execution     =     5036.534 ms  (T3 - T2)            ║
execution-manager  | ║   Response Latency   =        0.710 ms  (T4 - T3)            ║
execution-manager  | ║   Total End-to-End   =     5038.273 ms  (T4 - T1)            ║
execution-manager  | ║   Network Overhead   =        1.739 ms  (Req + Resp)         ║
execution-manager  | ╚═══════════════════════════════════════════════════════════════╝
execution-manager  | 
execution-manager  | [SCHEDULER] ✅ T=25038 ms: Task 3 'sum3' completed with status 2
execution-manager  | [SCHEDULER] 🔕 Timeout disarmed for task 3
execution-manager  | [SCHEDULER] 1 tasks remaining
execution-manager  | [gRPC Client Async] Stream completed, received 1 responses
execution-manager  | [GRPC THREAD 3] Completed
execution-manager  | [gRPC Client Async] Response #1 - Status: COMPLETED
execution-manager  | 🎉 [T=25040 ms] Task 4 'sum4' COMPLETED
execution-manager  | [EXECUTION MANAGER] ⏱️ T2=227881128.603 ms | Thread started (server measured)
execution-manager  | [EXECUTION MANAGER] ⏱️ T3=227883774.648 ms | Task completed (server measured)
execution-manager  | [EXECUTION MANAGER] ⏱️ T4=227883775.091 ms | Result received by client
execution-manager  |    [TASK EXECUTION] 2646.045 ms (T3-T2, measured in thread)
execution-manager  |    [RESULT] {"result": 0}
execution-manager  | 
execution-manager  | ╔═══════════════════════════════════════════════════════════════╗
execution-manager  | ║           END-TO-END TIMING MEASUREMENT RECAP                 ║
execution-manager  | ║                   Task 4: sum4                                 
execution-manager  | ╠═══════════════════════════════════════════════════════════════╣
execution-manager  | ║ T1 (start_request)    = 227880005.246 ms                        ║
execution-manager  | ║ T2 (end_request)      = 227881128.603 ms                        ║
execution-manager  | ║ T3 (start_result)     = 227883774.648 ms                        ║
execution-manager  | ║ T4 (end_result)       = 227883775.091 ms                        ║
execution-manager  | ╠═══════════════════════════════════════════════════════════════╣
execution-manager  | ║ METRICS:                                                      ║
execution-manager  | ║   Request Latency    =     1123.357 ms  (T2 - T1)            ║
execution-manager  | ║   Task Execution     =     2646.045 ms  (T3 - T2)            ║
execution-manager  | ║   Response Latency   =        0.442 ms  (T4 - T3)            ║
execution-manager  | ║   Total End-to-End   =     3769.845 ms  (T4 - T1)            ║
execution-manager  | ║   Network Overhead   =     1123.799 ms  (Req + Resp)         ║
execution-manager  | ╚═══════════════════════════════════════════════════════════════╝
execution-manager  | 
execution-manager  | [gRPC Client Async] Stream completed, received 1 responses
execution-manager  | [GRPC THREAD 4] Completed
execution-manager  | [SCHEDULER] ✅ T=25040 ms: Task 4 'sum4' completed with status 2
execution-manager  | [SCHEDULER] 🔕 Timeout disarmed for task 4
execution-manager  | [SCHEDULER] 0 tasks remaining
execution-manager  | 
execution-manager  | [SCHEDULER] 🏁 Iteration 13/50 complete!
execution-manager  | [SCHEDULER] Iteration execution time: 25040 ms
execution-manager  | 
execution-manager  | 
execution-manager  | [SCHEDULER] 🔁 ===== ITERATION 14 / 50 =====
execution-manager  | 
execution-manager  | [SCHEDULER] 🚀 Schedule started at T=0
execution-manager  | 
execution-manager  | [SCHEDULER] 🔄 Entering event loop (NO SLEEP - event-driven!)
execution-manager  | 
execution-manager  | [SCHEDULER] ⏰ T=10000 ms | T_wall=227893775.492 ms: Launching task 1 'sum1' (deadline: 30000 ms)
execution-manager  | [SCHEDULER] 🕐 Timeout armed for task 1 at T=30000 ms (in 20000 ms)
execution-manager  | [GRPC THREAD 1] Starting...
execution-manager  | [EXECUTION MANAGER] ⏱️ T1=227893775.619 ms | Sending gRPC request for task 1 'sum1'
execution-manager  | [gRPC Channel Pool] Reusing existing channel for localhost:50051
execution-manager  | [gRPC Client Async] Calling task 'sum1' at localhost:50051
execution-manager  | [gRPC Client Async] Inputs: {"total_ops": 200, "io_percentage": 50}
execution-manager  | [SCHEDULER] ⏰ T=11230 ms | T_wall=227895005.029 ms: Launching task 2 'sum2' (deadline: 31000 ms)
execution-manager  | [SCHEDULER] 🕐 Timeout armed for task 2 at T=31000 ms (in 19770 ms)
execution-manager  | [GRPC THREAD 2] Starting...
execution-manager  | [EXECUTION MANAGER] ⏱️ T1=227895005.188 ms | Sending gRPC request for task 2 'sum2'
execution-manager  | [gRPC Channel Pool] Reusing existing channel for localhost:50052
execution-manager  | [gRPC Client Async] Calling task 'sum2' at localhost:50052
execution-manager  | [gRPC Client Async] Inputs: {"total_ops": 200, "io_percentage": 50}
execution-manager  | [gRPC Client Async] Response #1 - Status: COMPLETED
execution-manager  | 🎉 [T=15048 ms] Task 1 'sum1' COMPLETED
execution-manager  | [EXECUTION MANAGER] ⏱️ T2=227893778.676 ms | Thread started (server measured)
execution-manager  | [EXECUTION MANAGER] ⏱️ T3=227898822.733 ms | Task completed (server measured)
execution-manager  | [EXECUTION MANAGER] ⏱️ T4=227898823.757 ms | Result received by client
execution-manager  |    [TASK EXECUTION] 5044.056 ms (T3-T2, measured in thread)
execution-manager  |    [RESULT] {"result": 0}
execution-manager  | 
execution-manager  | ╔═══════════════════════════════════════════════════════════════╗
execution-manager  | ║           END-TO-END TIMING MEASUREMENT RECAP                 ║
execution-manager  | ║                   Task 1: sum1                                 
execution-manager  | ╠═══════════════════════════════════════════════════════════════╣
execution-manager  | ║ T1 (start_request)    = 227893775.619 ms                        ║
execution-manager  | ║ T2 (end_request)      = 227893778.676 ms                        ║
execution-manager  | ║ T3 (start_result)     = 227898822.733 ms                        ║
execution-manager  | ║ T4 (end_result)       = 227898823.757 ms                        ║
execution-manager  | ╠═══════════════════════════════════════════════════════════════╣
execution-manager  | ║ METRICS:                                                      ║
execution-manager  | ║   Request Latency    =        3.057 ms  (T2 - T1)            ║
execution-manager  | ║   Task Execution     =     5044.056 ms  (T3 - T2)            ║
execution-manager  | ║   Response Latency   =        1.025 ms  (T4 - T3)            ║
execution-manager  | ║   Total End-to-End   =     5048.139 ms  (T4 - T1)            ║
execution-manager  | ║   Network Overhead   =        4.082 ms  (Req + Resp)         ║
execution-manager  | ╚═══════════════════════════════════════════════════════════════╝
execution-manager  | 
execution-manager  | [gRPC Client Async] Stream completed, received 1 responses
execution-manager  | [GRPC THREAD 1] Completed
execution-manager  | [SCHEDULER] ✅ T=15049 ms: Task 1 'sum1' completed with status 2
execution-manager  | [SCHEDULER] 🔕 Timeout disarmed for task 1
execution-manager  | [SCHEDULER] 3 tasks remaining
execution-manager  | [gRPC Client Async] Response #1 - Status: COMPLETED
execution-manager  | 🎉 [T=15050 ms] Task 2 'sum2' COMPLETED
execution-manager  | [EXECUTION MANAGER] ⏱️ T2=227896171.667 ms | Thread started (server measured)
execution-manager  | [EXECUTION MANAGER] ⏱️ T3=227898824.584 ms | Task completed (server measured)
execution-manager  | [EXECUTION MANAGER] ⏱️ T4=227898825.027 ms | Result received by client
execution-manager  |    [TASK EXECUTION] 2652.918 ms (T3-T2, measured in thread)
execution-manager  |    [RESULT] {"result": 0}
execution-manager  | 
execution-manager  | ╔═══════════════════════════════════════════════════════════════╗
execution-manager  | ║           END-TO-END TIMING MEASUREMENT RECAP                 ║
execution-manager  | ║                   Task 2: sum2                                 
execution-manager  | ╠═══════════════════════════════════════════════════════════════╣
execution-manager  | ║ T1 (start_request)    = 227895005.188 ms                        ║
execution-manager  | ║ T2 (end_request)      = 227896171.667 ms                        ║
execution-manager  | ║ T3 (start_result)     = 227898824.584 ms                        ║
execution-manager  | ║ T4 (end_result)       = 227898825.027 ms                        ║
execution-manager  | ╠═══════════════════════════════════════════════════════════════╣
execution-manager  | ║ METRICS:                                                      ║
execution-manager  | ║   Request Latency    =     1166.479 ms  (T2 - T1)            ║
execution-manager  | ║   Task Execution     =     2652.918 ms  (T3 - T2)            ║
execution-manager  | ║   Response Latency   =        0.442 ms  (T4 - T3)            ║
execution-manager  | ║   Total End-to-End   =     3819.839 ms  (T4 - T1)            ║
execution-manager  | ║   Network Overhead   =     1166.921 ms  (Req + Resp)         ║
execution-manager  | ╚═══════════════════════════════════════════════════════════════╝
execution-manager  | 
execution-manager  | [gRPC Client Async] Stream completed, received 1 responses
execution-manager  | [GRPC THREAD 2] Completed
execution-manager  | [SCHEDULER] ✅ T=15050 ms: Task 2 'sum2' completed with status 2
execution-manager  | [SCHEDULER] 🔕 Timeout disarmed for task 2
execution-manager  | [SCHEDULER] 2 tasks remaining
execution-manager  | [SCHEDULER] ⏰ T=20000 ms | T_wall=227903775.553 ms: Launching task 3 'sum3' (deadline: 40000 ms)
execution-manager  | [SCHEDULER] 🕐 Timeout armed for task 3 at T=40000 ms (in 20000 ms)
execution-manager  | [GRPC THREAD 3] Starting...
execution-manager  | [EXECUTION MANAGER] ⏱️ T1=227903775.693 ms | Sending gRPC request for task 3 'sum3'
execution-manager  | [gRPC Channel Pool] Reusing existing channel for localhost:50053
execution-manager  | [gRPC Client Async] Calling task 'sum3' at localhost:50053
execution-manager  | [gRPC Client Async] Inputs: {"total_ops": 200, "io_percentage": 50}
execution-manager  | [SCHEDULER] ⏰ T=21230 ms | T_wall=227905005.027 ms: Launching task 4 'sum4' (deadline: 41000 ms)
execution-manager  | [SCHEDULER] 🕐 Timeout armed for task 4 at T=41000 ms (in 19770 ms)
execution-manager  | [GRPC THREAD 4] Starting...
execution-manager  | [EXECUTION MANAGER] ⏱️ T1=227905005.184 ms | Sending gRPC request for task 4 'sum4'
execution-manager  | [gRPC Channel Pool] Reusing existing channel for localhost:50054
execution-manager  | [gRPC Client Async] Calling task 'sum4' at localhost:50054
execution-manager  | [gRPC Client Async] Inputs: {"total_ops": 200, "io_percentage": 50}
execution-manager  | [gRPC Client Async] Response #1 - Status: COMPLETED
execution-manager  | 🎉 [T=25042 ms] Task 3 'sum3' COMPLETED
execution-manager  | [EXECUTION MANAGER] ⏱️ T2=227903777.178 ms | Thread started (server measured)
execution-manager  | [EXECUTION MANAGER] ⏱️ T3=227908817.242 ms | Task completed (server measured)
execution-manager  | [EXECUTION MANAGER] ⏱️ T4=227908817.924 ms | Result received by client
execution-manager  |    [TASK EXECUTION] 5040.063 ms (T3-T2, measured in thread)
execution-manager  |    [RESULT] {"result": 0}
execution-manager  | 
execution-manager  | ╔═══════════════════════════════════════════════════════════════╗
execution-manager  | ║           END-TO-END TIMING MEASUREMENT RECAP                 ║
execution-manager  | ║                   Task 3: sum3                                 
execution-manager  | ╠═══════════════════════════════════════════════════════════════╣
execution-manager  | ║ T1 (start_request)    = 227903775.693 ms                        ║
execution-manager  | ║ T2 (end_request)      = 227903777.178 ms                        ║
execution-manager  | ║ T3 (start_result)     = 227908817.242 ms                        ║
execution-manager  | ║ T4 (end_result)       = 227908817.924 ms                        ║
execution-manager  | ╠═══════════════════════════════════════════════════════════════╣
execution-manager  | ║ METRICS:                                                      ║
execution-manager  | ║   Request Latency    =        1.486 ms  (T2 - T1)            ║
execution-manager  | ║   Task Execution     =     5040.063 ms  (T3 - T2)            ║
execution-manager  | ║   Response Latency   =        0.682 ms  (T4 - T3)            ║
execution-manager  | ║   Total End-to-End   =     5042.231 ms  (T4 - T1)            ║
execution-manager  | ║   Network Overhead   =        2.168 ms  (Req + Resp)         ║
execution-manager  | ╚═══════════════════════════════════════════════════════════════╝
execution-manager  | 
execution-manager  | [SCHEDULER] ✅ T=25043 ms: Task 3 'sum3' completed with status 2
execution-manager  | [SCHEDULER] 🔕 Timeout disarmed for task 3
execution-manager  | [SCHEDULER] 1 tasks remaining
execution-manager  | [gRPC Client Async] Stream completed, received 1 responses
execution-manager  | [GRPC THREAD 3] Completed
execution-manager  | [gRPC Client Async] Response #1 - Status: COMPLETED
execution-manager  | 🎉 [T=25044 ms] Task 4 'sum4' COMPLETED
execution-manager  | [EXECUTION MANAGER] ⏱️ T2=227906168.133 ms | Thread started (server measured)
execution-manager  | [EXECUTION MANAGER] ⏱️ T3=227908818.824 ms | Task completed (server measured)
execution-manager  | [EXECUTION MANAGER] ⏱️ T4=227908819.281 ms | Result received by client
execution-manager  |    [TASK EXECUTION] 2650.691 ms (T3-T2, measured in thread)
execution-manager  |    [RESULT] {"result": 0}
execution-manager  | 
execution-manager  | ╔═══════════════════════════════════════════════════════════════╗
execution-manager  | ║           END-TO-END TIMING MEASUREMENT RECAP                 ║
execution-manager  | ║                   Task 4: sum4                                 
execution-manager  | ╠═══════════════════════════════════════════════════════════════╣
execution-manager  | ║ T1 (start_request)    = 227905005.184 ms                        ║
execution-manager  | ║ T2 (end_request)      = 227906168.133 ms                        ║
execution-manager  | ║ T3 (start_result)     = 227908818.824 ms                        ║
execution-manager  | ║ T4 (end_result)       = 227908819.281 ms                        ║
execution-manager  | ╠═══════════════════════════════════════════════════════════════╣
execution-manager  | ║ METRICS:                                                      ║
execution-manager  | ║   Request Latency    =     1162.950 ms  (T2 - T1)            ║
execution-manager  | ║   Task Execution     =     2650.691 ms  (T3 - T2)            ║
execution-manager  | ║   Response Latency   =        0.457 ms  (T4 - T3)            ║
execution-manager  | ║   Total End-to-End   =     3814.098 ms  (T4 - T1)            ║
execution-manager  | ║   Network Overhead   =     1163.407 ms  (Req + Resp)         ║
execution-manager  | ╚═══════════════════════════════════════════════════════════════╝
execution-manager  | 
execution-manager  | [gRPC Client Async] Stream completed, received 1 responses
execution-manager  | [GRPC THREAD 4] Completed
execution-manager  | [SCHEDULER] ✅ T=25044 ms: Task 4 'sum4' completed with status 2
execution-manager  | [SCHEDULER] 🔕 Timeout disarmed for task 4
execution-manager  | [SCHEDULER] 0 tasks remaining
execution-manager  | 
execution-manager  | [SCHEDULER] 🏁 Iteration 14/50 complete!
execution-manager  | [SCHEDULER] Iteration execution time: 25044 ms
execution-manager  | 
execution-manager  | 
execution-manager  | [SCHEDULER] 🔁 ===== ITERATION 15 / 50 =====
execution-manager  | 
execution-manager  | [SCHEDULER] 🚀 Schedule started at T=0
execution-manager  | 
execution-manager  | [SCHEDULER] 🔄 Entering event loop (NO SLEEP - event-driven!)
execution-manager  | 
execution-manager  | [SCHEDULER] ⏰ T=10000 ms | T_wall=227918819.662 ms: Launching task 1 'sum1' (deadline: 30000 ms)
execution-manager  | [SCHEDULER] 🕐 Timeout armed for task 1 at T=30000 ms (in 20000 ms)
execution-manager  | [GRPC THREAD 1] Starting...
execution-manager  | [EXECUTION MANAGER] ⏱️ T1=227918819.790 ms | Sending gRPC request for task 1 'sum1'
execution-manager  | [gRPC Channel Pool] Reusing existing channel for localhost:50051
execution-manager  | [gRPC Client Async] Calling task 'sum1' at localhost:50051
execution-manager  | [gRPC Client Async] Inputs: {"total_ops": 200, "io_percentage": 50}
execution-manager  | [SCHEDULER] ⏰ T=11186 ms | T_wall=227920005.028 ms: Launching task 2 'sum2' (deadline: 31000 ms)
execution-manager  | [SCHEDULER] 🕐 Timeout armed for task 2 at T=31000 ms (in 19814 ms)
execution-manager  | [GRPC THREAD 2] Starting...
execution-manager  | [EXECUTION MANAGER] ⏱️ T1=227920005.178 ms | Sending gRPC request for task 2 'sum2'
execution-manager  | [gRPC Channel Pool] Reusing existing channel for localhost:50052
execution-manager  | [gRPC Client Async] Calling task 'sum2' at localhost:50052
execution-manager  | [gRPC Client Async] Inputs: {"total_ops": 200, "io_percentage": 50}
execution-manager  | [gRPC Client Async] Response #1 - Status: COMPLETED
execution-manager  | 🎉 [T=15085 ms] Task 1 'sum1' COMPLETED
execution-manager  | [EXECUTION MANAGER] ⏱️ T2=227918822.960 ms | Thread started (server measured)
execution-manager  | [EXECUTION MANAGER] ⏱️ T3=227923903.599 ms | Task completed (server measured)
execution-manager  | [EXECUTION MANAGER] ⏱️ T4=227923904.359 ms | Result received by client
execution-manager  |    [TASK EXECUTION] 5080.639 ms (T3-T2, measured in thread)
execution-manager  |    [RESULT] {"result": 0}
execution-manager  | 
execution-manager  | ╔═══════════════════════════════════════════════════════════════╗
execution-manager  | ║           END-TO-END TIMING MEASUREMENT RECAP                 ║
execution-manager  | ║                   Task 1: sum1                                 
execution-manager  | ╠═══════════════════════════════════════════════════════════════╣
execution-manager  | ║ T1 (start_request)    = 227918819.790 ms                        ║
execution-manager  | ║ T2 (end_request)      = 227918822.960 ms                        ║
execution-manager  | ║ T3 (start_result)     = 227923903.599 ms                        ║
execution-manager  | ║ T4 (end_result)       = 227923904.359 ms                        ║
execution-manager  | ╠═══════════════════════════════════════════════════════════════╣
execution-manager  | ║ METRICS:                                                      ║
execution-manager  | ║   Request Latency    =        3.170 ms  (T2 - T1)            ║
execution-manager  | ║   Task Execution     =     5080.639 ms  (T3 - T2)            ║
execution-manager  | ║   Response Latency   =        0.760 ms  (T4 - T3)            ║
execution-manager  | ║   Total End-to-End   =     5084.569 ms  (T4 - T1)            ║
execution-manager  | ║   Network Overhead   =        3.930 ms  (Req + Resp)         ║
execution-manager  | ╚═══════════════════════════════════════════════════════════════╝
execution-manager  | 
execution-manager  | [SCHEDULER] ✅ T=15085 ms: Task 1 'sum1' completed with status 2
execution-manager  | [SCHEDULER] 🔕 Timeout disarmed for task 1
execution-manager  | [SCHEDULER] 3 tasks remaining
execution-manager  | [gRPC Client Async] Stream completed, received 1 responses
execution-manager  | [GRPC THREAD 1] Completed
execution-manager  | [gRPC Client Async] Response #1 - Status: COMPLETED
execution-manager  | 🎉 [T=15086 ms] Task 2 'sum2' COMPLETED
execution-manager  | [EXECUTION MANAGER] ⏱️ T2=227921216.214 ms | Thread started (server measured)
execution-manager  | [EXECUTION MANAGER] ⏱️ T3=227923905.301 ms | Task completed (server measured)
execution-manager  | [EXECUTION MANAGER] ⏱️ T4=227923905.726 ms | Result received by client
execution-manager  |    [TASK EXECUTION] 2689.088 ms (T3-T2, measured in thread)
execution-manager  |    [RESULT] {"result": 0}
execution-manager  | 
execution-manager  | ╔═══════════════════════════════════════════════════════════════╗
execution-manager  | ║           END-TO-END TIMING MEASUREMENT RECAP                 ║
execution-manager  | ║                   Task 2: sum2                                 
execution-manager  | ╠═══════════════════════════════════════════════════════════════╣
execution-manager  | ║ T1 (start_request)    = 227920005.178 ms                        ║
execution-manager  | ║ T2 (end_request)      = 227921216.214 ms                        ║
execution-manager  | ║ T3 (start_result)     = 227923905.301 ms                        ║
execution-manager  | ║ T4 (end_result)       = 227923905.726 ms                        ║
execution-manager  | ╠═══════════════════════════════════════════════════════════════╣
execution-manager  | ║ METRICS:                                                      ║
execution-manager  | ║   Request Latency    =     1211.036 ms  (T2 - T1)            ║
execution-manager  | ║   Task Execution     =     2689.088 ms  (T3 - T2)            ║
execution-manager  | ║   Response Latency   =        0.424 ms  (T4 - T3)            ║
execution-manager  | ║   Total End-to-End   =     3900.548 ms  (T4 - T1)            ║
execution-manager  | ║   Network Overhead   =     1211.460 ms  (Req + Resp)         ║
execution-manager  | ╚═══════════════════════════════════════════════════════════════╝
execution-manager  | 
execution-manager  | [gRPC Client Async] Stream completed, received 1 responses
execution-manager  | [GRPC THREAD 2] Completed
execution-manager  | [SCHEDULER] ✅ T=15087 ms: Task 2 'sum2' completed with status 2
execution-manager  | [SCHEDULER] 🔕 Timeout disarmed for task 2
execution-manager  | [SCHEDULER] 2 tasks remaining
execution-manager  | [SCHEDULER] ⏰ T=20000 ms | T_wall=227928819.720 ms: Launching task 3 'sum3' (deadline: 40000 ms)
execution-manager  | [SCHEDULER] 🕐 Timeout armed for task 3 at T=40000 ms (in 20000 ms)
execution-manager  | [GRPC THREAD 3] Starting...
execution-manager  | [EXECUTION MANAGER] ⏱️ T1=227928819.858 ms | Sending gRPC request for task 3 'sum3'
execution-manager  | [gRPC Channel Pool] Reusing existing channel for localhost:50053
execution-manager  | [gRPC Client Async] Calling task 'sum3' at localhost:50053
execution-manager  | [gRPC Client Async] Inputs: {"total_ops": 200, "io_percentage": 50}
execution-manager  | [SCHEDULER] ⏰ T=21186 ms | T_wall=227930005.027 ms: Launching task 4 'sum4' (deadline: 41000 ms)
execution-manager  | [SCHEDULER] 🕐 Timeout armed for task 4 at T=41000 ms (in 19814 ms)
execution-manager  | [GRPC THREAD 4] Starting...
execution-manager  | [EXECUTION MANAGER] ⏱️ T1=227930005.179 ms | Sending gRPC request for task 4 'sum4'
execution-manager  | [gRPC Channel Pool] Reusing existing channel for localhost:50054
execution-manager  | [gRPC Client Async] Calling task 'sum4' at localhost:50054
execution-manager  | [gRPC Client Async] Inputs: {"total_ops": 200, "io_percentage": 50}
execution-manager  | [gRPC Client Async] Response #1 - Status: COMPLETED
execution-manager  | 🎉 [T=25037 ms] Task 3 'sum3' COMPLETED
execution-manager  | [EXECUTION MANAGER] ⏱️ T2=227928820.947 ms | Thread started (server measured)
execution-manager  | [EXECUTION MANAGER] ⏱️ T3=227933856.128 ms | Task completed (server measured)
execution-manager  | [EXECUTION MANAGER] ⏱️ T4=227933856.801 ms | Result received by client
execution-manager  |    [TASK EXECUTION] 5035.181 ms (T3-T2, measured in thread)
execution-manager  |    [RESULT] {"result": 0}
execution-manager  | 
execution-manager  | ╔═══════════════════════════════════════════════════════════════╗
execution-manager  | ║           END-TO-END TIMING MEASUREMENT RECAP                 ║
execution-manager  | ║                   Task 3: sum3                                 
execution-manager  | ╠═══════════════════════════════════════════════════════════════╣
execution-manager  | ║ T1 (start_request)    = 227928819.858 ms                        ║
execution-manager  | ║ T2 (end_request)      = 227928820.947 ms                        ║
execution-manager  | ║ T3 (start_result)     = 227933856.128 ms                        ║
execution-manager  | ║ T4 (end_result)       = 227933856.801 ms                        ║
execution-manager  | ╠═══════════════════════════════════════════════════════════════╣
execution-manager  | ║ METRICS:                                                      ║
execution-manager  | ║   Request Latency    =        1.090 ms  (T2 - T1)            ║
execution-manager  | ║   Task Execution     =     5035.181 ms  (T3 - T2)            ║
execution-manager  | ║   Response Latency   =        0.673 ms  (T4 - T3)            ║
execution-manager  | ║   Total End-to-End   =     5036.943 ms  (T4 - T1)            ║
execution-manager  | ║   Network Overhead   =        1.762 ms  (Req + Resp)         ║
execution-manager  | ╚═══════════════════════════════════════════════════════════════╝
execution-manager  | 
execution-manager  | [SCHEDULER] ✅ T=25037 ms: Task 3 'sum3' completed with status 2
execution-manager  | [SCHEDULER] 🔕 Timeout disarmed for task 3
execution-manager  | [SCHEDULER] 1 tasks remaining
execution-manager  | [gRPC Client Async] Stream completed, received 1 responses
execution-manager  | [GRPC THREAD 3] Completed
execution-manager  | [gRPC Client Async] Response #1 - Status: COMPLETED
execution-manager  | 🎉 [T=25040 ms] Task 4 'sum4' COMPLETED
execution-manager  | [EXECUTION MANAGER] ⏱️ T2=227931211.964 ms | Thread started (server measured)
execution-manager  | [EXECUTION MANAGER] ⏱️ T3=227933858.754 ms | Task completed (server measured)
execution-manager  | [EXECUTION MANAGER] ⏱️ T4=227933859.170 ms | Result received by client
execution-manager  |    [TASK EXECUTION] 2646.791 ms (T3-T2, measured in thread)
execution-manager  |    [RESULT] {"result": 0}
execution-manager  | 
execution-manager  | ╔═══════════════════════════════════════════════════════════════╗
execution-manager  | ║           END-TO-END TIMING MEASUREMENT RECAP                 ║
execution-manager  | ║                   Task 4: sum4                                 
execution-manager  | ╠═══════════════════════════════════════════════════════════════╣
execution-manager  | ║ T1 (start_request)    = 227930005.179 ms                        ║
execution-manager  | ║ T2 (end_request)      = 227931211.964 ms                        ║
execution-manager  | ║ T3 (start_result)     = 227933858.754 ms                        ║
execution-manager  | ║ T4 (end_result)       = 227933859.170 ms                        ║
execution-manager  | ╠═══════════════════════════════════════════════════════════════╣
execution-manager  | ║ METRICS:                                                      ║
execution-manager  | ║   Request Latency    =     1206.784 ms  (T2 - T1)            ║
execution-manager  | ║   Task Execution     =     2646.791 ms  (T3 - T2)            ║
execution-manager  | ║   Response Latency   =        0.415 ms  (T4 - T3)            ║
execution-manager  | ║   Total End-to-End   =     3853.990 ms  (T4 - T1)            ║
execution-manager  | ║   Network Overhead   =     1207.200 ms  (Req + Resp)         ║
execution-manager  | ╚═══════════════════════════════════════════════════════════════╝
execution-manager  | 
execution-manager  | [gRPC Client Async] Stream completed, received 1 responses
execution-manager  | [GRPC THREAD 4] Completed
execution-manager  | [SCHEDULER] ✅ T=25040 ms: Task 4 'sum4' completed with status 2
execution-manager  | [SCHEDULER] 🔕 Timeout disarmed for task 4
execution-manager  | [SCHEDULER] 0 tasks remaining
execution-manager  | 
execution-manager  | [SCHEDULER] 🏁 Iteration 15/50 complete!
execution-manager  | [SCHEDULER] Iteration execution time: 25040 ms
execution-manager  | 
execution-manager  | 
execution-manager  | [SCHEDULER] 🔁 ===== ITERATION 16 / 50 =====
execution-manager  | 
execution-manager  | [SCHEDULER] 🚀 Schedule started at T=0
execution-manager  | 
execution-manager  | [SCHEDULER] 🔄 Entering event loop (NO SLEEP - event-driven!)
execution-manager  | 
execution-manager  | [SCHEDULER] ⏰ T=10000 ms | T_wall=227943859.536 ms: Launching task 1 'sum1' (deadline: 30000 ms)
execution-manager  | [SCHEDULER] 🕐 Timeout armed for task 1 at T=30000 ms (in 20000 ms)
execution-manager  | [GRPC THREAD 1] Starting...
execution-manager  | [EXECUTION MANAGER] ⏱️ T1=227943859.670 ms | Sending gRPC request for task 1 'sum1'
execution-manager  | [gRPC Channel Pool] Reusing existing channel for localhost:50051
execution-manager  | [gRPC Client Async] Calling task 'sum1' at localhost:50051
execution-manager  | [gRPC Client Async] Inputs: {"total_ops": 200, "io_percentage": 50}
execution-manager  | [SCHEDULER] ⏰ T=11146 ms | T_wall=227945005.029 ms: Launching task 2 'sum2' (deadline: 31000 ms)
execution-manager  | [SCHEDULER] 🕐 Timeout armed for task 2 at T=31000 ms (in 19854 ms)
execution-manager  | [GRPC THREAD 2] Starting...
execution-manager  | [EXECUTION MANAGER] ⏱️ T1=227945005.180 ms | Sending gRPC request for task 2 'sum2'
execution-manager  | [gRPC Channel Pool] Reusing existing channel for localhost:50052
execution-manager  | [gRPC Client Async] Calling task 'sum2' at localhost:50052
execution-manager  | [gRPC Client Async] Inputs: {"total_ops": 200, "io_percentage": 50}
execution-manager  | [gRPC Client Async] Response #1 - Status: COMPLETED
execution-manager  | 🎉 [T=15049 ms] Task 1 'sum1' COMPLETED
execution-manager  | [EXECUTION MANAGER] ⏱️ T2=227943862.783 ms | Thread started (server measured)
execution-manager  | [EXECUTION MANAGER] ⏱️ T3=227948907.028 ms | Task completed (server measured)
execution-manager  | [EXECUTION MANAGER] ⏱️ T4=227948908.107 ms | Result received by client
execution-manager  |    [TASK EXECUTION] 5044.245 ms (T3-T2, measured in thread)
execution-manager  |    [RESULT] {"result": 0}
execution-manager  | 
execution-manager  | ╔═══════════════════════════════════════════════════════════════╗
execution-manager  | ║           END-TO-END TIMING MEASUREMENT RECAP                 ║
execution-manager  | ║                   Task 1: sum1                                 
execution-manager  | ╠═══════════════════════════════════════════════════════════════╣
execution-manager  | ║ T1 (start_request)    = 227943859.670 ms                        ║
execution-manager  | ║ T2 (end_request)      = 227943862.783 ms                        ║
execution-manager  | ║ T3 (start_result)     = 227948907.028 ms                        ║
execution-manager  | ║ T4 (end_result)       = 227948908.107 ms                        ║
execution-manager  | ╠═══════════════════════════════════════════════════════════════╣
execution-manager  | ║ METRICS:                                                      ║
execution-manager  | ║   Request Latency    =        3.113 ms  (T2 - T1)            ║
execution-manager  | ║   Task Execution     =     5044.245 ms  (T3 - T2)            ║
execution-manager  | ║   Response Latency   =        1.078 ms  (T4 - T3)            ║
execution-manager  | ║   Total End-to-End   =     5048.437 ms  (T4 - T1)            ║
execution-manager  | ║   Network Overhead   =        4.192 ms  (Req + Resp)         ║
execution-manager  | ╚═══════════════════════════════════════════════════════════════╝
execution-manager  | 
execution-manager  | [gRPC Client Async] Stream completed, received 1 responses
execution-manager  | [GRPC THREAD 1] Completed
execution-manager  | [SCHEDULER] ✅ T=15049 ms: Task 1 'sum1' completed with status 2
execution-manager  | [SCHEDULER] 🔕 Timeout disarmed for task 1
execution-manager  | [SCHEDULER] 3 tasks remaining
execution-manager  | [gRPC Client Async] Response #1 - Status: COMPLETED
execution-manager  | 🎉 [T=15050 ms] Task 2 'sum2' COMPLETED
execution-manager  | [EXECUTION MANAGER] ⏱️ T2=227946255.764 ms | Thread started (server measured)
execution-manager  | [EXECUTION MANAGER] ⏱️ T3=227948908.953 ms | Task completed (server measured)
execution-manager  | [EXECUTION MANAGER] ⏱️ T4=227948909.459 ms | Result received by client
execution-manager  |    [TASK EXECUTION] 2653.189 ms (T3-T2, measured in thread)
execution-manager  |    [RESULT] {"result": 0}
execution-manager  | 
execution-manager  | ╔═══════════════════════════════════════════════════════════════╗
execution-manager  | ║           END-TO-END TIMING MEASUREMENT RECAP                 ║
execution-manager  | ║                   Task 2: sum2                                 
execution-manager  | ╠═══════════════════════════════════════════════════════════════╣
execution-manager  | ║ T1 (start_request)    = 227945005.180 ms                        ║
execution-manager  | ║ T2 (end_request)      = 227946255.764 ms                        ║
execution-manager  | ║ T3 (start_result)     = 227948908.953 ms                        ║
execution-manager  | ║ T4 (end_result)       = 227948909.459 ms                        ║
execution-manager  | ╠═══════════════════════════════════════════════════════════════╣
execution-manager  | ║ METRICS:                                                      ║
execution-manager  | ║   Request Latency    =     1250.584 ms  (T2 - T1)            ║
execution-manager  | ║   Task Execution     =     2653.189 ms  (T3 - T2)            ║
execution-manager  | ║   Response Latency   =        0.506 ms  (T4 - T3)            ║
execution-manager  | ║   Total End-to-End   =     3904.279 ms  (T4 - T1)            ║
execution-manager  | ║   Network Overhead   =     1251.090 ms  (Req + Resp)         ║
execution-manager  | ╚═══════════════════════════════════════════════════════════════╝
execution-manager  | 
execution-manager  | [gRPC Client Async] Stream completed, received 1 responses
execution-manager  | [GRPC THREAD 2] Completed
execution-manager  | [SCHEDULER] ✅ T=15050 ms: Task 2 'sum2' completed with status 2
execution-manager  | [SCHEDULER] 🔕 Timeout disarmed for task 2
execution-manager  | [SCHEDULER] 2 tasks remaining
execution-manager  | [SCHEDULER] ⏰ T=20000 ms | T_wall=227953859.595 ms: Launching task 3 'sum3' (deadline: 40000 ms)
execution-manager  | [SCHEDULER] 🕐 Timeout armed for task 3 at T=40000 ms (in 20000 ms)
execution-manager  | [GRPC THREAD 3] Starting...
execution-manager  | [EXECUTION MANAGER] ⏱️ T1=227953859.725 ms | Sending gRPC request for task 3 'sum3'
execution-manager  | [gRPC Channel Pool] Reusing existing channel for localhost:50053
execution-manager  | [gRPC Client Async] Calling task 'sum3' at localhost:50053
execution-manager  | [gRPC Client Async] Inputs: {"total_ops": 200, "io_percentage": 50}
execution-manager  | [SCHEDULER] ⏰ T=21146 ms | T_wall=227955005.029 ms: Launching task 4 'sum4' (deadline: 41000 ms)
execution-manager  | [SCHEDULER] 🕐 Timeout armed for task 4 at T=41000 ms (in 19854 ms)
execution-manager  | [GRPC THREAD 4] Starting...
execution-manager  | [EXECUTION MANAGER] ⏱️ T1=227955005.189 ms | Sending gRPC request for task 4 'sum4'
execution-manager  | [gRPC Channel Pool] Reusing existing channel for localhost:50054
execution-manager  | [gRPC Client Async] Calling task 'sum4' at localhost:50054
execution-manager  | [gRPC Client Async] Inputs: {"total_ops": 200, "io_percentage": 50}
execution-manager  | [gRPC Client Async] Response #1 - Status: COMPLETED
execution-manager  | 🎉 [T=25040 ms] Task 3 'sum3' COMPLETED
execution-manager  | [EXECUTION MANAGER] ⏱️ T2=227953860.742 ms | Thread started (server measured)
execution-manager  | [EXECUTION MANAGER] ⏱️ T3=227958898.664 ms | Task completed (server measured)
execution-manager  | [EXECUTION MANAGER] ⏱️ T4=227958899.341 ms | Result received by client
execution-manager  |    [TASK EXECUTION] 5037.923 ms (T3-T2, measured in thread)
execution-manager  |    [RESULT] {"result": 0}
execution-manager  | 
execution-manager  | ╔═══════════════════════════════════════════════════════════════╗
execution-manager  | ║           END-TO-END TIMING MEASUREMENT RECAP                 ║
execution-manager  | ║                   Task 3: sum3                                 
execution-manager  | ╠═══════════════════════════════════════════════════════════════╣
execution-manager  | ║ T1 (start_request)    = 227953859.725 ms                        ║
execution-manager  | ║ T2 (end_request)      = 227953860.742 ms                        ║
execution-manager  | ║ T3 (start_result)     = 227958898.664 ms                        ║
execution-manager  | ║ T4 (end_result)       = 227958899.341 ms                        ║
execution-manager  | ╠═══════════════════════════════════════════════════════════════╣
execution-manager  | ║ METRICS:                                                      ║
execution-manager  | ║   Request Latency    =        1.017 ms  (T2 - T1)            ║
execution-manager  | ║   Task Execution     =     5037.923 ms  (T3 - T2)            ║
execution-manager  | ║   Response Latency   =        0.676 ms  (T4 - T3)            ║
execution-manager  | ║   Total End-to-End   =     5039.616 ms  (T4 - T1)            ║
execution-manager  | ║   Network Overhead   =        1.693 ms  (Req + Resp)         ║
execution-manager  | ╚═══════════════════════════════════════════════════════════════╝
execution-manager  | 
execution-manager  | [SCHEDULER] ✅ T=25040 ms: Task 3 'sum3' completed with status 2
execution-manager  | [SCHEDULER] 🔕 Timeout disarmed for task 3
execution-manager  | [SCHEDULER] 1 tasks remaining
execution-manager  | [gRPC Client Async] Stream completed, received 1 responses
execution-manager  | [GRPC THREAD 3] Completed
execution-manager  | [gRPC Client Async] Response #1 - Status: COMPLETED
execution-manager  | 🎉 [T=25041 ms] Task 4 'sum4' COMPLETED
execution-manager  | [EXECUTION MANAGER] ⏱️ T2=227956251.936 ms | Thread started (server measured)
execution-manager  | [EXECUTION MANAGER] ⏱️ T3=227958900.511 ms | Task completed (server measured)
execution-manager  | [EXECUTION MANAGER] ⏱️ T4=227958900.961 ms | Result received by client
execution-manager  |    [TASK EXECUTION] 2648.575 ms (T3-T2, measured in thread)
execution-manager  |    [RESULT] {"result": 0}
execution-manager  | 
execution-manager  | ╔═══════════════════════════════════════════════════════════════╗
execution-manager  | ║           END-TO-END TIMING MEASUREMENT RECAP                 ║
execution-manager  | ║                   Task 4: sum4                                 
execution-manager  | ╠═══════════════════════════════════════════════════════════════╣
execution-manager  | ║ T1 (start_request)    = 227955005.189 ms                        ║
execution-manager  | ║ T2 (end_request)      = 227956251.936 ms                        ║
execution-manager  | ║ T3 (start_result)     = 227958900.511 ms                        ║
execution-manager  | ║ T4 (end_result)       = 227958900.961 ms                        ║
execution-manager  | ╠═══════════════════════════════════════════════════════════════╣
execution-manager  | ║ METRICS:                                                      ║
execution-manager  | ║   Request Latency    =     1246.746 ms  (T2 - T1)            ║
execution-manager  | ║   Task Execution     =     2648.575 ms  (T3 - T2)            ║
execution-manager  | ║   Response Latency   =        0.450 ms  (T4 - T3)            ║
execution-manager  | ║   Total End-to-End   =     3895.772 ms  (T4 - T1)            ║
execution-manager  | ║   Network Overhead   =     1247.196 ms  (Req + Resp)         ║
execution-manager  | ╚═══════════════════════════════════════════════════════════════╝
execution-manager  | 
execution-manager  | [gRPC Client Async] Stream completed, received 1 responses
execution-manager  | [GRPC THREAD 4] Completed
execution-manager  | [SCHEDULER] ✅ T=25042 ms: Task 4 'sum4' completed with status 2
execution-manager  | [SCHEDULER] 🔕 Timeout disarmed for task 4
execution-manager  | [SCHEDULER] 0 tasks remaining
execution-manager  | 
execution-manager  | [SCHEDULER] 🏁 Iteration 16/50 complete!
execution-manager  | [SCHEDULER] Iteration execution time: 25042 ms
execution-manager  | 
execution-manager  | 
execution-manager  | [SCHEDULER] 🔁 ===== ITERATION 17 / 50 =====
execution-manager  | 
execution-manager  | [SCHEDULER] 🚀 Schedule started at T=0
execution-manager  | 
execution-manager  | [SCHEDULER] 🔄 Entering event loop (NO SLEEP - event-driven!)
execution-manager  | 
execution-manager  | [SCHEDULER] ⏰ T=10000 ms | T_wall=227968901.366 ms: Launching task 1 'sum1' (deadline: 30000 ms)
execution-manager  | [SCHEDULER] 🕐 Timeout armed for task 1 at T=30000 ms (in 20000 ms)
execution-manager  | [GRPC THREAD 1] Starting...
execution-manager  | [EXECUTION MANAGER] ⏱️ T1=227968901.500 ms | Sending gRPC request for task 1 'sum1'
execution-manager  | [gRPC Channel Pool] Reusing existing channel for localhost:50051
execution-manager  | [gRPC Client Async] Calling task 'sum1' at localhost:50051
execution-manager  | [gRPC Client Async] Inputs: {"total_ops": 200, "io_percentage": 50}
execution-manager  | [SCHEDULER] ⏰ T=11104 ms | T_wall=227970005.029 ms: Launching task 2 'sum2' (deadline: 31000 ms)
execution-manager  | [SCHEDULER] 🕐 Timeout armed for task 2 at T=31000 ms (in 19896 ms)
execution-manager  | [GRPC THREAD 2] Starting...
execution-manager  | [EXECUTION MANAGER] ⏱️ T1=227970005.187 ms | Sending gRPC request for task 2 'sum2'
execution-manager  | [gRPC Channel Pool] Reusing existing channel for localhost:50052
execution-manager  | [gRPC Client Async] Calling task 'sum2' at localhost:50052
execution-manager  | [gRPC Client Async] Inputs: {"total_ops": 200, "io_percentage": 50}
execution-manager  | [gRPC Client Async] Response #1 - Status: COMPLETED
execution-manager  | 🎉 [T=15083 ms] Task 1 'sum1' COMPLETED
execution-manager  | [EXECUTION MANAGER] ⏱️ T2=227968904.535 ms | Thread started (server measured)
execution-manager  | [EXECUTION MANAGER] ⏱️ T3=227973983.395 ms | Task completed (server measured)
execution-manager  | [EXECUTION MANAGER] ⏱️ T4=227973984.131 ms | Result received by client
execution-manager  |    [TASK EXECUTION] 5078.860 ms (T3-T2, measured in thread)
execution-manager  |    [RESULT] {"result": 0}
execution-manager  | 
execution-manager  | ╔═══════════════════════════════════════════════════════════════╗
execution-manager  | ║           END-TO-END TIMING MEASUREMENT RECAP                 ║
execution-manager  | ║                   Task 1: sum1                                 
execution-manager  | ╠═══════════════════════════════════════════════════════════════╣
execution-manager  | ║ T1 (start_request)    = 227968901.500 ms                        ║
execution-manager  | ║ T2 (end_request)      = 227968904.535 ms                        ║
execution-manager  | ║ T3 (start_result)     = 227973983.395 ms                        ║
execution-manager  | ║ T4 (end_result)       = 227973984.131 ms                        ║
execution-manager  | ╠═══════════════════════════════════════════════════════════════╣
execution-manager  | ║ METRICS:                                                      ║
execution-manager  | ║   Request Latency    =        3.035 ms  (T2 - T1)            ║
execution-manager  | ║   Task Execution     =     5078.860 ms  (T3 - T2)            ║
execution-manager  | ║   Response Latency   =        0.736 ms  (T4 - T3)            ║
execution-manager  | ║   Total End-to-End   =     5082.631 ms  (T4 - T1)            ║
execution-manager  | ║   Network Overhead   =        3.771 ms  (Req + Resp)         ║
execution-manager  | ╚═══════════════════════════════════════════════════════════════╝
execution-manager  | 
execution-manager  | [SCHEDULER] ✅ T=15083 ms: Task 1 'sum1' completed with status 2
execution-manager  | [SCHEDULER] 🔕 Timeout disarmed for task 1
execution-manager  | [SCHEDULER] 3 tasks remaining
execution-manager  | [gRPC Client Async] Stream completed, received 1 responses
execution-manager  | [GRPC THREAD 1] Completed
execution-manager  | [gRPC Client Async] Response #1 - Status: COMPLETED
execution-manager  | 🎉 [T=15085 ms] Task 2 'sum2' COMPLETED
execution-manager  | [EXECUTION MANAGER] ⏱️ T2=227971298.221 ms | Thread started (server measured)
execution-manager  | [EXECUTION MANAGER] ⏱️ T3=227973986.225 ms | Task completed (server measured)
execution-manager  | [EXECUTION MANAGER] ⏱️ T4=227973986.685 ms | Result received by client
execution-manager  |    [TASK EXECUTION] 2688.004 ms (T3-T2, measured in thread)
execution-manager  |    [RESULT] {"result": 0}
execution-manager  | 
execution-manager  | ╔═══════════════════════════════════════════════════════════════╗
execution-manager  | ║           END-TO-END TIMING MEASUREMENT RECAP                 ║
execution-manager  | ║                   Task 2: sum2                                 
execution-manager  | ╠═══════════════════════════════════════════════════════════════╣
execution-manager  | ║ T1 (start_request)    = 227970005.187 ms                        ║
execution-manager  | ║ T2 (end_request)      = 227971298.221 ms                        ║
execution-manager  | ║ T3 (start_result)     = 227973986.225 ms                        ║
execution-manager  | ║ T4 (end_result)       = 227973986.685 ms                        ║
execution-manager  | ╠═══════════════════════════════════════════════════════════════╣
execution-manager  | ║ METRICS:                                                      ║
execution-manager  | ║   Request Latency    =     1293.033 ms  (T2 - T1)            ║
execution-manager  | ║   Task Execution     =     2688.004 ms  (T3 - T2)            ║
execution-manager  | ║   Response Latency   =        0.460 ms  (T4 - T3)            ║
execution-manager  | ║   Total End-to-End   =     3981.498 ms  (T4 - T1)            ║
execution-manager  | ║   Network Overhead   =     1293.493 ms  (Req + Resp)         ║
execution-manager  | ╚═══════════════════════════════════════════════════════════════╝
execution-manager  | 
execution-manager  | [gRPC Client Async] Stream completed, received 1 responses
execution-manager  | [GRPC THREAD 2] Completed
execution-manager  | [SCHEDULER] ✅ T=15085 ms: Task 2 'sum2' completed with status 2
execution-manager  | [SCHEDULER] 🔕 Timeout disarmed for task 2
execution-manager  | [SCHEDULER] 2 tasks remaining
execution-manager  | [SCHEDULER] ⏰ T=20000 ms | T_wall=227978901.424 ms: Launching task 3 'sum3' (deadline: 40000 ms)
execution-manager  | [SCHEDULER] 🕐 Timeout armed for task 3 at T=40000 ms (in 20000 ms)
execution-manager  | [GRPC THREAD 3] Starting...
execution-manager  | [EXECUTION MANAGER] ⏱️ T1=227978901.551 ms | Sending gRPC request for task 3 'sum3'
execution-manager  | [gRPC Channel Pool] Reusing existing channel for localhost:50053
execution-manager  | [gRPC Client Async] Calling task 'sum3' at localhost:50053
execution-manager  | [gRPC Client Async] Inputs: {"total_ops": 200, "io_percentage": 50}
execution-manager  | [SCHEDULER] ⏰ T=21104 ms | T_wall=227980005.030 ms: Launching task 4 'sum4' (deadline: 41000 ms)
execution-manager  | [SCHEDULER] 🕐 Timeout armed for task 4 at T=41000 ms (in 19896 ms)
execution-manager  | [GRPC THREAD 4] Starting...
execution-manager  | [EXECUTION MANAGER] ⏱️ T1=227980005.187 ms | Sending gRPC request for task 4 'sum4'
execution-manager  | [gRPC Channel Pool] Reusing existing channel for localhost:50054
execution-manager  | [gRPC Client Async] Calling task 'sum4' at localhost:50054
execution-manager  | [gRPC Client Async] Inputs: {"total_ops": 200, "io_percentage": 50}
execution-manager  | [gRPC Client Async] Response #1 - Status: COMPLETED
execution-manager  | 🎉 [T=25040 ms] Task 3 'sum3' COMPLETED
execution-manager  | [EXECUTION MANAGER] ⏱️ T2=227978902.792 ms | Thread started (server measured)
execution-manager  | [EXECUTION MANAGER] ⏱️ T3=227983940.498 ms | Task completed (server measured)
execution-manager  | [EXECUTION MANAGER] ⏱️ T4=227983941.234 ms | Result received by client
execution-manager  |    [TASK EXECUTION] 5037.706 ms (T3-T2, measured in thread)
execution-manager  |    [RESULT] {"result": 0}
execution-manager  | 
execution-manager  | ╔═══════════════════════════════════════════════════════════════╗
execution-manager  | ║           END-TO-END TIMING MEASUREMENT RECAP                 ║
execution-manager  | ║                   Task 3: sum3                                 
execution-manager  | ╠═══════════════════════════════════════════════════════════════╣
execution-manager  | ║ T1 (start_request)    = 227978901.551 ms                        ║
execution-manager  | ║ T2 (end_request)      = 227978902.792 ms                        ║
execution-manager  | ║ T3 (start_result)     = 227983940.498 ms                        ║
execution-manager  | ║ T4 (end_result)       = 227983941.234 ms                        ║
execution-manager  | ╠═══════════════════════════════════════════════════════════════╣
execution-manager  | ║ METRICS:                                                      ║
execution-manager  | ║   Request Latency    =        1.241 ms  (T2 - T1)            ║
execution-manager  | ║   Task Execution     =     5037.706 ms  (T3 - T2)            ║
execution-manager  | ║   Response Latency   =        0.736 ms  (T4 - T3)            ║
execution-manager  | ║   Total End-to-End   =     5039.683 ms  (T4 - T1)            ║
execution-manager  | ║   Network Overhead   =        1.977 ms  (Req + Resp)         ║
execution-manager  | ╚═══════════════════════════════════════════════════════════════╝
execution-manager  | 
execution-manager  | [SCHEDULER] ✅ T=25040 ms: Task 3 'sum3' completed with status 2
execution-manager  | [SCHEDULER] 🔕 Timeout disarmed for task 3
execution-manager  | [SCHEDULER] 1 tasks remaining
execution-manager  | [gRPC Client Async] Stream completed, received 1 responses
execution-manager  | [GRPC THREAD 3] Completed
execution-manager  | [gRPC Client Async] Response #1 - Status: COMPLETED
execution-manager  | 🎉 [T=25044 ms] Task 4 'sum4' COMPLETED
execution-manager  | [EXECUTION MANAGER] ⏱️ T2=227981294.091 ms | Thread started (server measured)
execution-manager  | [EXECUTION MANAGER] ⏱️ T3=227983945.041 ms | Task completed (server measured)
execution-manager  | [EXECUTION MANAGER] ⏱️ T4=227983945.472 ms | Result received by client
execution-manager  |    [TASK EXECUTION] 2650.950 ms (T3-T2, measured in thread)
execution-manager  |    [RESULT] {"result": 0}
execution-manager  | 
execution-manager  | ╔═══════════════════════════════════════════════════════════════╗
execution-manager  | ║           END-TO-END TIMING MEASUREMENT RECAP                 ║
execution-manager  | ║                   Task 4: sum4                                 
execution-manager  | ╠═══════════════════════════════════════════════════════════════╣
execution-manager  | ║ T1 (start_request)    = 227980005.187 ms                        ║
execution-manager  | ║ T2 (end_request)      = 227981294.091 ms                        ║
execution-manager  | ║ T3 (start_result)     = 227983945.041 ms                        ║
execution-manager  | ║ T4 (end_result)       = 227983945.472 ms                        ║
execution-manager  | ╠═══════════════════════════════════════════════════════════════╣
execution-manager  | ║ METRICS:                                                      ║
execution-manager  | ║   Request Latency    =     1288.904 ms  (T2 - T1)            ║
execution-manager  | ║   Task Execution     =     2650.950 ms  (T3 - T2)            ║
execution-manager  | ║   Response Latency   =        0.431 ms  (T4 - T3)            ║
execution-manager  | ║   Total End-to-End   =     3940.285 ms  (T4 - T1)            ║
execution-manager  | ║   Network Overhead   =     1289.334 ms  (Req + Resp)         ║
execution-manager  | ╚═══════════════════════════════════════════════════════════════╝
execution-manager  | 
execution-manager  | [gRPC Client Async] Stream completed, received 1 responses
execution-manager  | [GRPC THREAD 4] Completed
execution-manager  | [SCHEDULER] ✅ T=25044 ms: Task 4 'sum4' completed with status 2
execution-manager  | [SCHEDULER] 🔕 Timeout disarmed for task 4
execution-manager  | [SCHEDULER] 0 tasks remaining
execution-manager  | 
execution-manager  | [SCHEDULER] 🏁 Iteration 17/50 complete!
execution-manager  | [SCHEDULER] Iteration execution time: 25044 ms
execution-manager  | 
execution-manager  | 
execution-manager  | [SCHEDULER] 🔁 ===== ITERATION 18 / 50 =====
execution-manager  | 
execution-manager  | [SCHEDULER] 🚀 Schedule started at T=0
execution-manager  | 
execution-manager  | [SCHEDULER] 🔄 Entering event loop (NO SLEEP - event-driven!)
execution-manager  | 
execution-manager  | [SCHEDULER] ⏰ T=10000 ms | T_wall=227993945.872 ms: Launching task 1 'sum1' (deadline: 30000 ms)
execution-manager  | [SCHEDULER] 🕐 Timeout armed for task 1 at T=30000 ms (in 20000 ms)
execution-manager  | [GRPC THREAD 1] Starting...
execution-manager  | [EXECUTION MANAGER] ⏱️ T1=227993946.016 ms | Sending gRPC request for task 1 'sum1'
execution-manager  | [gRPC Channel Pool] Reusing existing channel for localhost:50051
execution-manager  | [gRPC Client Async] Calling task 'sum1' at localhost:50051
execution-manager  | [gRPC Client Async] Inputs: {"total_ops": 200, "io_percentage": 50}
execution-manager  | [SCHEDULER] ⏰ T=11060 ms | T_wall=227995005.029 ms: Launching task 2 'sum2' (deadline: 31000 ms)
execution-manager  | [SCHEDULER] 🕐 Timeout armed for task 2 at T=31000 ms (in 19940 ms)
execution-manager  | [GRPC THREAD 2] Starting...
execution-manager  | [EXECUTION MANAGER] ⏱️ T1=227995005.235 ms | Sending gRPC request for task 2 'sum2'
execution-manager  | [gRPC Channel Pool] Reusing existing channel for localhost:50052
execution-manager  | [gRPC Client Async] Calling task 'sum2' at localhost:50052
execution-manager  | [gRPC Client Async] Inputs: {"total_ops": 200, "io_percentage": 50}
execution-manager  | [gRPC Client Async] Response #1 - Status: COMPLETED
execution-manager  | 🎉 [T=15150 ms] Task 1 'sum1' COMPLETED
execution-manager  | [EXECUTION MANAGER] ⏱️ T2=227993949.141 ms | Thread started (server measured)
execution-manager  | [EXECUTION MANAGER] ⏱️ T3=227999094.545 ms | Task completed (server measured)
execution-manager  | [EXECUTION MANAGER] ⏱️ T4=227999095.235 ms | Result received by client
execution-manager  |    [TASK EXECUTION] 5145.404 ms (T3-T2, measured in thread)
execution-manager  |    [RESULT] {"result": 0}
execution-manager  | 
execution-manager  | ╔═══════════════════════════════════════════════════════════════╗
execution-manager  | ║           END-TO-END TIMING MEASUREMENT RECAP                 ║
execution-manager  | ║                   Task 1: sum1                                 
execution-manager  | ╠═══════════════════════════════════════════════════════════════╣
execution-manager  | ║ T1 (start_request)    = 227993946.016 ms                        ║
execution-manager  | ║ T2 (end_request)      = 227993949.141 ms                        ║
execution-manager  | ║ T3 (start_result)     = 227999094.545 ms                        ║
execution-manager  | ║ T4 (end_result)       = 227999095.235 ms                        ║
execution-manager  | ╠═══════════════════════════════════════════════════════════════╣
execution-manager  | ║ METRICS:                                                      ║
execution-manager  | ║   Request Latency    =        3.125 ms  (T2 - T1)            ║
execution-manager  | ║   Task Execution     =     5145.404 ms  (T3 - T2)            ║
execution-manager  | ║   Response Latency   =        0.690 ms  (T4 - T3)            ║
execution-manager  | ║   Total End-to-End   =     5149.218 ms  (T4 - T1)            ║
execution-manager  | ║   Network Overhead   =        3.814 ms  (Req + Resp)         ║
execution-manager  | ╚═══════════════════════════════════════════════════════════════╝
execution-manager  | 
execution-manager  | [SCHEDULER] ✅ T=15150 ms: Task 1 'sum1' completed with status 2
execution-manager  | [SCHEDULER] 🔕 Timeout disarmed for task 1
execution-manager  | [SCHEDULER] 3 tasks remaining
execution-manager  | [gRPC Client Async] Stream completed, received 1 responses
execution-manager  | [GRPC THREAD 1] Completed
execution-manager  | [gRPC Client Async] Response #1 - Status: COMPLETED
execution-manager  | 🎉 [T=15171 ms] Task 2 'sum2' COMPLETED
execution-manager  | [EXECUTION MANAGER] ⏱️ T2=227996342.391 ms | Thread started (server measured)
execution-manager  | [EXECUTION MANAGER] ⏱️ T3=227999116.469 ms | Task completed (server measured)
execution-manager  | [EXECUTION MANAGER] ⏱️ T4=227999116.907 ms | Result received by client
execution-manager  |    [TASK EXECUTION] 2774.078 ms (T3-T2, measured in thread)
execution-manager  |    [RESULT] {"result": 0}
execution-manager  | 
execution-manager  | ╔═══════════════════════════════════════════════════════════════╗
execution-manager  | ║           END-TO-END TIMING MEASUREMENT RECAP                 ║
execution-manager  | ║                   Task 2: sum2                                 
execution-manager  | ╠═══════════════════════════════════════════════════════════════╣
execution-manager  | ║ T1 (start_request)    = 227995005.235 ms                        ║
execution-manager  | ║ T2 (end_request)      = 227996342.391 ms                        ║
execution-manager  | ║ T3 (start_result)     = 227999116.469 ms                        ║
execution-manager  | ║ T4 (end_result)       = 227999116.907 ms                        ║
execution-manager  | ╠═══════════════════════════════════════════════════════════════╣
execution-manager  | ║ METRICS:                                                      ║
execution-manager  | ║   Request Latency    =     1337.156 ms  (T2 - T1)            ║
execution-manager  | ║   Task Execution     =     2774.078 ms  (T3 - T2)            ║
execution-manager  | ║   Response Latency   =        0.438 ms  (T4 - T3)            ║
execution-manager  | ║   Total End-to-End   =     4111.672 ms  (T4 - T1)            ║
execution-manager  | ║   Network Overhead   =     1337.594 ms  (Req + Resp)         ║
execution-manager  | ╚═══════════════════════════════════════════════════════════════╝
execution-manager  | 
execution-manager  | [gRPC Client Async] Stream completed, received 1 responses
execution-manager  | [GRPC THREAD 2] Completed
execution-manager  | [SCHEDULER] ✅ T=15172 ms: Task 2 'sum2' completed with status 2
execution-manager  | [SCHEDULER] 🔕 Timeout disarmed for task 2
execution-manager  | [SCHEDULER] 2 tasks remaining
execution-manager  | [SCHEDULER] ⏰ T=20000 ms | T_wall=228003945.931 ms: Launching task 3 'sum3' (deadline: 40000 ms)
execution-manager  | [SCHEDULER] 🕐 Timeout armed for task 3 at T=40000 ms (in 19999 ms)
execution-manager  | [GRPC THREAD 3] Starting...
execution-manager  | [EXECUTION MANAGER] ⏱️ T1=228003946.081 ms | Sending gRPC request for task 3 'sum3'
execution-manager  | [gRPC Channel Pool] Reusing existing channel for localhost:50053
execution-manager  | [gRPC Client Async] Calling task 'sum3' at localhost:50053
execution-manager  | [gRPC Client Async] Inputs: {"total_ops": 200, "io_percentage": 50}
execution-manager  | [SCHEDULER] ⏰ T=21060 ms | T_wall=228005005.243 ms: Launching task 4 'sum4' (deadline: 41000 ms)
execution-manager  | [SCHEDULER] 🕐 Timeout armed for task 4 at T=41000 ms (in 19940 ms)
execution-manager  | [GRPC THREAD 4] Starting...
execution-manager  | [EXECUTION MANAGER] ⏱️ T1=228005005.488 ms | Sending gRPC request for task 4 'sum4'
execution-manager  | [gRPC Channel Pool] Reusing existing channel for localhost:50054
execution-manager  | [gRPC Client Async] Calling task 'sum4' at localhost:50054
execution-manager  | [gRPC Client Async] Inputs: {"total_ops": 200, "io_percentage": 50}
execution-manager  | [gRPC Client Async] Response #1 - Status: COMPLETED
execution-manager  | 🎉 [T=25227 ms] Task 3 'sum3' COMPLETED
execution-manager  | [EXECUTION MANAGER] ⏱️ T2=228003947.241 ms | Thread started (server measured)
execution-manager  | [EXECUTION MANAGER] ⏱️ T3=228009171.579 ms | Task completed (server measured)
execution-manager  | [EXECUTION MANAGER] ⏱️ T4=228009172.202 ms | Result received by client
execution-manager  |    [TASK EXECUTION] 5224.338 ms (T3-T2, measured in thread)
execution-manager  |    [RESULT] {"result": 0}
execution-manager  | 
execution-manager  | ╔═══════════════════════════════════════════════════════════════╗
execution-manager  | ║           END-TO-END TIMING MEASUREMENT RECAP                 ║
execution-manager  | ║                   Task 3: sum3                                 
execution-manager  | ╠═══════════════════════════════════════════════════════════════╣
execution-manager  | ║ T1 (start_request)    = 228003946.081 ms                        ║
execution-manager  | ║ T2 (end_request)      = 228003947.241 ms                        ║
execution-manager  | ║ T3 (start_result)     = 228009171.579 ms                        ║
execution-manager  | ║ T4 (end_result)       = 228009172.202 ms                        ║
execution-manager  | ╠═══════════════════════════════════════════════════════════════╣
execution-manager  | ║ METRICS:                                                      ║
execution-manager  | ║   Request Latency    =        1.160 ms  (T2 - T1)            ║
execution-manager  | ║   Task Execution     =     5224.338 ms  (T3 - T2)            ║
execution-manager  | ║   Response Latency   =        0.623 ms  (T4 - T3)            ║
execution-manager  | ║   Total End-to-End   =     5226.121 ms  (T4 - T1)            ║
execution-manager  | ║   Network Overhead   =        1.783 ms  (Req + Resp)         ║
execution-manager  | ╚═══════════════════════════════════════════════════════════════╝
execution-manager  | 
execution-manager  | [SCHEDULER] ✅ T=25227 ms: Task 3 'sum3' completed with status 2
execution-manager  | [SCHEDULER] 🔕 Timeout disarmed for task 3
execution-manager  | [SCHEDULER] 1 tasks remaining
execution-manager  | [gRPC Client Async] Stream completed, received 1 responses
execution-manager  | [GRPC THREAD 3] Completed
execution-manager  | [gRPC Client Async] Response #1 - Status: COMPLETED
execution-manager  | 🎉 [T=25228 ms] Task 4 'sum4' COMPLETED
execution-manager  | [EXECUTION MANAGER] ⏱️ T2=228006339.532 ms | Thread started (server measured)
execution-manager  | [EXECUTION MANAGER] ⏱️ T3=228009173.059 ms | Task completed (server measured)
execution-manager  | [EXECUTION MANAGER] ⏱️ T4=228009173.479 ms | Result received by client
execution-manager  |    [TASK EXECUTION] 2833.527 ms (T3-T2, measured in thread)
execution-manager  |    [RESULT] {"result": 0}
execution-manager  | 
execution-manager  | ╔═══════════════════════════════════════════════════════════════╗
execution-manager  | ║           END-TO-END TIMING MEASUREMENT RECAP                 ║
execution-manager  | ║                   Task 4: sum4                                 
execution-manager  | ╠═══════════════════════════════════════════════════════════════╣
execution-manager  | ║ T1 (start_request)    = 228005005.488 ms                        ║
execution-manager  | ║ T2 (end_request)      = 228006339.532 ms                        ║
execution-manager  | ║ T3 (start_result)     = 228009173.059 ms                        ║
execution-manager  | ║ T4 (end_result)       = 228009173.479 ms                        ║
execution-manager  | ╠═══════════════════════════════════════════════════════════════╣
execution-manager  | ║ METRICS:                                                      ║
execution-manager  | ║   Request Latency    =     1334.044 ms  (T2 - T1)            ║
execution-manager  | ║   Task Execution     =     2833.527 ms  (T3 - T2)            ║
execution-manager  | ║   Response Latency   =        0.420 ms  (T4 - T3)            ║
execution-manager  | ║   Total End-to-End   =     4167.991 ms  (T4 - T1)            ║
execution-manager  | ║   Network Overhead   =     1334.464 ms  (Req + Resp)         ║
execution-manager  | ╚═══════════════════════════════════════════════════════════════╝
execution-manager  | 
execution-manager  | [gRPC Client Async] Stream completed, received 1 responses
execution-manager  | [GRPC THREAD 4] Completed
execution-manager  | [SCHEDULER] ✅ T=25228 ms: Task 4 'sum4' completed with status 2
execution-manager  | [SCHEDULER] 🔕 Timeout disarmed for task 4
execution-manager  | [SCHEDULER] 0 tasks remaining
execution-manager  | 
execution-manager  | [SCHEDULER] 🏁 Iteration 18/50 complete!
execution-manager  | [SCHEDULER] Iteration execution time: 25228 ms
execution-manager  | 
execution-manager  | 
execution-manager  | [SCHEDULER] 🔁 ===== ITERATION 19 / 50 =====
execution-manager  | 
execution-manager  | [SCHEDULER] 🚀 Schedule started at T=0
execution-manager  | 
execution-manager  | [SCHEDULER] 🔄 Entering event loop (NO SLEEP - event-driven!)
execution-manager  | 
execution-manager  | [SCHEDULER] ⏰ T=10000 ms | T_wall=228019173.860 ms: Launching task 1 'sum1' (deadline: 30000 ms)
execution-manager  | [SCHEDULER] 🕐 Timeout armed for task 1 at T=30000 ms (in 20000 ms)
execution-manager  | [GRPC THREAD 1] Starting...
execution-manager  | [EXECUTION MANAGER] ⏱️ T1=228019173.997 ms | Sending gRPC request for task 1 'sum1'
execution-manager  | [gRPC Channel Pool] Reusing existing channel for localhost:50051
execution-manager  | [gRPC Client Async] Calling task 'sum1' at localhost:50051
execution-manager  | [gRPC Client Async] Inputs: {"total_ops": 200, "io_percentage": 50}
execution-manager  | [SCHEDULER] ⏰ T=12343 ms | T_wall=228021516.322 ms: Launching task 2 'sum2' (deadline: 31000 ms)
execution-manager  | [SCHEDULER] 🕐 Timeout armed for task 2 at T=31000 ms (in 18657 ms)
execution-manager  | [GRPC THREAD 2] Starting...
execution-manager  | [EXECUTION MANAGER] ⏱️ T1=228021516.460 ms | Sending gRPC request for task 2 'sum2'
execution-manager  | [gRPC Channel Pool] Reusing existing channel for localhost:50052
execution-manager  | [gRPC Client Async] Calling task 'sum2' at localhost:50052
execution-manager  | [gRPC Client Async] Inputs: {"total_ops": 200, "io_percentage": 50}
execution-manager  | [gRPC Client Async] Response #1 - Status: COMPLETED
execution-manager  | 🎉 [T=14931 ms] Task 1 'sum1' COMPLETED
execution-manager  | [EXECUTION MANAGER] ⏱️ T2=228019174.997 ms | Thread started (server measured)
execution-manager  | [EXECUTION MANAGER] ⏱️ T3=228024103.352 ms | Task completed (server measured)
execution-manager  | [EXECUTION MANAGER] ⏱️ T4=228024104.079 ms | Result received by client
execution-manager  |    [TASK EXECUTION] 4928.355 ms (T3-T2, measured in thread)
execution-manager  |    [RESULT] {"result": 0}
execution-manager  | 
execution-manager  | ╔═══════════════════════════════════════════════════════════════╗
execution-manager  | ║           END-TO-END TIMING MEASUREMENT RECAP                 ║
execution-manager  | ║                   Task 1: sum1                                 
execution-manager  | ╠═══════════════════════════════════════════════════════════════╣
execution-manager  | ║ T1 (start_request)    = 228019173.997 ms                        ║
execution-manager  | ║ T2 (end_request)      = 228019174.997 ms                        ║
execution-manager  | ║ T3 (start_result)     = 228024103.352 ms                        ║
execution-manager  | ║ T4 (end_result)       = 228024104.079 ms                        ║
execution-manager  | ╠═══════════════════════════════════════════════════════════════╣
execution-manager  | ║ METRICS:                                                      ║
execution-manager  | ║   Request Latency    =        1.000 ms  (T2 - T1)            ║
execution-manager  | ║   Task Execution     =     4928.355 ms  (T3 - T2)            ║
execution-manager  | ║   Response Latency   =        0.727 ms  (T4 - T3)            ║
execution-manager  | ║   Total End-to-End   =     4930.082 ms  (T4 - T1)            ║
execution-manager  | ║   Network Overhead   =        1.727 ms  (Req + Resp)         ║
execution-manager  | ╚═══════════════════════════════════════════════════════════════╝
execution-manager  | 
execution-manager  | [SCHEDULER] ✅ T=14931 ms: Task 1 'sum1' completed with status 2
execution-manager  | [SCHEDULER] 🔕 Timeout disarmed for task 1
execution-manager  | [SCHEDULER] 3 tasks remaining
execution-manager  | [gRPC Client Async] Stream completed, received 1 responses
execution-manager  | [GRPC THREAD 1] Completed
execution-manager  | [gRPC Client Async] Response #1 - Status: COMPLETED
execution-manager  | 🎉 [T=14932 ms] Task 2 'sum2' COMPLETED
execution-manager  | [EXECUTION MANAGER] ⏱️ T2=228021518.665 ms | Thread started (server measured)
execution-manager  | [EXECUTION MANAGER] ⏱️ T3=228024105.061 ms | Task completed (server measured)
execution-manager  | [EXECUTION MANAGER] ⏱️ T4=228024105.712 ms | Result received by client
execution-manager  |    [TASK EXECUTION] 2586.396 ms (T3-T2, measured in thread)
execution-manager  |    [RESULT] {"result": 0}
execution-manager  | 
execution-manager  | ╔═══════════════════════════════════════════════════════════════╗
execution-manager  | ║           END-TO-END TIMING MEASUREMENT RECAP                 ║
execution-manager  | ║                   Task 2: sum2                                 
execution-manager  | ╠═══════════════════════════════════════════════════════════════╣
execution-manager  | ║ T1 (start_request)    = 228021516.460 ms                        ║
execution-manager  | ║ T2 (end_request)      = 228021518.665 ms                        ║
execution-manager  | ║ T3 (start_result)     = 228024105.061 ms                        ║
execution-manager  | ║ T4 (end_result)       = 228024105.712 ms                        ║
execution-manager  | ╠═══════════════════════════════════════════════════════════════╣
execution-manager  | ║ METRICS:                                                      ║
execution-manager  | ║   Request Latency    =        2.206 ms  (T2 - T1)            ║
execution-manager  | ║   Task Execution     =     2586.396 ms  (T3 - T2)            ║
execution-manager  | ║   Response Latency   =        0.651 ms  (T4 - T3)            ║
execution-manager  | ║   Total End-to-End   =     2589.253 ms  (T4 - T1)            ║
execution-manager  | ║   Network Overhead   =        2.857 ms  (Req + Resp)         ║
execution-manager  | ╚═══════════════════════════════════════════════════════════════╝
execution-manager  | 
execution-manager  | [gRPC Client Async] Stream completed, received 1 responses
execution-manager  | [GRPC THREAD 2] Completed
execution-manager  | [SCHEDULER] ✅ T=14932 ms: Task 2 'sum2' completed with status 2
execution-manager  | [SCHEDULER] 🔕 Timeout disarmed for task 2
execution-manager  | [SCHEDULER] 2 tasks remaining
execution-manager  | [SCHEDULER] ⏰ T=20000 ms | T_wall=228029173.920 ms: Launching task 3 'sum3' (deadline: 40000 ms)
execution-manager  | [SCHEDULER] 🕐 Timeout armed for task 3 at T=40000 ms (in 19999 ms)
execution-manager  | [GRPC THREAD 3] Starting...
execution-manager  | [EXECUTION MANAGER] ⏱️ T1=228029174.140 ms | Sending gRPC request for task 3 'sum3'
execution-manager  | [gRPC Channel Pool] Reusing existing channel for localhost:50053
execution-manager  | [gRPC Client Async] Calling task 'sum3' at localhost:50053
execution-manager  | [gRPC Client Async] Inputs: {"total_ops": 200, "io_percentage": 50}
execution-manager  | [SCHEDULER] ⏰ T=21832 ms | T_wall=228031005.029 ms: Launching task 4 'sum4' (deadline: 41000 ms)
execution-manager  | [SCHEDULER] 🕐 Timeout armed for task 4 at T=41000 ms (in 19168 ms)
execution-manager  | [GRPC THREAD 4] Starting...
execution-manager  | [EXECUTION MANAGER] ⏱️ T1=228031005.188 ms | Sending gRPC request for task 4 'sum4'
execution-manager  | [gRPC Channel Pool] Reusing existing channel for localhost:50054
execution-manager  | [gRPC Client Async] Calling task 'sum4' at localhost:50054
execution-manager  | [gRPC Client Async] Inputs: {"total_ops": 200, "io_percentage": 50}
execution-manager  | [gRPC Client Async] Response #1 - Status: COMPLETED
execution-manager  | 🎉 [T=24986 ms] Task 3 'sum3' COMPLETED
execution-manager  | [EXECUTION MANAGER] ⏱️ T2=228029175.220 ms | Thread started (server measured)
execution-manager  | [EXECUTION MANAGER] ⏱️ T3=228034158.467 ms | Task completed (server measured)
execution-manager  | [EXECUTION MANAGER] ⏱️ T4=228034159.106 ms | Result received by client
execution-manager  |    [TASK EXECUTION] 4983.247 ms (T3-T2, measured in thread)
execution-manager  |    [RESULT] {"result": 0}
execution-manager  | 
execution-manager  | ╔═══════════════════════════════════════════════════════════════╗
execution-manager  | ║           END-TO-END TIMING MEASUREMENT RECAP                 ║
execution-manager  | ║                   Task 3: sum3                                 
execution-manager  | ╠═══════════════════════════════════════════════════════════════╣
execution-manager  | ║ T1 (start_request)    = 228029174.140 ms                        ║
execution-manager  | ║ T2 (end_request)      = 228029175.220 ms                        ║
execution-manager  | ║ T3 (start_result)     = 228034158.467 ms                        ║
execution-manager  | ║ T4 (end_result)       = 228034159.106 ms                        ║
execution-manager  | ╠═══════════════════════════════════════════════════════════════╣
execution-manager  | ║ METRICS:                                                      ║
execution-manager  | ║   Request Latency    =        1.080 ms  (T2 - T1)            ║
execution-manager  | ║   Task Execution     =     4983.247 ms  (T3 - T2)            ║
execution-manager  | ║   Response Latency   =        0.639 ms  (T4 - T3)            ║
execution-manager  | ║   Total End-to-End   =     4984.967 ms  (T4 - T1)            ║
execution-manager  | ║   Network Overhead   =        1.719 ms  (Req + Resp)         ║
execution-manager  | ╚═══════════════════════════════════════════════════════════════╝
execution-manager  | 
execution-manager  | [SCHEDULER] ✅ T=24986 ms: Task 3 'sum3' completed with status 2
execution-manager  | [SCHEDULER] 🔕 Timeout disarmed for task 3
execution-manager  | [SCHEDULER] 1 tasks remaining
execution-manager  | [gRPC Client Async] Stream completed, received 1 responses
execution-manager  | [GRPC THREAD 3] Completed
execution-manager  | [gRPC Client Async] Response #1 - Status: COMPLETED
execution-manager  | 🎉 [T=24987 ms] Task 4 'sum4' COMPLETED
execution-manager  | [EXECUTION MANAGER] ⏱️ T2=228031517.209 ms | Thread started (server measured)
execution-manager  | [EXECUTION MANAGER] ⏱️ T3=228034159.948 ms | Task completed (server measured)
execution-manager  | [EXECUTION MANAGER] ⏱️ T4=228034160.495 ms | Result received by client
execution-manager  |    [TASK EXECUTION] 2642.739 ms (T3-T2, measured in thread)
execution-manager  |    [RESULT] {"result": 0}
execution-manager  | 
execution-manager  | ╔═══════════════════════════════════════════════════════════════╗
execution-manager  | ║           END-TO-END TIMING MEASUREMENT RECAP                 ║
execution-manager  | ║                   Task 4: sum4                                 
execution-manager  | ╠═══════════════════════════════════════════════════════════════╣
execution-manager  | ║ T1 (start_request)    = 228031005.188 ms                        ║
execution-manager  | ║ T2 (end_request)      = 228031517.209 ms                        ║
execution-manager  | ║ T3 (start_result)     = 228034159.948 ms                        ║
execution-manager  | ║ T4 (end_result)       = 228034160.495 ms                        ║
execution-manager  | ╠═══════════════════════════════════════════════════════════════╣
execution-manager  | ║ METRICS:                                                      ║
execution-manager  | ║   Request Latency    =      512.021 ms  (T2 - T1)            ║
execution-manager  | ║   Task Execution     =     2642.739 ms  (T3 - T2)            ║
execution-manager  | ║   Response Latency   =        0.547 ms  (T4 - T3)            ║
execution-manager  | ║   Total End-to-End   =     3155.307 ms  (T4 - T1)            ║
execution-manager  | ║   Network Overhead   =      512.567 ms  (Req + Resp)         ║
execution-manager  | ╚═══════════════════════════════════════════════════════════════╝
execution-manager  | 
execution-manager  | [gRPC Client Async] Stream completed, received 1 responses
execution-manager  | [GRPC THREAD 4] Completed
execution-manager  | [SCHEDULER] ✅ T=24987 ms: Task 4 'sum4' completed with status 2
execution-manager  | [SCHEDULER] 🔕 Timeout disarmed for task 4
execution-manager  | [SCHEDULER] 0 tasks remaining
execution-manager  | 
execution-manager  | [SCHEDULER] 🏁 Iteration 19/50 complete!
execution-manager  | [SCHEDULER] Iteration execution time: 24987 ms
execution-manager  | 
execution-manager  | 
execution-manager  | [SCHEDULER] 🔁 ===== ITERATION 20 / 50 =====
execution-manager  | 
execution-manager  | [SCHEDULER] 🚀 Schedule started at T=0
execution-manager  | 
execution-manager  | [SCHEDULER] 🔄 Entering event loop (NO SLEEP - event-driven!)
execution-manager  | 
execution-manager  | [SCHEDULER] ⏰ T=10000 ms | T_wall=228044160.885 ms: Launching task 1 'sum1' (deadline: 30000 ms)
execution-manager  | [SCHEDULER] 🕐 Timeout armed for task 1 at T=30000 ms (in 20000 ms)
execution-manager  | [GRPC THREAD 1] Starting...
execution-manager  | [EXECUTION MANAGER] ⏱️ T1=228044161.037 ms | Sending gRPC request for task 1 'sum1'
execution-manager  | [gRPC Channel Pool] Reusing existing channel for localhost:50051
execution-manager  | [gRPC Client Async] Calling task 'sum1' at localhost:50051
execution-manager  | [gRPC Client Async] Inputs: {"total_ops": 200, "io_percentage": 50}
execution-manager  | [SCHEDULER] ⏰ T=11845 ms | T_wall=228046005.029 ms: Launching task 2 'sum2' (deadline: 31000 ms)
execution-manager  | [SCHEDULER] 🕐 Timeout armed for task 2 at T=31000 ms (in 19155 ms)
execution-manager  | [GRPC THREAD 2] Starting...
execution-manager  | [EXECUTION MANAGER] ⏱️ T1=228046005.181 ms | Sending gRPC request for task 2 'sum2'
execution-manager  | [gRPC Channel Pool] Reusing existing channel for localhost:50052
execution-manager  | [gRPC Client Async] Calling task 'sum2' at localhost:50052
execution-manager  | [gRPC Client Async] Inputs: {"total_ops": 200, "io_percentage": 50}
execution-manager  | [gRPC Client Async] Response #1 - Status: COMPLETED
execution-manager  | 🎉 [T=15040 ms] Task 1 'sum1' COMPLETED
execution-manager  | [EXECUTION MANAGER] ⏱️ T2=228044161.935 ms | Thread started (server measured)
execution-manager  | [EXECUTION MANAGER] ⏱️ T3=228049198.991 ms | Task completed (server measured)
execution-manager  | [EXECUTION MANAGER] ⏱️ T4=228049200.098 ms | Result received by client
execution-manager  |    [TASK EXECUTION] 5037.056 ms (T3-T2, measured in thread)
execution-manager  |    [RESULT] {"result": 0}
execution-manager  | 
execution-manager  | ╔═══════════════════════════════════════════════════════════════╗
execution-manager  | ║           END-TO-END TIMING MEASUREMENT RECAP                 ║
execution-manager  | ║                   Task 1: sum1                                 
execution-manager  | ╠═══════════════════════════════════════════════════════════════╣
execution-manager  | ║ T1 (start_request)    = 228044161.037 ms                        ║
execution-manager  | ║ T2 (end_request)      = 228044161.935 ms                        ║
execution-manager  | ║ T3 (start_result)     = 228049198.991 ms                        ║
execution-manager  | ║ T4 (end_result)       = 228049200.098 ms                        ║
execution-manager  | ╠═══════════════════════════════════════════════════════════════╣
execution-manager  | ║ METRICS:                                                      ║
execution-manager  | ║   Request Latency    =        0.898 ms  (T2 - T1)            ║
execution-manager  | ║   Task Execution     =     5037.056 ms  (T3 - T2)            ║
execution-manager  | ║   Response Latency   =        1.107 ms  (T4 - T3)            ║
execution-manager  | ║   Total End-to-End   =     5039.061 ms  (T4 - T1)            ║
execution-manager  | ║   Network Overhead   =        2.005 ms  (Req + Resp)         ║
execution-manager  | ╚═══════════════════════════════════════════════════════════════╝
execution-manager  | 
execution-manager  | [gRPC Client Async] Stream completed, received 1 responses
execution-manager  | [GRPC THREAD 1] Completed
execution-manager  | [SCHEDULER] ✅ T=15040 ms: Task 1 'sum1' completed with status 2
execution-manager  | [SCHEDULER] 🔕 Timeout disarmed for task 1
execution-manager  | [SCHEDULER] 3 tasks remaining
execution-manager  | [gRPC Client Async] Response #1 - Status: COMPLETED
execution-manager  | 🎉 [T=15041 ms] Task 2 'sum2' COMPLETED
execution-manager  | [EXECUTION MANAGER] ⏱️ T2=228046503.089 ms | Thread started (server measured)
execution-manager  | [EXECUTION MANAGER] ⏱️ T3=228049200.924 ms | Task completed (server measured)
execution-manager  | [EXECUTION MANAGER] ⏱️ T4=228049201.369 ms | Result received by client
execution-manager  |    [TASK EXECUTION] 2697.835 ms (T3-T2, measured in thread)
execution-manager  |    [RESULT] {"result": 0}
execution-manager  | 
execution-manager  | ╔═══════════════════════════════════════════════════════════════╗
execution-manager  | ║           END-TO-END TIMING MEASUREMENT RECAP                 ║
execution-manager  | ║                   Task 2: sum2                                 
execution-manager  | ╠═══════════════════════════════════════════════════════════════╣
execution-manager  | ║ T1 (start_request)    = 228046005.181 ms                        ║
execution-manager  | ║ T2 (end_request)      = 228046503.089 ms                        ║
execution-manager  | ║ T3 (start_result)     = 228049200.924 ms                        ║
execution-manager  | ║ T4 (end_result)       = 228049201.369 ms                        ║
execution-manager  | ╠═══════════════════════════════════════════════════════════════╣
execution-manager  | ║ METRICS:                                                      ║
execution-manager  | ║   Request Latency    =      497.908 ms  (T2 - T1)            ║
execution-manager  | ║   Task Execution     =     2697.835 ms  (T3 - T2)            ║
execution-manager  | ║   Response Latency   =        0.445 ms  (T4 - T3)            ║
execution-manager  | ║   Total End-to-End   =     3196.188 ms  (T4 - T1)            ║
execution-manager  | ║   Network Overhead   =      498.353 ms  (Req + Resp)         ║
execution-manager  | ╚═══════════════════════════════════════════════════════════════╝
execution-manager  | 
execution-manager  | [gRPC Client Async] Stream completed, received 1 responses
execution-manager  | [GRPC THREAD 2] Completed
execution-manager  | [SCHEDULER] ✅ T=15041 ms: Task 2 'sum2' completed with status 2
execution-manager  | [SCHEDULER] 🔕 Timeout disarmed for task 2
execution-manager  | [SCHEDULER] 2 tasks remaining
execution-manager  | [SCHEDULER] ⏰ T=20000 ms | T_wall=228054160.940 ms: Launching task 3 'sum3' (deadline: 40000 ms)
execution-manager  | [SCHEDULER] 🕐 Timeout armed for task 3 at T=40000 ms (in 19999 ms)
execution-manager  | [GRPC THREAD 3] Starting...
execution-manager  | [EXECUTION MANAGER] ⏱️ T1=228054161.170 ms | Sending gRPC request for task 3 'sum3'
execution-manager  | [gRPC Channel Pool] Reusing existing channel for localhost:50053
execution-manager  | [gRPC Client Async] Calling task 'sum3' at localhost:50053
execution-manager  | [gRPC Client Async] Inputs: {"total_ops": 200, "io_percentage": 50}
execution-manager  | [SCHEDULER] ⏰ T=21845 ms | T_wall=228056005.049 ms: Launching task 4 'sum4' (deadline: 41000 ms)
execution-manager  | [SCHEDULER] 🕐 Timeout armed for task 4 at T=41000 ms (in 19155 ms)
execution-manager  | [GRPC THREAD 4] Starting...
execution-manager  | [EXECUTION MANAGER] ⏱️ T1=228056005.193 ms | Sending gRPC request for task 4 'sum4'
execution-manager  | [gRPC Channel Pool] Reusing existing channel for localhost:50054
execution-manager  | [gRPC Client Async] Calling task 'sum4' at localhost:50054
execution-manager  | [gRPC Client Async] Inputs: {"total_ops": 200, "io_percentage": 50}
execution-manager  | [gRPC Client Async] Response #1 - Status: COMPLETED
execution-manager  | 🎉 [T=24985 ms] Task 3 'sum3' COMPLETED
execution-manager  | [EXECUTION MANAGER] ⏱️ T2=228054162.347 ms | Thread started (server measured)
execution-manager  | [EXECUTION MANAGER] ⏱️ T3=228059144.511 ms | Task completed (server measured)
execution-manager  | [EXECUTION MANAGER] ⏱️ T4=228059145.184 ms | Result received by client
execution-manager  |    [TASK EXECUTION] 4982.164 ms (T3-T2, measured in thread)
execution-manager  |    [RESULT] {"result": 0}
execution-manager  | 
execution-manager  | ╔═══════════════════════════════════════════════════════════════╗
execution-manager  | ║           END-TO-END TIMING MEASUREMENT RECAP                 ║
execution-manager  | ║                   Task 3: sum3                                 
execution-manager  | ╠═══════════════════════════════════════════════════════════════╣
execution-manager  | ║ T1 (start_request)    = 228054161.170 ms                        ║
execution-manager  | ║ T2 (end_request)      = 228054162.347 ms                        ║
execution-manager  | ║ T3 (start_result)     = 228059144.511 ms                        ║
execution-manager  | ║ T4 (end_result)       = 228059145.184 ms                        ║
execution-manager  | ╠═══════════════════════════════════════════════════════════════╣
execution-manager  | ║ METRICS:                                                      ║
execution-manager  | ║   Request Latency    =        1.177 ms  (T2 - T1)            ║
execution-manager  | ║   Task Execution     =     4982.164 ms  (T3 - T2)            ║
execution-manager  | ║   Response Latency   =        0.672 ms  (T4 - T3)            ║
execution-manager  | ║   Total End-to-End   =     4984.014 ms  (T4 - T1)            ║
execution-manager  | ║   Network Overhead   =        1.850 ms  (Req + Resp)         ║
execution-manager  | ╚═══════════════════════════════════════════════════════════════╝
execution-manager  | 
execution-manager  | [SCHEDULER] ✅ T=24985 ms: Task 3 'sum3' completed with status 2
execution-manager  | [SCHEDULER] 🔕 Timeout disarmed for task 3
execution-manager  | [SCHEDULER] 1 tasks remaining
execution-manager  | [gRPC Client Async] Stream completed, received 1 responses
execution-manager  | [GRPC THREAD 3] Completed
execution-manager  | [gRPC Client Async] Response #1 - Status: COMPLETED
execution-manager  | 🎉 [T=24986 ms] Task 4 'sum4' COMPLETED
execution-manager  | [EXECUTION MANAGER] ⏱️ T2=228056504.436 ms | Thread started (server measured)
execution-manager  | [EXECUTION MANAGER] ⏱️ T3=228059146.028 ms | Task completed (server measured)
execution-manager  | [EXECUTION MANAGER] ⏱️ T4=228059146.546 ms | Result received by client
execution-manager  |    [TASK EXECUTION] 2641.592 ms (T3-T2, measured in thread)
execution-manager  |    [RESULT] {"result": 0}
execution-manager  | 
execution-manager  | ╔═══════════════════════════════════════════════════════════════╗
execution-manager  | ║           END-TO-END TIMING MEASUREMENT RECAP                 ║
execution-manager  | ║                   Task 4: sum4                                 
execution-manager  | E0326 02:39:19.752046479      10 chttp2_transport.cc:2721]             keepalive_ping_end state error: 2 (expect: 1)
execution-manager  | ╠═══════════════════════════════════════════════════════════════╣
execution-manager  | ║ T1 (start_request)    = 228056005.193 ms                        ║
execution-manager  | ║ T2 (end_request)      = 228056504.436 ms                        ║
execution-manager  | ║ T3 (start_result)     = 228059146.028 ms                        ║
execution-manager  | ║ T4 (end_result)       = 228059146.546 ms                        ║
execution-manager  | ╠═══════════════════════════════════════════════════════════════╣
execution-manager  | ║ METRICS:                                                      ║
execution-manager  | ║   Request Latency    =      499.244 ms  (T2 - T1)            ║
execution-manager  | ║   Task Execution     =     2641.592 ms  (T3 - T2)            ║
execution-manager  | ║   Response Latency   =        0.518 ms  (T4 - T3)            ║
execution-manager  | ║   Total End-to-End   =     3141.353 ms  (T4 - T1)            ║
execution-manager  | ║   Network Overhead   =      499.762 ms  (Req + Resp)         ║
execution-manager  | ╚═══════════════════════════════════════════════════════════════╝
execution-manager  | 
execution-manager  | [gRPC Client Async] Stream completed, received 1 responses
execution-manager  | [GRPC THREAD 4] Completed
execution-manager  | [SCHEDULER] ✅ T=24986 ms: Task 4 'sum4' completed with status 2
execution-manager  | [SCHEDULER] 🔕 Timeout disarmed for task 4
execution-manager  | [SCHEDULER] 0 tasks remaining
execution-manager  | 
execution-manager  | [SCHEDULER] 🏁 Iteration 20/50 complete!
execution-manager  | [SCHEDULER] Iteration execution time: 24986 ms
execution-manager  | 
execution-manager  | 
execution-manager  | [SCHEDULER] 🔁 ===== ITERATION 21 / 50 =====
execution-manager  | 
execution-manager  | [SCHEDULER] 🚀 Schedule started at T=0
execution-manager  | 
execution-manager  | [SCHEDULER] 🔄 Entering event loop (NO SLEEP - event-driven!)
execution-manager  | 
execution-manager  | [SCHEDULER] ⏰ T=10000 ms | T_wall=228069146.951 ms: Launching task 1 'sum1' (deadline: 30000 ms)
execution-manager  | [SCHEDULER] 🕐 Timeout armed for task 1 at T=30000 ms (in 19999 ms)
execution-manager  | [GRPC THREAD 1] Starting...
execution-manager  | [EXECUTION MANAGER] ⏱️ T1=228069147.093 ms | Sending gRPC request for task 1 'sum1'
execution-manager  | [gRPC Channel Pool] Reusing existing channel for localhost:50051
execution-manager  | [gRPC Client Async] Calling task 'sum1' at localhost:50051
execution-manager  | [gRPC Client Async] Inputs: {"total_ops": 200, "io_percentage": 50}
execution-manager  | [SCHEDULER] ⏰ T=11859 ms | T_wall=228071005.030 ms: Launching task 2 'sum2' (deadline: 31000 ms)
execution-manager  | [SCHEDULER] 🕐 Timeout armed for task 2 at T=31000 ms (in 19141 ms)
execution-manager  | [GRPC THREAD 2] Starting...
execution-manager  | [EXECUTION MANAGER] ⏱️ T1=228071005.185 ms | Sending gRPC request for task 2 'sum2'
execution-manager  | [gRPC Channel Pool] Reusing existing channel for localhost:50052
execution-manager  | [gRPC Client Async] Calling task 'sum2' at localhost:50052
execution-manager  | [gRPC Client Async] Inputs: {"total_ops": 200, "io_percentage": 50}
execution-manager  | [gRPC Client Async] Response #1 - Status: COMPLETED
execution-manager  | 🎉 [T=15001 ms] Task 1 'sum1' COMPLETED
execution-manager  | [EXECUTION MANAGER] ⏱️ T2=228069147.935 ms | Thread started (server measured)
execution-manager  | [EXECUTION MANAGER] ⏱️ T3=228074147.286 ms | Task completed (server measured)
execution-manager  | [EXECUTION MANAGER] ⏱️ T4=228074147.986 ms | Result received by client
execution-manager  |    [TASK EXECUTION] 4999.351 ms (T3-T2, measured in thread)
execution-manager  |    [RESULT] {"result": 0}
execution-manager  | 
execution-manager  | ╔═══════════════════════════════════════════════════════════════╗
execution-manager  | ║           END-TO-END TIMING MEASUREMENT RECAP                 ║
execution-manager  | ║                   Task 1: sum1                                 
execution-manager  | ╠═══════════════════════════════════════════════════════════════╣
execution-manager  | ║ T1 (start_request)    = 228069147.093 ms                        ║
execution-manager  | ║ T2 (end_request)      = 228069147.935 ms                        ║
execution-manager  | ║ T3 (start_result)     = 228074147.286 ms                        ║
execution-manager  | ║ T4 (end_result)       = 228074147.986 ms                        ║
execution-manager  | ╠═══════════════════════════════════════════════════════════════╣
execution-manager  | ║ METRICS:                                                      ║
execution-manager  | ║   Request Latency    =        0.842 ms  (T2 - T1)            ║
execution-manager  | ║   Task Execution     =     4999.351 ms  (T3 - T2)            ║
execution-manager  | ║   Response Latency   =        0.699 ms  (T4 - T3)            ║
execution-manager  | ║   Total End-to-End   =     5000.893 ms  (T4 - T1)            ║
execution-manager  | ║   Network Overhead   =        1.542 ms  (Req + Resp)         ║
execution-manager  | ╚═══════════════════════════════════════════════════════════════╝
execution-manager  | 
execution-manager  | [SCHEDULER] ✅ T=15002 ms: Task 1 'sum1' completed with status 2
execution-manager  | [SCHEDULER] 🔕 Timeout disarmed for task 1
execution-manager  | [SCHEDULER] 3 tasks remaining
execution-manager  | [gRPC Client Async] Stream completed, received 1 responses
execution-manager  | [GRPC THREAD 1] Completed
execution-manager  | [gRPC Client Async] Response #1 - Status: COMPLETED
execution-manager  | 🎉 [T=15003 ms] Task 2 'sum2' COMPLETED
execution-manager  | [EXECUTION MANAGER] ⏱️ T2=228071491.236 ms | Thread started (server measured)
execution-manager  | [EXECUTION MANAGER] ⏱️ T3=228074148.946 ms | Task completed (server measured)
execution-manager  | [EXECUTION MANAGER] ⏱️ T4=228074149.406 ms | Result received by client
execution-manager  |    [TASK EXECUTION] 2657.710 ms (T3-T2, measured in thread)
execution-manager  |    [RESULT] {"result": 0}
execution-manager  | 
execution-manager  | ╔═══════════════════════════════════════════════════════════════╗
execution-manager  | ║           END-TO-END TIMING MEASUREMENT RECAP                 ║
execution-manager  | ║                   Task 2: sum2                                 
execution-manager  | ╠═══════════════════════════════════════════════════════════════╣
execution-manager  | ║ T1 (start_request)    = 228071005.185 ms                        ║
execution-manager  | ║ T2 (end_request)      = 228071491.236 ms                        ║
execution-manager  | ║ T3 (start_result)     = 228074148.946 ms                        ║
execution-manager  | ║ T4 (end_result)       = 228074149.406 ms                        ║
execution-manager  | ╠═══════════════════════════════════════════════════════════════╣
execution-manager  | ║ METRICS:                                                      ║
execution-manager  | ║   Request Latency    =      486.051 ms  (T2 - T1)            ║
execution-manager  | ║   Task Execution     =     2657.710 ms  (T3 - T2)            ║
execution-manager  | ║   Response Latency   =        0.460 ms  (T4 - T3)            ║
execution-manager  | ║   Total End-to-End   =     3144.220 ms  (T4 - T1)            ║
execution-manager  | ║   Network Overhead   =      486.511 ms  (Req + Resp)         ║
execution-manager  | ╚═══════════════════════════════════════════════════════════════╝
execution-manager  | 
execution-manager  | [gRPC Client Async] Stream completed, received 1 responses
execution-manager  | [GRPC THREAD 2] Completed
execution-manager  | [SCHEDULER] ✅ T=15003 ms: Task 2 'sum2' completed with status 2
execution-manager  | [SCHEDULER] 🔕 Timeout disarmed for task 2
execution-manager  | [SCHEDULER] 2 tasks remaining
execution-manager  | [SCHEDULER] ⏰ T=20001 ms | T_wall=228079147.019 ms: Launching task 3 'sum3' (deadline: 40000 ms)
execution-manager  | [SCHEDULER] 🕐 Timeout armed for task 3 at T=40000 ms (in 19999 ms)
execution-manager  | [GRPC THREAD 3] Starting...
execution-manager  | [EXECUTION MANAGER] ⏱️ T1=228079147.218 ms | Sending gRPC request for task 3 'sum3'
execution-manager  | [gRPC Channel Pool] Reusing existing channel for localhost:50053
execution-manager  | [gRPC Client Async] Calling task 'sum3' at localhost:50053
execution-manager  | [gRPC Client Async] Inputs: {"total_ops": 200, "io_percentage": 50}
execution-manager  | [SCHEDULER] ⏰ T=21859 ms | T_wall=228081005.034 ms: Launching task 4 'sum4' (deadline: 41000 ms)
execution-manager  | [SCHEDULER] 🕐 Timeout armed for task 4 at T=41000 ms (in 19141 ms)
execution-manager  | [GRPC THREAD 4] Starting...
execution-manager  | [EXECUTION MANAGER] ⏱️ T1=228081005.196 ms | Sending gRPC request for task 4 'sum4'
execution-manager  | [gRPC Channel Pool] Reusing existing channel for localhost:50054
execution-manager  | [gRPC Client Async] Calling task 'sum4' at localhost:50054
execution-manager  | [gRPC Client Async] Inputs: {"total_ops": 200, "io_percentage": 50}
execution-manager  | [gRPC Client Async] Response #1 - Status: COMPLETED
execution-manager  | 🎉 [T=24990 ms] Task 3 'sum3' COMPLETED
execution-manager  | [EXECUTION MANAGER] ⏱️ T2=228079148.270 ms | Thread started (server measured)
execution-manager  | [EXECUTION MANAGER] ⏱️ T3=228084135.289 ms | Task completed (server measured)
execution-manager  | [EXECUTION MANAGER] ⏱️ T4=228084136.036 ms | Result received by client
execution-manager  |    [TASK EXECUTION] 4987.019 ms (T3-T2, measured in thread)
execution-manager  |    [RESULT] {"result": 0}
execution-manager  | 
execution-manager  | ╔═══════════════════════════════════════════════════════════════╗
execution-manager  | ║           END-TO-END TIMING MEASUREMENT RECAP                 ║
execution-manager  | ║                   Task 3: sum3                                 
execution-manager  | ╠═══════════════════════════════════════════════════════════════╣
execution-manager  | ║ T1 (start_request)    = 228079147.218 ms                        ║
execution-manager  | ║ T2 (end_request)      = 228079148.270 ms                        ║
execution-manager  | ║ T3 (start_result)     = 228084135.289 ms                        ║
execution-manager  | ║ T4 (end_result)       = 228084136.036 ms                        ║
execution-manager  | ╠═══════════════════════════════════════════════════════════════╣
execution-manager  | ║ METRICS:                                                      ║
execution-manager  | ║   Request Latency    =        1.052 ms  (T2 - T1)            ║
execution-manager  | ║   Task Execution     =     4987.019 ms  (T3 - T2)            ║
execution-manager  | ║   Response Latency   =        0.748 ms  (T4 - T3)            ║
execution-manager  | ║   Total End-to-End   =     4988.819 ms  (T4 - T1)            ║
execution-manager  | ║   Network Overhead   =        1.800 ms  (Req + Resp)         ║
execution-manager  | ╚═══════════════════════════════════════════════════════════════╝
execution-manager  | 
execution-manager  | [SCHEDULER] ✅ T=24990 ms: Task 3 'sum3' completed with status 2
execution-manager  | [SCHEDULER] 🔕 Timeout disarmed for task 3
execution-manager  | [SCHEDULER] 1 tasks remaining
execution-manager  | [gRPC Client Async] Stream completed, received 1 responses
execution-manager  | [GRPC THREAD 3] Completed
execution-manager  | [gRPC Client Async] Response #1 - Status: COMPLETED
execution-manager  | 🎉 [T=24991 ms] Task 4 'sum4' COMPLETED
execution-manager  | [EXECUTION MANAGER] ⏱️ T2=228081490.532 ms | Thread started (server measured)
execution-manager  | [EXECUTION MANAGER] ⏱️ T3=228084136.902 ms | Task completed (server measured)
execution-manager  | [EXECUTION MANAGER] ⏱️ T4=228084137.707 ms | Result received by client
execution-manager  |    [TASK EXECUTION] 2646.370 ms (T3-T2, measured in thread)
execution-manager  |    [RESULT] {"result": 0}
execution-manager  | 
execution-manager  | ╔═══════════════════════════════════════════════════════════════╗
execution-manager  | ║           END-TO-END TIMING MEASUREMENT RECAP                 ║
execution-manager  | ║                   Task 4: sum4                                 
execution-manager  | ╠═══════════════════════════════════════════════════════════════╣
execution-manager  | ║ T1 (start_request)    = 228081005.196 ms                        ║
execution-manager  | ║ T2 (end_request)      = 228081490.532 ms                        ║
execution-manager  | ║ T3 (start_result)     = 228084136.902 ms                        ║
execution-manager  | ║ T4 (end_result)       = 228084137.707 ms                        ║
execution-manager  | ╠═══════════════════════════════════════════════════════════════╣
execution-manager  | ║ METRICS:                                                      ║
execution-manager  | ║   Request Latency    =      485.336 ms  (T2 - T1)            ║
execution-manager  | ║   Task Execution     =     2646.370 ms  (T3 - T2)            ║
execution-manager  | ║   Response Latency   =        0.806 ms  (T4 - T3)            ║
execution-manager  | ║   Total End-to-End   =     3132.512 ms  (T4 - T1)            ║
execution-manager  | ║   Network Overhead   =      486.141 ms  (Req + Resp)         ║
execution-manager  | ╚═══════════════════════════════════════════════════════════════╝
execution-manager  | 
execution-manager  | [gRPC Client Async] Stream completed, received 1 responses
execution-manager  | [GRPC THREAD 4] Completed
execution-manager  | [SCHEDULER] ✅ T=24991 ms: Task 4 'sum4' completed with status 2
execution-manager  | [SCHEDULER] 🔕 Timeout disarmed for task 4
execution-manager  | [SCHEDULER] 0 tasks remaining
execution-manager  | 
execution-manager  | [SCHEDULER] 🏁 Iteration 21/50 complete!
execution-manager  | [SCHEDULER] Iteration execution time: 24991 ms
execution-manager  | 
execution-manager  | 
execution-manager  | [SCHEDULER] 🔁 ===== ITERATION 22 / 50 =====
execution-manager  | 
execution-manager  | [SCHEDULER] 🚀 Schedule started at T=0
execution-manager  | 
execution-manager  | [SCHEDULER] 🔄 Entering event loop (NO SLEEP - event-driven!)
execution-manager  | 
execution-manager  | [SCHEDULER] ⏰ T=10000 ms | T_wall=228094138.098 ms: Launching task 1 'sum1' (deadline: 30000 ms)
execution-manager  | [SCHEDULER] 🕐 Timeout armed for task 1 at T=30000 ms (in 20000 ms)
execution-manager  | [GRPC THREAD 1] Starting...
execution-manager  | [EXECUTION MANAGER] ⏱️ T1=228094138.246 ms | Sending gRPC request for task 1 'sum1'
execution-manager  | [gRPC Channel Pool] Reusing existing channel for localhost:50051
execution-manager  | [gRPC Client Async] Calling task 'sum1' at localhost:50051
execution-manager  | [gRPC Client Async] Inputs: {"total_ops": 200, "io_percentage": 50}
execution-manager  | [SCHEDULER] ⏰ T=11867 ms | T_wall=228096005.035 ms: Launching task 2 'sum2' (deadline: 31000 ms)
execution-manager  | [SCHEDULER] 🕐 Timeout armed for task 2 at T=31000 ms (in 19133 ms)
execution-manager  | [GRPC THREAD 2] Starting...
execution-manager  | [EXECUTION MANAGER] ⏱️ T1=228096005.206 ms | Sending gRPC request for task 2 'sum2'
execution-manager  | [gRPC Channel Pool] Reusing existing channel for localhost:50052
execution-manager  | [gRPC Client Async] Calling task 'sum2' at localhost:50052
execution-manager  | [gRPC Client Async] Inputs: {"total_ops": 200, "io_percentage": 50}
execution-manager  | [gRPC Client Async] Response #1 - Status: COMPLETED
execution-manager  | 🎉 [T=15035 ms] Task 1 'sum1' COMPLETED
execution-manager  | [EXECUTION MANAGER] ⏱️ T2=228094141.963 ms | Thread started (server measured)
execution-manager  | [EXECUTION MANAGER] ⏱️ T3=228099172.252 ms | Task completed (server measured)
execution-manager  | [EXECUTION MANAGER] ⏱️ T4=228099173.192 ms | Result received by client
execution-manager  |    [TASK EXECUTION] 5030.289 ms (T3-T2, measured in thread)
execution-manager  |    [RESULT] {"result": 0}
execution-manager  | 
execution-manager  | ╔═══════════════════════════════════════════════════════════════╗
execution-manager  | ║           END-TO-END TIMING MEASUREMENT RECAP                 ║
execution-manager  | ║                   Task 1: sum1                                 
execution-manager  | ╠═══════════════════════════════════════════════════════════════╣
execution-manager  | ║ T1 (start_request)    = 228094138.246 ms                        ║
execution-manager  | ║ T2 (end_request)      = 228094141.963 ms                        ║
execution-manager  | ║ T3 (start_result)     = 228099172.252 ms                        ║
execution-manager  | ║ T4 (end_result)       = 228099173.192 ms                        ║
execution-manager  | ╠═══════════════════════════════════════════════════════════════╣
execution-manager  | ║ METRICS:                                                      ║
execution-manager  | ║   Request Latency    =        3.717 ms  (T2 - T1)            ║
execution-manager  | ║   Task Execution     =     5030.289 ms  (T3 - T2)            ║
execution-manager  | ║   Response Latency   =        0.941 ms  (T4 - T3)            ║
execution-manager  | ║   Total End-to-End   =     5034.946 ms  (T4 - T1)            ║
execution-manager  | ║   Network Overhead   =        4.658 ms  (Req + Resp)         ║
execution-manager  | ╚═══════════════════════════════════════════════════════════════╝
execution-manager  | 
execution-manager  | [gRPC Client Async] Stream completed, received 1 responses
execution-manager  | [GRPC THREAD 1] Completed
execution-manager  | [SCHEDULER] ✅ T=15035 ms: Task 1 'sum1' completed with status 2
execution-manager  | [SCHEDULER] 🔕 Timeout disarmed for task 1
execution-manager  | [SCHEDULER] 3 tasks remaining
execution-manager  | [gRPC Client Async] Response #1 - Status: COMPLETED
execution-manager  | 🎉 [T=15036 ms] Task 2 'sum2' COMPLETED
execution-manager  | [EXECUTION MANAGER] ⏱️ T2=228096486.865 ms | Thread started (server measured)
execution-manager  | [EXECUTION MANAGER] ⏱️ T3=228099174.404 ms | Task completed (server measured)
execution-manager  | [EXECUTION MANAGER] ⏱️ T4=228099174.866 ms | Result received by client
execution-manager  |    [TASK EXECUTION] 2687.539 ms (T3-T2, measured in thread)
execution-manager  |    [RESULT] {"result": 0}
execution-manager  | 
execution-manager  | ╔═══════════════════════════════════════════════════════════════╗
execution-manager  | ║           END-TO-END TIMING MEASUREMENT RECAP                 ║
execution-manager  | ║                   Task 2: sum2                                 
execution-manager  | ╠═══════════════════════════════════════════════════════════════╣
execution-manager  | ║ T1 (start_request)    = 228096005.206 ms                        ║
execution-manager  | ║ T2 (end_request)      = 228096486.865 ms                        ║
execution-manager  | ║ T3 (start_result)     = 228099174.404 ms                        ║
execution-manager  | ║ T4 (end_result)       = 228099174.866 ms                        ║
execution-manager  | ╠═══════════════════════════════════════════════════════════════╣
execution-manager  | ║ METRICS:                                                      ║
execution-manager  | ║   Request Latency    =      481.659 ms  (T2 - T1)            ║
execution-manager  | ║   Task Execution     =     2687.539 ms  (T3 - T2)            ║
execution-manager  | ║   Response Latency   =        0.462 ms  (T4 - T3)            ║
execution-manager  | ║   Total End-to-End   =     3169.661 ms  (T4 - T1)            ║
execution-manager  | ║   Network Overhead   =      482.122 ms  (Req + Resp)         ║
execution-manager  | ╚═══════════════════════════════════════════════════════════════╝
execution-manager  | 
execution-manager  | [gRPC Client Async] Stream completed, received 1 responses
execution-manager  | [GRPC THREAD 2] Completed
execution-manager  | [SCHEDULER] ✅ T=15037 ms: Task 2 'sum2' completed with status 2
execution-manager  | [SCHEDULER] 🔕 Timeout disarmed for task 2
execution-manager  | [SCHEDULER] 2 tasks remaining
execution-manager  | [SCHEDULER] ⏰ T=20000 ms | T_wall=228104138.156 ms: Launching task 3 'sum3' (deadline: 40000 ms)
execution-manager  | [SCHEDULER] 🕐 Timeout armed for task 3 at T=40000 ms (in 20000 ms)
execution-manager  | [GRPC THREAD 3] Starting...
execution-manager  | [EXECUTION MANAGER] ⏱️ T1=228104138.303 ms | Sending gRPC request for task 3 'sum3'
execution-manager  | [gRPC Channel Pool] Reusing existing channel for localhost:50053
execution-manager  | [gRPC Client Async] Calling task 'sum3' at localhost:50053
execution-manager  | [gRPC Client Async] Inputs: {"total_ops": 200, "io_percentage": 50}
execution-manager  | [SCHEDULER] ⏰ T=21867 ms | T_wall=228106005.186 ms: Launching task 4 'sum4' (deadline: 41000 ms)
execution-manager  | [SCHEDULER] 🕐 Timeout armed for task 4 at T=41000 ms (in 19133 ms)
execution-manager  | [GRPC THREAD 4] Starting...
execution-manager  | [EXECUTION MANAGER] ⏱️ T1=228106005.340 ms | Sending gRPC request for task 4 'sum4'
execution-manager  | [gRPC Channel Pool] Reusing existing channel for localhost:50054
execution-manager  | [gRPC Client Async] Calling task 'sum4' at localhost:50054
execution-manager  | [gRPC Client Async] Inputs: {"total_ops": 200, "io_percentage": 50}
execution-manager  | [gRPC Client Async] Response #1 - Status: COMPLETED
execution-manager  | 🎉 [T=24983 ms] Task 3 'sum3' COMPLETED
execution-manager  | [EXECUTION MANAGER] ⏱️ T2=228104139.236 ms | Thread started (server measured)
execution-manager  | [EXECUTION MANAGER] ⏱️ T3=228109120.858 ms | Task completed (server measured)
execution-manager  | [EXECUTION MANAGER] ⏱️ T4=228109121.544 ms | Result received by client
execution-manager  |    [TASK EXECUTION] 4981.622 ms (T3-T2, measured in thread)
execution-manager  |    [RESULT] {"result": 0}
execution-manager  | 
execution-manager  | ╔═══════════════════════════════════════════════════════════════╗
execution-manager  | ║           END-TO-END TIMING MEASUREMENT RECAP                 ║
execution-manager  | ║                   Task 3: sum3                                 
execution-manager  | ╠═══════════════════════════════════════════════════════════════╣
execution-manager  | ║ T1 (start_request)    = 228104138.303 ms                        ║
execution-manager  | ║ T2 (end_request)      = 228104139.236 ms                        ║
execution-manager  | ║ T3 (start_result)     = 228109120.858 ms                        ║
execution-manager  | ║ T4 (end_result)       = 228109121.544 ms                        ║
execution-manager  | ╠═══════════════════════════════════════════════════════════════╣
execution-manager  | ║ METRICS:                                                      ║
execution-manager  | ║   Request Latency    =        0.933 ms  (T2 - T1)            ║
execution-manager  | ║   Task Execution     =     4981.622 ms  (T3 - T2)            ║
execution-manager  | ║   Response Latency   =        0.687 ms  (T4 - T3)            ║
execution-manager  | ║   Total End-to-End   =     4983.241 ms  (T4 - T1)            ║
execution-manager  | ║   Network Overhead   =        1.620 ms  (Req + Resp)         ║
execution-manager  | ╚═══════════════════════════════════════════════════════════════╝
execution-manager  | 
execution-manager  | [SCHEDULER] ✅ T=24983 ms: Task 3 'sum3' completed with status 2
execution-manager  | [SCHEDULER] 🔕 Timeout disarmed for task 3
execution-manager  | [SCHEDULER] 1 tasks remaining
execution-manager  | [gRPC Client Async] Stream completed, received 1 responses
execution-manager  | [GRPC THREAD 3] Completed
execution-manager  | [gRPC Client Async] Response #1 - Status: COMPLETED
execution-manager  | 🎉 [T=24985 ms] Task 4 'sum4' COMPLETED
execution-manager  | [EXECUTION MANAGER] ⏱️ T2=228106481.436 ms | Thread started (server measured)
execution-manager  | [EXECUTION MANAGER] ⏱️ T3=228109123.022 ms | Task completed (server measured)
execution-manager  | [EXECUTION MANAGER] ⏱️ T4=228109123.461 ms | Result received by client
execution-manager  |    [TASK EXECUTION] 2641.586 ms (T3-T2, measured in thread)
execution-manager  |    [RESULT] {"result": 0}
execution-manager  | 
execution-manager  | ╔═══════════════════════════════════════════════════════════════╗
execution-manager  | ║           END-TO-END TIMING MEASUREMENT RECAP                 ║
execution-manager  | ║                   Task 4: sum4                                 
execution-manager  | ╠═══════════════════════════════════════════════════════════════╣
execution-manager  | ║ T1 (start_request)    = 228106005.340 ms                        ║
execution-manager  | ║ T2 (end_request)      = 228106481.436 ms                        ║
execution-manager  | ║ T3 (start_result)     = 228109123.022 ms                        ║
execution-manager  | ║ T4 (end_result)       = 228109123.461 ms                        ║
execution-manager  | ╠═══════════════════════════════════════════════════════════════╣
execution-manager  | ║ METRICS:                                                      ║
execution-manager  | ║   Request Latency    =      476.096 ms  (T2 - T1)            ║
execution-manager  | ║   Task Execution     =     2641.586 ms  (T3 - T2)            ║
execution-manager  | ║   Response Latency   =        0.439 ms  (T4 - T3)            ║
execution-manager  | ║   Total End-to-End   =     3118.121 ms  (T4 - T1)            ║
execution-manager  | ║   Network Overhead   =      476.535 ms  (Req + Resp)         ║
execution-manager  | ╚═══════════════════════════════════════════════════════════════╝
execution-manager  | 
execution-manager  | [gRPC Client Async] Stream completed, received 1 responses
execution-manager  | [GRPC THREAD 4] Completed
execution-manager  | [SCHEDULER] ✅ T=24985 ms: Task 4 'sum4' completed with status 2
execution-manager  | [SCHEDULER] 🔕 Timeout disarmed for task 4
execution-manager  | [SCHEDULER] 0 tasks remaining
execution-manager  | 
execution-manager  | [SCHEDULER] 🏁 Iteration 22/50 complete!
execution-manager  | [SCHEDULER] Iteration execution time: 24985 ms
execution-manager  | 
execution-manager  | 
execution-manager  | [SCHEDULER] 🔁 ===== ITERATION 23 / 50 =====
execution-manager  | 
execution-manager  | [SCHEDULER] 🚀 Schedule started at T=0
execution-manager  | 
execution-manager  | [SCHEDULER] 🔄 Entering event loop (NO SLEEP - event-driven!)
execution-manager  | 
execution-manager  | [SCHEDULER] ⏰ T=10000 ms | T_wall=228119123.841 ms: Launching task 1 'sum1' (deadline: 30000 ms)
execution-manager  | [SCHEDULER] 🕐 Timeout armed for task 1 at T=30000 ms (in 20000 ms)
execution-manager  | [GRPC THREAD 1] Starting...
execution-manager  | [EXECUTION MANAGER] ⏱️ T1=228119123.979 ms | Sending gRPC request for task 1 'sum1'
execution-manager  | [gRPC Channel Pool] Reusing existing channel for localhost:50051
execution-manager  | [gRPC Client Async] Calling task 'sum1' at localhost:50051
execution-manager  | [gRPC Client Async] Inputs: {"total_ops": 200, "io_percentage": 50}
execution-manager  | [SCHEDULER] ⏰ T=11882 ms | T_wall=228121005.034 ms: Launching task 2 'sum2' (deadline: 31000 ms)
execution-manager  | [SCHEDULER] 🕐 Timeout armed for task 2 at T=31000 ms (in 19118 ms)
execution-manager  | [GRPC THREAD 2] Starting...
execution-manager  | [EXECUTION MANAGER] ⏱️ T1=228121005.246 ms | Sending gRPC request for task 2 'sum2'
execution-manager  | [gRPC Channel Pool] Reusing existing channel for localhost:50052
execution-manager  | [gRPC Client Async] Calling task 'sum2' at localhost:50052
execution-manager  | [gRPC Client Async] Inputs: {"total_ops": 200, "io_percentage": 50}
execution-manager  | [gRPC Client Async] Response #1 - Status: COMPLETED
execution-manager  | 🎉 [T=15004 ms] Task 1 'sum1' COMPLETED
execution-manager  | [EXECUTION MANAGER] ⏱️ T2=228119127.153 ms | Thread started (server measured)
execution-manager  | [EXECUTION MANAGER] ⏱️ T3=228124126.698 ms | Task completed (server measured)
execution-manager  | [EXECUTION MANAGER] ⏱️ T4=228124127.699 ms | Result received by client
execution-manager  |    [TASK EXECUTION] 4999.546 ms (T3-T2, measured in thread)
execution-manager  |    [RESULT] {"result": 0}
execution-manager  | 
execution-manager  | ╔═══════════════════════════════════════════════════════════════╗
execution-manager  | ║           END-TO-END TIMING MEASUREMENT RECAP                 ║
execution-manager  | ║                   Task 1: sum1                                 
execution-manager  | ╠═══════════════════════════════════════════════════════════════╣
execution-manager  | ║ T1 (start_request)    = 228119123.979 ms                        ║
execution-manager  | ║ T2 (end_request)      = 228119127.153 ms                        ║
execution-manager  | ║ T3 (start_result)     = 228124126.698 ms                        ║
execution-manager  | ║ T4 (end_result)       = 228124127.699 ms                        ║
execution-manager  | ╠═══════════════════════════════════════════════════════════════╣
execution-manager  | ║ METRICS:                                                      ║
execution-manager  | ║   Request Latency    =        3.174 ms  (T2 - T1)            ║
execution-manager  | ║   Task Execution     =     4999.546 ms  (T3 - T2)            ║
execution-manager  | ║   Response Latency   =        1.001 ms  (T4 - T3)            ║
execution-manager  | ║   Total End-to-End   =     5003.721 ms  (T4 - T1)            ║
execution-manager  | ║   Network Overhead   =        4.175 ms  (Req + Resp)         ║
execution-manager  | ╚═══════════════════════════════════════════════════════════════╝
execution-manager  | 
execution-manager  | [gRPC Client Async] Stream completed, received 1 responses
execution-manager  | [GRPC THREAD 1] Completed
execution-manager  | [SCHEDULER] ✅ T=15005 ms: Task 1 'sum1' completed with status 2
execution-manager  | [SCHEDULER] 🔕 Timeout disarmed for task 1
execution-manager  | [SCHEDULER] 3 tasks remaining
execution-manager  | [gRPC Client Async] Response #1 - Status: COMPLETED
execution-manager  | 🎉 [T=15005 ms] Task 2 'sum2' COMPLETED
execution-manager  | [EXECUTION MANAGER] ⏱️ T2=228121472.687 ms | Thread started (server measured)
execution-manager  | [EXECUTION MANAGER] ⏱️ T3=228124128.522 ms | Task completed (server measured)
execution-manager  | [EXECUTION MANAGER] ⏱️ T4=228124128.979 ms | Result received by client
execution-manager  |    [TASK EXECUTION] 2655.834 ms (T3-T2, measured in thread)
execution-manager  |    [RESULT] {"result": 0}
execution-manager  | 
execution-manager  | ╔═══════════════════════════════════════════════════════════════╗
execution-manager  | ║           END-TO-END TIMING MEASUREMENT RECAP                 ║
execution-manager  | ║                   Task 2: sum2                                 
execution-manager  | ╠═══════════════════════════════════════════════════════════════╣
execution-manager  | ║ T1 (start_request)    = 228121005.246 ms                        ║
execution-manager  | ║ T2 (end_request)      = 228121472.687 ms                        ║
execution-manager  | ║ T3 (start_result)     = 228124128.522 ms                        ║
execution-manager  | ║ T4 (end_result)       = 228124128.979 ms                        ║
execution-manager  | ╠═══════════════════════════════════════════════════════════════╣
execution-manager  | ║ METRICS:                                                      ║
execution-manager  | ║   Request Latency    =      467.442 ms  (T2 - T1)            ║
execution-manager  | ║   Task Execution     =     2655.834 ms  (T3 - T2)            ║
execution-manager  | ║   Response Latency   =        0.458 ms  (T4 - T3)            ║
execution-manager  | ║   Total End-to-End   =     3123.734 ms  (T4 - T1)            ║
execution-manager  | ║   Network Overhead   =      467.900 ms  (Req + Resp)         ║
execution-manager  | ╚═══════════════════════════════════════════════════════════════╝
execution-manager  | 
execution-manager  | [gRPC Client Async] Stream completed, received 1 responses
execution-manager  | [GRPC THREAD 2] Completed
execution-manager  | [SCHEDULER] ✅ T=15006 ms: Task 2 'sum2' completed with status 2
execution-manager  | [SCHEDULER] 🔕 Timeout disarmed for task 2
execution-manager  | [SCHEDULER] 2 tasks remaining
execution-manager  | [SCHEDULER] ⏰ T=20000 ms | T_wall=228129123.902 ms: Launching task 3 'sum3' (deadline: 40000 ms)
execution-manager  | [SCHEDULER] 🕐 Timeout armed for task 3 at T=40000 ms (in 19999 ms)
execution-manager  | [GRPC THREAD 3] Starting...
execution-manager  | [EXECUTION MANAGER] ⏱️ T1=228129124.061 ms | Sending gRPC request for task 3 'sum3'
execution-manager  | [gRPC Channel Pool] Reusing existing channel for localhost:50053
execution-manager  | [gRPC Client Async] Calling task 'sum3' at localhost:50053
execution-manager  | [gRPC Client Async] Inputs: {"total_ops": 200, "io_percentage": 50}
execution-manager  | [SCHEDULER] ⏰ T=21882 ms | T_wall=228131005.185 ms: Launching task 4 'sum4' (deadline: 41000 ms)
execution-manager  | [SCHEDULER] 🕐 Timeout armed for task 4 at T=41000 ms (in 19118 ms)
execution-manager  | [GRPC THREAD 4] Starting...
execution-manager  | [EXECUTION MANAGER] ⏱️ T1=228131005.367 ms | Sending gRPC request for task 4 'sum4'
execution-manager  | [gRPC Channel Pool] Reusing existing channel for localhost:50054
execution-manager  | [gRPC Client Async] Calling task 'sum4' at localhost:50054
execution-manager  | [gRPC Client Async] Inputs: {"total_ops": 200, "io_percentage": 50}
execution-manager  | [gRPC Client Async] Response #1 - Status: COMPLETED
execution-manager  | 🎉 [T=24991 ms] Task 3 'sum3' COMPLETED
execution-manager  | [EXECUTION MANAGER] ⏱️ T2=228129125.166 ms | Thread started (server measured)
execution-manager  | [EXECUTION MANAGER] ⏱️ T3=228134113.753 ms | Task completed (server measured)
execution-manager  | [EXECUTION MANAGER] ⏱️ T4=228134114.481 ms | Result received by client
execution-manager  |    [TASK EXECUTION] 4988.587 ms (T3-T2, measured in thread)
execution-manager  |    [RESULT] {"result": 0}
execution-manager  | 
execution-manager  | ╔═══════════════════════════════════════════════════════════════╗
execution-manager  | ║           END-TO-END TIMING MEASUREMENT RECAP                 ║
execution-manager  | ║                   Task 3: sum3                                 
execution-manager  | ╠═══════════════════════════════════════════════════════════════╣
execution-manager  | ║ T1 (start_request)    = 228129124.061 ms                        ║
execution-manager  | ║ T2 (end_request)      = 228129125.166 ms                        ║
execution-manager  | ║ T3 (start_result)     = 228134113.753 ms                        ║
execution-manager  | ║ T4 (end_result)       = 228134114.481 ms                        ║
execution-manager  | ╠═══════════════════════════════════════════════════════════════╣
execution-manager  | ║ METRICS:                                                      ║
execution-manager  | ║   Request Latency    =        1.106 ms  (T2 - T1)            ║
execution-manager  | ║   Task Execution     =     4988.587 ms  (T3 - T2)            ║
execution-manager  | ║   Response Latency   =        0.728 ms  (T4 - T3)            ║
execution-manager  | ║   Total End-to-End   =     4990.420 ms  (T4 - T1)            ║
execution-manager  | ║   Network Overhead   =        1.833 ms  (Req + Resp)         ║
execution-manager  | ╚═══════════════════════════════════════════════════════════════╝
execution-manager  | 
execution-manager  | [SCHEDULER] ✅ T=24991 ms: Task 3 'sum3' completed with status 2
execution-manager  | [SCHEDULER] 🔕 Timeout disarmed for task 3
execution-manager  | [SCHEDULER] 1 tasks remaining
execution-manager  | [gRPC Client Async] Stream completed, received 1 responses
execution-manager  | [GRPC THREAD 3] Completed
execution-manager  | [gRPC Client Async] Response #1 - Status: COMPLETED
execution-manager  | 🎉 [T=24993 ms] Task 4 'sum4' COMPLETED
execution-manager  | [EXECUTION MANAGER] ⏱️ T2=228131467.944 ms | Thread started (server measured)
execution-manager  | [EXECUTION MANAGER] ⏱️ T3=228134115.362 ms | Task completed (server measured)
execution-manager  | [EXECUTION MANAGER] ⏱️ T4=228134116.043 ms | Result received by client
execution-manager  |    [TASK EXECUTION] 2647.418 ms (T3-T2, measured in thread)
execution-manager  |    [RESULT] {"result": 0}
execution-manager  | 
execution-manager  | ╔═══════════════════════════════════════════════════════════════╗
execution-manager  | ║           END-TO-END TIMING MEASUREMENT RECAP                 ║
execution-manager  | ║                   Task 4: sum4                                 
execution-manager  | ╠═══════════════════════════════════════════════════════════════╣
execution-manager  | ║ T1 (start_request)    = 228131005.367 ms                        ║
execution-manager  | ║ T2 (end_request)      = 228131467.944 ms                        ║
execution-manager  | ║ T3 (start_result)     = 228134115.362 ms                        ║
execution-manager  | ║ T4 (end_result)       = 228134116.043 ms                        ║
execution-manager  | ╠═══════════════════════════════════════════════════════════════╣
execution-manager  | ║ METRICS:                                                      ║
execution-manager  | ║   Request Latency    =      462.577 ms  (T2 - T1)            ║
execution-manager  | ║   Task Execution     =     2647.418 ms  (T3 - T2)            ║
execution-manager  | ║   Response Latency   =        0.680 ms  (T4 - T3)            ║
execution-manager  | ║   Total End-to-End   =     3110.676 ms  (T4 - T1)            ║
execution-manager  | ║   Network Overhead   =      463.258 ms  (Req + Resp)         ║
execution-manager  | ╚═══════════════════════════════════════════════════════════════╝
execution-manager  | 
execution-manager  | [gRPC Client Async] Stream completed, received 1 responses
execution-manager  | [GRPC THREAD 4] Completed
execution-manager  | [SCHEDULER] ✅ T=24993 ms: Task 4 'sum4' completed with status 2
execution-manager  | [SCHEDULER] 🔕 Timeout disarmed for task 4
execution-manager  | [SCHEDULER] 0 tasks remaining
execution-manager  | 
execution-manager  | [SCHEDULER] 🏁 Iteration 23/50 complete!
execution-manager  | [SCHEDULER] Iteration execution time: 24993 ms
execution-manager  | 
execution-manager  | 
execution-manager  | [SCHEDULER] 🔁 ===== ITERATION 24 / 50 =====
execution-manager  | 
execution-manager  | [SCHEDULER] 🚀 Schedule started at T=0
execution-manager  | 
execution-manager  | [SCHEDULER] 🔄 Entering event loop (NO SLEEP - event-driven!)
execution-manager  | 
execution-manager  | [SCHEDULER] ⏰ T=10000 ms | T_wall=228144116.387 ms: Launching task 1 'sum1' (deadline: 30000 ms)
execution-manager  | [SCHEDULER] 🕐 Timeout armed for task 1 at T=30000 ms (in 20000 ms)
execution-manager  | [GRPC THREAD 1] Starting...
execution-manager  | [EXECUTION MANAGER] ⏱️ T1=228144116.519 ms | Sending gRPC request for task 1 'sum1'
execution-manager  | [gRPC Channel Pool] Reusing existing channel for localhost:50051
execution-manager  | [gRPC Client Async] Calling task 'sum1' at localhost:50051
execution-manager  | [gRPC Client Async] Inputs: {"total_ops": 200, "io_percentage": 50}
execution-manager  | [SCHEDULER] ⏰ T=11889 ms | T_wall=228146005.035 ms: Launching task 2 'sum2' (deadline: 31000 ms)
execution-manager  | [SCHEDULER] 🕐 Timeout armed for task 2 at T=31000 ms (in 19111 ms)
execution-manager  | [GRPC THREAD 2] Starting...
execution-manager  | [EXECUTION MANAGER] ⏱️ T1=228146005.194 ms | Sending gRPC request for task 2 'sum2'
execution-manager  | [gRPC Channel Pool] Reusing existing channel for localhost:50052
execution-manager  | [gRPC Client Async] Calling task 'sum2' at localhost:50052
execution-manager  | [gRPC Client Async] Inputs: {"total_ops": 200, "io_percentage": 50}
execution-manager  | [gRPC Client Async] Response #1 - Status: COMPLETED
execution-manager  | 🎉 [T=15001 ms] Task 1 'sum1' COMPLETED
execution-manager  | [EXECUTION MANAGER] ⏱️ T2=228144119.607 ms | Thread started (server measured)
execution-manager  | [EXECUTION MANAGER] ⏱️ T3=228149116.745 ms | Task completed (server measured)
execution-manager  | [EXECUTION MANAGER] ⏱️ T4=228149117.704 ms | Result received by client
execution-manager  |    [TASK EXECUTION] 4997.139 ms (T3-T2, measured in thread)
execution-manager  |    [RESULT] {"result": 0}
execution-manager  | 
execution-manager  | ╔═══════════════════════════════════════════════════════════════╗
execution-manager  | ║           END-TO-END TIMING MEASUREMENT RECAP                 ║
execution-manager  | ║                   Task 1: sum1                                 
execution-manager  | ╠═══════════════════════════════════════════════════════════════╣
execution-manager  | ║ T1 (start_request)    = 228144116.519 ms                        ║
execution-manager  | ║ T2 (end_request)      = 228144119.607 ms                        ║
execution-manager  | ║ T3 (start_result)     = 228149116.745 ms                        ║
execution-manager  | ║ T4 (end_result)       = 228149117.704 ms                        ║
execution-manager  | ╠═══════════════════════════════════════════════════════════════╣
execution-manager  | ║ METRICS:                                                      ║
execution-manager  | ║   Request Latency    =        3.088 ms  (T2 - T1)            ║
execution-manager  | ║   Task Execution     =     4997.139 ms  (T3 - T2)            ║
execution-manager  | ║   Response Latency   =        0.958 ms  (T4 - T3)            ║
execution-manager  | ║   Total End-to-End   =     5001.185 ms  (T4 - T1)            ║
execution-manager  | ║   Network Overhead   =        4.046 ms  (Req + Resp)         ║
execution-manager  | ╚═══════════════════════════════════════════════════════════════╝
execution-manager  | 
execution-manager  | [gRPC Client Async] Stream completed, received 1 responses
execution-manager  | [GRPC THREAD 1] Completed
execution-manager  | [SCHEDULER] ✅ T=15002 ms: Task 1 'sum1' completed with status 2
execution-manager  | [SCHEDULER] 🔕 Timeout disarmed for task 1
execution-manager  | [SCHEDULER] 3 tasks remaining
execution-manager  | [gRPC Client Async] Response #1 - Status: COMPLETED
execution-manager  | 🎉 [T=15003 ms] Task 2 'sum2' COMPLETED
execution-manager  | [EXECUTION MANAGER] ⏱️ T2=228146463.907 ms | Thread started (server measured)
execution-manager  | [EXECUTION MANAGER] ⏱️ T3=228149118.699 ms | Task completed (server measured)
execution-manager  | [EXECUTION MANAGER] ⏱️ T4=228149119.340 ms | Result received by client
execution-manager  |    [TASK EXECUTION] 2654.792 ms (T3-T2, measured in thread)
execution-manager  |    [RESULT] {"result": 0}
execution-manager  | 
execution-manager  | ╔═══════════════════════════════════════════════════════════════╗
execution-manager  | ║           END-TO-END TIMING MEASUREMENT RECAP                 ║
execution-manager  | ║                   Task 2: sum2                                 
execution-manager  | ╠═══════════════════════════════════════════════════════════════╣
execution-manager  | ║ T1 (start_request)    = 228146005.194 ms                        ║
execution-manager  | ║ T2 (end_request)      = 228146463.907 ms                        ║
execution-manager  | ║ T3 (start_result)     = 228149118.699 ms                        ║
execution-manager  | ║ T4 (end_result)       = 228149119.340 ms                        ║
execution-manager  | ╠═══════════════════════════════════════════════════════════════╣
execution-manager  | ║ METRICS:                                                      ║
execution-manager  | ║   Request Latency    =      458.713 ms  (T2 - T1)            ║
execution-manager  | ║   Task Execution     =     2654.792 ms  (T3 - T2)            ║
execution-manager  | ║   Response Latency   =        0.641 ms  (T4 - T3)            ║
execution-manager  | ║   Total End-to-End   =     3114.146 ms  (T4 - T1)            ║
execution-manager  | ║   Network Overhead   =      459.355 ms  (Req + Resp)         ║
execution-manager  | ╚═══════════════════════════════════════════════════════════════╝
execution-manager  | 
execution-manager  | [gRPC Client Async] Stream completed, received 1 responses
execution-manager  | [GRPC THREAD 2] Completed
execution-manager  | [SCHEDULER] ✅ T=15003 ms: Task 2 'sum2' completed with status 2
execution-manager  | [SCHEDULER] 🔕 Timeout disarmed for task 2
execution-manager  | [SCHEDULER] 2 tasks remaining
execution-manager  | [SCHEDULER] ⏰ T=20000 ms | T_wall=228154116.451 ms: Launching task 3 'sum3' (deadline: 40000 ms)
execution-manager  | [SCHEDULER] 🕐 Timeout armed for task 3 at T=40000 ms (in 20000 ms)
execution-manager  | [GRPC THREAD 3] Starting...
execution-manager  | [EXECUTION MANAGER] ⏱️ T1=228154116.619 ms | Sending gRPC request for task 3 'sum3'
execution-manager  | [gRPC Channel Pool] Reusing existing channel for localhost:50053
execution-manager  | [gRPC Client Async] Calling task 'sum3' at localhost:50053
execution-manager  | [gRPC Client Async] Inputs: {"total_ops": 200, "io_percentage": 50}
execution-manager  | [SCHEDULER] ⏰ T=21889 ms | T_wall=228156005.029 ms: Launching task 4 'sum4' (deadline: 41000 ms)
execution-manager  | [SCHEDULER] 🕐 Timeout armed for task 4 at T=41000 ms (in 19111 ms)
execution-manager  | [GRPC THREAD 4] Starting...
execution-manager  | [EXECUTION MANAGER] ⏱️ T1=228156005.190 ms | Sending gRPC request for task 4 'sum4'
execution-manager  | [gRPC Channel Pool] Reusing existing channel for localhost:50054
execution-manager  | [gRPC Client Async] Calling task 'sum4' at localhost:50054
execution-manager  | [gRPC Client Async] Inputs: {"total_ops": 200, "io_percentage": 50}
execution-manager  | [gRPC Client Async] Response #1 - Status: COMPLETED
execution-manager  | 🎉 [T=24984 ms] Task 3 'sum3' COMPLETED
execution-manager  | [EXECUTION MANAGER] ⏱️ T2=228154117.952 ms | Thread started (server measured)
execution-manager  | [EXECUTION MANAGER] ⏱️ T3=228159099.299 ms | Task completed (server measured)
execution-manager  | [EXECUTION MANAGER] ⏱️ T4=228159100.019 ms | Result received by client
execution-manager  |    [TASK EXECUTION] 4981.347 ms (T3-T2, measured in thread)
execution-manager  |    [RESULT] {"result": 0}
execution-manager  | 
execution-manager  | ╔═══════════════════════════════════════════════════════════════╗
execution-manager  | ║           END-TO-END TIMING MEASUREMENT RECAP                 ║
execution-manager  | ║                   Task 3: sum3                                 
execution-manager  | ╠═══════════════════════════════════════════════════════════════╣
execution-manager  | ║ T1 (start_request)    = 228154116.619 ms                        ║
execution-manager  | ║ T2 (end_request)      = 228154117.952 ms                        ║
execution-manager  | ║ T3 (start_result)     = 228159099.299 ms                        ║
execution-manager  | ║ T4 (end_result)       = 228159100.019 ms                        ║
execution-manager  | ╠═══════════════════════════════════════════════════════════════╣
execution-manager  | ║ METRICS:                                                      ║
execution-manager  | ║   Request Latency    =        1.333 ms  (T2 - T1)            ║
execution-manager  | ║   Task Execution     =     4981.347 ms  (T3 - T2)            ║
execution-manager  | ║   Response Latency   =        0.719 ms  (T4 - T3)            ║
execution-manager  | ║   Total End-to-End   =     4983.400 ms  (T4 - T1)            ║
execution-manager  | ║   Network Overhead   =        2.052 ms  (Req + Resp)         ║
execution-manager  | ╚═══════════════════════════════════════════════════════════════╝
execution-manager  | 
execution-manager  | [SCHEDULER] ✅ T=24984 ms: Task 3 'sum3' completed with status 2
execution-manager  | [SCHEDULER] 🔕 Timeout disarmed for task 3
execution-manager  | [SCHEDULER] 1 tasks remaining
execution-manager  | [gRPC Client Async] Stream completed, received 1 responses
execution-manager  | [GRPC THREAD 3] Completed
execution-manager  | [gRPC Client Async] Response #1 - Status: COMPLETED
execution-manager  | 🎉 [T=24985 ms] Task 4 'sum4' COMPLETED
execution-manager  | [EXECUTION MANAGER] ⏱️ T2=228156459.386 ms | Thread started (server measured)
execution-manager  | [EXECUTION MANAGER] ⏱️ T3=228159100.794 ms | Task completed (server measured)
execution-manager  | [EXECUTION MANAGER] ⏱️ T4=228159101.229 ms | Result received by client
execution-manager  |    [TASK EXECUTION] 2641.407 ms (T3-T2, measured in thread)
execution-manager  |    [RESULT] {"result": 0}
execution-manager  | 
execution-manager  | ╔═══════════════════════════════════════════════════════════════╗
execution-manager  | ║           END-TO-END TIMING MEASUREMENT RECAP                 ║
execution-manager  | ║                   Task 4: sum4                                 
execution-manager  | ╠═══════════════════════════════════════════════════════════════╣
execution-manager  | ║ T1 (start_request)    = 228156005.190 ms                        ║
execution-manager  | ║ T2 (end_request)      = 228156459.386 ms                        ║
execution-manager  | ║ T3 (start_result)     = 228159100.794 ms                        ║
execution-manager  | ║ T4 (end_result)       = 228159101.229 ms                        ║
execution-manager  | ╠═══════════════════════════════════════════════════════════════╣
execution-manager  | ║ METRICS:                                                      ║
execution-manager  | ║   Request Latency    =      454.196 ms  (T2 - T1)            ║
execution-manager  | ║   Task Execution     =     2641.407 ms  (T3 - T2)            ║
execution-manager  | ║   Response Latency   =        0.435 ms  (T4 - T3)            ║
execution-manager  | ║   Total End-to-End   =     3096.039 ms  (T4 - T1)            ║
execution-manager  | ║   Network Overhead   =      454.631 ms  (Req + Resp)         ║
execution-manager  | ╚═══════════════════════════════════════════════════════════════╝
execution-manager  | 
execution-manager  | [gRPC Client Async] Stream completed, received 1 responses
execution-manager  | [GRPC THREAD 4] Completed
execution-manager  | [SCHEDULER] ✅ T=24985 ms: Task 4 'sum4' completed with status 2
execution-manager  | [SCHEDULER] 🔕 Timeout disarmed for task 4
execution-manager  | [SCHEDULER] 0 tasks remaining
execution-manager  | 
execution-manager  | [SCHEDULER] 🏁 Iteration 24/50 complete!
execution-manager  | [SCHEDULER] Iteration execution time: 24985 ms
execution-manager  | 
execution-manager  | 
execution-manager  | [SCHEDULER] 🔁 ===== ITERATION 25 / 50 =====
execution-manager  | 
execution-manager  | [SCHEDULER] 🚀 Schedule started at T=0
execution-manager  | 
execution-manager  | [SCHEDULER] 🔄 Entering event loop (NO SLEEP - event-driven!)
execution-manager  | 
execution-manager  | [SCHEDULER] ⏰ T=10000 ms | T_wall=228169101.627 ms: Launching task 1 'sum1' (deadline: 30000 ms)
execution-manager  | [SCHEDULER] 🕐 Timeout armed for task 1 at T=30000 ms (in 20000 ms)
execution-manager  | [GRPC THREAD 1] Starting...
execution-manager  | [EXECUTION MANAGER] ⏱️ T1=228169101.765 ms | Sending gRPC request for task 1 'sum1'
execution-manager  | [gRPC Channel Pool] Reusing existing channel for localhost:50051
execution-manager  | [gRPC Client Async] Calling task 'sum1' at localhost:50051
execution-manager  | [gRPC Client Async] Inputs: {"total_ops": 200, "io_percentage": 50}
execution-manager  | [SCHEDULER] ⏰ T=11904 ms | T_wall=228171005.029 ms: Launching task 2 'sum2' (deadline: 31000 ms)
execution-manager  | [SCHEDULER] 🕐 Timeout armed for task 2 at T=31000 ms (in 19096 ms)
execution-manager  | [GRPC THREAD 2] Starting...
execution-manager  | [EXECUTION MANAGER] ⏱️ T1=228171005.186 ms | Sending gRPC request for task 2 'sum2'
execution-manager  | [gRPC Channel Pool] Reusing existing channel for localhost:50052
execution-manager  | [gRPC Client Async] Calling task 'sum2' at localhost:50052
execution-manager  | [gRPC Client Async] Inputs: {"total_ops": 200, "io_percentage": 50}
execution-manager  | [gRPC Client Async] Response #1 - Status: COMPLETED
execution-manager  | 🎉 [T=15306 ms] Task 1 'sum1' COMPLETED
execution-manager  | [EXECUTION MANAGER] ⏱️ T2=228169105.549 ms | Thread started (server measured)
execution-manager  | [EXECUTION MANAGER] ⏱️ T3=228174406.593 ms | Task completed (server measured)
execution-manager  | [EXECUTION MANAGER] ⏱️ T4=228174407.284 ms | Result received by client
execution-manager  |    [TASK EXECUTION] 5301.044 ms (T3-T2, measured in thread)
execution-manager  |    [RESULT] {"result": 0}
execution-manager  | 
execution-manager  | ╔═══════════════════════════════════════════════════════════════╗
execution-manager  | ║           END-TO-END TIMING MEASUREMENT RECAP                 ║
execution-manager  | ║                   Task 1: sum1                                 
execution-manager  | ╠═══════════════════════════════════════════════════════════════╣
execution-manager  | ║ T1 (start_request)    = 228169101.765 ms                        ║
execution-manager  | ║ T2 (end_request)      = 228169105.549 ms                        ║
execution-manager  | ║ T3 (start_result)     = 228174406.593 ms                        ║
execution-manager  | ║ T4 (end_result)       = 228174407.284 ms                        ║
execution-manager  | ╠═══════════════════════════════════════════════════════════════╣
execution-manager  | ║ METRICS:                                                      ║
execution-manager  | ║   Request Latency    =        3.784 ms  (T2 - T1)            ║
execution-manager  | ║   Task Execution     =     5301.044 ms  (T3 - T2)            ║
execution-manager  | ║   Response Latency   =        0.691 ms  (T4 - T3)            ║
execution-manager  | ║   Total End-to-End   =     5305.519 ms  (T4 - T1)            ║
execution-manager  | ║   Network Overhead   =        4.475 ms  (Req + Resp)         ║
execution-manager  | ╚═══════════════════════════════════════════════════════════════╝
execution-manager  | 
execution-manager  | [SCHEDULER] ✅ T=15306 ms: Task 1 'sum1' completed with status 2
execution-manager  | [SCHEDULER] 🔕 Timeout disarmed for task 1
execution-manager  | [SCHEDULER] 3 tasks remaining
execution-manager  | [gRPC Client Async] Stream completed, received 1 responses
execution-manager  | [GRPC THREAD 1] Completed
execution-manager  | [gRPC Client Async] Response #1 - Status: COMPLETED
execution-manager  | 🎉 [T=15308 ms] Task 2 'sum2' COMPLETED
execution-manager  | [EXECUTION MANAGER] ⏱️ T2=228171450.702 ms | Thread started (server measured)
execution-manager  | [EXECUTION MANAGER] ⏱️ T3=228174408.882 ms | Task completed (server measured)
execution-manager  | [EXECUTION MANAGER] ⏱️ T4=228174409.365 ms | Result received by client
execution-manager  |    [TASK EXECUTION] 2958.179 ms (T3-T2, measured in thread)
execution-manager  |    [RESULT] {"result": 0}
execution-manager  | 
execution-manager  | ╔═══════════════════════════════════════════════════════════════╗
execution-manager  | ║           END-TO-END TIMING MEASUREMENT RECAP                 ║
execution-manager  | ║                   Task 2: sum2                                 
execution-manager  | ╠═══════════════════════════════════════════════════════════════╣
execution-manager  | ║ T1 (start_request)    = 228171005.186 ms                        ║
execution-manager  | ║ T2 (end_request)      = 228171450.702 ms                        ║
execution-manager  | ║ T3 (start_result)     = 228174408.882 ms                        ║
execution-manager  | ║ T4 (end_result)       = 228174409.365 ms                        ║
execution-manager  | ╠═══════════════════════════════════════════════════════════════╣
execution-manager  | ║ METRICS:                                                      ║
execution-manager  | ║   Request Latency    =      445.517 ms  (T2 - T1)            ║
execution-manager  | ║   Task Execution     =     2958.179 ms  (T3 - T2)            ║
execution-manager  | ║   Response Latency   =        0.483 ms  (T4 - T3)            ║
execution-manager  | ║   Total End-to-End   =     3404.179 ms  (T4 - T1)            ║
execution-manager  | ║   Network Overhead   =      446.000 ms  (Req + Resp)         ║
execution-manager  | ╚═══════════════════════════════════════════════════════════════╝
execution-manager  | 
execution-manager  | [gRPC Client Async] Stream completed, received 1 responses
execution-manager  | [GRPC THREAD 2] Completed
execution-manager  | [SCHEDULER] ✅ T=15308 ms: Task 2 'sum2' completed with status 2
execution-manager  | [SCHEDULER] 🔕 Timeout disarmed for task 2
execution-manager  | [SCHEDULER] 2 tasks remaining
execution-manager  | [SCHEDULER] ⏰ T=20000 ms | T_wall=228179101.691 ms: Launching task 3 'sum3' (deadline: 40000 ms)
execution-manager  | [SCHEDULER] 🕐 Timeout armed for task 3 at T=40000 ms (in 20000 ms)
execution-manager  | [GRPC THREAD 3] Starting...
execution-manager  | [EXECUTION MANAGER] ⏱️ T1=228179101.837 ms | Sending gRPC request for task 3 'sum3'
execution-manager  | [gRPC Channel Pool] Reusing existing channel for localhost:50053
execution-manager  | [gRPC Client Async] Calling task 'sum3' at localhost:50053
execution-manager  | [gRPC Client Async] Inputs: {"total_ops": 200, "io_percentage": 50}
execution-manager  | [SCHEDULER] ⏰ T=21904 ms | T_wall=228181005.029 ms: Launching task 4 'sum4' (deadline: 41000 ms)
execution-manager  | [SCHEDULER] 🕐 Timeout armed for task 4 at T=41000 ms (in 19096 ms)
execution-manager  | [GRPC THREAD 4] Starting...
execution-manager  | [EXECUTION MANAGER] ⏱️ T1=228181005.186 ms | Sending gRPC request for task 4 'sum4'
execution-manager  | [gRPC Channel Pool] Reusing existing channel for localhost:50054
execution-manager  | [gRPC Client Async] Calling task 'sum4' at localhost:50054
execution-manager  | [gRPC Client Async] Inputs: {"total_ops": 200, "io_percentage": 50}
execution-manager  | [gRPC Client Async] Response #1 - Status: COMPLETED
execution-manager  | 🎉 [T=24987 ms] Task 3 'sum3' COMPLETED
execution-manager  | [EXECUTION MANAGER] ⏱️ T2=228179102.888 ms | Thread started (server measured)
execution-manager  | [EXECUTION MANAGER] ⏱️ T3=228184087.681 ms | Task completed (server measured)
execution-manager  | [EXECUTION MANAGER] ⏱️ T4=228184088.362 ms | Result received by client
execution-manager  |    [TASK EXECUTION] 4984.793 ms (T3-T2, measured in thread)
execution-manager  |    [RESULT] {"result": 0}
execution-manager  | 
execution-manager  | ╔═══════════════════════════════════════════════════════════════╗
execution-manager  | ║           END-TO-END TIMING MEASUREMENT RECAP                 ║
execution-manager  | ║                   Task 3: sum3                                 
execution-manager  | ╠═══════════════════════════════════════════════════════════════╣
execution-manager  | ║ T1 (start_request)    = 228179101.837 ms                        ║
execution-manager  | ║ T2 (end_request)      = 228179102.888 ms                        ║
execution-manager  | ║ T3 (start_result)     = 228184087.681 ms                        ║
execution-manager  | ║ T4 (end_result)       = 228184088.362 ms                        ║
execution-manager  | ╠═══════════════════════════════════════════════════════════════╣
execution-manager  | ║ METRICS:                                                      ║
execution-manager  | ║   Request Latency    =        1.051 ms  (T2 - T1)            ║
execution-manager  | ║   Task Execution     =     4984.793 ms  (T3 - T2)            ║
execution-manager  | ║   Response Latency   =        0.681 ms  (T4 - T3)            ║
execution-manager  | ║   Total End-to-End   =     4986.525 ms  (T4 - T1)            ║
execution-manager  | ║   Network Overhead   =        1.732 ms  (Req + Resp)         ║
execution-manager  | ╚═══════════════════════════════════════════════════════════════╝
execution-manager  | 
execution-manager  | [SCHEDULER] ✅ T=24987 ms: Task 3 'sum3' completed with status 2
execution-manager  | [SCHEDULER] 🔕 Timeout disarmed for task 3
execution-manager  | [SCHEDULER] 1 tasks remaining
execution-manager  | [gRPC Client Async] Stream completed, received 1 responses
execution-manager  | [GRPC THREAD 3] Completed
execution-manager  | [gRPC Client Async] Response #1 - Status: COMPLETED
execution-manager  | 🎉 [T=24988 ms] Task 4 'sum4' COMPLETED
execution-manager  | [EXECUTION MANAGER] ⏱️ T2=228181445.805 ms | Thread started (server measured)
execution-manager  | [EXECUTION MANAGER] ⏱️ T3=228184089.277 ms | Task completed (server measured)
execution-manager  | [EXECUTION MANAGER] ⏱️ T4=228184089.733 ms | Result received by client
execution-manager  |    [TASK EXECUTION] 2643.472 ms (T3-T2, measured in thread)
execution-manager  |    [RESULT] {"result": 0}
execution-manager  | 
execution-manager  | ╔═══════════════════════════════════════════════════════════════╗
execution-manager  | ║           END-TO-END TIMING MEASUREMENT RECAP                 ║
execution-manager  | ║                   Task 4: sum4                                 
execution-manager  | ╠═══════════════════════════════════════════════════════════════╣
execution-manager  | ║ T1 (start_request)    = 228181005.186 ms                        ║
execution-manager  | ║ T2 (end_request)      = 228181445.805 ms                        ║
execution-manager  | ║ T3 (start_result)     = 228184089.277 ms                        ║
execution-manager  | ║ T4 (end_result)       = 228184089.733 ms                        ║
execution-manager  | ╠═══════════════════════════════════════════════════════════════╣
execution-manager  | ║ METRICS:                                                      ║
execution-manager  | ║   Request Latency    =      440.618 ms  (T2 - T1)            ║
execution-manager  | ║   Task Execution     =     2643.472 ms  (T3 - T2)            ║
execution-manager  | ║   Response Latency   =        0.457 ms  (T4 - T3)            ║
execution-manager  | ║   Total End-to-End   =     3084.547 ms  (T4 - T1)            ║
execution-manager  | ║   Network Overhead   =      441.075 ms  (Req + Resp)         ║
execution-manager  | ╚═══════════════════════════════════════════════════════════════╝
execution-manager  | 
execution-manager  | [gRPC Client Async] Stream completed, received 1 responses
execution-manager  | [GRPC THREAD 4] Completed
execution-manager  | [SCHEDULER] ✅ T=24989 ms: Task 4 'sum4' completed with status 2
execution-manager  | [SCHEDULER] 🔕 Timeout disarmed for task 4
execution-manager  | [SCHEDULER] 0 tasks remaining
execution-manager  | 
execution-manager  | [SCHEDULER] 🏁 Iteration 25/50 complete!
execution-manager  | [SCHEDULER] Iteration execution time: 24989 ms
execution-manager  | 
execution-manager  | 
execution-manager  | [SCHEDULER] 🔁 ===== ITERATION 26 / 50 =====
execution-manager  | 
execution-manager  | [SCHEDULER] 🚀 Schedule started at T=0
execution-manager  | 
execution-manager  | [SCHEDULER] 🔄 Entering event loop (NO SLEEP - event-driven!)
execution-manager  | 
execution-manager  | [SCHEDULER] ⏰ T=10000 ms | T_wall=228194090.157 ms: Launching task 1 'sum1' (deadline: 30000 ms)
execution-manager  | [SCHEDULER] 🕐 Timeout armed for task 1 at T=30000 ms (in 20000 ms)
execution-manager  | [GRPC THREAD 1] Starting...
execution-manager  | [EXECUTION MANAGER] ⏱️ T1=228194090.298 ms | Sending gRPC request for task 1 'sum1'
execution-manager  | [gRPC Channel Pool] Reusing existing channel for localhost:50051
execution-manager  | [gRPC Client Async] Calling task 'sum1' at localhost:50051
execution-manager  | [gRPC Client Async] Inputs: {"total_ops": 200, "io_percentage": 50}
execution-manager  | [SCHEDULER] ⏰ T=11915 ms | T_wall=228196005.031 ms: Launching task 2 'sum2' (deadline: 31000 ms)
execution-manager  | [SCHEDULER] 🕐 Timeout armed for task 2 at T=31000 ms (in 19085 ms)
execution-manager  | [GRPC THREAD 2] Starting...
execution-manager  | [EXECUTION MANAGER] ⏱️ T1=228196005.254 ms | Sending gRPC request for task 2 'sum2'
execution-manager  | [gRPC Channel Pool] Reusing existing channel for localhost:50052
execution-manager  | [gRPC Client Async] Calling task 'sum2' at localhost:50052
execution-manager  | [gRPC Client Async] Inputs: {"total_ops": 200, "io_percentage": 50}
execution-manager  | [gRPC Client Async] Response #1 - Status: COMPLETED
execution-manager  | 🎉 [T=15003 ms] Task 1 'sum1' COMPLETED
execution-manager  | [EXECUTION MANAGER] ⏱️ T2=228194093.253 ms | Thread started (server measured)
execution-manager  | [EXECUTION MANAGER] ⏱️ T3=228199093.156 ms | Task completed (server measured)
execution-manager  | [EXECUTION MANAGER] ⏱️ T4=228199093.838 ms | Result received by client
execution-manager  |    [TASK EXECUTION] 4999.903 ms (T3-T2, measured in thread)
execution-manager  |    [RESULT] {"result": 0}
execution-manager  | 
execution-manager  | ╔═══════════════════════════════════════════════════════════════╗
execution-manager  | ║           END-TO-END TIMING MEASUREMENT RECAP                 ║
execution-manager  | ║                   Task 1: sum1                                 
execution-manager  | ╠═══════════════════════════════════════════════════════════════╣
execution-manager  | ║ T1 (start_request)    = 228194090.298 ms                        ║
execution-manager  | ║ T2 (end_request)      = 228194093.253 ms                        ║
execution-manager  | ║ T3 (start_result)     = 228199093.156 ms                        ║
execution-manager  | ║ T4 (end_result)       = 228199093.838 ms                        ║
execution-manager  | ╠═══════════════════════════════════════════════════════════════╣
execution-manager  | ║ METRICS:                                                      ║
execution-manager  | ║   Request Latency    =        2.956 ms  (T2 - T1)            ║
execution-manager  | ║   Task Execution     =     4999.903 ms  (T3 - T2)            ║
execution-manager  | ║   Response Latency   =        0.682 ms  (T4 - T3)            ║
execution-manager  | ║   Total End-to-End   =     5003.540 ms  (T4 - T1)            ║
execution-manager  | ║   Network Overhead   =        3.638 ms  (Req + Resp)         ║
execution-manager  | ╚═══════════════════════════════════════════════════════════════╝
execution-manager  | 
execution-manager  | [SCHEDULER] ✅ T=15004 ms: Task 1 'sum1' completed with status 2
execution-manager  | [SCHEDULER] 🔕 Timeout disarmed for task 1
execution-manager  | [SCHEDULER] 3 tasks remaining
execution-manager  | [gRPC Client Async] Stream completed, received 1 responses
execution-manager  | [GRPC THREAD 1] Completed
execution-manager  | [gRPC Client Async] Response #1 - Status: COMPLETED
execution-manager  | 🎉 [T=15005 ms] Task 2 'sum2' COMPLETED
execution-manager  | [EXECUTION MANAGER] ⏱️ T2=228196436.804 ms | Thread started (server measured)
execution-manager  | [EXECUTION MANAGER] ⏱️ T3=228199094.786 ms | Task completed (server measured)
execution-manager  | [EXECUTION MANAGER] ⏱️ T4=228199095.269 ms | Result received by client
execution-manager  |    [TASK EXECUTION] 2657.981 ms (T3-T2, measured in thread)
execution-manager  |    [RESULT] {"result": 0}
execution-manager  | 
execution-manager  | ╔═══════════════════════════════════════════════════════════════╗
execution-manager  | ║           END-TO-END TIMING MEASUREMENT RECAP                 ║
execution-manager  | ║                   Task 2: sum2                                 
execution-manager  | ╠═══════════════════════════════════════════════════════════════╣
execution-manager  | ║ T1 (start_request)    = 228196005.254 ms                        ║
execution-manager  | ║ T2 (end_request)      = 228196436.804 ms                        ║
execution-manager  | ║ T3 (start_result)     = 228199094.786 ms                        ║
execution-manager  | ║ T4 (end_result)       = 228199095.269 ms                        ║
execution-manager  | ╠═══════════════════════════════════════════════════════════════╣
execution-manager  | ║ METRICS:                                                      ║
execution-manager  | ║   Request Latency    =      431.550 ms  (T2 - T1)            ║
execution-manager  | ║   Task Execution     =     2657.981 ms  (T3 - T2)            ║
execution-manager  | ║   Response Latency   =        0.483 ms  (T4 - T3)            ║
execution-manager  | ║   Total End-to-End   =     3090.014 ms  (T4 - T1)            ║
execution-manager  | ║   Network Overhead   =      432.033 ms  (Req + Resp)         ║
execution-manager  | ╚═══════════════════════════════════════════════════════════════╝
execution-manager  | 
execution-manager  | [gRPC Client Async] Stream completed, received 1 responses
execution-manager  | [GRPC THREAD 2] Completed
execution-manager  | [SCHEDULER] ✅ T=15005 ms: Task 2 'sum2' completed with status 2
execution-manager  | [SCHEDULER] 🔕 Timeout disarmed for task 2
execution-manager  | [SCHEDULER] 2 tasks remaining
execution-manager  | [SCHEDULER] ⏰ T=20000 ms | T_wall=228204090.219 ms: Launching task 3 'sum3' (deadline: 40000 ms)
execution-manager  | [SCHEDULER] 🕐 Timeout armed for task 3 at T=40000 ms (in 20000 ms)
execution-manager  | [GRPC THREAD 3] Starting...
execution-manager  | [EXECUTION MANAGER] ⏱️ T1=228204090.357 ms | Sending gRPC request for task 3 'sum3'
execution-manager  | [gRPC Channel Pool] Reusing existing channel for localhost:50053
execution-manager  | [gRPC Client Async] Calling task 'sum3' at localhost:50053
execution-manager  | [gRPC Client Async] Inputs: {"total_ops": 200, "io_percentage": 50}
execution-manager  | [SCHEDULER] ⏰ T=21915 ms | T_wall=228206005.050 ms: Launching task 4 'sum4' (deadline: 41000 ms)
execution-manager  | [SCHEDULER] 🕐 Timeout armed for task 4 at T=41000 ms (in 19085 ms)
execution-manager  | [GRPC THREAD 4] Starting...
execution-manager  | [EXECUTION MANAGER] ⏱️ T1=228206005.196 ms | Sending gRPC request for task 4 'sum4'
execution-manager  | [gRPC Channel Pool] Reusing existing channel for localhost:50054
execution-manager  | [gRPC Client Async] Calling task 'sum4' at localhost:50054
execution-manager  | [gRPC Client Async] Inputs: {"total_ops": 200, "io_percentage": 50}
execution-manager  | [gRPC Client Async] Response #1 - Status: COMPLETED
execution-manager  | 🎉 [T=24982 ms] Task 3 'sum3' COMPLETED
execution-manager  | [EXECUTION MANAGER] ⏱️ T2=228204091.397 ms | Thread started (server measured)
execution-manager  | [EXECUTION MANAGER] ⏱️ T3=228209071.600 ms | Task completed (server measured)
execution-manager  | [EXECUTION MANAGER] ⏱️ T4=228209072.294 ms | Result received by client
execution-manager  |    [TASK EXECUTION] 4980.203 ms (T3-T2, measured in thread)
execution-manager  |    [RESULT] {"result": 0}
execution-manager  | 
execution-manager  | ╔═══════════════════════════════════════════════════════════════╗
execution-manager  | ║           END-TO-END TIMING MEASUREMENT RECAP                 ║
execution-manager  | ║                   Task 3: sum3                                 
execution-manager  | ╠═══════════════════════════════════════════════════════════════╣
execution-manager  | ║ T1 (start_request)    = 228204090.357 ms                        ║
execution-manager  | ║ T2 (end_request)      = 228204091.397 ms                        ║
execution-manager  | ║ T3 (start_result)     = 228209071.600 ms                        ║
execution-manager  | ║ T4 (end_result)       = 228209072.294 ms                        ║
execution-manager  | ╠═══════════════════════════════════════════════════════════════╣
execution-manager  | ║ METRICS:                                                      ║
execution-manager  | ║   Request Latency    =        1.040 ms  (T2 - T1)            ║
execution-manager  | ║   Task Execution     =     4980.203 ms  (T3 - T2)            ║
execution-manager  | ║   Response Latency   =        0.694 ms  (T4 - T3)            ║
execution-manager  | ║   Total End-to-End   =     4981.937 ms  (T4 - T1)            ║
execution-manager  | ║   Network Overhead   =        1.735 ms  (Req + Resp)         ║
execution-manager  | ╚═══════════════════════════════════════════════════════════════╝
execution-manager  | 
execution-manager  | [SCHEDULER] ✅ T=24982 ms: Task 3 'sum3' completed with status 2
execution-manager  | [SCHEDULER] 🔕 Timeout disarmed for task 3
execution-manager  | [SCHEDULER] 1 tasks remaining
execution-manager  | [gRPC Client Async] Stream completed, received 1 responses
execution-manager  | [GRPC THREAD 3] Completed
execution-manager  | [gRPC Client Async] Response #1 - Status: COMPLETED
execution-manager  | 🎉 [T=24983 ms] Task 4 'sum4' COMPLETED
execution-manager  | [EXECUTION MANAGER] ⏱️ T2=228206432.846 ms | Thread started (server measured)
execution-manager  | [EXECUTION MANAGER] ⏱️ T3=228209073.195 ms | Task completed (server measured)
execution-manager  | [EXECUTION MANAGER] ⏱️ T4=228209073.630 ms | Result received by client
execution-manager  |    [TASK EXECUTION] 2640.350 ms (T3-T2, measured in thread)
execution-manager  |    [RESULT] {"result": 0}
execution-manager  | 
execution-manager  | ╔═══════════════════════════════════════════════════════════════╗
execution-manager  | ║           END-TO-END TIMING MEASUREMENT RECAP                 ║
execution-manager  | ║                   Task 4: sum4                                 
execution-manager  | ╠═══════════════════════════════════════════════════════════════╣
execution-manager  | ║ T1 (start_request)    = 228206005.196 ms                        ║
execution-manager  | ║ T2 (end_request)      = 228206432.846 ms                        ║
execution-manager  | ║ T3 (start_result)     = 228209073.195 ms                        ║
execution-manager  | ║ T4 (end_result)       = 228209073.630 ms                        ║
execution-manager  | ╠═══════════════════════════════════════════════════════════════╣
execution-manager  | ║ METRICS:                                                      ║
execution-manager  | ║   Request Latency    =      427.649 ms  (T2 - T1)            ║
execution-manager  | ║   Task Execution     =     2640.350 ms  (T3 - T2)            ║
execution-manager  | ║   Response Latency   =        0.435 ms  (T4 - T3)            ║
execution-manager  | ║   Total End-to-End   =     3068.434 ms  (T4 - T1)            ║
execution-manager  | ║   Network Overhead   =      428.084 ms  (Req + Resp)         ║
execution-manager  | ╚═══════════════════════════════════════════════════════════════╝
execution-manager  | 
execution-manager  | [gRPC Client Async] Stream completed, received 1 responses
execution-manager  | [GRPC THREAD 4] Completed
execution-manager  | [SCHEDULER] ✅ T=24983 ms: Task 4 'sum4' completed with status 2
execution-manager  | [SCHEDULER] 🔕 Timeout disarmed for task 4
execution-manager  | [SCHEDULER] 0 tasks remaining
execution-manager  | 
execution-manager  | [SCHEDULER] 🏁 Iteration 26/50 complete!
execution-manager  | [SCHEDULER] Iteration execution time: 24983 ms
execution-manager  | 
execution-manager  | 
execution-manager  | [SCHEDULER] 🔁 ===== ITERATION 27 / 50 =====
execution-manager  | 
execution-manager  | [SCHEDULER] 🚀 Schedule started at T=0
execution-manager  | 
execution-manager  | [SCHEDULER] 🔄 Entering event loop (NO SLEEP - event-driven!)
execution-manager  | 
execution-manager  | [SCHEDULER] ⏰ T=10000 ms | T_wall=228219074.000 ms: Launching task 1 'sum1' (deadline: 30000 ms)
execution-manager  | [SCHEDULER] 🕐 Timeout armed for task 1 at T=30000 ms (in 19999 ms)
execution-manager  | [GRPC THREAD 1] Starting...
execution-manager  | [EXECUTION MANAGER] ⏱️ T1=228219074.142 ms | Sending gRPC request for task 1 'sum1'
execution-manager  | [gRPC Channel Pool] Reusing existing channel for localhost:50051
execution-manager  | [gRPC Client Async] Calling task 'sum1' at localhost:50051
execution-manager  | [gRPC Client Async] Inputs: {"total_ops": 200, "io_percentage": 50}
execution-manager  | [SCHEDULER] ⏰ T=11932 ms | T_wall=228221005.035 ms: Launching task 2 'sum2' (deadline: 31000 ms)
execution-manager  | [SCHEDULER] 🕐 Timeout armed for task 2 at T=31000 ms (in 19068 ms)
execution-manager  | [GRPC THREAD 2] Starting...
execution-manager  | [EXECUTION MANAGER] ⏱️ T1=228221005.272 ms | Sending gRPC request for task 2 'sum2'
execution-manager  | [gRPC Channel Pool] Reusing existing channel for localhost:50052
execution-manager  | [gRPC Client Async] Calling task 'sum2' at localhost:50052
execution-manager  | [gRPC Client Async] Inputs: {"total_ops": 200, "io_percentage": 50}
execution-manager  | [gRPC Client Async] Response #1 - Status: COMPLETED
execution-manager  | 🎉 [T=15035 ms] Task 1 'sum1' COMPLETED
execution-manager  | [EXECUTION MANAGER] ⏱️ T2=228219077.300 ms | Thread started (server measured)
execution-manager  | [EXECUTION MANAGER] ⏱️ T3=228224107.557 ms | Task completed (server measured)
execution-manager  | [EXECUTION MANAGER] ⏱️ T4=228224108.238 ms | Result received by client
execution-manager  |    [TASK EXECUTION] 5030.256 ms (T3-T2, measured in thread)
execution-manager  |    [RESULT] {"result": 0}
execution-manager  | 
execution-manager  | ╔═══════════════════════════════════════════════════════════════╗
execution-manager  | ║           END-TO-END TIMING MEASUREMENT RECAP                 ║
execution-manager  | ║                   Task 1: sum1                                 
execution-manager  | ╠═══════════════════════════════════════════════════════════════╣
execution-manager  | ║ T1 (start_request)    = 228219074.142 ms                        ║
execution-manager  | ║ T2 (end_request)      = 228219077.300 ms                        ║
execution-manager  | ║ T3 (start_result)     = 228224107.557 ms                        ║
execution-manager  | ║ T4 (end_result)       = 228224108.238 ms                        ║
execution-manager  | ╠═══════════════════════════════════════════════════════════════╣
execution-manager  | ║ METRICS:                                                      ║
execution-manager  | ║   Request Latency    =        3.158 ms  (T2 - T1)            ║
execution-manager  | ║   Task Execution     =     5030.256 ms  (T3 - T2)            ║
execution-manager  | ║   Response Latency   =        0.682 ms  (T4 - T3)            ║
execution-manager  | ║   Total End-to-End   =     5034.096 ms  (T4 - T1)            ║
execution-manager  | ║   Network Overhead   =        3.839 ms  (Req + Resp)         ║
execution-manager  | ╚═══════════════════════════════════════════════════════════════╝
execution-manager  | 
execution-manager  | [SCHEDULER] ✅ T=15035 ms: Task 1 'sum1' completed with status 2
execution-manager  | [SCHEDULER] 🔕 Timeout disarmed for task 1
execution-manager  | [SCHEDULER] 3 tasks remaining
execution-manager  | [gRPC Client Async] Stream completed, received 1 responses
execution-manager  | [GRPC THREAD 1] Completed
execution-manager  | [gRPC Client Async] Response #1 - Status: COMPLETED
execution-manager  | 🎉 [T=15036 ms] Task 2 'sum2' COMPLETED
execution-manager  | [EXECUTION MANAGER] ⏱️ T2=228221421.695 ms | Thread started (server measured)
execution-manager  | [EXECUTION MANAGER] ⏱️ T3=228224109.311 ms | Task completed (server measured)
execution-manager  | [EXECUTION MANAGER] ⏱️ T4=228224109.764 ms | Result received by client
execution-manager  |    [TASK EXECUTION] 2687.616 ms (T3-T2, measured in thread)
execution-manager  |    [RESULT] {"result": 0}
execution-manager  | 
execution-manager  | ╔═══════════════════════════════════════════════════════════════╗
execution-manager  | ║           END-TO-END TIMING MEASUREMENT RECAP                 ║
execution-manager  | ║                   Task 2: sum2                                 
execution-manager  | ╠═══════════════════════════════════════════════════════════════╣
execution-manager  | ║ T1 (start_request)    = 228221005.272 ms                        ║
execution-manager  | ║ T2 (end_request)      = 228221421.695 ms                        ║
execution-manager  | ║ T3 (start_result)     = 228224109.311 ms                        ║
execution-manager  | ║ T4 (end_result)       = 228224109.764 ms                        ║
execution-manager  | ╠═══════════════════════════════════════════════════════════════╣
execution-manager  | ║ METRICS:                                                      ║
execution-manager  | ║   Request Latency    =      416.423 ms  (T2 - T1)            ║
execution-manager  | ║   Task Execution     =     2687.616 ms  (T3 - T2)            ║
execution-manager  | ║   Response Latency   =        0.453 ms  (T4 - T3)            ║
execution-manager  | ║   Total End-to-End   =     3104.491 ms  (T4 - T1)            ║
execution-manager  | ║   Network Overhead   =      416.876 ms  (Req + Resp)         ║
execution-manager  | ╚═══════════════════════════════════════════════════════════════╝
execution-manager  | 
execution-manager  | [gRPC Client Async] Stream completed, received 1 responses
execution-manager  | [GRPC THREAD 2] Completed
execution-manager  | [SCHEDULER] ✅ T=15037 ms: Task 2 'sum2' completed with status 2
execution-manager  | [SCHEDULER] 🔕 Timeout disarmed for task 2
execution-manager  | [SCHEDULER] 2 tasks remaining
execution-manager  | [SCHEDULER] ⏰ T=20001 ms | T_wall=228229074.070 ms: Launching task 3 'sum3' (deadline: 40000 ms)
execution-manager  | [SCHEDULER] 🕐 Timeout armed for task 3 at T=40000 ms (in 19999 ms)
execution-manager  | [GRPC THREAD 3] Starting...
execution-manager  | [EXECUTION MANAGER] ⏱️ T1=228229074.213 ms | Sending gRPC request for task 3 'sum3'
execution-manager  | [gRPC Channel Pool] Reusing existing channel for localhost:50053
execution-manager  | [gRPC Client Async] Calling task 'sum3' at localhost:50053
execution-manager  | [gRPC Client Async] Inputs: {"total_ops": 200, "io_percentage": 50}
execution-manager  | [SCHEDULER] ⏰ T=21932 ms | T_wall=228231005.031 ms: Launching task 4 'sum4' (deadline: 41000 ms)
execution-manager  | [SCHEDULER] 🕐 Timeout armed for task 4 at T=41000 ms (in 19068 ms)
execution-manager  | [GRPC THREAD 4] Starting...
execution-manager  | [EXECUTION MANAGER] ⏱️ T1=228231005.185 ms | Sending gRPC request for task 4 'sum4'
execution-manager  | [gRPC Channel Pool] Reusing existing channel for localhost:50054
execution-manager  | [gRPC Client Async] Calling task 'sum4' at localhost:50054
execution-manager  | [gRPC Client Async] Inputs: {"total_ops": 200, "io_percentage": 50}
execution-manager  | [gRPC Client Async] Response #1 - Status: COMPLETED
execution-manager  | 🎉 [T=24979 ms] Task 3 'sum3' COMPLETED
execution-manager  | [EXECUTION MANAGER] ⏱️ T2=228229075.353 ms | Thread started (server measured)
execution-manager  | [EXECUTION MANAGER] ⏱️ T3=228234052.192 ms | Task completed (server measured)
execution-manager  | [EXECUTION MANAGER] ⏱️ T4=228234052.875 ms | Result received by client
execution-manager  |    [TASK EXECUTION] 4976.839 ms (T3-T2, measured in thread)
execution-manager  |    [RESULT] {"result": 0}
execution-manager  | 
execution-manager  | ╔═══════════════════════════════════════════════════════════════╗
execution-manager  | ║           END-TO-END TIMING MEASUREMENT RECAP                 ║
execution-manager  | ║                   Task 3: sum3                                 
execution-manager  | ╠═══════════════════════════════════════════════════════════════╣
execution-manager  | ║ T1 (start_request)    = 228229074.213 ms                        ║
execution-manager  | ║ T2 (end_request)      = 228229075.353 ms                        ║
execution-manager  | ║ T3 (start_result)     = 228234052.192 ms                        ║
execution-manager  | ║ T4 (end_result)       = 228234052.875 ms                        ║
execution-manager  | ╠═══════════════════════════════════════════════════════════════╣
execution-manager  | ║ METRICS:                                                      ║
execution-manager  | ║   Request Latency    =        1.140 ms  (T2 - T1)            ║
execution-manager  | ║   Task Execution     =     4976.839 ms  (T3 - T2)            ║
execution-manager  | ║   Response Latency   =        0.683 ms  (T4 - T3)            ║
execution-manager  | ║   Total End-to-End   =     4978.662 ms  (T4 - T1)            ║
execution-manager  | ║   Network Overhead   =        1.823 ms  (Req + Resp)         ║
execution-manager  | ╚═══════════════════════════════════════════════════════════════╝
execution-manager  | 
execution-manager  | [SCHEDULER] ✅ T=24980 ms: Task 3 'sum3' completed with status 2
execution-manager  | [SCHEDULER] 🔕 Timeout disarmed for task 3
execution-manager  | [SCHEDULER] 1 tasks remaining
execution-manager  | [gRPC Client Async] Stream completed, received 1 responses
execution-manager  | [GRPC THREAD 3] Completed
execution-manager  | [gRPC Client Async] Response #1 - Status: COMPLETED
execution-manager  | 🎉 [T=24981 ms] Task 4 'sum4' COMPLETED
execution-manager  | [EXECUTION MANAGER] ⏱️ T2=228231416.790 ms | Thread started (server measured)
execution-manager  | [EXECUTION MANAGER] ⏱️ T3=228234053.731 ms | Task completed (server measured)
execution-manager  | [EXECUTION MANAGER] ⏱️ T4=228234054.453 ms | Result received by client
execution-manager  |    [TASK EXECUTION] 2636.941 ms (T3-T2, measured in thread)
execution-manager  |    [RESULT] {"result": 0}
execution-manager  | 
execution-manager  | ╔═══════════════════════════════════════════════════════════════╗
execution-manager  | ║           END-TO-END TIMING MEASUREMENT RECAP                 ║
execution-manager  | ║                   Task 4: sum4                                 
execution-manager  | ╠═══════════════════════════════════════════════════════════════╣
execution-manager  | ║ T1 (start_request)    = 228231005.185 ms                        ║
execution-manager  | ║ T2 (end_request)      = 228231416.790 ms                        ║
execution-manager  | ║ T3 (start_result)     = 228234053.731 ms                        ║
execution-manager  | ║ T4 (end_result)       = 228234054.453 ms                        ║
execution-manager  | ╠═══════════════════════════════════════════════════════════════╣
execution-manager  | ║ METRICS:                                                      ║
execution-manager  | ║   Request Latency    =      411.604 ms  (T2 - T1)            ║
execution-manager  | ║   Task Execution     =     2636.941 ms  (T3 - T2)            ║
execution-manager  | ║   Response Latency   =        0.722 ms  (T4 - T3)            ║
execution-manager  | ║   Total End-to-End   =     3049.268 ms  (T4 - T1)            ║
execution-manager  | ║   Network Overhead   =      412.327 ms  (Req + Resp)         ║
execution-manager  | ╚═══════════════════════════════════════════════════════════════╝
execution-manager  | 
execution-manager  | [gRPC Client Async] Stream completed, received 1 responses
execution-manager  | [GRPC THREAD 4] Completed
execution-manager  | [SCHEDULER] ✅ T=24981 ms: Task 4 'sum4' completed with status 2
execution-manager  | [SCHEDULER] 🔕 Timeout disarmed for task 4
execution-manager  | [SCHEDULER] 0 tasks remaining
execution-manager  | 
execution-manager  | [SCHEDULER] 🏁 Iteration 27/50 complete!
execution-manager  | [SCHEDULER] Iteration execution time: 24981 ms
execution-manager  | 
execution-manager  | 
execution-manager  | [SCHEDULER] 🔁 ===== ITERATION 28 / 50 =====
execution-manager  | 
execution-manager  | [SCHEDULER] 🚀 Schedule started at T=0
execution-manager  | 
execution-manager  | [SCHEDULER] 🔄 Entering event loop (NO SLEEP - event-driven!)
execution-manager  | 
execution-manager  | [SCHEDULER] ⏰ T=10000 ms | T_wall=228244054.781 ms: Launching task 1 'sum1' (deadline: 30000 ms)
execution-manager  | [SCHEDULER] 🕐 Timeout armed for task 1 at T=30000 ms (in 20000 ms)
execution-manager  | [GRPC THREAD 1] Starting...
execution-manager  | [EXECUTION MANAGER] ⏱️ T1=228244054.925 ms | Sending gRPC request for task 1 'sum1'
execution-manager  | [gRPC Channel Pool] Reusing existing channel for localhost:50051
execution-manager  | [gRPC Client Async] Calling task 'sum1' at localhost:50051
execution-manager  | [gRPC Client Async] Inputs: {"total_ops": 200, "io_percentage": 50}
execution-manager  | [SCHEDULER] ⏰ T=11951 ms | T_wall=228246005.035 ms: Launching task 2 'sum2' (deadline: 31000 ms)
execution-manager  | [SCHEDULER] 🕐 Timeout armed for task 2 at T=31000 ms (in 19049 ms)
execution-manager  | [GRPC THREAD 2] Starting...
execution-manager  | [EXECUTION MANAGER] ⏱️ T1=228246005.193 ms | Sending gRPC request for task 2 'sum2'
execution-manager  | [gRPC Channel Pool] Reusing existing channel for localhost:50052
execution-manager  | [gRPC Client Async] Calling task 'sum2' at localhost:50052
execution-manager  | [gRPC Client Async] Inputs: {"total_ops": 200, "io_percentage": 50}
execution-manager  | [gRPC Client Async] Response #1 - Status: COMPLETED
execution-manager  | 🎉 [T=15041 ms] Task 1 'sum1' COMPLETED
execution-manager  | [EXECUTION MANAGER] ⏱️ T2=228244058.182 ms | Thread started (server measured)
execution-manager  | [EXECUTION MANAGER] ⏱️ T3=228249094.687 ms | Task completed (server measured)
execution-manager  | [EXECUTION MANAGER] ⏱️ T4=228249095.449 ms | Result received by client
execution-manager  |    [TASK EXECUTION] 5036.505 ms (T3-T2, measured in thread)
execution-manager  |    [RESULT] {"result": 0}
execution-manager  | 
execution-manager  | ╔═══════════════════════════════════════════════════════════════╗
execution-manager  | ║           END-TO-END TIMING MEASUREMENT RECAP                 ║
execution-manager  | ║                   Task 1: sum1                                 
execution-manager  | ╠═══════════════════════════════════════════════════════════════╣
execution-manager  | ║ T1 (start_request)    = 228244054.925 ms                        ║
execution-manager  | ║ T2 (end_request)      = 228244058.182 ms                        ║
execution-manager  | ║ T3 (start_result)     = 228249094.687 ms                        ║
execution-manager  | ║ T4 (end_result)       = 228249095.449 ms                        ║
execution-manager  | ╠═══════════════════════════════════════════════════════════════╣
execution-manager  | ║ METRICS:                                                      ║
execution-manager  | ║   Request Latency    =        3.256 ms  (T2 - T1)            ║
execution-manager  | ║   Task Execution     =     5036.505 ms  (T3 - T2)            ║
execution-manager  | ║   Response Latency   =        0.763 ms  (T4 - T3)            ║
execution-manager  | ║   Total End-to-End   =     5040.524 ms  (T4 - T1)            ║
execution-manager  | ║   Network Overhead   =        4.019 ms  (Req + Resp)         ║
execution-manager  | ╚═══════════════════════════════════════════════════════════════╝
execution-manager  | 
execution-manager  | [SCHEDULER] ✅ T=15041 ms: Task 1 'sum1' completed with status 2
execution-manager  | [SCHEDULER] 🔕 Timeout disarmed for task 1
execution-manager  | [SCHEDULER] 3 tasks remaining
execution-manager  | [gRPC Client Async] Stream completed, received 1 responses
execution-manager  | [GRPC THREAD 1] Completed
execution-manager  | [gRPC Client Async] Response #1 - Status: COMPLETED
execution-manager  | 🎉 [T=15042 ms] Task 2 'sum2' COMPLETED
execution-manager  | [EXECUTION MANAGER] ⏱️ T2=228246402.760 ms | Thread started (server measured)
execution-manager  | [EXECUTION MANAGER] ⏱️ T3=228249096.385 ms | Task completed (server measured)
execution-manager  | [EXECUTION MANAGER] ⏱️ T4=228249096.825 ms | Result received by client
execution-manager  |    [TASK EXECUTION] 2693.625 ms (T3-T2, measured in thread)
execution-manager  |    [RESULT] {"result": 0}
execution-manager  | 
execution-manager  | ╔═══════════════════════════════════════════════════════════════╗
execution-manager  | ║           END-TO-END TIMING MEASUREMENT RECAP                 ║
execution-manager  | ║                   Task 2: sum2                                 
execution-manager  | ╠═══════════════════════════════════════════════════════════════╣
execution-manager  | ║ T1 (start_request)    = 228246005.193 ms                        ║
execution-manager  | ║ T2 (end_request)      = 228246402.760 ms                        ║
execution-manager  | ║ T3 (start_result)     = 228249096.385 ms                        ║
execution-manager  | ║ T4 (end_result)       = 228249096.825 ms                        ║
execution-manager  | ╠═══════════════════════════════════════════════════════════════╣
execution-manager  | ║ METRICS:                                                      ║
execution-manager  | ║   Request Latency    =      397.567 ms  (T2 - T1)            ║
execution-manager  | ║   Task Execution     =     2693.625 ms  (T3 - T2)            ║
execution-manager  | ║   Response Latency   =        0.441 ms  (T4 - T3)            ║
execution-manager  | ║   Total End-to-End   =     3091.632 ms  (T4 - T1)            ║
execution-manager  | ║   Network Overhead   =      398.007 ms  (Req + Resp)         ║
execution-manager  | ╚═══════════════════════════════════════════════════════════════╝
execution-manager  | 
execution-manager  | [gRPC Client Async] Stream completed, received 1 responses
execution-manager  | [GRPC THREAD 2] Completed
execution-manager  | [SCHEDULER] ✅ T=15043 ms: Task 2 'sum2' completed with status 2
execution-manager  | [SCHEDULER] 🔕 Timeout disarmed for task 2
execution-manager  | [SCHEDULER] 2 tasks remaining
execution-manager  | [SCHEDULER] ⏰ T=20000 ms | T_wall=228254054.839 ms: Launching task 3 'sum3' (deadline: 40000 ms)
execution-manager  | [SCHEDULER] 🕐 Timeout armed for task 3 at T=40000 ms (in 20000 ms)
execution-manager  | [GRPC THREAD 3] Starting...
execution-manager  | [EXECUTION MANAGER] ⏱️ T1=228254054.977 ms | Sending gRPC request for task 3 'sum3'
execution-manager  | [gRPC Channel Pool] Reusing existing channel for localhost:50053
execution-manager  | [gRPC Client Async] Calling task 'sum3' at localhost:50053
execution-manager  | [gRPC Client Async] Inputs: {"total_ops": 200, "io_percentage": 50}
execution-manager  | [SCHEDULER] ⏰ T=21951 ms | T_wall=228256005.031 ms: Launching task 4 'sum4' (deadline: 41000 ms)
execution-manager  | [SCHEDULER] 🕐 Timeout armed for task 4 at T=41000 ms (in 19049 ms)
execution-manager  | [GRPC THREAD 4] Starting...
execution-manager  | [EXECUTION MANAGER] ⏱️ T1=228256005.192 ms | Sending gRPC request for task 4 'sum4'
execution-manager  | [gRPC Channel Pool] Reusing existing channel for localhost:50054
execution-manager  | [gRPC Client Async] Calling task 'sum4' at localhost:50054
execution-manager  | [gRPC Client Async] Inputs: {"total_ops": 200, "io_percentage": 50}
execution-manager  | [gRPC Client Async] Response #1 - Status: COMPLETED
execution-manager  | 🎉 [T=24987 ms] Task 3 'sum3' COMPLETED
execution-manager  | [EXECUTION MANAGER] ⏱️ T2=228254055.959 ms | Thread started (server measured)
execution-manager  | [EXECUTION MANAGER] ⏱️ T3=228259041.106 ms | Task completed (server measured)
execution-manager  | [EXECUTION MANAGER] ⏱️ T4=228259041.791 ms | Result received by client
execution-manager  |    [TASK EXECUTION] 4985.147 ms (T3-T2, measured in thread)
execution-manager  |    [RESULT] {"result": 0}
execution-manager  | 
execution-manager  | ╔═══════════════════════════════════════════════════════════════╗
execution-manager  | ║           END-TO-END TIMING MEASUREMENT RECAP                 ║
execution-manager  | ║                   Task 3: sum3                                 
execution-manager  | ╠═══════════════════════════════════════════════════════════════╣
execution-manager  | ║ T1 (start_request)    = 228254054.977 ms                        ║
execution-manager  | ║ T2 (end_request)      = 228254055.959 ms                        ║
execution-manager  | ║ T3 (start_result)     = 228259041.106 ms                        ║
execution-manager  | ║ T4 (end_result)       = 228259041.791 ms                        ║
execution-manager  | ╠═══════════════════════════════════════════════════════════════╣
execution-manager  | ║ METRICS:                                                      ║
execution-manager  | ║   Request Latency    =        0.981 ms  (T2 - T1)            ║
execution-manager  | ║   Task Execution     =     4985.147 ms  (T3 - T2)            ║
execution-manager  | ║   Response Latency   =        0.686 ms  (T4 - T3)            ║
execution-manager  | ║   Total End-to-End   =     4986.814 ms  (T4 - T1)            ║
execution-manager  | ║   Network Overhead   =        1.667 ms  (Req + Resp)         ║
execution-manager  | ╚═══════════════════════════════════════════════════════════════╝
execution-manager  | 
execution-manager  | [SCHEDULER] ✅ T=24987 ms: Task 3 'sum3' completed with status 2
execution-manager  | [SCHEDULER] 🔕 Timeout disarmed for task 3
execution-manager  | [SCHEDULER] 1 tasks remaining
execution-manager  | [gRPC Client Async] Stream completed, received 1 responses
execution-manager  | [GRPC THREAD 3] Completed
execution-manager  | [gRPC Client Async] Response #1 - Status: COMPLETED
execution-manager  | 🎉 [T=24989 ms] Task 4 'sum4' COMPLETED
execution-manager  | [EXECUTION MANAGER] ⏱️ T2=228256398.761 ms | Thread started (server measured)
execution-manager  | [EXECUTION MANAGER] ⏱️ T3=228259042.648 ms | Task completed (server measured)
execution-manager  | [EXECUTION MANAGER] ⏱️ T4=228259043.077 ms | Result received by client
execution-manager  |    [TASK EXECUTION] 2643.888 ms (T3-T2, measured in thread)
execution-manager  |    [RESULT] {"result": 0}
execution-manager  | 
execution-manager  | ╔═══════════════════════════════════════════════════════════════╗
execution-manager  | ║           END-TO-END TIMING MEASUREMENT RECAP                 ║
execution-manager  | ║                   Task 4: sum4                                 
execution-manager  | ╠═══════════════════════════════════════════════════════════════╣
execution-manager  | ║ T1 (start_request)    = 228256005.192 ms                        ║
execution-manager  | ║ T2 (end_request)      = 228256398.761 ms                        ║
execution-manager  | ║ T3 (start_result)     = 228259042.648 ms                        ║
execution-manager  | ║ T4 (end_result)       = 228259043.077 ms                        ║
execution-manager  | ╠═══════════════════════════════════════════════════════════════╣
execution-manager  | ║ METRICS:                                                      ║
execution-manager  | ║   Request Latency    =      393.568 ms  (T2 - T1)            ║
execution-manager  | ║   Task Execution     =     2643.888 ms  (T3 - T2)            ║
execution-manager  | ║   Response Latency   =        0.429 ms  (T4 - T3)            ║
execution-manager  | ║   Total End-to-End   =     3037.885 ms  (T4 - T1)            ║
execution-manager  | ║   Network Overhead   =      393.997 ms  (Req + Resp)         ║
execution-manager  | ╚═══════════════════════════════════════════════════════════════╝
execution-manager  | 
execution-manager  | [gRPC Client Async] Stream completed, received 1 responses
execution-manager  | [GRPC THREAD 4] Completed
execution-manager  | [SCHEDULER] ✅ T=24989 ms: Task 4 'sum4' completed with status 2
execution-manager  | [SCHEDULER] 🔕 Timeout disarmed for task 4
execution-manager  | [SCHEDULER] 0 tasks remaining
execution-manager  | 
execution-manager  | [SCHEDULER] 🏁 Iteration 28/50 complete!
execution-manager  | [SCHEDULER] Iteration execution time: 24989 ms
execution-manager  | 
execution-manager  | 
execution-manager  | [SCHEDULER] 🔁 ===== ITERATION 29 / 50 =====
execution-manager  | 
execution-manager  | [SCHEDULER] 🚀 Schedule started at T=0
execution-manager  | 
execution-manager  | [SCHEDULER] 🔄 Entering event loop (NO SLEEP - event-driven!)
execution-manager  | 
execution-manager  | [SCHEDULER] ⏰ T=10000 ms | T_wall=228269043.505 ms: Launching task 1 'sum1' (deadline: 30000 ms)
execution-manager  | [SCHEDULER] 🕐 Timeout armed for task 1 at T=30000 ms (in 20000 ms)
execution-manager  | [GRPC THREAD 1] Starting...
execution-manager  | [EXECUTION MANAGER] ⏱️ T1=228269043.643 ms | Sending gRPC request for task 1 'sum1'
execution-manager  | [gRPC Channel Pool] Reusing existing channel for localhost:50051
execution-manager  | [gRPC Client Async] Calling task 'sum1' at localhost:50051
execution-manager  | [gRPC Client Async] Inputs: {"total_ops": 200, "io_percentage": 50}
execution-manager  | [SCHEDULER] ⏰ T=11962 ms | T_wall=228271005.029 ms: Launching task 2 'sum2' (deadline: 31000 ms)
execution-manager  | [SCHEDULER] 🕐 Timeout armed for task 2 at T=31000 ms (in 19038 ms)
execution-manager  | [GRPC THREAD 2] Starting...
execution-manager  | [EXECUTION MANAGER] ⏱️ T1=228271005.191 ms | Sending gRPC request for task 2 'sum2'
execution-manager  | [gRPC Channel Pool] Reusing existing channel for localhost:50052
execution-manager  | [gRPC Client Async] Calling task 'sum2' at localhost:50052
execution-manager  | [gRPC Client Async] Inputs: {"total_ops": 200, "io_percentage": 50}
execution-manager  | [gRPC Client Async] Response #1 - Status: COMPLETED
execution-manager  | 🎉 [T=15014 ms] Task 1 'sum1' COMPLETED
execution-manager  | [EXECUTION MANAGER] ⏱️ T2=228269047.290 ms | Thread started (server measured)
execution-manager  | [EXECUTION MANAGER] ⏱️ T3=228274056.944 ms | Task completed (server measured)
execution-manager  | [EXECUTION MANAGER] ⏱️ T4=228274057.640 ms | Result received by client
execution-manager  |    [TASK EXECUTION] 5009.653 ms (T3-T2, measured in thread)
execution-manager  |    [RESULT] {"result": 0}
execution-manager  | 
execution-manager  | ╔═══════════════════════════════════════════════════════════════╗
execution-manager  | ║           END-TO-END TIMING MEASUREMENT RECAP                 ║
execution-manager  | ║                   Task 1: sum1                                 
execution-manager  | ╠═══════════════════════════════════════════════════════════════╣
execution-manager  | ║ T1 (start_request)    = 228269043.643 ms                        ║
execution-manager  | ║ T2 (end_request)      = 228269047.290 ms                        ║
execution-manager  | ║ T3 (start_result)     = 228274056.944 ms                        ║
execution-manager  | ║ T4 (end_result)       = 228274057.640 ms                        ║
execution-manager  | ╠═══════════════════════════════════════════════════════════════╣
execution-manager  | ║ METRICS:                                                      ║
execution-manager  | ║   Request Latency    =        3.647 ms  (T2 - T1)            ║
execution-manager  | ║   Task Execution     =     5009.653 ms  (T3 - T2)            ║
execution-manager  | ║   Response Latency   =        0.697 ms  (T4 - T3)            ║
execution-manager  | ║   Total End-to-End   =     5013.997 ms  (T4 - T1)            ║
execution-manager  | ║   Network Overhead   =        4.344 ms  (Req + Resp)         ║
execution-manager  | ╚═══════════════════════════════════════════════════════════════╝
execution-manager  | 
execution-manager  | [SCHEDULER] ✅ T=15014 ms: Task 1 'sum1' completed with status 2
execution-manager  | [SCHEDULER] 🔕 Timeout disarmed for task 1
execution-manager  | [SCHEDULER] 3 tasks remaining
execution-manager  | [gRPC Client Async] Stream completed, received 1 responses
execution-manager  | [GRPC THREAD 1] Completed
execution-manager  | [gRPC Client Async] Response #1 - Status: COMPLETED
execution-manager  | 🎉 [T=15016 ms] Task 2 'sum2' COMPLETED
execution-manager  | [EXECUTION MANAGER] ⏱️ T2=228271402.042 ms | Thread started (server measured)
execution-manager  | [EXECUTION MANAGER] ⏱️ T3=228274058.638 ms | Task completed (server measured)
execution-manager  | [EXECUTION MANAGER] ⏱️ T4=228274059.819 ms | Result received by client
execution-manager  |    [TASK EXECUTION] 2656.596 ms (T3-T2, measured in thread)
execution-manager  |    [RESULT] {"result": 0}
execution-manager  | 
execution-manager  | ╔═══════════════════════════════════════════════════════════════╗
execution-manager  | ║           END-TO-END TIMING MEASUREMENT RECAP                 ║
execution-manager  | ║                   Task 2: sum2                                 
execution-manager  | ╠═══════════════════════════════════════════════════════════════╣
execution-manager  | ║ T1 (start_request)    = 228271005.191 ms                        ║
execution-manager  | ║ T2 (end_request)      = 228271402.042 ms                        ║
execution-manager  | ║ T3 (start_result)     = 228274058.638 ms                        ║
execution-manager  | ║ T4 (end_result)       = 228274059.819 ms                        ║
execution-manager  | ╠═══════════════════════════════════════════════════════════════╣
execution-manager  | ║ METRICS:                                                      ║
execution-manager  | ║   Request Latency    =      396.851 ms  (T2 - T1)            ║
execution-manager  | ║   Task Execution     =     2656.596 ms  (T3 - T2)            ║
execution-manager  | ║   Response Latency   =        1.181 ms  (T4 - T3)            ║
execution-manager  | ║   Total End-to-End   =     3054.628 ms  (T4 - T1)            ║
execution-manager  | ║   Network Overhead   =      398.032 ms  (Req + Resp)         ║
execution-manager  | ╚═══════════════════════════════════════════════════════════════╝
execution-manager  | 
execution-manager  | [gRPC Client Async] Stream completed, received 1 responses
execution-manager  | [GRPC THREAD 2] Completed
execution-manager  | [SCHEDULER] ✅ T=15017 ms: Task 2 'sum2' completed with status 2
execution-manager  | [SCHEDULER] 🔕 Timeout disarmed for task 2
execution-manager  | [SCHEDULER] 2 tasks remaining
execution-manager  | [SCHEDULER] ⏰ T=20000 ms | T_wall=228279043.577 ms: Launching task 3 'sum3' (deadline: 40000 ms)
execution-manager  | [SCHEDULER] 🕐 Timeout armed for task 3 at T=40000 ms (in 20000 ms)
execution-manager  | [GRPC THREAD 3] Starting...
execution-manager  | [EXECUTION MANAGER] ⏱️ T1=228279043.721 ms | Sending gRPC request for task 3 'sum3'
execution-manager  | [gRPC Channel Pool] Reusing existing channel for localhost:50053
execution-manager  | [gRPC Client Async] Calling task 'sum3' at localhost:50053
execution-manager  | [gRPC Client Async] Inputs: {"total_ops": 200, "io_percentage": 50}
execution-manager  | [SCHEDULER] ⏰ T=21962 ms | T_wall=228281005.029 ms: Launching task 4 'sum4' (deadline: 41000 ms)
execution-manager  | [SCHEDULER] 🕐 Timeout armed for task 4 at T=41000 ms (in 19038 ms)
execution-manager  | [GRPC THREAD 4] Starting...
execution-manager  | [EXECUTION MANAGER] ⏱️ T1=228281005.194 ms | Sending gRPC request for task 4 'sum4'
execution-manager  | [gRPC Channel Pool] Reusing existing channel for localhost:50054
execution-manager  | [gRPC Client Async] Calling task 'sum4' at localhost:50054
execution-manager  | [gRPC Client Async] Inputs: {"total_ops": 200, "io_percentage": 50}
execution-manager  | [gRPC Client Async] Response #1 - Status: COMPLETED
execution-manager  | 🎉 [T=24992 ms] Task 3 'sum3' COMPLETED
execution-manager  | [EXECUTION MANAGER] ⏱️ T2=228279044.802 ms | Thread started (server measured)
execution-manager  | [EXECUTION MANAGER] ⏱️ T3=228284034.822 ms | Task completed (server measured)
execution-manager  | [EXECUTION MANAGER] ⏱️ T4=228284035.505 ms | Result received by client
execution-manager  |    [TASK EXECUTION] 4990.021 ms (T3-T2, measured in thread)
execution-manager  |    [RESULT] {"result": 0}
execution-manager  | 
execution-manager  | ╔═══════════════════════════════════════════════════════════════╗
execution-manager  | ║           END-TO-END TIMING MEASUREMENT RECAP                 ║
execution-manager  | ║                   Task 3: sum3                                 
execution-manager  | ╠═══════════════════════════════════════════════════════════════╣
execution-manager  | ║ T1 (start_request)    = 228279043.721 ms                        ║
execution-manager  | ║ T2 (end_request)      = 228279044.802 ms                        ║
execution-manager  | ║ T3 (start_result)     = 228284034.822 ms                        ║
execution-manager  | ║ T4 (end_result)       = 228284035.505 ms                        ║
execution-manager  | ╠═══════════════════════════════════════════════════════════════╣
execution-manager  | ║ METRICS:                                                      ║
execution-manager  | ║   Request Latency    =        1.081 ms  (T2 - T1)            ║
execution-manager  | ║   Task Execution     =     4990.021 ms  (T3 - T2)            ║
execution-manager  | ║   Response Latency   =        0.682 ms  (T4 - T3)            ║
execution-manager  | ║   Total End-to-End   =     4991.784 ms  (T4 - T1)            ║
execution-manager  | ║   Network Overhead   =        1.763 ms  (Req + Resp)         ║
execution-manager  | ╚═══════════════════════════════════════════════════════════════╝
execution-manager  | 
execution-manager  | [SCHEDULER] ✅ T=24992 ms: Task 3 'sum3' completed with status 2
execution-manager  | [SCHEDULER] 🔕 Timeout disarmed for task 3
execution-manager  | [SCHEDULER] 1 tasks remaining
execution-manager  | [gRPC Client Async] Stream completed, received 1 responses
execution-manager  | [GRPC THREAD 3] Completed
execution-manager  | [gRPC Client Async] Response #1 - Status: COMPLETED
execution-manager  | 🎉 [T=24993 ms] Task 4 'sum4' COMPLETED
execution-manager  | [EXECUTION MANAGER] ⏱️ T2=228281397.861 ms | Thread started (server measured)
execution-manager  | [EXECUTION MANAGER] ⏱️ T3=228284036.418 ms | Task completed (server measured)
execution-manager  | [EXECUTION MANAGER] ⏱️ T4=228284036.884 ms | Result received by client
execution-manager  |    [TASK EXECUTION] 2638.557 ms (T3-T2, measured in thread)
execution-manager  |    [RESULT] {"result": 0}
execution-manager  | 
execution-manager  | ╔═══════════════════════════════════════════════════════════════╗
execution-manager  | ║           END-TO-END TIMING MEASUREMENT RECAP                 ║
execution-manager  | ║                   Task 4: sum4                                 
execution-manager  | ╠═══════════════════════════════════════════════════════════════╣
execution-manager  | ║ T1 (start_request)    = 228281005.194 ms                        ║
execution-manager  | ║ T2 (end_request)      = 228281397.861 ms                        ║
execution-manager  | ║ T3 (start_result)     = 228284036.418 ms                        ║
execution-manager  | ║ T4 (end_result)       = 228284036.884 ms                        ║
execution-manager  | ╠═══════════════════════════════════════════════════════════════╣
execution-manager  | ║ METRICS:                                                      ║
execution-manager  | ║   Request Latency    =      392.667 ms  (T2 - T1)            ║
execution-manager  | ║   Task Execution     =     2638.557 ms  (T3 - T2)            ║
execution-manager  | ║   Response Latency   =        0.466 ms  (T4 - T3)            ║
execution-manager  | ║   Total End-to-End   =     3031.690 ms  (T4 - T1)            ║
execution-manager  | ║   Network Overhead   =      393.132 ms  (Req + Resp)         ║
execution-manager  | ╚═══════════════════════════════════════════════════════════════╝
execution-manager  | 
execution-manager  | [gRPC Client Async] Stream completed, received 1 responses
execution-manager  | [GRPC THREAD 4] Completed
execution-manager  | [SCHEDULER] ✅ T=24994 ms: Task 4 'sum4' completed with status 2
execution-manager  | [SCHEDULER] 🔕 Timeout disarmed for task 4
execution-manager  | [SCHEDULER] 0 tasks remaining
execution-manager  | 
execution-manager  | [SCHEDULER] 🏁 Iteration 29/50 complete!
execution-manager  | [SCHEDULER] Iteration execution time: 24994 ms
execution-manager  | 
execution-manager  | 
execution-manager  | [SCHEDULER] 🔁 ===== ITERATION 30 / 50 =====
execution-manager  | 
execution-manager  | [SCHEDULER] 🚀 Schedule started at T=0
execution-manager  | 
execution-manager  | [SCHEDULER] 🔄 Entering event loop (NO SLEEP - event-driven!)
execution-manager  | 
execution-manager  | [SCHEDULER] ⏰ T=10000 ms | T_wall=228294037.307 ms: Launching task 1 'sum1' (deadline: 30000 ms)
execution-manager  | [SCHEDULER] 🕐 Timeout armed for task 1 at T=30000 ms (in 20000 ms)
execution-manager  | [GRPC THREAD 1] Starting...
execution-manager  | [EXECUTION MANAGER] ⏱️ T1=228294037.446 ms | Sending gRPC request for task 1 'sum1'
execution-manager  | [gRPC Channel Pool] Reusing existing channel for localhost:50051
execution-manager  | [gRPC Client Async] Calling task 'sum1' at localhost:50051
execution-manager  | [gRPC Client Async] Inputs: {"total_ops": 200, "io_percentage": 50}
execution-manager  | [SCHEDULER] ⏰ T=11968 ms | T_wall=228296005.029 ms: Launching task 2 'sum2' (deadline: 31000 ms)
execution-manager  | [SCHEDULER] 🕐 Timeout armed for task 2 at T=31000 ms (in 19032 ms)
execution-manager  | [GRPC THREAD 2] Starting...
execution-manager  | [EXECUTION MANAGER] ⏱️ T1=228296005.179 ms | Sending gRPC request for task 2 'sum2'
execution-manager  | [gRPC Channel Pool] Reusing existing channel for localhost:50052
execution-manager  | [gRPC Client Async] Calling task 'sum2' at localhost:50052
execution-manager  | [gRPC Client Async] Inputs: {"total_ops": 200, "io_percentage": 50}
execution-manager  | [gRPC Client Async] Response #1 - Status: COMPLETED
execution-manager  | 🎉 [T=15029 ms] Task 1 'sum1' COMPLETED
execution-manager  | [EXECUTION MANAGER] ⏱️ T2=228294040.535 ms | Thread started (server measured)
execution-manager  | [EXECUTION MANAGER] ⏱️ T3=228299065.400 ms | Task completed (server measured)
execution-manager  | [EXECUTION MANAGER] ⏱️ T4=228299066.134 ms | Result received by client
execution-manager  |    [TASK EXECUTION] 5024.865 ms (T3-T2, measured in thread)
execution-manager  |    [RESULT] {"result": 0}
execution-manager  | 
execution-manager  | ╔═══════════════════════════════════════════════════════════════╗
execution-manager  | ║           END-TO-END TIMING MEASUREMENT RECAP                 ║
execution-manager  | ║                   Task 1: sum1                                 
execution-manager  | ╠═══════════════════════════════════════════════════════════════╣
execution-manager  | ║ T1 (start_request)    = 228294037.446 ms                        ║
execution-manager  | ║ T2 (end_request)      = 228294040.535 ms                        ║
execution-manager  | ║ T3 (start_result)     = 228299065.400 ms                        ║
execution-manager  | ║ T4 (end_result)       = 228299066.134 ms                        ║
execution-manager  | ╠═══════════════════════════════════════════════════════════════╣
execution-manager  | ║ METRICS:                                                      ║
execution-manager  | ║   Request Latency    =        3.089 ms  (T2 - T1)            ║
execution-manager  | ║   Task Execution     =     5024.865 ms  (T3 - T2)            ║
execution-manager  | ║   Response Latency   =        0.734 ms  (T4 - T3)            ║
execution-manager  | ║   Total End-to-End   =     5028.688 ms  (T4 - T1)            ║
execution-manager  | ║   Network Overhead   =        3.823 ms  (Req + Resp)         ║
execution-manager  | ╚═══════════════════════════════════════════════════════════════╝
execution-manager  | 
execution-manager  | [SCHEDULER] ✅ T=15029 ms: Task 1 'sum1' completed with status 2
execution-manager  | [SCHEDULER] 🔕 Timeout disarmed for task 1
execution-manager  | [SCHEDULER] 3 tasks remaining
execution-manager  | [gRPC Client Async] Stream completed, received 1 responses
execution-manager  | [GRPC THREAD 1] Completed
execution-manager  | [gRPC Client Async] Response #1 - Status: COMPLETED
execution-manager  | 🎉 [T=15030 ms] Task 2 'sum2' COMPLETED
execution-manager  | [EXECUTION MANAGER] ⏱️ T2=228296401.799 ms | Thread started (server measured)
execution-manager  | [EXECUTION MANAGER] ⏱️ T3=228299067.059 ms | Task completed (server measured)
execution-manager  | [EXECUTION MANAGER] ⏱️ T4=228299067.491 ms | Result received by client
execution-manager  |    [TASK EXECUTION] 2665.260 ms (T3-T2, measured in thread)
execution-manager  |    [RESULT] {"result": 0}
execution-manager  | 
execution-manager  | ╔═══════════════════════════════════════════════════════════════╗
execution-manager  | ║           END-TO-END TIMING MEASUREMENT RECAP                 ║
execution-manager  | ║                   Task 2: sum2                                 
execution-manager  | ╠═══════════════════════════════════════════════════════════════╣
execution-manager  | ║ T1 (start_request)    = 228296005.179 ms                        ║
execution-manager  | ║ T2 (end_request)      = 228296401.799 ms                        ║
execution-manager  | ║ T3 (start_result)     = 228299067.059 ms                        ║
execution-manager  | ║ T4 (end_result)       = 228299067.491 ms                        ║
execution-manager  | ╠═══════════════════════════════════════════════════════════════╣
execution-manager  | ║ METRICS:                                                      ║
execution-manager  | ║   Request Latency    =      396.620 ms  (T2 - T1)            ║
execution-manager  | ║   Task Execution     =     2665.260 ms  (T3 - T2)            ║
execution-manager  | ║   Response Latency   =        0.431 ms  (T4 - T3)            ║
execution-manager  | ║   Total End-to-End   =     3062.311 ms  (T4 - T1)            ║
execution-manager  | ║   Network Overhead   =      397.051 ms  (Req + Resp)         ║
execution-manager  | ╚═══════════════════════════════════════════════════════════════╝
execution-manager  | 
execution-manager  | [gRPC Client Async] Stream completed, received 1 responses
execution-manager  | [GRPC THREAD 2] Completed
execution-manager  | [SCHEDULER] ✅ T=15030 ms: Task 2 'sum2' completed with status 2
execution-manager  | [SCHEDULER] 🔕 Timeout disarmed for task 2
execution-manager  | [SCHEDULER] 2 tasks remaining
execution-manager  | [SCHEDULER] ⏰ T=20000 ms | T_wall=228304037.373 ms: Launching task 3 'sum3' (deadline: 40000 ms)
execution-manager  | [SCHEDULER] 🕐 Timeout armed for task 3 at T=40000 ms (in 20000 ms)
execution-manager  | [GRPC THREAD 3] Starting...
execution-manager  | [EXECUTION MANAGER] ⏱️ T1=228304037.516 ms | Sending gRPC request for task 3 'sum3'
execution-manager  | [gRPC Channel Pool] Reusing existing channel for localhost:50053
execution-manager  | [gRPC Client Async] Calling task 'sum3' at localhost:50053
execution-manager  | [gRPC Client Async] Inputs: {"total_ops": 200, "io_percentage": 50}
execution-manager  | [SCHEDULER] ⏰ T=21968 ms | T_wall=228306005.029 ms: Launching task 4 'sum4' (deadline: 41000 ms)
execution-manager  | [SCHEDULER] 🕐 Timeout armed for task 4 at T=41000 ms (in 19032 ms)
execution-manager  | [GRPC THREAD 4] Starting...
execution-manager  | [EXECUTION MANAGER] ⏱️ T1=228306005.194 ms | Sending gRPC request for task 4 'sum4'
execution-manager  | [gRPC Channel Pool] Reusing existing channel for localhost:50054
execution-manager  | [gRPC Client Async] Calling task 'sum4' at localhost:50054
execution-manager  | [gRPC Client Async] Inputs: {"total_ops": 200, "io_percentage": 50}
execution-manager  | [gRPC Client Async] Response #1 - Status: COMPLETED
execution-manager  | 🎉 [T=25003 ms] Task 3 'sum3' COMPLETED
execution-manager  | [EXECUTION MANAGER] ⏱️ T2=228304038.521 ms | Thread started (server measured)
execution-manager  | [EXECUTION MANAGER] ⏱️ T3=228309040.254 ms | Task completed (server measured)
execution-manager  | [EXECUTION MANAGER] ⏱️ T4=228309040.950 ms | Result received by client
execution-manager  |    [TASK EXECUTION] 5001.732 ms (T3-T2, measured in thread)
execution-manager  |    [RESULT] {"result": 0}
execution-manager  | 
execution-manager  | ╔═══════════════════════════════════════════════════════════════╗
execution-manager  | ║           END-TO-END TIMING MEASUREMENT RECAP                 ║
execution-manager  | ║                   Task 3: sum3                                 
execution-manager  | ╠═══════════════════════════════════════════════════════════════╣
execution-manager  | ║ T1 (start_request)    = 228304037.516 ms                        ║
execution-manager  | ║ T2 (end_request)      = 228304038.521 ms                        ║
execution-manager  | ║ T3 (start_result)     = 228309040.254 ms                        ║
execution-manager  | ║ T4 (end_result)       = 228309040.950 ms                        ║
execution-manager  | ╠═══════════════════════════════════════════════════════════════╣
execution-manager  | ║ METRICS:                                                      ║
execution-manager  | ║   Request Latency    =        1.005 ms  (T2 - T1)            ║
execution-manager  | ║   Task Execution     =     5001.732 ms  (T3 - T2)            ║
execution-manager  | ║   Response Latency   =        0.696 ms  (T4 - T3)            ║
execution-manager  | ║   Total End-to-End   =     5003.434 ms  (T4 - T1)            ║
execution-manager  | ║   Network Overhead   =        1.702 ms  (Req + Resp)         ║
execution-manager  | ╚═══════════════════════════════════════════════════════════════╝
execution-manager  | 
execution-manager  | [SCHEDULER] ✅ T=25004 ms: Task 3 'sum3' completed with status 2
execution-manager  | [SCHEDULER] 🔕 Timeout disarmed for task 3
execution-manager  | [SCHEDULER] 1 tasks remaining
execution-manager  | [gRPC Client Async] Stream completed, received 1 responses
execution-manager  | [GRPC THREAD 3] Completed
execution-manager  | [gRPC Client Async] Response #1 - Status: COMPLETED
execution-manager  | 🎉 [T=25005 ms] Task 4 'sum4' COMPLETED
execution-manager  | [EXECUTION MANAGER] ⏱️ T2=228306397.615 ms | Thread started (server measured)
execution-manager  | [EXECUTION MANAGER] ⏱️ T3=228309042.476 ms | Task completed (server measured)
execution-manager  | [EXECUTION MANAGER] ⏱️ T4=228309042.983 ms | Result received by client
execution-manager  |    [TASK EXECUTION] 2644.861 ms (T3-T2, measured in thread)
execution-manager  |    [RESULT] {"result": 0}
execution-manager  | 
execution-manager  | ╔═══════════════════════════════════════════════════════════════╗
execution-manager  | ║           END-TO-END TIMING MEASUREMENT RECAP                 ║
execution-manager  | ║                   Task 4: sum4                                 
execution-manager  | ╠═══════════════════════════════════════════════════════════════╣
execution-manager  | ║ T1 (start_request)    = 228306005.194 ms                        ║
execution-manager  | ║ T2 (end_request)      = 228306397.615 ms                        ║
execution-manager  | ║ T3 (start_result)     = 228309042.476 ms                        ║
execution-manager  | ║ T4 (end_result)       = 228309042.983 ms                        ║
execution-manager  | ╠═══════════════════════════════════════════════════════════════╣
execution-manager  | ║ METRICS:                                                      ║
execution-manager  | ║   Request Latency    =      392.420 ms  (T2 - T1)            ║
execution-manager  | ║   Task Execution     =     2644.861 ms  (T3 - T2)            ║
execution-manager  | ║   Response Latency   =        0.507 ms  (T4 - T3)            ║
execution-manager  | ║   Total End-to-End   =     3037.789 ms  (T4 - T1)            ║
execution-manager  | ║   Network Overhead   =      392.927 ms  (Req + Resp)         ║
execution-manager  | ╚═══════════════════════════════════════════════════════════════╝
execution-manager  | 
execution-manager  | [gRPC Client Async] Stream completed, received 1 responses
execution-manager  | [GRPC THREAD 4] Completed
execution-manager  | [SCHEDULER] ✅ T=25006 ms: Task 4 'sum4' completed with status 2
execution-manager  | [SCHEDULER] 🔕 Timeout disarmed for task 4
execution-manager  | [SCHEDULER] 0 tasks remaining
execution-manager  | 
execution-manager  | [SCHEDULER] 🏁 Iteration 30/50 complete!
execution-manager  | [SCHEDULER] Iteration execution time: 25006 ms
execution-manager  | 
execution-manager  | 
execution-manager  | [SCHEDULER] 🔁 ===== ITERATION 31 / 50 =====
execution-manager  | 
execution-manager  | [SCHEDULER] 🚀 Schedule started at T=0
execution-manager  | 
execution-manager  | [SCHEDULER] 🔄 Entering event loop (NO SLEEP - event-driven!)
execution-manager  | 
execution-manager  | [SCHEDULER] ⏰ T=10000 ms | T_wall=228319043.478 ms: Launching task 1 'sum1' (deadline: 30000 ms)
execution-manager  | [SCHEDULER] 🕐 Timeout armed for task 1 at T=30000 ms (in 20000 ms)
execution-manager  | [GRPC THREAD 1] Starting...
execution-manager  | [EXECUTION MANAGER] ⏱️ T1=228319043.615 ms | Sending gRPC request for task 1 'sum1'
execution-manager  | [gRPC Channel Pool] Reusing existing channel for localhost:50051
execution-manager  | [gRPC Client Async] Calling task 'sum1' at localhost:50051
execution-manager  | [gRPC Client Async] Inputs: {"total_ops": 200, "io_percentage": 50}
execution-manager  | [SCHEDULER] ⏰ T=11962 ms | T_wall=228321005.030 ms: Launching task 2 'sum2' (deadline: 31000 ms)
execution-manager  | [SCHEDULER] 🕐 Timeout armed for task 2 at T=31000 ms (in 19038 ms)
execution-manager  | [GRPC THREAD 2] Starting...
execution-manager  | [EXECUTION MANAGER] ⏱️ T1=228321005.207 ms | Sending gRPC request for task 2 'sum2'
execution-manager  | [gRPC Channel Pool] Reusing existing channel for localhost:50052
execution-manager  | [gRPC Client Async] Calling task 'sum2' at localhost:50052
execution-manager  | [gRPC Client Async] Inputs: {"total_ops": 200, "io_percentage": 50}
execution-manager  | [gRPC Client Async] Response #1 - Status: COMPLETED
execution-manager  | 🎉 [T=15034 ms] Task 1 'sum1' COMPLETED
execution-manager  | [EXECUTION MANAGER] ⏱️ T2=228319044.476 ms | Thread started (server measured)
execution-manager  | [EXECUTION MANAGER] ⏱️ T3=228324077.143 ms | Task completed (server measured)
execution-manager  | [EXECUTION MANAGER] ⏱️ T4=228324077.869 ms | Result received by client
execution-manager  |    [TASK EXECUTION] 5032.667 ms (T3-T2, measured in thread)
execution-manager  |    [RESULT] {"result": 0}
execution-manager  | 
execution-manager  | ╔═══════════════════════════════════════════════════════════════╗
execution-manager  | ║           END-TO-END TIMING MEASUREMENT RECAP                 ║
execution-manager  | ║                   Task 1: sum1                                 
execution-manager  | ╠═══════════════════════════════════════════════════════════════╣
execution-manager  | ║ T1 (start_request)    = 228319043.615 ms                        ║
execution-manager  | ║ T2 (end_request)      = 228319044.476 ms                        ║
execution-manager  | ║ T3 (start_result)     = 228324077.143 ms                        ║
execution-manager  | ║ T4 (end_result)       = 228324077.869 ms                        ║
execution-manager  | ╠═══════════════════════════════════════════════════════════════╣
execution-manager  | ║ METRICS:                                                      ║
execution-manager  | ║   Request Latency    =        0.861 ms  (T2 - T1)            ║
execution-manager  | ║   Task Execution     =     5032.667 ms  (T3 - T2)            ║
execution-manager  | ║   Response Latency   =        0.725 ms  (T4 - T3)            ║
execution-manager  | ║   Total End-to-End   =     5034.254 ms  (T4 - T1)            ║
execution-manager  | ║   Network Overhead   =        1.586 ms  (Req + Resp)         ║
execution-manager  | ╚═══════════════════════════════════════════════════════════════╝
execution-manager  | 
execution-manager  | [SCHEDULER] ✅ T=15035 ms: Task 1 'sum1' completed with status 2
execution-manager  | [SCHEDULER] 🔕 Timeout disarmed for task 1
execution-manager  | [SCHEDULER] 3 tasks remaining
execution-manager  | [gRPC Client Async] Stream completed, received 1 responses
execution-manager  | [GRPC THREAD 1] Completed
execution-manager  | [gRPC Client Async] Response #1 - Status: COMPLETED
execution-manager  | 🎉 [T=15037 ms] Task 2 'sum2' COMPLETED
execution-manager  | [EXECUTION MANAGER] ⏱️ T2=228321399.296 ms | Thread started (server measured)
execution-manager  | [EXECUTION MANAGER] ⏱️ T3=228324079.576 ms | Task completed (server measured)
execution-manager  | [EXECUTION MANAGER] ⏱️ T4=228324080.087 ms | Result received by client
execution-manager  |    [TASK EXECUTION] 2680.280 ms (T3-T2, measured in thread)
execution-manager  |    [RESULT] {"result": 0}
execution-manager  | 
execution-manager  | ╔═══════════════════════════════════════════════════════════════╗
execution-manager  | ║           END-TO-END TIMING MEASUREMENT RECAP                 ║
execution-manager  | ║                   Task 2: sum2                                 
execution-manager  | ╠═══════════════════════════════════════════════════════════════╣
execution-manager  | ║ T1 (start_request)    = 228321005.207 ms                        ║
execution-manager  | ║ T2 (end_request)      = 228321399.296 ms                        ║
execution-manager  | ║ T3 (start_result)     = 228324079.576 ms                        ║
execution-manager  | ║ T4 (end_result)       = 228324080.087 ms                        ║
execution-manager  | ╠═══════════════════════════════════════════════════════════════╣
execution-manager  | ║ METRICS:                                                      ║
execution-manager  | ║   Request Latency    =      394.089 ms  (T2 - T1)            ║
execution-manager  | ║   Task Execution     =     2680.280 ms  (T3 - T2)            ║
execution-manager  | ║   Response Latency   =        0.511 ms  (T4 - T3)            ║
execution-manager  | ║   Total End-to-End   =     3074.880 ms  (T4 - T1)            ║
execution-manager  | ║   Network Overhead   =      394.600 ms  (Req + Resp)         ║
execution-manager  | ╚═══════════════════════════════════════════════════════════════╝
execution-manager  | 
execution-manager  | [gRPC Client Async] Stream completed, received 1 responses
execution-manager  | [GRPC THREAD 2] Completed
execution-manager  | [SCHEDULER] ✅ T=15037 ms: Task 2 'sum2' completed with status 2
execution-manager  | [SCHEDULER] 🔕 Timeout disarmed for task 2
execution-manager  | [SCHEDULER] 2 tasks remaining
execution-manager  | [SCHEDULER] ⏰ T=20000 ms | T_wall=228329043.546 ms: Launching task 3 'sum3' (deadline: 40000 ms)
execution-manager  | [SCHEDULER] 🕐 Timeout armed for task 3 at T=40000 ms (in 20000 ms)
execution-manager  | [GRPC THREAD 3] Starting...
execution-manager  | [EXECUTION MANAGER] ⏱️ T1=228329043.679 ms | Sending gRPC request for task 3 'sum3'
execution-manager  | [gRPC Channel Pool] Reusing existing channel for localhost:50053
execution-manager  | [gRPC Client Async] Calling task 'sum3' at localhost:50053
execution-manager  | [gRPC Client Async] Inputs: {"total_ops": 200, "io_percentage": 50}
execution-manager  | [SCHEDULER] ⏰ T=21962 ms | T_wall=228331005.030 ms: Launching task 4 'sum4' (deadline: 41000 ms)
execution-manager  | [SCHEDULER] 🕐 Timeout armed for task 4 at T=41000 ms (in 19038 ms)
execution-manager  | [GRPC THREAD 4] Starting...
execution-manager  | [EXECUTION MANAGER] ⏱️ T1=228331005.186 ms | Sending gRPC request for task 4 'sum4'
execution-manager  | [gRPC Channel Pool] Reusing existing channel for localhost:50054
execution-manager  | [gRPC Client Async] Calling task 'sum4' at localhost:50054
execution-manager  | [gRPC Client Async] Inputs: {"total_ops": 200, "io_percentage": 50}
execution-manager  | [gRPC Client Async] Response #1 - Status: COMPLETED
execution-manager  | 🎉 [T=25366 ms] Task 3 'sum3' COMPLETED
execution-manager  | [EXECUTION MANAGER] ⏱️ T2=228329044.734 ms | Thread started (server measured)
execution-manager  | [EXECUTION MANAGER] ⏱️ T3=228334408.818 ms | Task completed (server measured)
execution-manager  | [EXECUTION MANAGER] ⏱️ T4=228334409.445 ms | Result received by client
execution-manager  |    [TASK EXECUTION] 5364.084 ms (T3-T2, measured in thread)
execution-manager  |    [RESULT] {"result": 0}
execution-manager  | 
execution-manager  | ╔═══════════════════════════════════════════════════════════════╗
execution-manager  | ║           END-TO-END TIMING MEASUREMENT RECAP                 ║
execution-manager  | ║                   Task 3: sum3                                 
execution-manager  | ╠═══════════════════════════════════════════════════════════════╣
execution-manager  | ║ T1 (start_request)    = 228329043.679 ms                        ║
execution-manager  | ║ T2 (end_request)      = 228329044.734 ms                        ║
execution-manager  | ║ T3 (start_result)     = 228334408.818 ms                        ║
execution-manager  | ║ T4 (end_result)       = 228334409.445 ms                        ║
execution-manager  | ╠═══════════════════════════════════════════════════════════════╣
execution-manager  | ║ METRICS:                                                      ║
execution-manager  | ║   Request Latency    =        1.055 ms  (T2 - T1)            ║
execution-manager  | ║   Task Execution     =     5364.084 ms  (T3 - T2)            ║
execution-manager  | ║   Response Latency   =        0.627 ms  (T4 - T3)            ║
execution-manager  | ║   Total End-to-End   =     5365.766 ms  (T4 - T1)            ║
execution-manager  | ║   Network Overhead   =        1.682 ms  (Req + Resp)         ║
execution-manager  | ╚═══════════════════════════════════════════════════════════════╝
execution-manager  | 
execution-manager  | [SCHEDULER] ✅ T=25366 ms: Task 3 'sum3' completed with status 2
execution-manager  | [SCHEDULER] 🔕 Timeout disarmed for task 3
execution-manager  | [SCHEDULER] 1 tasks remaining
execution-manager  | [gRPC Client Async] Stream completed, received 1 responses
execution-manager  | [GRPC THREAD 3] Completed
execution-manager  | [gRPC Client Async] Response #1 - Status: COMPLETED
execution-manager  | 🎉 [T=25371 ms] Task 4 'sum4' COMPLETED
execution-manager  | [EXECUTION MANAGER] ⏱️ T2=228331397.437 ms | Thread started (server measured)
execution-manager  | [EXECUTION MANAGER] ⏱️ T3=228334413.710 ms | Task completed (server measured)
execution-manager  | [EXECUTION MANAGER] ⏱️ T4=228334414.129 ms | Result received by client
execution-manager  |    [TASK EXECUTION] 3016.272 ms (T3-T2, measured in thread)
execution-manager  |    [RESULT] {"result": 0}
execution-manager  | 
execution-manager  | ╔═══════════════════════════════════════════════════════════════╗
execution-manager  | ║           END-TO-END TIMING MEASUREMENT RECAP                 ║
execution-manager  | ║                   Task 4: sum4                                 
execution-manager  | ╠═══════════════════════════════════════════════════════════════╣
execution-manager  | ║ T1 (start_request)    = 228331005.186 ms                        ║
execution-manager  | ║ T2 (end_request)      = 228331397.437 ms                        ║
execution-manager  | ║ T3 (start_result)     = 228334413.710 ms                        ║
execution-manager  | ║ T4 (end_result)       = 228334414.129 ms                        ║
execution-manager  | ╠═══════════════════════════════════════════════════════════════╣
execution-manager  | ║ METRICS:                                                      ║
execution-manager  | ║   Request Latency    =      392.251 ms  (T2 - T1)            ║
execution-manager  | ║   Task Execution     =     3016.272 ms  (T3 - T2)            ║
execution-manager  | ║   Response Latency   =        0.419 ms  (T4 - T3)            ║
execution-manager  | ║   Total End-to-End   =     3408.943 ms  (T4 - T1)            ║
execution-manager  | ║   Network Overhead   =      392.670 ms  (Req + Resp)         ║
execution-manager  | ╚═══════════════════════════════════════════════════════════════╝
execution-manager  | 
execution-manager  | [gRPC Client Async] Stream completed, received 1 responses
execution-manager  | [GRPC THREAD 4] Completed
execution-manager  | [SCHEDULER] ✅ T=25371 ms: Task 4 'sum4' completed with status 2
execution-manager  | [SCHEDULER] 🔕 Timeout disarmed for task 4
execution-manager  | [SCHEDULER] 0 tasks remaining
execution-manager  | 
execution-manager  | [SCHEDULER] 🏁 Iteration 31/50 complete!
execution-manager  | [SCHEDULER] Iteration execution time: 25371 ms
execution-manager  | 
execution-manager  | 
execution-manager  | [SCHEDULER] 🔁 ===== ITERATION 32 / 50 =====
execution-manager  | 
execution-manager  | [SCHEDULER] 🚀 Schedule started at T=0
execution-manager  | 
execution-manager  | [SCHEDULER] 🔄 Entering event loop (NO SLEEP - event-driven!)
execution-manager  | 
execution-manager  | [SCHEDULER] ⏰ T=10000 ms | T_wall=228344414.523 ms: Launching task 1 'sum1' (deadline: 30000 ms)
execution-manager  | [SCHEDULER] 🕐 Timeout armed for task 1 at T=30000 ms (in 20000 ms)
execution-manager  | [GRPC THREAD 1] Starting...
execution-manager  | [EXECUTION MANAGER] ⏱️ T1=228344414.658 ms | Sending gRPC request for task 1 'sum1'
execution-manager  | [gRPC Channel Pool] Reusing existing channel for localhost:50051
execution-manager  | [gRPC Client Async] Calling task 'sum1' at localhost:50051
execution-manager  | [gRPC Client Async] Inputs: {"total_ops": 200, "io_percentage": 50}
execution-manager  | [SCHEDULER] ⏰ T=11591 ms | T_wall=228346005.035 ms: Launching task 2 'sum2' (deadline: 31000 ms)
execution-manager  | [SCHEDULER] 🕐 Timeout armed for task 2 at T=31000 ms (in 19409 ms)
execution-manager  | [GRPC THREAD 2] Starting...
execution-manager  | [EXECUTION MANAGER] ⏱️ T1=228346005.193 ms | Sending gRPC request for task 2 'sum2'
execution-manager  | [gRPC Channel Pool] Reusing existing channel for localhost:50052
execution-manager  | [gRPC Client Async] Calling task 'sum2' at localhost:50052
execution-manager  | [gRPC Client Async] Inputs: {"total_ops": 200, "io_percentage": 50}
execution-manager  | [gRPC Client Async] Response #1 - Status: COMPLETED
execution-manager  | 🎉 [T=15084 ms] Task 1 'sum1' COMPLETED
execution-manager  | [EXECUTION MANAGER] ⏱️ T2=228344415.914 ms | Thread started (server measured)
execution-manager  | [EXECUTION MANAGER] ⏱️ T3=228349497.900 ms | Task completed (server measured)
execution-manager  | [EXECUTION MANAGER] ⏱️ T4=228349498.631 ms | Result received by client
execution-manager  |    [TASK EXECUTION] 5081.986 ms (T3-T2, measured in thread)
execution-manager  |    [RESULT] {"result": 0}
execution-manager  | 
execution-manager  | ╔═══════════════════════════════════════════════════════════════╗
execution-manager  | ║           END-TO-END TIMING MEASUREMENT RECAP                 ║
execution-manager  | ║                   Task 1: sum1                                 
execution-manager  | ╠═══════════════════════════════════════════════════════════════╣
execution-manager  | ║ T1 (start_request)    = 228344414.658 ms                        ║
execution-manager  | ║ T2 (end_request)      = 228344415.914 ms                        ║
execution-manager  | ║ T3 (start_result)     = 228349497.900 ms                        ║
execution-manager  | ║ T4 (end_result)       = 228349498.631 ms                        ║
execution-manager  | ╠═══════════════════════════════════════════════════════════════╣
execution-manager  | ║ METRICS:                                                      ║
execution-manager  | ║   Request Latency    =        1.256 ms  (T2 - T1)            ║
execution-manager  | ║   Task Execution     =     5081.986 ms  (T3 - T2)            ║
execution-manager  | ║   Response Latency   =        0.731 ms  (T4 - T3)            ║
execution-manager  | ║   Total End-to-End   =     5083.973 ms  (T4 - T1)            ║
execution-manager  | ║   Network Overhead   =        1.987 ms  (Req + Resp)         ║
execution-manager  | ╚═══════════════════════════════════════════════════════════════╝
execution-manager  | 
execution-manager  | [SCHEDULER] ✅ T=15084 ms: Task 1 'sum1' completed with status 2
execution-manager  | [SCHEDULER] 🔕 Timeout disarmed for task 1
execution-manager  | [SCHEDULER] 3 tasks remaining
execution-manager  | [gRPC Client Async] Stream completed, received 1 responses
execution-manager  | [GRPC THREAD 1] Completed
execution-manager  | [gRPC Client Async] Response #1 - Status: COMPLETED
execution-manager  | 🎉 [T=15086 ms] Task 2 'sum2' COMPLETED
execution-manager  | [EXECUTION MANAGER] ⏱️ T2=228346758.619 ms | Thread started (server measured)
execution-manager  | [EXECUTION MANAGER] ⏱️ T3=228349499.551 ms | Task completed (server measured)
execution-manager  | [EXECUTION MANAGER] ⏱️ T4=228349500.012 ms | Result received by client
execution-manager  |    [TASK EXECUTION] 2740.932 ms (T3-T2, measured in thread)
execution-manager  |    [RESULT] {"result": 0}
execution-manager  | 
execution-manager  | ╔═══════════════════════════════════════════════════════════════╗
execution-manager  | ║           END-TO-END TIMING MEASUREMENT RECAP                 ║
execution-manager  | ║                   Task 2: sum2                                 
execution-manager  | ╠═══════════════════════════════════════════════════════════════╣
execution-manager  | ║ T1 (start_request)    = 228346005.193 ms                        ║
execution-manager  | ║ T2 (end_request)      = 228346758.619 ms                        ║
execution-manager  | ║ T3 (start_result)     = 228349499.551 ms                        ║
execution-manager  | ║ T4 (end_result)       = 228349500.012 ms                        ║
execution-manager  | ╠═══════════════════════════════════════════════════════════════╣
execution-manager  | ║ METRICS:                                                      ║
execution-manager  | ║   Request Latency    =      753.426 ms  (T2 - T1)            ║
execution-manager  | ║   Task Execution     =     2740.932 ms  (T3 - T2)            ║
execution-manager  | ║   Response Latency   =        0.461 ms  (T4 - T3)            ║
execution-manager  | ║   Total End-to-End   =     3494.819 ms  (T4 - T1)            ║
execution-manager  | ║   Network Overhead   =      753.887 ms  (Req + Resp)         ║
execution-manager  | ╚═══════════════════════════════════════════════════════════════╝
execution-manager  | 
execution-manager  | [gRPC Client Async] Stream completed, received 1 responses
execution-manager  | [GRPC THREAD 2] Completed
execution-manager  | [SCHEDULER] ✅ T=15086 ms: Task 2 'sum2' completed with status 2
execution-manager  | [SCHEDULER] 🔕 Timeout disarmed for task 2
execution-manager  | [SCHEDULER] 2 tasks remaining
execution-manager  | [SCHEDULER] ⏰ T=20000 ms | T_wall=228354414.584 ms: Launching task 3 'sum3' (deadline: 40000 ms)
execution-manager  | [SCHEDULER] 🕐 Timeout armed for task 3 at T=40000 ms (in 20000 ms)
execution-manager  | [GRPC THREAD 3] Starting...
execution-manager  | [EXECUTION MANAGER] ⏱️ T1=228354414.722 ms | Sending gRPC request for task 3 'sum3'
execution-manager  | [gRPC Channel Pool] Reusing existing channel for localhost:50053
execution-manager  | [gRPC Client Async] Calling task 'sum3' at localhost:50053
execution-manager  | [gRPC Client Async] Inputs: {"total_ops": 200, "io_percentage": 50}
execution-manager  | [SCHEDULER] ⏰ T=21591 ms | T_wall=228356005.028 ms: Launching task 4 'sum4' (deadline: 41000 ms)
execution-manager  | [SCHEDULER] 🕐 Timeout armed for task 4 at T=41000 ms (in 19409 ms)
execution-manager  | [GRPC THREAD 4] Starting...
execution-manager  | [EXECUTION MANAGER] ⏱️ T1=228356005.233 ms | Sending gRPC request for task 4 'sum4'
execution-manager  | [gRPC Channel Pool] Reusing existing channel for localhost:50054
execution-manager  | [gRPC Client Async] Calling task 'sum4' at localhost:50054
execution-manager  | [gRPC Client Async] Inputs: {"total_ops": 200, "io_percentage": 50}
execution-manager  | [gRPC Client Async] Response #1 - Status: COMPLETED
execution-manager  | 🎉 [T=25046 ms] Task 3 'sum3' COMPLETED
execution-manager  | [EXECUTION MANAGER] ⏱️ T2=228354415.866 ms | Thread started (server measured)
execution-manager  | [EXECUTION MANAGER] ⏱️ T3=228359459.396 ms | Task completed (server measured)
execution-manager  | [EXECUTION MANAGER] ⏱️ T4=228359460.081 ms | Result received by client
execution-manager  |    [TASK EXECUTION] 5043.529 ms (T3-T2, measured in thread)
execution-manager  |    [RESULT] {"result": 0}
execution-manager  | 
execution-manager  | ╔═══════════════════════════════════════════════════════════════╗
execution-manager  | ║           END-TO-END TIMING MEASUREMENT RECAP                 ║
execution-manager  | ║                   Task 3: sum3                                 
execution-manager  | ╠═══════════════════════════════════════════════════════════════╣
execution-manager  | ║ T1 (start_request)    = 228354414.722 ms                        ║
execution-manager  | ║ T2 (end_request)      = 228354415.866 ms                        ║
execution-manager  | ║ T3 (start_result)     = 228359459.396 ms                        ║
execution-manager  | ║ T4 (end_result)       = 228359460.081 ms                        ║
execution-manager  | ╠═══════════════════════════════════════════════════════════════╣
execution-manager  | ║ METRICS:                                                      ║
execution-manager  | ║   Request Latency    =        1.145 ms  (T2 - T1)            ║
execution-manager  | ║   Task Execution     =     5043.529 ms  (T3 - T2)            ║
execution-manager  | ║   Response Latency   =        0.685 ms  (T4 - T3)            ║
execution-manager  | ║   Total End-to-End   =     5045.360 ms  (T4 - T1)            ║
execution-manager  | ║   Network Overhead   =        1.830 ms  (Req + Resp)         ║
execution-manager  | ╚═══════════════════════════════════════════════════════════════╝
execution-manager  | 
execution-manager  | [SCHEDULER] ✅ T=25046 ms: Task 3 'sum3' completed with status 2
execution-manager  | [SCHEDULER] 🔕 Timeout disarmed for task 3
execution-manager  | [SCHEDULER] 1 tasks remaining
execution-manager  | [gRPC Client Async] Stream completed, received 1 responses
execution-manager  | [GRPC THREAD 3] Completed
execution-manager  | [gRPC Client Async] Response #1 - Status: COMPLETED
execution-manager  | 🎉 [T=25047 ms] Task 4 'sum4' COMPLETED
execution-manager  | [EXECUTION MANAGER] ⏱️ T2=228356757.658 ms | Thread started (server measured)
execution-manager  | [EXECUTION MANAGER] ⏱️ T3=228359460.922 ms | Task completed (server measured)
execution-manager  | [EXECUTION MANAGER] ⏱️ T4=228359461.375 ms | Result received by client
execution-manager  |    [TASK EXECUTION] 2703.264 ms (T3-T2, measured in thread)
execution-manager  |    [RESULT] {"result": 0}
execution-manager  | 
execution-manager  | ╔═══════════════════════════════════════════════════════════════╗
execution-manager  | ║           END-TO-END TIMING MEASUREMENT RECAP                 ║
execution-manager  | ║                   Task 4: sum4                                 
execution-manager  | ╠═══════════════════════════════════════════════════════════════╣
execution-manager  | ║ T1 (start_request)    = 228356005.233 ms                        ║
execution-manager  | ║ T2 (end_request)      = 228356757.658 ms                        ║
execution-manager  | ║ T3 (start_result)     = 228359460.922 ms                        ║
execution-manager  | ║ T4 (end_result)       = 228359461.375 ms                        ║
execution-manager  | ╠═══════════════════════════════════════════════════════════════╣
execution-manager  | ║ METRICS:                                                      ║
execution-manager  | ║   Request Latency    =      752.425 ms  (T2 - T1)            ║
execution-manager  | ║   Task Execution     =     2703.264 ms  (T3 - T2)            ║
execution-manager  | ║   Response Latency   =        0.453 ms  (T4 - T3)            ║
execution-manager  | ║   Total End-to-End   =     3456.142 ms  (T4 - T1)            ║
execution-manager  | ║   Network Overhead   =      752.878 ms  (Req + Resp)         ║
execution-manager  | ╚═══════════════════════════════════════════════════════════════╝
execution-manager  | 
execution-manager  | [gRPC Client Async] Stream completed, received 1 responses
execution-manager  | [GRPC THREAD 4] Completed
execution-manager  | [SCHEDULER] ✅ T=25047 ms: Task 4 'sum4' completed with status 2
execution-manager  | [SCHEDULER] 🔕 Timeout disarmed for task 4
execution-manager  | [SCHEDULER] 0 tasks remaining
execution-manager  | 
execution-manager  | [SCHEDULER] 🏁 Iteration 32/50 complete!
execution-manager  | [SCHEDULER] Iteration execution time: 25047 ms
execution-manager  | 
execution-manager  | 
execution-manager  | [SCHEDULER] 🔁 ===== ITERATION 33 / 50 =====
execution-manager  | 
execution-manager  | [SCHEDULER] 🚀 Schedule started at T=0
execution-manager  | 
execution-manager  | [SCHEDULER] 🔄 Entering event loop (NO SLEEP - event-driven!)
execution-manager  | 
execution-manager  | [SCHEDULER] ⏰ T=10000 ms | T_wall=228369461.819 ms: Launching task 1 'sum1' (deadline: 30000 ms)
execution-manager  | [SCHEDULER] 🕐 Timeout armed for task 1 at T=30000 ms (in 20000 ms)
execution-manager  | [GRPC THREAD 1] Starting...
execution-manager  | [EXECUTION MANAGER] ⏱️ T1=228369461.951 ms | Sending gRPC request for task 1 'sum1'
execution-manager  | [gRPC Channel Pool] Reusing existing channel for localhost:50051
execution-manager  | [gRPC Client Async] Calling task 'sum1' at localhost:50051
execution-manager  | [gRPC Client Async] Inputs: {"total_ops": 200, "io_percentage": 50}
execution-manager  | [SCHEDULER] ⏰ T=11544 ms | T_wall=228371005.030 ms: Launching task 2 'sum2' (deadline: 31000 ms)
execution-manager  | [SCHEDULER] 🕐 Timeout armed for task 2 at T=31000 ms (in 19456 ms)
execution-manager  | [GRPC THREAD 2] Starting...
execution-manager  | [EXECUTION MANAGER] ⏱️ T1=228371005.193 ms | Sending gRPC request for task 2 'sum2'
execution-manager  | [gRPC Channel Pool] Reusing existing channel for localhost:50052
execution-manager  | [gRPC Client Async] Calling task 'sum2' at localhost:50052
execution-manager  | [gRPC Client Async] Inputs: {"total_ops": 200, "io_percentage": 50}
execution-manager  | [gRPC Client Async] Response #1 - Status: COMPLETED
execution-manager  | 🎉 [T=15053 ms] Task 1 'sum1' COMPLETED
execution-manager  | [EXECUTION MANAGER] ⏱️ T2=228369465.032 ms | Thread started (server measured)
execution-manager  | [EXECUTION MANAGER] ⏱️ T3=228374514.058 ms | Task completed (server measured)
execution-manager  | [EXECUTION MANAGER] ⏱️ T4=228374514.779 ms | Result received by client
execution-manager  |    [TASK EXECUTION] 5049.026 ms (T3-T2, measured in thread)
execution-manager  |    [RESULT] {"result": 0}
execution-manager  | 
execution-manager  | ╔═══════════════════════════════════════════════════════════════╗
execution-manager  | ║           END-TO-END TIMING MEASUREMENT RECAP                 ║
execution-manager  | ║                   Task 1: sum1                                 
execution-manager  | ╠═══════════════════════════════════════════════════════════════╣
execution-manager  | ║ T1 (start_request)    = 228369461.951 ms                        ║
execution-manager  | ║ T2 (end_request)      = 228369465.032 ms                        ║
execution-manager  | ║ T3 (start_result)     = 228374514.058 ms                        ║
execution-manager  | ║ T4 (end_result)       = 228374514.779 ms                        ║
execution-manager  | ╠═══════════════════════════════════════════════════════════════╣
execution-manager  | ║ METRICS:                                                      ║
execution-manager  | ║   Request Latency    =        3.081 ms  (T2 - T1)            ║
execution-manager  | ║   Task Execution     =     5049.026 ms  (T3 - T2)            ║
execution-manager  | ║   Response Latency   =        0.721 ms  (T4 - T3)            ║
execution-manager  | ║   Total End-to-End   =     5052.828 ms  (T4 - T1)            ║
execution-manager  | ║   Network Overhead   =        3.802 ms  (Req + Resp)         ║
execution-manager  | ╚═══════════════════════════════════════════════════════════════╝
execution-manager  | 
execution-manager  | [SCHEDULER] ✅ T=15053 ms: Task 1 'sum1' completed with status 2
execution-manager  | [SCHEDULER] 🔕 Timeout disarmed for task 1
execution-manager  | [SCHEDULER] 3 tasks remaining
execution-manager  | [gRPC Client Async] Stream completed, received 1 responses
execution-manager  | [GRPC THREAD 1] Completed
execution-manager  | [gRPC Client Async] Response #1 - Status: COMPLETED
execution-manager  | 🎉 [T=15055 ms] Task 2 'sum2' COMPLETED
execution-manager  | [EXECUTION MANAGER] ⏱️ T2=228371808.495 ms | Thread started (server measured)
execution-manager  | [EXECUTION MANAGER] ⏱️ T3=228374515.751 ms | Task completed (server measured)
execution-manager  | [EXECUTION MANAGER] ⏱️ T4=228374516.516 ms | Result received by client
execution-manager  |    [TASK EXECUTION] 2707.256 ms (T3-T2, measured in thread)
execution-manager  |    [RESULT] {"result": 0}
execution-manager  | 
execution-manager  | ╔═══════════════════════════════════════════════════════════════╗
execution-manager  | ║           END-TO-END TIMING MEASUREMENT RECAP                 ║
execution-manager  | ║                   Task 2: sum2                                 
execution-manager  | ╠═══════════════════════════════════════════════════════════════╣
execution-manager  | ║ T1 (start_request)    = 228371005.193 ms                        ║
execution-manager  | ║ T2 (end_request)      = 228371808.495 ms                        ║
execution-manager  | ║ T3 (start_result)     = 228374515.751 ms                        ║
execution-manager  | ║ T4 (end_result)       = 228374516.516 ms                        ║
execution-manager  | ╠═══════════════════════════════════════════════════════════════╣
execution-manager  | ║ METRICS:                                                      ║
execution-manager  | ║   Request Latency    =      803.302 ms  (T2 - T1)            ║
execution-manager  | ║   Task Execution     =     2707.256 ms  (T3 - T2)            ║
execution-manager  | ║   Response Latency   =        0.765 ms  (T4 - T3)            ║
execution-manager  | ║   Total End-to-End   =     3511.323 ms  (T4 - T1)            ║
execution-manager  | ║   Network Overhead   =      804.067 ms  (Req + Resp)         ║
execution-manager  | ╚═══════════════════════════════════════════════════════════════╝
execution-manager  | 
execution-manager  | [gRPC Client Async] Stream completed, received 1 responses
execution-manager  | [GRPC THREAD 2] Completed
execution-manager  | [SCHEDULER] ✅ T=15055 ms: Task 2 'sum2' completed with status 2
execution-manager  | [SCHEDULER] 🔕 Timeout disarmed for task 2
execution-manager  | [SCHEDULER] 2 tasks remaining
execution-manager  | [SCHEDULER] ⏰ T=20000 ms | T_wall=228379461.876 ms: Launching task 3 'sum3' (deadline: 40000 ms)
execution-manager  | [SCHEDULER] 🕐 Timeout armed for task 3 at T=40000 ms (in 20000 ms)
execution-manager  | [GRPC THREAD 3] Starting...
execution-manager  | [EXECUTION MANAGER] ⏱️ T1=228379462.022 ms | Sending gRPC request for task 3 'sum3'
execution-manager  | [gRPC Channel Pool] Reusing existing channel for localhost:50053
execution-manager  | [gRPC Client Async] Calling task 'sum3' at localhost:50053
execution-manager  | [gRPC Client Async] Inputs: {"total_ops": 200, "io_percentage": 50}
execution-manager  | [SCHEDULER] ⏰ T=21544 ms | T_wall=228381005.148 ms: Launching task 4 'sum4' (deadline: 41000 ms)
execution-manager  | [SCHEDULER] 🕐 Timeout armed for task 4 at T=41000 ms (in 19456 ms)
execution-manager  | [GRPC THREAD 4] Starting...
execution-manager  | [EXECUTION MANAGER] ⏱️ T1=228381005.302 ms | Sending gRPC request for task 4 'sum4'
execution-manager  | [gRPC Channel Pool] Reusing existing channel for localhost:50054
execution-manager  | [gRPC Client Async] Calling task 'sum4' at localhost:50054
execution-manager  | [gRPC Client Async] Inputs: {"total_ops": 200, "io_percentage": 50}
execution-manager  | [gRPC Client Async] Response #1 - Status: COMPLETED
execution-manager  | 🎉 [T=25045 ms] Task 3 'sum3' COMPLETED
execution-manager  | [EXECUTION MANAGER] ⏱️ T2=228379462.933 ms | Thread started (server measured)
execution-manager  | [EXECUTION MANAGER] ⏱️ T3=228384505.468 ms | Task completed (server measured)
execution-manager  | [EXECUTION MANAGER] ⏱️ T4=228384506.194 ms | Result received by client
execution-manager  |    [TASK EXECUTION] 5042.535 ms (T3-T2, measured in thread)
execution-manager  |    [RESULT] {"result": 0}
execution-manager  | 
execution-manager  | ╔═══════════════════════════════════════════════════════════════╗
execution-manager  | ║           END-TO-END TIMING MEASUREMENT RECAP                 ║
execution-manager  | ║                   Task 3: sum3                                 
execution-manager  | ╠═══════════════════════════════════════════════════════════════╣
execution-manager  | ║ T1 (start_request)    = 228379462.022 ms                        ║
execution-manager  | ║ T2 (end_request)      = 228379462.933 ms                        ║
execution-manager  | ║ T3 (start_result)     = 228384505.468 ms                        ║
execution-manager  | ║ T4 (end_result)       = 228384506.194 ms                        ║
execution-manager  | ╠═══════════════════════════════════════════════════════════════╣
execution-manager  | ║ METRICS:                                                      ║
execution-manager  | ║   Request Latency    =        0.911 ms  (T2 - T1)            ║
execution-manager  | ║   Task Execution     =     5042.535 ms  (T3 - T2)            ║
execution-manager  | ║   Response Latency   =        0.725 ms  (T4 - T3)            ║
execution-manager  | ║   Total End-to-End   =     5044.171 ms  (T4 - T1)            ║
execution-manager  | ║   Network Overhead   =        1.636 ms  (Req + Resp)         ║
execution-manager  | ╚═══════════════════════════════════════════════════════════════╝
execution-manager  | 
execution-manager  | [SCHEDULER] ✅ T=25045 ms: Task 3 'sum3' completed with status 2
execution-manager  | [SCHEDULER] 🔕 Timeout disarmed for task 3
execution-manager  | [SCHEDULER] 1 tasks remaining
execution-manager  | [gRPC Client Async] Stream completed, received 1 responses
execution-manager  | [GRPC THREAD 3] Completed
execution-manager  | [gRPC Client Async] Response #1 - Status: COMPLETED
execution-manager  | 🎉 [T=25046 ms] Task 4 'sum4' COMPLETED
execution-manager  | [EXECUTION MANAGER] ⏱️ T2=228381805.705 ms | Thread started (server measured)
execution-manager  | [EXECUTION MANAGER] ⏱️ T3=228384507.061 ms | Task completed (server measured)
execution-manager  | [EXECUTION MANAGER] ⏱️ T4=228384507.477 ms | Result received by client
execution-manager  |    [TASK EXECUTION] 2701.356 ms (T3-T2, measured in thread)
execution-manager  |    [RESULT] {"result": 0}
execution-manager  | 
execution-manager  | ╔═══════════════════════════════════════════════════════════════╗
execution-manager  | ║           END-TO-END TIMING MEASUREMENT RECAP                 ║
execution-manager  | ║                   Task 4: sum4                                 
execution-manager  | ╠═══════════════════════════════════════════════════════════════╣
execution-manager  | ║ T1 (start_request)    = 228381005.302 ms                        ║
execution-manager  | ║ T2 (end_request)      = 228381805.705 ms                        ║
execution-manager  | ║ T3 (start_result)     = 228384507.061 ms                        ║
execution-manager  | ║ T4 (end_result)       = 228384507.477 ms                        ║
execution-manager  | ╠═══════════════════════════════════════════════════════════════╣
execution-manager  | ║ METRICS:                                                      ║
execution-manager  | ║   Request Latency    =      800.403 ms  (T2 - T1)            ║
execution-manager  | ║   Task Execution     =     2701.356 ms  (T3 - T2)            ║
execution-manager  | ║   Response Latency   =        0.416 ms  (T4 - T3)            ║
execution-manager  | ║   Total End-to-End   =     3502.175 ms  (T4 - T1)            ║
execution-manager  | ║   Network Overhead   =      800.819 ms  (Req + Resp)         ║
execution-manager  | ╚═══════════════════════════════════════════════════════════════╝
execution-manager  | 
execution-manager  | [gRPC Client Async] Stream completed, received 1 responses
execution-manager  | [GRPC THREAD 4] Completed
execution-manager  | [SCHEDULER] ✅ T=25046 ms: Task 4 'sum4' completed with status 2
execution-manager  | [SCHEDULER] 🔕 Timeout disarmed for task 4
execution-manager  | [SCHEDULER] 0 tasks remaining
execution-manager  | 
execution-manager  | [SCHEDULER] 🏁 Iteration 33/50 complete!
execution-manager  | [SCHEDULER] Iteration execution time: 25046 ms
execution-manager  | 
execution-manager  | 
execution-manager  | [SCHEDULER] 🔁 ===== ITERATION 34 / 50 =====
execution-manager  | 
execution-manager  | [SCHEDULER] 🚀 Schedule started at T=0
execution-manager  | 
execution-manager  | [SCHEDULER] 🔄 Entering event loop (NO SLEEP - event-driven!)
execution-manager  | 
execution-manager  | [SCHEDULER] ⏰ T=10000 ms | T_wall=228394507.865 ms: Launching task 1 'sum1' (deadline: 30000 ms)
execution-manager  | [SCHEDULER] 🕐 Timeout armed for task 1 at T=30000 ms (in 20000 ms)
execution-manager  | [GRPC THREAD 1] Starting...
execution-manager  | [EXECUTION MANAGER] ⏱️ T1=228394507.985 ms | Sending gRPC request for task 1 'sum1'
execution-manager  | [gRPC Channel Pool] Reusing existing channel for localhost:50051
execution-manager  | [gRPC Client Async] Calling task 'sum1' at localhost:50051
execution-manager  | [gRPC Client Async] Inputs: {"total_ops": 200, "io_percentage": 50}
execution-manager  | [SCHEDULER] ⏰ T=11498 ms | T_wall=228396005.030 ms: Launching task 2 'sum2' (deadline: 31000 ms)
execution-manager  | [SCHEDULER] 🕐 Timeout armed for task 2 at T=31000 ms (in 19502 ms)
execution-manager  | [GRPC THREAD 2] Starting...
execution-manager  | [EXECUTION MANAGER] ⏱️ T1=228396005.202 ms | Sending gRPC request for task 2 'sum2'
execution-manager  | [gRPC Channel Pool] Reusing existing channel for localhost:50052
execution-manager  | [gRPC Client Async] Calling task 'sum2' at localhost:50052
execution-manager  | [gRPC Client Async] Inputs: {"total_ops": 200, "io_percentage": 50}
execution-manager  | [gRPC Client Async] Response #1 - Status: COMPLETED
execution-manager  | 🎉 [T=15058 ms] Task 1 'sum1' COMPLETED
execution-manager  | [EXECUTION MANAGER] ⏱️ T2=228394510.901 ms | Thread started (server measured)
execution-manager  | [EXECUTION MANAGER] ⏱️ T3=228399564.375 ms | Task completed (server measured)
execution-manager  | [EXECUTION MANAGER] ⏱️ T4=228399565.082 ms | Result received by client
execution-manager  |    [TASK EXECUTION] 5053.474 ms (T3-T2, measured in thread)
execution-manager  |    [RESULT] {"result": 0}
execution-manager  | 
execution-manager  | ╔═══════════════════════════════════════════════════════════════╗
execution-manager  | ║           END-TO-END TIMING MEASUREMENT RECAP                 ║
execution-manager  | ║                   Task 1: sum1                                 
execution-manager  | ╠═══════════════════════════════════════════════════════════════╣
execution-manager  | ║ T1 (start_request)    = 228394507.985 ms                        ║
execution-manager  | ║ T2 (end_request)      = 228394510.901 ms                        ║
execution-manager  | ║ T3 (start_result)     = 228399564.375 ms                        ║
execution-manager  | ║ T4 (end_result)       = 228399565.082 ms                        ║
execution-manager  | ╠═══════════════════════════════════════════════════════════════╣
execution-manager  | ║ METRICS:                                                      ║
execution-manager  | ║   Request Latency    =        2.916 ms  (T2 - T1)            ║
execution-manager  | ║   Task Execution     =     5053.474 ms  (T3 - T2)            ║
execution-manager  | ║   Response Latency   =        0.708 ms  (T4 - T3)            ║
execution-manager  | ║   Total End-to-End   =     5057.098 ms  (T4 - T1)            ║
execution-manager  | ║   Network Overhead   =        3.624 ms  (Req + Resp)         ║
execution-manager  | ╚═══════════════════════════════════════════════════════════════╝
execution-manager  | 
execution-manager  | [SCHEDULER] ✅ T=15058 ms: Task 1 'sum1' completed with status 2
execution-manager  | [SCHEDULER] 🔕 Timeout disarmed for task 1
execution-manager  | [SCHEDULER] 3 tasks remaining
execution-manager  | [gRPC Client Async] Stream completed, received 1 responses
execution-manager  | [GRPC THREAD 1] Completed
execution-manager  | [gRPC Client Async] Response #1 - Status: COMPLETED
execution-manager  | 🎉 [T=15059 ms] Task 2 'sum2' COMPLETED
execution-manager  | [EXECUTION MANAGER] ⏱️ T2=228396854.406 ms | Thread started (server measured)
execution-manager  | [EXECUTION MANAGER] ⏱️ T3=228399566.113 ms | Task completed (server measured)
execution-manager  | [EXECUTION MANAGER] ⏱️ T4=228399566.548 ms | Result received by client
execution-manager  |    [TASK EXECUTION] 2711.707 ms (T3-T2, measured in thread)
execution-manager  |    [RESULT] {"result": 0}
execution-manager  | 
execution-manager  | ╔═══════════════════════════════════════════════════════════════╗
execution-manager  | ║           END-TO-END TIMING MEASUREMENT RECAP                 ║
execution-manager  | ║                   Task 2: sum2                                 
execution-manager  | ╠═══════════════════════════════════════════════════════════════╣
execution-manager  | ║ T1 (start_request)    = 228396005.202 ms                        ║
execution-manager  | ║ T2 (end_request)      = 228396854.406 ms                        ║
execution-manager  | ║ T3 (start_result)     = 228399566.113 ms                        ║
execution-manager  | ║ T4 (end_result)       = 228399566.548 ms                        ║
execution-manager  | ╠═══════════════════════════════════════════════════════════════╣
execution-manager  | ║ METRICS:                                                      ║
execution-manager  | ║   Request Latency    =      849.204 ms  (T2 - T1)            ║
execution-manager  | ║   Task Execution     =     2711.707 ms  (T3 - T2)            ║
execution-manager  | ║   Response Latency   =        0.435 ms  (T4 - T3)            ║
execution-manager  | ║   Total End-to-End   =     3561.347 ms  (T4 - T1)            ║
execution-manager  | ║   Network Overhead   =      849.640 ms  (Req + Resp)         ║
execution-manager  | ╚═══════════════════════════════════════════════════════════════╝
execution-manager  | 
execution-manager  | [gRPC Client Async] Stream completed, received 1 responses
execution-manager  | [GRPC THREAD 2] Completed
execution-manager  | [SCHEDULER] ✅ T=15059 ms: Task 2 'sum2' completed with status 2
execution-manager  | [SCHEDULER] 🔕 Timeout disarmed for task 2
execution-manager  | [SCHEDULER] 2 tasks remaining
execution-manager  | [SCHEDULER] ⏰ T=20000 ms | T_wall=228404507.924 ms: Launching task 3 'sum3' (deadline: 40000 ms)
execution-manager  | [SCHEDULER] 🕐 Timeout armed for task 3 at T=40000 ms (in 19999 ms)
execution-manager  | [GRPC THREAD 3] Starting...
execution-manager  | [EXECUTION MANAGER] ⏱️ T1=228404508.067 ms | Sending gRPC request for task 3 'sum3'
execution-manager  | [gRPC Channel Pool] Reusing existing channel for localhost:50053
execution-manager  | [gRPC Client Async] Calling task 'sum3' at localhost:50053
execution-manager  | [gRPC Client Async] Inputs: {"total_ops": 200, "io_percentage": 50}
execution-manager  | [SCHEDULER] ⏰ T=21498 ms | T_wall=228406005.036 ms: Launching task 4 'sum4' (deadline: 41000 ms)
execution-manager  | [SCHEDULER] 🕐 Timeout armed for task 4 at T=41000 ms (in 19502 ms)
execution-manager  | [GRPC THREAD 4] Starting...
execution-manager  | [EXECUTION MANAGER] ⏱️ T1=228406005.181 ms | Sending gRPC request for task 4 'sum4'
execution-manager  | [gRPC Channel Pool] Reusing existing channel for localhost:50054
execution-manager  | [gRPC Client Async] Calling task 'sum4' at localhost:50054
execution-manager  | [gRPC Client Async] Inputs: {"total_ops": 200, "io_percentage": 50}
execution-manager  | [gRPC Client Async] Response #1 - Status: COMPLETED
execution-manager  | 🎉 [T=25052 ms] Task 3 'sum3' COMPLETED
execution-manager  | [EXECUTION MANAGER] ⏱️ T2=228404509.395 ms | Thread started (server measured)
execution-manager  | [EXECUTION MANAGER] ⏱️ T3=228409558.411 ms | Task completed (server measured)
execution-manager  | [EXECUTION MANAGER] ⏱️ T4=228409559.067 ms | Result received by client
execution-manager  |    [TASK EXECUTION] 5049.016 ms (T3-T2, measured in thread)
execution-manager  |    [RESULT] {"result": 0}
execution-manager  | 
execution-manager  | ╔═══════════════════════════════════════════════════════════════╗
execution-manager  | ║           END-TO-END TIMING MEASUREMENT RECAP                 ║
execution-manager  | ║                   Task 3: sum3                                 
execution-manager  | ╠═══════════════════════════════════════════════════════════════╣
execution-manager  | ║ T1 (start_request)    = 228404508.067 ms                        ║
execution-manager  | ║ T2 (end_request)      = 228404509.395 ms                        ║
execution-manager  | ║ T3 (start_result)     = 228409558.411 ms                        ║
execution-manager  | ║ T4 (end_result)       = 228409559.067 ms                        ║
execution-manager  | ╠═══════════════════════════════════════════════════════════════╣
execution-manager  | ║ METRICS:                                                      ║
execution-manager  | ║   Request Latency    =        1.328 ms  (T2 - T1)            ║
execution-manager  | ║   Task Execution     =     5049.016 ms  (T3 - T2)            ║
execution-manager  | ║   Response Latency   =        0.657 ms  (T4 - T3)            ║
execution-manager  | ║   Total End-to-End   =     5051.000 ms  (T4 - T1)            ║
execution-manager  | ║   Network Overhead   =        1.984 ms  (Req + Resp)         ║
execution-manager  | ╚═══════════════════════════════════════════════════════════════╝
execution-manager  | 
execution-manager  | [SCHEDULER] ✅ T=25052 ms: Task 3 'sum3' completed with status 2
execution-manager  | [SCHEDULER] 🔕 Timeout disarmed for task 3
execution-manager  | [SCHEDULER] 1 tasks remaining
execution-manager  | [gRPC Client Async] Stream completed, received 1 responses
execution-manager  | [GRPC THREAD 3] Completed
execution-manager  | [gRPC Client Async] Response #1 - Status: COMPLETED
execution-manager  | 🎉 [T=25053 ms] Task 4 'sum4' COMPLETED
execution-manager  | [EXECUTION MANAGER] ⏱️ T2=228406851.792 ms | Thread started (server measured)
execution-manager  | [EXECUTION MANAGER] ⏱️ T3=228409559.948 ms | Task completed (server measured)
execution-manager  | [EXECUTION MANAGER] ⏱️ T4=228409560.695 ms | Result received by client
execution-manager  |    [TASK EXECUTION] 2708.156 ms (T3-T2, measured in thread)
execution-manager  |    [RESULT] {"result": 0}
execution-manager  | 
execution-manager  | ╔═══════════════════════════════════════════════════════════════╗
execution-manager  | ║           END-TO-END TIMING MEASUREMENT RECAP                 ║
execution-manager  | ║                   Task 4: sum4                                 
execution-manager  | ╠═══════════════════════════════════════════════════════════════╣
execution-manager  | ║ T1 (start_request)    = 228406005.181 ms                        ║
execution-manager  | ║ T2 (end_request)      = 228406851.792 ms                        ║
execution-manager  | ║ T3 (start_result)     = 228409559.948 ms                        ║
execution-manager  | ║ T4 (end_result)       = 228409560.695 ms                        ║
execution-manager  | ╠═══════════════════════════════════════════════════════════════╣
execution-manager  | ║ METRICS:                                                      ║
execution-manager  | ║   Request Latency    =      846.611 ms  (T2 - T1)            ║
execution-manager  | ║   Task Execution     =     2708.156 ms  (T3 - T2)            ║
execution-manager  | ║   Response Latency   =        0.747 ms  (T4 - T3)            ║
execution-manager  | ║   Total End-to-End   =     3555.513 ms  (T4 - T1)            ║
execution-manager  | ║   Network Overhead   =      847.358 ms  (Req + Resp)         ║
execution-manager  | ╚═══════════════════════════════════════════════════════════════╝
execution-manager  | 
execution-manager  | [gRPC Client Async] Stream completed, received 1 responses
execution-manager  | [GRPC THREAD 4] Completed
execution-manager  | [SCHEDULER] ✅ T=25053 ms: Task 4 'sum4' completed with status 2
execution-manager  | [SCHEDULER] 🔕 Timeout disarmed for task 4
execution-manager  | [SCHEDULER] 0 tasks remaining
execution-manager  | 
execution-manager  | [SCHEDULER] 🏁 Iteration 34/50 complete!
execution-manager  | [SCHEDULER] Iteration execution time: 25053 ms
execution-manager  | 
execution-manager  | 
execution-manager  | [SCHEDULER] 🔁 ===== ITERATION 35 / 50 =====
execution-manager  | 
execution-manager  | [SCHEDULER] 🚀 Schedule started at T=0
execution-manager  | 
execution-manager  | [SCHEDULER] 🔄 Entering event loop (NO SLEEP - event-driven!)
execution-manager  | 
execution-manager  | [SCHEDULER] ⏰ T=10001 ms | T_wall=228419561.038 ms: Launching task 1 'sum1' (deadline: 30000 ms)
execution-manager  | [SCHEDULER] 🕐 Timeout armed for task 1 at T=30000 ms (in 19999 ms)
execution-manager  | [GRPC THREAD 1] Starting...
execution-manager  | [EXECUTION MANAGER] ⏱️ T1=228419561.173 ms | Sending gRPC request for task 1 'sum1'
execution-manager  | [gRPC Channel Pool] Reusing existing channel for localhost:50051
execution-manager  | [gRPC Client Async] Calling task 'sum1' at localhost:50051
execution-manager  | [gRPC Client Async] Inputs: {"total_ops": 200, "io_percentage": 50}
execution-manager  | [SCHEDULER] ⏰ T=11445 ms | T_wall=228421005.029 ms: Launching task 2 'sum2' (deadline: 31000 ms)
execution-manager  | [SCHEDULER] 🕐 Timeout armed for task 2 at T=31000 ms (in 19555 ms)
execution-manager  | [GRPC THREAD 2] Starting...
execution-manager  | [EXECUTION MANAGER] ⏱️ T1=228421005.177 ms | Sending gRPC request for task 2 'sum2'
execution-manager  | [gRPC Channel Pool] Reusing existing channel for localhost:50052
execution-manager  | [gRPC Client Async] Calling task 'sum2' at localhost:50052
execution-manager  | [gRPC Client Async] Inputs: {"total_ops": 200, "io_percentage": 50}
execution-manager  | [gRPC Client Async] Response #1 - Status: COMPLETED
execution-manager  | 🎉 [T=15014 ms] Task 1 'sum1' COMPLETED
execution-manager  | [EXECUTION MANAGER] ⏱️ T2=228419564.319 ms | Thread started (server measured)
execution-manager  | [EXECUTION MANAGER] ⏱️ T3=228424573.961 ms | Task completed (server measured)
execution-manager  | [EXECUTION MANAGER] ⏱️ T4=228424574.608 ms | Result received by client
execution-manager  |    [TASK EXECUTION] 5009.642 ms (T3-T2, measured in thread)
execution-manager  |    [RESULT] {"result": 0}
execution-manager  | 
execution-manager  | ╔═══════════════════════════════════════════════════════════════╗
execution-manager  | ║           END-TO-END TIMING MEASUREMENT RECAP                 ║
execution-manager  | ║                   Task 1: sum1                                 
execution-manager  | ╠═══════════════════════════════════════════════════════════════╣
execution-manager  | ║ T1 (start_request)    = 228419561.173 ms                        ║
execution-manager  | ║ T2 (end_request)      = 228419564.319 ms                        ║
execution-manager  | ║ T3 (start_result)     = 228424573.961 ms                        ║
execution-manager  | ║ T4 (end_result)       = 228424574.608 ms                        ║
execution-manager  | ╠═══════════════════════════════════════════════════════════════╣
execution-manager  | ║ METRICS:                                                      ║
execution-manager  | ║   Request Latency    =        3.146 ms  (T2 - T1)            ║
execution-manager  | ║   Task Execution     =     5009.642 ms  (T3 - T2)            ║
execution-manager  | ║   Response Latency   =        0.647 ms  (T4 - T3)            ║
execution-manager  | ║   Total End-to-End   =     5013.435 ms  (T4 - T1)            ║
execution-manager  | ║   Network Overhead   =        3.793 ms  (Req + Resp)         ║
execution-manager  | ╚═══════════════════════════════════════════════════════════════╝
execution-manager  | 
execution-manager  | [SCHEDULER] ✅ T=15014 ms: Task 1 'sum1' completed with status 2
execution-manager  | [SCHEDULER] 🔕 Timeout disarmed for task 1
execution-manager  | [SCHEDULER] 3 tasks remaining
execution-manager  | [gRPC Client Async] Stream completed, received 1 responses
execution-manager  | [GRPC THREAD 1] Completed
execution-manager  | [gRPC Client Async] Response #1 - Status: COMPLETED
execution-manager  | 🎉 [T=15017 ms] Task 2 'sum2' COMPLETED
execution-manager  | [EXECUTION MANAGER] ⏱️ T2=228421907.984 ms | Thread started (server measured)
execution-manager  | [EXECUTION MANAGER] ⏱️ T3=228424576.777 ms | Task completed (server measured)
execution-manager  | [EXECUTION MANAGER] ⏱️ T4=228424577.464 ms | Result received by client
execution-manager  |    [TASK EXECUTION] 2668.792 ms (T3-T2, measured in thread)
execution-manager  |    [RESULT] {"result": 0}
execution-manager  | 
execution-manager  | ╔═══════════════════════════════════════════════════════════════╗
execution-manager  | ║           END-TO-END TIMING MEASUREMENT RECAP                 ║
execution-manager  | ║                   Task 2: sum2                                 
execution-manager  | ╠═══════════════════════════════════════════════════════════════╣
execution-manager  | ║ T1 (start_request)    = 228421005.177 ms                        ║
execution-manager  | ║ T2 (end_request)      = 228421907.984 ms                        ║
execution-manager  | ║ T3 (start_result)     = 228424576.777 ms                        ║
execution-manager  | ║ T4 (end_result)       = 228424577.464 ms                        ║
execution-manager  | ╠═══════════════════════════════════════════════════════════════╣
execution-manager  | ║ METRICS:                                                      ║
execution-manager  | ║   Request Latency    =      902.807 ms  (T2 - T1)            ║
execution-manager  | ║   Task Execution     =     2668.792 ms  (T3 - T2)            ║
execution-manager  | ║   Response Latency   =        0.687 ms  (T4 - T3)            ║
execution-manager  | ║   Total End-to-End   =     3572.287 ms  (T4 - T1)            ║
execution-manager  | ║   Network Overhead   =      903.494 ms  (Req + Resp)         ║
execution-manager  | ╚═══════════════════════════════════════════════════════════════╝
execution-manager  | 
execution-manager  | [gRPC Client Async] Stream completed, received 1 responses
execution-manager  | [GRPC THREAD 2] Completed
execution-manager  | [SCHEDULER] ✅ T=15017 ms: Task 2 'sum2' completed with status 2
execution-manager  | [SCHEDULER] 🔕 Timeout disarmed for task 2
execution-manager  | [SCHEDULER] 2 tasks remaining
execution-manager  | [SCHEDULER] ⏰ T=20001 ms | T_wall=228429561.099 ms: Launching task 3 'sum3' (deadline: 40000 ms)
execution-manager  | [SCHEDULER] 🕐 Timeout armed for task 3 at T=40000 ms (in 19999 ms)
execution-manager  | [GRPC THREAD 3] Starting...
execution-manager  | [EXECUTION MANAGER] ⏱️ T1=228429561.233 ms | Sending gRPC request for task 3 'sum3'
execution-manager  | [gRPC Channel Pool] Reusing existing channel for localhost:50053
execution-manager  | [gRPC Client Async] Calling task 'sum3' at localhost:50053
execution-manager  | [gRPC Client Async] Inputs: {"total_ops": 200, "io_percentage": 50}
execution-manager  | [SCHEDULER] ⏰ T=21445 ms | T_wall=228431005.032 ms: Launching task 4 'sum4' (deadline: 41000 ms)
execution-manager  | [SCHEDULER] 🕐 Timeout armed for task 4 at T=41000 ms (in 19555 ms)
execution-manager  | [GRPC THREAD 4] Starting...
execution-manager  | [EXECUTION MANAGER] ⏱️ T1=228431005.195 ms | Sending gRPC request for task 4 'sum4'
execution-manager  | [gRPC Channel Pool] Reusing existing channel for localhost:50054
execution-manager  | [gRPC Client Async] Calling task 'sum4' at localhost:50054
execution-manager  | [gRPC Client Async] Inputs: {"total_ops": 200, "io_percentage": 50}
execution-manager  | [gRPC Client Async] Response #1 - Status: COMPLETED
execution-manager  | 🎉 [T=25051 ms] Task 3 'sum3' COMPLETED
execution-manager  | [EXECUTION MANAGER] ⏱️ T2=228429562.383 ms | Thread started (server measured)
execution-manager  | [EXECUTION MANAGER] ⏱️ T3=228434610.519 ms | Task completed (server measured)
execution-manager  | [EXECUTION MANAGER] ⏱️ T4=228434611.108 ms | Result received by client
execution-manager  |    [TASK EXECUTION] 5048.136 ms (T3-T2, measured in thread)
execution-manager  |    [RESULT] {"result": 0}
execution-manager  | 
execution-manager  | ╔═══════════════════════════════════════════════════════════════╗
execution-manager  | ║           END-TO-END TIMING MEASUREMENT RECAP                 ║
execution-manager  | ║                   Task 3: sum3                                 
execution-manager  | ╠═══════════════════════════════════════════════════════════════╣
execution-manager  | ║ T1 (start_request)    = 228429561.233 ms                        ║
execution-manager  | ║ T2 (end_request)      = 228429562.383 ms                        ║
execution-manager  | ║ T3 (start_result)     = 228434610.519 ms                        ║
execution-manager  | ║ T4 (end_result)       = 228434611.108 ms                        ║
execution-manager  | ╠═══════════════════════════════════════════════════════════════╣
execution-manager  | ║ METRICS:                                                      ║
execution-manager  | ║   Request Latency    =        1.150 ms  (T2 - T1)            ║
execution-manager  | ║   Task Execution     =     5048.136 ms  (T3 - T2)            ║
execution-manager  | ║   Response Latency   =        0.589 ms  (T4 - T3)            ║
execution-manager  | ║   Total End-to-End   =     5049.875 ms  (T4 - T1)            ║
execution-manager  | ║   Network Overhead   =        1.739 ms  (Req + Resp)         ║
execution-manager  | ╚═══════════════════════════════════════════════════════════════╝
execution-manager  | 
execution-manager  | [SCHEDULER] ✅ T=25051 ms: Task 3 'sum3' completed with status 2
execution-manager  | [SCHEDULER] 🔕 Timeout disarmed for task 3
execution-manager  | [SCHEDULER] 1 tasks remaining
execution-manager  | [gRPC Client Async] Stream completed, received 1 responses
execution-manager  | [GRPC THREAD 3] Completed
execution-manager  | [gRPC Client Async] Response #1 - Status: COMPLETED
execution-manager  | 🎉 [T=25052 ms] Task 4 'sum4' COMPLETED
execution-manager  | [EXECUTION MANAGER] ⏱️ T2=228431904.077 ms | Thread started (server measured)
execution-manager  | [EXECUTION MANAGER] ⏱️ T3=228434611.900 ms | Task completed (server measured)
execution-manager  | [EXECUTION MANAGER] ⏱️ T4=228434612.413 ms | Result received by client
execution-manager  |    [TASK EXECUTION] 2707.823 ms (T3-T2, measured in thread)
execution-manager  |    [RESULT] {"result": 0}
execution-manager  | 
execution-manager  | ╔═══════════════════════════════════════════════════════════════╗
execution-manager  | ║           END-TO-END TIMING MEASUREMENT RECAP                 ║
execution-manager  | ║                   Task 4: sum4                                 
execution-manager  | ╠═══════════════════════════════════════════════════════════════╣
execution-manager  | ║ T1 (start_request)    = 228431005.195 ms                        ║
execution-manager  | ║ T2 (end_request)      = 228431904.077 ms                        ║
execution-manager  | ║ T3 (start_result)     = 228434611.900 ms                        ║
execution-manager  | ║ T4 (end_result)       = 228434612.413 ms                        ║
execution-manager  | ╠═══════════════════════════════════════════════════════════════╣
execution-manager  | ║ METRICS:                                                      ║
execution-manager  | ║   Request Latency    =      898.882 ms  (T2 - T1)            ║
execution-manager  | ║   Task Execution     =     2707.823 ms  (T3 - T2)            ║
execution-manager  | ║   Response Latency   =        0.513 ms  (T4 - T3)            ║
execution-manager  | ║   Total End-to-End   =     3607.218 ms  (T4 - T1)            ║
execution-manager  | ║   Network Overhead   =      899.395 ms  (Req + Resp)         ║
execution-manager  | ╚═══════════════════════════════════════════════════════════════╝
execution-manager  | 
execution-manager  | [gRPC Client Async] Stream completed, received 1 responses
execution-manager  | [GRPC THREAD 4] Completed
execution-manager  | [SCHEDULER] ✅ T=25052 ms: Task 4 'sum4' completed with status 2
execution-manager  | [SCHEDULER] 🔕 Timeout disarmed for task 4
execution-manager  | [SCHEDULER] 0 tasks remaining
execution-manager  | 
execution-manager  | [SCHEDULER] 🏁 Iteration 35/50 complete!
execution-manager  | [SCHEDULER] Iteration execution time: 25052 ms
execution-manager  | 
execution-manager  | 
execution-manager  | [SCHEDULER] 🔁 ===== ITERATION 36 / 50 =====
execution-manager  | 
execution-manager  | [SCHEDULER] 🚀 Schedule started at T=0
execution-manager  | 
execution-manager  | [SCHEDULER] 🔄 Entering event loop (NO SLEEP - event-driven!)
execution-manager  | 
execution-manager  | [SCHEDULER] ⏰ T=10000 ms | T_wall=228444612.818 ms: Launching task 1 'sum1' (deadline: 30000 ms)
execution-manager  | [SCHEDULER] 🕐 Timeout armed for task 1 at T=30000 ms (in 20000 ms)
execution-manager  | [GRPC THREAD 1] Starting...
execution-manager  | [EXECUTION MANAGER] ⏱️ T1=228444612.952 ms | Sending gRPC request for task 1 'sum1'
execution-manager  | [gRPC Channel Pool] Reusing existing channel for localhost:50051
execution-manager  | [gRPC Client Async] Calling task 'sum1' at localhost:50051
execution-manager  | [gRPC Client Async] Inputs: {"total_ops": 200, "io_percentage": 50}
execution-manager  | [SCHEDULER] ⏰ T=11393 ms | T_wall=228446005.027 ms: Launching task 2 'sum2' (deadline: 31000 ms)
execution-manager  | [SCHEDULER] 🕐 Timeout armed for task 2 at T=31000 ms (in 19607 ms)
execution-manager  | [GRPC THREAD 2] Starting...
execution-manager  | [EXECUTION MANAGER] ⏱️ T1=228446005.187 ms | Sending gRPC request for task 2 'sum2'
execution-manager  | [gRPC Channel Pool] Reusing existing channel for localhost:50052
execution-manager  | [gRPC Client Async] Calling task 'sum2' at localhost:50052
execution-manager  | [gRPC Client Async] Inputs: {"total_ops": 200, "io_percentage": 50}
execution-manager  | [gRPC Client Async] Response #1 - Status: COMPLETED
execution-manager  | 🎉 [T=15054 ms] Task 1 'sum1' COMPLETED
execution-manager  | [EXECUTION MANAGER] ⏱️ T2=228444613.853 ms | Thread started (server measured)
execution-manager  | [EXECUTION MANAGER] ⏱️ T3=228449666.176 ms | Task completed (server measured)
execution-manager  | [EXECUTION MANAGER] ⏱️ T4=228449666.861 ms | Result received by client
execution-manager  |    [TASK EXECUTION] 5052.323 ms (T3-T2, measured in thread)
execution-manager  |    [RESULT] {"result": 0}
execution-manager  | 
execution-manager  | ╔═══════════════════════════════════════════════════════════════╗
execution-manager  | ║           END-TO-END TIMING MEASUREMENT RECAP                 ║
execution-manager  | ║                   Task 1: sum1                                 
execution-manager  | ╠═══════════════════════════════════════════════════════════════╣
execution-manager  | ║ T1 (start_request)    = 228444612.952 ms                        ║
execution-manager  | ║ T2 (end_request)      = 228444613.853 ms                        ║
execution-manager  | ║ T3 (start_result)     = 228449666.176 ms                        ║
execution-manager  | ║ T4 (end_result)       = 228449666.861 ms                        ║
execution-manager  | ╠═══════════════════════════════════════════════════════════════╣
execution-manager  | ║ METRICS:                                                      ║
execution-manager  | ║   Request Latency    =        0.901 ms  (T2 - T1)            ║
execution-manager  | ║   Task Execution     =     5052.323 ms  (T3 - T2)            ║
execution-manager  | ║   Response Latency   =        0.685 ms  (T4 - T3)            ║
execution-manager  | ║   Total End-to-End   =     5053.908 ms  (T4 - T1)            ║
execution-manager  | ║   Network Overhead   =        1.585 ms  (Req + Resp)         ║
execution-manager  | ╚═══════════════════════════════════════════════════════════════╝
execution-manager  | 
execution-manager  | [SCHEDULER] ✅ T=15055 ms: Task 1 'sum1' completed with status 2
execution-manager  | [SCHEDULER] 🔕 Timeout disarmed for task 1
execution-manager  | [SCHEDULER] 3 tasks remaining
execution-manager  | [gRPC Client Async] Stream completed, received 1 responses
execution-manager  | [GRPC THREAD 1] Completed
execution-manager  | [gRPC Client Async] Response #1 - Status: COMPLETED
execution-manager  | 🎉 [T=15059 ms] Task 2 'sum2' COMPLETED
execution-manager  | [EXECUTION MANAGER] ⏱️ T2=228447005.717 ms | Thread started (server measured)
execution-manager  | [EXECUTION MANAGER] ⏱️ T3=228449670.630 ms | Task completed (server measured)
execution-manager  | [EXECUTION MANAGER] ⏱️ T4=228449671.067 ms | Result received by client
execution-manager  |    [TASK EXECUTION] 2664.913 ms (T3-T2, measured in thread)
execution-manager  |    [RESULT] {"result": 0}
execution-manager  | 
execution-manager  | ╔═══════════════════════════════════════════════════════════════╗
execution-manager  | ║           END-TO-END TIMING MEASUREMENT RECAP                 ║
execution-manager  | ║                   Task 2: sum2                                 
execution-manager  | ╠═══════════════════════════════════════════════════════════════╣
execution-manager  | ║ T1 (start_request)    = 228446005.187 ms                        ║
execution-manager  | ║ T2 (end_request)      = 228447005.717 ms                        ║
execution-manager  | ║ T3 (start_result)     = 228449670.630 ms                        ║
execution-manager  | ║ T4 (end_result)       = 228449671.067 ms                        ║
execution-manager  | ╠═══════════════════════════════════════════════════════════════╣
execution-manager  | ║ METRICS:                                                      ║
execution-manager  | ║   Request Latency    =     1000.530 ms  (T2 - T1)            ║
execution-manager  | ║   Task Execution     =     2664.913 ms  (T3 - T2)            ║
execution-manager  | ║   Response Latency   =        0.437 ms  (T4 - T3)            ║
execution-manager  | ║   Total End-to-End   =     3665.880 ms  (T4 - T1)            ║
execution-manager  | ║   Network Overhead   =     1000.967 ms  (Req + Resp)         ║
execution-manager  | ╚═══════════════════════════════════════════════════════════════╝
execution-manager  | 
execution-manager  | [gRPC Client Async] Stream completed, received 1 responses
execution-manager  | [GRPC THREAD 2] Completed
execution-manager  | [SCHEDULER] ✅ T=15059 ms: Task 2 'sum2' completed with status 2
execution-manager  | [SCHEDULER] 🔕 Timeout disarmed for task 2
execution-manager  | [SCHEDULER] 2 tasks remaining
execution-manager  | [SCHEDULER] ⏰ T=20000 ms | T_wall=228454612.874 ms: Launching task 3 'sum3' (deadline: 40000 ms)
execution-manager  | [SCHEDULER] 🕐 Timeout armed for task 3 at T=40000 ms (in 20000 ms)
execution-manager  | [GRPC THREAD 3] Starting...
execution-manager  | [EXECUTION MANAGER] ⏱️ T1=228454613.022 ms | Sending gRPC request for task 3 'sum3'
execution-manager  | [gRPC Channel Pool] Reusing existing channel for localhost:50053
execution-manager  | [gRPC Client Async] Calling task 'sum3' at localhost:50053
execution-manager  | [gRPC Client Async] Inputs: {"total_ops": 200, "io_percentage": 50}
execution-manager  | [SCHEDULER] ⏰ T=21393 ms | T_wall=228456005.030 ms: Launching task 4 'sum4' (deadline: 41000 ms)
execution-manager  | [SCHEDULER] 🕐 Timeout armed for task 4 at T=41000 ms (in 19607 ms)
execution-manager  | [GRPC THREAD 4] Starting...
execution-manager  | [EXECUTION MANAGER] ⏱️ T1=228456005.192 ms | Sending gRPC request for task 4 'sum4'
execution-manager  | [gRPC Channel Pool] Reusing existing channel for localhost:50054
execution-manager  | [gRPC Client Async] Calling task 'sum4' at localhost:50054
execution-manager  | [gRPC Client Async] Inputs: {"total_ops": 200, "io_percentage": 50}
execution-manager  | [gRPC Client Async] Response #1 - Status: COMPLETED
execution-manager  | 🎉 [T=25050 ms] Task 3 'sum3' COMPLETED
execution-manager  | [EXECUTION MANAGER] ⏱️ T2=228454614.128 ms | Thread started (server measured)
execution-manager  | [EXECUTION MANAGER] ⏱️ T3=228459661.958 ms | Task completed (server measured)
execution-manager  | [EXECUTION MANAGER] ⏱️ T4=228459662.643 ms | Result received by client
execution-manager  |    [TASK EXECUTION] 5047.829 ms (T3-T2, measured in thread)
execution-manager  |    [RESULT] {"result": 0}
execution-manager  | 
execution-manager  | ╔═══════════════════════════════════════════════════════════════╗
execution-manager  | ║           END-TO-END TIMING MEASUREMENT RECAP                 ║
execution-manager  | ║                   Task 3: sum3                                 
execution-manager  | ╠═══════════════════════════════════════════════════════════════╣
execution-manager  | ║ T1 (start_request)    = 228454613.022 ms                        ║
execution-manager  | ║ T2 (end_request)      = 228454614.128 ms                        ║
execution-manager  | ║ T3 (start_result)     = 228459661.958 ms                        ║
execution-manager  | ║ T4 (end_result)       = 228459662.643 ms                        ║
execution-manager  | ╠═══════════════════════════════════════════════════════════════╣
execution-manager  | ║ METRICS:                                                      ║
execution-manager  | ║   Request Latency    =        1.106 ms  (T2 - T1)            ║
execution-manager  | ║   Task Execution     =     5047.829 ms  (T3 - T2)            ║
execution-manager  | ║   Response Latency   =        0.685 ms  (T4 - T3)            ║
execution-manager  | ║   Total End-to-End   =     5049.621 ms  (T4 - T1)            ║
execution-manager  | ║   Network Overhead   =        1.792 ms  (Req + Resp)         ║
execution-manager  | ╚═══════════════════════════════════════════════════════════════╝
execution-manager  | 
execution-manager  | [SCHEDULER] ✅ T=25050 ms: Task 3 'sum3' completed with status 2
execution-manager  | [SCHEDULER] 🔕 Timeout disarmed for task 3
execution-manager  | [SCHEDULER] 1 tasks remaining
execution-manager  | [gRPC Client Async] Stream completed, received 1 responses
execution-manager  | [GRPC THREAD 3] Completed
execution-manager  | [gRPC Client Async] Response #1 - Status: COMPLETED
execution-manager  | 🎉 [T=25051 ms] Task 4 'sum4' COMPLETED
execution-manager  | [EXECUTION MANAGER] ⏱️ T2=228457005.412 ms | Thread started (server measured)
execution-manager  | [EXECUTION MANAGER] ⏱️ T3=228459663.506 ms | Task completed (server measured)
execution-manager  | [EXECUTION MANAGER] ⏱️ T4=228459663.936 ms | Result received by client
execution-manager  |    [TASK EXECUTION] 2658.094 ms (T3-T2, measured in thread)
execution-manager  |    [RESULT] {"result": 0}
execution-manager  | 
execution-manager  | ╔═══════════════════════════════════════════════════════════════╗
execution-manager  | ║           END-TO-END TIMING MEASUREMENT RECAP                 ║
execution-manager  | ║                   Task 4: sum4                                 
execution-manager  | ╠═══════════════════════════════════════════════════════════════╣
execution-manager  | ║ T1 (start_request)    = 228456005.192 ms                        ║
execution-manager  | ║ T2 (end_request)      = 228457005.412 ms                        ║
execution-manager  | ║ T3 (start_result)     = 228459663.506 ms                        ║
execution-manager  | ║ T4 (end_result)       = 228459663.936 ms                        ║
execution-manager  | ╠═══════════════════════════════════════════════════════════════╣
execution-manager  | ║ METRICS:                                                      ║
execution-manager  | ║   Request Latency    =     1000.220 ms  (T2 - T1)            ║
execution-manager  | ║   Task Execution     =     2658.094 ms  (T3 - T2)            ║
execution-manager  | ║   Response Latency   =        0.430 ms  (T4 - T3)            ║
execution-manager  | ║   Total End-to-End   =     3658.744 ms  (T4 - T1)            ║
execution-manager  | ║   Network Overhead   =     1000.650 ms  (Req + Resp)         ║
execution-manager  | ╚═══════════════════════════════════════════════════════════════╝
execution-manager  | 
execution-manager  | [gRPC Client Async] Stream completed, received 1 responses
execution-manager  | [GRPC THREAD 4] Completed
execution-manager  | [SCHEDULER] ✅ T=25052 ms: Task 4 'sum4' completed with status 2
execution-manager  | [SCHEDULER] 🔕 Timeout disarmed for task 4
execution-manager  | [SCHEDULER] 0 tasks remaining
execution-manager  | 
execution-manager  | [SCHEDULER] 🏁 Iteration 36/50 complete!
execution-manager  | [SCHEDULER] Iteration execution time: 25052 ms
execution-manager  | 
execution-manager  | 
execution-manager  | [SCHEDULER] 🔁 ===== ITERATION 37 / 50 =====
execution-manager  | 
execution-manager  | [SCHEDULER] 🚀 Schedule started at T=0
execution-manager  | 
execution-manager  | [SCHEDULER] 🔄 Entering event loop (NO SLEEP - event-driven!)
execution-manager  | 
execution-manager  | [SCHEDULER] ⏰ T=10000 ms | T_wall=228469664.353 ms: Launching task 1 'sum1' (deadline: 30000 ms)
execution-manager  | [SCHEDULER] 🕐 Timeout armed for task 1 at T=30000 ms (in 20000 ms)
execution-manager  | [GRPC THREAD 1] Starting...
execution-manager  | [EXECUTION MANAGER] ⏱️ T1=228469664.489 ms | Sending gRPC request for task 1 'sum1'
execution-manager  | [gRPC Channel Pool] Reusing existing channel for localhost:50051
execution-manager  | [gRPC Client Async] Calling task 'sum1' at localhost:50051
execution-manager  | [gRPC Client Async] Inputs: {"total_ops": 200, "io_percentage": 50}
execution-manager  | [SCHEDULER] ⏰ T=11341 ms | T_wall=228471005.030 ms: Launching task 2 'sum2' (deadline: 31000 ms)
execution-manager  | [SCHEDULER] 🕐 Timeout armed for task 2 at T=31000 ms (in 19659 ms)
execution-manager  | [GRPC THREAD 2] Starting...
execution-manager  | [EXECUTION MANAGER] ⏱️ T1=228471005.236 ms | Sending gRPC request for task 2 'sum2'
execution-manager  | [gRPC Channel Pool] Reusing existing channel for localhost:50052
execution-manager  | [gRPC Client Async] Calling task 'sum2' at localhost:50052
execution-manager  | [gRPC Client Async] Inputs: {"total_ops": 200, "io_percentage": 50}
execution-manager  | [gRPC Client Async] Response #1 - Status: COMPLETED
execution-manager  | 🎉 [T=15045 ms] Task 1 'sum1' COMPLETED
execution-manager  | [EXECUTION MANAGER] ⏱️ T2=228469667.519 ms | Thread started (server measured)
execution-manager  | [EXECUTION MANAGER] ⏱️ T3=228474708.033 ms | Task completed (server measured)
execution-manager  | [EXECUTION MANAGER] ⏱️ T4=228474709.115 ms | Result received by client
execution-manager  |    [TASK EXECUTION] 5040.514 ms (T3-T2, measured in thread)
execution-manager  |    [RESULT] {"result": 0}
execution-manager  | 
execution-manager  | ╔═══════════════════════════════════════════════════════════════╗
execution-manager  | ║           END-TO-END TIMING MEASUREMENT RECAP                 ║
execution-manager  | ║                   Task 1: sum1                                 
execution-manager  | ╠═══════════════════════════════════════════════════════════════╣
execution-manager  | ║ T1 (start_request)    = 228469664.489 ms                        ║
execution-manager  | ║ T2 (end_request)      = 228469667.519 ms                        ║
execution-manager  | ║ T3 (start_result)     = 228474708.033 ms                        ║
execution-manager  | ║ T4 (end_result)       = 228474709.115 ms                        ║
execution-manager  | ╠═══════════════════════════════════════════════════════════════╣
execution-manager  | ║ METRICS:                                                      ║
execution-manager  | ║   Request Latency    =        3.030 ms  (T2 - T1)            ║
execution-manager  | ║   Task Execution     =     5040.514 ms  (T3 - T2)            ║
execution-manager  | ║   Response Latency   =        1.082 ms  (T4 - T3)            ║
execution-manager  | ║   Total End-to-End   =     5044.625 ms  (T4 - T1)            ║
execution-manager  | ║   Network Overhead   =        4.112 ms  (Req + Resp)         ║
execution-manager  | ╚═══════════════════════════════════════════════════════════════╝
execution-manager  | 
execution-manager  | [gRPC Client Async] Stream completed, received 1 responses
execution-manager  | [GRPC THREAD 1] Completed
execution-manager  | [SCHEDULER] ✅ T=15045 ms: Task 1 'sum1' completed with status 2
execution-manager  | [SCHEDULER] 🔕 Timeout disarmed for task 1
execution-manager  | [SCHEDULER] 3 tasks remaining
execution-manager  | [gRPC Client Async] Response #1 - Status: COMPLETED
execution-manager  | 🎉 [T=15046 ms] Task 2 'sum2' COMPLETED
execution-manager  | [EXECUTION MANAGER] ⏱️ T2=228472059.764 ms | Thread started (server measured)
execution-manager  | [EXECUTION MANAGER] ⏱️ T3=228474709.971 ms | Task completed (server measured)
execution-manager  | [EXECUTION MANAGER] ⏱️ T4=228474710.517 ms | Result received by client
execution-manager  |    [TASK EXECUTION] 2650.208 ms (T3-T2, measured in thread)
execution-manager  |    [RESULT] {"result": 0}
execution-manager  | 
execution-manager  | ╔═══════════════════════════════════════════════════════════════╗
execution-manager  | ║           END-TO-END TIMING MEASUREMENT RECAP                 ║
execution-manager  | ║                   Task 2: sum2                                 
execution-manager  | ╠═══════════════════════════════════════════════════════════════╣
execution-manager  | ║ T1 (start_request)    = 228471005.236 ms                        ║
execution-manager  | ║ T2 (end_request)      = 228472059.764 ms                        ║
execution-manager  | ║ T3 (start_result)     = 228474709.971 ms                        ║
execution-manager  | ║ T4 (end_result)       = 228474710.517 ms                        ║
execution-manager  | ╠═══════════════════════════════════════════════════════════════╣
execution-manager  | ║ METRICS:                                                      ║
execution-manager  | ║   Request Latency    =     1054.528 ms  (T2 - T1)            ║
execution-manager  | ║   Task Execution     =     2650.208 ms  (T3 - T2)            ║
execution-manager  | ║   Response Latency   =        0.546 ms  (T4 - T3)            ║
execution-manager  | ║   Total End-to-End   =     3705.282 ms  (T4 - T1)            ║
execution-manager  | ║   Network Overhead   =     1055.074 ms  (Req + Resp)         ║
execution-manager  | ╚═══════════════════════════════════════════════════════════════╝
execution-manager  | 
execution-manager  | [gRPC Client Async] Stream completed, received 1 responses
execution-manager  | [GRPC THREAD 2] Completed
execution-manager  | [SCHEDULER] ✅ T=15046 ms: Task 2 'sum2' completed with status 2
execution-manager  | [SCHEDULER] 🔕 Timeout disarmed for task 2
execution-manager  | [SCHEDULER] 2 tasks remaining
execution-manager  | [SCHEDULER] ⏰ T=20000 ms | T_wall=228479664.410 ms: Launching task 3 'sum3' (deadline: 40000 ms)
execution-manager  | [SCHEDULER] 🕐 Timeout armed for task 3 at T=40000 ms (in 20000 ms)
execution-manager  | [GRPC THREAD 3] Starting...
execution-manager  | [EXECUTION MANAGER] ⏱️ T1=228479664.552 ms | Sending gRPC request for task 3 'sum3'
execution-manager  | [gRPC Channel Pool] Reusing existing channel for localhost:50053
execution-manager  | [gRPC Client Async] Calling task 'sum3' at localhost:50053
execution-manager  | [gRPC Client Async] Inputs: {"total_ops": 200, "io_percentage": 50}
execution-manager  | [SCHEDULER] ⏰ T=22388 ms | T_wall=228482052.994 ms: Launching task 4 'sum4' (deadline: 41000 ms)
execution-manager  | [SCHEDULER] 🕐 Timeout armed for task 4 at T=41000 ms (in 18611 ms)
execution-manager  | [GRPC THREAD 4] Starting...
execution-manager  | [EXECUTION MANAGER] ⏱️ T1=228482053.149 ms | Sending gRPC request for task 4 'sum4'
execution-manager  | [gRPC Channel Pool] Reusing existing channel for localhost:50054
execution-manager  | [gRPC Client Async] Calling task 'sum4' at localhost:50054
execution-manager  | [gRPC Client Async] Inputs: {"total_ops": 200, "io_percentage": 50}
execution-manager  | [gRPC Client Async] Response #1 - Status: COMPLETED
execution-manager  | 🎉 [T=25034 ms] Task 3 'sum3' COMPLETED
execution-manager  | [EXECUTION MANAGER] ⏱️ T2=228479665.624 ms | Thread started (server measured)
execution-manager  | [EXECUTION MANAGER] ⏱️ T3=228484697.673 ms | Task completed (server measured)
execution-manager  | [EXECUTION MANAGER] ⏱️ T4=228484698.347 ms | Result received by client
execution-manager  |    [TASK EXECUTION] 5032.049 ms (T3-T2, measured in thread)
execution-manager  |    [RESULT] {"result": 0}
execution-manager  | 
execution-manager  | ╔═══════════════════════════════════════════════════════════════╗
execution-manager  | ║           END-TO-END TIMING MEASUREMENT RECAP                 ║
execution-manager  | ║                   Task 3: sum3                                 
execution-manager  | ╠═══════════════════════════════════════════════════════════════╣
execution-manager  | ║ T1 (start_request)    = 228479664.552 ms                        ║
execution-manager  | ║ T2 (end_request)      = 228479665.624 ms                        ║
execution-manager  | ║ T3 (start_result)     = 228484697.673 ms                        ║
execution-manager  | ║ T4 (end_result)       = 228484698.347 ms                        ║
execution-manager  | ╠═══════════════════════════════════════════════════════════════╣
execution-manager  | ║ METRICS:                                                      ║
execution-manager  | ║   Request Latency    =        1.072 ms  (T2 - T1)            ║
execution-manager  | ║   Task Execution     =     5032.049 ms  (T3 - T2)            ║
execution-manager  | ║   Response Latency   =        0.675 ms  (T4 - T3)            ║
execution-manager  | ║   Total End-to-End   =     5033.795 ms  (T4 - T1)            ║
execution-manager  | ║   Network Overhead   =        1.746 ms  (Req + Resp)         ║
execution-manager  | ╚═══════════════════════════════════════════════════════════════╝
execution-manager  | 
execution-manager  | [SCHEDULER] ✅ T=25034 ms: Task 3 'sum3' completed with status 2
execution-manager  | [SCHEDULER] 🔕 Timeout disarmed for task 3
execution-manager  | [SCHEDULER] 1 tasks remaining
execution-manager  | [gRPC Client Async] Stream completed, received 1 responses
execution-manager  | [GRPC THREAD 3] Completed
execution-manager  | [gRPC Client Async] Response #1 - Status: COMPLETED
execution-manager  | 🎉 [T=25035 ms] Task 4 'sum4' COMPLETED
execution-manager  | [EXECUTION MANAGER] ⏱️ T2=228482054.684 ms | Thread started (server measured)
execution-manager  | [EXECUTION MANAGER] ⏱️ T3=228484699.394 ms | Task completed (server measured)
execution-manager  | [EXECUTION MANAGER] ⏱️ T4=228484699.828 ms | Result received by client
execution-manager  |    [TASK EXECUTION] 2644.710 ms (T3-T2, measured in thread)
execution-manager  |    [RESULT] {"result": 0}
execution-manager  | 
execution-manager  | ╔═══════════════════════════════════════════════════════════════╗
execution-manager  | ║           END-TO-END TIMING MEASUREMENT RECAP                 ║
execution-manager  | ║                   Task 4: sum4                                 
execution-manager  | ╠═══════════════════════════════════════════════════════════════╣
execution-manager  | ║ T1 (start_request)    = 228482053.149 ms                        ║
execution-manager  | ║ T2 (end_request)      = 228482054.684 ms                        ║
execution-manager  | ║ T3 (start_result)     = 228484699.394 ms                        ║
execution-manager  | ║ T4 (end_result)       = 228484699.828 ms                        ║
execution-manager  | ╠═══════════════════════════════════════════════════════════════╣
execution-manager  | ║ METRICS:                                                      ║
execution-manager  | ║   Request Latency    =        1.535 ms  (T2 - T1)            ║
execution-manager  | ║   Task Execution     =     2644.710 ms  (T3 - T2)            ║
execution-manager  | ║   Response Latency   =        0.435 ms  (T4 - T3)            ║
execution-manager  | ║   Total End-to-End   =     2646.679 ms  (T4 - T1)            ║
execution-manager  | ║   Network Overhead   =        1.970 ms  (Req + Resp)         ║
execution-manager  | ╚═══════════════════════════════════════════════════════════════╝
execution-manager  | 
execution-manager  | [gRPC Client Async] Stream completed, received 1 responses
execution-manager  | [GRPC THREAD 4] Completed
execution-manager  | [SCHEDULER] ✅ T=25036 ms: Task 4 'sum4' completed with status 2
execution-manager  | [SCHEDULER] 🔕 Timeout disarmed for task 4
execution-manager  | [SCHEDULER] 0 tasks remaining
execution-manager  | 
execution-manager  | [SCHEDULER] 🏁 Iteration 37/50 complete!
execution-manager  | [SCHEDULER] Iteration execution time: 25036 ms
execution-manager  | 
execution-manager  | 
execution-manager  | [SCHEDULER] 🔁 ===== ITERATION 38 / 50 =====
execution-manager  | 
execution-manager  | [SCHEDULER] 🚀 Schedule started at T=0
execution-manager  | 
execution-manager  | [SCHEDULER] 🔄 Entering event loop (NO SLEEP - event-driven!)
execution-manager  | 
execution-manager  | [SCHEDULER] ⏰ T=10000 ms | T_wall=228494700.236 ms: Launching task 1 'sum1' (deadline: 30000 ms)
execution-manager  | [SCHEDULER] 🕐 Timeout armed for task 1 at T=30000 ms (in 20000 ms)
execution-manager  | [GRPC THREAD 1] Starting...
execution-manager  | [EXECUTION MANAGER] ⏱️ T1=228494700.358 ms | Sending gRPC request for task 1 'sum1'
execution-manager  | [gRPC Channel Pool] Reusing existing channel for localhost:50051
execution-manager  | [gRPC Client Async] Calling task 'sum1' at localhost:50051
execution-manager  | [gRPC Client Async] Inputs: {"total_ops": 200, "io_percentage": 50}
execution-manager  | [SCHEDULER] ⏰ T=11305 ms | T_wall=228496005.028 ms: Launching task 2 'sum2' (deadline: 31000 ms)
execution-manager  | [SCHEDULER] 🕐 Timeout armed for task 2 at T=31000 ms (in 19695 ms)
execution-manager  | [GRPC THREAD 2] Starting...
execution-manager  | [EXECUTION MANAGER] ⏱️ T1=228496005.181 ms | Sending gRPC request for task 2 'sum2'
execution-manager  | [gRPC Channel Pool] Reusing existing channel for localhost:50052
execution-manager  | [gRPC Client Async] Calling task 'sum2' at localhost:50052
execution-manager  | [gRPC Client Async] Inputs: {"total_ops": 200, "io_percentage": 50}
execution-manager  | [gRPC Client Async] Response #1 - Status: COMPLETED
execution-manager  | 🎉 [T=15083 ms] Task 1 'sum1' COMPLETED
execution-manager  | [EXECUTION MANAGER] ⏱️ T2=228494703.339 ms | Thread started (server measured)
execution-manager  | [EXECUTION MANAGER] ⏱️ T3=228499782.523 ms | Task completed (server measured)
execution-manager  | [EXECUTION MANAGER] ⏱️ T4=228499783.266 ms | Result received by client
execution-manager  |    [TASK EXECUTION] 5079.184 ms (T3-T2, measured in thread)
execution-manager  |    [RESULT] {"result": 0}
execution-manager  | 
execution-manager  | ╔═══════════════════════════════════════════════════════════════╗
execution-manager  | ║           END-TO-END TIMING MEASUREMENT RECAP                 ║
execution-manager  | ║                   Task 1: sum1                                 
execution-manager  | ╠═══════════════════════════════════════════════════════════════╣
execution-manager  | ║ T1 (start_request)    = 228494700.358 ms                        ║
execution-manager  | ║ T2 (end_request)      = 228494703.339 ms                        ║
execution-manager  | ║ T3 (start_result)     = 228499782.523 ms                        ║
execution-manager  | ║ T4 (end_result)       = 228499783.266 ms                        ║
execution-manager  | ╠═══════════════════════════════════════════════════════════════╣
execution-manager  | ║ METRICS:                                                      ║
execution-manager  | ║   Request Latency    =        2.981 ms  (T2 - T1)            ║
execution-manager  | ║   Task Execution     =     5079.184 ms  (T3 - T2)            ║
execution-manager  | ║   Response Latency   =        0.743 ms  (T4 - T3)            ║
execution-manager  | ║   Total End-to-End   =     5082.908 ms  (T4 - T1)            ║
execution-manager  | ║   Network Overhead   =        3.724 ms  (Req + Resp)         ║
execution-manager  | ╚═══════════════════════════════════════════════════════════════╝
execution-manager  | 
execution-manager  | [SCHEDULER] ✅ T=15083 ms: Task 1 'sum1' completed with status 2
execution-manager  | [SCHEDULER] 🔕 Timeout disarmed for task 1
execution-manager  | [SCHEDULER] 3 tasks remaining
execution-manager  | [gRPC Client Async] Stream completed, received 1 responses
execution-manager  | [GRPC THREAD 1] Completed
execution-manager  | [gRPC Client Async] Response #1 - Status: COMPLETED
execution-manager  | 🎉 [T=15084 ms] Task 2 'sum2' COMPLETED
execution-manager  | [EXECUTION MANAGER] ⏱️ T2=228497093.969 ms | Thread started (server measured)
execution-manager  | [EXECUTION MANAGER] ⏱️ T3=228499784.188 ms | Task completed (server measured)
execution-manager  | [EXECUTION MANAGER] ⏱️ T4=228499784.622 ms | Result received by client
execution-manager  |    [TASK EXECUTION] 2690.219 ms (T3-T2, measured in thread)
execution-manager  |    [RESULT] {"result": 0}
execution-manager  | 
execution-manager  | ╔═══════════════════════════════════════════════════════════════╗
execution-manager  | ║           END-TO-END TIMING MEASUREMENT RECAP                 ║
execution-manager  | ║                   Task 2: sum2                                 
execution-manager  | ╠═══════════════════════════════════════════════════════════════╣
execution-manager  | ║ T1 (start_request)    = 228496005.181 ms                        ║
execution-manager  | ║ T2 (end_request)      = 228497093.969 ms                        ║
execution-manager  | ║ T3 (start_result)     = 228499784.188 ms                        ║
execution-manager  | ║ T4 (end_result)       = 228499784.622 ms                        ║
execution-manager  | ╠═══════════════════════════════════════════════════════════════╣
execution-manager  | ║ METRICS:                                                      ║
execution-manager  | ║   Request Latency    =     1088.788 ms  (T2 - T1)            ║
execution-manager  | ║   Task Execution     =     2690.219 ms  (T3 - T2)            ║
execution-manager  | ║   Response Latency   =        0.434 ms  (T4 - T3)            ║
execution-manager  | ║   Total End-to-End   =     3779.441 ms  (T4 - T1)            ║
execution-manager  | ║   Network Overhead   =     1089.222 ms  (Req + Resp)         ║
execution-manager  | ╚═══════════════════════════════════════════════════════════════╝
execution-manager  | 
execution-manager  | [gRPC Client Async] Stream completed, received 1 responses
execution-manager  | [GRPC THREAD 2] Completed
execution-manager  | [SCHEDULER] ✅ T=15084 ms: Task 2 'sum2' completed with status 2
execution-manager  | [SCHEDULER] 🔕 Timeout disarmed for task 2
execution-manager  | [SCHEDULER] 2 tasks remaining
execution-manager  | [SCHEDULER] ⏰ T=20000 ms | T_wall=228504700.294 ms: Launching task 3 'sum3' (deadline: 40000 ms)
execution-manager  | [SCHEDULER] 🕐 Timeout armed for task 3 at T=40000 ms (in 20000 ms)
execution-manager  | [GRPC THREAD 3] Starting...
execution-manager  | [EXECUTION MANAGER] ⏱️ T1=228504700.429 ms | Sending gRPC request for task 3 'sum3'
execution-manager  | [gRPC Channel Pool] Reusing existing channel for localhost:50053
execution-manager  | [gRPC Client Async] Calling task 'sum3' at localhost:50053
execution-manager  | [gRPC Client Async] Inputs: {"total_ops": 200, "io_percentage": 50}
execution-manager  | [SCHEDULER] ⏰ T=21305 ms | T_wall=228506005.034 ms: Launching task 4 'sum4' (deadline: 41000 ms)
execution-manager  | [SCHEDULER] 🕐 Timeout armed for task 4 at T=41000 ms (in 19695 ms)
execution-manager  | [GRPC THREAD 4] Starting...
execution-manager  | [EXECUTION MANAGER] ⏱️ T1=228506005.199 ms | Sending gRPC request for task 4 'sum4'
execution-manager  | [gRPC Channel Pool] Reusing existing channel for localhost:50054
execution-manager  | [gRPC Client Async] Calling task 'sum4' at localhost:50054
execution-manager  | [gRPC Client Async] Inputs: {"total_ops": 200, "io_percentage": 50}
execution-manager  | [gRPC Client Async] Response #1 - Status: COMPLETED
execution-manager  | 🎉 [T=25403 ms] Task 3 'sum3' COMPLETED
execution-manager  | [EXECUTION MANAGER] ⏱️ T2=228504701.533 ms | Thread started (server measured)
execution-manager  | [EXECUTION MANAGER] ⏱️ T3=228510102.822 ms | Task completed (server measured)
execution-manager  | [EXECUTION MANAGER] ⏱️ T4=228510103.552 ms | Result received by client
execution-manager  |    [TASK EXECUTION] 5401.289 ms (T3-T2, measured in thread)
execution-manager  |    [RESULT] {"result": 0}
execution-manager  | 
execution-manager  | ╔═══════════════════════════════════════════════════════════════╗
execution-manager  | ║           END-TO-END TIMING MEASUREMENT RECAP                 ║
execution-manager  | ║                   Task 3: sum3                                 
execution-manager  | ╠═══════════════════════════════════════════════════════════════╣
execution-manager  | ║ T1 (start_request)    = 228504700.429 ms                        ║
execution-manager  | ║ T2 (end_request)      = 228504701.533 ms                        ║
execution-manager  | ║ T3 (start_result)     = 228510102.822 ms                        ║
execution-manager  | ║ T4 (end_result)       = 228510103.552 ms                        ║
execution-manager  | ╠═══════════════════════════════════════════════════════════════╣
execution-manager  | ║ METRICS:                                                      ║
execution-manager  | ║   Request Latency    =        1.104 ms  (T2 - T1)            ║
execution-manager  | ║   Task Execution     =     5401.289 ms  (T3 - T2)            ║
execution-manager  | ║   Response Latency   =        0.730 ms  (T4 - T3)            ║
execution-manager  | ║   Total End-to-End   =     5403.123 ms  (T4 - T1)            ║
execution-manager  | ║   Network Overhead   =        1.834 ms  (Req + Resp)         ║
execution-manager  | ╚═══════════════════════════════════════════════════════════════╝
execution-manager  | 
execution-manager  | [SCHEDULER] ✅ T=25403 ms: Task 3 'sum3' completed with status 2
execution-manager  | [SCHEDULER] 🔕 Timeout disarmed for task 3
execution-manager  | [SCHEDULER] 1 tasks remaining
execution-manager  | [gRPC Client Async] Stream completed, received 1 responses
execution-manager  | [GRPC THREAD 3] Completed
execution-manager  | [gRPC Client Async] Response #1 - Status: COMPLETED
execution-manager  | 🎉 [T=25405 ms] Task 4 'sum4' COMPLETED
execution-manager  | [EXECUTION MANAGER] ⏱️ T2=228507091.308 ms | Thread started (server measured)
execution-manager  | [EXECUTION MANAGER] ⏱️ T3=228510104.508 ms | Task completed (server measured)
execution-manager  | [EXECUTION MANAGER] ⏱️ T4=228510105.086 ms | Result received by client
execution-manager  |    [TASK EXECUTION] 3013.200 ms (T3-T2, measured in thread)
execution-manager  |    [RESULT] {"result": 0}
execution-manager  | 
execution-manager  | ╔═══════════════════════════════════════════════════════════════╗
execution-manager  | ║           END-TO-END TIMING MEASUREMENT RECAP                 ║
execution-manager  | ║                   Task 4: sum4                                 
execution-manager  | ╠═══════════════════════════════════════════════════════════════╣
execution-manager  | ║ T1 (start_request)    = 228506005.199 ms                        ║
execution-manager  | ║ T2 (end_request)      = 228507091.308 ms                        ║
execution-manager  | ║ T3 (start_result)     = 228510104.508 ms                        ║
execution-manager  | ║ T4 (end_result)       = 228510105.086 ms                        ║
execution-manager  | ╠═══════════════════════════════════════════════════════════════╣
execution-manager  | ║ METRICS:                                                      ║
execution-manager  | ║   Request Latency    =     1086.109 ms  (T2 - T1)            ║
execution-manager  | ║   Task Execution     =     3013.200 ms  (T3 - T2)            ║
execution-manager  | ║   Response Latency   =        0.578 ms  (T4 - T3)            ║
execution-manager  | ║   Total End-to-End   =     4099.887 ms  (T4 - T1)            ║
execution-manager  | ║   Network Overhead   =     1086.687 ms  (Req + Resp)         ║
execution-manager  | ╚═══════════════════════════════════════════════════════════════╝
execution-manager  | 
execution-manager  | [gRPC Client Async] Stream completed, received 1 responses
execution-manager  | [GRPC THREAD 4] Completed
execution-manager  | [SCHEDULER] ✅ T=25405 ms: Task 4 'sum4' completed with status 2
execution-manager  | [SCHEDULER] 🔕 Timeout disarmed for task 4
execution-manager  | [SCHEDULER] 0 tasks remaining
execution-manager  | 
execution-manager  | [SCHEDULER] 🏁 Iteration 38/50 complete!
execution-manager  | [SCHEDULER] Iteration execution time: 25405 ms
execution-manager  | 
execution-manager  | 
execution-manager  | [SCHEDULER] 🔁 ===== ITERATION 39 / 50 =====
execution-manager  | 
execution-manager  | [SCHEDULER] 🚀 Schedule started at T=0
execution-manager  | 
execution-manager  | [SCHEDULER] 🔄 Entering event loop (NO SLEEP - event-driven!)
execution-manager  | 
execution-manager  | [SCHEDULER] ⏰ T=10000 ms | T_wall=228520105.413 ms: Launching task 1 'sum1' (deadline: 30000 ms)
execution-manager  | [SCHEDULER] 🕐 Timeout armed for task 1 at T=30000 ms (in 20000 ms)
execution-manager  | [GRPC THREAD 1] Starting...
execution-manager  | [EXECUTION MANAGER] ⏱️ T1=228520105.564 ms | Sending gRPC request for task 1 'sum1'
execution-manager  | [gRPC Channel Pool] Reusing existing channel for localhost:50051
execution-manager  | [gRPC Client Async] Calling task 'sum1' at localhost:50051
execution-manager  | [gRPC Client Async] Inputs: {"total_ops": 200, "io_percentage": 50}
execution-manager  | [SCHEDULER] ⏰ T=11900 ms | T_wall=228522005.030 ms: Launching task 2 'sum2' (deadline: 31000 ms)
execution-manager  | [SCHEDULER] 🕐 Timeout armed for task 2 at T=31000 ms (in 19100 ms)
execution-manager  | [GRPC THREAD 2] Starting...
execution-manager  | [EXECUTION MANAGER] ⏱️ T1=228522005.185 ms | Sending gRPC request for task 2 'sum2'
execution-manager  | [gRPC Channel Pool] Reusing existing channel for localhost:50052
execution-manager  | [gRPC Client Async] Calling task 'sum2' at localhost:50052
execution-manager  | [gRPC Client Async] Inputs: {"total_ops": 200, "io_percentage": 50}
execution-manager  | [gRPC Client Async] Response #1 - Status: COMPLETED
execution-manager  | 🎉 [T=14990 ms] Task 1 'sum1' COMPLETED
execution-manager  | [EXECUTION MANAGER] ⏱️ T2=228520106.535 ms | Thread started (server measured)
execution-manager  | [EXECUTION MANAGER] ⏱️ T3=228525095.129 ms | Task completed (server measured)
execution-manager  | [EXECUTION MANAGER] ⏱️ T4=228525095.861 ms | Result received by client
execution-manager  |    [TASK EXECUTION] 4988.594 ms (T3-T2, measured in thread)
execution-manager  |    [RESULT] {"result": 0}
execution-manager  | 
execution-manager  | ╔═══════════════════════════════════════════════════════════════╗
execution-manager  | ║           END-TO-END TIMING MEASUREMENT RECAP                 ║
execution-manager  | ║                   Task 1: sum1                                 
execution-manager  | ╠═══════════════════════════════════════════════════════════════╣
execution-manager  | ║ T1 (start_request)    = 228520105.564 ms                        ║
execution-manager  | ║ T2 (end_request)      = 228520106.535 ms                        ║
execution-manager  | ║ T3 (start_result)     = 228525095.129 ms                        ║
execution-manager  | ║ T4 (end_result)       = 228525095.861 ms                        ║
execution-manager  | ╠═══════════════════════════════════════════════════════════════╣
execution-manager  | ║ METRICS:                                                      ║
execution-manager  | ║   Request Latency    =        0.971 ms  (T2 - T1)            ║
execution-manager  | ║   Task Execution     =     4988.594 ms  (T3 - T2)            ║
execution-manager  | ║   Response Latency   =        0.733 ms  (T4 - T3)            ║
execution-manager  | ║   Total End-to-End   =     4990.297 ms  (T4 - T1)            ║
execution-manager  | ║   Network Overhead   =        1.703 ms  (Req + Resp)         ║
execution-manager  | ╚═══════════════════════════════════════════════════════════════╝
execution-manager  | 
execution-manager  | [SCHEDULER] ✅ T=14991 ms: Task 1 'sum1' completed with status 2
execution-manager  | [SCHEDULER] 🔕 Timeout disarmed for task 1
execution-manager  | [SCHEDULER] 3 tasks remaining
execution-manager  | [gRPC Client Async] Stream completed, received 1 responses
execution-manager  | [GRPC THREAD 1] Completed
execution-manager  | [gRPC Client Async] Response #1 - Status: COMPLETED
execution-manager  | 🎉 [T=14992 ms] Task 2 'sum2' COMPLETED
execution-manager  | [EXECUTION MANAGER] ⏱️ T2=228522445.765 ms | Thread started (server measured)
execution-manager  | [EXECUTION MANAGER] ⏱️ T3=228525096.774 ms | Task completed (server measured)
execution-manager  | [EXECUTION MANAGER] ⏱️ T4=228525097.241 ms | Result received by client
execution-manager  |    [TASK EXECUTION] 2651.009 ms (T3-T2, measured in thread)
execution-manager  |    [RESULT] {"result": 0}
execution-manager  | 
execution-manager  | ╔═══════════════════════════════════════════════════════════════╗
execution-manager  | ║           END-TO-END TIMING MEASUREMENT RECAP                 ║
execution-manager  | ║                   Task 2: sum2                                 
execution-manager  | ╠═══════════════════════════════════════════════════════════════╣
execution-manager  | ║ T1 (start_request)    = 228522005.185 ms                        ║
execution-manager  | ║ T2 (end_request)      = 228522445.765 ms                        ║
execution-manager  | ║ T3 (start_result)     = 228525096.774 ms                        ║
execution-manager  | ║ T4 (end_result)       = 228525097.241 ms                        ║
execution-manager  | ╠═══════════════════════════════════════════════════════════════╣
execution-manager  | ║ METRICS:                                                      ║
execution-manager  | ║   Request Latency    =      440.580 ms  (T2 - T1)            ║
execution-manager  | ║   Task Execution     =     2651.009 ms  (T3 - T2)            ║
execution-manager  | ║   Response Latency   =        0.467 ms  (T4 - T3)            ║
execution-manager  | ║   Total End-to-End   =     3092.056 ms  (T4 - T1)            ║
execution-manager  | ║   Network Overhead   =      441.047 ms  (Req + Resp)         ║
execution-manager  | ╚═══════════════════════════════════════════════════════════════╝
execution-manager  | 
execution-manager  | [gRPC Client Async] Stream completed, received 1 responses
execution-manager  | [GRPC THREAD 2] Completed
execution-manager  | [SCHEDULER] ✅ T=14992 ms: Task 2 'sum2' completed with status 2
execution-manager  | [SCHEDULER] 🔕 Timeout disarmed for task 2
execution-manager  | [SCHEDULER] 2 tasks remaining
execution-manager  | [SCHEDULER] ⏰ T=20000 ms | T_wall=228530105.470 ms: Launching task 3 'sum3' (deadline: 40000 ms)
execution-manager  | [SCHEDULER] 🕐 Timeout armed for task 3 at T=40000 ms (in 20000 ms)
execution-manager  | [GRPC THREAD 3] Starting...
execution-manager  | [EXECUTION MANAGER] ⏱️ T1=228530105.605 ms | Sending gRPC request for task 3 'sum3'
execution-manager  | [gRPC Channel Pool] Reusing existing channel for localhost:50053
execution-manager  | [gRPC Client Async] Calling task 'sum3' at localhost:50053
execution-manager  | [gRPC Client Async] Inputs: {"total_ops": 200, "io_percentage": 50}
execution-manager  | [SCHEDULER] ⏰ T=21900 ms | T_wall=228532005.029 ms: Launching task 4 'sum4' (deadline: 41000 ms)
execution-manager  | [SCHEDULER] 🕐 Timeout armed for task 4 at T=41000 ms (in 19100 ms)
execution-manager  | [GRPC THREAD 4] Starting...
execution-manager  | [EXECUTION MANAGER] ⏱️ T1=228532005.193 ms | Sending gRPC request for task 4 'sum4'
execution-manager  | [gRPC Channel Pool] Reusing existing channel for localhost:50054
execution-manager  | [gRPC Client Async] Calling task 'sum4' at localhost:50054
execution-manager  | [gRPC Client Async] Inputs: {"total_ops": 200, "io_percentage": 50}
execution-manager  | [gRPC Client Async] Response #1 - Status: COMPLETED
execution-manager  | 🎉 [T=24980 ms] Task 3 'sum3' COMPLETED
execution-manager  | [EXECUTION MANAGER] ⏱️ T2=228530106.667 ms | Thread started (server measured)
execution-manager  | [EXECUTION MANAGER] ⏱️ T3=228535085.235 ms | Task completed (server measured)
execution-manager  | [EXECUTION MANAGER] ⏱️ T4=228535085.882 ms | Result received by client
execution-manager  |    [TASK EXECUTION] 4978.568 ms (T3-T2, measured in thread)
execution-manager  |    [RESULT] {"result": 0}
execution-manager  | 
execution-manager  | ╔═══════════════════════════════════════════════════════════════╗
execution-manager  | ║           END-TO-END TIMING MEASUREMENT RECAP                 ║
execution-manager  | ║                   Task 3: sum3                                 
execution-manager  | ╠═══════════════════════════════════════════════════════════════╣
execution-manager  | ║ T1 (start_request)    = 228530105.605 ms                        ║
execution-manager  | ║ T2 (end_request)      = 228530106.667 ms                        ║
execution-manager  | ║ T3 (start_result)     = 228535085.235 ms                        ║
execution-manager  | ║ T4 (end_result)       = 228535085.882 ms                        ║
execution-manager  | ╠═══════════════════════════════════════════════════════════════╣
execution-manager  | ║ METRICS:                                                      ║
execution-manager  | ║   Request Latency    =        1.062 ms  (T2 - T1)            ║
execution-manager  | ║   Task Execution     =     4978.568 ms  (T3 - T2)            ║
execution-manager  | ║   Response Latency   =        0.646 ms  (T4 - T3)            ║
execution-manager  | ║   Total End-to-End   =     4980.276 ms  (T4 - T1)            ║
execution-manager  | ║   Network Overhead   =        1.708 ms  (Req + Resp)         ║
execution-manager  | ╚═══════════════════════════════════════════════════════════════╝
execution-manager  | 
execution-manager  | [SCHEDULER] ✅ T=24981 ms: Task 3 'sum3' completed with status 2
execution-manager  | [SCHEDULER] 🔕 Timeout disarmed for task 3
execution-manager  | [SCHEDULER] 1 tasks remaining
execution-manager  | [gRPC Client Async] Stream completed, received 1 responses
execution-manager  | [GRPC THREAD 3] Completed
execution-manager  | [gRPC Client Async] Response #1 - Status: COMPLETED
execution-manager  | 🎉 [T=24982 ms] Task 4 'sum4' COMPLETED
execution-manager  | [EXECUTION MANAGER] ⏱️ T2=228532445.583 ms | Thread started (server measured)
execution-manager  | [EXECUTION MANAGER] ⏱️ T3=228535086.744 ms | Task completed (server measured)
execution-manager  | [EXECUTION MANAGER] ⏱️ T4=228535087.195 ms | Result received by client
execution-manager  |    [TASK EXECUTION] 2641.161 ms (T3-T2, measured in thread)
execution-manager  |    [RESULT] {"result": 0}
execution-manager  | 
execution-manager  | ╔═══════════════════════════════════════════════════════════════╗
execution-manager  | ║           END-TO-END TIMING MEASUREMENT RECAP                 ║
execution-manager  | ║                   Task 4: sum4                                 
execution-manager  | ╠═══════════════════════════════════════════════════════════════╣
execution-manager  | ║ T1 (start_request)    = 228532005.193 ms                        ║
execution-manager  | ║ T2 (end_request)      = 228532445.583 ms                        ║
execution-manager  | ║ T3 (start_result)     = 228535086.744 ms                        ║
execution-manager  | ║ T4 (end_result)       = 228535087.195 ms                        ║
execution-manager  | ╠═══════════════════════════════════════════════════════════════╣
execution-manager  | ║ METRICS:                                                      ║
execution-manager  | ║   Request Latency    =      440.389 ms  (T2 - T1)            ║
execution-manager  | ║   Task Execution     =     2641.161 ms  (T3 - T2)            ║
execution-manager  | ║   Response Latency   =        0.451 ms  (T4 - T3)            ║
execution-manager  | ║   Total End-to-End   =     3082.001 ms  (T4 - T1)            ║
execution-manager  | ║   Network Overhead   =      440.840 ms  (Req + Resp)         ║
execution-manager  | ╚═══════════════════════════════════════════════════════════════╝
execution-manager  | 
execution-manager  | [gRPC Client Async] Stream completed, received 1 responses
execution-manager  | [GRPC THREAD 4] Completed
execution-manager  | [SCHEDULER] ✅ T=24982 ms: Task 4 'sum4' completed with status 2
execution-manager  | [SCHEDULER] 🔕 Timeout disarmed for task 4
execution-manager  | [SCHEDULER] 0 tasks remaining
execution-manager  | 
execution-manager  | [SCHEDULER] 🏁 Iteration 39/50 complete!
execution-manager  | [SCHEDULER] Iteration execution time: 24982 ms
execution-manager  | 
execution-manager  | 
execution-manager  | [SCHEDULER] 🔁 ===== ITERATION 40 / 50 =====
execution-manager  | 
execution-manager  | [SCHEDULER] 🚀 Schedule started at T=0
execution-manager  | 
execution-manager  | [SCHEDULER] 🔄 Entering event loop (NO SLEEP - event-driven!)
execution-manager  | 
execution-manager  | [SCHEDULER] ⏰ T=10000 ms | T_wall=228545087.582 ms: Launching task 1 'sum1' (deadline: 30000 ms)
execution-manager  | [SCHEDULER] 🕐 Timeout armed for task 1 at T=30000 ms (in 20000 ms)
execution-manager  | [GRPC THREAD 1] Starting...
execution-manager  | [EXECUTION MANAGER] ⏱️ T1=228545087.725 ms | Sending gRPC request for task 1 'sum1'
execution-manager  | [gRPC Channel Pool] Reusing existing channel for localhost:50051
execution-manager  | [gRPC Client Async] Calling task 'sum1' at localhost:50051
execution-manager  | [gRPC Client Async] Inputs: {"total_ops": 200, "io_percentage": 50}
execution-manager  | [SCHEDULER] ⏰ T=11918 ms | T_wall=228547005.029 ms: Launching task 2 'sum2' (deadline: 31000 ms)
execution-manager  | [SCHEDULER] 🕐 Timeout armed for task 2 at T=31000 ms (in 19082 ms)
execution-manager  | [GRPC THREAD 2] Starting...
execution-manager  | [EXECUTION MANAGER] ⏱️ T1=228547005.177 ms | Sending gRPC request for task 2 'sum2'
execution-manager  | [gRPC Channel Pool] Reusing existing channel for localhost:50052
execution-manager  | [gRPC Client Async] Calling task 'sum2' at localhost:50052
execution-manager  | [gRPC Client Async] Inputs: {"total_ops": 200, "io_percentage": 50}
execution-manager  | [gRPC Client Async] Response #1 - Status: COMPLETED
execution-manager  | 🎉 [T=15038 ms] Task 1 'sum1' COMPLETED
execution-manager  | [EXECUTION MANAGER] ⏱️ T2=228545090.768 ms | Thread started (server measured)
execution-manager  | [EXECUTION MANAGER] ⏱️ T3=228550124.239 ms | Task completed (server measured)
execution-manager  | [EXECUTION MANAGER] ⏱️ T4=228550125.515 ms | Result received by client
execution-manager  |    [TASK EXECUTION] 5033.472 ms (T3-T2, measured in thread)
execution-manager  |    [RESULT] {"result": 0}
execution-manager  | 
execution-manager  | ╔═══════════════════════════════════════════════════════════════╗
execution-manager  | ║           END-TO-END TIMING MEASUREMENT RECAP                 ║
execution-manager  | ║                   Task 1: sum1                                 
execution-manager  | ╠═══════════════════════════════════════════════════════════════╣
execution-manager  | ║ T1 (start_request)    = 228545087.725 ms                        ║
execution-manager  | ║ T2 (end_request)      = 228545090.768 ms                        ║
execution-manager  | ║ T3 (start_result)     = 228550124.239 ms                        ║
execution-manager  | ║ T4 (end_result)       = 228550125.515 ms                        ║
execution-manager  | ╠═══════════════════════════════════════════════════════════════╣
execution-manager  | ║ METRICS:                                                      ║
execution-manager  | ║   Request Latency    =        3.043 ms  (T2 - T1)            ║
execution-manager  | ║   Task Execution     =     5033.472 ms  (T3 - T2)            ║
execution-manager  | ║   Response Latency   =        1.275 ms  (T4 - T3)            ║
execution-manager  | ║   Total End-to-End   =     5037.790 ms  (T4 - T1)            ║
execution-manager  | ║   Network Overhead   =        4.318 ms  (Req + Resp)         ║
execution-manager  | ╚═══════════════════════════════════════════════════════════════╝
execution-manager  | 
execution-manager  | [gRPC Client Async] Stream completed, received 1 responses
execution-manager  | [GRPC THREAD 1] Completed
execution-manager  | [SCHEDULER] ✅ T=15038 ms: Task 1 'sum1' completed with status 2
execution-manager  | [SCHEDULER] 🔕 Timeout disarmed for task 1
execution-manager  | [SCHEDULER] 3 tasks remaining
execution-manager  | [gRPC Client Async] Response #1 - Status: COMPLETED
execution-manager  | 🎉 [T=15040 ms] Task 2 'sum2' COMPLETED
execution-manager  | [EXECUTION MANAGER] ⏱️ T2=228547432.132 ms | Thread started (server measured)
execution-manager  | [EXECUTION MANAGER] ⏱️ T3=228550126.756 ms | Task completed (server measured)
execution-manager  | [EXECUTION MANAGER] ⏱️ T4=228550127.597 ms | Result received by client
execution-manager  |    [TASK EXECUTION] 2694.624 ms (T3-T2, measured in thread)
execution-manager  |    [RESULT] {"result": 0}
execution-manager  | 
execution-manager  | ╔═══════════════════════════════════════════════════════════════╗
execution-manager  | ║           END-TO-END TIMING MEASUREMENT RECAP                 ║
execution-manager  | ║                   Task 2: sum2                                 
execution-manager  | ╠═══════════════════════════════════════════════════════════════╣
execution-manager  | ║ T1 (start_request)    = 228547005.177 ms                        ║
execution-manager  | ║ T2 (end_request)      = 228547432.132 ms                        ║
execution-manager  | ║ T3 (start_result)     = 228550126.756 ms                        ║
execution-manager  | ║ T4 (end_result)       = 228550127.597 ms                        ║
execution-manager  | ╠═══════════════════════════════════════════════════════════════╣
execution-manager  | ║ METRICS:                                                      ║
execution-manager  | ║   Request Latency    =      426.956 ms  (T2 - T1)            ║
execution-manager  | ║   Task Execution     =     2694.624 ms  (T3 - T2)            ║
execution-manager  | ║   Response Latency   =        0.841 ms  (T4 - T3)            ║
execution-manager  | ║   Total End-to-End   =     3122.420 ms  (T4 - T1)            ║
execution-manager  | ║   Network Overhead   =      427.796 ms  (Req + Resp)         ║
execution-manager  | ╚═══════════════════════════════════════════════════════════════╝
execution-manager  | 
execution-manager  | [gRPC Client Async] Stream completed, received 1 responses
execution-manager  | [GRPC THREAD 2] Completed
execution-manager  | [SCHEDULER] ✅ T=15040 ms: Task 2 'sum2' completed with status 2
execution-manager  | [SCHEDULER] 🔕 Timeout disarmed for task 2
execution-manager  | [SCHEDULER] 2 tasks remaining
execution-manager  | [SCHEDULER] ⏰ T=20000 ms | T_wall=228555087.640 ms: Launching task 3 'sum3' (deadline: 40000 ms)
execution-manager  | [SCHEDULER] 🕐 Timeout armed for task 3 at T=40000 ms (in 20000 ms)
execution-manager  | [GRPC THREAD 3] Starting...
execution-manager  | [EXECUTION MANAGER] ⏱️ T1=228555087.788 ms | Sending gRPC request for task 3 'sum3'
execution-manager  | [gRPC Channel Pool] Reusing existing channel for localhost:50053
execution-manager  | [gRPC Client Async] Calling task 'sum3' at localhost:50053
execution-manager  | [gRPC Client Async] Inputs: {"total_ops": 200, "io_percentage": 50}
execution-manager  | [SCHEDULER] ⏰ T=21918 ms | T_wall=228557005.031 ms: Launching task 4 'sum4' (deadline: 41000 ms)
execution-manager  | [SCHEDULER] 🕐 Timeout armed for task 4 at T=41000 ms (in 19082 ms)
execution-manager  | [GRPC THREAD 4] Starting...
execution-manager  | [EXECUTION MANAGER] ⏱️ T1=228557005.327 ms | Sending gRPC request for task 4 'sum4'
execution-manager  | [gRPC Channel Pool] Reusing existing channel for localhost:50054
execution-manager  | [gRPC Client Async] Calling task 'sum4' at localhost:50054
execution-manager  | [gRPC Client Async] Inputs: {"total_ops": 200, "io_percentage": 50}
execution-manager  | [gRPC Client Async] Response #1 - Status: COMPLETED
execution-manager  | 🎉 [T=24981 ms] Task 3 'sum3' COMPLETED
execution-manager  | [EXECUTION MANAGER] ⏱️ T2=228555088.862 ms | Thread started (server measured)
execution-manager  | [EXECUTION MANAGER] ⏱️ T3=228560068.156 ms | Task completed (server measured)
execution-manager  | [EXECUTION MANAGER] ⏱️ T4=228560068.827 ms | Result received by client
execution-manager  |    [TASK EXECUTION] 4979.294 ms (T3-T2, measured in thread)
execution-manager  |    [RESULT] {"result": 0}
execution-manager  | 
execution-manager  | ╔═══════════════════════════════════════════════════════════════╗
execution-manager  | ║           END-TO-END TIMING MEASUREMENT RECAP                 ║
execution-manager  | ║                   Task 3: sum3                                 
execution-manager  | ╠═══════════════════════════════════════════════════════════════╣
execution-manager  | ║ T1 (start_request)    = 228555087.788 ms                        ║
execution-manager  | ║ T2 (end_request)      = 228555088.862 ms                        ║
execution-manager  | ║ T3 (start_result)     = 228560068.156 ms                        ║
execution-manager  | ║ T4 (end_result)       = 228560068.827 ms                        ║
execution-manager  | ╠═══════════════════════════════════════════════════════════════╣
execution-manager  | ║ METRICS:                                                      ║
execution-manager  | ║   Request Latency    =        1.074 ms  (T2 - T1)            ║
execution-manager  | ║   Task Execution     =     4979.294 ms  (T3 - T2)            ║
execution-manager  | ║   Response Latency   =        0.671 ms  (T4 - T3)            ║
execution-manager  | ║   Total End-to-End   =     4981.039 ms  (T4 - T1)            ║
execution-manager  | ║   Network Overhead   =        1.745 ms  (Req + Resp)         ║
execution-manager  | ╚═══════════════════════════════════════════════════════════════╝
execution-manager  | 
execution-manager  | [SCHEDULER] ✅ T=24982 ms: Task 3 'sum3' completed with status 2
execution-manager  | [SCHEDULER] 🔕 Timeout disarmed for task 3
execution-manager  | [SCHEDULER] 1 tasks remaining
execution-manager  | [gRPC Client Async] Stream completed, received 1 responses
execution-manager  | [GRPC THREAD 3] Completed
execution-manager  | [gRPC Client Async] Response #1 - Status: COMPLETED
execution-manager  | 🎉 [T=24983 ms] Task 4 'sum4' COMPLETED
execution-manager  | [EXECUTION MANAGER] ⏱️ T2=228557427.972 ms | Thread started (server measured)
execution-manager  | [EXECUTION MANAGER] ⏱️ T3=228560069.705 ms | Task completed (server measured)
execution-manager  | [EXECUTION MANAGER] ⏱️ T4=228560070.378 ms | Result received by client
execution-manager  |    [TASK EXECUTION] 2641.733 ms (T3-T2, measured in thread)
execution-manager  |    [RESULT] {"result": 0}
execution-manager  | 
execution-manager  | ╔═══════════════════════════════════════════════════════════════╗
execution-manager  | ║           END-TO-END TIMING MEASUREMENT RECAP                 ║
execution-manager  | ║                   Task 4: sum4                                 
execution-manager  | ╠═══════════════════════════════════════════════════════════════╣
execution-manager  | ║ T1 (start_request)    = 228557005.327 ms                        ║
execution-manager  | ║ T2 (end_request)      = 228557427.972 ms                        ║
execution-manager  | ║ T3 (start_result)     = 228560069.705 ms                        ║
execution-manager  | ║ T4 (end_result)       = 228560070.378 ms                        ║
execution-manager  | ╠═══════════════════════════════════════════════════════════════╣
execution-manager  | ║ METRICS:                                                      ║
execution-manager  | ║   Request Latency    =      422.645 ms  (T2 - T1)            ║
execution-manager  | ║   Task Execution     =     2641.733 ms  (T3 - T2)            ║
execution-manager  | ║   Response Latency   =        0.674 ms  (T4 - T3)            ║
execution-manager  | ║   Total End-to-End   =     3065.052 ms  (T4 - T1)            ║
execution-manager  | ║   Network Overhead   =      423.318 ms  (Req + Resp)         ║
execution-manager  | ╚═══════════════════════════════════════════════════════════════╝
execution-manager  | 
execution-manager  | [gRPC Client Async] Stream completed, received 1 responses
execution-manager  | [GRPC THREAD 4] Completed
execution-manager  | [SCHEDULER] ✅ T=24983 ms: Task 4 'sum4' completed with status 2
execution-manager  | [SCHEDULER] 🔕 Timeout disarmed for task 4
execution-manager  | [SCHEDULER] 0 tasks remaining
execution-manager  | 
execution-manager  | [SCHEDULER] 🏁 Iteration 40/50 complete!
execution-manager  | [SCHEDULER] Iteration execution time: 24983 ms
execution-manager  | 
execution-manager  | 
execution-manager  | [SCHEDULER] 🔁 ===== ITERATION 41 / 50 =====
execution-manager  | 
execution-manager  | [SCHEDULER] 🚀 Schedule started at T=0
execution-manager  | 
execution-manager  | [SCHEDULER] 🔄 Entering event loop (NO SLEEP - event-driven!)
execution-manager  | 
execution-manager  | [SCHEDULER] ⏰ T=10000 ms | T_wall=228570070.734 ms: Launching task 1 'sum1' (deadline: 30000 ms)
execution-manager  | [SCHEDULER] 🕐 Timeout armed for task 1 at T=30000 ms (in 20000 ms)
execution-manager  | [GRPC THREAD 1] Starting...
execution-manager  | [EXECUTION MANAGER] ⏱️ T1=228570070.871 ms | Sending gRPC request for task 1 'sum1'
execution-manager  | [gRPC Channel Pool] Reusing existing channel for localhost:50051
execution-manager  | [gRPC Client Async] Calling task 'sum1' at localhost:50051
execution-manager  | [gRPC Client Async] Inputs: {"total_ops": 200, "io_percentage": 50}
execution-manager  | [SCHEDULER] ⏰ T=11935 ms | T_wall=228572005.037 ms: Launching task 2 'sum2' (deadline: 31000 ms)
execution-manager  | [SCHEDULER] 🕐 Timeout armed for task 2 at T=31000 ms (in 19065 ms)
execution-manager  | [GRPC THREAD 2] Starting...
execution-manager  | [EXECUTION MANAGER] ⏱️ T1=228572005.194 ms | Sending gRPC request for task 2 'sum2'
execution-manager  | [gRPC Channel Pool] Reusing existing channel for localhost:50052
execution-manager  | [gRPC Client Async] Calling task 'sum2' at localhost:50052
execution-manager  | [gRPC Client Async] Inputs: {"total_ops": 200, "io_percentage": 50}
execution-manager  | [gRPC Client Async] Response #1 - Status: COMPLETED
execution-manager  | 🎉 [T=14898 ms] Task 1 'sum1' COMPLETED
execution-manager  | [EXECUTION MANAGER] ⏱️ T2=228570073.994 ms | Thread started (server measured)
execution-manager  | [EXECUTION MANAGER] ⏱️ T3=228574967.463 ms | Task completed (server measured)
execution-manager  | [EXECUTION MANAGER] ⏱️ T4=228574968.178 ms | Result received by client
execution-manager  |    [TASK EXECUTION] 4893.469 ms (T3-T2, measured in thread)
execution-manager  |    [RESULT] {"result": 0}
execution-manager  | 
execution-manager  | ╔═══════════════════════════════════════════════════════════════╗
execution-manager  | ║           END-TO-END TIMING MEASUREMENT RECAP                 ║
execution-manager  | ║                   Task 1: sum1                                 
execution-manager  | ╠═══════════════════════════════════════════════════════════════╣
execution-manager  | ║ T1 (start_request)    = 228570070.871 ms                        ║
execution-manager  | ║ T2 (end_request)      = 228570073.994 ms                        ║
execution-manager  | ║ T3 (start_result)     = 228574967.463 ms                        ║
execution-manager  | ║ T4 (end_result)       = 228574968.178 ms                        ║
execution-manager  | ╠═══════════════════════════════════════════════════════════════╣
execution-manager  | ║ METRICS:                                                      ║
execution-manager  | ║   Request Latency    =        3.123 ms  (T2 - T1)            ║
execution-manager  | ║   Task Execution     =     4893.469 ms  (T3 - T2)            ║
execution-manager  | ║   Response Latency   =        0.715 ms  (T4 - T3)            ║
execution-manager  | ║   Total End-to-End   =     4897.307 ms  (T4 - T1)            ║
execution-manager  | ║   Network Overhead   =        3.837 ms  (Req + Resp)         ║
execution-manager  | ╚═══════════════════════════════════════════════════════════════╝
execution-manager  | 
execution-manager  | [SCHEDULER] ✅ T=14898 ms: Task 1 'sum1' completed with status 2
execution-manager  | [SCHEDULER] 🔕 Timeout disarmed for task 1
execution-manager  | [SCHEDULER] 3 tasks remaining
execution-manager  | [gRPC Client Async] Stream completed, received 1 responses
execution-manager  | [GRPC THREAD 1] Completed
execution-manager  | [gRPC Client Async] Response #1 - Status: COMPLETED
execution-manager  | 🎉 [T=14901 ms] Task 2 'sum2' COMPLETED
execution-manager  | [EXECUTION MANAGER] ⏱️ T2=228572418.605 ms | Thread started (server measured)
execution-manager  | [EXECUTION MANAGER] ⏱️ T3=228574970.716 ms | Task completed (server measured)
execution-manager  | [EXECUTION MANAGER] ⏱️ T4=228574971.574 ms | Result received by client
execution-manager  |    [TASK EXECUTION] 2552.111 ms (T3-T2, measured in thread)
execution-manager  |    [RESULT] {"result": 0}
execution-manager  | 
execution-manager  | ╔═══════════════════════════════════════════════════════════════╗
execution-manager  | ║           END-TO-END TIMING MEASUREMENT RECAP                 ║
execution-manager  | ║                   Task 2: sum2                                 
execution-manager  | ╠═══════════════════════════════════════════════════════════════╣
execution-manager  | ║ T1 (start_request)    = 228572005.194 ms                        ║
execution-manager  | ║ T2 (end_request)      = 228572418.605 ms                        ║
execution-manager  | ║ T3 (start_result)     = 228574970.716 ms                        ║
execution-manager  | ║ T4 (end_result)       = 228574971.574 ms                        ║
execution-manager  | ╠═══════════════════════════════════════════════════════════════╣
execution-manager  | ║ METRICS:                                                      ║
execution-manager  | ║   Request Latency    =      413.412 ms  (T2 - T1)            ║
execution-manager  | ║   Task Execution     =     2552.111 ms  (T3 - T2)            ║
execution-manager  | ║   Response Latency   =        0.858 ms  (T4 - T3)            ║
execution-manager  | ║   Total End-to-End   =     2966.380 ms  (T4 - T1)            ║
execution-manager  | ║   Network Overhead   =      414.270 ms  (Req + Resp)         ║
execution-manager  | ╚═══════════════════════════════════════════════════════════════╝
execution-manager  | 
execution-manager  | [gRPC Client Async] Stream completed, received 1 responses
execution-manager  | [GRPC THREAD 2] Completed
execution-manager  | [SCHEDULER] ✅ T=14901 ms: Task 2 'sum2' completed with status 2
execution-manager  | [SCHEDULER] 🔕 Timeout disarmed for task 2
execution-manager  | [SCHEDULER] 2 tasks remaining
execution-manager  | [SCHEDULER] ⏰ T=20000 ms | T_wall=228580070.795 ms: Launching task 3 'sum3' (deadline: 40000 ms)
execution-manager  | [SCHEDULER] 🕐 Timeout armed for task 3 at T=40000 ms (in 20000 ms)
execution-manager  | [GRPC THREAD 3] Starting...
execution-manager  | [EXECUTION MANAGER] ⏱️ T1=228580070.931 ms | Sending gRPC request for task 3 'sum3'
execution-manager  | [gRPC Channel Pool] Reusing existing channel for localhost:50053
execution-manager  | [gRPC Client Async] Calling task 'sum3' at localhost:50053
execution-manager  | [gRPC Client Async] Inputs: {"total_ops": 200, "io_percentage": 50}
execution-manager  | [SCHEDULER] ⏰ T=21935 ms | T_wall=228582005.030 ms: Launching task 4 'sum4' (deadline: 41000 ms)
execution-manager  | [SCHEDULER] 🕐 Timeout armed for task 4 at T=41000 ms (in 19065 ms)
execution-manager  | [GRPC THREAD 4] Starting...
execution-manager  | [EXECUTION MANAGER] ⏱️ T1=228582005.225 ms | Sending gRPC request for task 4 'sum4'
execution-manager  | [gRPC Channel Pool] Reusing existing channel for localhost:50054
execution-manager  | [gRPC Client Async] Calling task 'sum4' at localhost:50054
execution-manager  | [gRPC Client Async] Inputs: {"total_ops": 200, "io_percentage": 50}
execution-manager  | [gRPC Client Async] Response #1 - Status: COMPLETED
execution-manager  | 🎉 [T=24987 ms] Task 3 'sum3' COMPLETED
execution-manager  | [EXECUTION MANAGER] ⏱️ T2=228580071.976 ms | Thread started (server measured)
execution-manager  | [EXECUTION MANAGER] ⏱️ T3=228585056.436 ms | Task completed (server measured)
execution-manager  | [EXECUTION MANAGER] ⏱️ T4=228585057.130 ms | Result received by client
execution-manager  |    [TASK EXECUTION] 4984.460 ms (T3-T2, measured in thread)
execution-manager  |    [RESULT] {"result": 0}
execution-manager  | 
execution-manager  | ╔═══════════════════════════════════════════════════════════════╗
execution-manager  | ║           END-TO-END TIMING MEASUREMENT RECAP                 ║
execution-manager  | ║                   Task 3: sum3                                 
execution-manager  | ╠═══════════════════════════════════════════════════════════════╣
execution-manager  | ║ T1 (start_request)    = 228580070.931 ms                        ║
execution-manager  | ║ T2 (end_request)      = 228580071.976 ms                        ║
execution-manager  | ║ T3 (start_result)     = 228585056.436 ms                        ║
execution-manager  | ║ T4 (end_result)       = 228585057.130 ms                        ║
execution-manager  | ╠═══════════════════════════════════════════════════════════════╣
execution-manager  | ║ METRICS:                                                      ║
execution-manager  | ║   Request Latency    =        1.045 ms  (T2 - T1)            ║
execution-manager  | ║   Task Execution     =     4984.460 ms  (T3 - T2)            ║
execution-manager  | ║   Response Latency   =        0.694 ms  (T4 - T3)            ║
execution-manager  | ║   Total End-to-End   =     4986.198 ms  (T4 - T1)            ║
execution-manager  | ║   Network Overhead   =        1.739 ms  (Req + Resp)         ║
execution-manager  | ╚═══════════════════════════════════════════════════════════════╝
execution-manager  | 
execution-manager  | [SCHEDULER] ✅ T=24987 ms: Task 3 'sum3' completed with status 2
execution-manager  | [SCHEDULER] 🔕 Timeout disarmed for task 3
execution-manager  | [SCHEDULER] 1 tasks remaining
execution-manager  | [gRPC Client Async] Stream completed, received 1 responses
execution-manager  | [GRPC THREAD 3] Completed
execution-manager  | [gRPC Client Async] Response #1 - Status: COMPLETED
execution-manager  | 🎉 [T=24988 ms] Task 4 'sum4' COMPLETED
execution-manager  | [EXECUTION MANAGER] ⏱️ T2=228582412.468 ms | Thread started (server measured)
execution-manager  | [EXECUTION MANAGER] ⏱️ T3=228585057.981 ms | Task completed (server measured)
execution-manager  | [EXECUTION MANAGER] ⏱️ T4=228585058.441 ms | Result received by client
execution-manager  |    [TASK EXECUTION] 2645.513 ms (T3-T2, measured in thread)
execution-manager  |    [RESULT] {"result": 0}
execution-manager  | 
execution-manager  | ╔═══════════════════════════════════════════════════════════════╗
execution-manager  | ║           END-TO-END TIMING MEASUREMENT RECAP                 ║
execution-manager  | ║                   Task 4: sum4                                 
execution-manager  | ╠═══════════════════════════════════════════════════════════════╣
execution-manager  | ║ T1 (start_request)    = 228582005.225 ms                        ║
execution-manager  | ║ T2 (end_request)      = 228582412.468 ms                        ║
execution-manager  | ║ T3 (start_result)     = 228585057.981 ms                        ║
execution-manager  | ║ T4 (end_result)       = 228585058.441 ms                        ║
execution-manager  | ╠═══════════════════════════════════════════════════════════════╣
execution-manager  | ║ METRICS:                                                      ║
execution-manager  | ║   Request Latency    =      407.243 ms  (T2 - T1)            ║
execution-manager  | ║   Task Execution     =     2645.513 ms  (T3 - T2)            ║
execution-manager  | ║   Response Latency   =        0.460 ms  (T4 - T3)            ║
execution-manager  | ║   Total End-to-End   =     3053.216 ms  (T4 - T1)            ║
execution-manager  | ║   Network Overhead   =      407.703 ms  (Req + Resp)         ║
execution-manager  | ╚═══════════════════════════════════════════════════════════════╝
execution-manager  | 
execution-manager  | [gRPC Client Async] Stream completed, received 1 responses
execution-manager  | [GRPC THREAD 4] Completed
execution-manager  | [SCHEDULER] ✅ T=24988 ms: Task 4 'sum4' completed with status 2
execution-manager  | [SCHEDULER] 🔕 Timeout disarmed for task 4
execution-manager  | [SCHEDULER] 0 tasks remaining
execution-manager  | 
execution-manager  | [SCHEDULER] 🏁 Iteration 41/50 complete!
execution-manager  | [SCHEDULER] Iteration execution time: 24988 ms
execution-manager  | 
execution-manager  | 
execution-manager  | [SCHEDULER] 🔁 ===== ITERATION 42 / 50 =====
execution-manager  | 
execution-manager  | [SCHEDULER] 🚀 Schedule started at T=0
execution-manager  | 
execution-manager  | [SCHEDULER] 🔄 Entering event loop (NO SLEEP - event-driven!)
execution-manager  | 
execution-manager  | [SCHEDULER] ⏰ T=10000 ms | T_wall=228595058.844 ms: Launching task 1 'sum1' (deadline: 30000 ms)
execution-manager  | [SCHEDULER] 🕐 Timeout armed for task 1 at T=30000 ms (in 20000 ms)
execution-manager  | [GRPC THREAD 1] Starting...
execution-manager  | [EXECUTION MANAGER] ⏱️ T1=228595058.983 ms | Sending gRPC request for task 1 'sum1'
execution-manager  | [gRPC Channel Pool] Reusing existing channel for localhost:50051
execution-manager  | [gRPC Client Async] Calling task 'sum1' at localhost:50051
execution-manager  | [gRPC Client Async] Inputs: {"total_ops": 200, "io_percentage": 50}
execution-manager  | [SCHEDULER] ⏰ T=11947 ms | T_wall=228597005.030 ms: Launching task 2 'sum2' (deadline: 31000 ms)
execution-manager  | [SCHEDULER] 🕐 Timeout armed for task 2 at T=31000 ms (in 19053 ms)
execution-manager  | [GRPC THREAD 2] Starting...
execution-manager  | [EXECUTION MANAGER] ⏱️ T1=228597005.190 ms | Sending gRPC request for task 2 'sum2'
execution-manager  | [gRPC Channel Pool] Reusing existing channel for localhost:50052
execution-manager  | [gRPC Client Async] Calling task 'sum2' at localhost:50052
execution-manager  | [gRPC Client Async] Inputs: {"total_ops": 200, "io_percentage": 50}
execution-manager  | [gRPC Client Async] Response #1 - Status: COMPLETED
execution-manager  | 🎉 [T=15025 ms] Task 1 'sum1' COMPLETED
execution-manager  | [EXECUTION MANAGER] ⏱️ T2=228595059.889 ms | Thread started (server measured)
execution-manager  | [EXECUTION MANAGER] ⏱️ T3=228600082.937 ms | Task completed (server measured)
execution-manager  | [EXECUTION MANAGER] ⏱️ T4=228600083.581 ms | Result received by client
execution-manager  |    [TASK EXECUTION] 5023.048 ms (T3-T2, measured in thread)
execution-manager  |    [RESULT] {"result": 0}
execution-manager  | 
execution-manager  | ╔═══════════════════════════════════════════════════════════════╗
execution-manager  | ║           END-TO-END TIMING MEASUREMENT RECAP                 ║
execution-manager  | ║                   Task 1: sum1                                 
execution-manager  | ╠═══════════════════════════════════════════════════════════════╣
execution-manager  | ║ T1 (start_request)    = 228595058.983 ms                        ║
execution-manager  | ║ T2 (end_request)      = 228595059.889 ms                        ║
execution-manager  | ║ T3 (start_result)     = 228600082.937 ms                        ║
execution-manager  | ║ T4 (end_result)       = 228600083.581 ms                        ║
execution-manager  | ╠═══════════════════════════════════════════════════════════════╣
execution-manager  | ║ METRICS:                                                      ║
execution-manager  | ║   Request Latency    =        0.906 ms  (T2 - T1)            ║
execution-manager  | ║   Task Execution     =     5023.048 ms  (T3 - T2)            ║
execution-manager  | ║   Response Latency   =        0.644 ms  (T4 - T3)            ║
execution-manager  | ║   Total End-to-End   =     5024.598 ms  (T4 - T1)            ║
execution-manager  | ║   Network Overhead   =        1.550 ms  (Req + Resp)         ║
execution-manager  | ╚═══════════════════════════════════════════════════════════════╝
execution-manager  | 
execution-manager  | [SCHEDULER] ✅ T=15025 ms: Task 1 'sum1' completed with status 2
execution-manager  | [SCHEDULER] 🔕 Timeout disarmed for task 1
execution-manager  | [SCHEDULER] 3 tasks remaining
execution-manager  | [gRPC Client Async] Stream completed, received 1 responses
execution-manager  | [GRPC THREAD 1] Completed
execution-manager  | [gRPC Client Async] Response #1 - Status: COMPLETED
execution-manager  | 🎉 [T=15026 ms] Task 2 'sum2' COMPLETED
execution-manager  | [EXECUTION MANAGER] ⏱️ T2=228597399.430 ms | Thread started (server measured)
execution-manager  | [EXECUTION MANAGER] ⏱️ T3=228600084.541 ms | Task completed (server measured)
execution-manager  | [EXECUTION MANAGER] ⏱️ T4=228600084.985 ms | Result received by client
execution-manager  |    [TASK EXECUTION] 2685.111 ms (T3-T2, measured in thread)
execution-manager  |    [RESULT] {"result": 0}
execution-manager  | 
execution-manager  | ╔═══════════════════════════════════════════════════════════════╗
execution-manager  | ║           END-TO-END TIMING MEASUREMENT RECAP                 ║
execution-manager  | ║                   Task 2: sum2                                 
execution-manager  | ╠═══════════════════════════════════════════════════════════════╣
execution-manager  | ║ T1 (start_request)    = 228597005.190 ms                        ║
execution-manager  | ║ T2 (end_request)      = 228597399.430 ms                        ║
execution-manager  | ║ T3 (start_result)     = 228600084.541 ms                        ║
execution-manager  | ║ T4 (end_result)       = 228600084.985 ms                        ║
execution-manager  | ╠═══════════════════════════════════════════════════════════════╣
execution-manager  | ║ METRICS:                                                      ║
execution-manager  | ║   Request Latency    =      394.240 ms  (T2 - T1)            ║
execution-manager  | ║   Task Execution     =     2685.111 ms  (T3 - T2)            ║
execution-manager  | ║   Response Latency   =        0.444 ms  (T4 - T3)            ║
execution-manager  | ║   Total End-to-End   =     3079.795 ms  (T4 - T1)            ║
execution-manager  | ║   Network Overhead   =      394.684 ms  (Req + Resp)         ║
execution-manager  | ╚═══════════════════════════════════════════════════════════════╝
execution-manager  | 
execution-manager  | [gRPC Client Async] Stream completed, received 1 responses
execution-manager  | [GRPC THREAD 2] Completed
execution-manager  | [SCHEDULER] ✅ T=15027 ms: Task 2 'sum2' completed with status 2
execution-manager  | [SCHEDULER] 🔕 Timeout disarmed for task 2
execution-manager  | [SCHEDULER] 2 tasks remaining
execution-manager  | [SCHEDULER] ⏰ T=20000 ms | T_wall=228605058.903 ms: Launching task 3 'sum3' (deadline: 40000 ms)
execution-manager  | [SCHEDULER] 🕐 Timeout armed for task 3 at T=40000 ms (in 19999 ms)
execution-manager  | [GRPC THREAD 3] Starting...
execution-manager  | [EXECUTION MANAGER] ⏱️ T1=228605059.117 ms | Sending gRPC request for task 3 'sum3'
execution-manager  | [gRPC Channel Pool] Reusing existing channel for localhost:50053
execution-manager  | [gRPC Client Async] Calling task 'sum3' at localhost:50053
execution-manager  | [gRPC Client Async] Inputs: {"total_ops": 200, "io_percentage": 50}
execution-manager  | [SCHEDULER] ⏰ T=21947 ms | T_wall=228607005.035 ms: Launching task 4 'sum4' (deadline: 41000 ms)
execution-manager  | [SCHEDULER] 🕐 Timeout armed for task 4 at T=41000 ms (in 19053 ms)
execution-manager  | [GRPC THREAD 4] Starting...
execution-manager  | [EXECUTION MANAGER] ⏱️ T1=228607005.197 ms | Sending gRPC request for task 4 'sum4'
execution-manager  | [gRPC Channel Pool] Reusing existing channel for localhost:50054
execution-manager  | [gRPC Client Async] Calling task 'sum4' at localhost:50054
execution-manager  | [gRPC Client Async] Inputs: {"total_ops": 200, "io_percentage": 50}
execution-manager  | [gRPC Client Async] Response #1 - Status: COMPLETED
execution-manager  | 🎉 [T=24984 ms] Task 3 'sum3' COMPLETED
execution-manager  | [EXECUTION MANAGER] ⏱️ T2=228605060.280 ms | Thread started (server measured)
execution-manager  | [EXECUTION MANAGER] ⏱️ T3=228610041.713 ms | Task completed (server measured)
execution-manager  | [EXECUTION MANAGER] ⏱️ T4=228610042.450 ms | Result received by client
execution-manager  |    [TASK EXECUTION] 4981.432 ms (T3-T2, measured in thread)
execution-manager  |    [RESULT] {"result": 0}
execution-manager  | 
execution-manager  | ╔═══════════════════════════════════════════════════════════════╗
execution-manager  | ║           END-TO-END TIMING MEASUREMENT RECAP                 ║
execution-manager  | ║                   Task 3: sum3                                 
execution-manager  | ╠═══════════════════════════════════════════════════════════════╣
execution-manager  | ║ T1 (start_request)    = 228605059.117 ms                        ║
execution-manager  | ║ T2 (end_request)      = 228605060.280 ms                        ║
execution-manager  | ║ T3 (start_result)     = 228610041.713 ms                        ║
execution-manager  | ║ T4 (end_result)       = 228610042.450 ms                        ║
execution-manager  | ╠═══════════════════════════════════════════════════════════════╣
execution-manager  | ║ METRICS:                                                      ║
execution-manager  | ║   Request Latency    =        1.163 ms  (T2 - T1)            ║
execution-manager  | ║   Task Execution     =     4981.432 ms  (T3 - T2)            ║
execution-manager  | ║   Response Latency   =        0.738 ms  (T4 - T3)            ║
execution-manager  | ║   Total End-to-End   =     4983.333 ms  (T4 - T1)            ║
execution-manager  | ║   Network Overhead   =        1.901 ms  (Req + Resp)         ║
execution-manager  | ╚═══════════════════════════════════════════════════════════════╝
execution-manager  | 
execution-manager  | [SCHEDULER] ✅ T=24984 ms: Task 3 'sum3' completed with status 2
execution-manager  | [SCHEDULER] 🔕 Timeout disarmed for task 3
execution-manager  | [SCHEDULER] 1 tasks remaining
execution-manager  | [gRPC Client Async] Stream completed, received 1 responses
execution-manager  | [GRPC THREAD 3] Completed
execution-manager  | [gRPC Client Async] Response #1 - Status: COMPLETED
execution-manager  | 🎉 [T=24985 ms] Task 4 'sum4' COMPLETED
execution-manager  | [EXECUTION MANAGER] ⏱️ T2=228607400.850 ms | Thread started (server measured)
execution-manager  | [EXECUTION MANAGER] ⏱️ T3=228610043.337 ms | Task completed (server measured)
execution-manager  | [EXECUTION MANAGER] ⏱️ T4=228610043.759 ms | Result received by client
execution-manager  |    [TASK EXECUTION] 2642.487 ms (T3-T2, measured in thread)
execution-manager  |    [RESULT] {"result": 0}
execution-manager  | 
execution-manager  | ╔═══════════════════════════════════════════════════════════════╗
execution-manager  | ║           END-TO-END TIMING MEASUREMENT RECAP                 ║
execution-manager  | ║                   Task 4: sum4                                 
execution-manager  | ╠═══════════════════════════════════════════════════════════════╣
execution-manager  | ║ T1 (start_request)    = 228607005.197 ms                        ║
execution-manager  | ║ T2 (end_request)      = 228607400.850 ms                        ║
execution-manager  | ║ T3 (start_result)     = 228610043.337 ms                        ║
execution-manager  | ║ T4 (end_result)       = 228610043.759 ms                        ║
execution-manager  | ╠═══════════════════════════════════════════════════════════════╣
execution-manager  | ║ METRICS:                                                      ║
execution-manager  | ║   Request Latency    =      395.653 ms  (T2 - T1)            ║
execution-manager  | ║   Task Execution     =     2642.487 ms  (T3 - T2)            ║
execution-manager  | ║   Response Latency   =        0.421 ms  (T4 - T3)            ║
execution-manager  | ║   Total End-to-End   =     3038.562 ms  (T4 - T1)            ║
execution-manager  | ║   Network Overhead   =      396.075 ms  (Req + Resp)         ║
execution-manager  | ╚═══════════════════════════════════════════════════════════════╝
execution-manager  | 
execution-manager  | [gRPC Client Async] Stream completed, received 1 responses
execution-manager  | [GRPC THREAD 4] Completed
execution-manager  | [SCHEDULER] ✅ T=24985 ms: Task 4 'sum4' completed with status 2
execution-manager  | [SCHEDULER] 🔕 Timeout disarmed for task 4
execution-manager  | [SCHEDULER] 0 tasks remaining
execution-manager  | 
execution-manager  | [SCHEDULER] 🏁 Iteration 42/50 complete!
execution-manager  | [SCHEDULER] Iteration execution time: 24986 ms
execution-manager  | 
execution-manager  | 
execution-manager  | [SCHEDULER] 🔁 ===== ITERATION 43 / 50 =====
execution-manager  | 
execution-manager  | [SCHEDULER] 🚀 Schedule started at T=0
execution-manager  | 
execution-manager  | [SCHEDULER] 🔄 Entering event loop (NO SLEEP - event-driven!)
execution-manager  | 
execution-manager  | [SCHEDULER] ⏰ T=10000 ms | T_wall=228620044.144 ms: Launching task 1 'sum1' (deadline: 30000 ms)
execution-manager  | [SCHEDULER] 🕐 Timeout armed for task 1 at T=30000 ms (in 20000 ms)
execution-manager  | [GRPC THREAD 1] Starting...
execution-manager  | [EXECUTION MANAGER] ⏱️ T1=228620044.285 ms | Sending gRPC request for task 1 'sum1'
execution-manager  | [gRPC Channel Pool] Reusing existing channel for localhost:50051
execution-manager  | [gRPC Client Async] Calling task 'sum1' at localhost:50051
execution-manager  | [gRPC Client Async] Inputs: {"total_ops": 200, "io_percentage": 50}
execution-manager  | [SCHEDULER] ⏰ T=11961 ms | T_wall=228622005.029 ms: Launching task 2 'sum2' (deadline: 31000 ms)
execution-manager  | [SCHEDULER] 🕐 Timeout armed for task 2 at T=31000 ms (in 19039 ms)
execution-manager  | [GRPC THREAD 2] Starting...
execution-manager  | [EXECUTION MANAGER] ⏱️ T1=228622005.192 ms | Sending gRPC request for task 2 'sum2'
execution-manager  | [gRPC Channel Pool] Reusing existing channel for localhost:50052
execution-manager  | [gRPC Client Async] Calling task 'sum2' at localhost:50052
execution-manager  | [gRPC Client Async] Inputs: {"total_ops": 200, "io_percentage": 50}
execution-manager  | [gRPC Client Async] Response #1 - Status: COMPLETED
execution-manager  | 🎉 [T=15042 ms] Task 1 'sum1' COMPLETED
execution-manager  | [EXECUTION MANAGER] ⏱️ T2=228620047.315 ms | Thread started (server measured)
execution-manager  | [EXECUTION MANAGER] ⏱️ T3=228625085.879 ms | Task completed (server measured)
execution-manager  | [EXECUTION MANAGER] ⏱️ T4=228625086.561 ms | Result received by client
execution-manager  |    [TASK EXECUTION] 5038.564 ms (T3-T2, measured in thread)
execution-manager  |    [RESULT] {"result": 0}
execution-manager  | 
execution-manager  | ╔═══════════════════════════════════════════════════════════════╗
execution-manager  | ║           END-TO-END TIMING MEASUREMENT RECAP                 ║
execution-manager  | ║                   Task 1: sum1                                 
execution-manager  | ╠═══════════════════════════════════════════════════════════════╣
execution-manager  | ║ T1 (start_request)    = 228620044.285 ms                        ║
execution-manager  | ║ T2 (end_request)      = 228620047.315 ms                        ║
execution-manager  | ║ T3 (start_result)     = 228625085.879 ms                        ║
execution-manager  | ║ T4 (end_result)       = 228625086.561 ms                        ║
execution-manager  | ╠═══════════════════════════════════════════════════════════════╣
execution-manager  | ║ METRICS:                                                      ║
execution-manager  | ║   Request Latency    =        3.030 ms  (T2 - T1)            ║
execution-manager  | ║   Task Execution     =     5038.564 ms  (T3 - T2)            ║
execution-manager  | ║   Response Latency   =        0.682 ms  (T4 - T3)            ║
execution-manager  | ║   Total End-to-End   =     5042.276 ms  (T4 - T1)            ║
execution-manager  | ║   Network Overhead   =        3.712 ms  (Req + Resp)         ║
execution-manager  | ╚═══════════════════════════════════════════════════════════════╝
execution-manager  | 
execution-manager  | [SCHEDULER] ✅ T=15042 ms: Task 1 'sum1' completed with status 2
execution-manager  | [SCHEDULER] 🔕 Timeout disarmed for task 1
execution-manager  | [SCHEDULER] 3 tasks remaining
execution-manager  | [gRPC Client Async] Stream completed, received 1 responses
execution-manager  | [GRPC THREAD 1] Completed
execution-manager  | [gRPC Client Async] Response #1 - Status: COMPLETED
execution-manager  | 🎉 [T=15044 ms] Task 2 'sum2' COMPLETED
execution-manager  | [EXECUTION MANAGER] ⏱️ T2=228622398.830 ms | Thread started (server measured)
execution-manager  | [EXECUTION MANAGER] ⏱️ T3=228625087.589 ms | Task completed (server measured)
execution-manager  | [EXECUTION MANAGER] ⏱️ T4=228625088.045 ms | Result received by client
execution-manager  |    [TASK EXECUTION] 2688.760 ms (T3-T2, measured in thread)
execution-manager  |    [RESULT] {"result": 0}
execution-manager  | 
execution-manager  | ╔═══════════════════════════════════════════════════════════════╗
execution-manager  | ║           END-TO-END TIMING MEASUREMENT RECAP                 ║
execution-manager  | ║                   Task 2: sum2                                 
execution-manager  | ╠═══════════════════════════════════════════════════════════════╣
execution-manager  | ║ T1 (start_request)    = 228622005.192 ms                        ║
execution-manager  | ║ T2 (end_request)      = 228622398.830 ms                        ║
execution-manager  | ║ T3 (start_result)     = 228625087.589 ms                        ║
execution-manager  | ║ T4 (end_result)       = 228625088.045 ms                        ║
execution-manager  | ╠═══════════════════════════════════════════════════════════════╣
execution-manager  | ║ METRICS:                                                      ║
execution-manager  | ║   Request Latency    =      393.637 ms  (T2 - T1)            ║
execution-manager  | ║   Task Execution     =     2688.760 ms  (T3 - T2)            ║
execution-manager  | ║   Response Latency   =        0.455 ms  (T4 - T3)            ║
execution-manager  | ║   Total End-to-End   =     3082.852 ms  (T4 - T1)            ║
execution-manager  | ║   Network Overhead   =      394.093 ms  (Req + Resp)         ║
execution-manager  | ╚═══════════════════════════════════════════════════════════════╝
execution-manager  | 
execution-manager  | [gRPC Client Async] Stream completed, received 1 responses
execution-manager  | [GRPC THREAD 2] Completed
execution-manager  | [SCHEDULER] ✅ T=15044 ms: Task 2 'sum2' completed with status 2
execution-manager  | [SCHEDULER] 🔕 Timeout disarmed for task 2
execution-manager  | [SCHEDULER] 2 tasks remaining
execution-manager  | [SCHEDULER] ⏰ T=20000 ms | T_wall=228630044.206 ms: Launching task 3 'sum3' (deadline: 40000 ms)
execution-manager  | [SCHEDULER] 🕐 Timeout armed for task 3 at T=40000 ms (in 20000 ms)
execution-manager  | [GRPC THREAD 3] Starting...
execution-manager  | [EXECUTION MANAGER] ⏱️ T1=228630044.350 ms | Sending gRPC request for task 3 'sum3'
execution-manager  | [gRPC Channel Pool] Reusing existing channel for localhost:50053
execution-manager  | [gRPC Client Async] Calling task 'sum3' at localhost:50053
execution-manager  | [gRPC Client Async] Inputs: {"total_ops": 200, "io_percentage": 50}
execution-manager  | [SCHEDULER] ⏰ T=21961 ms | T_wall=228632005.034 ms: Launching task 4 'sum4' (deadline: 41000 ms)
execution-manager  | [SCHEDULER] 🕐 Timeout armed for task 4 at T=41000 ms (in 19039 ms)
execution-manager  | [GRPC THREAD 4] Starting...
execution-manager  | [EXECUTION MANAGER] ⏱️ T1=228632005.196 ms | Sending gRPC request for task 4 'sum4'
execution-manager  | [gRPC Channel Pool] Reusing existing channel for localhost:50054
execution-manager  | [gRPC Client Async] Calling task 'sum4' at localhost:50054
execution-manager  | [gRPC Client Async] Inputs: {"total_ops": 200, "io_percentage": 50}
execution-manager  | [gRPC Client Async] Response #1 - Status: COMPLETED
execution-manager  | 🎉 [T=24987 ms] Task 3 'sum3' COMPLETED
execution-manager  | [EXECUTION MANAGER] ⏱️ T2=228630045.382 ms | Thread started (server measured)
execution-manager  | [EXECUTION MANAGER] ⏱️ T3=228635030.410 ms | Task completed (server measured)
execution-manager  | [EXECUTION MANAGER] ⏱️ T4=228635031.089 ms | Result received by client
execution-manager  |    [TASK EXECUTION] 4985.028 ms (T3-T2, measured in thread)
execution-manager  |    [RESULT] {"result": 0}
execution-manager  | 
execution-manager  | ╔═══════════════════════════════════════════════════════════════╗
execution-manager  | ║           END-TO-END TIMING MEASUREMENT RECAP                 ║
execution-manager  | ║                   Task 3: sum3                                 
execution-manager  | ╠═══════════════════════════════════════════════════════════════╣
execution-manager  | ║ T1 (start_request)    = 228630044.350 ms                        ║
execution-manager  | ║ T2 (end_request)      = 228630045.382 ms                        ║
execution-manager  | ║ T3 (start_result)     = 228635030.410 ms                        ║
execution-manager  | ║ T4 (end_result)       = 228635031.089 ms                        ║
execution-manager  | ╠═══════════════════════════════════════════════════════════════╣
execution-manager  | ║ METRICS:                                                      ║
execution-manager  | ║   Request Latency    =        1.032 ms  (T2 - T1)            ║
execution-manager  | ║   Task Execution     =     4985.028 ms  (T3 - T2)            ║
execution-manager  | ║   Response Latency   =        0.678 ms  (T4 - T3)            ║
execution-manager  | ║   Total End-to-End   =     4986.738 ms  (T4 - T1)            ║
execution-manager  | ║   Network Overhead   =        1.710 ms  (Req + Resp)         ║
execution-manager  | ╚═══════════════════════════════════════════════════════════════╝
execution-manager  | 
execution-manager  | [SCHEDULER] ✅ T=24987 ms: Task 3 'sum3' completed with status 2
execution-manager  | [SCHEDULER] 🔕 Timeout disarmed for task 3
execution-manager  | [SCHEDULER] 1 tasks remaining
execution-manager  | [gRPC Client Async] Stream completed, received 1 responses
execution-manager  | [GRPC THREAD 3] Completed
execution-manager  | [gRPC Client Async] Response #1 - Status: COMPLETED
execution-manager  | 🎉 [T=24988 ms] Task 4 'sum4' COMPLETED
execution-manager  | [EXECUTION MANAGER] ⏱️ T2=228632394.921 ms | Thread started (server measured)
execution-manager  | [EXECUTION MANAGER] ⏱️ T3=228635032.077 ms | Task completed (server measured)
execution-manager  | [EXECUTION MANAGER] ⏱️ T4=228635032.484 ms | Result received by client
execution-manager  |    [TASK EXECUTION] 2637.156 ms (T3-T2, measured in thread)
execution-manager  |    [RESULT] {"result": 0}
execution-manager  | 
execution-manager  | ╔═══════════════════════════════════════════════════════════════╗
execution-manager  | ║           END-TO-END TIMING MEASUREMENT RECAP                 ║
execution-manager  | ║                   Task 4: sum4                                 
execution-manager  | ╠═══════════════════════════════════════════════════════════════╣
execution-manager  | ║ T1 (start_request)    = 228632005.196 ms                        ║
execution-manager  | ║ T2 (end_request)      = 228632394.921 ms                        ║
execution-manager  | ║ T3 (start_result)     = 228635032.077 ms                        ║
execution-manager  | ║ T4 (end_result)       = 228635032.484 ms                        ║
execution-manager  | ╠═══════════════════════════════════════════════════════════════╣
execution-manager  | ║ METRICS:                                                      ║
execution-manager  | ║   Request Latency    =      389.725 ms  (T2 - T1)            ║
execution-manager  | ║   Task Execution     =     2637.156 ms  (T3 - T2)            ║
execution-manager  | ║   Response Latency   =        0.407 ms  (T4 - T3)            ║
execution-manager  | ║   Total End-to-End   =     3027.288 ms  (T4 - T1)            ║
execution-manager  | ║   Network Overhead   =      390.132 ms  (Req + Resp)         ║
execution-manager  | ╚═══════════════════════════════════════════════════════════════╝
execution-manager  | 
execution-manager  | [gRPC Client Async] Stream completed, received 1 responses
execution-manager  | [GRPC THREAD 4] Completed
execution-manager  | [SCHEDULER] ✅ T=24988 ms: Task 4 'sum4' completed with status 2
execution-manager  | [SCHEDULER] 🔕 Timeout disarmed for task 4
execution-manager  | [SCHEDULER] 0 tasks remaining
execution-manager  | 
execution-manager  | [SCHEDULER] 🏁 Iteration 43/50 complete!
execution-manager  | [SCHEDULER] Iteration execution time: 24988 ms
execution-manager  | 
execution-manager  | 
execution-manager  | [SCHEDULER] 🔁 ===== ITERATION 44 / 50 =====
execution-manager  | 
execution-manager  | [SCHEDULER] 🚀 Schedule started at T=0
execution-manager  | 
execution-manager  | [SCHEDULER] 🔄 Entering event loop (NO SLEEP - event-driven!)
execution-manager  | 
execution-manager  | [SCHEDULER] ⏰ T=10000 ms | T_wall=228645032.882 ms: Launching task 1 'sum1' (deadline: 30000 ms)
execution-manager  | [SCHEDULER] 🕐 Timeout armed for task 1 at T=30000 ms (in 20000 ms)
execution-manager  | [GRPC THREAD 1] Starting...
execution-manager  | [EXECUTION MANAGER] ⏱️ T1=228645033.027 ms | Sending gRPC request for task 1 'sum1'
execution-manager  | [gRPC Channel Pool] Reusing existing channel for localhost:50051
execution-manager  | [gRPC Client Async] Calling task 'sum1' at localhost:50051
execution-manager  | [gRPC Client Async] Inputs: {"total_ops": 200, "io_percentage": 50}
execution-manager  | [SCHEDULER] ⏰ T=11973 ms | T_wall=228647005.033 ms: Launching task 2 'sum2' (deadline: 31000 ms)
execution-manager  | [SCHEDULER] 🕐 Timeout armed for task 2 at T=31000 ms (in 19027 ms)
execution-manager  | [GRPC THREAD 2] Starting...
execution-manager  | [EXECUTION MANAGER] ⏱️ T1=228647005.187 ms | Sending gRPC request for task 2 'sum2'
execution-manager  | [gRPC Channel Pool] Reusing existing channel for localhost:50052
execution-manager  | [gRPC Client Async] Calling task 'sum2' at localhost:50052
execution-manager  | [gRPC Client Async] Inputs: {"total_ops": 200, "io_percentage": 50}
execution-manager  | [gRPC Client Async] Response #1 - Status: COMPLETED
execution-manager  | 🎉 [T=15051 ms] Task 1 'sum1' COMPLETED
execution-manager  | [EXECUTION MANAGER] ⏱️ T2=228645036.164 ms | Thread started (server measured)
execution-manager  | [EXECUTION MANAGER] ⏱️ T3=228650083.114 ms | Task completed (server measured)
execution-manager  | [EXECUTION MANAGER] ⏱️ T4=228650083.810 ms | Result received by client
execution-manager  |    [TASK EXECUTION] 5046.951 ms (T3-T2, measured in thread)
execution-manager  |    [RESULT] {"result": 0}
execution-manager  | 
execution-manager  | ╔═══════════════════════════════════════════════════════════════╗
execution-manager  | ║           END-TO-END TIMING MEASUREMENT RECAP                 ║
execution-manager  | ║                   Task 1: sum1                                 
execution-manager  | ╠═══════════════════════════════════════════════════════════════╣
execution-manager  | ║ T1 (start_request)    = 228645033.027 ms                        ║
execution-manager  | ║ T2 (end_request)      = 228645036.164 ms                        ║
execution-manager  | ║ T3 (start_result)     = 228650083.114 ms                        ║
execution-manager  | ║ T4 (end_result)       = 228650083.810 ms                        ║
execution-manager  | ╠═══════════════════════════════════════════════════════════════╣
execution-manager  | ║ METRICS:                                                      ║
execution-manager  | ║   Request Latency    =        3.137 ms  (T2 - T1)            ║
execution-manager  | ║   Task Execution     =     5046.951 ms  (T3 - T2)            ║
execution-manager  | ║   Response Latency   =        0.696 ms  (T4 - T3)            ║
execution-manager  | ║   Total End-to-End   =     5050.784 ms  (T4 - T1)            ║
execution-manager  | ║   Network Overhead   =        3.833 ms  (Req + Resp)         ║
execution-manager  | ╚═══════════════════════════════════════════════════════════════╝
execution-manager  | 
execution-manager  | [SCHEDULER] ✅ T=15052 ms: Task 1 'sum1' completed with status 2
execution-manager  | [SCHEDULER] 🔕 Timeout disarmed for task 1
execution-manager  | [SCHEDULER] 3 tasks remaining
execution-manager  | [gRPC Client Async] Stream completed, received 1 responses
execution-manager  | [GRPC THREAD 1] Completed
execution-manager  | [gRPC Client Async] Response #1 - Status: COMPLETED
execution-manager  | 🎉 [T=15053 ms] Task 2 'sum2' COMPLETED
execution-manager  | [EXECUTION MANAGER] ⏱️ T2=228647400.118 ms | Thread started (server measured)
execution-manager  | [EXECUTION MANAGER] ⏱️ T3=228650084.872 ms | Task completed (server measured)
execution-manager  | [EXECUTION MANAGER] ⏱️ T4=228650085.386 ms | Result received by client
execution-manager  |    [TASK EXECUTION] 2684.754 ms (T3-T2, measured in thread)
execution-manager  |    [RESULT] {"result": 0}
execution-manager  | 
execution-manager  | ╔═══════════════════════════════════════════════════════════════╗
execution-manager  | ║           END-TO-END TIMING MEASUREMENT RECAP                 ║
execution-manager  | ║                   Task 2: sum2                                 
execution-manager  | ╠═══════════════════════════════════════════════════════════════╣
execution-manager  | ║ T1 (start_request)    = 228647005.187 ms                        ║
execution-manager  | ║ T2 (end_request)      = 228647400.118 ms                        ║
execution-manager  | ║ T3 (start_result)     = 228650084.872 ms                        ║
execution-manager  | ║ T4 (end_result)       = 228650085.386 ms                        ║
execution-manager  | ╠═══════════════════════════════════════════════════════════════╣
execution-manager  | ║ METRICS:                                                      ║
execution-manager  | ║   Request Latency    =      394.931 ms  (T2 - T1)            ║
execution-manager  | ║   Task Execution     =     2684.754 ms  (T3 - T2)            ║
execution-manager  | ║   Response Latency   =        0.513 ms  (T4 - T3)            ║
execution-manager  | ║   Total End-to-End   =     3080.199 ms  (T4 - T1)            ║
execution-manager  | ║   Network Overhead   =      395.444 ms  (Req + Resp)         ║
execution-manager  | ╚═══════════════════════════════════════════════════════════════╝
execution-manager  | 
execution-manager  | [gRPC Client Async] Stream completed, received 1 responses
execution-manager  | [GRPC THREAD 2] Completed
execution-manager  | [SCHEDULER] ✅ T=15053 ms: Task 2 'sum2' completed with status 2
execution-manager  | [SCHEDULER] 🔕 Timeout disarmed for task 2
execution-manager  | [SCHEDULER] 2 tasks remaining
execution-manager  | [SCHEDULER] ⏰ T=20000 ms | T_wall=228655032.942 ms: Launching task 3 'sum3' (deadline: 40000 ms)
execution-manager  | [SCHEDULER] 🕐 Timeout armed for task 3 at T=40000 ms (in 19999 ms)
execution-manager  | [GRPC THREAD 3] Starting...
execution-manager  | [EXECUTION MANAGER] ⏱️ T1=228655033.094 ms | Sending gRPC request for task 3 'sum3'
execution-manager  | [gRPC Channel Pool] Reusing existing channel for localhost:50053
execution-manager  | [gRPC Client Async] Calling task 'sum3' at localhost:50053
execution-manager  | [gRPC Client Async] Inputs: {"total_ops": 200, "io_percentage": 50}
execution-manager  | [SCHEDULER] ⏰ T=21973 ms | T_wall=228657005.027 ms: Launching task 4 'sum4' (deadline: 41000 ms)
execution-manager  | [SCHEDULER] 🕐 Timeout armed for task 4 at T=41000 ms (in 19027 ms)
execution-manager  | [GRPC THREAD 4] Starting...
execution-manager  | [EXECUTION MANAGER] ⏱️ T1=228657005.202 ms | Sending gRPC request for task 4 'sum4'
execution-manager  | [gRPC Channel Pool] Reusing existing channel for localhost:50054
execution-manager  | [gRPC Client Async] Calling task 'sum4' at localhost:50054
execution-manager  | [gRPC Client Async] Inputs: {"total_ops": 200, "io_percentage": 50}
execution-manager  | [gRPC Client Async] Response #1 - Status: COMPLETED
execution-manager  | 🎉 [T=25004 ms] Task 3 'sum3' COMPLETED
execution-manager  | [EXECUTION MANAGER] ⏱️ T2=228655034.240 ms | Thread started (server measured)
execution-manager  | [EXECUTION MANAGER] ⏱️ T3=228660035.797 ms | Task completed (server measured)
execution-manager  | [EXECUTION MANAGER] ⏱️ T4=228660036.493 ms | Result received by client
execution-manager  |    [TASK EXECUTION] 5001.556 ms (T3-T2, measured in thread)
execution-manager  |    [RESULT] {"result": 0}
execution-manager  | 
execution-manager  | ╔═══════════════════════════════════════════════════════════════╗
execution-manager  | ║           END-TO-END TIMING MEASUREMENT RECAP                 ║
execution-manager  | ║                   Task 3: sum3                                 
execution-manager  | ╠═══════════════════════════════════════════════════════════════╣
execution-manager  | ║ T1 (start_request)    = 228655033.094 ms                        ║
execution-manager  | ║ T2 (end_request)      = 228655034.240 ms                        ║
execution-manager  | ║ T3 (start_result)     = 228660035.797 ms                        ║
execution-manager  | ║ T4 (end_result)       = 228660036.493 ms                        ║
execution-manager  | ╠═══════════════════════════════════════════════════════════════╣
execution-manager  | ║ METRICS:                                                      ║
execution-manager  | ║   Request Latency    =        1.146 ms  (T2 - T1)            ║
execution-manager  | ║   Task Execution     =     5001.556 ms  (T3 - T2)            ║
execution-manager  | ║   Response Latency   =        0.696 ms  (T4 - T3)            ║
execution-manager  | ║   Total End-to-End   =     5003.399 ms  (T4 - T1)            ║
execution-manager  | ║   Network Overhead   =        1.842 ms  (Req + Resp)         ║
execution-manager  | ╚═══════════════════════════════════════════════════════════════╝
execution-manager  | 
execution-manager  | [SCHEDULER] ✅ T=25004 ms: Task 3 'sum3' completed with status 2
execution-manager  | [SCHEDULER] 🔕 Timeout disarmed for task 3
execution-manager  | [SCHEDULER] 1 tasks remaining
execution-manager  | [gRPC Client Async] Stream completed, received 1 responses
execution-manager  | [GRPC THREAD 3] Completed
execution-manager  | [gRPC Client Async] Response #1 - Status: COMPLETED
execution-manager  | 🎉 [T=25005 ms] Task 4 'sum4' COMPLETED
execution-manager  | [EXECUTION MANAGER] ⏱️ T2=228657395.369 ms | Thread started (server measured)
execution-manager  | [EXECUTION MANAGER] ⏱️ T3=228660037.349 ms | Task completed (server measured)
execution-manager  | [EXECUTION MANAGER] ⏱️ T4=228660037.758 ms | Result received by client
execution-manager  |    [TASK EXECUTION] 2641.979 ms (T3-T2, measured in thread)
execution-manager  |    [RESULT] {"result": 0}
execution-manager  | 
execution-manager  | ╔═══════════════════════════════════════════════════════════════╗
execution-manager  | ║           END-TO-END TIMING MEASUREMENT RECAP                 ║
execution-manager  | ║                   Task 4: sum4                                 
execution-manager  | ╠═══════════════════════════════════════════════════════════════╣
execution-manager  | ║ T1 (start_request)    = 228657005.202 ms                        ║
execution-manager  | ║ T2 (end_request)      = 228657395.369 ms                        ║
execution-manager  | ║ T3 (start_result)     = 228660037.349 ms                        ║
execution-manager  | ║ T4 (end_result)       = 228660037.758 ms                        ║
execution-manager  | ╠═══════════════════════════════════════════════════════════════╣
execution-manager  | ║ METRICS:                                                      ║
execution-manager  | ║   Request Latency    =      390.167 ms  (T2 - T1)            ║
execution-manager  | ║   Task Execution     =     2641.979 ms  (T3 - T2)            ║
execution-manager  | ║   Response Latency   =        0.409 ms  (T4 - T3)            ║
execution-manager  | ║   Total End-to-End   =     3032.556 ms  (T4 - T1)            ║
execution-manager  | ║   Network Overhead   =      390.577 ms  (Req + Resp)         ║
execution-manager  | ╚═══════════════════════════════════════════════════════════════╝
execution-manager  | 
execution-manager  | [gRPC Client Async] Stream completed, received 1 responses
execution-manager  | [GRPC THREAD 4] Completed
execution-manager  | [SCHEDULER] ✅ T=25006 ms: Task 4 'sum4' completed with status 2
execution-manager  | [SCHEDULER] 🔕 Timeout disarmed for task 4
execution-manager  | [SCHEDULER] 0 tasks remaining
execution-manager  | 
execution-manager  | [SCHEDULER] 🏁 Iteration 44/50 complete!
execution-manager  | [SCHEDULER] Iteration execution time: 25006 ms
execution-manager  | 
execution-manager  | 
execution-manager  | [SCHEDULER] 🔁 ===== ITERATION 45 / 50 =====
execution-manager  | 
execution-manager  | [SCHEDULER] 🚀 Schedule started at T=0
execution-manager  | 
execution-manager  | [SCHEDULER] 🔄 Entering event loop (NO SLEEP - event-driven!)
execution-manager  | 
execution-manager  | [SCHEDULER] ⏰ T=10000 ms | T_wall=228670038.164 ms: Launching task 1 'sum1' (deadline: 30000 ms)
execution-manager  | [SCHEDULER] 🕐 Timeout armed for task 1 at T=30000 ms (in 20000 ms)
execution-manager  | [GRPC THREAD 1] Starting...
execution-manager  | [EXECUTION MANAGER] ⏱️ T1=228670038.301 ms | Sending gRPC request for task 1 'sum1'
execution-manager  | [gRPC Channel Pool] Reusing existing channel for localhost:50051
execution-manager  | [gRPC Client Async] Calling task 'sum1' at localhost:50051
execution-manager  | [gRPC Client Async] Inputs: {"total_ops": 200, "io_percentage": 50}
execution-manager  | [SCHEDULER] ⏰ T=11967 ms | T_wall=228672005.035 ms: Launching task 2 'sum2' (deadline: 31000 ms)
execution-manager  | [SCHEDULER] 🕐 Timeout armed for task 2 at T=31000 ms (in 19033 ms)
execution-manager  | [GRPC THREAD 2] Starting...
execution-manager  | [EXECUTION MANAGER] ⏱️ T1=228672005.181 ms | Sending gRPC request for task 2 'sum2'
execution-manager  | [gRPC Channel Pool] Reusing existing channel for localhost:50052
execution-manager  | [gRPC Client Async] Calling task 'sum2' at localhost:50052
execution-manager  | [gRPC Client Async] Inputs: {"total_ops": 200, "io_percentage": 50}
execution-manager  | [gRPC Client Async] Response #1 - Status: COMPLETED
execution-manager  | 🎉 [T=15463 ms] Task 2 'sum2' COMPLETED
execution-manager  | [EXECUTION MANAGER] ⏱️ T2=228672399.794 ms | Thread started (server measured)
execution-manager  | [EXECUTION MANAGER] ⏱️ T3=228675500.672 ms | Task completed (server measured)
execution-manager  | [EXECUTION MANAGER] ⏱️ T4=228675501.385 ms | Result received by client
execution-manager  |    [TASK EXECUTION] 3100.877 ms (T3-T2, measured in thread)
execution-manager  |    [RESULT] {"result": 0}
execution-manager  | 
execution-manager  | ╔═══════════════════════════════════════════════════════════════╗
execution-manager  | ║           END-TO-END TIMING MEASUREMENT RECAP                 ║
execution-manager  | ║                   Task 2: sum2                                 
execution-manager  | ╠═══════════════════════════════════════════════════════════════╣
execution-manager  | ║ T1 (start_request)    = 228672005.181 ms                        ║
execution-manager  | ║ T2 (end_request)      = 228672399.794 ms                        ║
execution-manager  | ║ T3 (start_result)     = 228675500.672 ms                        ║
execution-manager  | ║ T4 (end_result)       = 228675501.385 ms                        ║
execution-manager  | ╠═══════════════════════════════════════════════════════════════╣
execution-manager  | ║ METRICS:                                                      ║
execution-manager  | ║   Request Latency    =      394.614 ms  (T2 - T1)            ║
execution-manager  | ║   Task Execution     =     3100.877 ms  (T3 - T2)            ║
execution-manager  | ║   Response Latency   =        0.713 ms  (T4 - T3)            ║
execution-manager  | ║   Total End-to-End   =     3496.204 ms  (T4 - T1)            ║
execution-manager  | ║   Network Overhead   =      395.327 ms  (Req + Resp)         ║
execution-manager  | ╚═══════════════════════════════════════════════════════════════╝
execution-manager  | 
execution-manager  | [SCHEDULER] ✅ T=15463 ms: Task 2 'sum2' completed with status 2
execution-manager  | [SCHEDULER] 🔕 Timeout disarmed for task 2
execution-manager  | [SCHEDULER] 3 tasks remaining
execution-manager  | [gRPC Client Async] Stream completed, received 1 responses
execution-manager  | [GRPC THREAD 2] Completed
execution-manager  | [gRPC Client Async] Response #1 - Status: COMPLETED
execution-manager  | 🎉 [T=15464 ms] Task 1 'sum1' COMPLETED
execution-manager  | [EXECUTION MANAGER] ⏱️ T2=228670041.995 ms | Thread started (server measured)
execution-manager  | [EXECUTION MANAGER] ⏱️ T3=228675501.879 ms | Task completed (server measured)
execution-manager  | [EXECUTION MANAGER] ⏱️ T4=228675502.569 ms | Result received by client
execution-manager  |    [TASK EXECUTION] 5459.884 ms (T3-T2, measured in thread)
execution-manager  |    [RESULT] {"result": 0}
execution-manager  | 
execution-manager  | ╔═══════════════════════════════════════════════════════════════╗
execution-manager  | ║           END-TO-END TIMING MEASUREMENT RECAP                 ║
execution-manager  | ║                   Task 1: sum1                                 
execution-manager  | ╠═══════════════════════════════════════════════════════════════╣
execution-manager  | ║ T1 (start_request)    = 228670038.301 ms                        ║
execution-manager  | ║ T2 (end_request)      = 228670041.995 ms                        ║
execution-manager  | ║ T3 (start_result)     = 228675501.879 ms                        ║
execution-manager  | ║ T4 (end_result)       = 228675502.569 ms                        ║
execution-manager  | ╠═══════════════════════════════════════════════════════════════╣
execution-manager  | ║ METRICS:                                                      ║
execution-manager  | ║   Request Latency    =        3.694 ms  (T2 - T1)            ║
execution-manager  | ║   Task Execution     =     5459.884 ms  (T3 - T2)            ║
execution-manager  | ║   Response Latency   =        0.690 ms  (T4 - T3)            ║
execution-manager  | ║   Total End-to-End   =     5464.268 ms  (T4 - T1)            ║
execution-manager  | ║   Network Overhead   =        4.383 ms  (Req + Resp)         ║
execution-manager  | ╚═══════════════════════════════════════════════════════════════╝
execution-manager  | 
execution-manager  | [gRPC Client Async] Stream completed, received 1 responses
execution-manager  | [GRPC THREAD 1] Completed
execution-manager  | [SCHEDULER] ✅ T=15464 ms: Task 1 'sum1' completed with status 2
execution-manager  | [SCHEDULER] 🔕 Timeout disarmed for task 1
execution-manager  | [SCHEDULER] 2 tasks remaining
execution-manager  | [SCHEDULER] ⏰ T=20000 ms | T_wall=228680038.228 ms: Launching task 3 'sum3' (deadline: 40000 ms)
execution-manager  | [SCHEDULER] 🕐 Timeout armed for task 3 at T=40000 ms (in 20000 ms)
execution-manager  | [GRPC THREAD 3] Starting...
execution-manager  | [EXECUTION MANAGER] ⏱️ T1=228680038.363 ms | Sending gRPC request for task 3 'sum3'
execution-manager  | [gRPC Channel Pool] Reusing existing channel for localhost:50053
execution-manager  | [gRPC Client Async] Calling task 'sum3' at localhost:50053
execution-manager  | [gRPC Client Async] Inputs: {"total_ops": 200, "io_percentage": 50}
execution-manager  | [SCHEDULER] ⏰ T=21967 ms | T_wall=228682005.030 ms: Launching task 4 'sum4' (deadline: 41000 ms)
execution-manager  | [SCHEDULER] 🕐 Timeout armed for task 4 at T=41000 ms (in 19033 ms)
execution-manager  | [GRPC THREAD 4] Starting...
execution-manager  | [EXECUTION MANAGER] ⏱️ T1=228682005.189 ms | Sending gRPC request for task 4 'sum4'
execution-manager  | [gRPC Channel Pool] Reusing existing channel for localhost:50054
execution-manager  | [gRPC Client Async] Calling task 'sum4' at localhost:50054
execution-manager  | [gRPC Client Async] Inputs: {"total_ops": 200, "io_percentage": 50}
execution-manager  | [gRPC Client Async] Response #1 - Status: COMPLETED
execution-manager  | 🎉 [T=24995 ms] Task 3 'sum3' COMPLETED
execution-manager  | [EXECUTION MANAGER] ⏱️ T2=228680039.352 ms | Thread started (server measured)
execution-manager  | [EXECUTION MANAGER] ⏱️ T3=228685032.775 ms | Task completed (server measured)
execution-manager  | [EXECUTION MANAGER] ⏱️ T4=228685033.492 ms | Result received by client
execution-manager  |    [TASK EXECUTION] 4993.423 ms (T3-T2, measured in thread)
execution-manager  |    [RESULT] {"result": 0}
execution-manager  | 
execution-manager  | ╔═══════════════════════════════════════════════════════════════╗
execution-manager  | ║           END-TO-END TIMING MEASUREMENT RECAP                 ║
execution-manager  | ║                   Task 3: sum3                                 
execution-manager  | ╠═══════════════════════════════════════════════════════════════╣
execution-manager  | ║ T1 (start_request)    = 228680038.363 ms                        ║
execution-manager  | ║ T2 (end_request)      = 228680039.352 ms                        ║
execution-manager  | ║ T3 (start_result)     = 228685032.775 ms                        ║
execution-manager  | ║ T4 (end_result)       = 228685033.492 ms                        ║
execution-manager  | ╠═══════════════════════════════════════════════════════════════╣
execution-manager  | ║ METRICS:                                                      ║
execution-manager  | ║   Request Latency    =        0.989 ms  (T2 - T1)            ║
execution-manager  | ║   Task Execution     =     4993.423 ms  (T3 - T2)            ║
execution-manager  | ║   Response Latency   =        0.717 ms  (T4 - T3)            ║
execution-manager  | ║   Total End-to-End   =     4995.129 ms  (T4 - T1)            ║
execution-manager  | ║   Network Overhead   =        1.706 ms  (Req + Resp)         ║
execution-manager  | ╚═══════════════════════════════════════════════════════════════╝
execution-manager  | 
execution-manager  | [SCHEDULER] ✅ T=24995 ms: Task 3 'sum3' completed with status 2
execution-manager  | [SCHEDULER] 🔕 Timeout disarmed for task 3
execution-manager  | [SCHEDULER] 1 tasks remaining
execution-manager  | [gRPC Client Async] Stream completed, received 1 responses
execution-manager  | [GRPC THREAD 3] Completed
execution-manager  | [gRPC Client Async] Response #1 - Status: COMPLETED
execution-manager  | 🎉 [T=24996 ms] Task 4 'sum4' COMPLETED
execution-manager  | [EXECUTION MANAGER] ⏱️ T2=228682395.341 ms | Thread started (server measured)
execution-manager  | [EXECUTION MANAGER] ⏱️ T3=228685034.401 ms | Task completed (server measured)
execution-manager  | [EXECUTION MANAGER] ⏱️ T4=228685034.838 ms | Result received by client
execution-manager  |    [TASK EXECUTION] 2639.061 ms (T3-T2, measured in thread)
execution-manager  |    [RESULT] {"result": 0}
execution-manager  | 
execution-manager  | ╔═══════════════════════════════════════════════════════════════╗
execution-manager  | ║           END-TO-END TIMING MEASUREMENT RECAP                 ║
execution-manager  | ║                   Task 4: sum4                                 
execution-manager  | ╠═══════════════════════════════════════════════════════════════╣
execution-manager  | ║ T1 (start_request)    = 228682005.189 ms                        ║
execution-manager  | ║ T2 (end_request)      = 228682395.341 ms                        ║
execution-manager  | ║ T3 (start_result)     = 228685034.401 ms                        ║
execution-manager  | ║ T4 (end_result)       = 228685034.838 ms                        ║
execution-manager  | ╠═══════════════════════════════════════════════════════════════╣
execution-manager  | ║ METRICS:                                                      ║
execution-manager  | ║   Request Latency    =      390.152 ms  (T2 - T1)            ║
execution-manager  | ║   Task Execution     =     2639.061 ms  (T3 - T2)            ║
execution-manager  | ║   Response Latency   =        0.437 ms  (T4 - T3)            ║
execution-manager  | ║   Total End-to-End   =     3029.649 ms  (T4 - T1)            ║
execution-manager  | ║   Network Overhead   =      390.588 ms  (Req + Resp)         ║
execution-manager  | ╚═══════════════════════════════════════════════════════════════╝
execution-manager  | 
execution-manager  | [gRPC Client Async] Stream completed, received 1 responses
execution-manager  | [GRPC THREAD 4] Completed
execution-manager  | [SCHEDULER] ✅ T=24997 ms: Task 4 'sum4' completed with status 2
execution-manager  | [SCHEDULER] 🔕 Timeout disarmed for task 4
execution-manager  | [SCHEDULER] 0 tasks remaining
execution-manager  | 
execution-manager  | [SCHEDULER] 🏁 Iteration 45/50 complete!
execution-manager  | [SCHEDULER] Iteration execution time: 24997 ms
execution-manager  | 
execution-manager  | 
execution-manager  | [SCHEDULER] 🔁 ===== ITERATION 46 / 50 =====
execution-manager  | 
execution-manager  | [SCHEDULER] 🚀 Schedule started at T=0
execution-manager  | 
execution-manager  | [SCHEDULER] 🔄 Entering event loop (NO SLEEP - event-driven!)
execution-manager  | 
execution-manager  | [SCHEDULER] ⏰ T=10000 ms | T_wall=228695035.253 ms: Launching task 1 'sum1' (deadline: 30000 ms)
execution-manager  | [SCHEDULER] 🕐 Timeout armed for task 1 at T=30000 ms (in 20000 ms)
execution-manager  | [GRPC THREAD 1] Starting...
execution-manager  | [EXECUTION MANAGER] ⏱️ T1=228695035.395 ms | Sending gRPC request for task 1 'sum1'
execution-manager  | [gRPC Channel Pool] Reusing existing channel for localhost:50051
execution-manager  | [gRPC Client Async] Calling task 'sum1' at localhost:50051
execution-manager  | [gRPC Client Async] Inputs: {"total_ops": 200, "io_percentage": 50}
execution-manager  | [SCHEDULER] ⏰ T=11970 ms | T_wall=228697005.030 ms: Launching task 2 'sum2' (deadline: 31000 ms)
execution-manager  | [SCHEDULER] 🕐 Timeout armed for task 2 at T=31000 ms (in 19030 ms)
execution-manager  | [GRPC THREAD 2] Starting...
execution-manager  | [EXECUTION MANAGER] ⏱️ T1=228697005.195 ms | Sending gRPC request for task 2 'sum2'
execution-manager  | [gRPC Channel Pool] Reusing existing channel for localhost:50052
execution-manager  | [gRPC Client Async] Calling task 'sum2' at localhost:50052
execution-manager  | [gRPC Client Async] Inputs: {"total_ops": 200, "io_percentage": 50}
execution-manager  | [gRPC Client Async] Response #1 - Status: COMPLETED
execution-manager  | 🎉 [T=15036 ms] Task 1 'sum1' COMPLETED
execution-manager  | [EXECUTION MANAGER] ⏱️ T2=228695038.493 ms | Thread started (server measured)
execution-manager  | [EXECUTION MANAGER] ⏱️ T3=228700070.364 ms | Task completed (server measured)
execution-manager  | [EXECUTION MANAGER] ⏱️ T4=228700071.320 ms | Result received by client
execution-manager  |    [TASK EXECUTION] 5031.871 ms (T3-T2, measured in thread)
execution-manager  |    [RESULT] {"result": 0}
execution-manager  | 
execution-manager  | ╔═══════════════════════════════════════════════════════════════╗
execution-manager  | ║           END-TO-END TIMING MEASUREMENT RECAP                 ║
execution-manager  | ║                   Task 1: sum1                                 
execution-manager  | ╠═══════════════════════════════════════════════════════════════╣
execution-manager  | ║ T1 (start_request)    = 228695035.395 ms                        ║
execution-manager  | ║ T2 (end_request)      = 228695038.493 ms                        ║
execution-manager  | ║ T3 (start_result)     = 228700070.364 ms                        ║
execution-manager  | ║ T4 (end_result)       = 228700071.320 ms                        ║
execution-manager  | ╠═══════════════════════════════════════════════════════════════╣
execution-manager  | ║ METRICS:                                                      ║
execution-manager  | ║   Request Latency    =        3.099 ms  (T2 - T1)            ║
execution-manager  | ║   Task Execution     =     5031.871 ms  (T3 - T2)            ║
execution-manager  | ║   Response Latency   =        0.956 ms  (T4 - T3)            ║
execution-manager  | ║   Total End-to-End   =     5035.925 ms  (T4 - T1)            ║
execution-manager  | ║   Network Overhead   =        4.054 ms  (Req + Resp)         ║
execution-manager  | ╚═══════════════════════════════════════════════════════════════╝
execution-manager  | 
execution-manager  | [gRPC Client Async] Stream completed, received 1 responses
execution-manager  | [GRPC THREAD 1] Completed
execution-manager  | [SCHEDULER] ✅ T=15036 ms: Task 1 'sum1' completed with status 2
execution-manager  | [SCHEDULER] 🔕 Timeout disarmed for task 1
execution-manager  | [SCHEDULER] 3 tasks remaining
execution-manager  | [gRPC Client Async] Response #1 - Status: COMPLETED
execution-manager  | 🎉 [T=15037 ms] Task 2 'sum2' COMPLETED
execution-manager  | [EXECUTION MANAGER] ⏱️ T2=228697399.923 ms | Thread started (server measured)
execution-manager  | [EXECUTION MANAGER] ⏱️ T3=228700072.472 ms | Task completed (server measured)
execution-manager  | [EXECUTION MANAGER] ⏱️ T4=228700072.907 ms | Result received by client
execution-manager  |    [TASK EXECUTION] 2672.549 ms (T3-T2, measured in thread)
execution-manager  |    [RESULT] {"result": 0}
execution-manager  | 
execution-manager  | ╔═══════════════════════════════════════════════════════════════╗
execution-manager  | ║           END-TO-END TIMING MEASUREMENT RECAP                 ║
execution-manager  | ║                   Task 2: sum2                                 
execution-manager  | ╠═══════════════════════════════════════════════════════════════╣
execution-manager  | ║ T1 (start_request)    = 228697005.195 ms                        ║
execution-manager  | ║ T2 (end_request)      = 228697399.923 ms                        ║
execution-manager  | ║ T3 (start_result)     = 228700072.472 ms                        ║
execution-manager  | ║ T4 (end_result)       = 228700072.907 ms                        ║
execution-manager  | ╠═══════════════════════════════════════════════════════════════╣
execution-manager  | ║ METRICS:                                                      ║
execution-manager  | ║   Request Latency    =      394.728 ms  (T2 - T1)            ║
execution-manager  | ║   Task Execution     =     2672.549 ms  (T3 - T2)            ║
execution-manager  | ║   Response Latency   =        0.435 ms  (T4 - T3)            ║
execution-manager  | ║   Total End-to-End   =     3067.712 ms  (T4 - T1)            ║
execution-manager  | ║   Network Overhead   =      395.164 ms  (Req + Resp)         ║
execution-manager  | ╚═══════════════════════════════════════════════════════════════╝
execution-manager  | 
execution-manager  | [gRPC Client Async] Stream completed, received 1 responses
execution-manager  | [GRPC THREAD 2] Completed
execution-manager  | [SCHEDULER] ✅ T=15038 ms: Task 2 'sum2' completed with status 2
execution-manager  | [SCHEDULER] 🔕 Timeout disarmed for task 2
execution-manager  | [SCHEDULER] 2 tasks remaining
execution-manager  | [SCHEDULER] ⏰ T=20000 ms | T_wall=228705035.317 ms: Launching task 3 'sum3' (deadline: 40000 ms)
execution-manager  | [SCHEDULER] 🕐 Timeout armed for task 3 at T=40000 ms (in 20000 ms)
execution-manager  | [GRPC THREAD 3] Starting...
execution-manager  | [EXECUTION MANAGER] ⏱️ T1=228705035.462 ms | Sending gRPC request for task 3 'sum3'
execution-manager  | [gRPC Channel Pool] Reusing existing channel for localhost:50053
execution-manager  | [gRPC Client Async] Calling task 'sum3' at localhost:50053
execution-manager  | [gRPC Client Async] Inputs: {"total_ops": 200, "io_percentage": 50}
execution-manager  | [SCHEDULER] ⏰ T=21970 ms | T_wall=228707005.031 ms: Launching task 4 'sum4' (deadline: 41000 ms)
execution-manager  | [SCHEDULER] 🕐 Timeout armed for task 4 at T=41000 ms (in 19030 ms)
execution-manager  | [GRPC THREAD 4] Starting...
execution-manager  | [EXECUTION MANAGER] ⏱️ T1=228707005.199 ms | Sending gRPC request for task 4 'sum4'
execution-manager  | [gRPC Channel Pool] Reusing existing channel for localhost:50054
execution-manager  | [gRPC Client Async] Calling task 'sum4' at localhost:50054
execution-manager  | [gRPC Client Async] Inputs: {"total_ops": 200, "io_percentage": 50}
execution-manager  | [gRPC Client Async] Response #1 - Status: COMPLETED
execution-manager  | 🎉 [T=25010 ms] Task 3 'sum3' COMPLETED
execution-manager  | [EXECUTION MANAGER] ⏱️ T2=228705036.505 ms | Thread started (server measured)
execution-manager  | [EXECUTION MANAGER] ⏱️ T3=228710044.981 ms | Task completed (server measured)
execution-manager  | [EXECUTION MANAGER] ⏱️ T4=228710045.622 ms | Result received by client
execution-manager  |    [TASK EXECUTION] 5008.475 ms (T3-T2, measured in thread)
execution-manager  |    [RESULT] {"result": 0}
execution-manager  | 
execution-manager  | ╔═══════════════════════════════════════════════════════════════╗
execution-manager  | ║           END-TO-END TIMING MEASUREMENT RECAP                 ║
execution-manager  | ║                   Task 3: sum3                                 
execution-manager  | ╠═══════════════════════════════════════════════════════════════╣
execution-manager  | ║ T1 (start_request)    = 228705035.462 ms                        ║
execution-manager  | ║ T2 (end_request)      = 228705036.505 ms                        ║
execution-manager  | ║ T3 (start_result)     = 228710044.981 ms                        ║
execution-manager  | ║ T4 (end_result)       = 228710045.622 ms                        ║
execution-manager  | ╠═══════════════════════════════════════════════════════════════╣
execution-manager  | ║ METRICS:                                                      ║
execution-manager  | ║   Request Latency    =        1.044 ms  (T2 - T1)            ║
execution-manager  | ║   Task Execution     =     5008.475 ms  (T3 - T2)            ║
execution-manager  | ║   Response Latency   =        0.641 ms  (T4 - T3)            ║
execution-manager  | ║   Total End-to-End   =     5010.160 ms  (T4 - T1)            ║
execution-manager  | ║   Network Overhead   =        1.685 ms  (Req + Resp)         ║
execution-manager  | ╚═══════════════════════════════════════════════════════════════╝
execution-manager  | 
execution-manager  | [SCHEDULER] ✅ T=25010 ms: Task 3 'sum3' completed with status 2
execution-manager  | [SCHEDULER] 🔕 Timeout disarmed for task 3
execution-manager  | [SCHEDULER] 1 tasks remaining
execution-manager  | [gRPC Client Async] Stream completed, received 1 responses
execution-manager  | [GRPC THREAD 3] Completed
execution-manager  | [gRPC Client Async] Response #1 - Status: COMPLETED
execution-manager  | 🎉 [T=25012 ms] Task 4 'sum4' COMPLETED
execution-manager  | [EXECUTION MANAGER] ⏱️ T2=228707396.712 ms | Thread started (server measured)
execution-manager  | [EXECUTION MANAGER] ⏱️ T3=228710046.536 ms | Task completed (server measured)
execution-manager  | [EXECUTION MANAGER] ⏱️ T4=228710047.174 ms | Result received by client
execution-manager  |    [TASK EXECUTION] 2649.823 ms (T3-T2, measured in thread)
execution-manager  |    [RESULT] {"result": 0}
execution-manager  | 
execution-manager  | ╔═══════════════════════════════════════════════════════════════╗
execution-manager  | ║           END-TO-END TIMING MEASUREMENT RECAP                 ║
execution-manager  | ║                   Task 4: sum4                                 
execution-manager  | ╠═══════════════════════════════════════════════════════════════╣
execution-manager  | ║ T1 (start_request)    = 228707005.199 ms                        ║
execution-manager  | ║ T2 (end_request)      = 228707396.712 ms                        ║
execution-manager  | ║ T3 (start_result)     = 228710046.536 ms                        ║
execution-manager  | ║ T4 (end_result)       = 228710047.174 ms                        ║
execution-manager  | ╠═══════════════════════════════════════════════════════════════╣
execution-manager  | ║ METRICS:                                                      ║
execution-manager  | ║   Request Latency    =      391.513 ms  (T2 - T1)            ║
execution-manager  | ║   Task Execution     =     2649.823 ms  (T3 - T2)            ║
execution-manager  | ║   Response Latency   =        0.638 ms  (T4 - T3)            ║
execution-manager  | ║   Total End-to-End   =     3041.975 ms  (T4 - T1)            ║
execution-manager  | ║   Network Overhead   =      392.151 ms  (Req + Resp)         ║
execution-manager  | ╚═══════════════════════════════════════════════════════════════╝
execution-manager  | 
execution-manager  | [gRPC Client Async] Stream completed, received 1 responses
execution-manager  | [GRPC THREAD 4] Completed
execution-manager  | [SCHEDULER] ✅ T=25012 ms: Task 4 'sum4' completed with status 2
execution-manager  | [SCHEDULER] 🔕 Timeout disarmed for task 4
execution-manager  | [SCHEDULER] 0 tasks remaining
execution-manager  | 
execution-manager  | [SCHEDULER] 🏁 Iteration 46/50 complete!
execution-manager  | [SCHEDULER] Iteration execution time: 25012 ms
execution-manager  | 
execution-manager  | 
execution-manager  | [SCHEDULER] 🔁 ===== ITERATION 47 / 50 =====
execution-manager  | 
execution-manager  | [SCHEDULER] 🚀 Schedule started at T=0
execution-manager  | 
execution-manager  | [SCHEDULER] 🔄 Entering event loop (NO SLEEP - event-driven!)
execution-manager  | 
execution-manager  | [SCHEDULER] ⏰ T=10000 ms | T_wall=228720047.516 ms: Launching task 1 'sum1' (deadline: 30000 ms)
execution-manager  | [SCHEDULER] 🕐 Timeout armed for task 1 at T=30000 ms (in 20000 ms)
execution-manager  | [GRPC THREAD 1] Starting...
execution-manager  | [EXECUTION MANAGER] ⏱️ T1=228720047.664 ms | Sending gRPC request for task 1 'sum1'
execution-manager  | [gRPC Channel Pool] Reusing existing channel for localhost:50051
execution-manager  | [gRPC Client Async] Calling task 'sum1' at localhost:50051
execution-manager  | [gRPC Client Async] Inputs: {"total_ops": 200, "io_percentage": 50}
execution-manager  | [SCHEDULER] ⏰ T=11958 ms | T_wall=228722005.032 ms: Launching task 2 'sum2' (deadline: 31000 ms)
execution-manager  | [SCHEDULER] 🕐 Timeout armed for task 2 at T=31000 ms (in 19042 ms)
execution-manager  | [GRPC THREAD 2] Starting...
execution-manager  | [EXECUTION MANAGER] ⏱️ T1=228722005.180 ms | Sending gRPC request for task 2 'sum2'
execution-manager  | [gRPC Channel Pool] Reusing existing channel for localhost:50052
execution-manager  | [gRPC Client Async] Calling task 'sum2' at localhost:50052
execution-manager  | [gRPC Client Async] Inputs: {"total_ops": 200, "io_percentage": 50}
execution-manager  | [gRPC Client Async] Response #1 - Status: COMPLETED
execution-manager  | 🎉 [T=15008 ms] Task 1 'sum1' COMPLETED
execution-manager  | [EXECUTION MANAGER] ⏱️ T2=228720050.760 ms | Thread started (server measured)
execution-manager  | [EXECUTION MANAGER] ⏱️ T3=228725055.252 ms | Task completed (server measured)
execution-manager  | [EXECUTION MANAGER] ⏱️ T4=228725055.958 ms | Result received by client
execution-manager  |    [TASK EXECUTION] 5004.492 ms (T3-T2, measured in thread)
execution-manager  |    [RESULT] {"result": 0}
execution-manager  | 
execution-manager  | ╔═══════════════════════════════════════════════════════════════╗
execution-manager  | ║           END-TO-END TIMING MEASUREMENT RECAP                 ║
execution-manager  | ║                   Task 1: sum1                                 
execution-manager  | ╠═══════════════════════════════════════════════════════════════╣
execution-manager  | ║ T1 (start_request)    = 228720047.664 ms                        ║
execution-manager  | ║ T2 (end_request)      = 228720050.760 ms                        ║
execution-manager  | ║ T3 (start_result)     = 228725055.252 ms                        ║
execution-manager  | ║ T4 (end_result)       = 228725055.958 ms                        ║
execution-manager  | ╠═══════════════════════════════════════════════════════════════╣
execution-manager  | ║ METRICS:                                                      ║
execution-manager  | ║   Request Latency    =        3.096 ms  (T2 - T1)            ║
execution-manager  | ║   Task Execution     =     5004.492 ms  (T3 - T2)            ║
execution-manager  | ║   Response Latency   =        0.706 ms  (T4 - T3)            ║
execution-manager  | ║   Total End-to-End   =     5008.294 ms  (T4 - T1)            ║
execution-manager  | ║   Network Overhead   =        3.802 ms  (Req + Resp)         ║
execution-manager  | ╚═══════════════════════════════════════════════════════════════╝
execution-manager  | 
execution-manager  | [SCHEDULER] ✅ T=15009 ms: Task 1 'sum1' completed with status 2
execution-manager  | [SCHEDULER] 🔕 Timeout disarmed for task 1
execution-manager  | [SCHEDULER] 3 tasks remaining
execution-manager  | [gRPC Client Async] Stream completed, received 1 responses
execution-manager  | [GRPC THREAD 1] Completed
execution-manager  | [gRPC Client Async] Response #1 - Status: COMPLETED
execution-manager  | 🎉 [T=15010 ms] Task 2 'sum2' COMPLETED
execution-manager  | [EXECUTION MANAGER] ⏱️ T2=228722399.974 ms | Thread started (server measured)
execution-manager  | [EXECUTION MANAGER] ⏱️ T3=228725056.939 ms | Task completed (server measured)
execution-manager  | [EXECUTION MANAGER] ⏱️ T4=228725057.402 ms | Result received by client
execution-manager  |    [TASK EXECUTION] 2656.965 ms (T3-T2, measured in thread)
execution-manager  |    [RESULT] {"result": 0}
execution-manager  | 
execution-manager  | ╔═══════════════════════════════════════════════════════════════╗
execution-manager  | ║           END-TO-END TIMING MEASUREMENT RECAP                 ║
execution-manager  | ║                   Task 2: sum2                                 
execution-manager  | ╠═══════════════════════════════════════════════════════════════╣
execution-manager  | ║ T1 (start_request)    = 228722005.180 ms                        ║
execution-manager  | ║ T2 (end_request)      = 228722399.974 ms                        ║
execution-manager  | ║ T3 (start_result)     = 228725056.939 ms                        ║
execution-manager  | ║ T4 (end_result)       = 228725057.402 ms                        ║
execution-manager  | ╠═══════════════════════════════════════════════════════════════╣
execution-manager  | ║ METRICS:                                                      ║
execution-manager  | ║   Request Latency    =      394.794 ms  (T2 - T1)            ║
execution-manager  | ║   Task Execution     =     2656.965 ms  (T3 - T2)            ║
execution-manager  | ║   Response Latency   =        0.462 ms  (T4 - T3)            ║
execution-manager  | ║   Total End-to-End   =     3052.222 ms  (T4 - T1)            ║
execution-manager  | ║   Network Overhead   =      395.256 ms  (Req + Resp)         ║
execution-manager  | ╚═══════════════════════════════════════════════════════════════╝
execution-manager  | 
execution-manager  | [gRPC Client Async] Stream completed, received 1 responses
execution-manager  | [GRPC THREAD 2] Completed
execution-manager  | [SCHEDULER] ✅ T=15010 ms: Task 2 'sum2' completed with status 2
execution-manager  | [SCHEDULER] 🔕 Timeout disarmed for task 2
execution-manager  | [SCHEDULER] 2 tasks remaining
execution-manager  | [SCHEDULER] ⏰ T=20000 ms | T_wall=228730047.578 ms: Launching task 3 'sum3' (deadline: 40000 ms)
execution-manager  | [SCHEDULER] 🕐 Timeout armed for task 3 at T=40000 ms (in 20000 ms)
execution-manager  | [GRPC THREAD 3] Starting...
execution-manager  | [EXECUTION MANAGER] ⏱️ T1=228730047.731 ms | Sending gRPC request for task 3 'sum3'
execution-manager  | [gRPC Channel Pool] Reusing existing channel for localhost:50053
execution-manager  | [gRPC Client Async] Calling task 'sum3' at localhost:50053
execution-manager  | [gRPC Client Async] Inputs: {"total_ops": 200, "io_percentage": 50}
execution-manager  | [SCHEDULER] ⏰ T=21958 ms | T_wall=228732005.028 ms: Launching task 4 'sum4' (deadline: 41000 ms)
execution-manager  | [SCHEDULER] 🕐 Timeout armed for task 4 at T=41000 ms (in 19042 ms)
execution-manager  | [GRPC THREAD 4] Starting...
execution-manager  | [EXECUTION MANAGER] ⏱️ T1=228732005.174 ms | Sending gRPC request for task 4 'sum4'
execution-manager  | [gRPC Channel Pool] Reusing existing channel for localhost:50054
execution-manager  | [gRPC Client Async] Calling task 'sum4' at localhost:50054
execution-manager  | [gRPC Client Async] Inputs: {"total_ops": 200, "io_percentage": 50}
execution-manager  | [gRPC Client Async] Response #1 - Status: COMPLETED
execution-manager  | 🎉 [T=24991 ms] Task 3 'sum3' COMPLETED
execution-manager  | [EXECUTION MANAGER] ⏱️ T2=228730048.830 ms | Thread started (server measured)
execution-manager  | [EXECUTION MANAGER] ⏱️ T3=228735037.865 ms | Task completed (server measured)
execution-manager  | [EXECUTION MANAGER] ⏱️ T4=228735038.562 ms | Result received by client
execution-manager  |    [TASK EXECUTION] 4989.035 ms (T3-T2, measured in thread)
execution-manager  |    [RESULT] {"result": 0}
execution-manager  | 
execution-manager  | ╔═══════════════════════════════════════════════════════════════╗
execution-manager  | ║           END-TO-END TIMING MEASUREMENT RECAP                 ║
execution-manager  | ║                   Task 3: sum3                                 
execution-manager  | ╠═══════════════════════════════════════════════════════════════╣
execution-manager  | ║ T1 (start_request)    = 228730047.731 ms                        ║
execution-manager  | ║ T2 (end_request)      = 228730048.830 ms                        ║
execution-manager  | ║ T3 (start_result)     = 228735037.865 ms                        ║
execution-manager  | ║ T4 (end_result)       = 228735038.562 ms                        ║
execution-manager  | ╠═══════════════════════════════════════════════════════════════╣
execution-manager  | ║ METRICS:                                                      ║
execution-manager  | ║   Request Latency    =        1.099 ms  (T2 - T1)            ║
execution-manager  | ║   Task Execution     =     4989.035 ms  (T3 - T2)            ║
execution-manager  | ║   Response Latency   =        0.697 ms  (T4 - T3)            ║
execution-manager  | ║   Total End-to-End   =     4990.831 ms  (T4 - T1)            ║
execution-manager  | ║   Network Overhead   =        1.796 ms  (Req + Resp)         ║
execution-manager  | ╚═══════════════════════════════════════════════════════════════╝
execution-manager  | 
execution-manager  | [SCHEDULER] ✅ T=24991 ms: Task 3 'sum3' completed with status 2
execution-manager  | [SCHEDULER] 🔕 Timeout disarmed for task 3
execution-manager  | [SCHEDULER] 1 tasks remaining
execution-manager  | [gRPC Client Async] Stream completed, received 1 responses
execution-manager  | [GRPC THREAD 3] Completed
execution-manager  | [gRPC Client Async] Response #1 - Status: COMPLETED
execution-manager  | 🎉 [T=24992 ms] Task 4 'sum4' COMPLETED
execution-manager  | [EXECUTION MANAGER] ⏱️ T2=228732396.013 ms | Thread started (server measured)
execution-manager  | [EXECUTION MANAGER] ⏱️ T3=228735039.417 ms | Task completed (server measured)
execution-manager  | [EXECUTION MANAGER] ⏱️ T4=228735039.876 ms | Result received by client
execution-manager  |    [TASK EXECUTION] 2643.404 ms (T3-T2, measured in thread)
execution-manager  |    [RESULT] {"result": 0}
execution-manager  | 
execution-manager  | ╔═══════════════════════════════════════════════════════════════╗
execution-manager  | ║           END-TO-END TIMING MEASUREMENT RECAP                 ║
execution-manager  | ║                   Task 4: sum4                                 
execution-manager  | ╠═══════════════════════════════════════════════════════════════╣
execution-manager  | ║ T1 (start_request)    = 228732005.174 ms                        ║
execution-manager  | ║ T2 (end_request)      = 228732396.013 ms                        ║
execution-manager  | ║ T3 (start_result)     = 228735039.417 ms                        ║
execution-manager  | ║ T4 (end_result)       = 228735039.876 ms                        ║
execution-manager  | ╠═══════════════════════════════════════════════════════════════╣
execution-manager  | ║ METRICS:                                                      ║
execution-manager  | ║   Request Latency    =      390.838 ms  (T2 - T1)            ║
execution-manager  | ║   Task Execution     =     2643.404 ms  (T3 - T2)            ║
execution-manager  | ║   Response Latency   =        0.460 ms  (T4 - T3)            ║
execution-manager  | ║   Total End-to-End   =     3034.702 ms  (T4 - T1)            ║
execution-manager  | ║   Network Overhead   =      391.298 ms  (Req + Resp)         ║
execution-manager  | ╚═══════════════════════════════════════════════════════════════╝
execution-manager  | 
execution-manager  | [gRPC Client Async] Stream completed, received 1 responses
execution-manager  | [GRPC THREAD 4] Completed
execution-manager  | [SCHEDULER] ✅ T=24993 ms: Task 4 'sum4' completed with status 2
execution-manager  | [SCHEDULER] 🔕 Timeout disarmed for task 4
execution-manager  | [SCHEDULER] 0 tasks remaining
execution-manager  | 
execution-manager  | [SCHEDULER] 🏁 Iteration 47/50 complete!
execution-manager  | [SCHEDULER] Iteration execution time: 24993 ms
execution-manager  | 
execution-manager  | 
execution-manager  | [SCHEDULER] 🔁 ===== ITERATION 48 / 50 =====
execution-manager  | 
execution-manager  | [SCHEDULER] 🚀 Schedule started at T=0
execution-manager  | 
execution-manager  | [SCHEDULER] 🔄 Entering event loop (NO SLEEP - event-driven!)
execution-manager  | 
execution-manager  | [SCHEDULER] ⏰ T=10000 ms | T_wall=228745040.279 ms: Launching task 1 'sum1' (deadline: 30000 ms)
execution-manager  | [SCHEDULER] 🕐 Timeout armed for task 1 at T=30000 ms (in 20000 ms)
execution-manager  | [GRPC THREAD 1] Starting...
execution-manager  | [EXECUTION MANAGER] ⏱️ T1=228745040.415 ms | Sending gRPC request for task 1 'sum1'
execution-manager  | [gRPC Channel Pool] Reusing existing channel for localhost:50051
execution-manager  | [gRPC Client Async] Calling task 'sum1' at localhost:50051
execution-manager  | [gRPC Client Async] Inputs: {"total_ops": 200, "io_percentage": 50}
execution-manager  | [SCHEDULER] ⏰ T=11965 ms | T_wall=228747005.027 ms: Launching task 2 'sum2' (deadline: 31000 ms)
execution-manager  | [SCHEDULER] 🕐 Timeout armed for task 2 at T=31000 ms (in 19035 ms)
execution-manager  | [GRPC THREAD 2] Starting...
execution-manager  | [EXECUTION MANAGER] ⏱️ T1=228747005.205 ms | Sending gRPC request for task 2 'sum2'
execution-manager  | [gRPC Channel Pool] Reusing existing channel for localhost:50052
execution-manager  | [gRPC Client Async] Calling task 'sum2' at localhost:50052
execution-manager  | [gRPC Client Async] Inputs: {"total_ops": 200, "io_percentage": 50}
execution-manager  | [gRPC Client Async] Response #1 - Status: COMPLETED
execution-manager  | 🎉 [T=15018 ms] Task 1 'sum1' COMPLETED
execution-manager  | [EXECUTION MANAGER] ⏱️ T2=228745043.618 ms | Thread started (server measured)
execution-manager  | [EXECUTION MANAGER] ⏱️ T3=228750058.316 ms | Task completed (server measured)
execution-manager  | [EXECUTION MANAGER] ⏱️ T4=228750058.987 ms | Result received by client
execution-manager  |    [TASK EXECUTION] 5014.698 ms (T3-T2, measured in thread)
execution-manager  |    [RESULT] {"result": 0}
execution-manager  | 
execution-manager  | ╔═══════════════════════════════════════════════════════════════╗
execution-manager  | ║           END-TO-END TIMING MEASUREMENT RECAP                 ║
execution-manager  | ║                   Task 1: sum1                                 
execution-manager  | ╠═══════════════════════════════════════════════════════════════╣
execution-manager  | ║ T1 (start_request)    = 228745040.415 ms                        ║
execution-manager  | ║ T2 (end_request)      = 228745043.618 ms                        ║
execution-manager  | ║ T3 (start_result)     = 228750058.316 ms                        ║
execution-manager  | ║ T4 (end_result)       = 228750058.987 ms                        ║
execution-manager  | ╠═══════════════════════════════════════════════════════════════╣
execution-manager  | ║ METRICS:                                                      ║
execution-manager  | ║   Request Latency    =        3.202 ms  (T2 - T1)            ║
execution-manager  | ║   Task Execution     =     5014.698 ms  (T3 - T2)            ║
execution-manager  | ║   Response Latency   =        0.672 ms  (T4 - T3)            ║
execution-manager  | ║   Total End-to-End   =     5018.572 ms  (T4 - T1)            ║
execution-manager  | ║   Network Overhead   =        3.874 ms  (Req + Resp)         ║
execution-manager  | ╚═══════════════════════════════════════════════════════════════╝
execution-manager  | 
execution-manager  | [SCHEDULER] ✅ T=15019 ms: Task 1 'sum1' completed with status 2
execution-manager  | [SCHEDULER] 🔕 Timeout disarmed for task 1
execution-manager  | [SCHEDULER] 3 tasks remaining
execution-manager  | [gRPC Client Async] Stream completed, received 1 responses
execution-manager  | [GRPC THREAD 1] Completed
execution-manager  | [gRPC Client Async] Response #1 - Status: COMPLETED
execution-manager  | 🎉 [T=15020 ms] Task 2 'sum2' COMPLETED
execution-manager  | [EXECUTION MANAGER] ⏱️ T2=228747399.765 ms | Thread started (server measured)
execution-manager  | [EXECUTION MANAGER] ⏱️ T3=228750059.978 ms | Task completed (server measured)
execution-manager  | [EXECUTION MANAGER] ⏱️ T4=228750060.442 ms | Result received by client
execution-manager  |    [TASK EXECUTION] 2660.213 ms (T3-T2, measured in thread)
execution-manager  |    [RESULT] {"result": 0}
execution-manager  | 
execution-manager  | ╔═══════════════════════════════════════════════════════════════╗
execution-manager  | ║           END-TO-END TIMING MEASUREMENT RECAP                 ║
execution-manager  | ║                   Task 2: sum2                                 
execution-manager  | ╠═══════════════════════════════════════════════════════════════╣
execution-manager  | ║ T1 (start_request)    = 228747005.205 ms                        ║
execution-manager  | ║ T2 (end_request)      = 228747399.765 ms                        ║
execution-manager  | ║ T3 (start_result)     = 228750059.978 ms                        ║
execution-manager  | ║ T4 (end_result)       = 228750060.442 ms                        ║
execution-manager  | ╠═══════════════════════════════════════════════════════════════╣
execution-manager  | ║ METRICS:                                                      ║
execution-manager  | ║   Request Latency    =      394.560 ms  (T2 - T1)            ║
execution-manager  | ║   Task Execution     =     2660.213 ms  (T3 - T2)            ║
execution-manager  | ║   Response Latency   =        0.464 ms  (T4 - T3)            ║
execution-manager  | ║   Total End-to-End   =     3055.237 ms  (T4 - T1)            ║
execution-manager  | ║   Network Overhead   =      395.024 ms  (Req + Resp)         ║
execution-manager  | ╚═══════════════════════════════════════════════════════════════╝
execution-manager  | 
execution-manager  | [gRPC Client Async] Stream completed, received 1 responses
execution-manager  | [GRPC THREAD 2] Completed
execution-manager  | [SCHEDULER] ✅ T=15020 ms: Task 2 'sum2' completed with status 2
execution-manager  | [SCHEDULER] 🔕 Timeout disarmed for task 2
execution-manager  | [SCHEDULER] 2 tasks remaining
execution-manager  | [SCHEDULER] ⏰ T=20000 ms | T_wall=228755040.343 ms: Launching task 3 'sum3' (deadline: 40000 ms)
execution-manager  | [SCHEDULER] 🕐 Timeout armed for task 3 at T=40000 ms (in 20000 ms)
execution-manager  | [GRPC THREAD 3] Starting...
execution-manager  | [EXECUTION MANAGER] ⏱️ T1=228755040.492 ms | Sending gRPC request for task 3 'sum3'
execution-manager  | [gRPC Channel Pool] Reusing existing channel for localhost:50053
execution-manager  | [gRPC Client Async] Calling task 'sum3' at localhost:50053
execution-manager  | [gRPC Client Async] Inputs: {"total_ops": 200, "io_percentage": 50}
execution-manager  | [SCHEDULER] ⏰ T=21965 ms | T_wall=228757005.027 ms: Launching task 4 'sum4' (deadline: 41000 ms)
execution-manager  | [SCHEDULER] 🕐 Timeout armed for task 4 at T=41000 ms (in 19035 ms)
execution-manager  | [GRPC THREAD 4] Starting...
execution-manager  | [EXECUTION MANAGER] ⏱️ T1=228757005.205 ms | Sending gRPC request for task 4 'sum4'
execution-manager  | [gRPC Channel Pool] Reusing existing channel for localhost:50054
execution-manager  | [gRPC Client Async] Calling task 'sum4' at localhost:50054
execution-manager  | [gRPC Client Async] Inputs: {"total_ops": 200, "io_percentage": 50}
execution-manager  | [gRPC Client Async] Response #1 - Status: COMPLETED
execution-manager  | 🎉 [T=25015 ms] Task 3 'sum3' COMPLETED
execution-manager  | [EXECUTION MANAGER] ⏱️ T2=228755041.709 ms | Thread started (server measured)
execution-manager  | [EXECUTION MANAGER] ⏱️ T3=228760055.230 ms | Task completed (server measured)
execution-manager  | [EXECUTION MANAGER] ⏱️ T4=228760055.881 ms | Result received by client
execution-manager  |    [TASK EXECUTION] 5013.521 ms (T3-T2, measured in thread)
execution-manager  |    [RESULT] {"result": 0}
execution-manager  | 
execution-manager  | ╔═══════════════════════════════════════════════════════════════╗
execution-manager  | ║           END-TO-END TIMING MEASUREMENT RECAP                 ║
execution-manager  | ║                   Task 3: sum3                                 
execution-manager  | ╠═══════════════════════════════════════════════════════════════╣
execution-manager  | ║ T1 (start_request)    = 228755040.492 ms                        ║
execution-manager  | ║ T2 (end_request)      = 228755041.709 ms                        ║
execution-manager  | ║ T3 (start_result)     = 228760055.230 ms                        ║
execution-manager  | ║ T4 (end_result)       = 228760055.881 ms                        ║
execution-manager  | ╠═══════════════════════════════════════════════════════════════╣
execution-manager  | ║ METRICS:                                                      ║
execution-manager  | ║   Request Latency    =        1.217 ms  (T2 - T1)            ║
execution-manager  | ║   Task Execution     =     5013.521 ms  (T3 - T2)            ║
execution-manager  | ║   Response Latency   =        0.651 ms  (T4 - T3)            ║
execution-manager  | ║   Total End-to-End   =     5015.390 ms  (T4 - T1)            ║
execution-manager  | ║   Network Overhead   =        1.869 ms  (Req + Resp)         ║
execution-manager  | ╚═══════════════════════════════════════════════════════════════╝
execution-manager  | 
execution-manager  | [SCHEDULER] ✅ T=25016 ms: Task 3 'sum3' completed with status 2
execution-manager  | [SCHEDULER] 🔕 Timeout disarmed for task 3
execution-manager  | [SCHEDULER] 1 tasks remaining
execution-manager  | [gRPC Client Async] Stream completed, received 1 responses
execution-manager  | [GRPC THREAD 3] Completed
execution-manager  | [gRPC Client Async] Response #1 - Status: COMPLETED
execution-manager  | 🎉 [T=25017 ms] Task 4 'sum4' COMPLETED
execution-manager  | [EXECUTION MANAGER] ⏱️ T2=228757396.167 ms | Thread started (server measured)
execution-manager  | [EXECUTION MANAGER] ⏱️ T3=228760056.760 ms | Task completed (server measured)
execution-manager  | [EXECUTION MANAGER] ⏱️ T4=228760057.210 ms | Result received by client
execution-manager  |    [TASK EXECUTION] 2660.593 ms (T3-T2, measured in thread)
execution-manager  |    [RESULT] {"result": 0}
execution-manager  | 
execution-manager  | ╔═══════════════════════════════════════════════════════════════╗
execution-manager  | ║           END-TO-END TIMING MEASUREMENT RECAP                 ║
execution-manager  | ║                   Task 4: sum4                                 
execution-manager  | ╠═══════════════════════════════════════════════════════════════╣
execution-manager  | ║ T1 (start_request)    = 228757005.205 ms                        ║
execution-manager  | ║ T2 (end_request)      = 228757396.167 ms                        ║
execution-manager  | ║ T3 (start_result)     = 228760056.760 ms                        ║
execution-manager  | ║ T4 (end_result)       = 228760057.210 ms                        ║
execution-manager  | ╠═══════════════════════════════════════════════════════════════╣
execution-manager  | ║ METRICS:                                                      ║
execution-manager  | ║   Request Latency    =      390.961 ms  (T2 - T1)            ║
execution-manager  | ║   Task Execution     =     2660.593 ms  (T3 - T2)            ║
execution-manager  | ║   Response Latency   =        0.450 ms  (T4 - T3)            ║
execution-manager  | ║   Total End-to-End   =     3052.004 ms  (T4 - T1)            ║
execution-manager  | ║   Network Overhead   =      391.411 ms  (Req + Resp)         ║
execution-manager  | ╚═══════════════════════════════════════════════════════════════╝
execution-manager  | 
execution-manager  | [gRPC Client Async] Stream completed, received 1 responses
execution-manager  | [GRPC THREAD 4] Completed
execution-manager  | [SCHEDULER] ✅ T=25017 ms: Task 4 'sum4' completed with status 2
execution-manager  | [SCHEDULER] 🔕 Timeout disarmed for task 4
execution-manager  | [SCHEDULER] 0 tasks remaining
execution-manager  | 
execution-manager  | [SCHEDULER] 🏁 Iteration 48/50 complete!
execution-manager  | [SCHEDULER] Iteration execution time: 25017 ms
execution-manager  | 
execution-manager  | 
execution-manager  | [SCHEDULER] 🔁 ===== ITERATION 49 / 50 =====
execution-manager  | 
execution-manager  | [SCHEDULER] 🚀 Schedule started at T=0
execution-manager  | 
execution-manager  | [SCHEDULER] 🔄 Entering event loop (NO SLEEP - event-driven!)
execution-manager  | 
execution-manager  | [SCHEDULER] ⏰ T=10000 ms | T_wall=228770057.610 ms: Launching task 1 'sum1' (deadline: 30000 ms)
execution-manager  | [SCHEDULER] 🕐 Timeout armed for task 1 at T=30000 ms (in 20000 ms)
execution-manager  | [GRPC THREAD 1] Starting...
execution-manager  | [EXECUTION MANAGER] ⏱️ T1=228770057.750 ms | Sending gRPC request for task 1 'sum1'
execution-manager  | [gRPC Channel Pool] Reusing existing channel for localhost:50051
execution-manager  | [gRPC Client Async] Calling task 'sum1' at localhost:50051
execution-manager  | [gRPC Client Async] Inputs: {"total_ops": 200, "io_percentage": 50}
execution-manager  | [SCHEDULER] ⏰ T=11948 ms | T_wall=228772005.028 ms: Launching task 2 'sum2' (deadline: 31000 ms)
execution-manager  | [SCHEDULER] 🕐 Timeout armed for task 2 at T=31000 ms (in 19052 ms)
execution-manager  | [GRPC THREAD 2] Starting...
execution-manager  | [EXECUTION MANAGER] ⏱️ T1=228772005.179 ms | Sending gRPC request for task 2 'sum2'
execution-manager  | [gRPC Channel Pool] Reusing existing channel for localhost:50052
execution-manager  | [gRPC Client Async] Calling task 'sum2' at localhost:50052
execution-manager  | [gRPC Client Async] Inputs: {"total_ops": 200, "io_percentage": 50}
execution-manager  | [gRPC Client Async] Response #1 - Status: COMPLETED
execution-manager  | 🎉 [T=15002 ms] Task 1 'sum1' COMPLETED
execution-manager  | [EXECUTION MANAGER] ⏱️ T2=228770060.804 ms | Thread started (server measured)
execution-manager  | [EXECUTION MANAGER] ⏱️ T3=228775059.151 ms | Task completed (server measured)
execution-manager  | [EXECUTION MANAGER] ⏱️ T4=228775059.857 ms | Result received by client
execution-manager  |    [TASK EXECUTION] 4998.347 ms (T3-T2, measured in thread)
execution-manager  |    [RESULT] {"result": 0}
execution-manager  | 
execution-manager  | ╔═══════════════════════════════════════════════════════════════╗
execution-manager  | ║           END-TO-END TIMING MEASUREMENT RECAP                 ║
execution-manager  | ║                   Task 1: sum1                                 
execution-manager  | ╠═══════════════════════════════════════════════════════════════╣
execution-manager  | ║ T1 (start_request)    = 228770057.750 ms                        ║
execution-manager  | ║ T2 (end_request)      = 228770060.804 ms                        ║
execution-manager  | ║ T3 (start_result)     = 228775059.151 ms                        ║
execution-manager  | ║ T4 (end_result)       = 228775059.857 ms                        ║
execution-manager  | ╠═══════════════════════════════════════════════════════════════╣
execution-manager  | ║ METRICS:                                                      ║
execution-manager  | ║   Request Latency    =        3.055 ms  (T2 - T1)            ║
execution-manager  | ║   Task Execution     =     4998.347 ms  (T3 - T2)            ║
execution-manager  | ║   Response Latency   =        0.706 ms  (T4 - T3)            ║
execution-manager  | ║   Total End-to-End   =     5002.108 ms  (T4 - T1)            ║
execution-manager  | ║   Network Overhead   =        3.761 ms  (Req + Resp)         ║
execution-manager  | ╚═══════════════════════════════════════════════════════════════╝
execution-manager  | 
execution-manager  | [SCHEDULER] ✅ T=15003 ms: Task 1 'sum1' completed with status 2
execution-manager  | [SCHEDULER] 🔕 Timeout disarmed for task 1
execution-manager  | [SCHEDULER] 3 tasks remaining
execution-manager  | [gRPC Client Async] Stream completed, received 1 responses
execution-manager  | [GRPC THREAD 1] Completed
execution-manager  | [gRPC Client Async] Response #1 - Status: COMPLETED
execution-manager  | 🎉 [T=15004 ms] Task 2 'sum2' COMPLETED
execution-manager  | [EXECUTION MANAGER] ⏱️ T2=228772403.056 ms | Thread started (server measured)
execution-manager  | [EXECUTION MANAGER] ⏱️ T3=228775060.833 ms | Task completed (server measured)
execution-manager  | [EXECUTION MANAGER] ⏱️ T4=228775061.504 ms | Result received by client
execution-manager  |    [TASK EXECUTION] 2657.777 ms (T3-T2, measured in thread)
execution-manager  |    [RESULT] {"result": 0}
execution-manager  | 
execution-manager  | ╔═══════════════════════════════════════════════════════════════╗
execution-manager  | ║           END-TO-END TIMING MEASUREMENT RECAP                 ║
execution-manager  | ║                   Task 2: sum2                                 
execution-manager  | ╠═══════════════════════════════════════════════════════════════╣
execution-manager  | ║ T1 (start_request)    = 228772005.179 ms                        ║
execution-manager  | ║ T2 (end_request)      = 228772403.056 ms                        ║
execution-manager  | ║ T3 (start_result)     = 228775060.833 ms                        ║
execution-manager  | ║ T4 (end_result)       = 228775061.504 ms                        ║
execution-manager  | ╠═══════════════════════════════════════════════════════════════╣
execution-manager  | ║ METRICS:                                                      ║
execution-manager  | ║   Request Latency    =      397.877 ms  (T2 - T1)            ║
execution-manager  | ║   Task Execution     =     2657.777 ms  (T3 - T2)            ║
execution-manager  | ║   Response Latency   =        0.671 ms  (T4 - T3)            ║
execution-manager  | ║   Total End-to-End   =     3056.325 ms  (T4 - T1)            ║
execution-manager  | ║   Network Overhead   =      398.548 ms  (Req + Resp)         ║
execution-manager  | ╚═══════════════════════════════════════════════════════════════╝
execution-manager  | 
execution-manager  | [gRPC Client Async] Stream completed, received 1 responses
execution-manager  | [GRPC THREAD 2] Completed
execution-manager  | [SCHEDULER] ✅ T=15004 ms: Task 2 'sum2' completed with status 2
execution-manager  | [SCHEDULER] 🔕 Timeout disarmed for task 2
execution-manager  | [SCHEDULER] 2 tasks remaining
execution-manager  | [SCHEDULER] ⏰ T=20000 ms | T_wall=228780057.671 ms: Launching task 3 'sum3' (deadline: 40000 ms)
execution-manager  | [SCHEDULER] 🕐 Timeout armed for task 3 at T=40000 ms (in 20000 ms)
execution-manager  | [GRPC THREAD 3] Starting...
execution-manager  | [EXECUTION MANAGER] ⏱️ T1=228780057.817 ms | Sending gRPC request for task 3 'sum3'
execution-manager  | [gRPC Channel Pool] Reusing existing channel for localhost:50053
execution-manager  | [gRPC Client Async] Calling task 'sum3' at localhost:50053
execution-manager  | [gRPC Client Async] Inputs: {"total_ops": 200, "io_percentage": 50}
execution-manager  | [SCHEDULER] ⏰ T=21948 ms | T_wall=228782005.078 ms: Launching task 4 'sum4' (deadline: 41000 ms)
execution-manager  | [SCHEDULER] 🕐 Timeout armed for task 4 at T=41000 ms (in 19052 ms)
execution-manager  | [GRPC THREAD 4] Starting...
execution-manager  | [EXECUTION MANAGER] ⏱️ T1=228782005.235 ms | Sending gRPC request for task 4 'sum4'
execution-manager  | [gRPC Channel Pool] Reusing existing channel for localhost:50054
execution-manager  | [gRPC Client Async] Calling task 'sum4' at localhost:50054
execution-manager  | [gRPC Client Async] Inputs: {"total_ops": 200, "io_percentage": 50}
execution-manager  | [gRPC Client Async] Response #1 - Status: COMPLETED
execution-manager  | 🎉 [T=24984 ms] Task 3 'sum3' COMPLETED
execution-manager  | [EXECUTION MANAGER] ⏱️ T2=228780058.921 ms | Thread started (server measured)
execution-manager  | [EXECUTION MANAGER] ⏱️ T3=228785040.526 ms | Task completed (server measured)
execution-manager  | [EXECUTION MANAGER] ⏱️ T4=228785041.220 ms | Result received by client
execution-manager  |    [TASK EXECUTION] 4981.605 ms (T3-T2, measured in thread)
execution-manager  |    [RESULT] {"result": 0}
execution-manager  | 
execution-manager  | ╔═══════════════════════════════════════════════════════════════╗
execution-manager  | ║           END-TO-END TIMING MEASUREMENT RECAP                 ║
execution-manager  | ║                   Task 3: sum3                                 
execution-manager  | ╠═══════════════════════════════════════════════════════════════╣
execution-manager  | ║ T1 (start_request)    = 228780057.817 ms                        ║
execution-manager  | ║ T2 (end_request)      = 228780058.921 ms                        ║
execution-manager  | ║ T3 (start_result)     = 228785040.526 ms                        ║
execution-manager  | ║ T4 (end_result)       = 228785041.220 ms                        ║
execution-manager  | ╠═══════════════════════════════════════════════════════════════╣
execution-manager  | ║ METRICS:                                                      ║
execution-manager  | ║   Request Latency    =        1.104 ms  (T2 - T1)            ║
execution-manager  | ║   Task Execution     =     4981.605 ms  (T3 - T2)            ║
execution-manager  | ║   Response Latency   =        0.694 ms  (T4 - T3)            ║
execution-manager  | ║   Total End-to-End   =     4983.403 ms  (T4 - T1)            ║
execution-manager  | ║   Network Overhead   =        1.798 ms  (Req + Resp)         ║
execution-manager  | ╚═══════════════════════════════════════════════════════════════╝
execution-manager  | 
execution-manager  | [SCHEDULER] ✅ T=24984 ms: Task 3 'sum3' completed with status 2
execution-manager  | [SCHEDULER] 🔕 Timeout disarmed for task 3
execution-manager  | [SCHEDULER] 1 tasks remaining
execution-manager  | [gRPC Client Async] Stream completed, received 1 responses
execution-manager  | [GRPC THREAD 3] Completed
execution-manager  | [gRPC Client Async] Response #1 - Status: COMPLETED
execution-manager  | 🎉 [T=24985 ms] Task 4 'sum4' COMPLETED
execution-manager  | [EXECUTION MANAGER] ⏱️ T2=228782399.366 ms | Thread started (server measured)
execution-manager  | [EXECUTION MANAGER] ⏱️ T3=228785042.161 ms | Task completed (server measured)
execution-manager  | [EXECUTION MANAGER] ⏱️ T4=228785042.617 ms | Result received by client
execution-manager  |    [TASK EXECUTION] 2642.795 ms (T3-T2, measured in thread)
execution-manager  |    [RESULT] {"result": 0}
execution-manager  | 
execution-manager  | ╔═══════════════════════════════════════════════════════════════╗
execution-manager  | ║           END-TO-END TIMING MEASUREMENT RECAP                 ║
execution-manager  | ║                   Task 4: sum4                                 
execution-manager  | ╠═══════════════════════════════════════════════════════════════╣
execution-manager  | ║ T1 (start_request)    = 228782005.235 ms                        ║
execution-manager  | ║ T2 (end_request)      = 228782399.366 ms                        ║
execution-manager  | ║ T3 (start_result)     = 228785042.161 ms                        ║
execution-manager  | ║ T4 (end_result)       = 228785042.617 ms                        ║
execution-manager  | ╠═══════════════════════════════════════════════════════════════╣
execution-manager  | ║ METRICS:                                                      ║
execution-manager  | ║   Request Latency    =      394.130 ms  (T2 - T1)            ║
execution-manager  | ║   Task Execution     =     2642.795 ms  (T3 - T2)            ║
execution-manager  | ║   Response Latency   =        0.456 ms  (T4 - T3)            ║
execution-manager  | ║   Total End-to-End   =     3037.381 ms  (T4 - T1)            ║
execution-manager  | ║   Network Overhead   =      394.587 ms  (Req + Resp)         ║
execution-manager  | ╚═══════════════════════════════════════════════════════════════╝
execution-manager  | 
execution-manager  | [gRPC Client Async] Stream completed, received 1 responses
execution-manager  | [GRPC THREAD 4] Completed
execution-manager  | [SCHEDULER] ✅ T=24985 ms: Task 4 'sum4' completed with status 2
execution-manager  | [SCHEDULER] 🔕 Timeout disarmed for task 4
execution-manager  | [SCHEDULER] 0 tasks remaining
execution-manager  | 
execution-manager  | [SCHEDULER] 🏁 Iteration 49/50 complete!
execution-manager  | [SCHEDULER] Iteration execution time: 24985 ms
execution-manager  | 
execution-manager  | 
execution-manager  | [SCHEDULER] 🔁 ===== ITERATION 50 / 50 =====
execution-manager  | 
execution-manager  | [SCHEDULER] 🚀 Schedule started at T=0
execution-manager  | 
execution-manager  | [SCHEDULER] 🔄 Entering event loop (NO SLEEP - event-driven!)
execution-manager  | 
execution-manager  | [SCHEDULER] ⏰ T=10001 ms | T_wall=228795043.010 ms: Launching task 1 'sum1' (deadline: 30000 ms)
execution-manager  | [SCHEDULER] 🕐 Timeout armed for task 1 at T=30000 ms (in 19999 ms)
execution-manager  | [GRPC THREAD 1] Starting...
execution-manager  | [EXECUTION MANAGER] ⏱️ T1=228795043.174 ms | Sending gRPC request for task 1 'sum1'
execution-manager  | [gRPC Channel Pool] Reusing existing channel for localhost:50051
execution-manager  | [gRPC Client Async] Calling task 'sum1' at localhost:50051
execution-manager  | [gRPC Client Async] Inputs: {"total_ops": 200, "io_percentage": 50}
execution-manager  | [SCHEDULER] ⏰ T=11963 ms | T_wall=228797005.028 ms: Launching task 2 'sum2' (deadline: 31000 ms)
execution-manager  | [SCHEDULER] 🕐 Timeout armed for task 2 at T=31000 ms (in 19037 ms)
execution-manager  | [GRPC THREAD 2] Starting...
execution-manager  | [EXECUTION MANAGER] ⏱️ T1=228797005.213 ms | Sending gRPC request for task 2 'sum2'
execution-manager  | [gRPC Channel Pool] Reusing existing channel for localhost:50052
execution-manager  | [gRPC Client Async] Calling task 'sum2' at localhost:50052
execution-manager  | [gRPC Client Async] Inputs: {"total_ops": 200, "io_percentage": 50}
execution-manager  | [gRPC Client Async] Response #1 - Status: COMPLETED
execution-manager  | 🎉 [T=15045 ms] Task 1 'sum1' COMPLETED
execution-manager  | [EXECUTION MANAGER] ⏱️ T2=228795047.469 ms | Thread started (server measured)
execution-manager  | [EXECUTION MANAGER] ⏱️ T3=228800086.904 ms | Task completed (server measured)
execution-manager  | [EXECUTION MANAGER] ⏱️ T4=228800087.857 ms | Result received by client
execution-manager  |    [TASK EXECUTION] 5039.435 ms (T3-T2, measured in thread)
execution-manager  |    [RESULT] {"result": 0}
execution-manager  | 
execution-manager  | ╔═══════════════════════════════════════════════════════════════╗
execution-manager  | ║           END-TO-END TIMING MEASUREMENT RECAP                 ║
execution-manager  | ║                   Task 1: sum1                                 
execution-manager  | ╠═══════════════════════════════════════════════════════════════╣
execution-manager  | ║ T1 (start_request)    = 228795043.174 ms                        ║
execution-manager  | ║ T2 (end_request)      = 228795047.469 ms                        ║
execution-manager  | ║ T3 (start_result)     = 228800086.904 ms                        ║
execution-manager  | ║ T4 (end_result)       = 228800087.857 ms                        ║
execution-manager  | ╠═══════════════════════════════════════════════════════════════╣
execution-manager  | ║ METRICS:                                                      ║
execution-manager  | ║   Request Latency    =        4.295 ms  (T2 - T1)            ║
execution-manager  | ║   Task Execution     =     5039.435 ms  (T3 - T2)            ║
execution-manager  | ║   Response Latency   =        0.953 ms  (T4 - T3)            ║
execution-manager  | ║   Total End-to-End   =     5044.683 ms  (T4 - T1)            ║
execution-manager  | ║   Network Overhead   =        5.248 ms  (Req + Resp)         ║
execution-manager  | ╚═══════════════════════════════════════════════════════════════╝
execution-manager  | 
execution-manager  | [gRPC Client Async] Stream completed, received 1 responses
execution-manager  | [GRPC THREAD 1] Completed
execution-manager  | [SCHEDULER] ✅ T=15046 ms: Task 1 'sum1' completed with status 2
execution-manager  | [SCHEDULER] 🔕 Timeout disarmed for task 1
execution-manager  | [SCHEDULER] 3 tasks remaining
execution-manager  | [gRPC Client Async] Response #1 - Status: COMPLETED
execution-manager  | 🎉 [T=15047 ms] Task 2 'sum2' COMPLETED
execution-manager  | [EXECUTION MANAGER] ⏱️ T2=228797402.066 ms | Thread started (server measured)
execution-manager  | [EXECUTION MANAGER] ⏱️ T3=228800088.723 ms | Task completed (server measured)
execution-manager  | [EXECUTION MANAGER] ⏱️ T4=228800089.160 ms | Result received by client
execution-manager  |    [TASK EXECUTION] 2686.657 ms (T3-T2, measured in thread)
execution-manager  |    [RESULT] {"result": 0}
execution-manager  | 
execution-manager  | ╔═══════════════════════════════════════════════════════════════╗
execution-manager  | ║           END-TO-END TIMING MEASUREMENT RECAP                 ║
execution-manager  | ║                   Task 2: sum2                                 
execution-manager  | ╠═══════════════════════════════════════════════════════════════╣
execution-manager  | ║ T1 (start_request)    = 228797005.213 ms                        ║
execution-manager  | ║ T2 (end_request)      = 228797402.066 ms                        ║
execution-manager  | ║ T3 (start_result)     = 228800088.723 ms                        ║
execution-manager  | ║ T4 (end_result)       = 228800089.160 ms                        ║
execution-manager  | ╠═══════════════════════════════════════════════════════════════╣
execution-manager  | ║ METRICS:                                                      ║
execution-manager  | ║   Request Latency    =      396.854 ms  (T2 - T1)            ║
execution-manager  | ║   Task Execution     =     2686.657 ms  (T3 - T2)            ║
execution-manager  | ║   Response Latency   =        0.437 ms  (T4 - T3)            ║
execution-manager  | ║   Total End-to-End   =     3083.947 ms  (T4 - T1)            ║
execution-manager  | ║   Network Overhead   =      397.291 ms  (Req + Resp)         ║
execution-manager  | ╚═══════════════════════════════════════════════════════════════╝
execution-manager  | 
execution-manager  | [gRPC Client Async] Stream completed, received 1 responses
execution-manager  | [GRPC THREAD 2] Completed
execution-manager  | [SCHEDULER] ✅ T=15047 ms: Task 2 'sum2' completed with status 2
execution-manager  | [SCHEDULER] 🔕 Timeout disarmed for task 2
execution-manager  | [SCHEDULER] 2 tasks remaining
execution-manager  | [SCHEDULER] ⏰ T=20001 ms | T_wall=228805043.078 ms: Launching task 3 'sum3' (deadline: 40000 ms)
execution-manager  | [SCHEDULER] 🕐 Timeout armed for task 3 at T=40000 ms (in 19999 ms)
execution-manager  | [GRPC THREAD 3] Starting...
execution-manager  | [EXECUTION MANAGER] ⏱️ T1=228805043.222 ms | Sending gRPC request for task 3 'sum3'
execution-manager  | [gRPC Channel Pool] Reusing existing channel for localhost:50053
execution-manager  | [gRPC Client Async] Calling task 'sum3' at localhost:50053
execution-manager  | [gRPC Client Async] Inputs: {"total_ops": 200, "io_percentage": 50}
execution-manager  | [SCHEDULER] ⏰ T=21963 ms | T_wall=228807005.031 ms: Launching task 4 'sum4' (deadline: 41000 ms)
execution-manager  | [SCHEDULER] 🕐 Timeout armed for task 4 at T=41000 ms (in 19037 ms)
execution-manager  | [GRPC THREAD 4] Starting...
execution-manager  | [EXECUTION MANAGER] ⏱️ T1=228807005.189 ms | Sending gRPC request for task 4 'sum4'
execution-manager  | [gRPC Channel Pool] Reusing existing channel for localhost:50054
execution-manager  | [gRPC Client Async] Calling task 'sum4' at localhost:50054
execution-manager  | [gRPC Client Async] Inputs: {"total_ops": 200, "io_percentage": 50}
execution-manager  | [gRPC Client Async] Response #1 - Status: COMPLETED
execution-manager  | 🎉 [T=25006 ms] Task 3 'sum3' COMPLETED
execution-manager  | [EXECUTION MANAGER] ⏱️ T2=228805044.325 ms | Thread started (server measured)
execution-manager  | [EXECUTION MANAGER] ⏱️ T3=228810047.832 ms | Task completed (server measured)
execution-manager  | [EXECUTION MANAGER] ⏱️ T4=228810048.487 ms | Result received by client
execution-manager  |    [TASK EXECUTION] 5003.507 ms (T3-T2, measured in thread)
execution-manager  |    [RESULT] {"result": 0}
execution-manager  | 
execution-manager  | ╔═══════════════════════════════════════════════════════════════╗
execution-manager  | ║           END-TO-END TIMING MEASUREMENT RECAP                 ║
execution-manager  | ║                   Task 3: sum3                                 
execution-manager  | ╠═══════════════════════════════════════════════════════════════╣
execution-manager  | ║ T1 (start_request)    = 228805043.222 ms                        ║
execution-manager  | ║ T2 (end_request)      = 228805044.325 ms                        ║
execution-manager  | ║ T3 (start_result)     = 228810047.832 ms                        ║
execution-manager  | ║ T4 (end_result)       = 228810048.487 ms                        ║
execution-manager  | ╠═══════════════════════════════════════════════════════════════╣
execution-manager  | ║ METRICS:                                                      ║
execution-manager  | ║   Request Latency    =        1.102 ms  (T2 - T1)            ║
execution-manager  | ║   Task Execution     =     5003.507 ms  (T3 - T2)            ║
execution-manager  | ║   Response Latency   =        0.655 ms  (T4 - T3)            ║
execution-manager  | ║   Total End-to-End   =     5005.265 ms  (T4 - T1)            ║
execution-manager  | ║   Network Overhead   =        1.758 ms  (Req + Resp)         ║
execution-manager  | ╚═══════════════════════════════════════════════════════════════╝
execution-manager  | 
execution-manager  | [SCHEDULER] ✅ T=25006 ms: Task 3 'sum3' completed with status 2
execution-manager  | [SCHEDULER] 🔕 Timeout disarmed for task 3
execution-manager  | [SCHEDULER] 1 tasks remaining
execution-manager  | [gRPC Client Async] Stream completed, received 1 responses
execution-manager  | [GRPC THREAD 3] Completed
execution-manager  | [gRPC Client Async] Response #1 - Status: COMPLETED
execution-manager  | 🎉 [T=25008 ms] Task 4 'sum4' COMPLETED
execution-manager  | [EXECUTION MANAGER] ⏱️ T2=228807395.681 ms | Thread started (server measured)
execution-manager  | [EXECUTION MANAGER] ⏱️ T3=228810049.385 ms | Task completed (server measured)
execution-manager  | [EXECUTION MANAGER] ⏱️ T4=228810050.063 ms | Result received by client
execution-manager  |    [TASK EXECUTION] 2653.704 ms (T3-T2, measured in thread)
execution-manager  |    [RESULT] {"result": 0}
execution-manager  | 
execution-manager  | ╔═══════════════════════════════════════════════════════════════╗
execution-manager  | ║           END-TO-END TIMING MEASUREMENT RECAP                 ║
execution-manager  | ║                   Task 4: sum4                                 
execution-manager  | ╠═══════════════════════════════════════════════════════════════╣
execution-manager  | ║ T1 (start_request)    = 228807005.189 ms                        ║
execution-manager  | ║ T2 (end_request)      = 228807395.681 ms                        ║
execution-manager  | ║ T3 (start_result)     = 228810049.385 ms                        ║
execution-manager  | ║ T4 (end_result)       = 228810050.063 ms                        ║
execution-manager  | ╠═══════════════════════════════════════════════════════════════╣
execution-manager  | ║ METRICS:                                                      ║
execution-manager  | ║   Request Latency    =      390.492 ms  (T2 - T1)            ║
execution-manager  | ║   Task Execution     =     2653.704 ms  (T3 - T2)            ║
execution-manager  | ║   Response Latency   =        0.678 ms  (T4 - T3)            ║
execution-manager  | ║   Total End-to-End   =     3044.873 ms  (T4 - T1)            ║
execution-manager  | ║   Network Overhead   =      391.169 ms  (Req + Resp)         ║
execution-manager  | ╚═══════════════════════════════════════════════════════════════╝
execution-manager  | 
execution-manager  | [gRPC Client Async] Stream completed, received 1 responses
execution-manager  | [GRPC THREAD 4] Completed
execution-manager  | [SCHEDULER] ✅ T=25008 ms: Task 4 'sum4' completed with status 2
execution-manager  | [SCHEDULER] 🔕 Timeout disarmed for task 4
execution-manager  | [SCHEDULER] 0 tasks remaining
execution-manager  | 
execution-manager  | [SCHEDULER] 🏁 Iteration 50/50 complete!
execution-manager  | [SCHEDULER] Iteration execution time: 25008 ms
execution-manager  | 
execution-manager  | 
execution-manager  | [SCHEDULER] 🏁 All 50 iteration(s) completed!
execution-manager  | [SCHEDULER] Total execution time: 25008 ms
execution-manager  | 
execution-manager  | Test Suite Finished Successfully.
[Kexecution-manager exited with code 0
