 Container execution-manager  Recreate
 Container execution-manager  Recreated
Attaching to execution-manager
execution-manager  | ============================================
execution-manager  |    DUAL PRIORITY QUEUE ARCHITECTURE TESTER  
execution-manager  | ============================================
execution-manager  | 
execution-manager  | ✅ Execution Manager running with SCHED_FIFO priority 90
execution-manager  |    This ensures precise timing and prevents preemption by tasks
execution-manager  | 
execution-manager  | 
execution-manager  | [Redis] Reading schedule from Redis...
execution-manager  | 
execution-manager  | === REDIS DATA ===
execution-manager  | Schedule: Configurable CPU/IO Benchmark (v0.0.0)
execution-manager  | Number of tasks: 4
execution-manager  | Iterations: 25
execution-manager  | 
execution-manager  | Tasks:
execution-manager  |   1. Task: sum
execution-manager  |      Policy: fifo, Priority: 50, Start: 10 ms
execution-manager  |      Inputs: {"total_ops": {"type": "int", "value": 1000}, "io_percentage": {"type": "int", "value": 50}}
execution-manager  | 
execution-manager  |   2. Task: sum
execution-manager  |      Policy: fifo, Priority: 50, Start: 20 ms
execution-manager  |      Inputs: {"total_ops": {"type": "int", "value": 1000}, "io_percentage": {"type": "int", "value": 50}}
execution-manager  | 
execution-manager  |   3. Task: sum
execution-manager  |      Policy: fifo, Priority: 50, Start: 30 ms
execution-manager  |      Inputs: {"total_ops": {"type": "int", "value": 1000}, "io_percentage": {"type": "int", "value": 50}}
execution-manager  | 
execution-manager  |   4. Task: sum
execution-manager  |      Policy: fifo, Priority: 50, Start: 40 ms
execution-manager  |      Inputs: {"total_ops": {"type": "int", "value": 1000}, "io_percentage": {"type": "int", "value": 50}}
execution-manager  | 
execution-manager  | ==================
execution-manager  | 
execution-manager  | 
execution-manager  | ============================================
execution-manager  |    REAL-TIME EVENT-DRIVEN SCHEDULER
execution-manager  | ============================================
execution-manager  | 
execution-manager  | [SCHEDULER] 🚀 Loading schedule: 4 task(s), 25 iteration(s)
execution-manager  | 
execution-manager  | [SCHEDULER] DEBUG - Task 1: start_time=10 s, deadline=30 s (parsed from Redis)
execution-manager  | [SCHEDULER] 📋 Task 1 'sum': start=10000 ms, deadline=30000 ms
execution-manager  | [SCHEDULER] DEBUG - Task 2: start_time=20 s, deadline=40 s (parsed from Redis)
execution-manager  | [SCHEDULER] 📋 Task 2 'sum': start=20000 ms, deadline=40000 ms
execution-manager  | [SCHEDULER] DEBUG - Task 3: start_time=30 s, deadline=50 s (parsed from Redis)
execution-manager  | [SCHEDULER] 📋 Task 3 'sum': start=30000 ms, deadline=50000 ms
execution-manager  | [SCHEDULER] DEBUG - Task 4: start_time=40 s, deadline=60 s (parsed from Redis)
execution-manager  | [SCHEDULER] 📋 Task 4 'sum': start=40000 ms, deadline=60000 ms
execution-manager  | 
execution-manager  | [SCHEDULER] 🔁 ===== ITERATION 1 / 25 =====
execution-manager  | 
execution-manager  | [SCHEDULER] 🚀 Schedule started at T=0
execution-manager  | 
execution-manager  | [SCHEDULER] 🔄 Entering event loop (NO SLEEP - event-driven!)
execution-manager  | 
execution-manager  | [SCHEDULER] ⏰ T=10000 ms: Launching task 1 'sum' (deadline: 30000 ms)
execution-manager  | [SCHEDULER] 🕐 Timeout armed for task 1 at T=30000 ms (in 20000 ms)
execution-manager  | [GRPC THREAD 1] Starting...
execution-manager  | [EXECUTION MANAGER] ⏱️ T1=17267204.780 ms | Sending gRPC request for task 1 'sum'
execution-manager  | [gRPC Channel Pool] Creating new channel for localhost:50051
execution-manager  | [gRPC Client Async] Calling task 'sum' at localhost:50051
execution-manager  | [gRPC Client Async] Inputs: {"total_ops": 1000, "io_percentage": 50}
execution-manager  | [gRPC Client Async] Response #1 - Status: COMPLETED
execution-manager  | 🎉 [T=12134 ms] Task 1 'sum' COMPLETED
execution-manager  | [EXECUTION MANAGER] ⏱️ T2=17267231.798 ms | Thread started (server measured)
execution-manager  | [EXECUTION MANAGER] ⏱️ T3=17269337.794 ms | Task completed (server measured)
execution-manager  | [EXECUTION MANAGER] ⏱️ T4=17269338.591 ms | Result received by client
execution-manager  |    [TASK EXECUTION] 2105.997 ms (T3-T2, measured in thread)
execution-manager  |    [RESULT] {"result": 0}
execution-manager  | 
execution-manager  | ╔═══════════════════════════════════════════════════════════════╗
execution-manager  | ║           END-TO-END TIMING MEASUREMENT RECAP                 ║
execution-manager  | ║                   Task 1: sum                                 
execution-manager  | ╠═══════════════════════════════════════════════════════════════╣
execution-manager  | ║ T1 (start_request)    = 17267204.780 ms                        ║
execution-manager  | ║ T2 (end_request)      = 17267231.798 ms                        ║
execution-manager  | ║ T3 (start_result)     = 17269337.794 ms                        ║
execution-manager  | ║ T4 (end_result)       = 17269338.591 ms                        ║
execution-manager  | ╠═══════════════════════════════════════════════════════════════╣
execution-manager  | ║ METRICS:                                                      ║
execution-manager  | ║   Request Latency    =       27.018 ms  (T2 - T1)            ║
execution-manager  | ║   Task Execution     =     2105.997 ms  (T3 - T2)            ║
execution-manager  | ║   Response Latency   =        0.796 ms  (T4 - T3)            ║
execution-manager  | ║   Total End-to-End   =     2133.811 ms  (T4 - T1)            ║
execution-manager  | ║   Network Overhead   =       27.814 ms  (Req + Resp)         ║
execution-manager  | ╚═══════════════════════════════════════════════════════════════╝
execution-manager  | 
execution-manager  | [gRPC Client Async] Stream completed, received 1 responses
execution-manager  | [GRPC THREAD 1] Completed
execution-manager  | [SCHEDULER] ✅ T=12135 ms: Task 1 'sum' completed with status 2
execution-manager  | [SCHEDULER] 🔕 Timeout disarmed for task 1
execution-manager  | [SCHEDULER] 3 tasks remaining
execution-manager  | [SCHEDULER] ⏰ T=20000 ms: Launching task 2 'sum' (deadline: 40000 ms)
execution-manager  | [SCHEDULER] 🕐 Timeout armed for task 2 at T=40000 ms (in 20000 ms)
execution-manager  | [GRPC THREAD 2] Starting...
execution-manager  | [EXECUTION MANAGER] ⏱️ T1=17277204.824 ms | Sending gRPC request for task 2 'sum'
execution-manager  | [gRPC Channel Pool] Reusing existing channel for localhost:50051
execution-manager  | [gRPC Client Async] Calling task 'sum' at localhost:50051
execution-manager  | [gRPC Client Async] Inputs: {"total_ops": 1000, "io_percentage": 50}
execution-manager  | [gRPC Client Async] Response #1 - Status: COMPLETED
execution-manager  | 🎉 [T=22107 ms] Task 2 'sum' COMPLETED
execution-manager  | [EXECUTION MANAGER] ⏱️ T2=17277205.965 ms | Thread started (server measured)
execution-manager  | [EXECUTION MANAGER] ⏱️ T3=17279310.479 ms | Task completed (server measured)
execution-manager  | [EXECUTION MANAGER] ⏱️ T4=17279311.204 ms | Result received by client
execution-manager  |    [TASK EXECUTION] 2104.514 ms (T3-T2, measured in thread)
execution-manager  |    [RESULT] {"result": 0}
execution-manager  | 
execution-manager  | ╔═══════════════════════════════════════════════════════════════╗
execution-manager  | ║           END-TO-END TIMING MEASUREMENT RECAP                 ║
execution-manager  | ║                   Task 2: sum                                 
execution-manager  | ╠═══════════════════════════════════════════════════════════════╣
execution-manager  | ║ T1 (start_request)    = 17277204.824 ms                        ║
execution-manager  | ║ T2 (end_request)      = 17277205.965 ms                        ║
execution-manager  | ║ T3 (start_result)     = 17279310.479 ms                        ║
execution-manager  | ║ T4 (end_result)       = 17279311.204 ms                        ║
execution-manager  | ╠═══════════════════════════════════════════════════════════════╣
execution-manager  | ║ METRICS:                                                      ║
execution-manager  | ║   Request Latency    =        1.141 ms  (T2 - T1)            ║
execution-manager  | ║   Task Execution     =     2104.514 ms  (T3 - T2)            ║
execution-manager  | ║   Response Latency   =        0.724 ms  (T4 - T3)            ║
execution-manager  | ║   Total End-to-End   =     2106.380 ms  (T4 - T1)            ║
execution-manager  | ║   Network Overhead   =        1.866 ms  (Req + Resp)         ║
execution-manager  | ╚═══════════════════════════════════════════════════════════════╝
execution-manager  | 
execution-manager  | [gRPC Client Async] Stream completed, received 1 responses
execution-manager  | [GRPC THREAD 2] Completed
execution-manager  | [SCHEDULER] ✅ T=22107 ms: Task 2 'sum' completed with status 2
execution-manager  | [SCHEDULER] 🔕 Timeout disarmed for task 2
execution-manager  | [SCHEDULER] 2 tasks remaining
execution-manager  | [SCHEDULER] ⏰ T=30000 ms: Launching task 3 'sum' (deadline: 50000 ms)
execution-manager  | [SCHEDULER] 🕐 Timeout armed for task 3 at T=50000 ms (in 20000 ms)
execution-manager  | [GRPC THREAD 3] Starting...
execution-manager  | [EXECUTION MANAGER] ⏱️ T1=17287204.755 ms | Sending gRPC request for task 3 'sum'
execution-manager  | [gRPC Channel Pool] Reusing existing channel for localhost:50051
execution-manager  | [gRPC Client Async] Calling task 'sum' at localhost:50051
execution-manager  | [gRPC Client Async] Inputs: {"total_ops": 1000, "io_percentage": 50}
execution-manager  | [gRPC Client Async] Response #1 - Status: COMPLETED
execution-manager  | 🎉 [T=32103 ms] Task 3 'sum' COMPLETED
execution-manager  | [EXECUTION MANAGER] ⏱️ T2=17287205.757 ms | Thread started (server measured)
execution-manager  | [EXECUTION MANAGER] ⏱️ T3=17289306.408 ms | Task completed (server measured)
execution-manager  | [EXECUTION MANAGER] ⏱️ T4=17289307.114 ms | Result received by client
execution-manager  |    [TASK EXECUTION] 2100.650 ms (T3-T2, measured in thread)
execution-manager  |    [RESULT] {"result": 0}
execution-manager  | 
execution-manager  | ╔═══════════════════════════════════════════════════════════════╗
execution-manager  | ║           END-TO-END TIMING MEASUREMENT RECAP                 ║
execution-manager  | ║                   Task 3: sum                                 
execution-manager  | ╠═══════════════════════════════════════════════════════════════╣
execution-manager  | ║ T1 (start_request)    = 17287204.755 ms                        ║
execution-manager  | ║ T2 (end_request)      = 17287205.757 ms                        ║
execution-manager  | ║ T3 (start_result)     = 17289306.408 ms                        ║
execution-manager  | ║ T4 (end_result)       = 17289307.114 ms                        ║
execution-manager  | ╠═══════════════════════════════════════════════════════════════╣
execution-manager  | ║ METRICS:                                                      ║
execution-manager  | ║   Request Latency    =        1.002 ms  (T2 - T1)            ║
execution-manager  | ║   Task Execution     =     2100.650 ms  (T3 - T2)            ║
execution-manager  | ║   Response Latency   =        0.707 ms  (T4 - T3)            ║
execution-manager  | ║   Total End-to-End   =     2102.359 ms  (T4 - T1)            ║
execution-manager  | ║   Network Overhead   =        1.709 ms  (Req + Resp)         ║
execution-manager  | ╚═══════════════════════════════════════════════════════════════╝
execution-manager  | 
execution-manager  | [gRPC Client Async] Stream completed, received 1 responses
execution-manager  | [GRPC THREAD 3] Completed
execution-manager  | [SCHEDULER] ✅ T=32103 ms: Task 3 'sum' completed with status 2
execution-manager  | [SCHEDULER] 🔕 Timeout disarmed for task 3
execution-manager  | [SCHEDULER] 1 tasks remaining
execution-manager  | [SCHEDULER] ⏰ T=40000 ms: Launching task 4 'sum' (deadline: 60000 ms)
execution-manager  | [SCHEDULER] 🕐 Timeout armed for task 4 at T=60000 ms (in 20000 ms)
execution-manager  | [GRPC THREAD 4] Starting...
execution-manager  | [EXECUTION MANAGER] ⏱️ T1=17297204.799 ms | Sending gRPC request for task 4 'sum'
execution-manager  | [gRPC Channel Pool] Reusing existing channel for localhost:50051
execution-manager  | [gRPC Client Async] Calling task 'sum' at localhost:50051
execution-manager  | [gRPC Client Async] Inputs: {"total_ops": 1000, "io_percentage": 50}
execution-manager  | [gRPC Client Async] Response #1 - Status: COMPLETED
execution-manager  | 🎉 [T=42096 ms] Task 4 'sum' COMPLETED
execution-manager  | [EXECUTION MANAGER] ⏱️ T2=17297205.909 ms | Thread started (server measured)
execution-manager  | [EXECUTION MANAGER] ⏱️ T3=17299299.703 ms | Task completed (server measured)
execution-manager  | [EXECUTION MANAGER] ⏱️ T4=17299300.469 ms | Result received by client
execution-manager  |    [TASK EXECUTION] 2093.794 ms (T3-T2, measured in thread)
execution-manager  |    [RESULT] {"result": 0}
execution-manager  | 
execution-manager  | ╔═══════════════════════════════════════════════════════════════╗
execution-manager  | ║           END-TO-END TIMING MEASUREMENT RECAP                 ║
execution-manager  | ║                   Task 4: sum                                 
execution-manager  | ╠═══════════════════════════════════════════════════════════════╣
execution-manager  | ║ T1 (start_request)    = 17297204.799 ms                        ║
execution-manager  | ║ T2 (end_request)      = 17297205.909 ms                        ║
execution-manager  | ║ T3 (start_result)     = 17299299.703 ms                        ║
execution-manager  | ║ T4 (end_result)       = 17299300.469 ms                        ║
execution-manager  | ╠═══════════════════════════════════════════════════════════════╣
execution-manager  | ║ METRICS:                                                      ║
execution-manager  | ║   Request Latency    =        1.110 ms  (T2 - T1)            ║
execution-manager  | ║   Task Execution     =     2093.794 ms  (T3 - T2)            ║
execution-manager  | ║   Response Latency   =        0.767 ms  (T4 - T3)            ║
execution-manager  | ║   Total End-to-End   =     2095.670 ms  (T4 - T1)            ║
execution-manager  | ║   Network Overhead   =        1.877 ms  (Req + Resp)         ║
execution-manager  | ╚═══════════════════════════════════════════════════════════════╝
execution-manager  | 
execution-manager  | [gRPC Client Async] Stream completed, received 1 responses
execution-manager  | [GRPC THREAD 4] Completed
execution-manager  | [SCHEDULER] ✅ T=42096 ms: Task 4 'sum' completed with status 2
execution-manager  | [SCHEDULER] 🔕 Timeout disarmed for task 4
execution-manager  | [SCHEDULER] 0 tasks remaining
execution-manager  | 
execution-manager  | [SCHEDULER] 🏁 Iteration 1/25 complete!
execution-manager  | [SCHEDULER] Iteration execution time: 42096 ms
execution-manager  | 
execution-manager  | 
execution-manager  | [SCHEDULER] 🔁 ===== ITERATION 2 / 25 =====
execution-manager  | 
execution-manager  | [SCHEDULER] 🚀 Schedule started at T=0
execution-manager  | 
execution-manager  | [SCHEDULER] 🔄 Entering event loop (NO SLEEP - event-driven!)
execution-manager  | 
execution-manager  | [SCHEDULER] ⏰ T=10000 ms: Launching task 1 'sum' (deadline: 30000 ms)
execution-manager  | [SCHEDULER] 🕐 Timeout armed for task 1 at T=30000 ms (in 19999 ms)
execution-manager  | [GRPC THREAD 1] Starting...
execution-manager  | [EXECUTION MANAGER] ⏱️ T1=17309301.094 ms | Sending gRPC request for task 1 'sum'
execution-manager  | [gRPC Channel Pool] Reusing existing channel for localhost:50051
execution-manager  | [gRPC Client Async] Calling task 'sum' at localhost:50051
execution-manager  | [gRPC Client Async] Inputs: {"total_ops": 1000, "io_percentage": 50}
execution-manager  | [gRPC Client Async] Response #1 - Status: COMPLETED
execution-manager  | 🎉 [T=12129 ms] Task 1 'sum' COMPLETED
execution-manager  | [EXECUTION MANAGER] ⏱️ T2=17309302.090 ms | Thread started (server measured)
execution-manager  | [EXECUTION MANAGER] ⏱️ T3=17311428.742 ms | Task completed (server measured)
execution-manager  | [EXECUTION MANAGER] ⏱️ T4=17311429.843 ms | Result received by client
execution-manager  |    [TASK EXECUTION] 2126.652 ms (T3-T2, measured in thread)
execution-manager  |    [RESULT] {"result": 0}
execution-manager  | 
execution-manager  | ╔═══════════════════════════════════════════════════════════════╗
execution-manager  | ║           END-TO-END TIMING MEASUREMENT RECAP                 ║
execution-manager  | ║                   Task 1: sum                                 
execution-manager  | ╠═══════════════════════════════════════════════════════════════╣
execution-manager  | ║ T1 (start_request)    = 17309301.094 ms                        ║
execution-manager  | ║ T2 (end_request)      = 17309302.090 ms                        ║
execution-manager  | ║ T3 (start_result)     = 17311428.742 ms                        ║
execution-manager  | ║ T4 (end_result)       = 17311429.843 ms                        ║
execution-manager  | ╠═══════════════════════════════════════════════════════════════╣
execution-manager  | ║ METRICS:                                                      ║
execution-manager  | ║   Request Latency    =        0.996 ms  (T2 - T1)            ║
execution-manager  | ║   Task Execution     =     2126.652 ms  (T3 - T2)            ║
execution-manager  | ║   Response Latency   =        1.101 ms  (T4 - T3)            ║
execution-manager  | ║   Total End-to-End   =     2128.749 ms  (T4 - T1)            ║
execution-manager  | ║   Network Overhead   =        2.097 ms  (Req + Resp)         ║
execution-manager  | ╚═══════════════════════════════════════════════════════════════╝
execution-manager  | 
execution-manager  | [gRPC Client Async] Stream completed, received 1 responses
execution-manager  | [GRPC THREAD 1] Completed
execution-manager  | [SCHEDULER] ✅ T=12130 ms: Task 1 'sum' completed with status 2
execution-manager  | [SCHEDULER] 🔕 Timeout disarmed for task 1
execution-manager  | [SCHEDULER] 3 tasks remaining
execution-manager  | [SCHEDULER] ⏰ T=20000 ms: Launching task 2 'sum' (deadline: 40000 ms)
execution-manager  | [SCHEDULER] 🕐 Timeout armed for task 2 at T=40000 ms (in 19999 ms)
execution-manager  | [GRPC THREAD 2] Starting...
execution-manager  | [EXECUTION MANAGER] ⏱️ T1=17319301.129 ms | Sending gRPC request for task 2 'sum'
execution-manager  | [gRPC Channel Pool] Reusing existing channel for localhost:50051
execution-manager  | [gRPC Client Async] Calling task 'sum' at localhost:50051
execution-manager  | [gRPC Client Async] Inputs: {"total_ops": 1000, "io_percentage": 50}
execution-manager  | [gRPC Client Async] Response #1 - Status: COMPLETED
execution-manager  | 🎉 [T=22096 ms] Task 2 'sum' COMPLETED
execution-manager  | [EXECUTION MANAGER] ⏱️ T2=17319302.070 ms | Thread started (server measured)
execution-manager  | [EXECUTION MANAGER] ⏱️ T3=17321396.032 ms | Task completed (server measured)
execution-manager  | [EXECUTION MANAGER] ⏱️ T4=17321396.827 ms | Result received by client
execution-manager  |    [TASK EXECUTION] 2093.962 ms (T3-T2, measured in thread)
execution-manager  |    [RESULT] {"result": 0}
execution-manager  | 
execution-manager  | ╔═══════════════════════════════════════════════════════════════╗
execution-manager  | ║           END-TO-END TIMING MEASUREMENT RECAP                 ║
execution-manager  | ║                   Task 2: sum                                 
execution-manager  | ╠═══════════════════════════════════════════════════════════════╣
execution-manager  | ║ T1 (start_request)    = 17319301.129 ms                        ║
execution-manager  | ║ T2 (end_request)      = 17319302.070 ms                        ║
execution-manager  | ║ T3 (start_result)     = 17321396.032 ms                        ║
execution-manager  | ║ T4 (end_result)       = 17321396.827 ms                        ║
execution-manager  | ╠═══════════════════════════════════════════════════════════════╣
execution-manager  | ║ METRICS:                                                      ║
execution-manager  | ║   Request Latency    =        0.941 ms  (T2 - T1)            ║
execution-manager  | ║   Task Execution     =     2093.962 ms  (T3 - T2)            ║
execution-manager  | ║   Response Latency   =        0.795 ms  (T4 - T3)            ║
execution-manager  | ║   Total End-to-End   =     2095.699 ms  (T4 - T1)            ║
execution-manager  | ║   Network Overhead   =        1.737 ms  (Req + Resp)         ║
execution-manager  | ╚═══════════════════════════════════════════════════════════════╝
execution-manager  | 
execution-manager  | [gRPC Client Async] Stream completed, received 1 responses
execution-manager  | [GRPC THREAD 2] Completed
execution-manager  | [SCHEDULER] ✅ T=22097 ms: Task 2 'sum' completed with status 2
execution-manager  | [SCHEDULER] 🔕 Timeout disarmed for task 2
execution-manager  | [SCHEDULER] 2 tasks remaining
execution-manager  | [SCHEDULER] ⏰ T=30001 ms: Launching task 3 'sum' (deadline: 50000 ms)
execution-manager  | [SCHEDULER] 🕐 Timeout armed for task 3 at T=50000 ms (in 19999 ms)
execution-manager  | [GRPC THREAD 3] Starting...
execution-manager  | [EXECUTION MANAGER] ⏱️ T1=17329301.156 ms | Sending gRPC request for task 3 'sum'
execution-manager  | [gRPC Channel Pool] Reusing existing channel for localhost:50051
execution-manager  | [gRPC Client Async] Calling task 'sum' at localhost:50051
execution-manager  | [gRPC Client Async] Inputs: {"total_ops": 1000, "io_percentage": 50}
execution-manager  | [gRPC Client Async] Response #1 - Status: COMPLETED
execution-manager  | 🎉 [T=32101 ms] Task 3 'sum' COMPLETED
execution-manager  | [EXECUTION MANAGER] ⏱️ T2=17329302.267 ms | Thread started (server measured)
execution-manager  | [EXECUTION MANAGER] ⏱️ T3=17331400.330 ms | Task completed (server measured)
execution-manager  | [EXECUTION MANAGER] ⏱️ T4=17331401.207 ms | Result received by client
execution-manager  |    [TASK EXECUTION] 2098.063 ms (T3-T2, measured in thread)
execution-manager  |    [RESULT] {"result": 0}
execution-manager  | 
execution-manager  | ╔═══════════════════════════════════════════════════════════════╗
execution-manager  | ║           END-TO-END TIMING MEASUREMENT RECAP                 ║
execution-manager  | ║                   Task 3: sum                                 
execution-manager  | ╠═══════════════════════════════════════════════════════════════╣
execution-manager  | ║ T1 (start_request)    = 17329301.156 ms                        ║
execution-manager  | ║ T2 (end_request)      = 17329302.267 ms                        ║
execution-manager  | ║ T3 (start_result)     = 17331400.330 ms                        ║
execution-manager  | ║ T4 (end_result)       = 17331401.207 ms                        ║
execution-manager  | ╠═══════════════════════════════════════════════════════════════╣
execution-manager  | ║ METRICS:                                                      ║
execution-manager  | ║   Request Latency    =        1.111 ms  (T2 - T1)            ║
execution-manager  | ║   Task Execution     =     2098.063 ms  (T3 - T2)            ║
execution-manager  | ║   Response Latency   =        0.877 ms  (T4 - T3)            ║
execution-manager  | ║   Total End-to-End   =     2100.051 ms  (T4 - T1)            ║
execution-manager  | ║   Network Overhead   =        1.988 ms  (Req + Resp)         ║
execution-manager  | ╚═══════════════════════════════════════════════════════════════╝
execution-manager  | 
execution-manager  | [gRPC Client Async] Stream completed, received 1 responses
execution-manager  | [GRPC THREAD 3] Completed
execution-manager  | [SCHEDULER] ✅ T=32101 ms: Task 3 'sum' completed with status 2
execution-manager  | [SCHEDULER] 🔕 Timeout disarmed for task 3
execution-manager  | [SCHEDULER] 1 tasks remaining
execution-manager  | [SCHEDULER] ⏰ T=40001 ms: Launching task 4 'sum' (deadline: 60000 ms)
execution-manager  | [SCHEDULER] 🕐 Timeout armed for task 4 at T=60000 ms (in 19999 ms)
execution-manager  | [GRPC THREAD 4] Starting...
execution-manager  | [EXECUTION MANAGER] ⏱️ T1=17339301.176 ms | Sending gRPC request for task 4 'sum'
execution-manager  | [gRPC Channel Pool] Reusing existing channel for localhost:50051
execution-manager  | [gRPC Client Async] Calling task 'sum' at localhost:50051
execution-manager  | [gRPC Client Async] Inputs: {"total_ops": 1000, "io_percentage": 50}
execution-manager  | [gRPC Client Async] Response #1 - Status: COMPLETED
execution-manager  | 🎉 [T=42122 ms] Task 4 'sum' COMPLETED
execution-manager  | [EXECUTION MANAGER] ⏱️ T2=17339302.196 ms | Thread started (server measured)
execution-manager  | [EXECUTION MANAGER] ⏱️ T3=17341421.506 ms | Task completed (server measured)
execution-manager  | [EXECUTION MANAGER] ⏱️ T4=17341422.157 ms | Result received by client
execution-manager  |    [TASK EXECUTION] 2119.310 ms (T3-T2, measured in thread)
execution-manager  |    [RESULT] {"result": 0}
execution-manager  | 
execution-manager  | ╔═══════════════════════════════════════════════════════════════╗
execution-manager  | ║           END-TO-END TIMING MEASUREMENT RECAP                 ║
execution-manager  | ║                   Task 4: sum                                 
execution-manager  | ╠═══════════════════════════════════════════════════════════════╣
execution-manager  | ║ T1 (start_request)    = 17339301.176 ms                        ║
execution-manager  | ║ T2 (end_request)      = 17339302.196 ms                        ║
execution-manager  | ║ T3 (start_result)     = 17341421.506 ms                        ║
execution-manager  | ║ T4 (end_result)       = 17341422.157 ms                        ║
execution-manager  | ╠═══════════════════════════════════════════════════════════════╣
execution-manager  | ║ METRICS:                                                      ║
execution-manager  | ║   Request Latency    =        1.020 ms  (T2 - T1)            ║
execution-manager  | ║   Task Execution     =     2119.310 ms  (T3 - T2)            ║
execution-manager  | ║   Response Latency   =        0.651 ms  (T4 - T3)            ║
execution-manager  | ║   Total End-to-End   =     2120.981 ms  (T4 - T1)            ║
execution-manager  | ║   Network Overhead   =        1.671 ms  (Req + Resp)         ║
execution-manager  | ╚═══════════════════════════════════════════════════════════════╝
execution-manager  | 
execution-manager  | [gRPC Client Async] Stream completed, received 1 responses
execution-manager  | [GRPC THREAD 4] Completed
execution-manager  | [SCHEDULER] ✅ T=42122 ms: Task 4 'sum' completed with status 2
execution-manager  | [SCHEDULER] 🔕 Timeout disarmed for task 4
execution-manager  | [SCHEDULER] 0 tasks remaining
execution-manager  | 
execution-manager  | [SCHEDULER] 🏁 Iteration 2/25 complete!
execution-manager  | [SCHEDULER] Iteration execution time: 42122 ms
execution-manager  | 
execution-manager  | 
execution-manager  | [SCHEDULER] 🔁 ===== ITERATION 3 / 25 =====
execution-manager  | 
execution-manager  | [SCHEDULER] 🚀 Schedule started at T=0
execution-manager  | 
execution-manager  | [SCHEDULER] 🔄 Entering event loop (NO SLEEP - event-driven!)
execution-manager  | 
execution-manager  | [SCHEDULER] ⏰ T=10000 ms: Launching task 1 'sum' (deadline: 30000 ms)
execution-manager  | [SCHEDULER] 🕐 Timeout armed for task 1 at T=30000 ms (in 20000 ms)
execution-manager  | [GRPC THREAD 1] Starting...
execution-manager  | [EXECUTION MANAGER] ⏱️ T1=17351422.748 ms | Sending gRPC request for task 1 'sum'
execution-manager  | [gRPC Channel Pool] Reusing existing channel for localhost:50051
execution-manager  | [gRPC Client Async] Calling task 'sum' at localhost:50051
execution-manager  | [gRPC Client Async] Inputs: {"total_ops": 1000, "io_percentage": 50}
execution-manager  | [gRPC Client Async] Response #1 - Status: COMPLETED
execution-manager  | 🎉 [T=12115 ms] Task 1 'sum' COMPLETED
execution-manager  | [EXECUTION MANAGER] ⏱️ T2=17351423.682 ms | Thread started (server measured)
execution-manager  | [EXECUTION MANAGER] ⏱️ T3=17353536.671 ms | Task completed (server measured)
execution-manager  | [EXECUTION MANAGER] ⏱️ T4=17353537.475 ms | Result received by client
execution-manager  |    [TASK EXECUTION] 2112.989 ms (T3-T2, measured in thread)
execution-manager  |    [RESULT] {"result": 0}
execution-manager  | 
execution-manager  | ╔═══════════════════════════════════════════════════════════════╗
execution-manager  | ║           END-TO-END TIMING MEASUREMENT RECAP                 ║
execution-manager  | ║                   Task 1: sum                                 
execution-manager  | ╠═══════════════════════════════════════════════════════════════╣
execution-manager  | ║ T1 (start_request)    = 17351422.748 ms                        ║
execution-manager  | ║ T2 (end_request)      = 17351423.682 ms                        ║
execution-manager  | ║ T3 (start_result)     = 17353536.671 ms                        ║
execution-manager  | ║ T4 (end_result)       = 17353537.475 ms                        ║
execution-manager  | ╠═══════════════════════════════════════════════════════════════╣
execution-manager  | ║ METRICS:                                                      ║
execution-manager  | ║   Request Latency    =        0.934 ms  (T2 - T1)            ║
execution-manager  | ║   Task Execution     =     2112.989 ms  (T3 - T2)            ║
execution-manager  | ║   Response Latency   =        0.805 ms  (T4 - T3)            ║
execution-manager  | ║   Total End-to-End   =     2114.727 ms  (T4 - T1)            ║
execution-manager  | ║   Network Overhead   =        1.738 ms  (Req + Resp)         ║
execution-manager  | ╚═══════════════════════════════════════════════════════════════╝
execution-manager  | 
execution-manager  | [gRPC Client Async] Stream completed, received 1 responses
execution-manager  | [GRPC THREAD 1] Completed
execution-manager  | [SCHEDULER] ✅ T=12115 ms: Task 1 'sum' completed with status 2
execution-manager  | [SCHEDULER] 🔕 Timeout disarmed for task 1
execution-manager  | [SCHEDULER] 3 tasks remaining
execution-manager  | [SCHEDULER] ⏰ T=20000 ms: Launching task 2 'sum' (deadline: 40000 ms)
execution-manager  | [SCHEDULER] 🕐 Timeout armed for task 2 at T=40000 ms (in 20000 ms)
execution-manager  | [GRPC THREAD 2] Starting...
execution-manager  | [EXECUTION MANAGER] ⏱️ T1=17361422.770 ms | Sending gRPC request for task 2 'sum'
execution-manager  | [gRPC Channel Pool] Reusing existing channel for localhost:50051
execution-manager  | [gRPC Client Async] Calling task 'sum' at localhost:50051
execution-manager  | [gRPC Client Async] Inputs: {"total_ops": 1000, "io_percentage": 50}
execution-manager  | [gRPC Client Async] Response #1 - Status: COMPLETED
execution-manager  | 🎉 [T=22111 ms] Task 2 'sum' COMPLETED
execution-manager  | [EXECUTION MANAGER] ⏱️ T2=17361423.841 ms | Thread started (server measured)
execution-manager  | [EXECUTION MANAGER] ⏱️ T3=17363533.078 ms | Task completed (server measured)
execution-manager  | [EXECUTION MANAGER] ⏱️ T4=17363533.798 ms | Result received by client
execution-manager  |    [TASK EXECUTION] 2109.238 ms (T3-T2, measured in thread)
execution-manager  |    [RESULT] {"result": 0}
execution-manager  | 
execution-manager  | ╔═══════════════════════════════════════════════════════════════╗
execution-manager  | ║           END-TO-END TIMING MEASUREMENT RECAP                 ║
execution-manager  | ║                   Task 2: sum                                 
execution-manager  | ╠═══════════════════════════════════════════════════════════════╣
execution-manager  | ║ T1 (start_request)    = 17361422.770 ms                        ║
execution-manager  | ║ T2 (end_request)      = 17361423.841 ms                        ║
execution-manager  | ║ T3 (start_result)     = 17363533.078 ms                        ║
execution-manager  | ║ T4 (end_result)       = 17363533.798 ms                        ║
execution-manager  | ╠═══════════════════════════════════════════════════════════════╣
execution-manager  | ║ METRICS:                                                      ║
execution-manager  | ║   Request Latency    =        1.070 ms  (T2 - T1)            ║
execution-manager  | ║   Task Execution     =     2109.238 ms  (T3 - T2)            ║
execution-manager  | ║   Response Latency   =        0.720 ms  (T4 - T3)            ║
execution-manager  | ║   Total End-to-End   =     2111.028 ms  (T4 - T1)            ║
execution-manager  | ║   Network Overhead   =        1.790 ms  (Req + Resp)         ║
execution-manager  | ╚═══════════════════════════════════════════════════════════════╝
execution-manager  | 
execution-manager  | [SCHEDULER] ✅ T=22111 ms: Task 2 'sum' completed with status 2
execution-manager  | [SCHEDULER] 🔕 Timeout disarmed for task 2
execution-manager  | [SCHEDULER] 2 tasks remaining
execution-manager  | [gRPC Client Async] Stream completed, received 1 responses
execution-manager  | [GRPC THREAD 2] Completed
execution-manager  | [SCHEDULER] ⏰ T=30000 ms: Launching task 3 'sum' (deadline: 50000 ms)
execution-manager  | [SCHEDULER] 🕐 Timeout armed for task 3 at T=50000 ms (in 20000 ms)
execution-manager  | [GRPC THREAD 3] Starting...
execution-manager  | [EXECUTION MANAGER] ⏱️ T1=17371422.801 ms | Sending gRPC request for task 3 'sum'
execution-manager  | [gRPC Channel Pool] Reusing existing channel for localhost:50051
execution-manager  | [gRPC Client Async] Calling task 'sum' at localhost:50051
execution-manager  | [gRPC Client Async] Inputs: {"total_ops": 1000, "io_percentage": 50}
execution-manager  | [gRPC Client Async] Response #1 - Status: COMPLETED
execution-manager  | 🎉 [T=32111 ms] Task 3 'sum' COMPLETED
execution-manager  | [EXECUTION MANAGER] ⏱️ T2=17371423.909 ms | Thread started (server measured)
execution-manager  | [EXECUTION MANAGER] ⏱️ T3=17373532.075 ms | Task completed (server measured)
execution-manager  | [EXECUTION MANAGER] ⏱️ T4=17373533.098 ms | Result received by client
execution-manager  |    [TASK EXECUTION] 2108.166 ms (T3-T2, measured in thread)
execution-manager  |    [RESULT] {"result": 0}
execution-manager  | 
execution-manager  | ╔═══════════════════════════════════════════════════════════════╗
execution-manager  | ║           END-TO-END TIMING MEASUREMENT RECAP                 ║
execution-manager  | ║                   Task 3: sum                                 
execution-manager  | ╠═══════════════════════════════════════════════════════════════╣
execution-manager  | ║ T1 (start_request)    = 17371422.801 ms                        ║
execution-manager  | ║ T2 (end_request)      = 17371423.909 ms                        ║
execution-manager  | ║ T3 (start_result)     = 17373532.075 ms                        ║
execution-manager  | ║ T4 (end_result)       = 17373533.098 ms                        ║
execution-manager  | ╠═══════════════════════════════════════════════════════════════╣
execution-manager  | ║ METRICS:                                                      ║
execution-manager  | ║   Request Latency    =        1.108 ms  (T2 - T1)            ║
execution-manager  | ║   Task Execution     =     2108.166 ms  (T3 - T2)            ║
execution-manager  | ║   Response Latency   =        1.023 ms  (T4 - T3)            ║
execution-manager  | ║   Total End-to-End   =     2110.298 ms  (T4 - T1)            ║
execution-manager  | ║   Network Overhead   =        2.131 ms  (Req + Resp)         ║
execution-manager  | ╚═══════════════════════════════════════════════════════════════╝
execution-manager  | 
execution-manager  | [gRPC Client Async] Stream completed, received 1 responses
execution-manager  | [GRPC THREAD 3] Completed
execution-manager  | [SCHEDULER] ✅ T=32111 ms: Task 3 'sum' completed with status 2
execution-manager  | [SCHEDULER] 🔕 Timeout disarmed for task 3
execution-manager  | [SCHEDULER] 1 tasks remaining
execution-manager  | [SCHEDULER] ⏰ T=40000 ms: Launching task 4 'sum' (deadline: 60000 ms)
execution-manager  | [SCHEDULER] 🕐 Timeout armed for task 4 at T=60000 ms (in 20000 ms)
execution-manager  | [GRPC THREAD 4] Starting...
execution-manager  | [EXECUTION MANAGER] ⏱️ T1=17381422.827 ms | Sending gRPC request for task 4 'sum'
execution-manager  | [gRPC Channel Pool] Reusing existing channel for localhost:50051
execution-manager  | [gRPC Client Async] Calling task 'sum' at localhost:50051
execution-manager  | [gRPC Client Async] Inputs: {"total_ops": 1000, "io_percentage": 50}
execution-manager  | [gRPC Client Async] Response #1 - Status: COMPLETED
execution-manager  | 🎉 [T=42118 ms] Task 4 'sum' COMPLETED
execution-manager  | [EXECUTION MANAGER] ⏱️ T2=17381424.133 ms | Thread started (server measured)
execution-manager  | [EXECUTION MANAGER] ⏱️ T3=17383539.707 ms | Task completed (server measured)
execution-manager  | [EXECUTION MANAGER] ⏱️ T4=17383540.471 ms | Result received by client
execution-manager  |    [TASK EXECUTION] 2115.574 ms (T3-T2, measured in thread)
execution-manager  |    [RESULT] {"result": 0}
execution-manager  | 
execution-manager  | ╔═══════════════════════════════════════════════════════════════╗
execution-manager  | ║           END-TO-END TIMING MEASUREMENT RECAP                 ║
execution-manager  | ║                   Task 4: sum                                 
execution-manager  | ╠═══════════════════════════════════════════════════════════════╣
execution-manager  | ║ T1 (start_request)    = 17381422.827 ms                        ║
execution-manager  | ║ T2 (end_request)      = 17381424.133 ms                        ║
execution-manager  | ║ T3 (start_result)     = 17383539.707 ms                        ║
execution-manager  | ║ T4 (end_result)       = 17383540.471 ms                        ║
execution-manager  | ╠═══════════════════════════════════════════════════════════════╣
execution-manager  | ║ METRICS:                                                      ║
execution-manager  | ║   Request Latency    =        1.306 ms  (T2 - T1)            ║
execution-manager  | ║   Task Execution     =     2115.574 ms  (T3 - T2)            ║
execution-manager  | ║   Response Latency   =        0.764 ms  (T4 - T3)            ║
execution-manager  | ║   Total End-to-End   =     2117.644 ms  (T4 - T1)            ║
execution-manager  | ║   Network Overhead   =        2.070 ms  (Req + Resp)         ║
execution-manager  | ╚═══════════════════════════════════════════════════════════════╝
execution-manager  | 
execution-manager  | [SCHEDULER] ✅ T=42118 ms: Task 4 'sum' completed with status 2
execution-manager  | [SCHEDULER] 🔕 Timeout disarmed for task 4
execution-manager  | [SCHEDULER] 0 tasks remaining
execution-manager  | 
execution-manager  | [SCHEDULER] 🏁 Iteration 3/25 complete!
execution-manager  | [SCHEDULER] Iteration execution time: 42118 ms
execution-manager  | 
execution-manager  | 
execution-manager  | [SCHEDULER] 🔁 ===== ITERATION 4 / 25 =====
execution-manager  | 
execution-manager  | [SCHEDULER] 🚀 Schedule started at T=0
execution-manager  | 
execution-manager  | [SCHEDULER] 🔄 Entering event loop (NO SLEEP - event-driven!)
execution-manager  | 
execution-manager  | [gRPC Client Async] Stream completed, received 1 responses
execution-manager  | [GRPC THREAD 4] Completed
execution-manager  | [SCHEDULER] ⏰ T=10000 ms: Launching task 1 'sum' (deadline: 30000 ms)
execution-manager  | [SCHEDULER] 🕐 Timeout armed for task 1 at T=30000 ms (in 20000 ms)
execution-manager  | [GRPC THREAD 1] Starting...
execution-manager  | [EXECUTION MANAGER] ⏱️ T1=17393540.847 ms | Sending gRPC request for task 1 'sum'
execution-manager  | [gRPC Channel Pool] Reusing existing channel for localhost:50051
execution-manager  | [gRPC Client Async] Calling task 'sum' at localhost:50051
execution-manager  | [gRPC Client Async] Inputs: {"total_ops": 1000, "io_percentage": 50}
execution-manager  | [gRPC Client Async] Response #1 - Status: COMPLETED
execution-manager  | 🎉 [T=12115 ms] Task 1 'sum' COMPLETED
execution-manager  | [EXECUTION MANAGER] ⏱️ T2=17393541.807 ms | Thread started (server measured)
execution-manager  | [EXECUTION MANAGER] ⏱️ T3=17395654.367 ms | Task completed (server measured)
execution-manager  | [EXECUTION MANAGER] ⏱️ T4=17395655.071 ms | Result received by client
execution-manager  |    [TASK EXECUTION] 2112.561 ms (T3-T2, measured in thread)
execution-manager  |    [RESULT] {"result": 0}
execution-manager  | 
execution-manager  | ╔═══════════════════════════════════════════════════════════════╗
execution-manager  | ║           END-TO-END TIMING MEASUREMENT RECAP                 ║
execution-manager  | ║                   Task 1: sum                                 
execution-manager  | ╠═══════════════════════════════════════════════════════════════╣
execution-manager  | ║ T1 (start_request)    = 17393540.847 ms                        ║
execution-manager  | ║ T2 (end_request)      = 17393541.807 ms                        ║
execution-manager  | ║ T3 (start_result)     = 17395654.367 ms                        ║
execution-manager  | ║ T4 (end_result)       = 17395655.071 ms                        ║
execution-manager  | ╠═══════════════════════════════════════════════════════════════╣
execution-manager  | ║ METRICS:                                                      ║
execution-manager  | ║   Request Latency    =        0.959 ms  (T2 - T1)            ║
execution-manager  | ║   Task Execution     =     2112.561 ms  (T3 - T2)            ║
execution-manager  | ║   Response Latency   =        0.703 ms  (T4 - T3)            ║
execution-manager  | ║   Total End-to-End   =     2114.223 ms  (T4 - T1)            ║
execution-manager  | ║   Network Overhead   =        1.663 ms  (Req + Resp)         ║
execution-manager  | ╚═══════════════════════════════════════════════════════════════╝
execution-manager  | 
execution-manager  | [gRPC Client Async] Stream completed, received 1 responses
execution-manager  | [GRPC THREAD 1] Completed
execution-manager  | [SCHEDULER] ✅ T=12115 ms: Task 1 'sum' completed with status 2
execution-manager  | [SCHEDULER] 🔕 Timeout disarmed for task 1
execution-manager  | [SCHEDULER] 3 tasks remaining
execution-manager  | [SCHEDULER] ⏰ T=20000 ms: Launching task 2 'sum' (deadline: 40000 ms)
execution-manager  | [SCHEDULER] 🕐 Timeout armed for task 2 at T=40000 ms (in 20000 ms)
execution-manager  | [GRPC THREAD 2] Starting...
execution-manager  | [EXECUTION MANAGER] ⏱️ T1=17403540.877 ms | Sending gRPC request for task 2 'sum'
execution-manager  | [gRPC Channel Pool] Reusing existing channel for localhost:50051
execution-manager  | [gRPC Client Async] Calling task 'sum' at localhost:50051
execution-manager  | [gRPC Client Async] Inputs: {"total_ops": 1000, "io_percentage": 50}
execution-manager  | [gRPC Client Async] Response #1 - Status: COMPLETED
execution-manager  | 🎉 [T=22109 ms] Task 2 'sum' COMPLETED
execution-manager  | [EXECUTION MANAGER] ⏱️ T2=17403542.019 ms | Thread started (server measured)
execution-manager  | [EXECUTION MANAGER] ⏱️ T3=17405649.177 ms | Task completed (server measured)
execution-manager  | [EXECUTION MANAGER] ⏱️ T4=17405649.873 ms | Result received by client
execution-manager  |    [TASK EXECUTION] 2107.158 ms (T3-T2, measured in thread)
execution-manager  |    [RESULT] {"result": 0}
execution-manager  | 
execution-manager  | ╔═══════════════════════════════════════════════════════════════╗
execution-manager  | ║           END-TO-END TIMING MEASUREMENT RECAP                 ║
execution-manager  | ║                   Task 2: sum                                 
execution-manager  | ╠═══════════════════════════════════════════════════════════════╣
execution-manager  | ║ T1 (start_request)    = 17403540.877 ms                        ║
execution-manager  | ║ T2 (end_request)      = 17403542.019 ms                        ║
execution-manager  | ║ T3 (start_result)     = 17405649.177 ms                        ║
execution-manager  | ║ T4 (end_result)       = 17405649.873 ms                        ║
execution-manager  | ╠═══════════════════════════════════════════════════════════════╣
execution-manager  | ║ METRICS:                                                      ║
execution-manager  | ║   Request Latency    =        1.142 ms  (T2 - T1)            ║
execution-manager  | ║   Task Execution     =     2107.158 ms  (T3 - T2)            ║
execution-manager  | ║   Response Latency   =        0.696 ms  (T4 - T3)            ║
execution-manager  | ║   Total End-to-End   =     2108.996 ms  (T4 - T1)            ║
execution-manager  | ║   Network Overhead   =        1.838 ms  (Req + Resp)         ║
execution-manager  | ╚═══════════════════════════════════════════════════════════════╝
execution-manager  | 
execution-manager  | [SCHEDULER] ✅ T=22109 ms: Task 2 'sum' completed with status 2
execution-manager  | [SCHEDULER] 🔕 Timeout disarmed for task 2
execution-manager  | [SCHEDULER] 2 tasks remaining
execution-manager  | [gRPC Client Async] Stream completed, received 1 responses
execution-manager  | [GRPC THREAD 2] Completed
execution-manager  | [SCHEDULER] ⏰ T=30000 ms: Launching task 3 'sum' (deadline: 50000 ms)
execution-manager  | [SCHEDULER] 🕐 Timeout armed for task 3 at T=50000 ms (in 20000 ms)
execution-manager  | [GRPC THREAD 3] Starting...
execution-manager  | [EXECUTION MANAGER] ⏱️ T1=17413540.925 ms | Sending gRPC request for task 3 'sum'
execution-manager  | [gRPC Channel Pool] Reusing existing channel for localhost:50051
execution-manager  | [gRPC Client Async] Calling task 'sum' at localhost:50051
execution-manager  | [gRPC Client Async] Inputs: {"total_ops": 1000, "io_percentage": 50}
execution-manager  | [gRPC Client Async] Response #1 - Status: COMPLETED
execution-manager  | 🎉 [T=32136 ms] Task 3 'sum' COMPLETED
execution-manager  | [EXECUTION MANAGER] ⏱️ T2=17413542.380 ms | Thread started (server measured)
execution-manager  | [EXECUTION MANAGER] ⏱️ T3=17415675.661 ms | Task completed (server measured)
execution-manager  | [EXECUTION MANAGER] ⏱️ T4=17415676.567 ms | Result received by client
execution-manager  |    [TASK EXECUTION] 2133.280 ms (T3-T2, measured in thread)
execution-manager  |    [RESULT] {"result": 0}
execution-manager  | 
execution-manager  | ╔═══════════════════════════════════════════════════════════════╗
execution-manager  | ║           END-TO-END TIMING MEASUREMENT RECAP                 ║
execution-manager  | ║                   Task 3: sum                                 
execution-manager  | ╠═══════════════════════════════════════════════════════════════╣
execution-manager  | ║ T1 (start_request)    = 17413540.925 ms                        ║
execution-manager  | ║ T2 (end_request)      = 17413542.380 ms                        ║
execution-manager  | ║ T3 (start_result)     = 17415675.661 ms                        ║
execution-manager  | ║ T4 (end_result)       = 17415676.567 ms                        ║
execution-manager  | ╠═══════════════════════════════════════════════════════════════╣
execution-manager  | ║ METRICS:                                                      ║
execution-manager  | ║   Request Latency    =        1.456 ms  (T2 - T1)            ║
execution-manager  | ║   Task Execution     =     2133.280 ms  (T3 - T2)            ║
execution-manager  | ║   Response Latency   =        0.906 ms  (T4 - T3)            ║
execution-manager  | ║   Total End-to-End   =     2135.642 ms  (T4 - T1)            ║
execution-manager  | ║   Network Overhead   =        2.362 ms  (Req + Resp)         ║
execution-manager  | ╚═══════════════════════════════════════════════════════════════╝
execution-manager  | 
execution-manager  | [SCHEDULER] ✅ T=32136 ms: Task 3 'sum' completed with status 2
execution-manager  | [SCHEDULER] 🔕 Timeout disarmed for task 3
execution-manager  | [SCHEDULER] 1 tasks remaining
execution-manager  | [gRPC Client Async] Stream completed, received 1 responses
execution-manager  | [GRPC THREAD 3] Completed
execution-manager  | [SCHEDULER] ⏰ T=40000 ms: Launching task 4 'sum' (deadline: 60000 ms)
execution-manager  | [SCHEDULER] 🕐 Timeout armed for task 4 at T=60000 ms (in 20000 ms)
execution-manager  | [GRPC THREAD 4] Starting...
execution-manager  | [EXECUTION MANAGER] ⏱️ T1=17423540.928 ms | Sending gRPC request for task 4 'sum'
execution-manager  | [gRPC Channel Pool] Reusing existing channel for localhost:50051
execution-manager  | [gRPC Client Async] Calling task 'sum' at localhost:50051
execution-manager  | [gRPC Client Async] Inputs: {"total_ops": 1000, "io_percentage": 50}
execution-manager  | [gRPC Client Async] Response #1 - Status: COMPLETED
execution-manager  | 🎉 [T=42109 ms] Task 4 'sum' COMPLETED
execution-manager  | [EXECUTION MANAGER] ⏱️ T2=17423542.060 ms | Thread started (server measured)
execution-manager  | [EXECUTION MANAGER] ⏱️ T3=17425649.318 ms | Task completed (server measured)
execution-manager  | [EXECUTION MANAGER] ⏱️ T4=17425649.982 ms | Result received by client
execution-manager  |    [TASK EXECUTION] 2107.259 ms (T3-T2, measured in thread)
execution-manager  |    [RESULT] {"result": 0}
execution-manager  | 
execution-manager  | ╔═══════════════════════════════════════════════════════════════╗
execution-manager  | ║           END-TO-END TIMING MEASUREMENT RECAP                 ║
execution-manager  | ║                   Task 4: sum                                 
execution-manager  | ╠═══════════════════════════════════════════════════════════════╣
execution-manager  | ║ T1 (start_request)    = 17423540.928 ms                        ║
execution-manager  | ║ T2 (end_request)      = 17423542.060 ms                        ║
execution-manager  | ║ T3 (start_result)     = 17425649.318 ms                        ║
execution-manager  | ║ T4 (end_result)       = 17425649.982 ms                        ║
execution-manager  | ╠═══════════════════════════════════════════════════════════════╣
execution-manager  | ║ METRICS:                                                      ║
execution-manager  | ║   Request Latency    =        1.131 ms  (T2 - T1)            ║
execution-manager  | ║   Task Execution     =     2107.259 ms  (T3 - T2)            ║
execution-manager  | ║   Response Latency   =        0.663 ms  (T4 - T3)            ║
execution-manager  | ║   Total End-to-End   =     2109.053 ms  (T4 - T1)            ║
execution-manager  | ║   Network Overhead   =        1.795 ms  (Req + Resp)         ║
execution-manager  | ╚═══════════════════════════════════════════════════════════════╝
execution-manager  | 
execution-manager  | [SCHEDULER] ✅ T=42110 ms: Task 4 'sum' completed with status 2
execution-manager  | [SCHEDULER] 🔕 Timeout disarmed for task 4
execution-manager  | [SCHEDULER] 0 tasks remaining
execution-manager  | 
execution-manager  | [SCHEDULER] 🏁 Iteration 4/25 complete!
execution-manager  | [SCHEDULER] Iteration execution time: 42110 ms
execution-manager  | 
execution-manager  | 
execution-manager  | [SCHEDULER] 🔁 ===== ITERATION 5 / 25 =====
execution-manager  | 
execution-manager  | [SCHEDULER] 🚀 Schedule started at T=0
execution-manager  | 
execution-manager  | [SCHEDULER] 🔄 Entering event loop (NO SLEEP - event-driven!)
execution-manager  | 
execution-manager  | [gRPC Client Async] Stream completed, received 1 responses
execution-manager  | [GRPC THREAD 4] Completed
execution-manager  | [SCHEDULER] ⏰ T=10000 ms: Launching task 1 'sum' (deadline: 30000 ms)
execution-manager  | [SCHEDULER] 🕐 Timeout armed for task 1 at T=30000 ms (in 20000 ms)
execution-manager  | [GRPC THREAD 1] Starting...
execution-manager  | [EXECUTION MANAGER] ⏱️ T1=17435650.404 ms | Sending gRPC request for task 1 'sum'
execution-manager  | [gRPC Channel Pool] Reusing existing channel for localhost:50051
execution-manager  | [gRPC Client Async] Calling task 'sum' at localhost:50051
execution-manager  | [gRPC Client Async] Inputs: {"total_ops": 1000, "io_percentage": 50}
execution-manager  | [gRPC Client Async] Response #1 - Status: COMPLETED
execution-manager  | 🎉 [T=12169 ms] Task 1 'sum' COMPLETED
execution-manager  | [EXECUTION MANAGER] ⏱️ T2=17435651.516 ms | Thread started (server measured)
execution-manager  | [EXECUTION MANAGER] ⏱️ T3=17437818.447 ms | Task completed (server measured)
execution-manager  | [EXECUTION MANAGER] ⏱️ T4=17437819.293 ms | Result received by client
execution-manager  |    [TASK EXECUTION] 2166.931 ms (T3-T2, measured in thread)
execution-manager  |    [RESULT] {"result": 0}
execution-manager  | 
execution-manager  | ╔═══════════════════════════════════════════════════════════════╗
execution-manager  | ║           END-TO-END TIMING MEASUREMENT RECAP                 ║
execution-manager  | ║                   Task 1: sum                                 
execution-manager  | ╠═══════════════════════════════════════════════════════════════╣
execution-manager  | ║ T1 (start_request)    = 17435650.404 ms                        ║
execution-manager  | ║ T2 (end_request)      = 17435651.516 ms                        ║
execution-manager  | ║ T3 (start_result)     = 17437818.447 ms                        ║
execution-manager  | ║ T4 (end_result)       = 17437819.293 ms                        ║
execution-manager  | ╠═══════════════════════════════════════════════════════════════╣
execution-manager  | ║ METRICS:                                                      ║
execution-manager  | ║   Request Latency    =        1.112 ms  (T2 - T1)            ║
execution-manager  | ║   Task Execution     =     2166.931 ms  (T3 - T2)            ║
execution-manager  | ║   Response Latency   =        0.846 ms  (T4 - T3)            ║
execution-manager  | ║   Total End-to-End   =     2168.888 ms  (T4 - T1)            ║
execution-manager  | ║   Network Overhead   =        1.957 ms  (Req + Resp)         ║
execution-manager  | ╚═══════════════════════════════════════════════════════════════╝
execution-manager  | 
execution-manager  | [SCHEDULER] ✅ T=12169 ms: Task 1 'sum' completed with status 2
execution-manager  | [SCHEDULER] 🔕 Timeout disarmed for task 1
execution-manager  | [SCHEDULER] 3 tasks remaining
execution-manager  | [gRPC Client Async] Stream completed, received 1 responses
execution-manager  | [GRPC THREAD 1] Completed
execution-manager  | [SCHEDULER] ⏰ T=20000 ms: Launching task 2 'sum' (deadline: 40000 ms)
execution-manager  | [SCHEDULER] 🕐 Timeout armed for task 2 at T=40000 ms (in 20000 ms)
execution-manager  | [GRPC THREAD 2] Starting...
execution-manager  | [EXECUTION MANAGER] ⏱️ T1=17445650.487 ms | Sending gRPC request for task 2 'sum'
execution-manager  | [gRPC Channel Pool] Reusing existing channel for localhost:50051
execution-manager  | [gRPC Client Async] Calling task 'sum' at localhost:50051
execution-manager  | [gRPC Client Async] Inputs: {"total_ops": 1000, "io_percentage": 50}
execution-manager  | [gRPC Client Async] Response #1 - Status: COMPLETED
execution-manager  | 🎉 [T=22137 ms] Task 2 'sum' COMPLETED
execution-manager  | [EXECUTION MANAGER] ⏱️ T2=17445651.624 ms | Thread started (server measured)
execution-manager  | [EXECUTION MANAGER] ⏱️ T3=17447786.367 ms | Task completed (server measured)
execution-manager  | [EXECUTION MANAGER] ⏱️ T4=17447787.094 ms | Result received by client
execution-manager  |    [TASK EXECUTION] 2134.744 ms (T3-T2, measured in thread)
execution-manager  |    [RESULT] {"result": 0}
execution-manager  | 
execution-manager  | ╔═══════════════════════════════════════════════════════════════╗
execution-manager  | ║           END-TO-END TIMING MEASUREMENT RECAP                 ║
execution-manager  | ║                   Task 2: sum                                 
execution-manager  | ╠═══════════════════════════════════════════════════════════════╣
execution-manager  | ║ T1 (start_request)    = 17445650.487 ms                        ║
execution-manager  | ║ T2 (end_request)      = 17445651.624 ms                        ║
execution-manager  | ║ T3 (start_result)     = 17447786.367 ms                        ║
execution-manager  | ║ T4 (end_result)       = 17447787.094 ms                        ║
execution-manager  | ╠═══════════════════════════════════════════════════════════════╣
execution-manager  | ║ METRICS:                                                      ║
execution-manager  | ║   Request Latency    =        1.137 ms  (T2 - T1)            ║
execution-manager  | ║   Task Execution     =     2134.744 ms  (T3 - T2)            ║
execution-manager  | ║   Response Latency   =        0.727 ms  (T4 - T3)            ║
execution-manager  | ║   Total End-to-End   =     2136.607 ms  (T4 - T1)            ║
execution-manager  | ║   Network Overhead   =        1.864 ms  (Req + Resp)         ║
execution-manager  | ╚═══════════════════════════════════════════════════════════════╝
execution-manager  | 
execution-manager  | [gRPC Client Async] Stream completed, received 1 responses
execution-manager  | [GRPC THREAD 2] Completed
execution-manager  | [SCHEDULER] ✅ T=22137 ms: Task 2 'sum' completed with status 2
execution-manager  | [SCHEDULER] 🔕 Timeout disarmed for task 2
execution-manager  | [SCHEDULER] 2 tasks remaining
execution-manager  | [SCHEDULER] ⏰ T=30000 ms: Launching task 3 'sum' (deadline: 50000 ms)
execution-manager  | [SCHEDULER] 🕐 Timeout armed for task 3 at T=50000 ms (in 20000 ms)
execution-manager  | [GRPC THREAD 3] Starting...
execution-manager  | [EXECUTION MANAGER] ⏱️ T1=17455650.460 ms | Sending gRPC request for task 3 'sum'
execution-manager  | [gRPC Channel Pool] Reusing existing channel for localhost:50051
execution-manager  | [gRPC Client Async] Calling task 'sum' at localhost:50051
execution-manager  | [gRPC Client Async] Inputs: {"total_ops": 1000, "io_percentage": 50}
execution-manager  | [gRPC Client Async] Response #1 - Status: COMPLETED
execution-manager  | 🎉 [T=32178 ms] Task 3 'sum' COMPLETED
execution-manager  | [EXECUTION MANAGER] ⏱️ T2=17455651.502 ms | Thread started (server measured)
execution-manager  | [EXECUTION MANAGER] ⏱️ T3=17457827.052 ms | Task completed (server measured)
execution-manager  | [EXECUTION MANAGER] ⏱️ T4=17457828.277 ms | Result received by client
execution-manager  |    [TASK EXECUTION] 2175.550 ms (T3-T2, measured in thread)
execution-manager  |    [RESULT] {"result": 0}
execution-manager  | 
execution-manager  | ╔═══════════════════════════════════════════════════════════════╗
execution-manager  | ║           END-TO-END TIMING MEASUREMENT RECAP                 ║
execution-manager  | ║                   Task 3: sum                                 
execution-manager  | ╠═══════════════════════════════════════════════════════════════╣
execution-manager  | ║ T1 (start_request)    = 17455650.460 ms                        ║
execution-manager  | ║ T2 (end_request)      = 17455651.502 ms                        ║
execution-manager  | ║ T3 (start_result)     = 17457827.052 ms                        ║
execution-manager  | ║ T4 (end_result)       = 17457828.277 ms                        ║
execution-manager  | ╠═══════════════════════════════════════════════════════════════╣
execution-manager  | ║ METRICS:                                                      ║
execution-manager  | ║   Request Latency    =        1.042 ms  (T2 - T1)            ║
execution-manager  | ║   Task Execution     =     2175.550 ms  (T3 - T2)            ║
execution-manager  | ║   Response Latency   =        1.225 ms  (T4 - T3)            ║
execution-manager  | ║   Total End-to-End   =     2177.817 ms  (T4 - T1)            ║
execution-manager  | ║   Network Overhead   =        2.267 ms  (Req + Resp)         ║
execution-manager  | ╚═══════════════════════════════════════════════════════════════╝
execution-manager  | 
execution-manager  | [gRPC Client Async] Stream completed, received 1 responses
execution-manager  | [GRPC THREAD 3] Completed
execution-manager  | [SCHEDULER] ✅ T=32178 ms: Task 3 'sum' completed with status 2
execution-manager  | [SCHEDULER] 🔕 Timeout disarmed for task 3
execution-manager  | [SCHEDULER] 1 tasks remaining
execution-manager  | [SCHEDULER] ⏰ T=40000 ms: Launching task 4 'sum' (deadline: 60000 ms)
execution-manager  | [SCHEDULER] 🕐 Timeout armed for task 4 at T=60000 ms (in 20000 ms)
execution-manager  | [GRPC THREAD 4] Starting...
execution-manager  | [EXECUTION MANAGER] ⏱️ T1=17465650.480 ms | Sending gRPC request for task 4 'sum'
execution-manager  | [gRPC Channel Pool] Reusing existing channel for localhost:50051
execution-manager  | [gRPC Client Async] Calling task 'sum' at localhost:50051
execution-manager  | [gRPC Client Async] Inputs: {"total_ops": 1000, "io_percentage": 50}
execution-manager  | [gRPC Client Async] Response #1 - Status: COMPLETED
execution-manager  | 🎉 [T=42177 ms] Task 4 'sum' COMPLETED
execution-manager  | [EXECUTION MANAGER] ⏱️ T2=17465651.490 ms | Thread started (server measured)
execution-manager  | [EXECUTION MANAGER] ⏱️ T3=17467826.675 ms | Task completed (server measured)
execution-manager  | [EXECUTION MANAGER] ⏱️ T4=17467827.762 ms | Result received by client
execution-manager  |    [TASK EXECUTION] 2175.186 ms (T3-T2, measured in thread)
execution-manager  |    [RESULT] {"result": 0}
execution-manager  | 
execution-manager  | ╔═══════════════════════════════════════════════════════════════╗
execution-manager  | ║           END-TO-END TIMING MEASUREMENT RECAP                 ║
execution-manager  | ║                   Task 4: sum                                 
execution-manager  | ╠═══════════════════════════════════════════════════════════════╣
execution-manager  | ║ T1 (start_request)    = 17465650.480 ms                        ║
execution-manager  | ║ T2 (end_request)      = 17465651.490 ms                        ║
execution-manager  | ║ T3 (start_result)     = 17467826.675 ms                        ║
execution-manager  | ║ T4 (end_result)       = 17467827.762 ms                        ║
execution-manager  | ╠═══════════════════════════════════════════════════════════════╣
execution-manager  | ║ METRICS:                                                      ║
execution-manager  | ║   Request Latency    =        1.009 ms  (T2 - T1)            ║
execution-manager  | ║   Task Execution     =     2175.186 ms  (T3 - T2)            ║
execution-manager  | ║   Response Latency   =        1.087 ms  (T4 - T3)            ║
execution-manager  | ║   Total End-to-End   =     2177.282 ms  (T4 - T1)            ║
execution-manager  | ║   Network Overhead   =        2.096 ms  (Req + Resp)         ║
execution-manager  | ╚═══════════════════════════════════════════════════════════════╝
execution-manager  | 
execution-manager  | [SCHEDULER] ✅ T=42177 ms: Task 4 'sum' completed with status 2
execution-manager  | [SCHEDULER] 🔕 Timeout disarmed for task 4
execution-manager  | [SCHEDULER] 0 tasks remaining
execution-manager  | 
execution-manager  | [SCHEDULER] 🏁 Iteration 5/25 complete!
execution-manager  | [SCHEDULER] Iteration execution time: 42177 ms
execution-manager  | 
execution-manager  | 
execution-manager  | [SCHEDULER] 🔁 ===== ITERATION 6 / 25 =====
execution-manager  | 
execution-manager  | [SCHEDULER] 🚀 Schedule started at T=0
execution-manager  | 
execution-manager  | [SCHEDULER] 🔄 Entering event loop (NO SLEEP - event-driven!)
execution-manager  | 
execution-manager  | [gRPC Client Async] Stream completed, received 1 responses
execution-manager  | [GRPC THREAD 4] Completed
execution-manager  | [SCHEDULER] ⏰ T=10001 ms: Launching task 1 'sum' (deadline: 30000 ms)
execution-manager  | [SCHEDULER] 🕐 Timeout armed for task 1 at T=30000 ms (in 19999 ms)
execution-manager  | [GRPC THREAD 1] Starting...
execution-manager  | [EXECUTION MANAGER] ⏱️ T1=17477828.236 ms | Sending gRPC request for task 1 'sum'
execution-manager  | [gRPC Channel Pool] Reusing existing channel for localhost:50051
execution-manager  | [gRPC Client Async] Calling task 'sum' at localhost:50051
execution-manager  | [gRPC Client Async] Inputs: {"total_ops": 1000, "io_percentage": 50}
execution-manager  | [gRPC Client Async] Response #1 - Status: COMPLETED
execution-manager  | 🎉 [T=12181 ms] Task 1 'sum' COMPLETED
execution-manager  | [EXECUTION MANAGER] ⏱️ T2=17477829.340 ms | Thread started (server measured)
execution-manager  | [EXECUTION MANAGER] ⏱️ T3=17480007.263 ms | Task completed (server measured)
execution-manager  | [EXECUTION MANAGER] ⏱️ T4=17480008.169 ms | Result received by client
execution-manager  |    [TASK EXECUTION] 2177.923 ms (T3-T2, measured in thread)
execution-manager  |    [RESULT] {"result": 0}
execution-manager  | 
execution-manager  | ╔═══════════════════════════════════════════════════════════════╗
execution-manager  | ║           END-TO-END TIMING MEASUREMENT RECAP                 ║
execution-manager  | ║                   Task 1: sum                                 
execution-manager  | ╠═══════════════════════════════════════════════════════════════╣
execution-manager  | ║ T1 (start_request)    = 17477828.236 ms                        ║
execution-manager  | ║ T2 (end_request)      = 17477829.340 ms                        ║
execution-manager  | ║ T3 (start_result)     = 17480007.263 ms                        ║
execution-manager  | ║ T4 (end_result)       = 17480008.169 ms                        ║
execution-manager  | ╠═══════════════════════════════════════════════════════════════╣
execution-manager  | ║ METRICS:                                                      ║
execution-manager  | ║   Request Latency    =        1.104 ms  (T2 - T1)            ║
execution-manager  | ║   Task Execution     =     2177.923 ms  (T3 - T2)            ║
execution-manager  | ║   Response Latency   =        0.906 ms  (T4 - T3)            ║
execution-manager  | ║   Total End-to-End   =     2179.933 ms  (T4 - T1)            ║
execution-manager  | ║   Network Overhead   =        2.010 ms  (Req + Resp)         ║
execution-manager  | ╚═══════════════════════════════════════════════════════════════╝
execution-manager  | 
execution-manager  | [gRPC Client Async] Stream completed, received 1 responses
execution-manager  | [GRPC THREAD 1] Completed
execution-manager  | [SCHEDULER] ✅ T=12181 ms: Task 1 'sum' completed with status 2
execution-manager  | [SCHEDULER] 🔕 Timeout disarmed for task 1
execution-manager  | [SCHEDULER] 3 tasks remaining
execution-manager  | [SCHEDULER] ⏰ T=20001 ms: Launching task 2 'sum' (deadline: 40000 ms)
execution-manager  | [SCHEDULER] 🕐 Timeout armed for task 2 at T=40000 ms (in 19999 ms)
execution-manager  | [GRPC THREAD 2] Starting...
execution-manager  | [EXECUTION MANAGER] ⏱️ T1=17487828.172 ms | Sending gRPC request for task 2 'sum'
execution-manager  | [gRPC Channel Pool] Reusing existing channel for localhost:50051
execution-manager  | [gRPC Client Async] Calling task 'sum' at localhost:50051
execution-manager  | [gRPC Client Async] Inputs: {"total_ops": 1000, "io_percentage": 50}
execution-manager  | [gRPC Client Async] Response #1 - Status: COMPLETED
execution-manager  | 🎉 [T=22162 ms] Task 2 'sum' COMPLETED
execution-manager  | [EXECUTION MANAGER] ⏱️ T2=17487829.246 ms | Thread started (server measured)
execution-manager  | [EXECUTION MANAGER] ⏱️ T3=17489989.024 ms | Task completed (server measured)
execution-manager  | [EXECUTION MANAGER] ⏱️ T4=17489989.698 ms | Result received by client
execution-manager  |    [TASK EXECUTION] 2159.778 ms (T3-T2, measured in thread)
execution-manager  |    [RESULT] {"result": 0}
execution-manager  | 
execution-manager  | ╔═══════════════════════════════════════════════════════════════╗
execution-manager  | ║           END-TO-END TIMING MEASUREMENT RECAP                 ║
execution-manager  | ║                   Task 2: sum                                 
execution-manager  | ╠═══════════════════════════════════════════════════════════════╣
execution-manager  | ║ T1 (start_request)    = 17487828.172 ms                        ║
execution-manager  | ║ T2 (end_request)      = 17487829.246 ms                        ║
execution-manager  | ║ T3 (start_result)     = 17489989.024 ms                        ║
execution-manager  | ║ T4 (end_result)       = 17489989.698 ms                        ║
execution-manager  | ╠═══════════════════════════════════════════════════════════════╣
execution-manager  | ║ METRICS:                                                      ║
execution-manager  | ║   Request Latency    =        1.074 ms  (T2 - T1)            ║
execution-manager  | ║   Task Execution     =     2159.778 ms  (T3 - T2)            ║
execution-manager  | ║   Response Latency   =        0.674 ms  (T4 - T3)            ║
execution-manager  | ║   Total End-to-End   =     2161.526 ms  (T4 - T1)            ║
execution-manager  | ║   Network Overhead   =        1.748 ms  (Req + Resp)         ║
execution-manager  | ╚═══════════════════════════════════════════════════════════════╝
execution-manager  | 
execution-manager  | [gRPC Client Async] Stream completed, received 1 responses
execution-manager  | [GRPC THREAD 2] Completed
execution-manager  | [SCHEDULER] ✅ T=22163 ms: Task 2 'sum' completed with status 2
execution-manager  | [SCHEDULER] 🔕 Timeout disarmed for task 2
execution-manager  | [SCHEDULER] 2 tasks remaining
execution-manager  | [SCHEDULER] ⏰ T=30001 ms: Launching task 3 'sum' (deadline: 50000 ms)
execution-manager  | [SCHEDULER] 🕐 Timeout armed for task 3 at T=50000 ms (in 19999 ms)
execution-manager  | [GRPC THREAD 3] Starting...
execution-manager  | [EXECUTION MANAGER] ⏱️ T1=17497828.231 ms | Sending gRPC request for task 3 'sum'
execution-manager  | [gRPC Channel Pool] Reusing existing channel for localhost:50051
execution-manager  | [gRPC Client Async] Calling task 'sum' at localhost:50051
execution-manager  | [gRPC Client Async] Inputs: {"total_ops": 1000, "io_percentage": 50}
execution-manager  | [gRPC Client Async] Response #1 - Status: COMPLETED
execution-manager  | 🎉 [T=32183 ms] Task 3 'sum' COMPLETED
execution-manager  | [EXECUTION MANAGER] ⏱️ T2=17497829.370 ms | Thread started (server measured)
execution-manager  | [EXECUTION MANAGER] ⏱️ T3=17500009.172 ms | Task completed (server measured)
execution-manager  | [EXECUTION MANAGER] ⏱️ T4=17500010.084 ms | Result received by client
execution-manager  |    [TASK EXECUTION] 2179.801 ms (T3-T2, measured in thread)
execution-manager  |    [RESULT] {"result": 0}
execution-manager  | 
execution-manager  | ╔═══════════════════════════════════════════════════════════════╗
execution-manager  | ║           END-TO-END TIMING MEASUREMENT RECAP                 ║
execution-manager  | ║                   Task 3: sum                                 
execution-manager  | ╠═══════════════════════════════════════════════════════════════╣
execution-manager  | ║ T1 (start_request)    = 17497828.231 ms                        ║
execution-manager  | ║ T2 (end_request)      = 17497829.370 ms                        ║
execution-manager  | ║ T3 (start_result)     = 17500009.172 ms                        ║
execution-manager  | ║ T4 (end_result)       = 17500010.084 ms                        ║
execution-manager  | ╠═══════════════════════════════════════════════════════════════╣
execution-manager  | ║ METRICS:                                                      ║
execution-manager  | ║   Request Latency    =        1.139 ms  (T2 - T1)            ║
execution-manager  | ║   Task Execution     =     2179.801 ms  (T3 - T2)            ║
execution-manager  | ║   Response Latency   =        0.912 ms  (T4 - T3)            ║
execution-manager  | ║   Total End-to-End   =     2181.852 ms  (T4 - T1)            ║
execution-manager  | ║   Network Overhead   =        2.051 ms  (Req + Resp)         ║
execution-manager  | ╚═══════════════════════════════════════════════════════════════╝
execution-manager  | 
execution-manager  | [gRPC Client Async] Stream completed, received 1 responses
execution-manager  | [GRPC THREAD 3] Completed
execution-manager  | [SCHEDULER] ✅ T=32183 ms: Task 3 'sum' completed with status 2
execution-manager  | [SCHEDULER] 🔕 Timeout disarmed for task 3
execution-manager  | [SCHEDULER] 1 tasks remaining
execution-manager  | [SCHEDULER] ⏰ T=40001 ms: Launching task 4 'sum' (deadline: 60000 ms)
execution-manager  | [SCHEDULER] 🕐 Timeout armed for task 4 at T=60000 ms (in 19999 ms)
execution-manager  | [GRPC THREAD 4] Starting...
execution-manager  | [EXECUTION MANAGER] ⏱️ T1=17507828.227 ms | Sending gRPC request for task 4 'sum'
execution-manager  | [gRPC Channel Pool] Reusing existing channel for localhost:50051
execution-manager  | [gRPC Client Async] Calling task 'sum' at localhost:50051
execution-manager  | [gRPC Client Async] Inputs: {"total_ops": 1000, "io_percentage": 50}
execution-manager  | [gRPC Client Async] Response #1 - Status: COMPLETED
execution-manager  | 🎉 [T=42173 ms] Task 4 'sum' COMPLETED
execution-manager  | [EXECUTION MANAGER] ⏱️ T2=17507829.345 ms | Thread started (server measured)
execution-manager  | [EXECUTION MANAGER] ⏱️ T3=17509999.986 ms | Task completed (server measured)
execution-manager  | [EXECUTION MANAGER] ⏱️ T4=17510000.954 ms | Result received by client
execution-manager  |    [TASK EXECUTION] 2170.641 ms (T3-T2, measured in thread)
execution-manager  |    [RESULT] {"result": 0}
execution-manager  | 
execution-manager  | ╔═══════════════════════════════════════════════════════════════╗
execution-manager  | ║           END-TO-END TIMING MEASUREMENT RECAP                 ║
execution-manager  | ║                   Task 4: sum                                 
execution-manager  | ╠═══════════════════════════════════════════════════════════════╣
execution-manager  | ║ T1 (start_request)    = 17507828.227 ms                        ║
execution-manager  | ║ T2 (end_request)      = 17507829.345 ms                        ║
execution-manager  | ║ T3 (start_result)     = 17509999.986 ms                        ║
execution-manager  | ║ T4 (end_result)       = 17510000.954 ms                        ║
execution-manager  | ╠═══════════════════════════════════════════════════════════════╣
execution-manager  | ║ METRICS:                                                      ║
execution-manager  | ║   Request Latency    =        1.119 ms  (T2 - T1)            ║
execution-manager  | ║   Task Execution     =     2170.641 ms  (T3 - T2)            ║
execution-manager  | ║   Response Latency   =        0.968 ms  (T4 - T3)            ║
execution-manager  | ║   Total End-to-End   =     2172.727 ms  (T4 - T1)            ║
execution-manager  | ║   Network Overhead   =        2.087 ms  (Req + Resp)         ║
execution-manager  | ╚═══════════════════════════════════════════════════════════════╝
execution-manager  | 
execution-manager  | [gRPC Client Async] Stream completed, received 1 responses
execution-manager  | [GRPC THREAD 4] Completed
execution-manager  | [SCHEDULER] ✅ T=42174 ms: Task 4 'sum' completed with status 2
execution-manager  | [SCHEDULER] 🔕 Timeout disarmed for task 4
execution-manager  | [SCHEDULER] 0 tasks remaining
execution-manager  | 
execution-manager  | [SCHEDULER] 🏁 Iteration 6/25 complete!
execution-manager  | [SCHEDULER] Iteration execution time: 42174 ms
execution-manager  | 
execution-manager  | 
execution-manager  | [SCHEDULER] 🔁 ===== ITERATION 7 / 25 =====
execution-manager  | 
execution-manager  | [SCHEDULER] 🚀 Schedule started at T=0
execution-manager  | 
execution-manager  | [SCHEDULER] 🔄 Entering event loop (NO SLEEP - event-driven!)
execution-manager  | 
execution-manager  | [SCHEDULER] ⏰ T=10000 ms: Launching task 1 'sum' (deadline: 30000 ms)
execution-manager  | [SCHEDULER] 🕐 Timeout armed for task 1 at T=30000 ms (in 20000 ms)
execution-manager  | [GRPC THREAD 1] Starting...
execution-manager  | [EXECUTION MANAGER] ⏱️ T1=17520001.543 ms | Sending gRPC request for task 1 'sum'
execution-manager  | [gRPC Channel Pool] Reusing existing channel for localhost:50051
execution-manager  | [gRPC Client Async] Calling task 'sum' at localhost:50051
execution-manager  | [gRPC Client Async] Inputs: {"total_ops": 1000, "io_percentage": 50}
execution-manager  | [gRPC Client Async] Response #1 - Status: COMPLETED
execution-manager  | 🎉 [T=12163 ms] Task 1 'sum' COMPLETED
execution-manager  | [EXECUTION MANAGER] ⏱️ T2=17520002.513 ms | Thread started (server measured)
execution-manager  | [EXECUTION MANAGER] ⏱️ T3=17522163.268 ms | Task completed (server measured)
execution-manager  | [EXECUTION MANAGER] ⏱️ T4=17522164.075 ms | Result received by client
execution-manager  |    [TASK EXECUTION] 2160.755 ms (T3-T2, measured in thread)
execution-manager  |    [RESULT] {"result": 0}
execution-manager  | 
execution-manager  | ╔═══════════════════════════════════════════════════════════════╗
execution-manager  | ║           END-TO-END TIMING MEASUREMENT RECAP                 ║
execution-manager  | ║                   Task 1: sum                                 
execution-manager  | ╠═══════════════════════════════════════════════════════════════╣
execution-manager  | ║ T1 (start_request)    = 17520001.543 ms                        ║
execution-manager  | ║ T2 (end_request)      = 17520002.513 ms                        ║
execution-manager  | ║ T3 (start_result)     = 17522163.268 ms                        ║
execution-manager  | ║ T4 (end_result)       = 17522164.075 ms                        ║
execution-manager  | ╠═══════════════════════════════════════════════════════════════╣
execution-manager  | ║ METRICS:                                                      ║
execution-manager  | ║   Request Latency    =        0.970 ms  (T2 - T1)            ║
execution-manager  | ║   Task Execution     =     2160.755 ms  (T3 - T2)            ║
execution-manager  | ║   Response Latency   =        0.807 ms  (T4 - T3)            ║
execution-manager  | ║   Total End-to-End   =     2162.532 ms  (T4 - T1)            ║
execution-manager  | ║   Network Overhead   =        1.777 ms  (Req + Resp)         ║
execution-manager  | ╚═══════════════════════════════════════════════════════════════╝
execution-manager  | 
execution-manager  | [SCHEDULER] ✅ T=12163 ms: Task 1 'sum' completed with status 2
execution-manager  | [SCHEDULER] 🔕 Timeout disarmed for task 1
execution-manager  | [SCHEDULER] 3 tasks remaining
execution-manager  | [gRPC Client Async] Stream completed, received 1 responses
execution-manager  | [GRPC THREAD 1] Completed
execution-manager  | [SCHEDULER] ⏰ T=20000 ms: Launching task 2 'sum' (deadline: 40000 ms)
execution-manager  | [SCHEDULER] 🕐 Timeout armed for task 2 at T=40000 ms (in 20000 ms)
execution-manager  | [GRPC THREAD 2] Starting...
execution-manager  | [EXECUTION MANAGER] ⏱️ T1=17530001.577 ms | Sending gRPC request for task 2 'sum'
execution-manager  | [gRPC Channel Pool] Reusing existing channel for localhost:50051
execution-manager  | [gRPC Client Async] Calling task 'sum' at localhost:50051
execution-manager  | [gRPC Client Async] Inputs: {"total_ops": 1000, "io_percentage": 50}
execution-manager  | [gRPC Client Async] Response #1 - Status: COMPLETED
execution-manager  | 🎉 [T=22229 ms] Task 2 'sum' COMPLETED
execution-manager  | [EXECUTION MANAGER] ⏱️ T2=17530002.691 ms | Thread started (server measured)
execution-manager  | [EXECUTION MANAGER] ⏱️ T3=17532229.983 ms | Task completed (server measured)
execution-manager  | [EXECUTION MANAGER] ⏱️ T4=17532230.613 ms | Result received by client
execution-manager  |    [TASK EXECUTION] 2227.292 ms (T3-T2, measured in thread)
execution-manager  |    [RESULT] {"result": 0}
execution-manager  | 
execution-manager  | ╔═══════════════════════════════════════════════════════════════╗
execution-manager  | ║           END-TO-END TIMING MEASUREMENT RECAP                 ║
execution-manager  | ║                   Task 2: sum                                 
execution-manager  | ╠═══════════════════════════════════════════════════════════════╣
execution-manager  | ║ T1 (start_request)    = 17530001.577 ms                        ║
execution-manager  | ║ T2 (end_request)      = 17530002.691 ms                        ║
execution-manager  | ║ T3 (start_result)     = 17532229.983 ms                        ║
execution-manager  | ║ T4 (end_result)       = 17532230.613 ms                        ║
execution-manager  | ╠═══════════════════════════════════════════════════════════════╣
execution-manager  | ║ METRICS:                                                      ║
execution-manager  | ║   Request Latency    =        1.114 ms  (T2 - T1)            ║
execution-manager  | ║   Task Execution     =     2227.292 ms  (T3 - T2)            ║
execution-manager  | ║   Response Latency   =        0.630 ms  (T4 - T3)            ║
execution-manager  | ║   Total End-to-End   =     2229.036 ms  (T4 - T1)            ║
execution-manager  | ║   Network Overhead   =        1.744 ms  (Req + Resp)         ║
execution-manager  | ╚═══════════════════════════════════════════════════════════════╝
execution-manager  | 
execution-manager  | [gRPC Client Async] Stream completed, received 1 responses
execution-manager  | [GRPC THREAD 2] Completed
execution-manager  | [SCHEDULER] ✅ T=22229 ms: Task 2 'sum' completed with status 2
execution-manager  | [SCHEDULER] 🔕 Timeout disarmed for task 2
execution-manager  | [SCHEDULER] 2 tasks remaining
execution-manager  | [SCHEDULER] ⏰ T=30000 ms: Launching task 3 'sum' (deadline: 50000 ms)
execution-manager  | [SCHEDULER] 🕐 Timeout armed for task 3 at T=50000 ms (in 20000 ms)
execution-manager  | [GRPC THREAD 3] Starting...
execution-manager  | [EXECUTION MANAGER] ⏱️ T1=17540001.603 ms | Sending gRPC request for task 3 'sum'
execution-manager  | [gRPC Channel Pool] Reusing existing channel for localhost:50051
execution-manager  | [gRPC Client Async] Calling task 'sum' at localhost:50051
execution-manager  | [gRPC Client Async] Inputs: {"total_ops": 1000, "io_percentage": 50}
execution-manager  | [gRPC Client Async] Response #1 - Status: COMPLETED
execution-manager  | 🎉 [T=32233 ms] Task 3 'sum' COMPLETED
execution-manager  | [EXECUTION MANAGER] ⏱️ T2=17540002.745 ms | Thread started (server measured)
execution-manager  | [EXECUTION MANAGER] ⏱️ T3=17542233.845 ms | Task completed (server measured)
execution-manager  | [EXECUTION MANAGER] ⏱️ T4=17542234.676 ms | Result received by client
execution-manager  |    [TASK EXECUTION] 2231.100 ms (T3-T2, measured in thread)
execution-manager  |    [RESULT] {"result": 0}
execution-manager  | 
execution-manager  | ╔═══════════════════════════════════════════════════════════════╗
execution-manager  | ║           END-TO-END TIMING MEASUREMENT RECAP                 ║
execution-manager  | ║                   Task 3: sum                                 
execution-manager  | ╠═══════════════════════════════════════════════════════════════╣
execution-manager  | ║ T1 (start_request)    = 17540001.603 ms                        ║
execution-manager  | ║ T2 (end_request)      = 17540002.745 ms                        ║
execution-manager  | ║ T3 (start_result)     = 17542233.845 ms                        ║
execution-manager  | ║ T4 (end_result)       = 17542234.676 ms                        ║
execution-manager  | ╠═══════════════════════════════════════════════════════════════╣
execution-manager  | ║ METRICS:                                                      ║
execution-manager  | ║   Request Latency    =        1.142 ms  (T2 - T1)            ║
execution-manager  | ║   Task Execution     =     2231.100 ms  (T3 - T2)            ║
execution-manager  | ║   Response Latency   =        0.830 ms  (T4 - T3)            ║
execution-manager  | ║   Total End-to-End   =     2233.072 ms  (T4 - T1)            ║
execution-manager  | ║   Network Overhead   =        1.972 ms  (Req + Resp)         ║
execution-manager  | ╚═══════════════════════════════════════════════════════════════╝
execution-manager  | 
execution-manager  | [SCHEDULER] ✅ T=32233 ms: Task 3 'sum' completed with status 2
execution-manager  | [SCHEDULER] 🔕 Timeout disarmed for task 3
execution-manager  | [SCHEDULER] 1 tasks remaining
execution-manager  | [gRPC Client Async] Stream completed, received 1 responses
execution-manager  | [GRPC THREAD 3] Completed
execution-manager  | [SCHEDULER] ⏰ T=40000 ms: Launching task 4 'sum' (deadline: 60000 ms)
execution-manager  | [SCHEDULER] 🕐 Timeout armed for task 4 at T=60000 ms (in 20000 ms)
execution-manager  | [GRPC THREAD 4] Starting...
execution-manager  | [EXECUTION MANAGER] ⏱️ T1=17550001.627 ms | Sending gRPC request for task 4 'sum'
execution-manager  | [gRPC Channel Pool] Reusing existing channel for localhost:50051
execution-manager  | [gRPC Client Async] Calling task 'sum' at localhost:50051
execution-manager  | [gRPC Client Async] Inputs: {"total_ops": 1000, "io_percentage": 50}
execution-manager  | [gRPC Client Async] Response #1 - Status: COMPLETED
execution-manager  | 🎉 [T=42238 ms] Task 4 'sum' COMPLETED
execution-manager  | [EXECUTION MANAGER] ⏱️ T2=17550002.792 ms | Thread started (server measured)
execution-manager  | [EXECUTION MANAGER] ⏱️ T3=17552238.694 ms | Task completed (server measured)
execution-manager  | [EXECUTION MANAGER] ⏱️ T4=17552239.198 ms | Result received by client
execution-manager  |    [TASK EXECUTION] 2235.902 ms (T3-T2, measured in thread)
execution-manager  |    [RESULT] {"result": 0}
execution-manager  | 
execution-manager  | ╔═══════════════════════════════════════════════════════════════╗
execution-manager  | ║           END-TO-END TIMING MEASUREMENT RECAP                 ║
execution-manager  | ║                   Task 4: sum                                 
execution-manager  | ╠═══════════════════════════════════════════════════════════════╣
execution-manager  | ║ T1 (start_request)    = 17550001.627 ms                        ║
execution-manager  | ║ T2 (end_request)      = 17550002.792 ms                        ║
execution-manager  | ║ T3 (start_result)     = 17552238.694 ms                        ║
execution-manager  | ║ T4 (end_result)       = 17552239.198 ms                        ║
execution-manager  | ╠═══════════════════════════════════════════════════════════════╣
execution-manager  | ║ METRICS:                                                      ║
execution-manager  | ║   Request Latency    =        1.165 ms  (T2 - T1)            ║
execution-manager  | ║   Task Execution     =     2235.902 ms  (T3 - T2)            ║
execution-manager  | ║   Response Latency   =        0.504 ms  (T4 - T3)            ║
execution-manager  | ║   Total End-to-End   =     2237.571 ms  (T4 - T1)            ║
execution-manager  | ║   Network Overhead   =        1.669 ms  (Req + Resp)         ║
execution-manager  | ╚═══════════════════════════════════════════════════════════════╝
execution-manager  | 
execution-manager  | [SCHEDULER] ✅ T=42238 ms: Task 4 'sum' completed with status 2
execution-manager  | [SCHEDULER] 🔕 Timeout disarmed for task 4
execution-manager  | [SCHEDULER] 0 tasks remaining
execution-manager  | 
execution-manager  | [SCHEDULER] 🏁 Iteration 7/25 complete!
execution-manager  | [SCHEDULER] Iteration execution time: 42238 ms
execution-manager  | 
execution-manager  | 
execution-manager  | [SCHEDULER] 🔁 ===== ITERATION 8 / 25 =====
execution-manager  | 
execution-manager  | [SCHEDULER] 🚀 Schedule started at T=0
execution-manager  | 
execution-manager  | [SCHEDULER] 🔄 Entering event loop (NO SLEEP - event-driven!)
execution-manager  | 
execution-manager  | [gRPC Client Async] Stream completed, received 1 responses
execution-manager  | [GRPC THREAD 4] Completed
execution-manager  | [SCHEDULER] ⏰ T=10000 ms: Launching task 1 'sum' (deadline: 30000 ms)
execution-manager  | [SCHEDULER] 🕐 Timeout armed for task 1 at T=30000 ms (in 20000 ms)
execution-manager  | [GRPC THREAD 1] Starting...
execution-manager  | [EXECUTION MANAGER] ⏱️ T1=17562239.594 ms | Sending gRPC request for task 1 'sum'
execution-manager  | [gRPC Channel Pool] Reusing existing channel for localhost:50051
execution-manager  | [gRPC Client Async] Calling task 'sum' at localhost:50051
execution-manager  | [gRPC Client Async] Inputs: {"total_ops": 1000, "io_percentage": 50}
execution-manager  | [gRPC Client Async] Response #1 - Status: COMPLETED
execution-manager  | 🎉 [T=12174 ms] Task 1 'sum' COMPLETED
execution-manager  | [EXECUTION MANAGER] ⏱️ T2=17562240.710 ms | Thread started (server measured)
execution-manager  | [EXECUTION MANAGER] ⏱️ T3=17564413.144 ms | Task completed (server measured)
execution-manager  | [EXECUTION MANAGER] ⏱️ T4=17564413.790 ms | Result received by client
execution-manager  |    [TASK EXECUTION] 2172.434 ms (T3-T2, measured in thread)
execution-manager  |    [RESULT] {"result": 0}
execution-manager  | 
execution-manager  | ╔═══════════════════════════════════════════════════════════════╗
execution-manager  | ║           END-TO-END TIMING MEASUREMENT RECAP                 ║
execution-manager  | ║                   Task 1: sum                                 
execution-manager  | ╠═══════════════════════════════════════════════════════════════╣
execution-manager  | ║ T1 (start_request)    = 17562239.594 ms                        ║
execution-manager  | ║ T2 (end_request)      = 17562240.710 ms                        ║
execution-manager  | ║ T3 (start_result)     = 17564413.144 ms                        ║
execution-manager  | ║ T4 (end_result)       = 17564413.790 ms                        ║
execution-manager  | ╠═══════════════════════════════════════════════════════════════╣
execution-manager  | ║ METRICS:                                                      ║
execution-manager  | ║   Request Latency    =        1.116 ms  (T2 - T1)            ║
execution-manager  | ║   Task Execution     =     2172.434 ms  (T3 - T2)            ║
execution-manager  | ║   Response Latency   =        0.646 ms  (T4 - T3)            ║
execution-manager  | ║   Total End-to-End   =     2174.196 ms  (T4 - T1)            ║
execution-manager  | ║   Network Overhead   =        1.762 ms  (Req + Resp)         ║
execution-manager  | ╚═══════════════════════════════════════════════════════════════╝
execution-manager  | 
execution-manager  | [gRPC Client Async] Stream completed, received 1 responses
execution-manager  | [GRPC THREAD 1] Completed
execution-manager  | [SCHEDULER] ✅ T=12175 ms: Task 1 'sum' completed with status 2
execution-manager  | [SCHEDULER] 🔕 Timeout disarmed for task 1
execution-manager  | [SCHEDULER] 3 tasks remaining
execution-manager  | [SCHEDULER] ⏰ T=20000 ms: Launching task 2 'sum' (deadline: 40000 ms)
execution-manager  | [SCHEDULER] 🕐 Timeout armed for task 2 at T=40000 ms (in 20000 ms)
execution-manager  | [GRPC THREAD 2] Starting...
execution-manager  | [EXECUTION MANAGER] ⏱️ T1=17572239.624 ms | Sending gRPC request for task 2 'sum'
execution-manager  | [gRPC Channel Pool] Reusing existing channel for localhost:50051
execution-manager  | [gRPC Client Async] Calling task 'sum' at localhost:50051
execution-manager  | [gRPC Client Async] Inputs: {"total_ops": 1000, "io_percentage": 50}
execution-manager  | [gRPC Client Async] Response #1 - Status: COMPLETED
execution-manager  | 🎉 [T=22154 ms] Task 2 'sum' COMPLETED
execution-manager  | [EXECUTION MANAGER] ⏱️ T2=17572240.720 ms | Thread started (server measured)
execution-manager  | [EXECUTION MANAGER] ⏱️ T3=17574392.653 ms | Task completed (server measured)
execution-manager  | [EXECUTION MANAGER] ⏱️ T4=17574393.384 ms | Result received by client
execution-manager  |    [TASK EXECUTION] 2151.933 ms (T3-T2, measured in thread)
execution-manager  |    [RESULT] {"result": 0}
execution-manager  | 
execution-manager  | ╔═══════════════════════════════════════════════════════════════╗
execution-manager  | ║           END-TO-END TIMING MEASUREMENT RECAP                 ║
execution-manager  | ║                   Task 2: sum                                 
execution-manager  | ╠═══════════════════════════════════════════════════════════════╣
execution-manager  | ║ T1 (start_request)    = 17572239.624 ms                        ║
execution-manager  | ║ T2 (end_request)      = 17572240.720 ms                        ║
execution-manager  | ║ T3 (start_result)     = 17574392.653 ms                        ║
execution-manager  | ║ T4 (end_result)       = 17574393.384 ms                        ║
execution-manager  | ╠═══════════════════════════════════════════════════════════════╣
execution-manager  | ║ METRICS:                                                      ║
execution-manager  | ║   Request Latency    =        1.096 ms  (T2 - T1)            ║
execution-manager  | ║   Task Execution     =     2151.933 ms  (T3 - T2)            ║
execution-manager  | ║   Response Latency   =        0.731 ms  (T4 - T3)            ║
execution-manager  | ║   Total End-to-End   =     2153.760 ms  (T4 - T1)            ║
execution-manager  | ║   Network Overhead   =        1.827 ms  (Req + Resp)         ║
execution-manager  | ╚═══════════════════════════════════════════════════════════════╝
execution-manager  | 
execution-manager  | [gRPC Client Async] Stream completed, received 1 responses
execution-manager  | [GRPC THREAD 2] Completed
execution-manager  | [SCHEDULER] ✅ T=22154 ms: Task 2 'sum' completed with status 2
execution-manager  | [SCHEDULER] 🔕 Timeout disarmed for task 2
execution-manager  | [SCHEDULER] 2 tasks remaining
execution-manager  | [SCHEDULER] ⏰ T=30000 ms: Launching task 3 'sum' (deadline: 50000 ms)
execution-manager  | [SCHEDULER] 🕐 Timeout armed for task 3 at T=50000 ms (in 20000 ms)
execution-manager  | [GRPC THREAD 3] Starting...
execution-manager  | [EXECUTION MANAGER] ⏱️ T1=17582239.648 ms | Sending gRPC request for task 3 'sum'
execution-manager  | [gRPC Channel Pool] Reusing existing channel for localhost:50051
execution-manager  | [gRPC Client Async] Calling task 'sum' at localhost:50051
execution-manager  | [gRPC Client Async] Inputs: {"total_ops": 1000, "io_percentage": 50}
execution-manager  | [gRPC Client Async] Response #1 - Status: COMPLETED
execution-manager  | 🎉 [T=32160 ms] Task 3 'sum' COMPLETED
execution-manager  | [EXECUTION MANAGER] ⏱️ T2=17582240.784 ms | Thread started (server measured)
execution-manager  | [EXECUTION MANAGER] ⏱️ T3=17584398.683 ms | Task completed (server measured)
execution-manager  | [EXECUTION MANAGER] ⏱️ T4=17584399.331 ms | Result received by client
execution-manager  |    [TASK EXECUTION] 2157.899 ms (T3-T2, measured in thread)
execution-manager  |    [RESULT] {"result": 0}
execution-manager  | 
execution-manager  | ╔═══════════════════════════════════════════════════════════════╗
execution-manager  | ║           END-TO-END TIMING MEASUREMENT RECAP                 ║
execution-manager  | ║                   Task 3: sum                                 
execution-manager  | ╠═══════════════════════════════════════════════════════════════╣
execution-manager  | ║ T1 (start_request)    = 17582239.648 ms                        ║
execution-manager  | ║ T2 (end_request)      = 17582240.784 ms                        ║
execution-manager  | ║ T3 (start_result)     = 17584398.683 ms                        ║
execution-manager  | ║ T4 (end_result)       = 17584399.331 ms                        ║
execution-manager  | ╠═══════════════════════════════════════════════════════════════╣
execution-manager  | ║ METRICS:                                                      ║
execution-manager  | ║   Request Latency    =        1.135 ms  (T2 - T1)            ║
execution-manager  | ║   Task Execution     =     2157.899 ms  (T3 - T2)            ║
execution-manager  | ║   Response Latency   =        0.649 ms  (T4 - T3)            ║
execution-manager  | ║   Total End-to-End   =     2159.683 ms  (T4 - T1)            ║
execution-manager  | ║   Network Overhead   =        1.784 ms  (Req + Resp)         ║
execution-manager  | ╚═══════════════════════════════════════════════════════════════╝
execution-manager  | 
execution-manager  | [gRPC Client Async] Stream completed, received 1 responses
execution-manager  | [GRPC THREAD 3] Completed
execution-manager  | [SCHEDULER] ✅ T=32160 ms: Task 3 'sum' completed with status 2
execution-manager  | [SCHEDULER] 🔕 Timeout disarmed for task 3
execution-manager  | [SCHEDULER] 1 tasks remaining
execution-manager  | [SCHEDULER] ⏰ T=40000 ms: Launching task 4 'sum' (deadline: 60000 ms)
execution-manager  | [SCHEDULER] 🕐 Timeout armed for task 4 at T=60000 ms (in 20000 ms)
execution-manager  | [GRPC THREAD 4] Starting...
execution-manager  | [EXECUTION MANAGER] ⏱️ T1=17592239.677 ms | Sending gRPC request for task 4 'sum'
execution-manager  | [gRPC Channel Pool] Reusing existing channel for localhost:50051
execution-manager  | [gRPC Client Async] Calling task 'sum' at localhost:50051
execution-manager  | [gRPC Client Async] Inputs: {"total_ops": 1000, "io_percentage": 50}
execution-manager  | [gRPC Client Async] Response #1 - Status: COMPLETED
execution-manager  | 🎉 [T=42156 ms] Task 4 'sum' COMPLETED
execution-manager  | [EXECUTION MANAGER] ⏱️ T2=17592240.779 ms | Thread started (server measured)
execution-manager  | [EXECUTION MANAGER] ⏱️ T3=17594394.875 ms | Task completed (server measured)
execution-manager  | [EXECUTION MANAGER] ⏱️ T4=17594395.567 ms | Result received by client
execution-manager  |    [TASK EXECUTION] 2154.096 ms (T3-T2, measured in thread)
execution-manager  |    [RESULT] {"result": 0}
execution-manager  | 
execution-manager  | ╔═══════════════════════════════════════════════════════════════╗
execution-manager  | ║           END-TO-END TIMING MEASUREMENT RECAP                 ║
execution-manager  | ║                   Task 4: sum                                 
execution-manager  | ╠═══════════════════════════════════════════════════════════════╣
execution-manager  | ║ T1 (start_request)    = 17592239.677 ms                        ║
execution-manager  | ║ T2 (end_request)      = 17592240.779 ms                        ║
execution-manager  | ║ T3 (start_result)     = 17594394.875 ms                        ║
execution-manager  | ║ T4 (end_result)       = 17594395.567 ms                        ║
execution-manager  | ╠═══════════════════════════════════════════════════════════════╣
execution-manager  | ║ METRICS:                                                      ║
execution-manager  | ║   Request Latency    =        1.102 ms  (T2 - T1)            ║
execution-manager  | ║   Task Execution     =     2154.096 ms  (T3 - T2)            ║
execution-manager  | ║   Response Latency   =        0.692 ms  (T4 - T3)            ║
execution-manager  | ║   Total End-to-End   =     2155.890 ms  (T4 - T1)            ║
execution-manager  | ║   Network Overhead   =        1.794 ms  (Req + Resp)         ║
execution-manager  | ╚═══════════════════════════════════════════════════════════════╝
execution-manager  | 
execution-manager  | [gRPC Client Async] Stream completed, received 1 responses
execution-manager  | [GRPC THREAD 4] Completed
execution-manager  | [SCHEDULER] ✅ T=42156 ms: Task 4 'sum' completed with status 2
execution-manager  | [SCHEDULER] 🔕 Timeout disarmed for task 4
execution-manager  | [SCHEDULER] 0 tasks remaining
execution-manager  | 
execution-manager  | [SCHEDULER] 🏁 Iteration 8/25 complete!
execution-manager  | [SCHEDULER] Iteration execution time: 42156 ms
execution-manager  | 
execution-manager  | 
execution-manager  | [SCHEDULER] 🔁 ===== ITERATION 9 / 25 =====
execution-manager  | 
execution-manager  | [SCHEDULER] 🚀 Schedule started at T=0
execution-manager  | 
execution-manager  | [SCHEDULER] 🔄 Entering event loop (NO SLEEP - event-driven!)
execution-manager  | 
execution-manager  | [SCHEDULER] ⏰ T=10001 ms: Launching task 1 'sum' (deadline: 30000 ms)
execution-manager  | [SCHEDULER] 🕐 Timeout armed for task 1 at T=30000 ms (in 19999 ms)
execution-manager  | [GRPC THREAD 1] Starting...
execution-manager  | [EXECUTION MANAGER] ⏱️ T1=17604396.182 ms | Sending gRPC request for task 1 'sum'
execution-manager  | [gRPC Channel Pool] Reusing existing channel for localhost:50051
execution-manager  | [gRPC Client Async] Calling task 'sum' at localhost:50051
execution-manager  | [gRPC Client Async] Inputs: {"total_ops": 1000, "io_percentage": 50}
execution-manager  | [gRPC Client Async] Response #1 - Status: COMPLETED
execution-manager  | 🎉 [T=12152 ms] Task 1 'sum' COMPLETED
execution-manager  | [EXECUTION MANAGER] ⏱️ T2=17604397.372 ms | Thread started (server measured)
execution-manager  | [EXECUTION MANAGER] ⏱️ T3=17606546.223 ms | Task completed (server measured)
execution-manager  | [EXECUTION MANAGER] ⏱️ T4=17606547.511 ms | Result received by client
execution-manager  |    [TASK EXECUTION] 2148.851 ms (T3-T2, measured in thread)
execution-manager  |    [RESULT] {"result": 0}
execution-manager  | 
execution-manager  | ╔═══════════════════════════════════════════════════════════════╗
execution-manager  | ║           END-TO-END TIMING MEASUREMENT RECAP                 ║
execution-manager  | ║                   Task 1: sum                                 
execution-manager  | ╠═══════════════════════════════════════════════════════════════╣
execution-manager  | ║ T1 (start_request)    = 17604396.182 ms                        ║
execution-manager  | ║ T2 (end_request)      = 17604397.372 ms                        ║
execution-manager  | ║ T3 (start_result)     = 17606546.223 ms                        ║
execution-manager  | ║ T4 (end_result)       = 17606547.511 ms                        ║
execution-manager  | ╠═══════════════════════════════════════════════════════════════╣
execution-manager  | ║ METRICS:                                                      ║
execution-manager  | ║   Request Latency    =        1.190 ms  (T2 - T1)            ║
execution-manager  | ║   Task Execution     =     2148.851 ms  (T3 - T2)            ║
execution-manager  | ║   Response Latency   =        1.288 ms  (T4 - T3)            ║
execution-manager  | ║   Total End-to-End   =     2151.329 ms  (T4 - T1)            ║
execution-manager  | ║   Network Overhead   =        2.478 ms  (Req + Resp)         ║
execution-manager  | ╚═══════════════════════════════════════════════════════════════╝
execution-manager  | 
execution-manager  | [gRPC Client Async] Stream completed, received 1 responses
execution-manager  | [GRPC THREAD 1] Completed
execution-manager  | [SCHEDULER] ✅ T=12152 ms: Task 1 'sum' completed with status 2
execution-manager  | [SCHEDULER] 🔕 Timeout disarmed for task 1
execution-manager  | [SCHEDULER] 3 tasks remaining
execution-manager  | [SCHEDULER] ⏰ T=20001 ms: Launching task 2 'sum' (deadline: 40000 ms)
execution-manager  | [SCHEDULER] 🕐 Timeout armed for task 2 at T=40000 ms (in 19999 ms)
execution-manager  | [GRPC THREAD 2] Starting...
execution-manager  | [EXECUTION MANAGER] ⏱️ T1=17614396.209 ms | Sending gRPC request for task 2 'sum'
execution-manager  | [gRPC Channel Pool] Reusing existing channel for localhost:50051
execution-manager  | [gRPC Client Async] Calling task 'sum' at localhost:50051
execution-manager  | [gRPC Client Async] Inputs: {"total_ops": 1000, "io_percentage": 50}
execution-manager  | [gRPC Client Async] Response #1 - Status: COMPLETED
execution-manager  | 🎉 [T=22148 ms] Task 2 'sum' COMPLETED
execution-manager  | [EXECUTION MANAGER] ⏱️ T2=17614397.303 ms | Thread started (server measured)
execution-manager  | [EXECUTION MANAGER] ⏱️ T3=17616542.469 ms | Task completed (server measured)
execution-manager  | [EXECUTION MANAGER] ⏱️ T4=17616543.198 ms | Result received by client
execution-manager  |    [TASK EXECUTION] 2145.165 ms (T3-T2, measured in thread)
execution-manager  |    [RESULT] {"result": 0}
execution-manager  | 
execution-manager  | ╔═══════════════════════════════════════════════════════════════╗
execution-manager  | ║           END-TO-END TIMING MEASUREMENT RECAP                 ║
execution-manager  | ║                   Task 2: sum                                 
execution-manager  | ╠═══════════════════════════════════════════════════════════════╣
execution-manager  | ║ T1 (start_request)    = 17614396.209 ms                        ║
execution-manager  | ║ T2 (end_request)      = 17614397.303 ms                        ║
execution-manager  | ║ T3 (start_result)     = 17616542.469 ms                        ║
execution-manager  | ║ T4 (end_result)       = 17616543.198 ms                        ║
execution-manager  | ╠═══════════════════════════════════════════════════════════════╣
execution-manager  | ║ METRICS:                                                      ║
execution-manager  | ║   Request Latency    =        1.095 ms  (T2 - T1)            ║
execution-manager  | ║   Task Execution     =     2145.165 ms  (T3 - T2)            ║
execution-manager  | ║   Response Latency   =        0.730 ms  (T4 - T3)            ║
execution-manager  | ║   Total End-to-End   =     2146.990 ms  (T4 - T1)            ║
execution-manager  | ║   Network Overhead   =        1.825 ms  (Req + Resp)         ║
execution-manager  | ╚═══════════════════════════════════════════════════════════════╝
execution-manager  | 
execution-manager  | [SCHEDULER] ✅ T=22148 ms: Task 2 'sum' completed with status 2
execution-manager  | [SCHEDULER] 🔕 Timeout disarmed for task 2
execution-manager  | [SCHEDULER] 2 tasks remaining
execution-manager  | [gRPC Client Async] Stream completed, received 1 responses
execution-manager  | [GRPC THREAD 2] Completed
execution-manager  | [SCHEDULER] ⏰ T=30001 ms: Launching task 3 'sum' (deadline: 50000 ms)
execution-manager  | [SCHEDULER] 🕐 Timeout armed for task 3 at T=50000 ms (in 19999 ms)
execution-manager  | [GRPC THREAD 3] Starting...
execution-manager  | [EXECUTION MANAGER] ⏱️ T1=17624396.247 ms | Sending gRPC request for task 3 'sum'
execution-manager  | [gRPC Channel Pool] Reusing existing channel for localhost:50051
execution-manager  | [gRPC Client Async] Calling task 'sum' at localhost:50051
execution-manager  | [gRPC Client Async] Inputs: {"total_ops": 1000, "io_percentage": 50}
execution-manager  | [gRPC Client Async] Response #1 - Status: COMPLETED
execution-manager  | 🎉 [T=32155 ms] Task 3 'sum' COMPLETED
execution-manager  | [EXECUTION MANAGER] ⏱️ T2=17624397.352 ms | Thread started (server measured)
execution-manager  | [EXECUTION MANAGER] ⏱️ T3=17626549.343 ms | Task completed (server measured)
execution-manager  | [EXECUTION MANAGER] ⏱️ T4=17626550.380 ms | Result received by client
execution-manager  |    [TASK EXECUTION] 2151.991 ms (T3-T2, measured in thread)
execution-manager  |    [RESULT] {"result": 0}
execution-manager  | 
execution-manager  | ╔═══════════════════════════════════════════════════════════════╗
execution-manager  | ║           END-TO-END TIMING MEASUREMENT RECAP                 ║
execution-manager  | ║                   Task 3: sum                                 
execution-manager  | ╠═══════════════════════════════════════════════════════════════╣
execution-manager  | ║ T1 (start_request)    = 17624396.247 ms                        ║
execution-manager  | ║ T2 (end_request)      = 17624397.352 ms                        ║
execution-manager  | ║ T3 (start_result)     = 17626549.343 ms                        ║
execution-manager  | ║ T4 (end_result)       = 17626550.380 ms                        ║
execution-manager  | ╠═══════════════════════════════════════════════════════════════╣
execution-manager  | ║ METRICS:                                                      ║
execution-manager  | ║   Request Latency    =        1.105 ms  (T2 - T1)            ║
execution-manager  | ║   Task Execution     =     2151.991 ms  (T3 - T2)            ║
execution-manager  | ║   Response Latency   =        1.037 ms  (T4 - T3)            ║
execution-manager  | ║   Total End-to-End   =     2154.133 ms  (T4 - T1)            ║
execution-manager  | ║   Network Overhead   =        2.142 ms  (Req + Resp)         ║
execution-manager  | ╚═══════════════════════════════════════════════════════════════╝
execution-manager  | 
execution-manager  | [gRPC Client Async] Stream completed, received 1 responses
execution-manager  | [GRPC THREAD 3] Completed
execution-manager  | [SCHEDULER] ✅ T=32155 ms: Task 3 'sum' completed with status 2
execution-manager  | [SCHEDULER] 🔕 Timeout disarmed for task 3
execution-manager  | [SCHEDULER] 1 tasks remaining
execution-manager  | [SCHEDULER] ⏰ T=40001 ms: Launching task 4 'sum' (deadline: 60000 ms)
execution-manager  | [SCHEDULER] 🕐 Timeout armed for task 4 at T=60000 ms (in 19999 ms)
execution-manager  | [GRPC THREAD 4] Starting...
execution-manager  | [EXECUTION MANAGER] ⏱️ T1=17634396.263 ms | Sending gRPC request for task 4 'sum'
execution-manager  | [gRPC Channel Pool] Reusing existing channel for localhost:50051
execution-manager  | [gRPC Client Async] Calling task 'sum' at localhost:50051
execution-manager  | [gRPC Client Async] Inputs: {"total_ops": 1000, "io_percentage": 50}
execution-manager  | [gRPC Client Async] Response #1 - Status: COMPLETED
execution-manager  | 🎉 [T=42148 ms] Task 4 'sum' COMPLETED
execution-manager  | [EXECUTION MANAGER] ⏱️ T2=17634397.350 ms | Thread started (server measured)
execution-manager  | [EXECUTION MANAGER] ⏱️ T3=17636543.044 ms | Task completed (server measured)
execution-manager  | [EXECUTION MANAGER] ⏱️ T4=17636543.701 ms | Result received by client
execution-manager  |    [TASK EXECUTION] 2145.694 ms (T3-T2, measured in thread)
execution-manager  |    [RESULT] {"result": 0}
execution-manager  | 
execution-manager  | ╔═══════════════════════════════════════════════════════════════╗
execution-manager  | ║           END-TO-END TIMING MEASUREMENT RECAP                 ║
execution-manager  | ║                   Task 4: sum                                 
execution-manager  | ╠═══════════════════════════════════════════════════════════════╣
execution-manager  | ║ T1 (start_request)    = 17634396.263 ms                        ║
execution-manager  | ║ T2 (end_request)      = 17634397.350 ms                        ║
execution-manager  | ║ T3 (start_result)     = 17636543.044 ms                        ║
execution-manager  | ║ T4 (end_result)       = 17636543.701 ms                        ║
execution-manager  | ╠═══════════════════════════════════════════════════════════════╣
execution-manager  | ║ METRICS:                                                      ║
execution-manager  | ║   Request Latency    =        1.088 ms  (T2 - T1)            ║
execution-manager  | ║   Task Execution     =     2145.694 ms  (T3 - T2)            ║
execution-manager  | ║   Response Latency   =        0.657 ms  (T4 - T3)            ║
execution-manager  | ║   Total End-to-End   =     2147.438 ms  (T4 - T1)            ║
execution-manager  | ║   Network Overhead   =        1.744 ms  (Req + Resp)         ║
execution-manager  | ╚═══════════════════════════════════════════════════════════════╝
execution-manager  | 
execution-manager  | [gRPC Client Async] Stream completed, received 1 responses
execution-manager  | [GRPC THREAD 4] Completed
execution-manager  | [SCHEDULER] ✅ T=42149 ms: Task 4 'sum' completed with status 2
execution-manager  | [SCHEDULER] 🔕 Timeout disarmed for task 4
execution-manager  | [SCHEDULER] 0 tasks remaining
execution-manager  | 
execution-manager  | [SCHEDULER] 🏁 Iteration 9/25 complete!
execution-manager  | [SCHEDULER] Iteration execution time: 42149 ms
execution-manager  | 
execution-manager  | 
execution-manager  | [SCHEDULER] 🔁 ===== ITERATION 10 / 25 =====
execution-manager  | 
execution-manager  | [SCHEDULER] 🚀 Schedule started at T=0
execution-manager  | 
execution-manager  | [SCHEDULER] 🔄 Entering event loop (NO SLEEP - event-driven!)
execution-manager  | 
execution-manager  | [SCHEDULER] ⏰ T=10000 ms: Launching task 1 'sum' (deadline: 30000 ms)
execution-manager  | [SCHEDULER] 🕐 Timeout armed for task 1 at T=30000 ms (in 20000 ms)
execution-manager  | [GRPC THREAD 1] Starting...
execution-manager  | [EXECUTION MANAGER] ⏱️ T1=17646544.447 ms | Sending gRPC request for task 1 'sum'
execution-manager  | [gRPC Channel Pool] Reusing existing channel for localhost:50051
execution-manager  | [gRPC Client Async] Calling task 'sum' at localhost:50051
execution-manager  | [gRPC Client Async] Inputs: {"total_ops": 1000, "io_percentage": 50}
execution-manager  | [gRPC Client Async] Response #1 - Status: COMPLETED
execution-manager  | 🎉 [T=12156 ms] Task 1 'sum' COMPLETED
execution-manager  | [EXECUTION MANAGER] ⏱️ T2=17646545.496 ms | Thread started (server measured)
execution-manager  | [EXECUTION MANAGER] ⏱️ T3=17648700.099 ms | Task completed (server measured)
execution-manager  | [EXECUTION MANAGER] ⏱️ T4=17648700.765 ms | Result received by client
execution-manager  |    [TASK EXECUTION] 2154.604 ms (T3-T2, measured in thread)
execution-manager  |    [RESULT] {"result": 0}
execution-manager  | 
execution-manager  | ╔═══════════════════════════════════════════════════════════════╗
execution-manager  | ║           END-TO-END TIMING MEASUREMENT RECAP                 ║
execution-manager  | ║                   Task 1: sum                                 
execution-manager  | ╠═══════════════════════════════════════════════════════════════╣
execution-manager  | ║ T1 (start_request)    = 17646544.447 ms                        ║
execution-manager  | ║ T2 (end_request)      = 17646545.496 ms                        ║
execution-manager  | ║ T3 (start_result)     = 17648700.099 ms                        ║
execution-manager  | ║ T4 (end_result)       = 17648700.765 ms                        ║
execution-manager  | ╠═══════════════════════════════════════════════════════════════╣
execution-manager  | ║ METRICS:                                                      ║
execution-manager  | ║   Request Latency    =        1.049 ms  (T2 - T1)            ║
execution-manager  | ║   Task Execution     =     2154.604 ms  (T3 - T2)            ║
execution-manager  | ║   Response Latency   =        0.665 ms  (T4 - T3)            ║
execution-manager  | ║   Total End-to-End   =     2156.318 ms  (T4 - T1)            ║
execution-manager  | ║   Network Overhead   =        1.714 ms  (Req + Resp)         ║
execution-manager  | ╚═══════════════════════════════════════════════════════════════╝
execution-manager  | 
execution-manager  | [SCHEDULER] ✅ T=12156 ms: Task 1 'sum' completed with status 2
execution-manager  | [SCHEDULER] 🔕 Timeout disarmed for task 1
execution-manager  | [SCHEDULER] 3 tasks remaining
execution-manager  | [gRPC Client Async] Stream completed, received 1 responses
execution-manager  | [GRPC THREAD 1] Completed
execution-manager  | [SCHEDULER] ⏰ T=20000 ms: Launching task 2 'sum' (deadline: 40000 ms)
execution-manager  | [SCHEDULER] 🕐 Timeout armed for task 2 at T=40000 ms (in 20000 ms)
execution-manager  | [GRPC THREAD 2] Starting...
execution-manager  | [EXECUTION MANAGER] ⏱️ T1=17656544.323 ms | Sending gRPC request for task 2 'sum'
execution-manager  | [gRPC Channel Pool] Reusing existing channel for localhost:50051
execution-manager  | [gRPC Client Async] Calling task 'sum' at localhost:50051
execution-manager  | [gRPC Client Async] Inputs: {"total_ops": 1000, "io_percentage": 50}
execution-manager  | [gRPC Client Async] Response #1 - Status: COMPLETED
execution-manager  | 🎉 [T=22111 ms] Task 2 'sum' COMPLETED
execution-manager  | [EXECUTION MANAGER] ⏱️ T2=17656545.304 ms | Thread started (server measured)
execution-manager  | [EXECUTION MANAGER] ⏱️ T3=17658654.199 ms | Task completed (server measured)
execution-manager  | [EXECUTION MANAGER] ⏱️ T4=17658655.148 ms | Result received by client
execution-manager  |    [TASK EXECUTION] 2108.895 ms (T3-T2, measured in thread)
execution-manager  |    [RESULT] {"result": 0}
execution-manager  | 
execution-manager  | ╔═══════════════════════════════════════════════════════════════╗
execution-manager  | ║           END-TO-END TIMING MEASUREMENT RECAP                 ║
execution-manager  | ║                   Task 2: sum                                 
execution-manager  | ╠═══════════════════════════════════════════════════════════════╣
execution-manager  | ║ T1 (start_request)    = 17656544.323 ms                        ║
execution-manager  | ║ T2 (end_request)      = 17656545.304 ms                        ║
execution-manager  | ║ T3 (start_result)     = 17658654.199 ms                        ║
execution-manager  | ║ T4 (end_result)       = 17658655.148 ms                        ║
execution-manager  | ╠═══════════════════════════════════════════════════════════════╣
execution-manager  | ║ METRICS:                                                      ║
execution-manager  | ║   Request Latency    =        0.981 ms  (T2 - T1)            ║
execution-manager  | ║   Task Execution     =     2108.895 ms  (T3 - T2)            ║
execution-manager  | ║   Response Latency   =        0.948 ms  (T4 - T3)            ║
execution-manager  | ║   Total End-to-End   =     2110.825 ms  (T4 - T1)            ║
execution-manager  | ║   Network Overhead   =        1.930 ms  (Req + Resp)         ║
execution-manager  | ╚═══════════════════════════════════════════════════════════════╝
execution-manager  | 
execution-manager  | [SCHEDULER] ✅ T=22111 ms: Task 2 'sum' completed with status 2
execution-manager  | [SCHEDULER] 🔕 Timeout disarmed for task 2
execution-manager  | [SCHEDULER] 2 tasks remaining
execution-manager  | [gRPC Client Async] Stream completed, received 1 responses
execution-manager  | [GRPC THREAD 2] Completed
execution-manager  | [SCHEDULER] ⏰ T=30000 ms: Launching task 3 'sum' (deadline: 50000 ms)
execution-manager  | [SCHEDULER] 🕐 Timeout armed for task 3 at T=50000 ms (in 20000 ms)
execution-manager  | [GRPC THREAD 3] Starting...
execution-manager  | [EXECUTION MANAGER] ⏱️ T1=17666544.364 ms | Sending gRPC request for task 3 'sum'
execution-manager  | [gRPC Channel Pool] Reusing existing channel for localhost:50051
execution-manager  | [gRPC Client Async] Calling task 'sum' at localhost:50051
execution-manager  | [gRPC Client Async] Inputs: {"total_ops": 1000, "io_percentage": 50}
execution-manager  | [gRPC Client Async] Response #1 - Status: COMPLETED
execution-manager  | 🎉 [T=32091 ms] Task 3 'sum' COMPLETED
execution-manager  | [EXECUTION MANAGER] ⏱️ T2=17666545.461 ms | Thread started (server measured)
execution-manager  | [EXECUTION MANAGER] ⏱️ T3=17668635.201 ms | Task completed (server measured)
execution-manager  | [EXECUTION MANAGER] ⏱️ T4=17668635.885 ms | Result received by client
execution-manager  |    [TASK EXECUTION] 2089.740 ms (T3-T2, measured in thread)
execution-manager  |    [RESULT] {"result": 0}
execution-manager  | 
execution-manager  | ╔═══════════════════════════════════════════════════════════════╗
execution-manager  | ║           END-TO-END TIMING MEASUREMENT RECAP                 ║
execution-manager  | ║                   Task 3: sum                                 
execution-manager  | ╠═══════════════════════════════════════════════════════════════╣
execution-manager  | ║ T1 (start_request)    = 17666544.364 ms                        ║
execution-manager  | ║ T2 (end_request)      = 17666545.461 ms                        ║
execution-manager  | ║ T3 (start_result)     = 17668635.201 ms                        ║
execution-manager  | ║ T4 (end_result)       = 17668635.885 ms                        ║
execution-manager  | ╠═══════════════════════════════════════════════════════════════╣
execution-manager  | ║ METRICS:                                                      ║
execution-manager  | ║   Request Latency    =        1.098 ms  (T2 - T1)            ║
execution-manager  | ║   Task Execution     =     2089.740 ms  (T3 - T2)            ║
execution-manager  | ║   Response Latency   =        0.684 ms  (T4 - T3)            ║
execution-manager  | ║   Total End-to-End   =     2091.522 ms  (T4 - T1)            ║
execution-manager  | ║   Network Overhead   =        1.782 ms  (Req + Resp)         ║
execution-manager  | ╚═══════════════════════════════════════════════════════════════╝
execution-manager  | 
execution-manager  | [SCHEDULER] ✅ T=32091 ms: Task 3 'sum' completed with status 2
execution-manager  | [SCHEDULER] 🔕 Timeout disarmed for task 3
execution-manager  | [SCHEDULER] 1 tasks remaining
execution-manager  | [gRPC Client Async] Stream completed, received 1 responses
execution-manager  | [GRPC THREAD 3] Completed
execution-manager  | [SCHEDULER] ⏰ T=40000 ms: Launching task 4 'sum' (deadline: 60000 ms)
execution-manager  | [SCHEDULER] 🕐 Timeout armed for task 4 at T=60000 ms (in 20000 ms)
execution-manager  | [GRPC THREAD 4] Starting...
execution-manager  | [EXECUTION MANAGER] ⏱️ T1=17676544.382 ms | Sending gRPC request for task 4 'sum'
execution-manager  | [gRPC Channel Pool] Reusing existing channel for localhost:50051
execution-manager  | [gRPC Client Async] Calling task 'sum' at localhost:50051
execution-manager  | [gRPC Client Async] Inputs: {"total_ops": 1000, "io_percentage": 50}
execution-manager  | [gRPC Client Async] Response #1 - Status: COMPLETED
execution-manager  | 🎉 [T=42115 ms] Task 4 'sum' COMPLETED
execution-manager  | [EXECUTION MANAGER] ⏱️ T2=17676545.470 ms | Thread started (server measured)
execution-manager  | [EXECUTION MANAGER] ⏱️ T3=17678659.141 ms | Task completed (server measured)
execution-manager  | [EXECUTION MANAGER] ⏱️ T4=17678659.758 ms | Result received by client
execution-manager  |    [TASK EXECUTION] 2113.671 ms (T3-T2, measured in thread)
execution-manager  |    [RESULT] {"result": 0}
execution-manager  | 
execution-manager  | ╔═══════════════════════════════════════════════════════════════╗
execution-manager  | ║           END-TO-END TIMING MEASUREMENT RECAP                 ║
execution-manager  | ║                   Task 4: sum                                 
execution-manager  | ╠═══════════════════════════════════════════════════════════════╣
execution-manager  | ║ T1 (start_request)    = 17676544.382 ms                        ║
execution-manager  | ║ T2 (end_request)      = 17676545.470 ms                        ║
execution-manager  | ║ T3 (start_result)     = 17678659.141 ms                        ║
execution-manager  | ║ T4 (end_result)       = 17678659.758 ms                        ║
execution-manager  | ╠═══════════════════════════════════════════════════════════════╣
execution-manager  | ║ METRICS:                                                      ║
execution-manager  | ║   Request Latency    =        1.087 ms  (T2 - T1)            ║
execution-manager  | ║   Task Execution     =     2113.671 ms  (T3 - T2)            ║
execution-manager  | ║   Response Latency   =        0.617 ms  (T4 - T3)            ║
execution-manager  | ║   Total End-to-End   =     2115.375 ms  (T4 - T1)            ║
execution-manager  | ║   Network Overhead   =        1.704 ms  (Req + Resp)         ║
execution-manager  | ╚═══════════════════════════════════════════════════════════════╝
execution-manager  | 
execution-manager  | [SCHEDULER] ✅ T=42115 ms: Task 4 'sum' completed with status 2
execution-manager  | [SCHEDULER] 🔕 Timeout disarmed for task 4
execution-manager  | [SCHEDULER] 0 tasks remaining
execution-manager  | 
execution-manager  | [SCHEDULER] 🏁 Iteration 10/25 complete!
execution-manager  | [SCHEDULER] Iteration execution time: 42115 ms
execution-manager  | 
execution-manager  | 
execution-manager  | [SCHEDULER] 🔁 ===== ITERATION 11 / 25 =====
execution-manager  | 
execution-manager  | [SCHEDULER] 🚀 Schedule started at T=0
execution-manager  | 
execution-manager  | [SCHEDULER] 🔄 Entering event loop (NO SLEEP - event-driven!)
execution-manager  | 
execution-manager  | [gRPC Client Async] Stream completed, received 1 responses
execution-manager  | [GRPC THREAD 4] Completed
execution-manager  | [SCHEDULER] ⏰ T=10001 ms: Launching task 1 'sum' (deadline: 30000 ms)
execution-manager  | [SCHEDULER] 🕐 Timeout armed for task 1 at T=30000 ms (in 19999 ms)
execution-manager  | [GRPC THREAD 1] Starting...
execution-manager  | [EXECUTION MANAGER] ⏱️ T1=17688660.386 ms | Sending gRPC request for task 1 'sum'
execution-manager  | [gRPC Channel Pool] Reusing existing channel for localhost:50051
execution-manager  | [gRPC Client Async] Calling task 'sum' at localhost:50051
execution-manager  | [gRPC Client Async] Inputs: {"total_ops": 1000, "io_percentage": 50}
execution-manager  | [gRPC Client Async] Response #1 - Status: COMPLETED
execution-manager  | 🎉 [T=12165 ms] Task 1 'sum' COMPLETED
execution-manager  | [EXECUTION MANAGER] ⏱️ T2=17688661.307 ms | Thread started (server measured)
execution-manager  | [EXECUTION MANAGER] ⏱️ T3=17690823.638 ms | Task completed (server measured)
execution-manager  | [EXECUTION MANAGER] ⏱️ T4=17690824.406 ms | Result received by client
execution-manager  |    [TASK EXECUTION] 2162.331 ms (T3-T2, measured in thread)
execution-manager  |    [RESULT] {"result": 0}
execution-manager  | 
execution-manager  | ╔═══════════════════════════════════════════════════════════════╗
execution-manager  | ║           END-TO-END TIMING MEASUREMENT RECAP                 ║
execution-manager  | ║                   Task 1: sum                                 
execution-manager  | ╠═══════════════════════════════════════════════════════════════╣
execution-manager  | ║ T1 (start_request)    = 17688660.386 ms                        ║
execution-manager  | ║ T2 (end_request)      = 17688661.307 ms                        ║
execution-manager  | ║ T3 (start_result)     = 17690823.638 ms                        ║
execution-manager  | ║ T4 (end_result)       = 17690824.406 ms                        ║
execution-manager  | ╠═══════════════════════════════════════════════════════════════╣
execution-manager  | ║ METRICS:                                                      ║
execution-manager  | ║   Request Latency    =        0.921 ms  (T2 - T1)            ║
execution-manager  | ║   Task Execution     =     2162.331 ms  (T3 - T2)            ║
execution-manager  | ║   Response Latency   =        0.768 ms  (T4 - T3)            ║
execution-manager  | ║   Total End-to-End   =     2164.020 ms  (T4 - T1)            ║
execution-manager  | ║   Network Overhead   =        1.689 ms  (Req + Resp)         ║
execution-manager  | ╚═══════════════════════════════════════════════════════════════╝
execution-manager  | 
execution-manager  | [gRPC Client Async] Stream completed, received 1 responses
execution-manager  | [GRPC THREAD 1] Completed
execution-manager  | [SCHEDULER] ✅ T=12165 ms: Task 1 'sum' completed with status 2
execution-manager  | [SCHEDULER] 🔕 Timeout disarmed for task 1
execution-manager  | [SCHEDULER] 3 tasks remaining
execution-manager  | [SCHEDULER] ⏰ T=20001 ms: Launching task 2 'sum' (deadline: 40000 ms)
execution-manager  | [SCHEDULER] 🕐 Timeout armed for task 2 at T=40000 ms (in 19999 ms)
execution-manager  | [GRPC THREAD 2] Starting...
execution-manager  | [EXECUTION MANAGER] ⏱️ T1=17698660.211 ms | Sending gRPC request for task 2 'sum'
execution-manager  | [gRPC Channel Pool] Reusing existing channel for localhost:50051
execution-manager  | [gRPC Client Async] Calling task 'sum' at localhost:50051
execution-manager  | [gRPC Client Async] Inputs: {"total_ops": 1000, "io_percentage": 50}
execution-manager  | [gRPC Client Async] Response #1 - Status: COMPLETED
execution-manager  | 🎉 [T=22148 ms] Task 2 'sum' COMPLETED
execution-manager  | [EXECUTION MANAGER] ⏱️ T2=17698661.277 ms | Thread started (server measured)
execution-manager  | [EXECUTION MANAGER] ⏱️ T3=17700806.490 ms | Task completed (server measured)
execution-manager  | [EXECUTION MANAGER] ⏱️ T4=17700807.419 ms | Result received by client
execution-manager  |    [TASK EXECUTION] 2145.213 ms (T3-T2, measured in thread)
execution-manager  |    [RESULT] {"result": 0}
execution-manager  | 
execution-manager  | ╔═══════════════════════════════════════════════════════════════╗
execution-manager  | ║           END-TO-END TIMING MEASUREMENT RECAP                 ║
execution-manager  | ║                   Task 2: sum                                 
execution-manager  | ╠═══════════════════════════════════════════════════════════════╣
execution-manager  | ║ T1 (start_request)    = 17698660.211 ms                        ║
execution-manager  | ║ T2 (end_request)      = 17698661.277 ms                        ║
execution-manager  | ║ T3 (start_result)     = 17700806.490 ms                        ║
execution-manager  | ║ T4 (end_result)       = 17700807.419 ms                        ║
execution-manager  | ╠═══════════════════════════════════════════════════════════════╣
execution-manager  | ║ METRICS:                                                      ║
execution-manager  | ║   Request Latency    =        1.066 ms  (T2 - T1)            ║
execution-manager  | ║   Task Execution     =     2145.213 ms  (T3 - T2)            ║
execution-manager  | ║   Response Latency   =        0.929 ms  (T4 - T3)            ║
execution-manager  | ║   Total End-to-End   =     2147.208 ms  (T4 - T1)            ║
execution-manager  | ║   Network Overhead   =        1.995 ms  (Req + Resp)         ║
execution-manager  | ╚═══════════════════════════════════════════════════════════════╝
execution-manager  | 
execution-manager  | [gRPC Client Async] Stream completed, received 1 responses
execution-manager  | [GRPC THREAD 2] Completed
execution-manager  | [SCHEDULER] ✅ T=22148 ms: Task 2 'sum' completed with status 2
execution-manager  | [SCHEDULER] 🔕 Timeout disarmed for task 2
execution-manager  | [SCHEDULER] 2 tasks remaining
execution-manager  | [SCHEDULER] ⏰ T=30001 ms: Launching task 3 'sum' (deadline: 50000 ms)
execution-manager  | [SCHEDULER] 🕐 Timeout armed for task 3 at T=50000 ms (in 19999 ms)
execution-manager  | [GRPC THREAD 3] Starting...
execution-manager  | [EXECUTION MANAGER] ⏱️ T1=17708660.277 ms | Sending gRPC request for task 3 'sum'
execution-manager  | [gRPC Channel Pool] Reusing existing channel for localhost:50051
execution-manager  | [gRPC Client Async] Calling task 'sum' at localhost:50051
execution-manager  | [gRPC Client Async] Inputs: {"total_ops": 1000, "io_percentage": 50}
execution-manager  | [gRPC Client Async] Response #1 - Status: COMPLETED
execution-manager  | 🎉 [T=32175 ms] Task 3 'sum' COMPLETED
execution-manager  | [EXECUTION MANAGER] ⏱️ T2=17708661.542 ms | Thread started (server measured)
execution-manager  | [EXECUTION MANAGER] ⏱️ T3=17710833.690 ms | Task completed (server measured)
execution-manager  | [EXECUTION MANAGER] ⏱️ T4=17710834.244 ms | Result received by client
execution-manager  |    [TASK EXECUTION] 2172.149 ms (T3-T2, measured in thread)
execution-manager  |    [RESULT] {"result": 0}
execution-manager  | 
execution-manager  | ╔═══════════════════════════════════════════════════════════════╗
execution-manager  | ║           END-TO-END TIMING MEASUREMENT RECAP                 ║
execution-manager  | ║                   Task 3: sum                                 
execution-manager  | ╠═══════════════════════════════════════════════════════════════╣
execution-manager  | ║ T1 (start_request)    = 17708660.277 ms                        ║
execution-manager  | ║ T2 (end_request)      = 17708661.542 ms                        ║
execution-manager  | ║ T3 (start_result)     = 17710833.690 ms                        ║
execution-manager  | ║ T4 (end_result)       = 17710834.244 ms                        ║
execution-manager  | ╠═══════════════════════════════════════════════════════════════╣
execution-manager  | ║ METRICS:                                                      ║
execution-manager  | ║   Request Latency    =        1.264 ms  (T2 - T1)            ║
execution-manager  | ║   Task Execution     =     2172.149 ms  (T3 - T2)            ║
execution-manager  | ║   Response Latency   =        0.554 ms  (T4 - T3)            ║
execution-manager  | ║   Total End-to-End   =     2173.966 ms  (T4 - T1)            ║
execution-manager  | ║   Network Overhead   =        1.818 ms  (Req + Resp)         ║
execution-manager  | ╚═══════════════════════════════════════════════════════════════╝
execution-manager  | 
execution-manager  | [gRPC Client Async] Stream completed, received 1 responses
execution-manager  | [GRPC THREAD 3] Completed
execution-manager  | [SCHEDULER] ✅ T=32175 ms: Task 3 'sum' completed with status 2
execution-manager  | [SCHEDULER] 🔕 Timeout disarmed for task 3
execution-manager  | [SCHEDULER] 1 tasks remaining
execution-manager  | [SCHEDULER] ⏰ T=40001 ms: Launching task 4 'sum' (deadline: 60000 ms)
execution-manager  | [SCHEDULER] 🕐 Timeout armed for task 4 at T=60000 ms (in 19999 ms)
execution-manager  | [GRPC THREAD 4] Starting...
execution-manager  | [EXECUTION MANAGER] ⏱️ T1=17718660.270 ms | Sending gRPC request for task 4 'sum'
execution-manager  | [gRPC Channel Pool] Reusing existing channel for localhost:50051
execution-manager  | [gRPC Client Async] Calling task 'sum' at localhost:50051
execution-manager  | [gRPC Client Async] Inputs: {"total_ops": 1000, "io_percentage": 50}
execution-manager  | [gRPC Client Async] Response #1 - Status: COMPLETED
execution-manager  | 🎉 [T=42168 ms] Task 4 'sum' COMPLETED
execution-manager  | [EXECUTION MANAGER] ⏱️ T2=17718661.388 ms | Thread started (server measured)
execution-manager  | [EXECUTION MANAGER] ⏱️ T3=17720826.849 ms | Task completed (server measured)
execution-manager  | [EXECUTION MANAGER] ⏱️ T4=17720827.503 ms | Result received by client
execution-manager  |    [TASK EXECUTION] 2165.462 ms (T3-T2, measured in thread)
execution-manager  |    [RESULT] {"result": 0}
execution-manager  | 
execution-manager  | ╔═══════════════════════════════════════════════════════════════╗
execution-manager  | ║           END-TO-END TIMING MEASUREMENT RECAP                 ║
execution-manager  | ║                   Task 4: sum                                 
execution-manager  | ╠═══════════════════════════════════════════════════════════════╣
execution-manager  | ║ T1 (start_request)    = 17718660.270 ms                        ║
execution-manager  | ║ T2 (end_request)      = 17718661.388 ms                        ║
execution-manager  | ║ T3 (start_result)     = 17720826.849 ms                        ║
execution-manager  | ║ T4 (end_result)       = 17720827.503 ms                        ║
execution-manager  | ╠═══════════════════════════════════════════════════════════════╣
execution-manager  | ║ METRICS:                                                      ║
execution-manager  | ║   Request Latency    =        1.118 ms  (T2 - T1)            ║
execution-manager  | ║   Task Execution     =     2165.462 ms  (T3 - T2)            ║
execution-manager  | ║   Response Latency   =        0.654 ms  (T4 - T3)            ║
execution-manager  | ║   Total End-to-End   =     2167.233 ms  (T4 - T1)            ║
execution-manager  | ║   Network Overhead   =        1.772 ms  (Req + Resp)         ║
execution-manager  | ╚═══════════════════════════════════════════════════════════════╝
execution-manager  | 
execution-manager  | [gRPC Client Async] Stream completed, received 1 responses
execution-manager  | [GRPC THREAD 4] Completed
execution-manager  | [SCHEDULER] ✅ T=42168 ms: Task 4 'sum' completed with status 2
execution-manager  | [SCHEDULER] 🔕 Timeout disarmed for task 4
execution-manager  | [SCHEDULER] 0 tasks remaining
execution-manager  | 
execution-manager  | [SCHEDULER] 🏁 Iteration 11/25 complete!
execution-manager  | [SCHEDULER] Iteration execution time: 42168 ms
execution-manager  | 
execution-manager  | 
execution-manager  | [SCHEDULER] 🔁 ===== ITERATION 12 / 25 =====
execution-manager  | 
execution-manager  | [SCHEDULER] 🚀 Schedule started at T=0
execution-manager  | 
execution-manager  | [SCHEDULER] 🔄 Entering event loop (NO SLEEP - event-driven!)
execution-manager  | 
execution-manager  | [SCHEDULER] ⏰ T=10001 ms: Launching task 1 'sum' (deadline: 30000 ms)
execution-manager  | [SCHEDULER] 🕐 Timeout armed for task 1 at T=30000 ms (in 19999 ms)
execution-manager  | [GRPC THREAD 1] Starting...
execution-manager  | [EXECUTION MANAGER] ⏱️ T1=17730828.152 ms | Sending gRPC request for task 1 'sum'
execution-manager  | [gRPC Channel Pool] Reusing existing channel for localhost:50051
execution-manager  | [gRPC Client Async] Calling task 'sum' at localhost:50051
execution-manager  | [gRPC Client Async] Inputs: {"total_ops": 1000, "io_percentage": 50}
execution-manager  | [gRPC Client Async] Response #1 - Status: COMPLETED
execution-manager  | 🎉 [T=12186 ms] Task 1 'sum' COMPLETED
execution-manager  | [EXECUTION MANAGER] ⏱️ T2=17730829.231 ms | Thread started (server measured)
execution-manager  | [EXECUTION MANAGER] ⏱️ T3=17733013.059 ms | Task completed (server measured)
execution-manager  | [EXECUTION MANAGER] ⏱️ T4=17733013.701 ms | Result received by client
execution-manager  |    [TASK EXECUTION] 2183.828 ms (T3-T2, measured in thread)
execution-manager  |    [RESULT] {"result": 0}
execution-manager  | 
execution-manager  | ╔═══════════════════════════════════════════════════════════════╗
execution-manager  | ║           END-TO-END TIMING MEASUREMENT RECAP                 ║
execution-manager  | ║                   Task 1: sum                                 
execution-manager  | ╠═══════════════════════════════════════════════════════════════╣
execution-manager  | ║ T1 (start_request)    = 17730828.152 ms                        ║
execution-manager  | ║ T2 (end_request)      = 17730829.231 ms                        ║
execution-manager  | ║ T3 (start_result)     = 17733013.059 ms                        ║
execution-manager  | ║ T4 (end_result)       = 17733013.701 ms                        ║
execution-manager  | ╠═══════════════════════════════════════════════════════════════╣
execution-manager  | ║ METRICS:                                                      ║
execution-manager  | ║   Request Latency    =        1.079 ms  (T2 - T1)            ║
execution-manager  | ║   Task Execution     =     2183.828 ms  (T3 - T2)            ║
execution-manager  | ║   Response Latency   =        0.642 ms  (T4 - T3)            ║
execution-manager  | ║   Total End-to-End   =     2185.549 ms  (T4 - T1)            ║
execution-manager  | ║   Network Overhead   =        1.721 ms  (Req + Resp)         ║
execution-manager  | ╚═══════════════════════════════════════════════════════════════╝
execution-manager  | 
execution-manager  | [gRPC Client Async] Stream completed, received 1 responses
execution-manager  | [GRPC THREAD 1] Completed
execution-manager  | [SCHEDULER] ✅ T=12187 ms: Task 1 'sum' completed with status 2
execution-manager  | [SCHEDULER] 🔕 Timeout disarmed for task 1
execution-manager  | [SCHEDULER] 3 tasks remaining
execution-manager  | [SCHEDULER] ⏰ T=20001 ms: Launching task 2 'sum' (deadline: 40000 ms)
execution-manager  | [SCHEDULER] 🕐 Timeout armed for task 2 at T=40000 ms (in 19999 ms)
execution-manager  | [GRPC THREAD 2] Starting...
execution-manager  | [EXECUTION MANAGER] ⏱️ T1=17740828.175 ms | Sending gRPC request for task 2 'sum'
execution-manager  | [gRPC Channel Pool] Reusing existing channel for localhost:50051
execution-manager  | [gRPC Client Async] Calling task 'sum' at localhost:50051
execution-manager  | [gRPC Client Async] Inputs: {"total_ops": 1000, "io_percentage": 50}
execution-manager  | [gRPC Client Async] Response #1 - Status: COMPLETED
execution-manager  | 🎉 [T=22167 ms] Task 2 'sum' COMPLETED
execution-manager  | [EXECUTION MANAGER] ⏱️ T2=17740829.392 ms | Thread started (server measured)
execution-manager  | [EXECUTION MANAGER] ⏱️ T3=17742993.401 ms | Task completed (server measured)
execution-manager  | [EXECUTION MANAGER] ⏱️ T4=17742994.105 ms | Result received by client
execution-manager  |    [TASK EXECUTION] 2164.010 ms (T3-T2, measured in thread)
execution-manager  |    [RESULT] {"result": 0}
execution-manager  | 
execution-manager  | ╔═══════════════════════════════════════════════════════════════╗
execution-manager  | ║           END-TO-END TIMING MEASUREMENT RECAP                 ║
execution-manager  | ║                   Task 2: sum                                 
execution-manager  | ╠═══════════════════════════════════════════════════════════════╣
execution-manager  | ║ T1 (start_request)    = 17740828.175 ms                        ║
execution-manager  | ║ T2 (end_request)      = 17740829.392 ms                        ║
execution-manager  | ║ T3 (start_result)     = 17742993.401 ms                        ║
execution-manager  | ║ T4 (end_result)       = 17742994.105 ms                        ║
execution-manager  | ╠═══════════════════════════════════════════════════════════════╣
execution-manager  | ║ METRICS:                                                      ║
execution-manager  | ║   Request Latency    =        1.217 ms  (T2 - T1)            ║
execution-manager  | ║   Task Execution     =     2164.010 ms  (T3 - T2)            ║
execution-manager  | ║   Response Latency   =        0.704 ms  (T4 - T3)            ║
execution-manager  | ║   Total End-to-End   =     2165.930 ms  (T4 - T1)            ║
execution-manager  | ║   Network Overhead   =        1.921 ms  (Req + Resp)         ║
execution-manager  | ╚═══════════════════════════════════════════════════════════════╝
execution-manager  | 
execution-manager  | [gRPC Client Async] Stream completed, received 1 responses
execution-manager  | [GRPC THREAD 2] Completed
execution-manager  | [SCHEDULER] ✅ T=22167 ms: Task 2 'sum' completed with status 2
execution-manager  | [SCHEDULER] 🔕 Timeout disarmed for task 2
execution-manager  | [SCHEDULER] 2 tasks remaining
execution-manager  | [SCHEDULER] ⏰ T=30001 ms: Launching task 3 'sum' (deadline: 50000 ms)
execution-manager  | [SCHEDULER] 🕐 Timeout armed for task 3 at T=50000 ms (in 19999 ms)
execution-manager  | [GRPC THREAD 3] Starting...
execution-manager  | [EXECUTION MANAGER] ⏱️ T1=17750828.215 ms | Sending gRPC request for task 3 'sum'
execution-manager  | [gRPC Channel Pool] Reusing existing channel for localhost:50051
execution-manager  | [gRPC Client Async] Calling task 'sum' at localhost:50051
execution-manager  | [gRPC Client Async] Inputs: {"total_ops": 1000, "io_percentage": 50}
execution-manager  | [gRPC Client Async] Response #1 - Status: COMPLETED
execution-manager  | 🎉 [T=32182 ms] Task 3 'sum' COMPLETED
execution-manager  | [EXECUTION MANAGER] ⏱️ T2=17750829.329 ms | Thread started (server measured)
execution-manager  | [EXECUTION MANAGER] ⏱️ T3=17753008.520 ms | Task completed (server measured)
execution-manager  | [EXECUTION MANAGER] ⏱️ T4=17753009.050 ms | Result received by client
execution-manager  |    [TASK EXECUTION] 2179.191 ms (T3-T2, measured in thread)
execution-manager  |    [RESULT] {"result": 0}
execution-manager  | 
execution-manager  | ╔═══════════════════════════════════════════════════════════════╗
execution-manager  | ║           END-TO-END TIMING MEASUREMENT RECAP                 ║
execution-manager  | ║                   Task 3: sum                                 
execution-manager  | ╠═══════════════════════════════════════════════════════════════╣
execution-manager  | ║ T1 (start_request)    = 17750828.215 ms                        ║
execution-manager  | ║ T2 (end_request)      = 17750829.329 ms                        ║
execution-manager  | ║ T3 (start_result)     = 17753008.520 ms                        ║
execution-manager  | ║ T4 (end_result)       = 17753009.050 ms                        ║
execution-manager  | ╠═══════════════════════════════════════════════════════════════╣
execution-manager  | ║ METRICS:                                                      ║
execution-manager  | ║   Request Latency    =        1.114 ms  (T2 - T1)            ║
execution-manager  | ║   Task Execution     =     2179.191 ms  (T3 - T2)            ║
execution-manager  | ║   Response Latency   =        0.529 ms  (T4 - T3)            ║
execution-manager  | ║   Total End-to-End   =     2180.834 ms  (T4 - T1)            ║
execution-manager  | ║   Network Overhead   =        1.644 ms  (Req + Resp)         ║
execution-manager  | ╚═══════════════════════════════════════════════════════════════╝
execution-manager  | 
execution-manager  | [gRPC Client Async] Stream completed, received 1 responses
execution-manager  | [GRPC THREAD 3] Completed
execution-manager  | [SCHEDULER] ✅ T=32182 ms: Task 3 'sum' completed with status 2
execution-manager  | [SCHEDULER] 🔕 Timeout disarmed for task 3
execution-manager  | [SCHEDULER] 1 tasks remaining
execution-manager  | [SCHEDULER] ⏰ T=40001 ms: Launching task 4 'sum' (deadline: 60000 ms)
execution-manager  | [SCHEDULER] 🕐 Timeout armed for task 4 at T=60000 ms (in 19999 ms)
execution-manager  | [GRPC THREAD 4] Starting...
execution-manager  | [EXECUTION MANAGER] ⏱️ T1=17760828.236 ms | Sending gRPC request for task 4 'sum'
execution-manager  | [gRPC Channel Pool] Reusing existing channel for localhost:50051
execution-manager  | [gRPC Client Async] Calling task 'sum' at localhost:50051
execution-manager  | [gRPC Client Async] Inputs: {"total_ops": 1000, "io_percentage": 50}
execution-manager  | [gRPC Client Async] Response #1 - Status: COMPLETED
execution-manager  | 🎉 [T=42180 ms] Task 4 'sum' COMPLETED
execution-manager  | [EXECUTION MANAGER] ⏱️ T2=17760829.318 ms | Thread started (server measured)
execution-manager  | [EXECUTION MANAGER] ⏱️ T3=17763006.863 ms | Task completed (server measured)
execution-manager  | [EXECUTION MANAGER] ⏱️ T4=17763007.593 ms | Result received by client
execution-manager  |    [TASK EXECUTION] 2177.545 ms (T3-T2, measured in thread)
execution-manager  |    [RESULT] {"result": 0}
execution-manager  | 
execution-manager  | ╔═══════════════════════════════════════════════════════════════╗
execution-manager  | ║           END-TO-END TIMING MEASUREMENT RECAP                 ║
execution-manager  | ║                   Task 4: sum                                 
execution-manager  | ╠═══════════════════════════════════════════════════════════════╣
execution-manager  | ║ T1 (start_request)    = 17760828.236 ms                        ║
execution-manager  | ║ T2 (end_request)      = 17760829.318 ms                        ║
execution-manager  | ║ T3 (start_result)     = 17763006.863 ms                        ║
execution-manager  | ║ T4 (end_result)       = 17763007.593 ms                        ║
execution-manager  | ╠═══════════════════════════════════════════════════════════════╣
execution-manager  | ║ METRICS:                                                      ║
execution-manager  | ║   Request Latency    =        1.082 ms  (T2 - T1)            ║
execution-manager  | ║   Task Execution     =     2177.545 ms  (T3 - T2)            ║
execution-manager  | ║   Response Latency   =        0.730 ms  (T4 - T3)            ║
execution-manager  | ║   Total End-to-End   =     2179.357 ms  (T4 - T1)            ║
execution-manager  | ║   Network Overhead   =        1.812 ms  (Req + Resp)         ║
execution-manager  | ╚═══════════════════════════════════════════════════════════════╝
execution-manager  | 
execution-manager  | [gRPC Client Async] Stream completed, received 1 responses
execution-manager  | [GRPC THREAD 4] Completed
execution-manager  | [SCHEDULER] ✅ T=42180 ms: Task 4 'sum' completed with status 2
execution-manager  | [SCHEDULER] 🔕 Timeout disarmed for task 4
execution-manager  | [SCHEDULER] 0 tasks remaining
execution-manager  | 
execution-manager  | [SCHEDULER] 🏁 Iteration 12/25 complete!
execution-manager  | [SCHEDULER] Iteration execution time: 42180 ms
execution-manager  | 
execution-manager  | 
execution-manager  | [SCHEDULER] 🔁 ===== ITERATION 13 / 25 =====
execution-manager  | 
execution-manager  | [SCHEDULER] 🚀 Schedule started at T=0
execution-manager  | 
execution-manager  | [SCHEDULER] 🔄 Entering event loop (NO SLEEP - event-driven!)
execution-manager  | 
execution-manager  | [SCHEDULER] ⏰ T=10001 ms: Launching task 1 'sum' (deadline: 30000 ms)
execution-manager  | [SCHEDULER] 🕐 Timeout armed for task 1 at T=30000 ms (in 19999 ms)
execution-manager  | [GRPC THREAD 1] Starting...
execution-manager  | [EXECUTION MANAGER] ⏱️ T1=17773008.227 ms | Sending gRPC request for task 1 'sum'
execution-manager  | [gRPC Channel Pool] Reusing existing channel for localhost:50051
execution-manager  | [gRPC Client Async] Calling task 'sum' at localhost:50051
execution-manager  | [gRPC Client Async] Inputs: {"total_ops": 1000, "io_percentage": 50}
execution-manager  | [gRPC Client Async] Response #1 - Status: COMPLETED
execution-manager  | 🎉 [T=12165 ms] Task 1 'sum' COMPLETED
execution-manager  | [EXECUTION MANAGER] ⏱️ T2=17773010.240 ms | Thread started (server measured)
execution-manager  | [EXECUTION MANAGER] ⏱️ T3=17775171.107 ms | Task completed (server measured)
execution-manager  | [EXECUTION MANAGER] ⏱️ T4=17775172.255 ms | Result received by client
execution-manager  |    [TASK EXECUTION] 2160.867 ms (T3-T2, measured in thread)
execution-manager  |    [RESULT] {"result": 0}
execution-manager  | 
execution-manager  | ╔═══════════════════════════════════════════════════════════════╗
execution-manager  | ║           END-TO-END TIMING MEASUREMENT RECAP                 ║
execution-manager  | ║                   Task 1: sum                                 
execution-manager  | ╠═══════════════════════════════════════════════════════════════╣
execution-manager  | ║ T1 (start_request)    = 17773008.227 ms                        ║
execution-manager  | ║ T2 (end_request)      = 17773010.240 ms                        ║
execution-manager  | ║ T3 (start_result)     = 17775171.107 ms                        ║
execution-manager  | ║ T4 (end_result)       = 17775172.255 ms                        ║
execution-manager  | ╠═══════════════════════════════════════════════════════════════╣
execution-manager  | ║ METRICS:                                                      ║
execution-manager  | ║   Request Latency    =        2.012 ms  (T2 - T1)            ║
execution-manager  | ║   Task Execution     =     2160.867 ms  (T3 - T2)            ║
execution-manager  | ║   Response Latency   =        1.148 ms  (T4 - T3)            ║
execution-manager  | ║   Total End-to-End   =     2164.028 ms  (T4 - T1)            ║
execution-manager  | ║   Network Overhead   =        3.161 ms  (Req + Resp)         ║
execution-manager  | ╚═══════════════════════════════════════════════════════════════╝
execution-manager  | 
execution-manager  | [gRPC Client Async] Stream completed, received 1 responses
execution-manager  | [GRPC THREAD 1] Completed
execution-manager  | [SCHEDULER] ✅ T=12165 ms: Task 1 'sum' completed with status 2
execution-manager  | [SCHEDULER] 🔕 Timeout disarmed for task 1
execution-manager  | [SCHEDULER] 3 tasks remaining
execution-manager  | [SCHEDULER] ⏰ T=20001 ms: Launching task 2 'sum' (deadline: 40000 ms)
execution-manager  | [SCHEDULER] 🕐 Timeout armed for task 2 at T=40000 ms (in 19999 ms)
execution-manager  | [GRPC THREAD 2] Starting...
execution-manager  | [EXECUTION MANAGER] ⏱️ T1=17783008.236 ms | Sending gRPC request for task 2 'sum'
execution-manager  | [gRPC Channel Pool] Reusing existing channel for localhost:50051
execution-manager  | [gRPC Client Async] Calling task 'sum' at localhost:50051
execution-manager  | [gRPC Client Async] Inputs: {"total_ops": 1000, "io_percentage": 50}
execution-manager  | [gRPC Client Async] Response #1 - Status: COMPLETED
execution-manager  | 🎉 [T=22152 ms] Task 2 'sum' COMPLETED
execution-manager  | [EXECUTION MANAGER] ⏱️ T2=17783009.238 ms | Thread started (server measured)
execution-manager  | [EXECUTION MANAGER] ⏱️ T3=17785158.756 ms | Task completed (server measured)
execution-manager  | [EXECUTION MANAGER] ⏱️ T4=17785159.770 ms | Result received by client
execution-manager  |    [TASK EXECUTION] 2149.517 ms (T3-T2, measured in thread)
execution-manager  |    [RESULT] {"result": 0}
execution-manager  | 
execution-manager  | ╔═══════════════════════════════════════════════════════════════╗
execution-manager  | ║           END-TO-END TIMING MEASUREMENT RECAP                 ║
execution-manager  | ║                   Task 2: sum                                 
execution-manager  | ╠═══════════════════════════════════════════════════════════════╣
execution-manager  | ║ T1 (start_request)    = 17783008.236 ms                        ║
execution-manager  | ║ T2 (end_request)      = 17783009.238 ms                        ║
execution-manager  | ║ T3 (start_result)     = 17785158.756 ms                        ║
execution-manager  | ║ T4 (end_result)       = 17785159.770 ms                        ║
execution-manager  | ╠═══════════════════════════════════════════════════════════════╣
execution-manager  | ║ METRICS:                                                      ║
execution-manager  | ║   Request Latency    =        1.003 ms  (T2 - T1)            ║
execution-manager  | ║   Task Execution     =     2149.517 ms  (T3 - T2)            ║
execution-manager  | ║   Response Latency   =        1.014 ms  (T4 - T3)            ║
execution-manager  | ║   Total End-to-End   =     2151.534 ms  (T4 - T1)            ║
execution-manager  | ║   Network Overhead   =        2.017 ms  (Req + Resp)         ║
execution-manager  | ╚═══════════════════════════════════════════════════════════════╝
execution-manager  | 
execution-manager  | [gRPC Client Async] Stream completed, received 1 responses
execution-manager  | [GRPC THREAD 2] Completed
execution-manager  | [SCHEDULER] ✅ T=22153 ms: Task 2 'sum' completed with status 2
execution-manager  | [SCHEDULER] 🔕 Timeout disarmed for task 2
execution-manager  | [SCHEDULER] 2 tasks remaining
execution-manager  | [SCHEDULER] ⏰ T=30001 ms: Launching task 3 'sum' (deadline: 50000 ms)
execution-manager  | [SCHEDULER] 🕐 Timeout armed for task 3 at T=50000 ms (in 19999 ms)
execution-manager  | [GRPC THREAD 3] Starting...
execution-manager  | [EXECUTION MANAGER] ⏱️ T1=17793008.272 ms | Sending gRPC request for task 3 'sum'
execution-manager  | [gRPC Channel Pool] Reusing existing channel for localhost:50051
execution-manager  | [gRPC Client Async] Calling task 'sum' at localhost:50051
execution-manager  | [gRPC Client Async] Inputs: {"total_ops": 1000, "io_percentage": 50}
execution-manager  | [gRPC Client Async] Response #1 - Status: COMPLETED
execution-manager  | 🎉 [T=32181 ms] Task 3 'sum' COMPLETED
execution-manager  | [EXECUTION MANAGER] ⏱️ T2=17793009.335 ms | Thread started (server measured)
execution-manager  | [EXECUTION MANAGER] ⏱️ T3=17795187.617 ms | Task completed (server measured)
execution-manager  | [EXECUTION MANAGER] ⏱️ T4=17795188.272 ms | Result received by client
execution-manager  |    [TASK EXECUTION] 2178.282 ms (T3-T2, measured in thread)
execution-manager  |    [RESULT] {"result": 0}
execution-manager  | 
execution-manager  | ╔═══════════════════════════════════════════════════════════════╗
execution-manager  | ║           END-TO-END TIMING MEASUREMENT RECAP                 ║
execution-manager  | ║                   Task 3: sum                                 
execution-manager  | ╠═══════════════════════════════════════════════════════════════╣
execution-manager  | ║ T1 (start_request)    = 17793008.272 ms                        ║
execution-manager  | ║ T2 (end_request)      = 17793009.335 ms                        ║
execution-manager  | ║ T3 (start_result)     = 17795187.617 ms                        ║
execution-manager  | ║ T4 (end_result)       = 17795188.272 ms                        ║
execution-manager  | ╠═══════════════════════════════════════════════════════════════╣
execution-manager  | ║ METRICS:                                                      ║
execution-manager  | ║   Request Latency    =        1.062 ms  (T2 - T1)            ║
execution-manager  | ║   Task Execution     =     2178.282 ms  (T3 - T2)            ║
execution-manager  | ║   Response Latency   =        0.655 ms  (T4 - T3)            ║
execution-manager  | ║   Total End-to-End   =     2180.000 ms  (T4 - T1)            ║
execution-manager  | ║   Network Overhead   =        1.717 ms  (Req + Resp)         ║
execution-manager  | ╚═══════════════════════════════════════════════════════════════╝
execution-manager  | 
execution-manager  | [gRPC Client Async] Stream completed, received 1 responses
execution-manager  | [GRPC THREAD 3] Completed
execution-manager  | [SCHEDULER] ✅ T=32181 ms: Task 3 'sum' completed with status 2
execution-manager  | [SCHEDULER] 🔕 Timeout disarmed for task 3
execution-manager  | [SCHEDULER] 1 tasks remaining
execution-manager  | [SCHEDULER] ⏰ T=40001 ms: Launching task 4 'sum' (deadline: 60000 ms)
execution-manager  | [SCHEDULER] 🕐 Timeout armed for task 4 at T=60000 ms (in 19999 ms)
execution-manager  | [GRPC THREAD 4] Starting...
execution-manager  | [EXECUTION MANAGER] ⏱️ T1=17803008.306 ms | Sending gRPC request for task 4 'sum'
execution-manager  | [gRPC Channel Pool] Reusing existing channel for localhost:50051
execution-manager  | [gRPC Client Async] Calling task 'sum' at localhost:50051
execution-manager  | [gRPC Client Async] Inputs: {"total_ops": 1000, "io_percentage": 50}
execution-manager  | [gRPC Client Async] Response #1 - Status: COMPLETED
execution-manager  | 🎉 [T=42176 ms] Task 4 'sum' COMPLETED
execution-manager  | [EXECUTION MANAGER] ⏱️ T2=17803009.529 ms | Thread started (server measured)
execution-manager  | [EXECUTION MANAGER] ⏱️ T3=17805182.485 ms | Task completed (server measured)
execution-manager  | [EXECUTION MANAGER] ⏱️ T4=17805183.274 ms | Result received by client
execution-manager  |    [TASK EXECUTION] 2172.955 ms (T3-T2, measured in thread)
execution-manager  |    [RESULT] {"result": 0}
execution-manager  | 
execution-manager  | ╔═══════════════════════════════════════════════════════════════╗
execution-manager  | ║           END-TO-END TIMING MEASUREMENT RECAP                 ║
execution-manager  | ║                   Task 4: sum                                 
execution-manager  | ╠═══════════════════════════════════════════════════════════════╣
execution-manager  | ║ T1 (start_request)    = 17803008.306 ms                        ║
execution-manager  | ║ T2 (end_request)      = 17803009.529 ms                        ║
execution-manager  | ║ T3 (start_result)     = 17805182.485 ms                        ║
execution-manager  | ║ T4 (end_result)       = 17805183.274 ms                        ║
execution-manager  | ╠═══════════════════════════════════════════════════════════════╣
execution-manager  | ║ METRICS:                                                      ║
execution-manager  | ║   Request Latency    =        1.223 ms  (T2 - T1)            ║
execution-manager  | ║   Task Execution     =     2172.955 ms  (T3 - T2)            ║
execution-manager  | ║   Response Latency   =        0.789 ms  (T4 - T3)            ║
execution-manager  | ║   Total End-to-End   =     2174.968 ms  (T4 - T1)            ║
execution-manager  | ║   Network Overhead   =        2.012 ms  (Req + Resp)         ║
execution-manager  | ╚═══════════════════════════════════════════════════════════════╝
execution-manager  | 
execution-manager  | [gRPC Client Async] Stream completed, received 1 responses
execution-manager  | [GRPC THREAD 4] Completed
execution-manager  | [SCHEDULER] ✅ T=42176 ms: Task 4 'sum' completed with status 2
execution-manager  | [SCHEDULER] 🔕 Timeout disarmed for task 4
execution-manager  | [SCHEDULER] 0 tasks remaining
execution-manager  | 
execution-manager  | [SCHEDULER] 🏁 Iteration 13/25 complete!
execution-manager  | [SCHEDULER] Iteration execution time: 42176 ms
execution-manager  | 
execution-manager  | 
execution-manager  | [SCHEDULER] 🔁 ===== ITERATION 14 / 25 =====
execution-manager  | 
execution-manager  | [SCHEDULER] 🚀 Schedule started at T=0
execution-manager  | 
execution-manager  | [SCHEDULER] 🔄 Entering event loop (NO SLEEP - event-driven!)
execution-manager  | 
execution-manager  | [SCHEDULER] ⏰ T=10000 ms: Launching task 1 'sum' (deadline: 30000 ms)
execution-manager  | [SCHEDULER] 🕐 Timeout armed for task 1 at T=30000 ms (in 20000 ms)
execution-manager  | [GRPC THREAD 1] Starting...
execution-manager  | [EXECUTION MANAGER] ⏱️ T1=17815183.923 ms | Sending gRPC request for task 1 'sum'
execution-manager  | [gRPC Channel Pool] Reusing existing channel for localhost:50051
execution-manager  | [gRPC Client Async] Calling task 'sum' at localhost:50051
execution-manager  | [gRPC Client Async] Inputs: {"total_ops": 1000, "io_percentage": 50}
execution-manager  | [gRPC Client Async] Response #1 - Status: COMPLETED
execution-manager  | 🎉 [T=12109 ms] Task 1 'sum' COMPLETED
execution-manager  | [EXECUTION MANAGER] ⏱️ T2=17815184.908 ms | Thread started (server measured)
execution-manager  | [EXECUTION MANAGER] ⏱️ T3=17817291.690 ms | Task completed (server measured)
execution-manager  | [EXECUTION MANAGER] ⏱️ T4=17817292.358 ms | Result received by client
execution-manager  |    [TASK EXECUTION] 2106.783 ms (T3-T2, measured in thread)
execution-manager  |    [RESULT] {"result": 0}
execution-manager  | 
execution-manager  | ╔═══════════════════════════════════════════════════════════════╗
execution-manager  | ║           END-TO-END TIMING MEASUREMENT RECAP                 ║
execution-manager  | ║                   Task 1: sum                                 
execution-manager  | ╠═══════════════════════════════════════════════════════════════╣
execution-manager  | ║ T1 (start_request)    = 17815183.923 ms                        ║
execution-manager  | ║ T2 (end_request)      = 17815184.908 ms                        ║
execution-manager  | ║ T3 (start_result)     = 17817291.690 ms                        ║
execution-manager  | ║ T4 (end_result)       = 17817292.358 ms                        ║
execution-manager  | ╠═══════════════════════════════════════════════════════════════╣
execution-manager  | ║ METRICS:                                                      ║
execution-manager  | ║   Request Latency    =        0.985 ms  (T2 - T1)            ║
execution-manager  | ║   Task Execution     =     2106.783 ms  (T3 - T2)            ║
execution-manager  | ║   Response Latency   =        0.667 ms  (T4 - T3)            ║
execution-manager  | ║   Total End-to-End   =     2108.435 ms  (T4 - T1)            ║
execution-manager  | ║   Network Overhead   =        1.652 ms  (Req + Resp)         ║
execution-manager  | ╚═══════════════════════════════════════════════════════════════╝
execution-manager  | 
execution-manager  | [gRPC Client Async] Stream completed, received 1 responses
execution-manager  | [GRPC THREAD 1] Completed
execution-manager  | [SCHEDULER] ✅ T=12109 ms: Task 1 'sum' completed with status 2
execution-manager  | [SCHEDULER] 🔕 Timeout disarmed for task 1
execution-manager  | [SCHEDULER] 3 tasks remaining
execution-manager  | [SCHEDULER] ⏰ T=20000 ms: Launching task 2 'sum' (deadline: 40000 ms)
execution-manager  | [SCHEDULER] 🕐 Timeout armed for task 2 at T=40000 ms (in 20000 ms)
execution-manager  | [GRPC THREAD 2] Starting...
execution-manager  | [EXECUTION MANAGER] ⏱️ T1=17825183.950 ms | Sending gRPC request for task 2 'sum'
execution-manager  | [gRPC Channel Pool] Reusing existing channel for localhost:50051
execution-manager  | [gRPC Client Async] Calling task 'sum' at localhost:50051
execution-manager  | [gRPC Client Async] Inputs: {"total_ops": 1000, "io_percentage": 50}
execution-manager  | [gRPC Client Async] Response #1 - Status: COMPLETED
execution-manager  | 🎉 [T=22097 ms] Task 2 'sum' COMPLETED
execution-manager  | [EXECUTION MANAGER] ⏱️ T2=17825184.983 ms | Thread started (server measured)
execution-manager  | [EXECUTION MANAGER] ⏱️ T3=17827280.094 ms | Task completed (server measured)
execution-manager  | [EXECUTION MANAGER] ⏱️ T4=17827280.859 ms | Result received by client
execution-manager  |    [TASK EXECUTION] 2095.112 ms (T3-T2, measured in thread)
execution-manager  |    [RESULT] {"result": 0}
execution-manager  | 
execution-manager  | ╔═══════════════════════════════════════════════════════════════╗
execution-manager  | ║           END-TO-END TIMING MEASUREMENT RECAP                 ║
execution-manager  | ║                   Task 2: sum                                 
execution-manager  | ╠═══════════════════════════════════════════════════════════════╣
execution-manager  | ║ T1 (start_request)    = 17825183.950 ms                        ║
execution-manager  | ║ T2 (end_request)      = 17825184.983 ms                        ║
execution-manager  | ║ T3 (start_result)     = 17827280.094 ms                        ║
execution-manager  | ║ T4 (end_result)       = 17827280.859 ms                        ║
execution-manager  | ╠═══════════════════════════════════════════════════════════════╣
execution-manager  | ║ METRICS:                                                      ║
execution-manager  | ║   Request Latency    =        1.033 ms  (T2 - T1)            ║
execution-manager  | ║   Task Execution     =     2095.112 ms  (T3 - T2)            ║
execution-manager  | ║   Response Latency   =        0.765 ms  (T4 - T3)            ║
execution-manager  | ║   Total End-to-End   =     2096.909 ms  (T4 - T1)            ║
execution-manager  | ║   Network Overhead   =        1.798 ms  (Req + Resp)         ║
execution-manager  | ╚═══════════════════════════════════════════════════════════════╝
execution-manager  | 
execution-manager  | [SCHEDULER] ✅ T=22097 ms: Task 2 'sum' completed with status 2
execution-manager  | [SCHEDULER] 🔕 Timeout disarmed for task 2
execution-manager  | [SCHEDULER] 2 tasks remaining
execution-manager  | [gRPC Client Async] Stream completed, received 1 responses
execution-manager  | [GRPC THREAD 2] Completed
execution-manager  | [SCHEDULER] ⏰ T=30000 ms: Launching task 3 'sum' (deadline: 50000 ms)
execution-manager  | [SCHEDULER] 🕐 Timeout armed for task 3 at T=50000 ms (in 20000 ms)
execution-manager  | [GRPC THREAD 3] Starting...
execution-manager  | [EXECUTION MANAGER] ⏱️ T1=17835183.991 ms | Sending gRPC request for task 3 'sum'
execution-manager  | [gRPC Channel Pool] Reusing existing channel for localhost:50051
execution-manager  | [gRPC Client Async] Calling task 'sum' at localhost:50051
execution-manager  | [gRPC Client Async] Inputs: {"total_ops": 1000, "io_percentage": 50}
execution-manager  | [gRPC Client Async] Response #1 - Status: COMPLETED
execution-manager  | 🎉 [T=32097 ms] Task 3 'sum' COMPLETED
execution-manager  | [EXECUTION MANAGER] ⏱️ T2=17835185.109 ms | Thread started (server measured)
execution-manager  | [EXECUTION MANAGER] ⏱️ T3=17837279.337 ms | Task completed (server measured)
execution-manager  | [EXECUTION MANAGER] ⏱️ T4=17837280.285 ms | Result received by client
execution-manager  |    [TASK EXECUTION] 2094.228 ms (T3-T2, measured in thread)
execution-manager  |    [RESULT] {"result": 0}
execution-manager  | 
execution-manager  | ╔═══════════════════════════════════════════════════════════════╗
execution-manager  | ║           END-TO-END TIMING MEASUREMENT RECAP                 ║
execution-manager  | ║                   Task 3: sum                                 
execution-manager  | ╠═══════════════════════════════════════════════════════════════╣
execution-manager  | ║ T1 (start_request)    = 17835183.991 ms                        ║
execution-manager  | ║ T2 (end_request)      = 17835185.109 ms                        ║
execution-manager  | ║ T3 (start_result)     = 17837279.337 ms                        ║
execution-manager  | ║ T4 (end_result)       = 17837280.285 ms                        ║
execution-manager  | ╠═══════════════════════════════════════════════════════════════╣
execution-manager  | ║ METRICS:                                                      ║
execution-manager  | ║   Request Latency    =        1.118 ms  (T2 - T1)            ║
execution-manager  | ║   Task Execution     =     2094.228 ms  (T3 - T2)            ║
execution-manager  | ║   Response Latency   =        0.948 ms  (T4 - T3)            ║
execution-manager  | ║   Total End-to-End   =     2096.294 ms  (T4 - T1)            ║
execution-manager  | ║   Network Overhead   =        2.066 ms  (Req + Resp)         ║
execution-manager  | ╚═══════════════════════════════════════════════════════════════╝
execution-manager  | 
execution-manager  | [SCHEDULER] ✅ T=32097 ms: Task 3 'sum' completed with status 2
execution-manager  | [SCHEDULER] 🔕 Timeout disarmed for task 3
execution-manager  | [SCHEDULER] 1 tasks remaining
execution-manager  | [gRPC Client Async] Stream completed, received 1 responses
execution-manager  | [GRPC THREAD 3] Completed
execution-manager  | [SCHEDULER] ⏰ T=40000 ms: Launching task 4 'sum' (deadline: 60000 ms)
execution-manager  | [SCHEDULER] 🕐 Timeout armed for task 4 at T=60000 ms (in 20000 ms)
execution-manager  | [GRPC THREAD 4] Starting...
execution-manager  | [EXECUTION MANAGER] ⏱️ T1=17845184.011 ms | Sending gRPC request for task 4 'sum'
execution-manager  | [gRPC Channel Pool] Reusing existing channel for localhost:50051
execution-manager  | [gRPC Client Async] Calling task 'sum' at localhost:50051
execution-manager  | [gRPC Client Async] Inputs: {"total_ops": 1000, "io_percentage": 50}
execution-manager  | [gRPC Client Async] Response #1 - Status: COMPLETED
execution-manager  | 🎉 [T=42128 ms] Task 4 'sum' COMPLETED
execution-manager  | [EXECUTION MANAGER] ⏱️ T2=17845184.983 ms | Thread started (server measured)
execution-manager  | [EXECUTION MANAGER] ⏱️ T3=17847310.394 ms | Task completed (server measured)
execution-manager  | [EXECUTION MANAGER] ⏱️ T4=17847311.097 ms | Result received by client
execution-manager  |    [TASK EXECUTION] 2125.411 ms (T3-T2, measured in thread)
execution-manager  |    [RESULT] {"result": 0}
execution-manager  | 
execution-manager  | ╔═══════════════════════════════════════════════════════════════╗
execution-manager  | ║           END-TO-END TIMING MEASUREMENT RECAP                 ║
execution-manager  | ║                   Task 4: sum                                 
execution-manager  | ╠═══════════════════════════════════════════════════════════════╣
execution-manager  | ║ T1 (start_request)    = 17845184.011 ms                        ║
execution-manager  | ║ T2 (end_request)      = 17845184.983 ms                        ║
execution-manager  | ║ T3 (start_result)     = 17847310.394 ms                        ║
execution-manager  | ║ T4 (end_result)       = 17847311.097 ms                        ║
execution-manager  | ╠═══════════════════════════════════════════════════════════════╣
execution-manager  | ║ METRICS:                                                      ║
execution-manager  | ║   Request Latency    =        0.972 ms  (T2 - T1)            ║
execution-manager  | ║   Task Execution     =     2125.411 ms  (T3 - T2)            ║
execution-manager  | ║   Response Latency   =        0.703 ms  (T4 - T3)            ║
execution-manager  | ║   Total End-to-End   =     2127.086 ms  (T4 - T1)            ║
execution-manager  | ║   Network Overhead   =        1.675 ms  (Req + Resp)         ║
execution-manager  | ╚═══════════════════════════════════════════════════════════════╝
execution-manager  | 
execution-manager  | [gRPC Client Async] Stream completed, received 1 responses
execution-manager  | [GRPC THREAD 4] Completed
execution-manager  | [SCHEDULER] ✅ T=42128 ms: Task 4 'sum' completed with status 2
execution-manager  | [SCHEDULER] 🔕 Timeout disarmed for task 4
execution-manager  | [SCHEDULER] 0 tasks remaining
execution-manager  | 
execution-manager  | [SCHEDULER] 🏁 Iteration 14/25 complete!
execution-manager  | [SCHEDULER] Iteration execution time: 42128 ms
execution-manager  | 
execution-manager  | 
execution-manager  | [SCHEDULER] 🔁 ===== ITERATION 15 / 25 =====
execution-manager  | 
execution-manager  | [SCHEDULER] 🚀 Schedule started at T=0
execution-manager  | 
execution-manager  | [SCHEDULER] 🔄 Entering event loop (NO SLEEP - event-driven!)
execution-manager  | 
execution-manager  | [SCHEDULER] ⏰ T=10000 ms: Launching task 1 'sum' (deadline: 30000 ms)
execution-manager  | [SCHEDULER] 🕐 Timeout armed for task 1 at T=30000 ms (in 20000 ms)
execution-manager  | [GRPC THREAD 1] Starting...
execution-manager  | [EXECUTION MANAGER] ⏱️ T1=17857311.737 ms | Sending gRPC request for task 1 'sum'
execution-manager  | [gRPC Channel Pool] Reusing existing channel for localhost:50051
execution-manager  | [gRPC Client Async] Calling task 'sum' at localhost:50051
execution-manager  | [gRPC Client Async] Inputs: {"total_ops": 1000, "io_percentage": 50}
execution-manager  | [gRPC Client Async] Response #1 - Status: COMPLETED
execution-manager  | 🎉 [T=12149 ms] Task 1 'sum' COMPLETED
execution-manager  | [EXECUTION MANAGER] ⏱️ T2=17857312.535 ms | Thread started (server measured)
execution-manager  | [EXECUTION MANAGER] ⏱️ T3=17859460.251 ms | Task completed (server measured)
execution-manager  | [EXECUTION MANAGER] ⏱️ T4=17859460.963 ms | Result received by client
execution-manager  |    [TASK EXECUTION] 2147.715 ms (T3-T2, measured in thread)
execution-manager  |    [RESULT] {"result": 0}
execution-manager  | 
execution-manager  | ╔═══════════════════════════════════════════════════════════════╗
execution-manager  | ║           END-TO-END TIMING MEASUREMENT RECAP                 ║
execution-manager  | ║                   Task 1: sum                                 
execution-manager  | ╠═══════════════════════════════════════════════════════════════╣
execution-manager  | ║ T1 (start_request)    = 17857311.737 ms                        ║
execution-manager  | ║ T2 (end_request)      = 17857312.535 ms                        ║
execution-manager  | ║ T3 (start_result)     = 17859460.251 ms                        ║
execution-manager  | ║ T4 (end_result)       = 17859460.963 ms                        ║
execution-manager  | ╠═══════════════════════════════════════════════════════════════╣
execution-manager  | ║ METRICS:                                                      ║
execution-manager  | ║   Request Latency    =        0.799 ms  (T2 - T1)            ║
execution-manager  | ║   Task Execution     =     2147.715 ms  (T3 - T2)            ║
execution-manager  | ║   Response Latency   =        0.713 ms  (T4 - T3)            ║
execution-manager  | ║   Total End-to-End   =     2149.226 ms  (T4 - T1)            ║
execution-manager  | ║   Network Overhead   =        1.511 ms  (Req + Resp)         ║
execution-manager  | ╚═══════════════════════════════════════════════════════════════╝
execution-manager  | 
execution-manager  | [gRPC Client Async] Stream completed, received 1 responses
execution-manager  | [GRPC THREAD 1] Completed
execution-manager  | [SCHEDULER] ✅ T=12150 ms: Task 1 'sum' completed with status 2
execution-manager  | [SCHEDULER] 🔕 Timeout disarmed for task 1
execution-manager  | [SCHEDULER] 3 tasks remaining
execution-manager  | [SCHEDULER] ⏰ T=20000 ms: Launching task 2 'sum' (deadline: 40000 ms)
execution-manager  | [SCHEDULER] 🕐 Timeout armed for task 2 at T=40000 ms (in 20000 ms)
execution-manager  | [GRPC THREAD 2] Starting...
execution-manager  | [EXECUTION MANAGER] ⏱️ T1=17867311.761 ms | Sending gRPC request for task 2 'sum'
execution-manager  | [gRPC Channel Pool] Reusing existing channel for localhost:50051
execution-manager  | [gRPC Client Async] Calling task 'sum' at localhost:50051
execution-manager  | [gRPC Client Async] Inputs: {"total_ops": 1000, "io_percentage": 50}
execution-manager  | [gRPC Client Async] Response #1 - Status: COMPLETED
execution-manager  | 🎉 [T=22150 ms] Task 2 'sum' COMPLETED
execution-manager  | [EXECUTION MANAGER] ⏱️ T2=17867312.820 ms | Thread started (server measured)
execution-manager  | [EXECUTION MANAGER] ⏱️ T3=17869460.557 ms | Task completed (server measured)
execution-manager  | [EXECUTION MANAGER] ⏱️ T4=17869461.486 ms | Result received by client
execution-manager  |    [TASK EXECUTION] 2147.737 ms (T3-T2, measured in thread)
execution-manager  |    [RESULT] {"result": 0}
execution-manager  | 
execution-manager  | ╔═══════════════════════════════════════════════════════════════╗
execution-manager  | ║           END-TO-END TIMING MEASUREMENT RECAP                 ║
execution-manager  | ║                   Task 2: sum                                 
execution-manager  | ╠═══════════════════════════════════════════════════════════════╣
execution-manager  | ║ T1 (start_request)    = 17867311.761 ms                        ║
execution-manager  | ║ T2 (end_request)      = 17867312.820 ms                        ║
execution-manager  | ║ T3 (start_result)     = 17869460.557 ms                        ║
execution-manager  | ║ T4 (end_result)       = 17869461.486 ms                        ║
execution-manager  | ╠═══════════════════════════════════════════════════════════════╣
execution-manager  | ║ METRICS:                                                      ║
execution-manager  | ║   Request Latency    =        1.058 ms  (T2 - T1)            ║
execution-manager  | ║   Task Execution     =     2147.737 ms  (T3 - T2)            ║
execution-manager  | ║   Response Latency   =        0.930 ms  (T4 - T3)            ║
execution-manager  | ║   Total End-to-End   =     2149.725 ms  (T4 - T1)            ║
execution-manager  | ║   Network Overhead   =        1.988 ms  (Req + Resp)         ║
execution-manager  | ╚═══════════════════════════════════════════════════════════════╝
execution-manager  | 
execution-manager  | [SCHEDULER] ✅ T=22150 ms: Task 2 'sum' completed with status 2
execution-manager  | [SCHEDULER] 🔕 Timeout disarmed for task 2
execution-manager  | [SCHEDULER] 2 tasks remaining
execution-manager  | [gRPC Client Async] Stream completed, received 1 responses
execution-manager  | [GRPC THREAD 2] Completed
execution-manager  | [SCHEDULER] ⏰ T=30000 ms: Launching task 3 'sum' (deadline: 50000 ms)
execution-manager  | [SCHEDULER] 🕐 Timeout armed for task 3 at T=50000 ms (in 20000 ms)
execution-manager  | [GRPC THREAD 3] Starting...
execution-manager  | [EXECUTION MANAGER] ⏱️ T1=17877311.799 ms | Sending gRPC request for task 3 'sum'
execution-manager  | [gRPC Channel Pool] Reusing existing channel for localhost:50051
execution-manager  | [gRPC Client Async] Calling task 'sum' at localhost:50051
execution-manager  | [gRPC Client Async] Inputs: {"total_ops": 1000, "io_percentage": 50}
execution-manager  | [gRPC Client Async] Response #1 - Status: COMPLETED
execution-manager  | 🎉 [T=32150 ms] Task 3 'sum' COMPLETED
execution-manager  | [EXECUTION MANAGER] ⏱️ T2=17877312.911 ms | Thread started (server measured)
execution-manager  | [EXECUTION MANAGER] ⏱️ T3=17879461.042 ms | Task completed (server measured)
execution-manager  | [EXECUTION MANAGER] ⏱️ T4=17879461.852 ms | Result received by client
execution-manager  |    [TASK EXECUTION] 2148.131 ms (T3-T2, measured in thread)
execution-manager  |    [RESULT] {"result": 0}
execution-manager  | 
execution-manager  | ╔═══════════════════════════════════════════════════════════════╗
execution-manager  | ║           END-TO-END TIMING MEASUREMENT RECAP                 ║
execution-manager  | ║                   Task 3: sum                                 
execution-manager  | ╠═══════════════════════════════════════════════════════════════╣
execution-manager  | ║ T1 (start_request)    = 17877311.799 ms                        ║
execution-manager  | ║ T2 (end_request)      = 17877312.911 ms                        ║
execution-manager  | ║ T3 (start_result)     = 17879461.042 ms                        ║
execution-manager  | ║ T4 (end_result)       = 17879461.852 ms                        ║
execution-manager  | ╠═══════════════════════════════════════════════════════════════╣
execution-manager  | ║ METRICS:                                                      ║
execution-manager  | ║   Request Latency    =        1.112 ms  (T2 - T1)            ║
execution-manager  | ║   Task Execution     =     2148.131 ms  (T3 - T2)            ║
execution-manager  | ║   Response Latency   =        0.809 ms  (T4 - T3)            ║
execution-manager  | ║   Total End-to-End   =     2150.053 ms  (T4 - T1)            ║
execution-manager  | ║   Network Overhead   =        1.922 ms  (Req + Resp)         ║
execution-manager  | ╚═══════════════════════════════════════════════════════════════╝
execution-manager  | 
execution-manager  | [SCHEDULER] ✅ T=32150 ms: Task 3 'sum' completed with status 2
execution-manager  | [SCHEDULER] 🔕 Timeout disarmed for task 3
execution-manager  | [SCHEDULER] 1 tasks remaining
execution-manager  | [gRPC Client Async] Stream completed, received 1 responses
execution-manager  | [GRPC THREAD 3] Completed
execution-manager  | [SCHEDULER] ⏰ T=40000 ms: Launching task 4 'sum' (deadline: 60000 ms)
execution-manager  | [SCHEDULER] 🕐 Timeout armed for task 4 at T=60000 ms (in 20000 ms)
execution-manager  | [GRPC THREAD 4] Starting...
execution-manager  | [EXECUTION MANAGER] ⏱️ T1=17887311.818 ms | Sending gRPC request for task 4 'sum'
execution-manager  | [gRPC Channel Pool] Reusing existing channel for localhost:50051
execution-manager  | [gRPC Client Async] Calling task 'sum' at localhost:50051
execution-manager  | [gRPC Client Async] Inputs: {"total_ops": 1000, "io_percentage": 50}
execution-manager  | [gRPC Client Async] Response #1 - Status: COMPLETED
execution-manager  | 🎉 [T=42177 ms] Task 4 'sum' COMPLETED
execution-manager  | [EXECUTION MANAGER] ⏱️ T2=17887312.835 ms | Thread started (server measured)
execution-manager  | [EXECUTION MANAGER] ⏱️ T3=17889487.308 ms | Task completed (server measured)
execution-manager  | [EXECUTION MANAGER] ⏱️ T4=17889488.031 ms | Result received by client
execution-manager  |    [TASK EXECUTION] 2174.473 ms (T3-T2, measured in thread)
execution-manager  |    [RESULT] {"result": 0}
execution-manager  | 
execution-manager  | ╔═══════════════════════════════════════════════════════════════╗
execution-manager  | ║           END-TO-END TIMING MEASUREMENT RECAP                 ║
execution-manager  | ║                   Task 4: sum                                 
execution-manager  | ╠═══════════════════════════════════════════════════════════════╣
execution-manager  | ║ T1 (start_request)    = 17887311.818 ms                        ║
execution-manager  | ║ T2 (end_request)      = 17887312.835 ms                        ║
execution-manager  | ║ T3 (start_result)     = 17889487.308 ms                        ║
execution-manager  | ║ T4 (end_result)       = 17889488.031 ms                        ║
execution-manager  | ╠═══════════════════════════════════════════════════════════════╣
execution-manager  | ║ METRICS:                                                      ║
execution-manager  | ║   Request Latency    =        1.017 ms  (T2 - T1)            ║
execution-manager  | ║   Task Execution     =     2174.473 ms  (T3 - T2)            ║
execution-manager  | ║   Response Latency   =        0.723 ms  (T4 - T3)            ║
execution-manager  | ║   Total End-to-End   =     2176.213 ms  (T4 - T1)            ║
execution-manager  | ║   Network Overhead   =        1.740 ms  (Req + Resp)         ║
execution-manager  | ╚═══════════════════════════════════════════════════════════════╝
execution-manager  | 
execution-manager  | [gRPC Client Async] Stream completed, received 1 responses
execution-manager  | [GRPC THREAD 4] Completed
execution-manager  | [SCHEDULER] ✅ T=42177 ms: Task 4 'sum' completed with status 2
execution-manager  | [SCHEDULER] 🔕 Timeout disarmed for task 4
execution-manager  | [SCHEDULER] 0 tasks remaining
execution-manager  | 
execution-manager  | [SCHEDULER] 🏁 Iteration 15/25 complete!
execution-manager  | [SCHEDULER] Iteration execution time: 42177 ms
execution-manager  | 
execution-manager  | 
execution-manager  | [SCHEDULER] 🔁 ===== ITERATION 16 / 25 =====
execution-manager  | 
execution-manager  | [SCHEDULER] 🚀 Schedule started at T=0
execution-manager  | 
execution-manager  | [SCHEDULER] 🔄 Entering event loop (NO SLEEP - event-driven!)
execution-manager  | 
execution-manager  | [SCHEDULER] ⏰ T=10000 ms: Launching task 1 'sum' (deadline: 30000 ms)
execution-manager  | [SCHEDULER] 🕐 Timeout armed for task 1 at T=30000 ms (in 20000 ms)
execution-manager  | [GRPC THREAD 1] Starting...
execution-manager  | [EXECUTION MANAGER] ⏱️ T1=17899488.642 ms | Sending gRPC request for task 1 'sum'
execution-manager  | [gRPC Channel Pool] Reusing existing channel for localhost:50051
execution-manager  | [gRPC Client Async] Calling task 'sum' at localhost:50051
execution-manager  | [gRPC Client Async] Inputs: {"total_ops": 1000, "io_percentage": 50}
execution-manager  | [gRPC Client Async] Response #1 - Status: COMPLETED
execution-manager  | 🎉 [T=12154 ms] Task 1 'sum' COMPLETED
execution-manager  | [EXECUTION MANAGER] ⏱️ T2=17899489.769 ms | Thread started (server measured)
execution-manager  | [EXECUTION MANAGER] ⏱️ T3=17901641.776 ms | Task completed (server measured)
execution-manager  | [EXECUTION MANAGER] ⏱️ T4=17901642.658 ms | Result received by client
execution-manager  |    [TASK EXECUTION] 2152.007 ms (T3-T2, measured in thread)
execution-manager  |    [RESULT] {"result": 0}
execution-manager  | 
execution-manager  | ╔═══════════════════════════════════════════════════════════════╗
execution-manager  | ║           END-TO-END TIMING MEASUREMENT RECAP                 ║
execution-manager  | ║                   Task 1: sum                                 
execution-manager  | ╠═══════════════════════════════════════════════════════════════╣
execution-manager  | ║ T1 (start_request)    = 17899488.642 ms                        ║
execution-manager  | ║ T2 (end_request)      = 17899489.769 ms                        ║
execution-manager  | ║ T3 (start_result)     = 17901641.776 ms                        ║
execution-manager  | ║ T4 (end_result)       = 17901642.658 ms                        ║
execution-manager  | ╠═══════════════════════════════════════════════════════════════╣
execution-manager  | ║ METRICS:                                                      ║
execution-manager  | ║   Request Latency    =        1.127 ms  (T2 - T1)            ║
execution-manager  | ║   Task Execution     =     2152.007 ms  (T3 - T2)            ║
execution-manager  | ║   Response Latency   =        0.882 ms  (T4 - T3)            ║
execution-manager  | ║   Total End-to-End   =     2154.016 ms  (T4 - T1)            ║
execution-manager  | ║   Network Overhead   =        2.010 ms  (Req + Resp)         ║
execution-manager  | ╚═══════════════════════════════════════════════════════════════╝
execution-manager  | 
execution-manager  | [SCHEDULER] ✅ T=12154 ms: Task 1 'sum' completed with status 2
execution-manager  | [SCHEDULER] 🔕 Timeout disarmed for task 1
execution-manager  | [SCHEDULER] 3 tasks remaining
execution-manager  | [gRPC Client Async] Stream completed, received 1 responses
execution-manager  | [GRPC THREAD 1] Completed
execution-manager  | [SCHEDULER] ⏰ T=20000 ms: Launching task 2 'sum' (deadline: 40000 ms)
execution-manager  | [SCHEDULER] 🕐 Timeout armed for task 2 at T=40000 ms (in 20000 ms)
execution-manager  | [GRPC THREAD 2] Starting...
execution-manager  | [EXECUTION MANAGER] ⏱️ T1=17909488.651 ms | Sending gRPC request for task 2 'sum'
execution-manager  | [gRPC Channel Pool] Reusing existing channel for localhost:50051
execution-manager  | [gRPC Client Async] Calling task 'sum' at localhost:50051
execution-manager  | [gRPC Client Async] Inputs: {"total_ops": 1000, "io_percentage": 50}
execution-manager  | [gRPC Client Async] Response #1 - Status: COMPLETED
execution-manager  | 🎉 [T=22154 ms] Task 2 'sum' COMPLETED
execution-manager  | [EXECUTION MANAGER] ⏱️ T2=17909489.647 ms | Thread started (server measured)
execution-manager  | [EXECUTION MANAGER] ⏱️ T3=17911642.039 ms | Task completed (server measured)
execution-manager  | [EXECUTION MANAGER] ⏱️ T4=17911642.811 ms | Result received by client
execution-manager  |    [TASK EXECUTION] 2152.392 ms (T3-T2, measured in thread)
execution-manager  |    [RESULT] {"result": 0}
execution-manager  | 
execution-manager  | ╔═══════════════════════════════════════════════════════════════╗
execution-manager  | ║           END-TO-END TIMING MEASUREMENT RECAP                 ║
execution-manager  | ║                   Task 2: sum                                 
execution-manager  | ╠═══════════════════════════════════════════════════════════════╣
execution-manager  | ║ T1 (start_request)    = 17909488.651 ms                        ║
execution-manager  | ║ T2 (end_request)      = 17909489.647 ms                        ║
execution-manager  | ║ T3 (start_result)     = 17911642.039 ms                        ║
execution-manager  | ║ T4 (end_result)       = 17911642.811 ms                        ║
execution-manager  | ╠═══════════════════════════════════════════════════════════════╣
execution-manager  | ║ METRICS:                                                      ║
execution-manager  | ║   Request Latency    =        0.996 ms  (T2 - T1)            ║
execution-manager  | ║   Task Execution     =     2152.392 ms  (T3 - T2)            ║
execution-manager  | ║   Response Latency   =        0.771 ms  (T4 - T3)            ║
execution-manager  | ║   Total End-to-End   =     2154.160 ms  (T4 - T1)            ║
execution-manager  | ║   Network Overhead   =        1.767 ms  (Req + Resp)         ║
execution-manager  | ╚═══════════════════════════════════════════════════════════════╝
execution-manager  | 
execution-manager  | [gRPC Client Async] Stream completed, received 1 responses
execution-manager  | [GRPC THREAD 2] Completed
execution-manager  | [SCHEDULER] ✅ T=22155 ms: Task 2 'sum' completed with status 2
execution-manager  | [SCHEDULER] 🔕 Timeout disarmed for task 2
execution-manager  | [SCHEDULER] 2 tasks remaining
execution-manager  | [SCHEDULER] ⏰ T=30000 ms: Launching task 3 'sum' (deadline: 50000 ms)
execution-manager  | [SCHEDULER] 🕐 Timeout armed for task 3 at T=50000 ms (in 20000 ms)
execution-manager  | [GRPC THREAD 3] Starting...
execution-manager  | [EXECUTION MANAGER] ⏱️ T1=17919488.689 ms | Sending gRPC request for task 3 'sum'
execution-manager  | [gRPC Channel Pool] Reusing existing channel for localhost:50051
execution-manager  | [gRPC Client Async] Calling task 'sum' at localhost:50051
execution-manager  | [gRPC Client Async] Inputs: {"total_ops": 1000, "io_percentage": 50}
execution-manager  | [gRPC Client Async] Response #1 - Status: COMPLETED
execution-manager  | 🎉 [T=32151 ms] Task 3 'sum' COMPLETED
execution-manager  | [EXECUTION MANAGER] ⏱️ T2=17919489.659 ms | Thread started (server measured)
execution-manager  | [EXECUTION MANAGER] ⏱️ T3=17921638.694 ms | Task completed (server measured)
execution-manager  | [EXECUTION MANAGER] ⏱️ T4=17921639.417 ms | Result received by client
execution-manager  |    [TASK EXECUTION] 2149.035 ms (T3-T2, measured in thread)
execution-manager  |    [RESULT] {"result": 0}
execution-manager  | 
execution-manager  | ╔═══════════════════════════════════════════════════════════════╗
execution-manager  | ║           END-TO-END TIMING MEASUREMENT RECAP                 ║
execution-manager  | ║                   Task 3: sum                                 
execution-manager  | ╠═══════════════════════════════════════════════════════════════╣
execution-manager  | ║ T1 (start_request)    = 17919488.689 ms                        ║
execution-manager  | ║ T2 (end_request)      = 17919489.659 ms                        ║
execution-manager  | ║ T3 (start_result)     = 17921638.694 ms                        ║
execution-manager  | ║ T4 (end_result)       = 17921639.417 ms                        ║
execution-manager  | ╠═══════════════════════════════════════════════════════════════╣
execution-manager  | ║ METRICS:                                                      ║
execution-manager  | ║   Request Latency    =        0.970 ms  (T2 - T1)            ║
execution-manager  | ║   Task Execution     =     2149.035 ms  (T3 - T2)            ║
execution-manager  | ║   Response Latency   =        0.722 ms  (T4 - T3)            ║
execution-manager  | ║   Total End-to-End   =     2150.728 ms  (T4 - T1)            ║
execution-manager  | ║   Network Overhead   =        1.693 ms  (Req + Resp)         ║
execution-manager  | ╚═══════════════════════════════════════════════════════════════╝
execution-manager  | 
execution-manager  | [gRPC Client Async] Stream completed, received 1 responses
execution-manager  | [GRPC THREAD 3] Completed
execution-manager  | [SCHEDULER] ✅ T=32151 ms: Task 3 'sum' completed with status 2
execution-manager  | [SCHEDULER] 🔕 Timeout disarmed for task 3
execution-manager  | [SCHEDULER] 1 tasks remaining
execution-manager  | [SCHEDULER] ⏰ T=40000 ms: Launching task 4 'sum' (deadline: 60000 ms)
execution-manager  | [SCHEDULER] 🕐 Timeout armed for task 4 at T=60000 ms (in 20000 ms)
execution-manager  | [GRPC THREAD 4] Starting...
execution-manager  | [EXECUTION MANAGER] ⏱️ T1=17929488.705 ms | Sending gRPC request for task 4 'sum'
execution-manager  | [gRPC Channel Pool] Reusing existing channel for localhost:50051
execution-manager  | [gRPC Client Async] Calling task 'sum' at localhost:50051
execution-manager  | [gRPC Client Async] Inputs: {"total_ops": 1000, "io_percentage": 50}
execution-manager  | [gRPC Client Async] Response #1 - Status: COMPLETED
execution-manager  | 🎉 [T=42145 ms] Task 4 'sum' COMPLETED
execution-manager  | [EXECUTION MANAGER] ⏱️ T2=17929489.695 ms | Thread started (server measured)
execution-manager  | [EXECUTION MANAGER] ⏱️ T3=17931633.114 ms | Task completed (server measured)
execution-manager  | [EXECUTION MANAGER] ⏱️ T4=17931633.827 ms | Result received by client
execution-manager  |    [TASK EXECUTION] 2143.419 ms (T3-T2, measured in thread)
execution-manager  |    [RESULT] {"result": 0}
execution-manager  | 
execution-manager  | ╔═══════════════════════════════════════════════════════════════╗
execution-manager  | ║           END-TO-END TIMING MEASUREMENT RECAP                 ║
execution-manager  | ║                   Task 4: sum                                 
execution-manager  | ╠═══════════════════════════════════════════════════════════════╣
execution-manager  | ║ T1 (start_request)    = 17929488.705 ms                        ║
execution-manager  | ║ T2 (end_request)      = 17929489.695 ms                        ║
execution-manager  | ║ T3 (start_result)     = 17931633.114 ms                        ║
execution-manager  | ║ T4 (end_result)       = 17931633.827 ms                        ║
execution-manager  | ╠═══════════════════════════════════════════════════════════════╣
execution-manager  | ║ METRICS:                                                      ║
execution-manager  | ║   Request Latency    =        0.990 ms  (T2 - T1)            ║
execution-manager  | ║   Task Execution     =     2143.419 ms  (T3 - T2)            ║
execution-manager  | ║   Response Latency   =        0.713 ms  (T4 - T3)            ║
execution-manager  | ║   Total End-to-End   =     2145.122 ms  (T4 - T1)            ║
execution-manager  | ║   Network Overhead   =        1.703 ms  (Req + Resp)         ║
execution-manager  | ╚═══════════════════════════════════════════════════════════════╝
execution-manager  | 
execution-manager  | [gRPC Client Async] Stream completed, received 1 responses
execution-manager  | [GRPC THREAD 4] Completed
execution-manager  | [SCHEDULER] ✅ T=42146 ms: Task 4 'sum' completed with status 2
execution-manager  | [SCHEDULER] 🔕 Timeout disarmed for task 4
execution-manager  | [SCHEDULER] 0 tasks remaining
execution-manager  | 
execution-manager  | [SCHEDULER] 🏁 Iteration 16/25 complete!
execution-manager  | [SCHEDULER] Iteration execution time: 42146 ms
execution-manager  | 
execution-manager  | 
execution-manager  | [SCHEDULER] 🔁 ===== ITERATION 17 / 25 =====
execution-manager  | 
execution-manager  | [SCHEDULER] 🚀 Schedule started at T=0
execution-manager  | 
execution-manager  | [SCHEDULER] 🔄 Entering event loop (NO SLEEP - event-driven!)
execution-manager  | 
execution-manager  | [SCHEDULER] ⏰ T=10000 ms: Launching task 1 'sum' (deadline: 30000 ms)
execution-manager  | [SCHEDULER] 🕐 Timeout armed for task 1 at T=30000 ms (in 20000 ms)
execution-manager  | [GRPC THREAD 1] Starting...
execution-manager  | [EXECUTION MANAGER] ⏱️ T1=17941634.433 ms | Sending gRPC request for task 1 'sum'
execution-manager  | [gRPC Channel Pool] Reusing existing channel for localhost:50051
execution-manager  | [gRPC Client Async] Calling task 'sum' at localhost:50051
execution-manager  | [gRPC Client Async] Inputs: {"total_ops": 1000, "io_percentage": 50}
execution-manager  | [gRPC Client Async] Response #1 - Status: COMPLETED
execution-manager  | 🎉 [T=12203 ms] Task 1 'sum' COMPLETED
execution-manager  | [EXECUTION MANAGER] ⏱️ T2=17941635.394 ms | Thread started (server measured)
execution-manager  | [EXECUTION MANAGER] ⏱️ T3=17943836.397 ms | Task completed (server measured)
execution-manager  | [EXECUTION MANAGER] ⏱️ T4=17943837.141 ms | Result received by client
execution-manager  |    [TASK EXECUTION] 2201.003 ms (T3-T2, measured in thread)
execution-manager  |    [RESULT] {"result": 0}
execution-manager  | 
execution-manager  | ╔═══════════════════════════════════════════════════════════════╗
execution-manager  | ║           END-TO-END TIMING MEASUREMENT RECAP                 ║
execution-manager  | ║                   Task 1: sum                                 
execution-manager  | ╠═══════════════════════════════════════════════════════════════╣
execution-manager  | ║ T1 (start_request)    = 17941634.433 ms                        ║
execution-manager  | ║ T2 (end_request)      = 17941635.394 ms                        ║
execution-manager  | ║ T3 (start_result)     = 17943836.397 ms                        ║
execution-manager  | ║ T4 (end_result)       = 17943837.141 ms                        ║
execution-manager  | ╠═══════════════════════════════════════════════════════════════╣
execution-manager  | ║ METRICS:                                                      ║
execution-manager  | ║   Request Latency    =        0.961 ms  (T2 - T1)            ║
execution-manager  | ║   Task Execution     =     2201.003 ms  (T3 - T2)            ║
execution-manager  | ║   Response Latency   =        0.744 ms  (T4 - T3)            ║
execution-manager  | ║   Total End-to-End   =     2202.708 ms  (T4 - T1)            ║
execution-manager  | ║   Network Overhead   =        1.705 ms  (Req + Resp)         ║
execution-manager  | ╚═══════════════════════════════════════════════════════════════╝
execution-manager  | 
execution-manager  | [gRPC Client Async] Stream completed, received 1 responses
execution-manager  | [GRPC THREAD 1] Completed
execution-manager  | [SCHEDULER] ✅ T=12203 ms: Task 1 'sum' completed with status 2
execution-manager  | [SCHEDULER] 🔕 Timeout disarmed for task 1
execution-manager  | [SCHEDULER] 3 tasks remaining
execution-manager  | [SCHEDULER] ⏰ T=20000 ms: Launching task 2 'sum' (deadline: 40000 ms)
execution-manager  | [SCHEDULER] 🕐 Timeout armed for task 2 at T=40000 ms (in 20000 ms)
execution-manager  | [GRPC THREAD 2] Starting...
execution-manager  | [EXECUTION MANAGER] ⏱️ T1=17951634.463 ms | Sending gRPC request for task 2 'sum'
execution-manager  | [gRPC Channel Pool] Reusing existing channel for localhost:50051
execution-manager  | [gRPC Client Async] Calling task 'sum' at localhost:50051
execution-manager  | [gRPC Client Async] Inputs: {"total_ops": 1000, "io_percentage": 50}
execution-manager  | [gRPC Client Async] Response #1 - Status: COMPLETED
execution-manager  | 🎉 [T=22205 ms] Task 2 'sum' COMPLETED
execution-manager  | [EXECUTION MANAGER] ⏱️ T2=17951635.539 ms | Thread started (server measured)
execution-manager  | [EXECUTION MANAGER] ⏱️ T3=17953838.801 ms | Task completed (server measured)
execution-manager  | [EXECUTION MANAGER] ⏱️ T4=17953839.897 ms | Result received by client
execution-manager  |    [TASK EXECUTION] 2203.262 ms (T3-T2, measured in thread)
execution-manager  |    [RESULT] {"result": 0}
execution-manager  | 
execution-manager  | ╔═══════════════════════════════════════════════════════════════╗
execution-manager  | ║           END-TO-END TIMING MEASUREMENT RECAP                 ║
execution-manager  | ║                   Task 2: sum                                 
execution-manager  | ╠═══════════════════════════════════════════════════════════════╣
execution-manager  | ║ T1 (start_request)    = 17951634.463 ms                        ║
execution-manager  | ║ T2 (end_request)      = 17951635.539 ms                        ║
execution-manager  | ║ T3 (start_result)     = 17953838.801 ms                        ║
execution-manager  | ║ T4 (end_result)       = 17953839.897 ms                        ║
execution-manager  | ╠═══════════════════════════════════════════════════════════════╣
execution-manager  | ║ METRICS:                                                      ║
execution-manager  | ║   Request Latency    =        1.076 ms  (T2 - T1)            ║
execution-manager  | ║   Task Execution     =     2203.262 ms  (T3 - T2)            ║
execution-manager  | ║   Response Latency   =        1.096 ms  (T4 - T3)            ║
execution-manager  | ║   Total End-to-End   =     2205.434 ms  (T4 - T1)            ║
execution-manager  | ║   Network Overhead   =        2.172 ms  (Req + Resp)         ║
execution-manager  | ╚═══════════════════════════════════════════════════════════════╝
execution-manager  | 
execution-manager  | [SCHEDULER] ✅ T=22206 ms: Task 2 'sum' completed with status 2
execution-manager  | [SCHEDULER] 🔕 Timeout disarmed for task 2
execution-manager  | [SCHEDULER] 2 tasks remaining
execution-manager  | [gRPC Client Async] Stream completed, received 1 responses
execution-manager  | [GRPC THREAD 2] Completed
execution-manager  | [SCHEDULER] ⏰ T=30000 ms: Launching task 3 'sum' (deadline: 50000 ms)
execution-manager  | [SCHEDULER] 🕐 Timeout armed for task 3 at T=50000 ms (in 20000 ms)
execution-manager  | [GRPC THREAD 3] Starting...
execution-manager  | [EXECUTION MANAGER] ⏱️ T1=17961634.501 ms | Sending gRPC request for task 3 'sum'
execution-manager  | [gRPC Channel Pool] Reusing existing channel for localhost:50051
execution-manager  | [gRPC Client Async] Calling task 'sum' at localhost:50051
execution-manager  | [gRPC Client Async] Inputs: {"total_ops": 1000, "io_percentage": 50}
execution-manager  | [gRPC Client Async] Response #1 - Status: COMPLETED
execution-manager  | 🎉 [T=32218 ms] Task 3 'sum' COMPLETED
execution-manager  | [EXECUTION MANAGER] ⏱️ T2=17961635.487 ms | Thread started (server measured)
execution-manager  | [EXECUTION MANAGER] ⏱️ T3=17963852.277 ms | Task completed (server measured)
execution-manager  | [EXECUTION MANAGER] ⏱️ T4=17963852.760 ms | Result received by client
execution-manager  |    [TASK EXECUTION] 2216.791 ms (T3-T2, measured in thread)
execution-manager  |    [RESULT] {"result": 0}
execution-manager  | 
execution-manager  | ╔═══════════════════════════════════════════════════════════════╗
execution-manager  | ║           END-TO-END TIMING MEASUREMENT RECAP                 ║
execution-manager  | ║                   Task 3: sum                                 
execution-manager  | ╠═══════════════════════════════════════════════════════════════╣
execution-manager  | ║ T1 (start_request)    = 17961634.501 ms                        ║
execution-manager  | ║ T2 (end_request)      = 17961635.487 ms                        ║
execution-manager  | ║ T3 (start_result)     = 17963852.277 ms                        ║
execution-manager  | ║ T4 (end_result)       = 17963852.760 ms                        ║
execution-manager  | ╠═══════════════════════════════════════════════════════════════╣
execution-manager  | ║ METRICS:                                                      ║
execution-manager  | ║   Request Latency    =        0.986 ms  (T2 - T1)            ║
execution-manager  | ║   Task Execution     =     2216.791 ms  (T3 - T2)            ║
execution-manager  | ║   Response Latency   =        0.483 ms  (T4 - T3)            ║
execution-manager  | ║   Total End-to-End   =     2218.259 ms  (T4 - T1)            ║
execution-manager  | ║   Network Overhead   =        1.469 ms  (Req + Resp)         ║
execution-manager  | ╚═══════════════════════════════════════════════════════════════╝
execution-manager  | 
execution-manager  | [gRPC Client Async] Stream completed, received 1 responses
execution-manager  | [GRPC THREAD 3] Completed
execution-manager  | [SCHEDULER] ✅ T=32219 ms: Task 3 'sum' completed with status 2
execution-manager  | [SCHEDULER] 🔕 Timeout disarmed for task 3
execution-manager  | [SCHEDULER] 1 tasks remaining
execution-manager  | [SCHEDULER] ⏰ T=40000 ms: Launching task 4 'sum' (deadline: 60000 ms)
execution-manager  | [SCHEDULER] 🕐 Timeout armed for task 4 at T=60000 ms (in 20000 ms)
execution-manager  | [GRPC THREAD 4] Starting...
execution-manager  | [EXECUTION MANAGER] ⏱️ T1=17971634.519 ms | Sending gRPC request for task 4 'sum'
execution-manager  | [gRPC Channel Pool] Reusing existing channel for localhost:50051
execution-manager  | [gRPC Client Async] Calling task 'sum' at localhost:50051
execution-manager  | [gRPC Client Async] Inputs: {"total_ops": 1000, "io_percentage": 50}
execution-manager  | [gRPC Client Async] Response #1 - Status: COMPLETED
execution-manager  | 🎉 [T=42213 ms] Task 4 'sum' COMPLETED
execution-manager  | [EXECUTION MANAGER] ⏱️ T2=17971635.685 ms | Thread started (server measured)
execution-manager  | [EXECUTION MANAGER] ⏱️ T3=17973846.735 ms | Task completed (server measured)
execution-manager  | [EXECUTION MANAGER] ⏱️ T4=17973847.579 ms | Result received by client
execution-manager  |    [TASK EXECUTION] 2211.050 ms (T3-T2, measured in thread)
execution-manager  |    [RESULT] {"result": 0}
execution-manager  | 
execution-manager  | ╔═══════════════════════════════════════════════════════════════╗
execution-manager  | ║           END-TO-END TIMING MEASUREMENT RECAP                 ║
execution-manager  | ║                   Task 4: sum                                 
execution-manager  | ╠═══════════════════════════════════════════════════════════════╣
execution-manager  | ║ T1 (start_request)    = 17971634.519 ms                        ║
execution-manager  | ║ T2 (end_request)      = 17971635.685 ms                        ║
execution-manager  | ║ T3 (start_result)     = 17973846.735 ms                        ║
execution-manager  | ║ T4 (end_result)       = 17973847.579 ms                        ║
execution-manager  | ╠═══════════════════════════════════════════════════════════════╣
execution-manager  | ║ METRICS:                                                      ║
execution-manager  | ║   Request Latency    =        1.166 ms  (T2 - T1)            ║
execution-manager  | ║   Task Execution     =     2211.050 ms  (T3 - T2)            ║
execution-manager  | ║   Response Latency   =        0.844 ms  (T4 - T3)            ║
execution-manager  | ║   Total End-to-End   =     2213.061 ms  (T4 - T1)            ║
execution-manager  | ║   Network Overhead   =        2.010 ms  (Req + Resp)         ║
execution-manager  | ╚═══════════════════════════════════════════════════════════════╝
execution-manager  | 
execution-manager  | [gRPC Client Async] Stream completed, received 1 responses
execution-manager  | [GRPC THREAD 4] Completed
execution-manager  | [SCHEDULER] ✅ T=42213 ms: Task 4 'sum' completed with status 2
execution-manager  | [SCHEDULER] 🔕 Timeout disarmed for task 4
execution-manager  | [SCHEDULER] 0 tasks remaining
execution-manager  | 
execution-manager  | [SCHEDULER] 🏁 Iteration 17/25 complete!
execution-manager  | [SCHEDULER] Iteration execution time: 42213 ms
execution-manager  | 
execution-manager  | 
execution-manager  | [SCHEDULER] 🔁 ===== ITERATION 18 / 25 =====
execution-manager  | 
execution-manager  | [SCHEDULER] 🚀 Schedule started at T=0
execution-manager  | 
execution-manager  | [SCHEDULER] 🔄 Entering event loop (NO SLEEP - event-driven!)
execution-manager  | 
execution-manager  | [SCHEDULER] ⏰ T=10001 ms: Launching task 1 'sum' (deadline: 30000 ms)
execution-manager  | [SCHEDULER] 🕐 Timeout armed for task 1 at T=30000 ms (in 19999 ms)
execution-manager  | [GRPC THREAD 1] Starting...
execution-manager  | [EXECUTION MANAGER] ⏱️ T1=17983848.144 ms | Sending gRPC request for task 1 'sum'
execution-manager  | [gRPC Channel Pool] Reusing existing channel for localhost:50051
execution-manager  | [gRPC Client Async] Calling task 'sum' at localhost:50051
execution-manager  | [gRPC Client Async] Inputs: {"total_ops": 1000, "io_percentage": 50}
execution-manager  | [gRPC Client Async] Response #1 - Status: COMPLETED
execution-manager  | 🎉 [T=12244 ms] Task 1 'sum' COMPLETED
execution-manager  | [EXECUTION MANAGER] ⏱️ T2=17983849.167 ms | Thread started (server measured)
execution-manager  | [EXECUTION MANAGER] ⏱️ T3=17986091.223 ms | Task completed (server measured)
execution-manager  | [EXECUTION MANAGER] ⏱️ T4=17986091.925 ms | Result received by client
execution-manager  |    [TASK EXECUTION] 2242.056 ms (T3-T2, measured in thread)
execution-manager  |    [RESULT] {"result": 0}
execution-manager  | 
execution-manager  | ╔═══════════════════════════════════════════════════════════════╗
execution-manager  | ║           END-TO-END TIMING MEASUREMENT RECAP                 ║
execution-manager  | ║                   Task 1: sum                                 
execution-manager  | ╠═══════════════════════════════════════════════════════════════╣
execution-manager  | ║ T1 (start_request)    = 17983848.144 ms                        ║
execution-manager  | ║ T2 (end_request)      = 17983849.167 ms                        ║
execution-manager  | ║ T3 (start_result)     = 17986091.223 ms                        ║
execution-manager  | ║ T4 (end_result)       = 17986091.925 ms                        ║
execution-manager  | ╠═══════════════════════════════════════════════════════════════╣
execution-manager  | ║ METRICS:                                                      ║
execution-manager  | ║   Request Latency    =        1.023 ms  (T2 - T1)            ║
execution-manager  | ║   Task Execution     =     2242.056 ms  (T3 - T2)            ║
execution-manager  | ║   Response Latency   =        0.702 ms  (T4 - T3)            ║
execution-manager  | ║   Total End-to-End   =     2243.781 ms  (T4 - T1)            ║
execution-manager  | ║   Network Overhead   =        1.725 ms  (Req + Resp)         ║
execution-manager  | ╚═══════════════════════════════════════════════════════════════╝
execution-manager  | 
execution-manager  | [gRPC Client Async] Stream completed, received 1 responses
execution-manager  | [GRPC THREAD 1] Completed
execution-manager  | [SCHEDULER] ✅ T=12245 ms: Task 1 'sum' completed with status 2
execution-manager  | [SCHEDULER] 🔕 Timeout disarmed for task 1
execution-manager  | [SCHEDULER] 3 tasks remaining
execution-manager  | [SCHEDULER] ⏰ T=20001 ms: Launching task 2 'sum' (deadline: 40000 ms)
execution-manager  | [SCHEDULER] 🕐 Timeout armed for task 2 at T=40000 ms (in 19999 ms)
execution-manager  | [GRPC THREAD 2] Starting...
execution-manager  | [EXECUTION MANAGER] ⏱️ T1=17993848.185 ms | Sending gRPC request for task 2 'sum'
execution-manager  | [gRPC Channel Pool] Reusing existing channel for localhost:50051
execution-manager  | [gRPC Client Async] Calling task 'sum' at localhost:50051
execution-manager  | [gRPC Client Async] Inputs: {"total_ops": 1000, "io_percentage": 50}
execution-manager  | [gRPC Client Async] Response #1 - Status: COMPLETED
execution-manager  | 🎉 [T=22217 ms] Task 2 'sum' COMPLETED
execution-manager  | [EXECUTION MANAGER] ⏱️ T2=17993849.388 ms | Thread started (server measured)
execution-manager  | [EXECUTION MANAGER] ⏱️ T3=17996063.434 ms | Task completed (server measured)
execution-manager  | [EXECUTION MANAGER] ⏱️ T4=17996064.182 ms | Result received by client
execution-manager  |    [TASK EXECUTION] 2214.046 ms (T3-T2, measured in thread)
execution-manager  |    [RESULT] {"result": 0}
execution-manager  | 
execution-manager  | ╔═══════════════════════════════════════════════════════════════╗
execution-manager  | ║           END-TO-END TIMING MEASUREMENT RECAP                 ║
execution-manager  | ║                   Task 2: sum                                 
execution-manager  | ╠═══════════════════════════════════════════════════════════════╣
execution-manager  | ║ T1 (start_request)    = 17993848.185 ms                        ║
execution-manager  | ║ T2 (end_request)      = 17993849.388 ms                        ║
execution-manager  | ║ T3 (start_result)     = 17996063.434 ms                        ║
execution-manager  | ║ T4 (end_result)       = 17996064.182 ms                        ║
execution-manager  | ╠═══════════════════════════════════════════════════════════════╣
execution-manager  | ║ METRICS:                                                      ║
execution-manager  | ║   Request Latency    =        1.203 ms  (T2 - T1)            ║
execution-manager  | ║   Task Execution     =     2214.046 ms  (T3 - T2)            ║
execution-manager  | ║   Response Latency   =        0.748 ms  (T4 - T3)            ║
execution-manager  | ║   Total End-to-End   =     2215.997 ms  (T4 - T1)            ║
execution-manager  | ║   Network Overhead   =        1.951 ms  (Req + Resp)         ║
execution-manager  | ╚═══════════════════════════════════════════════════════════════╝
execution-manager  | 
execution-manager  | [SCHEDULER] ✅ T=22217 ms: Task 2 'sum' completed with status 2
execution-manager  | [SCHEDULER] 🔕 Timeout disarmed for task 2
execution-manager  | [SCHEDULER] 2 tasks remaining
execution-manager  | [gRPC Client Async] Stream completed, received 1 responses
execution-manager  | [GRPC THREAD 2] Completed
execution-manager  | [SCHEDULER] ⏰ T=30001 ms: Launching task 3 'sum' (deadline: 50000 ms)
execution-manager  | [SCHEDULER] 🕐 Timeout armed for task 3 at T=50000 ms (in 19999 ms)
execution-manager  | [GRPC THREAD 3] Starting...
execution-manager  | [EXECUTION MANAGER] ⏱️ T1=18003848.214 ms | Sending gRPC request for task 3 'sum'
execution-manager  | [gRPC Channel Pool] Reusing existing channel for localhost:50051
execution-manager  | [gRPC Client Async] Calling task 'sum' at localhost:50051
execution-manager  | [gRPC Client Async] Inputs: {"total_ops": 1000, "io_percentage": 50}
execution-manager  | [gRPC Client Async] Response #1 - Status: COMPLETED
execution-manager  | 🎉 [T=32227 ms] Task 3 'sum' COMPLETED
execution-manager  | [EXECUTION MANAGER] ⏱️ T2=18003849.360 ms | Thread started (server measured)
execution-manager  | [EXECUTION MANAGER] ⏱️ T3=18006073.695 ms | Task completed (server measured)
execution-manager  | [EXECUTION MANAGER] ⏱️ T4=18006074.418 ms | Result received by client
execution-manager  |    [TASK EXECUTION] 2224.335 ms (T3-T2, measured in thread)
execution-manager  |    [RESULT] {"result": 0}
execution-manager  | 
execution-manager  | ╔═══════════════════════════════════════════════════════════════╗
execution-manager  | ║           END-TO-END TIMING MEASUREMENT RECAP                 ║
execution-manager  | ║                   Task 3: sum                                 
execution-manager  | ╠═══════════════════════════════════════════════════════════════╣
execution-manager  | ║ T1 (start_request)    = 18003848.214 ms                        ║
execution-manager  | ║ T2 (end_request)      = 18003849.360 ms                        ║
execution-manager  | ║ T3 (start_result)     = 18006073.695 ms                        ║
execution-manager  | ║ T4 (end_result)       = 18006074.418 ms                        ║
execution-manager  | ╠═══════════════════════════════════════════════════════════════╣
execution-manager  | ║ METRICS:                                                      ║
execution-manager  | ║   Request Latency    =        1.145 ms  (T2 - T1)            ║
execution-manager  | ║   Task Execution     =     2224.335 ms  (T3 - T2)            ║
execution-manager  | ║   Response Latency   =        0.723 ms  (T4 - T3)            ║
execution-manager  | ║   Total End-to-End   =     2226.203 ms  (T4 - T1)            ║
execution-manager  | ║   Network Overhead   =        1.868 ms  (Req + Resp)         ║
execution-manager  | ╚═══════════════════════════════════════════════════════════════╝
execution-manager  | 
execution-manager  | [SCHEDULER] ✅ T=32227 ms: Task 3 'sum' completed with status 2
execution-manager  | [SCHEDULER] 🔕 Timeout disarmed for task 3
execution-manager  | [SCHEDULER] 1 tasks remaining
execution-manager  | [gRPC Client Async] Stream completed, received 1 responses
execution-manager  | [GRPC THREAD 3] Completed
execution-manager  | [SCHEDULER] ⏰ T=40001 ms: Launching task 4 'sum' (deadline: 60000 ms)
execution-manager  | [SCHEDULER] 🕐 Timeout armed for task 4 at T=60000 ms (in 19999 ms)
execution-manager  | [GRPC THREAD 4] Starting...
execution-manager  | [EXECUTION MANAGER] ⏱️ T1=18013848.233 ms | Sending gRPC request for task 4 'sum'
execution-manager  | [gRPC Channel Pool] Reusing existing channel for localhost:50051
execution-manager  | [gRPC Client Async] Calling task 'sum' at localhost:50051
execution-manager  | [gRPC Client Async] Inputs: {"total_ops": 1000, "io_percentage": 50}
execution-manager  | [gRPC Client Async] Response #1 - Status: COMPLETED
execution-manager  | 🎉 [T=42241 ms] Task 4 'sum' COMPLETED
execution-manager  | [EXECUTION MANAGER] ⏱️ T2=18013849.386 ms | Thread started (server measured)
execution-manager  | [EXECUTION MANAGER] ⏱️ T3=18016086.782 ms | Task completed (server measured)
execution-manager  | [EXECUTION MANAGER] ⏱️ T4=18016088.155 ms | Result received by client
execution-manager  |    [TASK EXECUTION] 2237.396 ms (T3-T2, measured in thread)
execution-manager  |    [RESULT] {"result": 0}
execution-manager  | 
execution-manager  | ╔═══════════════════════════════════════════════════════════════╗
execution-manager  | ║           END-TO-END TIMING MEASUREMENT RECAP                 ║
execution-manager  | ║                   Task 4: sum                                 
execution-manager  | ╠═══════════════════════════════════════════════════════════════╣
execution-manager  | ║ T1 (start_request)    = 18013848.233 ms                        ║
execution-manager  | ║ T2 (end_request)      = 18013849.386 ms                        ║
execution-manager  | ║ T3 (start_result)     = 18016086.782 ms                        ║
execution-manager  | ║ T4 (end_result)       = 18016088.155 ms                        ║
execution-manager  | ╠═══════════════════════════════════════════════════════════════╣
execution-manager  | ║ METRICS:                                                      ║
execution-manager  | ║   Request Latency    =        1.153 ms  (T2 - T1)            ║
execution-manager  | ║   Task Execution     =     2237.396 ms  (T3 - T2)            ║
execution-manager  | ║   Response Latency   =        1.373 ms  (T4 - T3)            ║
execution-manager  | ║   Total End-to-End   =     2239.922 ms  (T4 - T1)            ║
execution-manager  | ║   Network Overhead   =        2.526 ms  (Req + Resp)         ║
execution-manager  | ╚═══════════════════════════════════════════════════════════════╝
execution-manager  | 
execution-manager  | [gRPC Client Async] Stream completed, received 1 responses
execution-manager  | [GRPC THREAD 4] Completed
execution-manager  | [SCHEDULER] ✅ T=42241 ms: Task 4 'sum' completed with status 2
execution-manager  | [SCHEDULER] 🔕 Timeout disarmed for task 4
execution-manager  | [SCHEDULER] 0 tasks remaining
execution-manager  | 
execution-manager  | [SCHEDULER] 🏁 Iteration 18/25 complete!
execution-manager  | [SCHEDULER] Iteration execution time: 42241 ms
execution-manager  | 
execution-manager  | 
execution-manager  | [SCHEDULER] 🔁 ===== ITERATION 19 / 25 =====
execution-manager  | 
execution-manager  | [SCHEDULER] 🚀 Schedule started at T=0
execution-manager  | 
execution-manager  | [SCHEDULER] 🔄 Entering event loop (NO SLEEP - event-driven!)
execution-manager  | 
execution-manager  | [SCHEDULER] ⏰ T=10000 ms: Launching task 1 'sum' (deadline: 30000 ms)
execution-manager  | [SCHEDULER] 🕐 Timeout armed for task 1 at T=30000 ms (in 20000 ms)
execution-manager  | [GRPC THREAD 1] Starting...
execution-manager  | [EXECUTION MANAGER] ⏱️ T1=18026088.739 ms | Sending gRPC request for task 1 'sum'
execution-manager  | [gRPC Channel Pool] Reusing existing channel for localhost:50051
execution-manager  | [gRPC Client Async] Calling task 'sum' at localhost:50051
execution-manager  | [gRPC Client Async] Inputs: {"total_ops": 1000, "io_percentage": 50}
execution-manager  | [gRPC Client Async] Response #1 - Status: COMPLETED
execution-manager  | 🎉 [T=12146 ms] Task 1 'sum' COMPLETED
execution-manager  | [EXECUTION MANAGER] ⏱️ T2=18026089.660 ms | Thread started (server measured)
execution-manager  | [EXECUTION MANAGER] ⏱️ T3=18028233.605 ms | Task completed (server measured)
execution-manager  | [EXECUTION MANAGER] ⏱️ T4=18028234.369 ms | Result received by client
execution-manager  |    [TASK EXECUTION] 2143.946 ms (T3-T2, measured in thread)
execution-manager  |    [RESULT] {"result": 0}
execution-manager  | 
execution-manager  | ╔═══════════════════════════════════════════════════════════════╗
execution-manager  | ║           END-TO-END TIMING MEASUREMENT RECAP                 ║
execution-manager  | ║                   Task 1: sum                                 
execution-manager  | ╠═══════════════════════════════════════════════════════════════╣
execution-manager  | ║ T1 (start_request)    = 18026088.739 ms                        ║
execution-manager  | ║ T2 (end_request)      = 18026089.660 ms                        ║
execution-manager  | ║ T3 (start_result)     = 18028233.605 ms                        ║
execution-manager  | ║ T4 (end_result)       = 18028234.369 ms                        ║
execution-manager  | ╠═══════════════════════════════════════════════════════════════╣
execution-manager  | ║ METRICS:                                                      ║
execution-manager  | ║   Request Latency    =        0.920 ms  (T2 - T1)            ║
execution-manager  | ║   Task Execution     =     2143.946 ms  (T3 - T2)            ║
execution-manager  | ║   Response Latency   =        0.763 ms  (T4 - T3)            ║
execution-manager  | ║   Total End-to-End   =     2145.629 ms  (T4 - T1)            ║
execution-manager  | ║   Network Overhead   =        1.684 ms  (Req + Resp)         ║
execution-manager  | ╚═══════════════════════════════════════════════════════════════╝
execution-manager  | 
execution-manager  | [gRPC Client Async] Stream completed, received 1 responses
execution-manager  | [GRPC THREAD 1] Completed
execution-manager  | [SCHEDULER] ✅ T=12146 ms: Task 1 'sum' completed with status 2
execution-manager  | [SCHEDULER] 🔕 Timeout disarmed for task 1
execution-manager  | [SCHEDULER] 3 tasks remaining
execution-manager  | [SCHEDULER] ⏰ T=20000 ms: Launching task 2 'sum' (deadline: 40000 ms)
execution-manager  | [SCHEDULER] 🕐 Timeout armed for task 2 at T=40000 ms (in 20000 ms)
execution-manager  | [GRPC THREAD 2] Starting...
execution-manager  | [EXECUTION MANAGER] ⏱️ T1=18036088.752 ms | Sending gRPC request for task 2 'sum'
execution-manager  | [gRPC Channel Pool] Reusing existing channel for localhost:50051
execution-manager  | [gRPC Client Async] Calling task 'sum' at localhost:50051
execution-manager  | [gRPC Client Async] Inputs: {"total_ops": 1000, "io_percentage": 50}
execution-manager  | [gRPC Client Async] Response #1 - Status: COMPLETED
execution-manager  | 🎉 [T=22155 ms] Task 2 'sum' COMPLETED
execution-manager  | [EXECUTION MANAGER] ⏱️ T2=18036089.769 ms | Thread started (server measured)
execution-manager  | [EXECUTION MANAGER] ⏱️ T3=18038243.196 ms | Task completed (server measured)
execution-manager  | [EXECUTION MANAGER] ⏱️ T4=18038243.811 ms | Result received by client
execution-manager  |    [TASK EXECUTION] 2153.427 ms (T3-T2, measured in thread)
execution-manager  |    [RESULT] {"result": 0}
execution-manager  | 
execution-manager  | ╔═══════════════════════════════════════════════════════════════╗
execution-manager  | ║           END-TO-END TIMING MEASUREMENT RECAP                 ║
execution-manager  | ║                   Task 2: sum                                 
execution-manager  | ╠═══════════════════════════════════════════════════════════════╣
execution-manager  | ║ T1 (start_request)    = 18036088.752 ms                        ║
execution-manager  | ║ T2 (end_request)      = 18036089.769 ms                        ║
execution-manager  | ║ T3 (start_result)     = 18038243.196 ms                        ║
execution-manager  | ║ T4 (end_result)       = 18038243.811 ms                        ║
execution-manager  | ╠═══════════════════════════════════════════════════════════════╣
execution-manager  | ║ METRICS:                                                      ║
execution-manager  | ║   Request Latency    =        1.017 ms  (T2 - T1)            ║
execution-manager  | ║   Task Execution     =     2153.427 ms  (T3 - T2)            ║
execution-manager  | ║   Response Latency   =        0.615 ms  (T4 - T3)            ║
execution-manager  | ║   Total End-to-End   =     2155.059 ms  (T4 - T1)            ║
execution-manager  | ║   Network Overhead   =        1.631 ms  (Req + Resp)         ║
execution-manager  | ╚═══════════════════════════════════════════════════════════════╝
execution-manager  | 
execution-manager  | [gRPC Client Async] Stream completed, received 1 responses
execution-manager  | [GRPC THREAD 2] Completed
execution-manager  | [SCHEDULER] ✅ T=22156 ms: Task 2 'sum' completed with status 2
execution-manager  | [SCHEDULER] 🔕 Timeout disarmed for task 2
execution-manager  | [SCHEDULER] 2 tasks remaining
execution-manager  | [SCHEDULER] ⏰ T=30000 ms: Launching task 3 'sum' (deadline: 50000 ms)
execution-manager  | [SCHEDULER] 🕐 Timeout armed for task 3 at T=50000 ms (in 20000 ms)
execution-manager  | [GRPC THREAD 3] Starting...
execution-manager  | [EXECUTION MANAGER] ⏱️ T1=18046088.791 ms | Sending gRPC request for task 3 'sum'
execution-manager  | [gRPC Channel Pool] Reusing existing channel for localhost:50051
execution-manager  | [gRPC Client Async] Calling task 'sum' at localhost:50051
execution-manager  | [gRPC Client Async] Inputs: {"total_ops": 1000, "io_percentage": 50}
execution-manager  | [gRPC Client Async] Response #1 - Status: COMPLETED
execution-manager  | 🎉 [T=32157 ms] Task 3 'sum' COMPLETED
execution-manager  | [EXECUTION MANAGER] ⏱️ T2=18046089.808 ms | Thread started (server measured)
execution-manager  | [EXECUTION MANAGER] ⏱️ T3=18048244.475 ms | Task completed (server measured)
execution-manager  | [EXECUTION MANAGER] ⏱️ T4=18048245.179 ms | Result received by client
execution-manager  |    [TASK EXECUTION] 2154.667 ms (T3-T2, measured in thread)
execution-manager  |    [RESULT] {"result": 0}
execution-manager  | 
execution-manager  | ╔═══════════════════════════════════════════════════════════════╗
execution-manager  | ║           END-TO-END TIMING MEASUREMENT RECAP                 ║
execution-manager  | ║                   Task 3: sum                                 
execution-manager  | ╠═══════════════════════════════════════════════════════════════╣
execution-manager  | ║ T1 (start_request)    = 18046088.791 ms                        ║
execution-manager  | ║ T2 (end_request)      = 18046089.808 ms                        ║
execution-manager  | ║ T3 (start_result)     = 18048244.475 ms                        ║
execution-manager  | ║ T4 (end_result)       = 18048245.179 ms                        ║
execution-manager  | ╠═══════════════════════════════════════════════════════════════╣
execution-manager  | ║ METRICS:                                                      ║
execution-manager  | ║   Request Latency    =        1.017 ms  (T2 - T1)            ║
execution-manager  | ║   Task Execution     =     2154.667 ms  (T3 - T2)            ║
execution-manager  | ║   Response Latency   =        0.705 ms  (T4 - T3)            ║
execution-manager  | ║   Total End-to-End   =     2156.389 ms  (T4 - T1)            ║
execution-manager  | ║   Network Overhead   =        1.722 ms  (Req + Resp)         ║
execution-manager  | ╚═══════════════════════════════════════════════════════════════╝
execution-manager  | 
execution-manager  | [gRPC Client Async] Stream completed, received 1 responses
execution-manager  | [GRPC THREAD 3] Completed
execution-manager  | [SCHEDULER] ✅ T=32157 ms: Task 3 'sum' completed with status 2
execution-manager  | [SCHEDULER] 🔕 Timeout disarmed for task 3
execution-manager  | [SCHEDULER] 1 tasks remaining
execution-manager  | [SCHEDULER] ⏰ T=40000 ms: Launching task 4 'sum' (deadline: 60000 ms)
execution-manager  | [SCHEDULER] 🕐 Timeout armed for task 4 at T=60000 ms (in 20000 ms)
execution-manager  | [GRPC THREAD 4] Starting...
execution-manager  | [EXECUTION MANAGER] ⏱️ T1=18056088.805 ms | Sending gRPC request for task 4 'sum'
execution-manager  | [gRPC Channel Pool] Reusing existing channel for localhost:50051
execution-manager  | [gRPC Client Async] Calling task 'sum' at localhost:50051
execution-manager  | [gRPC Client Async] Inputs: {"total_ops": 1000, "io_percentage": 50}
execution-manager  | [gRPC Client Async] Response #1 - Status: COMPLETED
execution-manager  | 🎉 [T=42139 ms] Task 4 'sum' COMPLETED
execution-manager  | [EXECUTION MANAGER] ⏱️ T2=18056089.785 ms | Thread started (server measured)
execution-manager  | [EXECUTION MANAGER] ⏱️ T3=18058226.710 ms | Task completed (server measured)
execution-manager  | [EXECUTION MANAGER] ⏱️ T4=18058227.442 ms | Result received by client
execution-manager  |    [TASK EXECUTION] 2136.925 ms (T3-T2, measured in thread)
execution-manager  |    [RESULT] {"result": 0}
execution-manager  | 
execution-manager  | ╔═══════════════════════════════════════════════════════════════╗
execution-manager  | ║           END-TO-END TIMING MEASUREMENT RECAP                 ║
execution-manager  | ║                   Task 4: sum                                 
execution-manager  | ╠═══════════════════════════════════════════════════════════════╣
execution-manager  | ║ T1 (start_request)    = 18056088.805 ms                        ║
execution-manager  | ║ T2 (end_request)      = 18056089.785 ms                        ║
execution-manager  | ║ T3 (start_result)     = 18058226.710 ms                        ║
execution-manager  | ║ T4 (end_result)       = 18058227.442 ms                        ║
execution-manager  | ╠═══════════════════════════════════════════════════════════════╣
execution-manager  | ║ METRICS:                                                      ║
execution-manager  | ║   Request Latency    =        0.980 ms  (T2 - T1)            ║
execution-manager  | ║   Task Execution     =     2136.925 ms  (T3 - T2)            ║
execution-manager  | ║   Response Latency   =        0.732 ms  (T4 - T3)            ║
execution-manager  | ║   Total End-to-End   =     2138.637 ms  (T4 - T1)            ║
execution-manager  | ║   Network Overhead   =        1.712 ms  (Req + Resp)         ║
execution-manager  | ╚═══════════════════════════════════════════════════════════════╝
execution-manager  | 
execution-manager  | [gRPC Client Async] Stream completed, received 1 responses
execution-manager  | [GRPC THREAD 4] Completed
execution-manager  | [SCHEDULER] ✅ T=42139 ms: Task 4 'sum' completed with status 2
execution-manager  | [SCHEDULER] 🔕 Timeout disarmed for task 4
execution-manager  | [SCHEDULER] 0 tasks remaining
execution-manager  | 
execution-manager  | [SCHEDULER] 🏁 Iteration 19/25 complete!
execution-manager  | [SCHEDULER] Iteration execution time: 42139 ms
execution-manager  | 
execution-manager  | 
execution-manager  | [SCHEDULER] 🔁 ===== ITERATION 20 / 25 =====
execution-manager  | 
execution-manager  | [SCHEDULER] 🚀 Schedule started at T=0
execution-manager  | 
execution-manager  | [SCHEDULER] 🔄 Entering event loop (NO SLEEP - event-driven!)
execution-manager  | 
execution-manager  | [SCHEDULER] ⏰ T=10000 ms: Launching task 1 'sum' (deadline: 30000 ms)
execution-manager  | [SCHEDULER] 🕐 Timeout armed for task 1 at T=30000 ms (in 19999 ms)
execution-manager  | [GRPC THREAD 1] Starting...
execution-manager  | [EXECUTION MANAGER] ⏱️ T1=18068228.050 ms | Sending gRPC request for task 1 'sum'
execution-manager  | [gRPC Channel Pool] Reusing existing channel for localhost:50051
execution-manager  | [gRPC Client Async] Calling task 'sum' at localhost:50051
execution-manager  | [gRPC Client Async] Inputs: {"total_ops": 1000, "io_percentage": 50}
execution-manager  | [gRPC Client Async] Response #1 - Status: COMPLETED
execution-manager  | 🎉 [T=12152 ms] Task 1 'sum' COMPLETED
execution-manager  | [EXECUTION MANAGER] ⏱️ T2=18068228.977 ms | Thread started (server measured)
execution-manager  | [EXECUTION MANAGER] ⏱️ T3=18070378.327 ms | Task completed (server measured)
execution-manager  | [EXECUTION MANAGER] ⏱️ T4=18070379.034 ms | Result received by client
execution-manager  |    [TASK EXECUTION] 2149.350 ms (T3-T2, measured in thread)
execution-manager  |    [RESULT] {"result": 0}
execution-manager  | 
execution-manager  | ╔═══════════════════════════════════════════════════════════════╗
execution-manager  | ║           END-TO-END TIMING MEASUREMENT RECAP                 ║
execution-manager  | ║                   Task 1: sum                                 
execution-manager  | ╠═══════════════════════════════════════════════════════════════╣
execution-manager  | ║ T1 (start_request)    = 18068228.050 ms                        ║
execution-manager  | ║ T2 (end_request)      = 18068228.977 ms                        ║
execution-manager  | ║ T3 (start_result)     = 18070378.327 ms                        ║
execution-manager  | ║ T4 (end_result)       = 18070379.034 ms                        ║
execution-manager  | ╠═══════════════════════════════════════════════════════════════╣
execution-manager  | ║ METRICS:                                                      ║
execution-manager  | ║   Request Latency    =        0.927 ms  (T2 - T1)            ║
execution-manager  | ║   Task Execution     =     2149.350 ms  (T3 - T2)            ║
execution-manager  | ║   Response Latency   =        0.707 ms  (T4 - T3)            ║
execution-manager  | ║   Total End-to-End   =     2150.983 ms  (T4 - T1)            ║
execution-manager  | ║   Network Overhead   =        1.634 ms  (Req + Resp)         ║
execution-manager  | ╚═══════════════════════════════════════════════════════════════╝
execution-manager  | 
execution-manager  | [gRPC Client Async] Stream completed, received 1 responses
execution-manager  | [GRPC THREAD 1] Completed
execution-manager  | [SCHEDULER] ✅ T=12152 ms: Task 1 'sum' completed with status 2
execution-manager  | [SCHEDULER] 🔕 Timeout disarmed for task 1
execution-manager  | [SCHEDULER] 3 tasks remaining
execution-manager  | [SCHEDULER] ⏰ T=20000 ms: Launching task 2 'sum' (deadline: 40000 ms)
execution-manager  | [SCHEDULER] 🕐 Timeout armed for task 2 at T=40000 ms (in 19999 ms)
execution-manager  | [GRPC THREAD 2] Starting...
execution-manager  | [EXECUTION MANAGER] ⏱️ T1=18078228.087 ms | Sending gRPC request for task 2 'sum'
execution-manager  | [gRPC Channel Pool] Reusing existing channel for localhost:50051
execution-manager  | [gRPC Client Async] Calling task 'sum' at localhost:50051
execution-manager  | [gRPC Client Async] Inputs: {"total_ops": 1000, "io_percentage": 50}
execution-manager  | [gRPC Client Async] Response #1 - Status: COMPLETED
execution-manager  | 🎉 [T=22147 ms] Task 2 'sum' COMPLETED
execution-manager  | [EXECUTION MANAGER] ⏱️ T2=18078229.290 ms | Thread started (server measured)
execution-manager  | [EXECUTION MANAGER] ⏱️ T3=18080373.581 ms | Task completed (server measured)
execution-manager  | [EXECUTION MANAGER] ⏱️ T4=18080374.476 ms | Result received by client
execution-manager  |    [TASK EXECUTION] 2144.291 ms (T3-T2, measured in thread)
execution-manager  |    [RESULT] {"result": 0}
execution-manager  | 
execution-manager  | ╔═══════════════════════════════════════════════════════════════╗
execution-manager  | ║           END-TO-END TIMING MEASUREMENT RECAP                 ║
execution-manager  | ║                   Task 2: sum                                 
execution-manager  | ╠═══════════════════════════════════════════════════════════════╣
execution-manager  | ║ T1 (start_request)    = 18078228.087 ms                        ║
execution-manager  | ║ T2 (end_request)      = 18078229.290 ms                        ║
execution-manager  | ║ T3 (start_result)     = 18080373.581 ms                        ║
execution-manager  | ║ T4 (end_result)       = 18080374.476 ms                        ║
execution-manager  | ╠═══════════════════════════════════════════════════════════════╣
execution-manager  | ║ METRICS:                                                      ║
execution-manager  | ║   Request Latency    =        1.202 ms  (T2 - T1)            ║
execution-manager  | ║   Task Execution     =     2144.291 ms  (T3 - T2)            ║
execution-manager  | ║   Response Latency   =        0.895 ms  (T4 - T3)            ║
execution-manager  | ║   Total End-to-End   =     2146.389 ms  (T4 - T1)            ║
execution-manager  | ║   Network Overhead   =        2.098 ms  (Req + Resp)         ║
execution-manager  | ╚═══════════════════════════════════════════════════════════════╝
execution-manager  | 
execution-manager  | [SCHEDULER] ✅ T=22147 ms: Task 2 'sum' completed with status 2
execution-manager  | [SCHEDULER] 🔕 Timeout disarmed for task 2
execution-manager  | [SCHEDULER] 2 tasks remaining
execution-manager  | [gRPC Client Async] Stream completed, received 1 responses
execution-manager  | [GRPC THREAD 2] Completed
execution-manager  | [SCHEDULER] ⏰ T=30000 ms: Launching task 3 'sum' (deadline: 50000 ms)
execution-manager  | [SCHEDULER] 🕐 Timeout armed for task 3 at T=50000 ms (in 19999 ms)
execution-manager  | [GRPC THREAD 3] Starting...
execution-manager  | [EXECUTION MANAGER] ⏱️ T1=18088228.127 ms | Sending gRPC request for task 3 'sum'
execution-manager  | [gRPC Channel Pool] Reusing existing channel for localhost:50051
execution-manager  | [gRPC Client Async] Calling task 'sum' at localhost:50051
execution-manager  | [gRPC Client Async] Inputs: {"total_ops": 1000, "io_percentage": 50}
execution-manager  | [gRPC Client Async] Response #1 - Status: COMPLETED
execution-manager  | 🎉 [T=32150 ms] Task 3 'sum' COMPLETED
execution-manager  | [EXECUTION MANAGER] ⏱️ T2=18088229.245 ms | Thread started (server measured)
execution-manager  | [EXECUTION MANAGER] ⏱️ T3=18090376.457 ms | Task completed (server measured)
execution-manager  | [EXECUTION MANAGER] ⏱️ T4=18090377.328 ms | Result received by client
execution-manager  |    [TASK EXECUTION] 2147.211 ms (T3-T2, measured in thread)
execution-manager  |    [RESULT] {"result": 0}
execution-manager  | 
execution-manager  | ╔═══════════════════════════════════════════════════════════════╗
execution-manager  | ║           END-TO-END TIMING MEASUREMENT RECAP                 ║
execution-manager  | ║                   Task 3: sum                                 
execution-manager  | ╠═══════════════════════════════════════════════════════════════╣
execution-manager  | ║ T1 (start_request)    = 18088228.127 ms                        ║
execution-manager  | ║ T2 (end_request)      = 18088229.245 ms                        ║
execution-manager  | ║ T3 (start_result)     = 18090376.457 ms                        ║
execution-manager  | ║ T4 (end_result)       = 18090377.328 ms                        ║
execution-manager  | ╠═══════════════════════════════════════════════════════════════╣
execution-manager  | ║ METRICS:                                                      ║
execution-manager  | ║   Request Latency    =        1.118 ms  (T2 - T1)            ║
execution-manager  | ║   Task Execution     =     2147.211 ms  (T3 - T2)            ║
execution-manager  | ║   Response Latency   =        0.871 ms  (T4 - T3)            ║
execution-manager  | ║   Total End-to-End   =     2149.201 ms  (T4 - T1)            ║
execution-manager  | ║   Network Overhead   =        1.989 ms  (Req + Resp)         ║
execution-manager  | ╚═══════════════════════════════════════════════════════════════╝
execution-manager  | 
execution-manager  | [SCHEDULER] ✅ T=32150 ms: Task 3 'sum' completed with status 2
execution-manager  | [SCHEDULER] 🔕 Timeout disarmed for task 3
execution-manager  | [SCHEDULER] 1 tasks remaining
execution-manager  | [gRPC Client Async] Stream completed, received 1 responses
execution-manager  | [GRPC THREAD 3] Completed
execution-manager  | [SCHEDULER] ⏰ T=40001 ms: Launching task 4 'sum' (deadline: 60000 ms)
execution-manager  | [SCHEDULER] 🕐 Timeout armed for task 4 at T=60000 ms (in 19999 ms)
execution-manager  | [GRPC THREAD 4] Starting...
execution-manager  | [EXECUTION MANAGER] ⏱️ T1=18098228.157 ms | Sending gRPC request for task 4 'sum'
execution-manager  | [gRPC Channel Pool] Reusing existing channel for localhost:50051
execution-manager  | [gRPC Client Async] Calling task 'sum' at localhost:50051
execution-manager  | [gRPC Client Async] Inputs: {"total_ops": 1000, "io_percentage": 50}
execution-manager  | [gRPC Client Async] Response #1 - Status: COMPLETED
execution-manager  | 🎉 [T=42144 ms] Task 4 'sum' COMPLETED
execution-manager  | [EXECUTION MANAGER] ⏱️ T2=18098229.190 ms | Thread started (server measured)
execution-manager  | [EXECUTION MANAGER] ⏱️ T3=18100370.638 ms | Task completed (server measured)
execution-manager  | [EXECUTION MANAGER] ⏱️ T4=18100371.470 ms | Result received by client
execution-manager  |    [TASK EXECUTION] 2141.448 ms (T3-T2, measured in thread)
execution-manager  |    [RESULT] {"result": 0}
execution-manager  | 
execution-manager  | ╔═══════════════════════════════════════════════════════════════╗
execution-manager  | ║           END-TO-END TIMING MEASUREMENT RECAP                 ║
execution-manager  | ║                   Task 4: sum                                 
execution-manager  | ╠═══════════════════════════════════════════════════════════════╣
execution-manager  | ║ T1 (start_request)    = 18098228.157 ms                        ║
execution-manager  | ║ T2 (end_request)      = 18098229.190 ms                        ║
execution-manager  | ║ T3 (start_result)     = 18100370.638 ms                        ║
execution-manager  | ║ T4 (end_result)       = 18100371.470 ms                        ║
execution-manager  | ╠═══════════════════════════════════════════════════════════════╣
execution-manager  | ║ METRICS:                                                      ║
execution-manager  | ║   Request Latency    =        1.033 ms  (T2 - T1)            ║
execution-manager  | ║   Task Execution     =     2141.448 ms  (T3 - T2)            ║
execution-manager  | ║   Response Latency   =        0.832 ms  (T4 - T3)            ║
execution-manager  | ║   Total End-to-End   =     2143.313 ms  (T4 - T1)            ║
execution-manager  | ║   Network Overhead   =        1.865 ms  (Req + Resp)         ║
execution-manager  | ╚═══════════════════════════════════════════════════════════════╝
execution-manager  | 
execution-manager  | [gRPC Client Async] Stream completed, received 1 responses
execution-manager  | [GRPC THREAD 4] Completed
execution-manager  | [SCHEDULER] ✅ T=42144 ms: Task 4 'sum' completed with status 2
execution-manager  | [SCHEDULER] 🔕 Timeout disarmed for task 4
execution-manager  | [SCHEDULER] 0 tasks remaining
execution-manager  | 
execution-manager  | [SCHEDULER] 🏁 Iteration 20/25 complete!
execution-manager  | [SCHEDULER] Iteration execution time: 42144 ms
execution-manager  | 
execution-manager  | 
execution-manager  | [SCHEDULER] 🔁 ===== ITERATION 21 / 25 =====
execution-manager  | 
execution-manager  | [SCHEDULER] 🚀 Schedule started at T=0
execution-manager  | 
execution-manager  | [SCHEDULER] 🔄 Entering event loop (NO SLEEP - event-driven!)
execution-manager  | 
execution-manager  | [SCHEDULER] ⏰ T=10000 ms: Launching task 1 'sum' (deadline: 30000 ms)
execution-manager  | [SCHEDULER] 🕐 Timeout armed for task 1 at T=30000 ms (in 19999 ms)
execution-manager  | [GRPC THREAD 1] Starting...
execution-manager  | [EXECUTION MANAGER] ⏱️ T1=18110372.081 ms | Sending gRPC request for task 1 'sum'
execution-manager  | [gRPC Channel Pool] Reusing existing channel for localhost:50051
execution-manager  | [gRPC Client Async] Calling task 'sum' at localhost:50051
execution-manager  | [gRPC Client Async] Inputs: {"total_ops": 1000, "io_percentage": 50}
execution-manager  | [gRPC Client Async] Response #1 - Status: COMPLETED
execution-manager  | 🎉 [T=12165 ms] Task 1 'sum' COMPLETED
execution-manager  | [EXECUTION MANAGER] ⏱️ T2=18110372.956 ms | Thread started (server measured)
execution-manager  | [EXECUTION MANAGER] ⏱️ T3=18112535.491 ms | Task completed (server measured)
execution-manager  | [EXECUTION MANAGER] ⏱️ T4=18112536.201 ms | Result received by client
execution-manager  |    [TASK EXECUTION] 2162.535 ms (T3-T2, measured in thread)
execution-manager  |    [RESULT] {"result": 0}
execution-manager  | 
execution-manager  | ╔═══════════════════════════════════════════════════════════════╗
execution-manager  | ║           END-TO-END TIMING MEASUREMENT RECAP                 ║
execution-manager  | ║                   Task 1: sum                                 
execution-manager  | ╠═══════════════════════════════════════════════════════════════╣
execution-manager  | ║ T1 (start_request)    = 18110372.081 ms                        ║
execution-manager  | ║ T2 (end_request)      = 18110372.956 ms                        ║
execution-manager  | ║ T3 (start_result)     = 18112535.491 ms                        ║
execution-manager  | ║ T4 (end_result)       = 18112536.201 ms                        ║
execution-manager  | ╠═══════════════════════════════════════════════════════════════╣
execution-manager  | ║ METRICS:                                                      ║
execution-manager  | ║   Request Latency    =        0.874 ms  (T2 - T1)            ║
execution-manager  | ║   Task Execution     =     2162.535 ms  (T3 - T2)            ║
execution-manager  | ║   Response Latency   =        0.710 ms  (T4 - T3)            ║
execution-manager  | ║   Total End-to-End   =     2164.120 ms  (T4 - T1)            ║
execution-manager  | ║   Network Overhead   =        1.585 ms  (Req + Resp)         ║
execution-manager  | ╚═══════════════════════════════════════════════════════════════╝
execution-manager  | 
execution-manager  | [gRPC Client Async] Stream completed, received 1 responses
execution-manager  | [GRPC THREAD 1] Completed
execution-manager  | [SCHEDULER] ✅ T=12165 ms: Task 1 'sum' completed with status 2
execution-manager  | [SCHEDULER] 🔕 Timeout disarmed for task 1
execution-manager  | [SCHEDULER] 3 tasks remaining
execution-manager  | [SCHEDULER] ⏰ T=20000 ms: Launching task 2 'sum' (deadline: 40000 ms)
execution-manager  | [SCHEDULER] 🕐 Timeout armed for task 2 at T=40000 ms (in 19999 ms)
execution-manager  | [GRPC THREAD 2] Starting...
execution-manager  | [EXECUTION MANAGER] ⏱️ T1=18120372.082 ms | Sending gRPC request for task 2 'sum'
execution-manager  | [gRPC Channel Pool] Reusing existing channel for localhost:50051
execution-manager  | [gRPC Client Async] Calling task 'sum' at localhost:50051
execution-manager  | [gRPC Client Async] Inputs: {"total_ops": 1000, "io_percentage": 50}
execution-manager  | [gRPC Client Async] Response #1 - Status: COMPLETED
execution-manager  | 🎉 [T=22138 ms] Task 2 'sum' COMPLETED
execution-manager  | [EXECUTION MANAGER] ⏱️ T2=18120373.102 ms | Thread started (server measured)
execution-manager  | [EXECUTION MANAGER] ⏱️ T3=18122508.380 ms | Task completed (server measured)
execution-manager  | [EXECUTION MANAGER] ⏱️ T4=18122509.121 ms | Result received by client
execution-manager  |    [TASK EXECUTION] 2135.278 ms (T3-T2, measured in thread)
execution-manager  |    [RESULT] {"result": 0}
execution-manager  | 
execution-manager  | ╔═══════════════════════════════════════════════════════════════╗
execution-manager  | ║           END-TO-END TIMING MEASUREMENT RECAP                 ║
execution-manager  | ║                   Task 2: sum                                 
execution-manager  | ╠═══════════════════════════════════════════════════════════════╣
execution-manager  | ║ T1 (start_request)    = 18120372.082 ms                        ║
execution-manager  | ║ T2 (end_request)      = 18120373.102 ms                        ║
execution-manager  | ║ T3 (start_result)     = 18122508.380 ms                        ║
execution-manager  | ║ T4 (end_result)       = 18122509.121 ms                        ║
execution-manager  | ╠═══════════════════════════════════════════════════════════════╣
execution-manager  | ║ METRICS:                                                      ║
execution-manager  | ║   Request Latency    =        1.020 ms  (T2 - T1)            ║
execution-manager  | ║   Task Execution     =     2135.278 ms  (T3 - T2)            ║
execution-manager  | ║   Response Latency   =        0.741 ms  (T4 - T3)            ║
execution-manager  | ║   Total End-to-End   =     2137.039 ms  (T4 - T1)            ║
execution-manager  | ║   Network Overhead   =        1.761 ms  (Req + Resp)         ║
execution-manager  | ╚═══════════════════════════════════════════════════════════════╝
execution-manager  | 
execution-manager  | [gRPC Client Async] Stream completed, received 1 responses
execution-manager  | [GRPC THREAD 2] Completed
execution-manager  | [SCHEDULER] ✅ T=22138 ms: Task 2 'sum' completed with status 2
execution-manager  | [SCHEDULER] 🔕 Timeout disarmed for task 2
execution-manager  | [SCHEDULER] 2 tasks remaining
execution-manager  | [SCHEDULER] ⏰ T=30000 ms: Launching task 3 'sum' (deadline: 50000 ms)
execution-manager  | [SCHEDULER] 🕐 Timeout armed for task 3 at T=50000 ms (in 19999 ms)
execution-manager  | [GRPC THREAD 3] Starting...
execution-manager  | [EXECUTION MANAGER] ⏱️ T1=18130372.128 ms | Sending gRPC request for task 3 'sum'
execution-manager  | [gRPC Channel Pool] Reusing existing channel for localhost:50051
execution-manager  | [gRPC Client Async] Calling task 'sum' at localhost:50051
execution-manager  | [gRPC Client Async] Inputs: {"total_ops": 1000, "io_percentage": 50}
execution-manager  | [gRPC Client Async] Response #1 - Status: COMPLETED
execution-manager  | 🎉 [T=32128 ms] Task 3 'sum' COMPLETED
execution-manager  | [EXECUTION MANAGER] ⏱️ T2=18130373.283 ms | Thread started (server measured)
execution-manager  | [EXECUTION MANAGER] ⏱️ T3=18132499.108 ms | Task completed (server measured)
execution-manager  | [EXECUTION MANAGER] ⏱️ T4=18132499.761 ms | Result received by client
execution-manager  |    [TASK EXECUTION] 2125.825 ms (T3-T2, measured in thread)
execution-manager  |    [RESULT] {"result": 0}
execution-manager  | 
execution-manager  | ╔═══════════════════════════════════════════════════════════════╗
execution-manager  | ║           END-TO-END TIMING MEASUREMENT RECAP                 ║
execution-manager  | ║                   Task 3: sum                                 
execution-manager  | ╠═══════════════════════════════════════════════════════════════╣
execution-manager  | ║ T1 (start_request)    = 18130372.128 ms                        ║
execution-manager  | ║ T2 (end_request)      = 18130373.283 ms                        ║
execution-manager  | ║ T3 (start_result)     = 18132499.108 ms                        ║
execution-manager  | ║ T4 (end_result)       = 18132499.761 ms                        ║
execution-manager  | ╠═══════════════════════════════════════════════════════════════╣
execution-manager  | ║ METRICS:                                                      ║
execution-manager  | ║   Request Latency    =        1.155 ms  (T2 - T1)            ║
execution-manager  | ║   Task Execution     =     2125.825 ms  (T3 - T2)            ║
execution-manager  | ║   Response Latency   =        0.653 ms  (T4 - T3)            ║
execution-manager  | ║   Total End-to-End   =     2127.633 ms  (T4 - T1)            ║
execution-manager  | ║   Network Overhead   =        1.808 ms  (Req + Resp)         ║
execution-manager  | ╚═══════════════════════════════════════════════════════════════╝
execution-manager  | 
execution-manager  | [gRPC Client Async] Stream completed, received 1 responses
execution-manager  | [GRPC THREAD 3] Completed
execution-manager  | [SCHEDULER] ✅ T=32129 ms: Task 3 'sum' completed with status 2
execution-manager  | [SCHEDULER] 🔕 Timeout disarmed for task 3
execution-manager  | [SCHEDULER] 1 tasks remaining
execution-manager  | [SCHEDULER] ⏰ T=40001 ms: Launching task 4 'sum' (deadline: 60000 ms)
execution-manager  | [SCHEDULER] 🕐 Timeout armed for task 4 at T=60000 ms (in 19999 ms)
execution-manager  | [GRPC THREAD 4] Starting...
execution-manager  | [EXECUTION MANAGER] ⏱️ T1=18140372.143 ms | Sending gRPC request for task 4 'sum'
execution-manager  | [gRPC Channel Pool] Reusing existing channel for localhost:50051
execution-manager  | [gRPC Client Async] Calling task 'sum' at localhost:50051
execution-manager  | [gRPC Client Async] Inputs: {"total_ops": 1000, "io_percentage": 50}
execution-manager  | [gRPC Client Async] Response #1 - Status: COMPLETED
execution-manager  | 🎉 [T=42168 ms] Task 4 'sum' COMPLETED
execution-manager  | [EXECUTION MANAGER] ⏱️ T2=18140373.207 ms | Thread started (server measured)
execution-manager  | [EXECUTION MANAGER] ⏱️ T3=18142538.740 ms | Task completed (server measured)
execution-manager  | [EXECUTION MANAGER] ⏱️ T4=18142539.572 ms | Result received by client
execution-manager  |    [TASK EXECUTION] 2165.532 ms (T3-T2, measured in thread)
execution-manager  |    [RESULT] {"result": 0}
execution-manager  | 
execution-manager  | ╔═══════════════════════════════════════════════════════════════╗
execution-manager  | ║           END-TO-END TIMING MEASUREMENT RECAP                 ║
execution-manager  | ║                   Task 4: sum                                 
execution-manager  | ╠═══════════════════════════════════════════════════════════════╣
execution-manager  | ║ T1 (start_request)    = 18140372.143 ms                        ║
execution-manager  | ║ T2 (end_request)      = 18140373.207 ms                        ║
execution-manager  | ║ T3 (start_result)     = 18142538.740 ms                        ║
execution-manager  | ║ T4 (end_result)       = 18142539.572 ms                        ║
execution-manager  | ╠═══════════════════════════════════════════════════════════════╣
execution-manager  | ║ METRICS:                                                      ║
execution-manager  | ║   Request Latency    =        1.065 ms  (T2 - T1)            ║
execution-manager  | ║   Task Execution     =     2165.532 ms  (T3 - T2)            ║
execution-manager  | ║   Response Latency   =        0.832 ms  (T4 - T3)            ║
execution-manager  | ║   Total End-to-End   =     2167.429 ms  (T4 - T1)            ║
execution-manager  | ║   Network Overhead   =        1.896 ms  (Req + Resp)         ║
execution-manager  | ╚═══════════════════════════════════════════════════════════════╝
execution-manager  | 
execution-manager  | [gRPC Client Async] Stream completed, received 1 responses
execution-manager  | [GRPC THREAD 4] Completed
execution-manager  | [SCHEDULER] ✅ T=42168 ms: Task 4 'sum' completed with status 2
execution-manager  | [SCHEDULER] 🔕 Timeout disarmed for task 4
execution-manager  | [SCHEDULER] 0 tasks remaining
execution-manager  | 
execution-manager  | [SCHEDULER] 🏁 Iteration 21/25 complete!
execution-manager  | [SCHEDULER] Iteration execution time: 42168 ms
execution-manager  | 
execution-manager  | 
execution-manager  | [SCHEDULER] 🔁 ===== ITERATION 22 / 25 =====
execution-manager  | 
execution-manager  | [SCHEDULER] 🚀 Schedule started at T=0
execution-manager  | 
execution-manager  | [SCHEDULER] 🔄 Entering event loop (NO SLEEP - event-driven!)
execution-manager  | 
execution-manager  | [SCHEDULER] ⏰ T=10001 ms: Launching task 1 'sum' (deadline: 30000 ms)
execution-manager  | [SCHEDULER] 🕐 Timeout armed for task 1 at T=30000 ms (in 19999 ms)
execution-manager  | [GRPC THREAD 1] Starting...
execution-manager  | [EXECUTION MANAGER] ⏱️ T1=18152540.160 ms | Sending gRPC request for task 1 'sum'
execution-manager  | [gRPC Channel Pool] Reusing existing channel for localhost:50051
execution-manager  | [gRPC Client Async] Calling task 'sum' at localhost:50051
execution-manager  | [gRPC Client Async] Inputs: {"total_ops": 1000, "io_percentage": 50}
execution-manager  | [gRPC Client Async] Response #1 - Status: COMPLETED
execution-manager  | 🎉 [T=12156 ms] Task 1 'sum' COMPLETED
execution-manager  | [EXECUTION MANAGER] ⏱️ T2=18152541.096 ms | Thread started (server measured)
execution-manager  | [EXECUTION MANAGER] ⏱️ T3=18154695.083 ms | Task completed (server measured)
execution-manager  | [EXECUTION MANAGER] ⏱️ T4=18154695.742 ms | Result received by client
execution-manager  |    [TASK EXECUTION] 2153.988 ms (T3-T2, measured in thread)
execution-manager  |    [RESULT] {"result": 0}
execution-manager  | 
execution-manager  | ╔═══════════════════════════════════════════════════════════════╗
execution-manager  | ║           END-TO-END TIMING MEASUREMENT RECAP                 ║
execution-manager  | ║                   Task 1: sum                                 
execution-manager  | ╠═══════════════════════════════════════════════════════════════╣
execution-manager  | ║ T1 (start_request)    = 18152540.160 ms                        ║
execution-manager  | ║ T2 (end_request)      = 18152541.096 ms                        ║
execution-manager  | ║ T3 (start_result)     = 18154695.083 ms                        ║
execution-manager  | ║ T4 (end_result)       = 18154695.742 ms                        ║
execution-manager  | ╠═══════════════════════════════════════════════════════════════╣
execution-manager  | ║ METRICS:                                                      ║
execution-manager  | ║   Request Latency    =        0.936 ms  (T2 - T1)            ║
execution-manager  | ║   Task Execution     =     2153.988 ms  (T3 - T2)            ║
execution-manager  | ║   Response Latency   =        0.659 ms  (T4 - T3)            ║
execution-manager  | ║   Total End-to-End   =     2155.582 ms  (T4 - T1)            ║
execution-manager  | ║   Network Overhead   =        1.595 ms  (Req + Resp)         ║
execution-manager  | ╚═══════════════════════════════════════════════════════════════╝
execution-manager  | 
execution-manager  | [gRPC Client Async] Stream completed, received 1 responses
execution-manager  | [GRPC THREAD 1] Completed
execution-manager  | [SCHEDULER] ✅ T=12157 ms: Task 1 'sum' completed with status 2
execution-manager  | [SCHEDULER] 🔕 Timeout disarmed for task 1
execution-manager  | [SCHEDULER] 3 tasks remaining
execution-manager  | [SCHEDULER] ⏰ T=20001 ms: Launching task 2 'sum' (deadline: 40000 ms)
execution-manager  | [SCHEDULER] 🕐 Timeout armed for task 2 at T=40000 ms (in 19999 ms)
execution-manager  | [GRPC THREAD 2] Starting...
execution-manager  | [EXECUTION MANAGER] ⏱️ T1=18162540.224 ms | Sending gRPC request for task 2 'sum'
execution-manager  | [gRPC Channel Pool] Reusing existing channel for localhost:50051
execution-manager  | [gRPC Client Async] Calling task 'sum' at localhost:50051
execution-manager  | [gRPC Client Async] Inputs: {"total_ops": 1000, "io_percentage": 50}
execution-manager  | [gRPC Client Async] Response #1 - Status: COMPLETED
execution-manager  | 🎉 [T=22156 ms] Task 2 'sum' COMPLETED
execution-manager  | [EXECUTION MANAGER] ⏱️ T2=18162541.266 ms | Thread started (server measured)
execution-manager  | [EXECUTION MANAGER] ⏱️ T3=18164694.651 ms | Task completed (server measured)
execution-manager  | [EXECUTION MANAGER] ⏱️ T4=18164695.387 ms | Result received by client
execution-manager  |    [TASK EXECUTION] 2153.385 ms (T3-T2, measured in thread)
execution-manager  |    [RESULT] {"result": 0}
execution-manager  | 
execution-manager  | ╔═══════════════════════════════════════════════════════════════╗
execution-manager  | ║           END-TO-END TIMING MEASUREMENT RECAP                 ║
execution-manager  | ║                   Task 2: sum                                 
execution-manager  | ╠═══════════════════════════════════════════════════════════════╣
execution-manager  | ║ T1 (start_request)    = 18162540.224 ms                        ║
execution-manager  | ║ T2 (end_request)      = 18162541.266 ms                        ║
execution-manager  | ║ T3 (start_result)     = 18164694.651 ms                        ║
execution-manager  | ║ T4 (end_result)       = 18164695.387 ms                        ║
execution-manager  | ╠═══════════════════════════════════════════════════════════════╣
execution-manager  | ║ METRICS:                                                      ║
execution-manager  | ║   Request Latency    =        1.043 ms  (T2 - T1)            ║
execution-manager  | ║   Task Execution     =     2153.385 ms  (T3 - T2)            ║
execution-manager  | ║   Response Latency   =        0.735 ms  (T4 - T3)            ║
execution-manager  | ║   Total End-to-End   =     2155.163 ms  (T4 - T1)            ║
execution-manager  | ║   Network Overhead   =        1.778 ms  (Req + Resp)         ║
execution-manager  | ╚═══════════════════════════════════════════════════════════════╝
execution-manager  | 
execution-manager  | [gRPC Client Async] Stream completed, received 1 responses
execution-manager  | [GRPC THREAD 2] Completed
execution-manager  | [SCHEDULER] ✅ T=22156 ms: Task 2 'sum' completed with status 2
execution-manager  | [SCHEDULER] 🔕 Timeout disarmed for task 2
execution-manager  | [SCHEDULER] 2 tasks remaining
execution-manager  | [SCHEDULER] ⏰ T=30001 ms: Launching task 3 'sum' (deadline: 50000 ms)
execution-manager  | [SCHEDULER] 🕐 Timeout armed for task 3 at T=50000 ms (in 19999 ms)
execution-manager  | [GRPC THREAD 3] Starting...
execution-manager  | [EXECUTION MANAGER] ⏱️ T1=18172540.226 ms | Sending gRPC request for task 3 'sum'
execution-manager  | [gRPC Channel Pool] Reusing existing channel for localhost:50051
execution-manager  | [gRPC Client Async] Calling task 'sum' at localhost:50051
execution-manager  | [gRPC Client Async] Inputs: {"total_ops": 1000, "io_percentage": 50}
execution-manager  | [gRPC Client Async] Response #1 - Status: COMPLETED
execution-manager  | 🎉 [T=32146 ms] Task 3 'sum' COMPLETED
execution-manager  | [EXECUTION MANAGER] ⏱️ T2=18172541.347 ms | Thread started (server measured)
execution-manager  | [EXECUTION MANAGER] ⏱️ T3=18174684.764 ms | Task completed (server measured)
execution-manager  | [EXECUTION MANAGER] ⏱️ T4=18174685.483 ms | Result received by client
execution-manager  |    [TASK EXECUTION] 2143.417 ms (T3-T2, measured in thread)
execution-manager  |    [RESULT] {"result": 0}
execution-manager  | 
execution-manager  | ╔═══════════════════════════════════════════════════════════════╗
execution-manager  | ║           END-TO-END TIMING MEASUREMENT RECAP                 ║
execution-manager  | ║                   Task 3: sum                                 
execution-manager  | ╠═══════════════════════════════════════════════════════════════╣
execution-manager  | ║ T1 (start_request)    = 18172540.226 ms                        ║
execution-manager  | ║ T2 (end_request)      = 18172541.347 ms                        ║
execution-manager  | ║ T3 (start_result)     = 18174684.764 ms                        ║
execution-manager  | ║ T4 (end_result)       = 18174685.483 ms                        ║
execution-manager  | ╠═══════════════════════════════════════════════════════════════╣
execution-manager  | ║ METRICS:                                                      ║
execution-manager  | ║   Request Latency    =        1.120 ms  (T2 - T1)            ║
execution-manager  | ║   Task Execution     =     2143.417 ms  (T3 - T2)            ║
execution-manager  | ║   Response Latency   =        0.720 ms  (T4 - T3)            ║
execution-manager  | ║   Total End-to-End   =     2145.257 ms  (T4 - T1)            ║
execution-manager  | ║   Network Overhead   =        1.840 ms  (Req + Resp)         ║
execution-manager  | ╚═══════════════════════════════════════════════════════════════╝
execution-manager  | 
execution-manager  | [gRPC Client Async] Stream completed, received 1 responses
execution-manager  | [GRPC THREAD 3] Completed
execution-manager  | [SCHEDULER] ✅ T=32146 ms: Task 3 'sum' completed with status 2
execution-manager  | [SCHEDULER] 🔕 Timeout disarmed for task 3
execution-manager  | [SCHEDULER] 1 tasks remaining
execution-manager  | [SCHEDULER] ⏰ T=40001 ms: Launching task 4 'sum' (deadline: 60000 ms)
execution-manager  | [SCHEDULER] 🕐 Timeout armed for task 4 at T=60000 ms (in 19999 ms)
execution-manager  | [GRPC THREAD 4] Starting...
execution-manager  | [EXECUTION MANAGER] ⏱️ T1=18182540.248 ms | Sending gRPC request for task 4 'sum'
execution-manager  | [gRPC Channel Pool] Reusing existing channel for localhost:50051
execution-manager  | [gRPC Client Async] Calling task 'sum' at localhost:50051
execution-manager  | [gRPC Client Async] Inputs: {"total_ops": 1000, "io_percentage": 50}
execution-manager  | [gRPC Client Async] Response #1 - Status: COMPLETED
execution-manager  | 🎉 [T=42143 ms] Task 4 'sum' COMPLETED
execution-manager  | [EXECUTION MANAGER] ⏱️ T2=18182541.310 ms | Thread started (server measured)
execution-manager  | [EXECUTION MANAGER] ⏱️ T3=18184682.289 ms | Task completed (server measured)
execution-manager  | [EXECUTION MANAGER] ⏱️ T4=18184682.962 ms | Result received by client
execution-manager  |    [TASK EXECUTION] 2140.979 ms (T3-T2, measured in thread)
execution-manager  |    [RESULT] {"result": 0}
execution-manager  | 
execution-manager  | ╔═══════════════════════════════════════════════════════════════╗
execution-manager  | ║           END-TO-END TIMING MEASUREMENT RECAP                 ║
execution-manager  | ║                   Task 4: sum                                 
execution-manager  | ╠═══════════════════════════════════════════════════════════════╣
execution-manager  | ║ T1 (start_request)    = 18182540.248 ms                        ║
execution-manager  | ║ T2 (end_request)      = 18182541.310 ms                        ║
execution-manager  | ║ T3 (start_result)     = 18184682.289 ms                        ║
execution-manager  | ║ T4 (end_result)       = 18184682.962 ms                        ║
execution-manager  | ╠═══════════════════════════════════════════════════════════════╣
execution-manager  | ║ METRICS:                                                      ║
execution-manager  | ║   Request Latency    =        1.062 ms  (T2 - T1)            ║
execution-manager  | ║   Task Execution     =     2140.979 ms  (T3 - T2)            ║
execution-manager  | ║   Response Latency   =        0.673 ms  (T4 - T3)            ║
execution-manager  | ║   Total End-to-End   =     2142.714 ms  (T4 - T1)            ║
execution-manager  | ║   Network Overhead   =        1.735 ms  (Req + Resp)         ║
execution-manager  | ╚═══════════════════════════════════════════════════════════════╝
execution-manager  | 
execution-manager  | [SCHEDULER] ✅ T=42144 ms: Task 4 'sum' completed with status 2
execution-manager  | [SCHEDULER] 🔕 Timeout disarmed for task 4
execution-manager  | [SCHEDULER] 0 tasks remaining
execution-manager  | 
execution-manager  | [SCHEDULER] 🏁 Iteration 22/25 complete!
execution-manager  | [SCHEDULER] Iteration execution time: 42144 ms
execution-manager  | 
execution-manager  | 
execution-manager  | [SCHEDULER] 🔁 ===== ITERATION 23 / 25 =====
execution-manager  | 
execution-manager  | [SCHEDULER] 🚀 Schedule started at T=0
execution-manager  | 
execution-manager  | [SCHEDULER] 🔄 Entering event loop (NO SLEEP - event-driven!)
execution-manager  | 
execution-manager  | [gRPC Client Async] Stream completed, received 1 responses
execution-manager  | [GRPC THREAD 4] Completed
execution-manager  | [SCHEDULER] ⏰ T=10000 ms: Launching task 1 'sum' (deadline: 30000 ms)
execution-manager  | [SCHEDULER] 🕐 Timeout armed for task 1 at T=30000 ms (in 20000 ms)
execution-manager  | [GRPC THREAD 1] Starting...
execution-manager  | [EXECUTION MANAGER] ⏱️ T1=18194683.437 ms | Sending gRPC request for task 1 'sum'
execution-manager  | [gRPC Channel Pool] Reusing existing channel for localhost:50051
execution-manager  | [gRPC Client Async] Calling task 'sum' at localhost:50051
execution-manager  | [gRPC Client Async] Inputs: {"total_ops": 1000, "io_percentage": 50}
execution-manager  | [gRPC Client Async] Response #1 - Status: COMPLETED
execution-manager  | 🎉 [T=12205 ms] Task 1 'sum' COMPLETED
execution-manager  | [EXECUTION MANAGER] ⏱️ T2=18194684.571 ms | Thread started (server measured)
execution-manager  | [EXECUTION MANAGER] ⏱️ T3=18196887.042 ms | Task completed (server measured)
execution-manager  | [EXECUTION MANAGER] ⏱️ T4=18196888.131 ms | Result received by client
execution-manager  |    [TASK EXECUTION] 2202.471 ms (T3-T2, measured in thread)
execution-manager  |    [RESULT] {"result": 0}
execution-manager  | 
execution-manager  | ╔═══════════════════════════════════════════════════════════════╗
execution-manager  | ║           END-TO-END TIMING MEASUREMENT RECAP                 ║
execution-manager  | ║                   Task 1: sum                                 
execution-manager  | ╠═══════════════════════════════════════════════════════════════╣
execution-manager  | ║ T1 (start_request)    = 18194683.437 ms                        ║
execution-manager  | ║ T2 (end_request)      = 18194684.571 ms                        ║
execution-manager  | ║ T3 (start_result)     = 18196887.042 ms                        ║
execution-manager  | ║ T4 (end_result)       = 18196888.131 ms                        ║
execution-manager  | ╠═══════════════════════════════════════════════════════════════╣
execution-manager  | ║ METRICS:                                                      ║
execution-manager  | ║   Request Latency    =        1.134 ms  (T2 - T1)            ║
execution-manager  | ║   Task Execution     =     2202.471 ms  (T3 - T2)            ║
execution-manager  | ║   Response Latency   =        1.089 ms  (T4 - T3)            ║
execution-manager  | ║   Total End-to-End   =     2204.694 ms  (T4 - T1)            ║
execution-manager  | ║   Network Overhead   =        2.223 ms  (Req + Resp)         ║
execution-manager  | ╚═══════════════════════════════════════════════════════════════╝
execution-manager  | 
execution-manager  | [SCHEDULER] ✅ T=12205 ms: Task 1 'sum' completed with status 2
execution-manager  | [SCHEDULER] 🔕 Timeout disarmed for task 1
execution-manager  | [SCHEDULER] 3 tasks remaining
execution-manager  | [gRPC Client Async] Stream completed, received 1 responses
execution-manager  | [GRPC THREAD 1] Completed
execution-manager  | [SCHEDULER] ⏰ T=20000 ms: Launching task 2 'sum' (deadline: 40000 ms)
execution-manager  | [SCHEDULER] 🕐 Timeout armed for task 2 at T=40000 ms (in 20000 ms)
execution-manager  | [GRPC THREAD 2] Starting...
execution-manager  | [EXECUTION MANAGER] ⏱️ T1=18204683.451 ms | Sending gRPC request for task 2 'sum'
execution-manager  | [gRPC Channel Pool] Reusing existing channel for localhost:50051
execution-manager  | [gRPC Client Async] Calling task 'sum' at localhost:50051
execution-manager  | [gRPC Client Async] Inputs: {"total_ops": 1000, "io_percentage": 50}
execution-manager  | [gRPC Client Async] Response #1 - Status: COMPLETED
execution-manager  | 🎉 [T=22190 ms] Task 2 'sum' COMPLETED
execution-manager  | [EXECUTION MANAGER] ⏱️ T2=18204684.511 ms | Thread started (server measured)
execution-manager  | [EXECUTION MANAGER] ⏱️ T3=18206873.013 ms | Task completed (server measured)
execution-manager  | [EXECUTION MANAGER] ⏱️ T4=18206873.817 ms | Result received by client
execution-manager  |    [TASK EXECUTION] 2188.502 ms (T3-T2, measured in thread)
execution-manager  |    [RESULT] {"result": 0}
execution-manager  | 
execution-manager  | ╔═══════════════════════════════════════════════════════════════╗
execution-manager  | ║           END-TO-END TIMING MEASUREMENT RECAP                 ║
execution-manager  | ║                   Task 2: sum                                 
execution-manager  | ╠═══════════════════════════════════════════════════════════════╣
execution-manager  | ║ T1 (start_request)    = 18204683.451 ms                        ║
execution-manager  | ║ T2 (end_request)      = 18204684.511 ms                        ║
execution-manager  | ║ T3 (start_result)     = 18206873.013 ms                        ║
execution-manager  | ║ T4 (end_result)       = 18206873.817 ms                        ║
execution-manager  | ╠═══════════════════════════════════════════════════════════════╣
execution-manager  | ║ METRICS:                                                      ║
execution-manager  | ║   Request Latency    =        1.060 ms  (T2 - T1)            ║
execution-manager  | ║   Task Execution     =     2188.502 ms  (T3 - T2)            ║
execution-manager  | ║   Response Latency   =        0.804 ms  (T4 - T3)            ║
execution-manager  | ║   Total End-to-End   =     2190.365 ms  (T4 - T1)            ║
execution-manager  | ║   Network Overhead   =        1.863 ms  (Req + Resp)         ║
execution-manager  | ╚═══════════════════════════════════════════════════════════════╝
execution-manager  | 
execution-manager  | [SCHEDULER] ✅ T=22190 ms: Task 2 'sum' completed with status 2
execution-manager  | [SCHEDULER] 🔕 Timeout disarmed for task 2
execution-manager  | [SCHEDULER] 2 tasks remaining
execution-manager  | [gRPC Client Async] Stream completed, received 1 responses
execution-manager  | [GRPC THREAD 2] Completed
execution-manager  | [SCHEDULER] ⏰ T=30000 ms: Launching task 3 'sum' (deadline: 50000 ms)
execution-manager  | [SCHEDULER] 🕐 Timeout armed for task 3 at T=50000 ms (in 20000 ms)
execution-manager  | [GRPC THREAD 3] Starting...
execution-manager  | [EXECUTION MANAGER] ⏱️ T1=18214683.520 ms | Sending gRPC request for task 3 'sum'
execution-manager  | [gRPC Channel Pool] Reusing existing channel for localhost:50051
execution-manager  | [gRPC Client Async] Calling task 'sum' at localhost:50051
execution-manager  | [gRPC Client Async] Inputs: {"total_ops": 1000, "io_percentage": 50}
execution-manager  | [gRPC Client Async] Response #1 - Status: COMPLETED
execution-manager  | 🎉 [T=32220 ms] Task 3 'sum' COMPLETED
execution-manager  | [EXECUTION MANAGER] ⏱️ T2=18214684.539 ms | Thread started (server measured)
execution-manager  | [EXECUTION MANAGER] ⏱️ T3=18216902.501 ms | Task completed (server measured)
execution-manager  | [EXECUTION MANAGER] ⏱️ T4=18216903.168 ms | Result received by client
execution-manager  |    [TASK EXECUTION] 2217.962 ms (T3-T2, measured in thread)
execution-manager  |    [RESULT] {"result": 0}
execution-manager  | 
execution-manager  | ╔═══════════════════════════════════════════════════════════════╗
execution-manager  | ║           END-TO-END TIMING MEASUREMENT RECAP                 ║
execution-manager  | ║                   Task 3: sum                                 
execution-manager  | ╠═══════════════════════════════════════════════════════════════╣
execution-manager  | ║ T1 (start_request)    = 18214683.520 ms                        ║
execution-manager  | ║ T2 (end_request)      = 18214684.539 ms                        ║
execution-manager  | ║ T3 (start_result)     = 18216902.501 ms                        ║
execution-manager  | ║ T4 (end_result)       = 18216903.168 ms                        ║
execution-manager  | ╠═══════════════════════════════════════════════════════════════╣
execution-manager  | ║ METRICS:                                                      ║
execution-manager  | ║   Request Latency    =        1.019 ms  (T2 - T1)            ║
execution-manager  | ║   Task Execution     =     2217.962 ms  (T3 - T2)            ║
execution-manager  | ║   Response Latency   =        0.667 ms  (T4 - T3)            ║
execution-manager  | ║   Total End-to-End   =     2219.648 ms  (T4 - T1)            ║
execution-manager  | ║   Network Overhead   =        1.686 ms  (Req + Resp)         ║
execution-manager  | ╚═══════════════════════════════════════════════════════════════╝
execution-manager  | 
execution-manager  | [gRPC Client Async] Stream completed, received 1 responses
execution-manager  | [GRPC THREAD 3] Completed
execution-manager  | [SCHEDULER] ✅ T=32220 ms: Task 3 'sum' completed with status 2
execution-manager  | [SCHEDULER] 🔕 Timeout disarmed for task 3
execution-manager  | [SCHEDULER] 1 tasks remaining
execution-manager  | [SCHEDULER] ⏰ T=40000 ms: Launching task 4 'sum' (deadline: 60000 ms)
execution-manager  | [SCHEDULER] 🕐 Timeout armed for task 4 at T=60000 ms (in 20000 ms)
execution-manager  | [GRPC THREAD 4] Starting...
execution-manager  | [EXECUTION MANAGER] ⏱️ T1=18224683.505 ms | Sending gRPC request for task 4 'sum'
execution-manager  | [gRPC Channel Pool] Reusing existing channel for localhost:50051
execution-manager  | [gRPC Client Async] Calling task 'sum' at localhost:50051
execution-manager  | [gRPC Client Async] Inputs: {"total_ops": 1000, "io_percentage": 50}
execution-manager  | [gRPC Client Async] Response #1 - Status: COMPLETED
execution-manager  | 🎉 [T=42232 ms] Task 4 'sum' COMPLETED
execution-manager  | [EXECUTION MANAGER] ⏱️ T2=18224684.502 ms | Thread started (server measured)
execution-manager  | [EXECUTION MANAGER] ⏱️ T3=18226914.811 ms | Task completed (server measured)
execution-manager  | [EXECUTION MANAGER] ⏱️ T4=18226915.639 ms | Result received by client
execution-manager  |    [TASK EXECUTION] 2230.309 ms (T3-T2, measured in thread)
execution-manager  |    [RESULT] {"result": 0}
execution-manager  | 
execution-manager  | ╔═══════════════════════════════════════════════════════════════╗
execution-manager  | ║           END-TO-END TIMING MEASUREMENT RECAP                 ║
execution-manager  | ║                   Task 4: sum                                 
execution-manager  | ╠═══════════════════════════════════════════════════════════════╣
execution-manager  | ║ T1 (start_request)    = 18224683.505 ms                        ║
execution-manager  | ║ T2 (end_request)      = 18224684.502 ms                        ║
execution-manager  | ║ T3 (start_result)     = 18226914.811 ms                        ║
execution-manager  | ║ T4 (end_result)       = 18226915.639 ms                        ║
execution-manager  | ╠═══════════════════════════════════════════════════════════════╣
execution-manager  | ║ METRICS:                                                      ║
execution-manager  | ║   Request Latency    =        0.997 ms  (T2 - T1)            ║
execution-manager  | ║   Task Execution     =     2230.309 ms  (T3 - T2)            ║
execution-manager  | ║   Response Latency   =        0.828 ms  (T4 - T3)            ║
execution-manager  | ║   Total End-to-End   =     2232.134 ms  (T4 - T1)            ║
execution-manager  | ║   Network Overhead   =        1.825 ms  (Req + Resp)         ║
execution-manager  | ╚═══════════════════════════════════════════════════════════════╝
execution-manager  | 
execution-manager  | [gRPC Client Async] Stream completed, received 1 responses
execution-manager  | [GRPC THREAD 4] Completed
execution-manager  | [SCHEDULER] ✅ T=42232 ms: Task 4 'sum' completed with status 2
execution-manager  | [SCHEDULER] 🔕 Timeout disarmed for task 4
execution-manager  | [SCHEDULER] 0 tasks remaining
execution-manager  | 
execution-manager  | [SCHEDULER] 🏁 Iteration 23/25 complete!
execution-manager  | [SCHEDULER] Iteration execution time: 42232 ms
execution-manager  | 
execution-manager  | 
execution-manager  | [SCHEDULER] 🔁 ===== ITERATION 24 / 25 =====
execution-manager  | 
execution-manager  | [SCHEDULER] 🚀 Schedule started at T=0
execution-manager  | 
execution-manager  | [SCHEDULER] 🔄 Entering event loop (NO SLEEP - event-driven!)
execution-manager  | 
execution-manager  | [SCHEDULER] ⏰ T=10001 ms: Launching task 1 'sum' (deadline: 30000 ms)
execution-manager  | [SCHEDULER] 🕐 Timeout armed for task 1 at T=30000 ms (in 19999 ms)
execution-manager  | [GRPC THREAD 1] Starting...
execution-manager  | [EXECUTION MANAGER] ⏱️ T1=18236916.195 ms | Sending gRPC request for task 1 'sum'
execution-manager  | [gRPC Channel Pool] Reusing existing channel for localhost:50051
execution-manager  | [gRPC Client Async] Calling task 'sum' at localhost:50051
execution-manager  | [gRPC Client Async] Inputs: {"total_ops": 1000, "io_percentage": 50}
execution-manager  | [gRPC Client Async] Response #1 - Status: COMPLETED
execution-manager  | 🎉 [T=12209 ms] Task 1 'sum' COMPLETED
execution-manager  | [EXECUTION MANAGER] ⏱️ T2=18236917.230 ms | Thread started (server measured)
execution-manager  | [EXECUTION MANAGER] ⏱️ T3=18239124.420 ms | Task completed (server measured)
execution-manager  | [EXECUTION MANAGER] ⏱️ T4=18239124.977 ms | Result received by client
execution-manager  |    [TASK EXECUTION] 2207.190 ms (T3-T2, measured in thread)
execution-manager  |    [RESULT] {"result": 0}
execution-manager  | 
execution-manager  | ╔═══════════════════════════════════════════════════════════════╗
execution-manager  | ║           END-TO-END TIMING MEASUREMENT RECAP                 ║
execution-manager  | ║                   Task 1: sum                                 
execution-manager  | ╠═══════════════════════════════════════════════════════════════╣
execution-manager  | ║ T1 (start_request)    = 18236916.195 ms                        ║
execution-manager  | ║ T2 (end_request)      = 18236917.230 ms                        ║
execution-manager  | ║ T3 (start_result)     = 18239124.420 ms                        ║
execution-manager  | ║ T4 (end_result)       = 18239124.977 ms                        ║
execution-manager  | ╠═══════════════════════════════════════════════════════════════╣
execution-manager  | ║ METRICS:                                                      ║
execution-manager  | ║   Request Latency    =        1.034 ms  (T2 - T1)            ║
execution-manager  | ║   Task Execution     =     2207.190 ms  (T3 - T2)            ║
execution-manager  | ║   Response Latency   =        0.557 ms  (T4 - T3)            ║
execution-manager  | ║   Total End-to-End   =     2208.782 ms  (T4 - T1)            ║
execution-manager  | ║   Network Overhead   =        1.592 ms  (Req + Resp)         ║
execution-manager  | ╚═══════════════════════════════════════════════════════════════╝
execution-manager  | 
execution-manager  | [gRPC Client Async] Stream completed, received 1 responses
execution-manager  | [GRPC THREAD 1] Completed
execution-manager  | [SCHEDULER] ✅ T=12210 ms: Task 1 'sum' completed with status 2
execution-manager  | [SCHEDULER] 🔕 Timeout disarmed for task 1
execution-manager  | [SCHEDULER] 3 tasks remaining
execution-manager  | [SCHEDULER] ⏰ T=20001 ms: Launching task 2 'sum' (deadline: 40000 ms)
execution-manager  | [SCHEDULER] 🕐 Timeout armed for task 2 at T=40000 ms (in 19999 ms)
execution-manager  | [GRPC THREAD 2] Starting...
execution-manager  | [EXECUTION MANAGER] ⏱️ T1=18246916.234 ms | Sending gRPC request for task 2 'sum'
execution-manager  | [gRPC Channel Pool] Reusing existing channel for localhost:50051
execution-manager  | [gRPC Client Async] Calling task 'sum' at localhost:50051
execution-manager  | [gRPC Client Async] Inputs: {"total_ops": 1000, "io_percentage": 50}
execution-manager  | [gRPC Client Async] Response #1 - Status: COMPLETED
execution-manager  | 🎉 [T=22213 ms] Task 2 'sum' COMPLETED
execution-manager  | [EXECUTION MANAGER] ⏱️ T2=18246917.176 ms | Thread started (server measured)
execution-manager  | [EXECUTION MANAGER] ⏱️ T3=18249127.583 ms | Task completed (server measured)
execution-manager  | [EXECUTION MANAGER] ⏱️ T4=18249128.145 ms | Result received by client
execution-manager  |    [TASK EXECUTION] 2210.407 ms (T3-T2, measured in thread)
execution-manager  |    [RESULT] {"result": 0}
execution-manager  | 
execution-manager  | ╔═══════════════════════════════════════════════════════════════╗
execution-manager  | ║           END-TO-END TIMING MEASUREMENT RECAP                 ║
execution-manager  | ║                   Task 2: sum                                 
execution-manager  | ╠═══════════════════════════════════════════════════════════════╣
execution-manager  | ║ T1 (start_request)    = 18246916.234 ms                        ║
execution-manager  | ║ T2 (end_request)      = 18246917.176 ms                        ║
execution-manager  | ║ T3 (start_result)     = 18249127.583 ms                        ║
execution-manager  | ║ T4 (end_result)       = 18249128.145 ms                        ║
execution-manager  | ╠═══════════════════════════════════════════════════════════════╣
execution-manager  | ║ METRICS:                                                      ║
execution-manager  | ║   Request Latency    =        0.942 ms  (T2 - T1)            ║
execution-manager  | ║   Task Execution     =     2210.407 ms  (T3 - T2)            ║
execution-manager  | ║   Response Latency   =        0.562 ms  (T4 - T3)            ║
execution-manager  | ║   Total End-to-End   =     2211.911 ms  (T4 - T1)            ║
execution-manager  | ║   Network Overhead   =        1.504 ms  (Req + Resp)         ║
execution-manager  | ╚═══════════════════════════════════════════════════════════════╝
execution-manager  | 
execution-manager  | [gRPC Client Async] Stream completed, received 1 responses
execution-manager  | [GRPC THREAD 2] Completed
execution-manager  | [SCHEDULER] ✅ T=22213 ms: Task 2 'sum' completed with status 2
execution-manager  | [SCHEDULER] 🔕 Timeout disarmed for task 2
execution-manager  | [SCHEDULER] 2 tasks remaining
execution-manager  | [SCHEDULER] ⏰ T=30001 ms: Launching task 3 'sum' (deadline: 50000 ms)
execution-manager  | [SCHEDULER] 🕐 Timeout armed for task 3 at T=50000 ms (in 19999 ms)
execution-manager  | [GRPC THREAD 3] Starting...
execution-manager  | [EXECUTION MANAGER] ⏱️ T1=18256916.264 ms | Sending gRPC request for task 3 'sum'
execution-manager  | [gRPC Channel Pool] Reusing existing channel for localhost:50051
execution-manager  | [gRPC Client Async] Calling task 'sum' at localhost:50051
execution-manager  | [gRPC Client Async] Inputs: {"total_ops": 1000, "io_percentage": 50}
execution-manager  | [gRPC Client Async] Response #1 - Status: COMPLETED
execution-manager  | 🎉 [T=32222 ms] Task 3 'sum' COMPLETED
execution-manager  | [EXECUTION MANAGER] ⏱️ T2=18256917.278 ms | Thread started (server measured)
execution-manager  | [EXECUTION MANAGER] ⏱️ T3=18259136.545 ms | Task completed (server measured)
execution-manager  | [EXECUTION MANAGER] ⏱️ T4=18259137.109 ms | Result received by client
execution-manager  |    [TASK EXECUTION] 2219.267 ms (T3-T2, measured in thread)
execution-manager  |    [RESULT] {"result": 0}
execution-manager  | 
execution-manager  | ╔═══════════════════════════════════════════════════════════════╗
execution-manager  | ║           END-TO-END TIMING MEASUREMENT RECAP                 ║
execution-manager  | ║                   Task 3: sum                                 
execution-manager  | ╠═══════════════════════════════════════════════════════════════╣
execution-manager  | ║ T1 (start_request)    = 18256916.264 ms                        ║
execution-manager  | ║ T2 (end_request)      = 18256917.278 ms                        ║
execution-manager  | ║ T3 (start_result)     = 18259136.545 ms                        ║
execution-manager  | ║ T4 (end_result)       = 18259137.109 ms                        ║
execution-manager  | ╠═══════════════════════════════════════════════════════════════╣
execution-manager  | ║ METRICS:                                                      ║
execution-manager  | ║   Request Latency    =        1.014 ms  (T2 - T1)            ║
execution-manager  | ║   Task Execution     =     2219.267 ms  (T3 - T2)            ║
execution-manager  | ║   Response Latency   =        0.564 ms  (T4 - T3)            ║
execution-manager  | ║   Total End-to-End   =     2220.846 ms  (T4 - T1)            ║
execution-manager  | ║   Network Overhead   =        1.578 ms  (Req + Resp)         ║
execution-manager  | ╚═══════════════════════════════════════════════════════════════╝
execution-manager  | 
execution-manager  | [gRPC Client Async] Stream completed, received 1 responses
execution-manager  | [GRPC THREAD 3] Completed
execution-manager  | [SCHEDULER] ✅ T=32222 ms: Task 3 'sum' completed with status 2
execution-manager  | [SCHEDULER] 🔕 Timeout disarmed for task 3
execution-manager  | [SCHEDULER] 1 tasks remaining
execution-manager  | [SCHEDULER] ⏰ T=40001 ms: Launching task 4 'sum' (deadline: 60000 ms)
execution-manager  | [SCHEDULER] 🕐 Timeout armed for task 4 at T=60000 ms (in 19999 ms)
execution-manager  | [GRPC THREAD 4] Starting...
execution-manager  | [EXECUTION MANAGER] ⏱️ T1=18266916.274 ms | Sending gRPC request for task 4 'sum'
execution-manager  | [gRPC Channel Pool] Reusing existing channel for localhost:50051
execution-manager  | [gRPC Client Async] Calling task 'sum' at localhost:50051
execution-manager  | [gRPC Client Async] Inputs: {"total_ops": 1000, "io_percentage": 50}
execution-manager  | [gRPC Client Async] Response #1 - Status: COMPLETED
execution-manager  | 🎉 [T=42222 ms] Task 4 'sum' COMPLETED
execution-manager  | [EXECUTION MANAGER] ⏱️ T2=18266917.185 ms | Thread started (server measured)
execution-manager  | [EXECUTION MANAGER] ⏱️ T3=18269136.972 ms | Task completed (server measured)
execution-manager  | [EXECUTION MANAGER] ⏱️ T4=18269137.572 ms | Result received by client
execution-manager  |    [TASK EXECUTION] 2219.787 ms (T3-T2, measured in thread)
execution-manager  |    [RESULT] {"result": 0}
execution-manager  | 
execution-manager  | ╔═══════════════════════════════════════════════════════════════╗
execution-manager  | ║           END-TO-END TIMING MEASUREMENT RECAP                 ║
execution-manager  | ║                   Task 4: sum                                 
execution-manager  | ╠═══════════════════════════════════════════════════════════════╣
execution-manager  | ║ T1 (start_request)    = 18266916.274 ms                        ║
execution-manager  | ║ T2 (end_request)      = 18266917.185 ms                        ║
execution-manager  | ║ T3 (start_result)     = 18269136.972 ms                        ║
execution-manager  | ║ T4 (end_result)       = 18269137.572 ms                        ║
execution-manager  | ╠═══════════════════════════════════════════════════════════════╣
execution-manager  | ║ METRICS:                                                      ║
execution-manager  | ║   Request Latency    =        0.911 ms  (T2 - T1)            ║
execution-manager  | ║   Task Execution     =     2219.787 ms  (T3 - T2)            ║
execution-manager  | ║   Response Latency   =        0.600 ms  (T4 - T3)            ║
execution-manager  | ║   Total End-to-End   =     2221.298 ms  (T4 - T1)            ║
execution-manager  | ║   Network Overhead   =        1.511 ms  (Req + Resp)         ║
execution-manager  | ╚═══════════════════════════════════════════════════════════════╝
execution-manager  | 
execution-manager  | [gRPC Client Async] Stream completed, received 1 responses
execution-manager  | [GRPC THREAD 4] Completed
execution-manager  | [SCHEDULER] ✅ T=42223 ms: Task 4 'sum' completed with status 2
execution-manager  | [SCHEDULER] 🔕 Timeout disarmed for task 4
execution-manager  | [SCHEDULER] 0 tasks remaining
execution-manager  | 
execution-manager  | [SCHEDULER] 🏁 Iteration 24/25 complete!
execution-manager  | [SCHEDULER] Iteration execution time: 42223 ms
execution-manager  | 
execution-manager  | 
execution-manager  | [SCHEDULER] 🔁 ===== ITERATION 25 / 25 =====
execution-manager  | 
execution-manager  | [SCHEDULER] 🚀 Schedule started at T=0
execution-manager  | 
execution-manager  | [SCHEDULER] 🔄 Entering event loop (NO SLEEP - event-driven!)
execution-manager  | 
execution-manager  | [SCHEDULER] ⏰ T=10000 ms: Launching task 1 'sum' (deadline: 30000 ms)
execution-manager  | [SCHEDULER] 🕐 Timeout armed for task 1 at T=30000 ms (in 20000 ms)
execution-manager  | [GRPC THREAD 1] Starting...
execution-manager  | [EXECUTION MANAGER] ⏱️ T1=18279138.304 ms | Sending gRPC request for task 1 'sum'
execution-manager  | [gRPC Channel Pool] Reusing existing channel for localhost:50051
execution-manager  | [gRPC Client Async] Calling task 'sum' at localhost:50051
execution-manager  | [gRPC Client Async] Inputs: {"total_ops": 1000, "io_percentage": 50}
execution-manager  | [gRPC Client Async] Response #1 - Status: COMPLETED
execution-manager  | 🎉 [T=12165 ms] Task 1 'sum' COMPLETED
execution-manager  | [EXECUTION MANAGER] ⏱️ T2=18279139.231 ms | Thread started (server measured)
execution-manager  | [EXECUTION MANAGER] ⏱️ T3=18281302.431 ms | Task completed (server measured)
execution-manager  | [EXECUTION MANAGER] ⏱️ T4=18281303.066 ms | Result received by client
execution-manager  |    [TASK EXECUTION] 2163.200 ms (T3-T2, measured in thread)
execution-manager  |    [RESULT] {"result": 0}
execution-manager  | 
execution-manager  | ╔═══════════════════════════════════════════════════════════════╗
execution-manager  | ║           END-TO-END TIMING MEASUREMENT RECAP                 ║
execution-manager  | ║                   Task 1: sum                                 
execution-manager  | ╠═══════════════════════════════════════════════════════════════╣
execution-manager  | ║ T1 (start_request)    = 18279138.304 ms                        ║
execution-manager  | ║ T2 (end_request)      = 18279139.231 ms                        ║
execution-manager  | ║ T3 (start_result)     = 18281302.431 ms                        ║
execution-manager  | ║ T4 (end_result)       = 18281303.066 ms                        ║
execution-manager  | ╠═══════════════════════════════════════════════════════════════╣
execution-manager  | ║ METRICS:                                                      ║
execution-manager  | ║   Request Latency    =        0.926 ms  (T2 - T1)            ║
execution-manager  | ║   Task Execution     =     2163.200 ms  (T3 - T2)            ║
execution-manager  | ║   Response Latency   =        0.635 ms  (T4 - T3)            ║
execution-manager  | ║   Total End-to-End   =     2164.762 ms  (T4 - T1)            ║
execution-manager  | ║   Network Overhead   =        1.562 ms  (Req + Resp)         ║
execution-manager  | ╚═══════════════════════════════════════════════════════════════╝
execution-manager  | 
execution-manager  | [gRPC Client Async] Stream completed, received 1 responses
execution-manager  | [GRPC THREAD 1] Completed
execution-manager  | [SCHEDULER] ✅ T=12165 ms: Task 1 'sum' completed with status 2
execution-manager  | [SCHEDULER] 🔕 Timeout disarmed for task 1
execution-manager  | [SCHEDULER] 3 tasks remaining
execution-manager  | [SCHEDULER] ⏰ T=20000 ms: Launching task 2 'sum' (deadline: 40000 ms)
execution-manager  | [SCHEDULER] 🕐 Timeout armed for task 2 at T=40000 ms (in 20000 ms)
execution-manager  | [GRPC THREAD 2] Starting...
execution-manager  | [EXECUTION MANAGER] ⏱️ T1=18289138.337 ms | Sending gRPC request for task 2 'sum'
execution-manager  | [gRPC Channel Pool] Reusing existing channel for localhost:50051
execution-manager  | [gRPC Client Async] Calling task 'sum' at localhost:50051
execution-manager  | [gRPC Client Async] Inputs: {"total_ops": 1000, "io_percentage": 50}
execution-manager  | [gRPC Client Async] Response #1 - Status: COMPLETED
execution-manager  | 🎉 [T=22160 ms] Task 2 'sum' COMPLETED
execution-manager  | [EXECUTION MANAGER] ⏱️ T2=18289139.363 ms | Thread started (server measured)
execution-manager  | [EXECUTION MANAGER] ⏱️ T3=18291297.647 ms | Task completed (server measured)
execution-manager  | [EXECUTION MANAGER] ⏱️ T4=18291298.296 ms | Result received by client
execution-manager  |    [TASK EXECUTION] 2158.284 ms (T3-T2, measured in thread)
execution-manager  |    [RESULT] {"result": 0}
execution-manager  | 
execution-manager  | ╔═══════════════════════════════════════════════════════════════╗
execution-manager  | ║           END-TO-END TIMING MEASUREMENT RECAP                 ║
execution-manager  | ║                   Task 2: sum                                 
execution-manager  | ╠═══════════════════════════════════════════════════════════════╣
execution-manager  | ║ T1 (start_request)    = 18289138.337 ms                        ║
execution-manager  | ║ T2 (end_request)      = 18289139.363 ms                        ║
execution-manager  | ║ T3 (start_result)     = 18291297.647 ms                        ║
execution-manager  | ║ T4 (end_result)       = 18291298.296 ms                        ║
execution-manager  | ╠═══════════════════════════════════════════════════════════════╣
execution-manager  | ║ METRICS:                                                      ║
execution-manager  | ║   Request Latency    =        1.026 ms  (T2 - T1)            ║
execution-manager  | ║   Task Execution     =     2158.284 ms  (T3 - T2)            ║
execution-manager  | ║   Response Latency   =        0.649 ms  (T4 - T3)            ║
execution-manager  | ║   Total End-to-End   =     2159.959 ms  (T4 - T1)            ║
execution-manager  | ║   Network Overhead   =        1.676 ms  (Req + Resp)         ║
execution-manager  | ╚═══════════════════════════════════════════════════════════════╝
execution-manager  | 
execution-manager  | [gRPC Client Async] Stream completed, received 1 responses
execution-manager  | [GRPC THREAD 2] Completed
execution-manager  | [SCHEDULER] ✅ T=22160 ms: Task 2 'sum' completed with status 2
execution-manager  | [SCHEDULER] 🔕 Timeout disarmed for task 2
execution-manager  | [SCHEDULER] 2 tasks remaining
execution-manager  | [SCHEDULER] ⏰ T=30000 ms: Launching task 3 'sum' (deadline: 50000 ms)
execution-manager  | [SCHEDULER] 🕐 Timeout armed for task 3 at T=50000 ms (in 20000 ms)
execution-manager  | [GRPC THREAD 3] Starting...
execution-manager  | [EXECUTION MANAGER] ⏱️ T1=18299138.361 ms | Sending gRPC request for task 3 'sum'
execution-manager  | [gRPC Channel Pool] Reusing existing channel for localhost:50051
execution-manager  | [gRPC Client Async] Calling task 'sum' at localhost:50051
execution-manager  | [gRPC Client Async] Inputs: {"total_ops": 1000, "io_percentage": 50}
execution-manager  | [gRPC Client Async] Response #1 - Status: COMPLETED
execution-manager  | 🎉 [T=32171 ms] Task 3 'sum' COMPLETED
execution-manager  | [EXECUTION MANAGER] ⏱️ T2=18299139.470 ms | Thread started (server measured)
execution-manager  | [EXECUTION MANAGER] ⏱️ T3=18301308.512 ms | Task completed (server measured)
execution-manager  | [EXECUTION MANAGER] ⏱️ T4=18301309.125 ms | Result received by client
execution-manager  |    [TASK EXECUTION] 2169.042 ms (T3-T2, measured in thread)
execution-manager  |    [RESULT] {"result": 0}
execution-manager  | 
execution-manager  | ╔═══════════════════════════════════════════════════════════════╗
execution-manager  | ║           END-TO-END TIMING MEASUREMENT RECAP                 ║
execution-manager  | ║                   Task 3: sum                                 
execution-manager  | ╠═══════════════════════════════════════════════════════════════╣
execution-manager  | ║ T1 (start_request)    = 18299138.361 ms                        ║
execution-manager  | ║ T2 (end_request)      = 18299139.470 ms                        ║
execution-manager  | ║ T3 (start_result)     = 18301308.512 ms                        ║
execution-manager  | ║ T4 (end_result)       = 18301309.125 ms                        ║
execution-manager  | ╠═══════════════════════════════════════════════════════════════╣
execution-manager  | ║ METRICS:                                                      ║
execution-manager  | ║   Request Latency    =        1.109 ms  (T2 - T1)            ║
execution-manager  | ║   Task Execution     =     2169.042 ms  (T3 - T2)            ║
execution-manager  | ║   Response Latency   =        0.613 ms  (T4 - T3)            ║
execution-manager  | ║   Total End-to-End   =     2170.764 ms  (T4 - T1)            ║
execution-manager  | ║   Network Overhead   =        1.722 ms  (Req + Resp)         ║
execution-manager  | ╚═══════════════════════════════════════════════════════════════╝
execution-manager  | 
execution-manager  | [SCHEDULER] ✅ T=32171 ms: Task 3 'sum' completed with status 2
execution-manager  | [SCHEDULER] 🔕 Timeout disarmed for task 3
execution-manager  | [SCHEDULER] 1 tasks remaining
execution-manager  | [gRPC Client Async] Stream completed, received 1 responses
execution-manager  | [GRPC THREAD 3] Completed
execution-manager  | [SCHEDULER] ⏰ T=40000 ms: Launching task 4 'sum' (deadline: 60000 ms)
execution-manager  | [SCHEDULER] 🕐 Timeout armed for task 4 at T=60000 ms (in 20000 ms)
execution-manager  | [GRPC THREAD 4] Starting...
execution-manager  | [EXECUTION MANAGER] ⏱️ T1=18309138.388 ms | Sending gRPC request for task 4 'sum'
execution-manager  | [gRPC Channel Pool] Reusing existing channel for localhost:50051
execution-manager  | [gRPC Client Async] Calling task 'sum' at localhost:50051
execution-manager  | [gRPC Client Async] Inputs: {"total_ops": 1000, "io_percentage": 50}
execution-manager  | [gRPC Client Async] Response #1 - Status: COMPLETED
execution-manager  | 🎉 [T=42149 ms] Task 4 'sum' COMPLETED
execution-manager  | [EXECUTION MANAGER] ⏱️ T2=18309139.515 ms | Thread started (server measured)
execution-manager  | [EXECUTION MANAGER] ⏱️ T3=18311286.437 ms | Task completed (server measured)
execution-manager  | [EXECUTION MANAGER] ⏱️ T4=18311287.135 ms | Result received by client
execution-manager  |    [TASK EXECUTION] 2146.921 ms (T3-T2, measured in thread)
execution-manager  |    [RESULT] {"result": 0}
execution-manager  | 
execution-manager  | ╔═══════════════════════════════════════════════════════════════╗
execution-manager  | ║           END-TO-END TIMING MEASUREMENT RECAP                 ║
execution-manager  | ║                   Task 4: sum                                 
execution-manager  | ╠═══════════════════════════════════════════════════════════════╣
execution-manager  | ║ T1 (start_request)    = 18309138.388 ms                        ║
execution-manager  | ║ T2 (end_request)      = 18309139.515 ms                        ║
execution-manager  | ║ T3 (start_result)     = 18311286.437 ms                        ║
execution-manager  | ║ T4 (end_result)       = 18311287.135 ms                        ║
execution-manager  | ╠═══════════════════════════════════════════════════════════════╣
execution-manager  | ║ METRICS:                                                      ║
execution-manager  | ║   Request Latency    =        1.127 ms  (T2 - T1)            ║
execution-manager  | ║   Task Execution     =     2146.921 ms  (T3 - T2)            ║
execution-manager  | ║   Response Latency   =        0.698 ms  (T4 - T3)            ║
execution-manager  | ║   Total End-to-End   =     2148.746 ms  (T4 - T1)            ║
execution-manager  | ║   Network Overhead   =        1.825 ms  (Req + Resp)         ║
execution-manager  | ╚═══════════════════════════════════════════════════════════════╝
execution-manager  | 
execution-manager  | [SCHEDULER] ✅ T=42149 ms: Task 4 'sum' completed with status 2
execution-manager  | [SCHEDULER] 🔕 Timeout disarmed for task 4
execution-manager  | [SCHEDULER] 0 tasks remaining
execution-manager  | 
execution-manager  | [SCHEDULER] 🏁 Iteration 25/25 complete!
execution-manager  | [SCHEDULER] Iteration execution time: 42149 ms
execution-manager  | 
execution-manager  | 
execution-manager  | [SCHEDULER] 🏁 All 25 iteration(s) completed!
execution-manager  | [SCHEDULER] Total execution time: 42149 ms
execution-manager  | 
execution-manager  | Test Suite Finished Successfully.
[Kexecution-manager exited with code 0
