 Container execution-manager-grpc  Creating
 Container execution-manager-grpc  Created
Attaching to execution-manager-grpc
execution-manager-grpc  | ============================================
execution-manager-grpc  |    DUAL PRIORITY QUEUE ARCHITECTURE TESTER  
execution-manager-grpc  | ============================================
execution-manager-grpc  | 
execution-manager-grpc  | ✅ Execution Manager running with SCHED_FIFO priority 95
execution-manager-grpc  |    This ensures precise timing and prevents preemption by tasks
execution-manager-grpc  | 
execution-manager-grpc  | 
execution-manager-grpc  | [Redis] Reading schedule from Redis...
execution-manager-grpc  | 
execution-manager-grpc  | === REDIS DATA ===
execution-manager-grpc  | Schedule: Configurable CPU/IO Benchmark (v0.0.0)
execution-manager-grpc  | Number of tasks: 1
execution-manager-grpc  | Iterations: 50
execution-manager-grpc  | 
execution-manager-grpc  | Tasks:
execution-manager-grpc  |   1. Task: sum1
execution-manager-grpc  |      Policy: fifo, Priority: 50, Start: 10 ms
execution-manager-grpc  |      Inputs: {"total_ops": {"type": "int", "value": 100}, "io_percentage": {"type": "int", "value": 75}}
execution-manager-grpc  | 
execution-manager-grpc  | ==================
execution-manager-grpc  | 
execution-manager-grpc  | 
execution-manager-grpc  | ============================================
execution-manager-grpc  |    REAL-TIME EVENT-DRIVEN SCHEDULER
execution-manager-grpc  | ============================================
execution-manager-grpc  | 
execution-manager-grpc  | [SCHEDULER] 🚀 Loading schedule: 1 task(s), 50 iteration(s)
execution-manager-grpc  | 
execution-manager-grpc  | [SCHEDULER] DEBUG - Task 1: start_time=10 s, deadline=30 s (parsed from Redis)
execution-manager-grpc  | [SCHEDULER] 📋 Task 1 'sum1': start=10000 ms, deadline=30000 ms
execution-manager-grpc  | 
execution-manager-grpc  | [SCHEDULER] 🔁 ===== ITERATION 1 / 50 =====
execution-manager-grpc  | 
execution-manager-grpc  | [SCHEDULER] 🚀 Schedule started at T=0
execution-manager-grpc  | 
execution-manager-grpc  | [SCHEDULER] 🔄 Entering event loop (NO SLEEP - event-driven!)
execution-manager-grpc  | 
execution-manager-grpc  | [EPOLL] T=10000 ms: epoll_wait returned 1 event(s)
execution-manager-grpc  | [EPOLL] event[0]: type=0 task=sum1
execution-manager-grpc  | [SCHEDULER] ⏰ T=10000 ms | T_wall=802759078.902 ms: Launching task 1 'sum1' (deadline: 30000 ms)
execution-manager-grpc  | [SCHEDULER] 🕐 Timeout armed for task 1 at T=30000 ms (in 20000 ms)
execution-manager-grpc  | [GRPC THREAD 1] Starting...
execution-manager-grpc  | [EXECUTION MANAGER] ⏱️ T1=802759079.018 ms | Sending gRPC request for task 1 'sum1'
execution-manager-grpc  | [gRPC Channel Pool] Creating new channel for localhost:50051
execution-manager-grpc  | [gRPC Client Async] Calling task 'sum1' at localhost:50051
execution-manager-grpc  | [gRPC Client Async] Inputs: {"total_ops": 100, "io_percentage": 75}
execution-manager-grpc  | [gRPC Client Async] Response #1 - Status: COMPLETED
execution-manager-grpc  | 🎉 [T=10148 ms] Task 1 'sum1' COMPLETED
execution-manager-grpc  | [EXECUTION MANAGER] ⏱️ T2=802759090.047 ms | Thread started (server measured)
execution-manager-grpc  | [EXECUTION MANAGER] ⏱️ T3=802759226.352 ms | Task completed (server measured)
execution-manager-grpc  | [EXECUTION MANAGER] ⏱️ T4=802759226.907 ms | Result received by client
execution-manager-grpc  |    [TASK EXECUTION] 136.305 ms (T3-T2, measured in thread)
execution-manager-grpc  |    [RESULT] {"result": 0}
execution-manager-grpc  | 
execution-manager-grpc  | ╔═══════════════════════════════════════════════════════════════╗
execution-manager-grpc  | ║           END-TO-END TIMING MEASUREMENT RECAP                 ║
execution-manager-grpc  | ║                   Task 1: sum1                                 
execution-manager-grpc  | ╠═══════════════════════════════════════════════════════════════╣
execution-manager-grpc  | ║ T1 (start_request)    = 802759079.018 ms                        ║
execution-manager-grpc  | ║ T2 (end_request)      = 802759090.047 ms                        ║
execution-manager-grpc  | ║ T3 (start_result)     = 802759226.352 ms                        ║
execution-manager-grpc  | ║ T4 (end_result)       = 802759226.907 ms                        ║
execution-manager-grpc  | ╠═══════════════════════════════════════════════════════════════╣
execution-manager-grpc  | ║ METRICS:                                                      ║
execution-manager-grpc  | ║   Request Latency    =       11.029 ms  (T2 - T1)            ║
execution-manager-grpc  | ║   Task Execution     =      136.305 ms  (T3 - T2)            ║
execution-manager-grpc  | ║   Response Latency   =        0.555 ms  (T4 - T3)            ║
execution-manager-grpc  | ║   Total End-to-End   =      147.888 ms  (T4 - T1)            ║
execution-manager-grpc  | ║   Network Overhead   =       11.584 ms  (Req + Resp)         ║
execution-manager-grpc  | ╚═══════════════════════════════════════════════════════════════╝
execution-manager-grpc  | 
execution-manager-grpc  | [EPOLL] T=10148 ms: epoll_wait returned 1 event(s)
execution-manager-grpc  | [EPOLL] event[0]: type=2 task=NULL
execution-manager-grpc  | [SCHEDULER] ✅ T=10148 ms: Task 1 'sum1' completed with status 2
execution-manager-grpc  | [SCHEDULER] 🔕 Timeout disarmed for task 1
execution-manager-grpc  | [SCHEDULER] 0 tasks remaining
execution-manager-grpc  | 
execution-manager-grpc  | [SCHEDULER] 🏁 Iteration 1/50 complete!
execution-manager-grpc  | [SCHEDULER] Iteration execution time: 10148 ms
execution-manager-grpc  | 
execution-manager-grpc  | 
execution-manager-grpc  | [SCHEDULER] 🔁 ===== ITERATION 2 / 50 =====
execution-manager-grpc  | 
execution-manager-grpc  | [SCHEDULER] 🚀 Schedule started at T=0
execution-manager-grpc  | 
execution-manager-grpc  | [SCHEDULER] 🔄 Entering event loop (NO SLEEP - event-driven!)
execution-manager-grpc  | 
execution-manager-grpc  | [gRPC Client Async] Stream completed, received 1 responses
execution-manager-grpc  | [GRPC THREAD 1] Completed
execution-manager-grpc  | [EPOLL] T=10007 ms: epoll_wait returned 1 event(s)
execution-manager-grpc  | [EPOLL] event[0]: type=0 task=sum1
execution-manager-grpc  | [SCHEDULER] ⏰ T=10007 ms | T_wall=802769233.305 ms: Launching task 1 'sum1' (deadline: 30000 ms)
execution-manager-grpc  | [SCHEDULER] 🕐 Timeout armed for task 1 at T=30000 ms (in 19993 ms)
execution-manager-grpc  | [GRPC THREAD 1] Starting...
execution-manager-grpc  | [EXECUTION MANAGER] ⏱️ T1=802769233.409 ms | Sending gRPC request for task 1 'sum1'
execution-manager-grpc  | [gRPC Channel Pool] Reusing existing channel for localhost:50051 (state=2)
execution-manager-grpc  | [gRPC Client Async] Calling task 'sum1' at localhost:50051
execution-manager-grpc  | [gRPC Client Async] Inputs: {"total_ops": 100, "io_percentage": 75}
execution-manager-grpc  | [gRPC Client Async] Response #1 - Status: COMPLETED
execution-manager-grpc  | 🎉 [T=10145 ms] Task 1 'sum1' COMPLETED
execution-manager-grpc  | [EXECUTION MANAGER] ⏱️ T2=802769234.249 ms | Thread started (server measured)
execution-manager-grpc  | [EXECUTION MANAGER] ⏱️ T3=802769370.531 ms | Task completed (server measured)
execution-manager-grpc  | [EXECUTION MANAGER] ⏱️ T4=802769371.017 ms | Result received by client
execution-manager-grpc  |    [TASK EXECUTION] 136.283 ms (T3-T2, measured in thread)
execution-manager-grpc  |    [RESULT] {"result": 0}
execution-manager-grpc  | 
execution-manager-grpc  | ╔═══════════════════════════════════════════════════════════════╗
execution-manager-grpc  | ║           END-TO-END TIMING MEASUREMENT RECAP                 ║
execution-manager-grpc  | ║                   Task 1: sum1                                 
execution-manager-grpc  | ╠═══════════════════════════════════════════════════════════════╣
execution-manager-grpc  | ║ T1 (start_request)    = 802769233.409 ms                        ║
execution-manager-grpc  | ║ T2 (end_request)      = 802769234.249 ms                        ║
execution-manager-grpc  | ║ T3 (start_result)     = 802769370.531 ms                        ║
execution-manager-grpc  | ║ T4 (end_result)       = 802769371.017 ms                        ║
execution-manager-grpc  | ╠═══════════════════════════════════════════════════════════════╣
execution-manager-grpc  | ║ METRICS:                                                      ║
execution-manager-grpc  | ║   Request Latency    =        0.840 ms  (T2 - T1)            ║
execution-manager-grpc  | ║   Task Execution     =      136.283 ms  (T3 - T2)            ║
execution-manager-grpc  | ║   Response Latency   =        0.486 ms  (T4 - T3)            ║
execution-manager-grpc  | ║   Total End-to-End   =      137.608 ms  (T4 - T1)            ║
execution-manager-grpc  | ║   Network Overhead   =        1.326 ms  (Req + Resp)         ║
execution-manager-grpc  | ╚═══════════════════════════════════════════════════════════════╝
execution-manager-grpc  | 
execution-manager-grpc  | [EPOLL] T=10145 ms: epoll_wait returned 1 event(s)
execution-manager-grpc  | [EPOLL] event[0]: type=2 task=NULL
execution-manager-grpc  | [SCHEDULER] ✅ T=10145 ms: Task 1 'sum1' completed with status 2
execution-manager-grpc  | [SCHEDULER] 🔕 Timeout disarmed for task 1
execution-manager-grpc  | [SCHEDULER] 0 tasks remaining
execution-manager-grpc  | 
execution-manager-grpc  | [SCHEDULER] 🏁 Iteration 2/50 complete!
execution-manager-grpc  | [SCHEDULER] Iteration execution time: 10145 ms
execution-manager-grpc  | 
execution-manager-grpc  | 
execution-manager-grpc  | [SCHEDULER] 🔁 ===== ITERATION 3 / 50 =====
execution-manager-grpc  | 
execution-manager-grpc  | [SCHEDULER] 🚀 Schedule started at T=0
execution-manager-grpc  | 
execution-manager-grpc  | [SCHEDULER] 🔄 Entering event loop (NO SLEEP - event-driven!)
execution-manager-grpc  | 
execution-manager-grpc  | [gRPC Client Async] Stream completed, received 1 responses
execution-manager-grpc  | [GRPC THREAD 1] Completed
execution-manager-grpc  | [EPOLL] T=10000 ms: epoll_wait returned 1 event(s)
execution-manager-grpc  | [EPOLL] event[0]: type=0 task=sum1
execution-manager-grpc  | [SCHEDULER] ⏰ T=10000 ms | T_wall=802779371.135 ms: Launching task 1 'sum1' (deadline: 30000 ms)
execution-manager-grpc  | [SCHEDULER] 🕐 Timeout armed for task 1 at T=30000 ms (in 20000 ms)
execution-manager-grpc  | [GRPC THREAD 1] Starting...
execution-manager-grpc  | [EXECUTION MANAGER] ⏱️ T1=802779371.252 ms | Sending gRPC request for task 1 'sum1'
execution-manager-grpc  | [gRPC Channel Pool] Reusing existing channel for localhost:50051 (state=2)
execution-manager-grpc  | [gRPC Client Async] Calling task 'sum1' at localhost:50051
execution-manager-grpc  | [gRPC Client Async] Inputs: {"total_ops": 100, "io_percentage": 75}
execution-manager-grpc  | [gRPC Client Async] Response #1 - Status: COMPLETED
execution-manager-grpc  | 🎉 [T=10137 ms] Task 1 'sum1' COMPLETED
execution-manager-grpc  | [EXECUTION MANAGER] ⏱️ T2=802779371.781 ms | Thread started (server measured)
execution-manager-grpc  | [EXECUTION MANAGER] ⏱️ T3=802779508.033 ms | Task completed (server measured)
execution-manager-grpc  | [EXECUTION MANAGER] ⏱️ T4=802779508.488 ms | Result received by client
execution-manager-grpc  |    [TASK EXECUTION] 136.251 ms (T3-T2, measured in thread)
execution-manager-grpc  |    [RESULT] {"result": 0}
execution-manager-grpc  | 
execution-manager-grpc  | ╔═══════════════════════════════════════════════════════════════╗
execution-manager-grpc  | ║           END-TO-END TIMING MEASUREMENT RECAP                 ║
execution-manager-grpc  | ║                   Task 1: sum1                                 
execution-manager-grpc  | ╠═══════════════════════════════════════════════════════════════╣
execution-manager-grpc  | ║ T1 (start_request)    = 802779371.252 ms                        ║
execution-manager-grpc  | ║ T2 (end_request)      = 802779371.781 ms                        ║
execution-manager-grpc  | ║ T3 (start_result)     = 802779508.033 ms                        ║
execution-manager-grpc  | ║ T4 (end_result)       = 802779508.488 ms                        ║
execution-manager-grpc  | ╠═══════════════════════════════════════════════════════════════╣
execution-manager-grpc  | ║ METRICS:                                                      ║
execution-manager-grpc  | ║   Request Latency    =        0.529 ms  (T2 - T1)            ║
execution-manager-grpc  | ║   Task Execution     =      136.251 ms  (T3 - T2)            ║
execution-manager-grpc  | ║   Response Latency   =        0.456 ms  (T4 - T3)            ║
execution-manager-grpc  | ║   Total End-to-End   =      137.236 ms  (T4 - T1)            ║
execution-manager-grpc  | ║   Network Overhead   =        0.985 ms  (Req + Resp)         ║
execution-manager-grpc  | ╚═══════════════════════════════════════════════════════════════╝
execution-manager-grpc  | 
execution-manager-grpc  | [EPOLL] T=10137 ms: epoll_wait returned 1 event(s)
execution-manager-grpc  | [EPOLL] event[0]: type=2 task=NULL
execution-manager-grpc  | [SCHEDULER] ✅ T=10137 ms: Task 1 'sum1' completed with status 2
execution-manager-grpc  | [SCHEDULER] 🔕 Timeout disarmed for task 1
execution-manager-grpc  | [SCHEDULER] 0 tasks remaining
execution-manager-grpc  | 
execution-manager-grpc  | [SCHEDULER] 🏁 Iteration 3/50 complete!
execution-manager-grpc  | [SCHEDULER] Iteration execution time: 10137 ms
execution-manager-grpc  | 
execution-manager-grpc  | 
execution-manager-grpc  | [SCHEDULER] 🔁 ===== ITERATION 4 / 50 =====
execution-manager-grpc  | 
execution-manager-grpc  | [SCHEDULER] 🚀 Schedule started at T=0
execution-manager-grpc  | 
execution-manager-grpc  | [SCHEDULER] 🔄 Entering event loop (NO SLEEP - event-driven!)
execution-manager-grpc  | 
execution-manager-grpc  | [gRPC Client Async] Stream completed, received 1 responses
execution-manager-grpc  | [GRPC THREAD 1] Completed
execution-manager-grpc  | [EPOLL] T=10000 ms: epoll_wait returned 1 event(s)
execution-manager-grpc  | [EPOLL] event[0]: type=0 task=sum1
execution-manager-grpc  | [SCHEDULER] ⏰ T=10000 ms | T_wall=802789508.608 ms: Launching task 1 'sum1' (deadline: 30000 ms)
execution-manager-grpc  | [SCHEDULER] 🕐 Timeout armed for task 1 at T=30000 ms (in 20000 ms)
execution-manager-grpc  | [GRPC THREAD 1] Starting...
execution-manager-grpc  | [EXECUTION MANAGER] ⏱️ T1=802789508.703 ms | Sending gRPC request for task 1 'sum1'
execution-manager-grpc  | [gRPC Channel Pool] Reusing existing channel for localhost:50051 (state=2)
execution-manager-grpc  | [gRPC Client Async] Calling task 'sum1' at localhost:50051
execution-manager-grpc  | [gRPC Client Async] Inputs: {"total_ops": 100, "io_percentage": 75}
execution-manager-grpc  | [gRPC Client Async] Response #1 - Status: COMPLETED
execution-manager-grpc  | 🎉 [T=10138 ms] Task 1 'sum1' COMPLETED
execution-manager-grpc  | [EXECUTION MANAGER] ⏱️ T2=802789509.269 ms | Thread started (server measured)
execution-manager-grpc  | [EXECUTION MANAGER] ⏱️ T3=802789645.572 ms | Task completed (server measured)
execution-manager-grpc  | [EXECUTION MANAGER] ⏱️ T4=802789646.045 ms | Result received by client
execution-manager-grpc  |    [TASK EXECUTION] 136.303 ms (T3-T2, measured in thread)
execution-manager-grpc  |    [RESULT] {"result": 0}
execution-manager-grpc  | 
execution-manager-grpc  | ╔═══════════════════════════════════════════════════════════════╗
execution-manager-grpc  | ║           END-TO-END TIMING MEASUREMENT RECAP                 ║
execution-manager-grpc  | ║                   Task 1: sum1                                 
execution-manager-grpc  | ╠═══════════════════════════════════════════════════════════════╣
execution-manager-grpc  | ║ T1 (start_request)    = 802789508.703 ms                        ║
execution-manager-grpc  | ║ T2 (end_request)      = 802789509.269 ms                        ║
execution-manager-grpc  | ║ T3 (start_result)     = 802789645.572 ms                        ║
execution-manager-grpc  | ║ T4 (end_result)       = 802789646.045 ms                        ║
execution-manager-grpc  | ╠═══════════════════════════════════════════════════════════════╣
execution-manager-grpc  | ║ METRICS:                                                      ║
execution-manager-grpc  | ║   Request Latency    =        0.566 ms  (T2 - T1)            ║
execution-manager-grpc  | ║   Task Execution     =      136.303 ms  (T3 - T2)            ║
execution-manager-grpc  | ║   Response Latency   =        0.472 ms  (T4 - T3)            ║
execution-manager-grpc  | ║   Total End-to-End   =      137.341 ms  (T4 - T1)            ║
execution-manager-grpc  | ║   Network Overhead   =        1.038 ms  (Req + Resp)         ║
execution-manager-grpc  | ╚═══════════════════════════════════════════════════════════════╝
execution-manager-grpc  | 
execution-manager-grpc  | [EPOLL] T=10138 ms: epoll_wait returned 1 event(s)
execution-manager-grpc  | [EPOLL] event[0]: type=2 task=NULL
execution-manager-grpc  | [SCHEDULER] ✅ T=10138 ms: Task 1 'sum1' completed with status 2
execution-manager-grpc  | [SCHEDULER] 🔕 Timeout disarmed for task 1
execution-manager-grpc  | [SCHEDULER] 0 tasks remaining
execution-manager-grpc  | 
execution-manager-grpc  | [SCHEDULER] 🏁 Iteration 4/50 complete!
execution-manager-grpc  | [SCHEDULER] Iteration execution time: 10138 ms
execution-manager-grpc  | 
execution-manager-grpc  | 
execution-manager-grpc  | [SCHEDULER] 🔁 ===== ITERATION 5 / 50 =====
execution-manager-grpc  | 
execution-manager-grpc  | [SCHEDULER] 🚀 Schedule started at T=0
execution-manager-grpc  | 
execution-manager-grpc  | [SCHEDULER] 🔄 Entering event loop (NO SLEEP - event-driven!)
execution-manager-grpc  | 
execution-manager-grpc  | [gRPC Client Async] Stream completed, received 1 responses
execution-manager-grpc  | [GRPC THREAD 1] Completed
execution-manager-grpc  | [EPOLL] T=10000 ms: epoll_wait returned 1 event(s)
execution-manager-grpc  | [EPOLL] event[0]: type=0 task=sum1
execution-manager-grpc  | [SCHEDULER] ⏰ T=10000 ms | T_wall=802799646.180 ms: Launching task 1 'sum1' (deadline: 30000 ms)
execution-manager-grpc  | [SCHEDULER] 🕐 Timeout armed for task 1 at T=30000 ms (in 20000 ms)
execution-manager-grpc  | [GRPC THREAD 1] Starting...
execution-manager-grpc  | [EXECUTION MANAGER] ⏱️ T1=802799646.301 ms | Sending gRPC request for task 1 'sum1'
execution-manager-grpc  | [gRPC Channel Pool] Reusing existing channel for localhost:50051 (state=2)
execution-manager-grpc  | [gRPC Client Async] Calling task 'sum1' at localhost:50051
execution-manager-grpc  | [gRPC Client Async] Inputs: {"total_ops": 100, "io_percentage": 75}
execution-manager-grpc  | [gRPC Client Async] Response #1 - Status: COMPLETED
execution-manager-grpc  | 🎉 [T=10137 ms] Task 1 'sum1' COMPLETED
execution-manager-grpc  | [EXECUTION MANAGER] ⏱️ T2=802799646.916 ms | Thread started (server measured)
execution-manager-grpc  | [EXECUTION MANAGER] ⏱️ T3=802799783.307 ms | Task completed (server measured)
execution-manager-grpc  | [EXECUTION MANAGER] ⏱️ T4=802799783.761 ms | Result received by client
execution-manager-grpc  |    [TASK EXECUTION] 136.391 ms (T3-T2, measured in thread)
execution-manager-grpc  |    [RESULT] {"result": 0}
execution-manager-grpc  | 
execution-manager-grpc  | ╔═══════════════════════════════════════════════════════════════╗
execution-manager-grpc  | ║           END-TO-END TIMING MEASUREMENT RECAP                 ║
execution-manager-grpc  | ║                   Task 1: sum1                                 
execution-manager-grpc  | ╠═══════════════════════════════════════════════════════════════╣
execution-manager-grpc  | ║ T1 (start_request)    = 802799646.301 ms                        ║
execution-manager-grpc  | ║ T2 (end_request)      = 802799646.916 ms                        ║
execution-manager-grpc  | ║ T3 (start_result)     = 802799783.307 ms                        ║
execution-manager-grpc  | ║ T4 (end_result)       = 802799783.761 ms                        ║
execution-manager-grpc  | ╠═══════════════════════════════════════════════════════════════╣
execution-manager-grpc  | ║ METRICS:                                                      ║
execution-manager-grpc  | ║   Request Latency    =        0.615 ms  (T2 - T1)            ║
execution-manager-grpc  | ║   Task Execution     =      136.391 ms  (T3 - T2)            ║
execution-manager-grpc  | ║   Response Latency   =        0.453 ms  (T4 - T3)            ║
execution-manager-grpc  | ║   Total End-to-End   =      137.460 ms  (T4 - T1)            ║
execution-manager-grpc  | ║   Network Overhead   =        1.069 ms  (Req + Resp)         ║
execution-manager-grpc  | ╚═══════════════════════════════════════════════════════════════╝
execution-manager-grpc  | 
execution-manager-grpc  | [EPOLL] T=10137 ms: epoll_wait returned 1 event(s)
execution-manager-grpc  | [EPOLL] event[0]: type=2 task=NULL
execution-manager-grpc  | [SCHEDULER] ✅ T=10137 ms: Task 1 'sum1' completed with status 2
execution-manager-grpc  | [SCHEDULER] 🔕 Timeout disarmed for task 1
execution-manager-grpc  | [SCHEDULER] 0 tasks remaining
execution-manager-grpc  | 
execution-manager-grpc  | [SCHEDULER] 🏁 Iteration 5/50 complete!
execution-manager-grpc  | [SCHEDULER] Iteration execution time: 10137 ms
execution-manager-grpc  | 
execution-manager-grpc  | 
execution-manager-grpc  | [SCHEDULER] 🔁 ===== ITERATION 6 / 50 =====
execution-manager-grpc  | 
execution-manager-grpc  | [SCHEDULER] 🚀 Schedule started at T=0
execution-manager-grpc  | 
execution-manager-grpc  | [SCHEDULER] 🔄 Entering event loop (NO SLEEP - event-driven!)
execution-manager-grpc  | 
execution-manager-grpc  | [gRPC Client Async] Stream completed, received 1 responses
execution-manager-grpc  | [GRPC THREAD 1] Completed
execution-manager-grpc  | [EPOLL] T=10000 ms: epoll_wait returned 1 event(s)
execution-manager-grpc  | [EPOLL] event[0]: type=0 task=sum1
execution-manager-grpc  | [SCHEDULER] ⏰ T=10000 ms | T_wall=802809783.886 ms: Launching task 1 'sum1' (deadline: 30000 ms)
execution-manager-grpc  | [SCHEDULER] 🕐 Timeout armed for task 1 at T=30000 ms (in 20000 ms)
execution-manager-grpc  | [GRPC THREAD 1] Starting...
execution-manager-grpc  | [EXECUTION MANAGER] ⏱️ T1=802809783.975 ms | Sending gRPC request for task 1 'sum1'
execution-manager-grpc  | [gRPC Channel Pool] Reusing existing channel for localhost:50051 (state=2)
execution-manager-grpc  | [gRPC Client Async] Calling task 'sum1' at localhost:50051
execution-manager-grpc  | [gRPC Client Async] Inputs: {"total_ops": 100, "io_percentage": 75}
execution-manager-grpc  | [gRPC Client Async] Response #1 - Status: COMPLETED
execution-manager-grpc  | 🎉 [T=10138 ms] Task 1 'sum1' COMPLETED
execution-manager-grpc  | [EXECUTION MANAGER] ⏱️ T2=802809784.697 ms | Thread started (server measured)
execution-manager-grpc  | [EXECUTION MANAGER] ⏱️ T3=802809921.013 ms | Task completed (server measured)
execution-manager-grpc  | [EXECUTION MANAGER] ⏱️ T4=802809921.534 ms | Result received by client
execution-manager-grpc  |    [TASK EXECUTION] 136.316 ms (T3-T2, measured in thread)
execution-manager-grpc  |    [RESULT] {"result": 0}
execution-manager-grpc  | 
execution-manager-grpc  | ╔═══════════════════════════════════════════════════════════════╗
execution-manager-grpc  | ║           END-TO-END TIMING MEASUREMENT RECAP                 ║
execution-manager-grpc  | ║                   Task 1: sum1                                 
execution-manager-grpc  | ╠═══════════════════════════════════════════════════════════════╣
execution-manager-grpc  | ║ T1 (start_request)    = 802809783.975 ms                        ║
execution-manager-grpc  | ║ T2 (end_request)      = 802809784.697 ms                        ║
execution-manager-grpc  | ║ T3 (start_result)     = 802809921.013 ms                        ║
execution-manager-grpc  | ║ T4 (end_result)       = 802809921.534 ms                        ║
execution-manager-grpc  | ╠═══════════════════════════════════════════════════════════════╣
execution-manager-grpc  | ║ METRICS:                                                      ║
execution-manager-grpc  | ║   Request Latency    =        0.722 ms  (T2 - T1)            ║
execution-manager-grpc  | ║   Task Execution     =      136.316 ms  (T3 - T2)            ║
execution-manager-grpc  | ║   Response Latency   =        0.522 ms  (T4 - T3)            ║
execution-manager-grpc  | ║   Total End-to-End   =      137.560 ms  (T4 - T1)            ║
execution-manager-grpc  | ║   Network Overhead   =        1.244 ms  (Req + Resp)         ║
execution-manager-grpc  | ╚═══════════════════════════════════════════════════════════════╝
execution-manager-grpc  | 
execution-manager-grpc  | [EPOLL] T=10138 ms: epoll_wait returned 1 event(s)
execution-manager-grpc  | [EPOLL] event[0]: type=2 task=NULL
execution-manager-grpc  | [SCHEDULER] ✅ T=10138 ms: Task 1 'sum1' completed with status 2
execution-manager-grpc  | [SCHEDULER] 🔕 Timeout disarmed for task 1
execution-manager-grpc  | [SCHEDULER] 0 tasks remaining
execution-manager-grpc  | 
execution-manager-grpc  | [SCHEDULER] 🏁 Iteration 6/50 complete!
execution-manager-grpc  | [SCHEDULER] Iteration execution time: 10138 ms
execution-manager-grpc  | 
execution-manager-grpc  | 
execution-manager-grpc  | [SCHEDULER] 🔁 ===== ITERATION 7 / 50 =====
execution-manager-grpc  | 
execution-manager-grpc  | [SCHEDULER] 🚀 Schedule started at T=0
execution-manager-grpc  | 
execution-manager-grpc  | [SCHEDULER] 🔄 Entering event loop (NO SLEEP - event-driven!)
execution-manager-grpc  | 
execution-manager-grpc  | [gRPC Client Async] Stream completed, received 1 responses
execution-manager-grpc  | [GRPC THREAD 1] Completed
execution-manager-grpc  | [EPOLL] T=10000 ms: epoll_wait returned 1 event(s)
execution-manager-grpc  | [EPOLL] event[0]: type=0 task=sum1
execution-manager-grpc  | [SCHEDULER] ⏰ T=10000 ms | T_wall=802819921.648 ms: Launching task 1 'sum1' (deadline: 30000 ms)
execution-manager-grpc  | [SCHEDULER] 🕐 Timeout armed for task 1 at T=30000 ms (in 20000 ms)
execution-manager-grpc  | [GRPC THREAD 1] Starting...
execution-manager-grpc  | [EXECUTION MANAGER] ⏱️ T1=802819921.765 ms | Sending gRPC request for task 1 'sum1'
execution-manager-grpc  | [gRPC Channel Pool] Reusing existing channel for localhost:50051 (state=2)
execution-manager-grpc  | [gRPC Client Async] Calling task 'sum1' at localhost:50051
execution-manager-grpc  | [gRPC Client Async] Inputs: {"total_ops": 100, "io_percentage": 75}
execution-manager-grpc  | [gRPC Client Async] Response #1 - Status: COMPLETED
execution-manager-grpc  | 🎉 [T=10138 ms] Task 1 'sum1' COMPLETED
execution-manager-grpc  | [EXECUTION MANAGER] ⏱️ T2=802819922.478 ms | Thread started (server measured)
execution-manager-grpc  | [EXECUTION MANAGER] ⏱️ T3=802820059.017 ms | Task completed (server measured)
execution-manager-grpc  | [EXECUTION MANAGER] ⏱️ T4=802820059.497 ms | Result received by client
execution-manager-grpc  |    [TASK EXECUTION] 136.539 ms (T3-T2, measured in thread)
execution-manager-grpc  |    [RESULT] {"result": 0}
execution-manager-grpc  | 
execution-manager-grpc  | ╔═══════════════════════════════════════════════════════════════╗
execution-manager-grpc  | ║           END-TO-END TIMING MEASUREMENT RECAP                 ║
execution-manager-grpc  | ║                   Task 1: sum1                                 
execution-manager-grpc  | ╠═══════════════════════════════════════════════════════════════╣
execution-manager-grpc  | ║ T1 (start_request)    = 802819921.765 ms                        ║
execution-manager-grpc  | ║ T2 (end_request)      = 802819922.478 ms                        ║
execution-manager-grpc  | ║ T3 (start_result)     = 802820059.017 ms                        ║
execution-manager-grpc  | ║ T4 (end_result)       = 802820059.497 ms                        ║
execution-manager-grpc  | ╠═══════════════════════════════════════════════════════════════╣
execution-manager-grpc  | ║ METRICS:                                                      ║
execution-manager-grpc  | ║   Request Latency    =        0.713 ms  (T2 - T1)            ║
execution-manager-grpc  | ║   Task Execution     =      136.539 ms  (T3 - T2)            ║
execution-manager-grpc  | ║   Response Latency   =        0.480 ms  (T4 - T3)            ║
execution-manager-grpc  | ║   Total End-to-End   =      137.732 ms  (T4 - T1)            ║
execution-manager-grpc  | ║   Network Overhead   =        1.193 ms  (Req + Resp)         ║
execution-manager-grpc  | ╚═══════════════════════════════════════════════════════════════╝
execution-manager-grpc  | 
execution-manager-grpc  | [EPOLL] T=10138 ms: epoll_wait returned 1 event(s)
execution-manager-grpc  | [EPOLL] event[0]: type=2 task=NULL
execution-manager-grpc  | [SCHEDULER] ✅ T=10138 ms: Task 1 'sum1' completed with status 2
execution-manager-grpc  | [SCHEDULER] 🔕 Timeout disarmed for task 1
execution-manager-grpc  | [SCHEDULER] 0 tasks remaining
execution-manager-grpc  | 
execution-manager-grpc  | [SCHEDULER] 🏁 Iteration 7/50 complete!
execution-manager-grpc  | [SCHEDULER] Iteration execution time: 10138 ms
execution-manager-grpc  | 
execution-manager-grpc  | 
execution-manager-grpc  | [SCHEDULER] 🔁 ===== ITERATION 8 / 50 =====
execution-manager-grpc  | 
execution-manager-grpc  | [SCHEDULER] 🚀 Schedule started at T=0
execution-manager-grpc  | 
execution-manager-grpc  | [SCHEDULER] 🔄 Entering event loop (NO SLEEP - event-driven!)
execution-manager-grpc  | 
execution-manager-grpc  | [gRPC Client Async] Stream completed, received 1 responses
execution-manager-grpc  | [GRPC THREAD 1] Completed
execution-manager-grpc  | [EPOLL] T=10000 ms: epoll_wait returned 1 event(s)
execution-manager-grpc  | [EPOLL] event[0]: type=0 task=sum1
execution-manager-grpc  | [SCHEDULER] ⏰ T=10000 ms | T_wall=802830059.610 ms: Launching task 1 'sum1' (deadline: 30000 ms)
execution-manager-grpc  | [SCHEDULER] 🕐 Timeout armed for task 1 at T=30000 ms (in 20000 ms)
execution-manager-grpc  | [GRPC THREAD 1] Starting...
execution-manager-grpc  | [EXECUTION MANAGER] ⏱️ T1=802830059.697 ms | Sending gRPC request for task 1 'sum1'
execution-manager-grpc  | [gRPC Channel Pool] Reusing existing channel for localhost:50051 (state=2)
execution-manager-grpc  | [gRPC Client Async] Calling task 'sum1' at localhost:50051
execution-manager-grpc  | [gRPC Client Async] Inputs: {"total_ops": 100, "io_percentage": 75}
execution-manager-grpc  | [gRPC Client Async] Response #1 - Status: COMPLETED
execution-manager-grpc  | 🎉 [T=10138 ms] Task 1 'sum1' COMPLETED
execution-manager-grpc  | [EXECUTION MANAGER] ⏱️ T2=802830060.352 ms | Thread started (server measured)
execution-manager-grpc  | [EXECUTION MANAGER] ⏱️ T3=802830196.807 ms | Task completed (server measured)
execution-manager-grpc  | [EXECUTION MANAGER] ⏱️ T4=802830197.290 ms | Result received by client
execution-manager-grpc  |    [TASK EXECUTION] 136.455 ms (T3-T2, measured in thread)
execution-manager-grpc  |    [RESULT] {"result": 0}
execution-manager-grpc  | 
execution-manager-grpc  | ╔═══════════════════════════════════════════════════════════════╗
execution-manager-grpc  | ║           END-TO-END TIMING MEASUREMENT RECAP                 ║
execution-manager-grpc  | ║                   Task 1: sum1                                 
execution-manager-grpc  | ╠═══════════════════════════════════════════════════════════════╣
execution-manager-grpc  | ║ T1 (start_request)    = 802830059.697 ms                        ║
execution-manager-grpc  | ║ T2 (end_request)      = 802830060.352 ms                        ║
execution-manager-grpc  | ║ T3 (start_result)     = 802830196.807 ms                        ║
execution-manager-grpc  | ║ T4 (end_result)       = 802830197.290 ms                        ║
execution-manager-grpc  | ╠═══════════════════════════════════════════════════════════════╣
execution-manager-grpc  | ║ METRICS:                                                      ║
execution-manager-grpc  | ║   Request Latency    =        0.654 ms  (T2 - T1)            ║
execution-manager-grpc  | ║   Task Execution     =      136.455 ms  (T3 - T2)            ║
execution-manager-grpc  | ║   Response Latency   =        0.483 ms  (T4 - T3)            ║
execution-manager-grpc  | ║   Total End-to-End   =      137.592 ms  (T4 - T1)            ║
execution-manager-grpc  | ║   Network Overhead   =        1.137 ms  (Req + Resp)         ║
execution-manager-grpc  | ╚═══════════════════════════════════════════════════════════════╝
execution-manager-grpc  | 
execution-manager-grpc  | [EPOLL] T=10138 ms: epoll_wait returned 1 event(s)
execution-manager-grpc  | [EPOLL] event[0]: type=2 task=NULL
execution-manager-grpc  | [SCHEDULER] ✅ T=10138 ms: Task 1 'sum1' completed with status 2
execution-manager-grpc  | [SCHEDULER] 🔕 Timeout disarmed for task 1
execution-manager-grpc  | [SCHEDULER] 0 tasks remaining
execution-manager-grpc  | 
execution-manager-grpc  | [SCHEDULER] 🏁 Iteration 8/50 complete!
execution-manager-grpc  | [SCHEDULER] Iteration execution time: 10138 ms
execution-manager-grpc  | 
execution-manager-grpc  | 
execution-manager-grpc  | [SCHEDULER] 🔁 ===== ITERATION 9 / 50 =====
execution-manager-grpc  | 
execution-manager-grpc  | [SCHEDULER] 🚀 Schedule started at T=0
execution-manager-grpc  | 
execution-manager-grpc  | [SCHEDULER] 🔄 Entering event loop (NO SLEEP - event-driven!)
execution-manager-grpc  | 
execution-manager-grpc  | [gRPC Client Async] Stream completed, received 1 responses
execution-manager-grpc  | [GRPC THREAD 1] Completed
execution-manager-grpc  | [EPOLL] T=10000 ms: epoll_wait returned 1 event(s)
execution-manager-grpc  | [EPOLL] event[0]: type=0 task=sum1
execution-manager-grpc  | [SCHEDULER] ⏰ T=10000 ms | T_wall=802840197.412 ms: Launching task 1 'sum1' (deadline: 30000 ms)
execution-manager-grpc  | [SCHEDULER] 🕐 Timeout armed for task 1 at T=30000 ms (in 20000 ms)
execution-manager-grpc  | [GRPC THREAD 1] Starting...
execution-manager-grpc  | [EXECUTION MANAGER] ⏱️ T1=802840197.489 ms | Sending gRPC request for task 1 'sum1'
execution-manager-grpc  | [gRPC Channel Pool] Reusing existing channel for localhost:50051 (state=2)
execution-manager-grpc  | [gRPC Client Async] Calling task 'sum1' at localhost:50051
execution-manager-grpc  | [gRPC Client Async] Inputs: {"total_ops": 100, "io_percentage": 75}
execution-manager-grpc  | [gRPC Client Async] Response #1 - Status: COMPLETED
execution-manager-grpc  | 🎉 [T=10138 ms] Task 1 'sum1' COMPLETED
execution-manager-grpc  | [EXECUTION MANAGER] ⏱️ T2=802840198.077 ms | Thread started (server measured)
execution-manager-grpc  | [EXECUTION MANAGER] ⏱️ T3=802840334.567 ms | Task completed (server measured)
execution-manager-grpc  | [EXECUTION MANAGER] ⏱️ T4=802840335.026 ms | Result received by client
execution-manager-grpc  |    [TASK EXECUTION] 136.491 ms (T3-T2, measured in thread)
execution-manager-grpc  |    [RESULT] {"result": 0}
execution-manager-grpc  | 
execution-manager-grpc  | ╔═══════════════════════════════════════════════════════════════╗
execution-manager-grpc  | ║           END-TO-END TIMING MEASUREMENT RECAP                 ║
execution-manager-grpc  | ║                   Task 1: sum1                                 
execution-manager-grpc  | ╠═══════════════════════════════════════════════════════════════╣
execution-manager-grpc  | ║ T1 (start_request)    = 802840197.489 ms                        ║
execution-manager-grpc  | ║ T2 (end_request)      = 802840198.077 ms                        ║
execution-manager-grpc  | ║ T3 (start_result)     = 802840334.567 ms                        ║
execution-manager-grpc  | ║ T4 (end_result)       = 802840335.026 ms                        ║
execution-manager-grpc  | ╠═══════════════════════════════════════════════════════════════╣
execution-manager-grpc  | ║ METRICS:                                                      ║
execution-manager-grpc  | ║   Request Latency    =        0.588 ms  (T2 - T1)            ║
execution-manager-grpc  | ║   Task Execution     =      136.491 ms  (T3 - T2)            ║
execution-manager-grpc  | ║   Response Latency   =        0.459 ms  (T4 - T3)            ║
execution-manager-grpc  | ║   Total End-to-End   =      137.537 ms  (T4 - T1)            ║
execution-manager-grpc  | ║   Network Overhead   =        1.047 ms  (Req + Resp)         ║
execution-manager-grpc  | ╚═══════════════════════════════════════════════════════════════╝
execution-manager-grpc  | 
execution-manager-grpc  | [EPOLL] T=10138 ms: epoll_wait returned 1 event(s)
execution-manager-grpc  | [EPOLL] event[0]: type=2 task=NULL
execution-manager-grpc  | [SCHEDULER] ✅ T=10138 ms: Task 1 'sum1' completed with status 2
execution-manager-grpc  | [SCHEDULER] 🔕 Timeout disarmed for task 1
execution-manager-grpc  | [SCHEDULER] 0 tasks remaining
execution-manager-grpc  | 
execution-manager-grpc  | [SCHEDULER] 🏁 Iteration 9/50 complete!
execution-manager-grpc  | [SCHEDULER] Iteration execution time: 10138 ms
execution-manager-grpc  | 
execution-manager-grpc  | 
execution-manager-grpc  | [SCHEDULER] 🔁 ===== ITERATION 10 / 50 =====
execution-manager-grpc  | 
execution-manager-grpc  | [SCHEDULER] 🚀 Schedule started at T=0
execution-manager-grpc  | 
execution-manager-grpc  | [SCHEDULER] 🔄 Entering event loop (NO SLEEP - event-driven!)
execution-manager-grpc  | 
execution-manager-grpc  | [gRPC Client Async] Stream completed, received 1 responses
execution-manager-grpc  | [GRPC THREAD 1] Completed
execution-manager-grpc  | [EPOLL] T=10000 ms: epoll_wait returned 1 event(s)
execution-manager-grpc  | [EPOLL] event[0]: type=0 task=sum1
execution-manager-grpc  | [SCHEDULER] ⏰ T=10000 ms | T_wall=802850335.168 ms: Launching task 1 'sum1' (deadline: 30000 ms)
execution-manager-grpc  | [SCHEDULER] 🕐 Timeout armed for task 1 at T=30000 ms (in 20000 ms)
execution-manager-grpc  | [GRPC THREAD 1] Starting...
execution-manager-grpc  | [EXECUTION MANAGER] ⏱️ T1=802850335.259 ms | Sending gRPC request for task 1 'sum1'
execution-manager-grpc  | [gRPC Channel Pool] Reusing existing channel for localhost:50051 (state=2)
execution-manager-grpc  | [gRPC Client Async] Calling task 'sum1' at localhost:50051
execution-manager-grpc  | [gRPC Client Async] Inputs: {"total_ops": 100, "io_percentage": 75}
execution-manager-grpc  | [gRPC Client Async] Response #1 - Status: COMPLETED
execution-manager-grpc  | 🎉 [T=10137 ms] Task 1 'sum1' COMPLETED
execution-manager-grpc  | [EXECUTION MANAGER] ⏱️ T2=802850335.815 ms | Thread started (server measured)
execution-manager-grpc  | [EXECUTION MANAGER] ⏱️ T3=802850472.323 ms | Task completed (server measured)
execution-manager-grpc  | [EXECUTION MANAGER] ⏱️ T4=802850472.759 ms | Result received by client
execution-manager-grpc  |    [TASK EXECUTION] 136.508 ms (T3-T2, measured in thread)
execution-manager-grpc  |    [RESULT] {"result": 0}
execution-manager-grpc  | 
execution-manager-grpc  | ╔═══════════════════════════════════════════════════════════════╗
execution-manager-grpc  | ║           END-TO-END TIMING MEASUREMENT RECAP                 ║
execution-manager-grpc  | ║                   Task 1: sum1                                 
execution-manager-grpc  | ╠═══════════════════════════════════════════════════════════════╣
execution-manager-grpc  | ║ T1 (start_request)    = 802850335.259 ms                        ║
execution-manager-grpc  | ║ T2 (end_request)      = 802850335.815 ms                        ║
execution-manager-grpc  | ║ T3 (start_result)     = 802850472.323 ms                        ║
execution-manager-grpc  | ║ T4 (end_result)       = 802850472.759 ms                        ║
execution-manager-grpc  | ╠═══════════════════════════════════════════════════════════════╣
execution-manager-grpc  | ║ METRICS:                                                      ║
execution-manager-grpc  | ║   Request Latency    =        0.556 ms  (T2 - T1)            ║
execution-manager-grpc  | ║   Task Execution     =      136.508 ms  (T3 - T2)            ║
execution-manager-grpc  | ║   Response Latency   =        0.436 ms  (T4 - T3)            ║
execution-manager-grpc  | ║   Total End-to-End   =      137.499 ms  (T4 - T1)            ║
execution-manager-grpc  | ║   Network Overhead   =        0.991 ms  (Req + Resp)         ║
execution-manager-grpc  | ╚═══════════════════════════════════════════════════════════════╝
execution-manager-grpc  | 
execution-manager-grpc  | [EPOLL] T=10137 ms: epoll_wait returned 1 event(s)
execution-manager-grpc  | [EPOLL] event[0]: type=2 task=NULL
execution-manager-grpc  | [SCHEDULER] ✅ T=10137 ms: Task 1 'sum1' completed with status 2
execution-manager-grpc  | [SCHEDULER] 🔕 Timeout disarmed for task 1
execution-manager-grpc  | [SCHEDULER] 0 tasks remaining
execution-manager-grpc  | 
execution-manager-grpc  | [SCHEDULER] 🏁 Iteration 10/50 complete!
execution-manager-grpc  | [SCHEDULER] Iteration execution time: 10137 ms
execution-manager-grpc  | 
execution-manager-grpc  | 
execution-manager-grpc  | [SCHEDULER] 🔁 ===== ITERATION 11 / 50 =====
execution-manager-grpc  | 
execution-manager-grpc  | [SCHEDULER] 🚀 Schedule started at T=0
execution-manager-grpc  | 
execution-manager-grpc  | [SCHEDULER] 🔄 Entering event loop (NO SLEEP - event-driven!)
execution-manager-grpc  | 
execution-manager-grpc  | [gRPC Client Async] Stream completed, received 1 responses
execution-manager-grpc  | [GRPC THREAD 1] Completed
execution-manager-grpc  | [EPOLL] T=10000 ms: epoll_wait returned 1 event(s)
execution-manager-grpc  | [EPOLL] event[0]: type=0 task=sum1
execution-manager-grpc  | [SCHEDULER] ⏰ T=10000 ms | T_wall=802860472.867 ms: Launching task 1 'sum1' (deadline: 30000 ms)
execution-manager-grpc  | [SCHEDULER] 🕐 Timeout armed for task 1 at T=30000 ms (in 20000 ms)
execution-manager-grpc  | [GRPC THREAD 1] Starting...
execution-manager-grpc  | [EXECUTION MANAGER] ⏱️ T1=802860472.944 ms | Sending gRPC request for task 1 'sum1'
execution-manager-grpc  | [gRPC Channel Pool] Reusing existing channel for localhost:50051 (state=2)
execution-manager-grpc  | [gRPC Client Async] Calling task 'sum1' at localhost:50051
execution-manager-grpc  | [gRPC Client Async] Inputs: {"total_ops": 100, "io_percentage": 75}
execution-manager-grpc  | [gRPC Client Async] Response #1 - Status: COMPLETED
execution-manager-grpc  | 🎉 [T=10138 ms] Task 1 'sum1' COMPLETED
execution-manager-grpc  | [EXECUTION MANAGER] ⏱️ T2=802860473.636 ms | Thread started (server measured)
execution-manager-grpc  | [EXECUTION MANAGER] ⏱️ T3=802860609.948 ms | Task completed (server measured)
execution-manager-grpc  | [EXECUTION MANAGER] ⏱️ T4=802860610.312 ms | Result received by client
execution-manager-grpc  |    [TASK EXECUTION] 136.312 ms (T3-T2, measured in thread)
execution-manager-grpc  |    [RESULT] {"result": 0}
execution-manager-grpc  | 
execution-manager-grpc  | ╔═══════════════════════════════════════════════════════════════╗
execution-manager-grpc  | ║           END-TO-END TIMING MEASUREMENT RECAP                 ║
execution-manager-grpc  | ║                   Task 1: sum1                                 
execution-manager-grpc  | ╠═══════════════════════════════════════════════════════════════╣
execution-manager-grpc  | ║ T1 (start_request)    = 802860472.944 ms                        ║
execution-manager-grpc  | ║ T2 (end_request)      = 802860473.636 ms                        ║
execution-manager-grpc  | ║ T3 (start_result)     = 802860609.948 ms                        ║
execution-manager-grpc  | ║ T4 (end_result)       = 802860610.312 ms                        ║
execution-manager-grpc  | ╠═══════════════════════════════════════════════════════════════╣
execution-manager-grpc  | ║ METRICS:                                                      ║
execution-manager-grpc  | ║   Request Latency    =        0.692 ms  (T2 - T1)            ║
execution-manager-grpc  | ║   Task Execution     =      136.312 ms  (T3 - T2)            ║
execution-manager-grpc  | ║   Response Latency   =        0.364 ms  (T4 - T3)            ║
execution-manager-grpc  | ║   Total End-to-End   =      137.368 ms  (T4 - T1)            ║
execution-manager-grpc  | ║   Network Overhead   =        1.056 ms  (Req + Resp)         ║
execution-manager-grpc  | ╚═══════════════════════════════════════════════════════════════╝
execution-manager-grpc  | 
execution-manager-grpc  | [EPOLL] T=10138 ms: epoll_wait returned 1 event(s)
execution-manager-grpc  | [EPOLL] event[0]: type=2 task=NULL
execution-manager-grpc  | [SCHEDULER] ✅ T=10138 ms: Task 1 'sum1' completed with status 2
execution-manager-grpc  | [SCHEDULER] 🔕 Timeout disarmed for task 1
execution-manager-grpc  | [SCHEDULER] 0 tasks remaining
execution-manager-grpc  | 
execution-manager-grpc  | [SCHEDULER] 🏁 Iteration 11/50 complete!
execution-manager-grpc  | [SCHEDULER] Iteration execution time: 10138 ms
execution-manager-grpc  | 
execution-manager-grpc  | 
execution-manager-grpc  | [SCHEDULER] 🔁 ===== ITERATION 12 / 50 =====
execution-manager-grpc  | 
execution-manager-grpc  | [SCHEDULER] 🚀 Schedule started at T=0
execution-manager-grpc  | 
execution-manager-grpc  | [SCHEDULER] 🔄 Entering event loop (NO SLEEP - event-driven!)
execution-manager-grpc  | 
execution-manager-grpc  | [gRPC Client Async] Stream completed, received 1 responses
execution-manager-grpc  | [GRPC THREAD 1] Completed
execution-manager-grpc  | [EPOLL] T=10000 ms: epoll_wait returned 1 event(s)
execution-manager-grpc  | [EPOLL] event[0]: type=0 task=sum1
execution-manager-grpc  | [SCHEDULER] ⏰ T=10000 ms | T_wall=802870610.413 ms: Launching task 1 'sum1' (deadline: 30000 ms)
execution-manager-grpc  | [SCHEDULER] 🕐 Timeout armed for task 1 at T=30000 ms (in 20000 ms)
execution-manager-grpc  | [GRPC THREAD 1] Starting...
execution-manager-grpc  | [EXECUTION MANAGER] ⏱️ T1=802870610.493 ms | Sending gRPC request for task 1 'sum1'
execution-manager-grpc  | [gRPC Channel Pool] Reusing existing channel for localhost:50051 (state=2)
execution-manager-grpc  | [gRPC Client Async] Calling task 'sum1' at localhost:50051
execution-manager-grpc  | [gRPC Client Async] Inputs: {"total_ops": 100, "io_percentage": 75}
execution-manager-grpc  | [gRPC Client Async] Response #1 - Status: COMPLETED
execution-manager-grpc  | 🎉 [T=10137 ms] Task 1 'sum1' COMPLETED
execution-manager-grpc  | [EXECUTION MANAGER] ⏱️ T2=802870611.043 ms | Thread started (server measured)
execution-manager-grpc  | [EXECUTION MANAGER] ⏱️ T3=802870747.381 ms | Task completed (server measured)
execution-manager-grpc  | [EXECUTION MANAGER] ⏱️ T4=802870747.770 ms | Result received by client
execution-manager-grpc  |    [TASK EXECUTION] 136.338 ms (T3-T2, measured in thread)
execution-manager-grpc  |    [RESULT] {"result": 0}
execution-manager-grpc  | 
execution-manager-grpc  | ╔═══════════════════════════════════════════════════════════════╗
execution-manager-grpc  | ║           END-TO-END TIMING MEASUREMENT RECAP                 ║
execution-manager-grpc  | ║                   Task 1: sum1                                 
execution-manager-grpc  | ╠═══════════════════════════════════════════════════════════════╣
execution-manager-grpc  | ║ T1 (start_request)    = 802870610.493 ms                        ║
execution-manager-grpc  | ║ T2 (end_request)      = 802870611.043 ms                        ║
execution-manager-grpc  | ║ T3 (start_result)     = 802870747.381 ms                        ║
execution-manager-grpc  | ║ T4 (end_result)       = 802870747.770 ms                        ║
execution-manager-grpc  | ╠═══════════════════════════════════════════════════════════════╣
execution-manager-grpc  | ║ METRICS:                                                      ║
execution-manager-grpc  | ║   Request Latency    =        0.550 ms  (T2 - T1)            ║
execution-manager-grpc  | ║   Task Execution     =      136.338 ms  (T3 - T2)            ║
execution-manager-grpc  | ║   Response Latency   =        0.389 ms  (T4 - T3)            ║
execution-manager-grpc  | ║   Total End-to-End   =      137.278 ms  (T4 - T1)            ║
execution-manager-grpc  | ║   Network Overhead   =        0.939 ms  (Req + Resp)         ║
execution-manager-grpc  | ╚═══════════════════════════════════════════════════════════════╝
execution-manager-grpc  | 
execution-manager-grpc  | [EPOLL] T=10137 ms: epoll_wait returned 1 event(s)
execution-manager-grpc  | [EPOLL] event[0]: type=2 task=NULL
execution-manager-grpc  | [SCHEDULER] ✅ T=10137 ms: Task 1 'sum1' completed with status 2
execution-manager-grpc  | [SCHEDULER] 🔕 Timeout disarmed for task 1
execution-manager-grpc  | [SCHEDULER] 0 tasks remaining
execution-manager-grpc  | 
execution-manager-grpc  | [SCHEDULER] 🏁 Iteration 12/50 complete!
execution-manager-grpc  | [SCHEDULER] Iteration execution time: 10137 ms
execution-manager-grpc  | 
execution-manager-grpc  | 
execution-manager-grpc  | [SCHEDULER] 🔁 ===== ITERATION 13 / 50 =====
execution-manager-grpc  | 
execution-manager-grpc  | [SCHEDULER] 🚀 Schedule started at T=0
execution-manager-grpc  | 
execution-manager-grpc  | [SCHEDULER] 🔄 Entering event loop (NO SLEEP - event-driven!)
execution-manager-grpc  | 
execution-manager-grpc  | [gRPC Client Async] Stream completed, received 1 responses
execution-manager-grpc  | [GRPC THREAD 1] Completed
execution-manager-grpc  | [EPOLL] T=10000 ms: epoll_wait returned 1 event(s)
execution-manager-grpc  | [EPOLL] event[0]: type=0 task=sum1
execution-manager-grpc  | [SCHEDULER] ⏰ T=10000 ms | T_wall=802880747.885 ms: Launching task 1 'sum1' (deadline: 30000 ms)
execution-manager-grpc  | [SCHEDULER] 🕐 Timeout armed for task 1 at T=30000 ms (in 20000 ms)
execution-manager-grpc  | [GRPC THREAD 1] Starting...
execution-manager-grpc  | [EXECUTION MANAGER] ⏱️ T1=802880747.964 ms | Sending gRPC request for task 1 'sum1'
execution-manager-grpc  | [gRPC Channel Pool] Reusing existing channel for localhost:50051 (state=2)
execution-manager-grpc  | [gRPC Client Async] Calling task 'sum1' at localhost:50051
execution-manager-grpc  | [gRPC Client Async] Inputs: {"total_ops": 100, "io_percentage": 75}
execution-manager-grpc  | [gRPC Client Async] Response #1 - Status: COMPLETED
execution-manager-grpc  | 🎉 [T=10138 ms] Task 1 'sum1' COMPLETED
execution-manager-grpc  | [EXECUTION MANAGER] ⏱️ T2=802880748.673 ms | Thread started (server measured)
execution-manager-grpc  | [EXECUTION MANAGER] ⏱️ T3=802880884.910 ms | Task completed (server measured)
execution-manager-grpc  | [EXECUTION MANAGER] ⏱️ T4=802880885.358 ms | Result received by client
execution-manager-grpc  |    [TASK EXECUTION] 136.238 ms (T3-T2, measured in thread)
execution-manager-grpc  |    [RESULT] {"result": 0}
execution-manager-grpc  | 
execution-manager-grpc  | ╔═══════════════════════════════════════════════════════════════╗
execution-manager-grpc  | ║           END-TO-END TIMING MEASUREMENT RECAP                 ║
execution-manager-grpc  | ║                   Task 1: sum1                                 
execution-manager-grpc  | ╠═══════════════════════════════════════════════════════════════╣
execution-manager-grpc  | ║ T1 (start_request)    = 802880747.964 ms                        ║
execution-manager-grpc  | ║ T2 (end_request)      = 802880748.673 ms                        ║
execution-manager-grpc  | ║ T3 (start_result)     = 802880884.910 ms                        ║
execution-manager-grpc  | ║ T4 (end_result)       = 802880885.358 ms                        ║
execution-manager-grpc  | ╠═══════════════════════════════════════════════════════════════╣
execution-manager-grpc  | ║ METRICS:                                                      ║
execution-manager-grpc  | ║   Request Latency    =        0.708 ms  (T2 - T1)            ║
execution-manager-grpc  | ║   Task Execution     =      136.238 ms  (T3 - T2)            ║
execution-manager-grpc  | ║   Response Latency   =        0.448 ms  (T4 - T3)            ║
execution-manager-grpc  | ║   Total End-to-End   =      137.394 ms  (T4 - T1)            ║
execution-manager-grpc  | ║   Network Overhead   =        1.156 ms  (Req + Resp)         ║
execution-manager-grpc  | ╚═══════════════════════════════════════════════════════════════╝
execution-manager-grpc  | 
execution-manager-grpc  | [EPOLL] T=10138 ms: epoll_wait returned 1 event(s)
execution-manager-grpc  | [EPOLL] event[0]: type=2 task=NULL
execution-manager-grpc  | [SCHEDULER] ✅ T=10138 ms: Task 1 'sum1' completed with status 2
execution-manager-grpc  | [SCHEDULER] 🔕 Timeout disarmed for task 1
execution-manager-grpc  | [SCHEDULER] 0 tasks remaining
execution-manager-grpc  | 
execution-manager-grpc  | [SCHEDULER] 🏁 Iteration 13/50 complete!
execution-manager-grpc  | [SCHEDULER] Iteration execution time: 10138 ms
execution-manager-grpc  | 
execution-manager-grpc  | 
execution-manager-grpc  | [SCHEDULER] 🔁 ===== ITERATION 14 / 50 =====
execution-manager-grpc  | 
execution-manager-grpc  | [SCHEDULER] 🚀 Schedule started at T=0
execution-manager-grpc  | 
execution-manager-grpc  | [SCHEDULER] 🔄 Entering event loop (NO SLEEP - event-driven!)
execution-manager-grpc  | 
execution-manager-grpc  | [gRPC Client Async] Stream completed, received 1 responses
execution-manager-grpc  | [GRPC THREAD 1] Completed
execution-manager-grpc  | [EPOLL] T=10000 ms: epoll_wait returned 1 event(s)
execution-manager-grpc  | [EPOLL] event[0]: type=0 task=sum1
execution-manager-grpc  | [SCHEDULER] ⏰ T=10000 ms | T_wall=802890885.477 ms: Launching task 1 'sum1' (deadline: 30000 ms)
execution-manager-grpc  | [SCHEDULER] 🕐 Timeout armed for task 1 at T=30000 ms (in 20000 ms)
execution-manager-grpc  | [GRPC THREAD 1] Starting...
execution-manager-grpc  | [EXECUTION MANAGER] ⏱️ T1=802890885.556 ms | Sending gRPC request for task 1 'sum1'
execution-manager-grpc  | [gRPC Channel Pool] Reusing existing channel for localhost:50051 (state=2)
execution-manager-grpc  | [gRPC Client Async] Calling task 'sum1' at localhost:50051
execution-manager-grpc  | [gRPC Client Async] Inputs: {"total_ops": 100, "io_percentage": 75}
execution-manager-grpc  | [gRPC Client Async] Response #1 - Status: COMPLETED
execution-manager-grpc  | 🎉 [T=10137 ms] Task 1 'sum1' COMPLETED
execution-manager-grpc  | [EXECUTION MANAGER] ⏱️ T2=802890886.126 ms | Thread started (server measured)
execution-manager-grpc  | [EXECUTION MANAGER] ⏱️ T3=802891022.385 ms | Task completed (server measured)
execution-manager-grpc  | [EXECUTION MANAGER] ⏱️ T4=802891022.787 ms | Result received by client
execution-manager-grpc  |    [TASK EXECUTION] 136.260 ms (T3-T2, measured in thread)
execution-manager-grpc  |    [RESULT] {"result": 0}
execution-manager-grpc  | 
execution-manager-grpc  | ╔═══════════════════════════════════════════════════════════════╗
execution-manager-grpc  | ║           END-TO-END TIMING MEASUREMENT RECAP                 ║
execution-manager-grpc  | ║                   Task 1: sum1                                 
execution-manager-grpc  | ╠═══════════════════════════════════════════════════════════════╣
execution-manager-grpc  | ║ T1 (start_request)    = 802890885.556 ms                        ║
execution-manager-grpc  | ║ T2 (end_request)      = 802890886.126 ms                        ║
execution-manager-grpc  | ║ T3 (start_result)     = 802891022.385 ms                        ║
execution-manager-grpc  | ║ T4 (end_result)       = 802891022.787 ms                        ║
execution-manager-grpc  | ╠═══════════════════════════════════════════════════════════════╣
execution-manager-grpc  | ║ METRICS:                                                      ║
execution-manager-grpc  | ║   Request Latency    =        0.569 ms  (T2 - T1)            ║
execution-manager-grpc  | ║   Task Execution     =      136.260 ms  (T3 - T2)            ║
execution-manager-grpc  | ║   Response Latency   =        0.401 ms  (T4 - T3)            ║
execution-manager-grpc  | ║   Total End-to-End   =      137.230 ms  (T4 - T1)            ║
execution-manager-grpc  | ║   Network Overhead   =        0.971 ms  (Req + Resp)         ║
execution-manager-grpc  | ╚═══════════════════════════════════════════════════════════════╝
execution-manager-grpc  | 
execution-manager-grpc  | [EPOLL] T=10137 ms: epoll_wait returned 1 event(s)
execution-manager-grpc  | [EPOLL] event[0]: type=2 task=NULL
execution-manager-grpc  | [SCHEDULER] ✅ T=10137 ms: Task 1 'sum1' completed with status 2
execution-manager-grpc  | [SCHEDULER] 🔕 Timeout disarmed for task 1
execution-manager-grpc  | [SCHEDULER] 0 tasks remaining
execution-manager-grpc  | 
execution-manager-grpc  | [SCHEDULER] 🏁 Iteration 14/50 complete!
execution-manager-grpc  | [SCHEDULER] Iteration execution time: 10137 ms
execution-manager-grpc  | 
execution-manager-grpc  | 
execution-manager-grpc  | [SCHEDULER] 🔁 ===== ITERATION 15 / 50 =====
execution-manager-grpc  | 
execution-manager-grpc  | [SCHEDULER] 🚀 Schedule started at T=0
execution-manager-grpc  | 
execution-manager-grpc  | [SCHEDULER] 🔄 Entering event loop (NO SLEEP - event-driven!)
execution-manager-grpc  | 
execution-manager-grpc  | [gRPC Client Async] Stream completed, received 1 responses
execution-manager-grpc  | [GRPC THREAD 1] Completed
execution-manager-grpc  | [EPOLL] T=10000 ms: epoll_wait returned 1 event(s)
execution-manager-grpc  | [EPOLL] event[0]: type=0 task=sum1
execution-manager-grpc  | [SCHEDULER] ⏰ T=10000 ms | T_wall=802901022.902 ms: Launching task 1 'sum1' (deadline: 30000 ms)
execution-manager-grpc  | [SCHEDULER] 🕐 Timeout armed for task 1 at T=30000 ms (in 20000 ms)
execution-manager-grpc  | [GRPC THREAD 1] Starting...
execution-manager-grpc  | [EXECUTION MANAGER] ⏱️ T1=802901022.979 ms | Sending gRPC request for task 1 'sum1'
execution-manager-grpc  | [gRPC Channel Pool] Reusing existing channel for localhost:50051 (state=2)
execution-manager-grpc  | [gRPC Client Async] Calling task 'sum1' at localhost:50051
execution-manager-grpc  | [gRPC Client Async] Inputs: {"total_ops": 100, "io_percentage": 75}
execution-manager-grpc  | [gRPC Client Async] Response #1 - Status: COMPLETED
execution-manager-grpc  | 🎉 [T=10138 ms] Task 1 'sum1' COMPLETED
execution-manager-grpc  | [EXECUTION MANAGER] ⏱️ T2=802901023.700 ms | Thread started (server measured)
execution-manager-grpc  | [EXECUTION MANAGER] ⏱️ T3=802901159.981 ms | Task completed (server measured)
execution-manager-grpc  | [EXECUTION MANAGER] ⏱️ T4=802901160.414 ms | Result received by client
execution-manager-grpc  |    [TASK EXECUTION] 136.281 ms (T3-T2, measured in thread)
execution-manager-grpc  |    [RESULT] {"result": 0}
execution-manager-grpc  | 
execution-manager-grpc  | ╔═══════════════════════════════════════════════════════════════╗
execution-manager-grpc  | ║           END-TO-END TIMING MEASUREMENT RECAP                 ║
execution-manager-grpc  | ║                   Task 1: sum1                                 
execution-manager-grpc  | ╠═══════════════════════════════════════════════════════════════╣
execution-manager-grpc  | ║ T1 (start_request)    = 802901022.979 ms                        ║
execution-manager-grpc  | ║ T2 (end_request)      = 802901023.700 ms                        ║
execution-manager-grpc  | ║ T3 (start_result)     = 802901159.981 ms                        ║
execution-manager-grpc  | ║ T4 (end_result)       = 802901160.414 ms                        ║
execution-manager-grpc  | ╠═══════════════════════════════════════════════════════════════╣
execution-manager-grpc  | ║ METRICS:                                                      ║
execution-manager-grpc  | ║   Request Latency    =        0.721 ms  (T2 - T1)            ║
execution-manager-grpc  | ║   Task Execution     =      136.281 ms  (T3 - T2)            ║
execution-manager-grpc  | ║   Response Latency   =        0.433 ms  (T4 - T3)            ║
execution-manager-grpc  | ║   Total End-to-End   =      137.435 ms  (T4 - T1)            ║
execution-manager-grpc  | ║   Network Overhead   =        1.154 ms  (Req + Resp)         ║
execution-manager-grpc  | ╚═══════════════════════════════════════════════════════════════╝
execution-manager-grpc  | 
execution-manager-grpc  | [EPOLL] T=10138 ms: epoll_wait returned 1 event(s)
execution-manager-grpc  | [EPOLL] event[0]: type=2 task=NULL
execution-manager-grpc  | [SCHEDULER] ✅ T=10138 ms: Task 1 'sum1' completed with status 2
execution-manager-grpc  | [SCHEDULER] 🔕 Timeout disarmed for task 1
execution-manager-grpc  | [SCHEDULER] 0 tasks remaining
execution-manager-grpc  | 
execution-manager-grpc  | [SCHEDULER] 🏁 Iteration 15/50 complete!
execution-manager-grpc  | [SCHEDULER] Iteration execution time: 10138 ms
execution-manager-grpc  | 
execution-manager-grpc  | 
execution-manager-grpc  | [SCHEDULER] 🔁 ===== ITERATION 16 / 50 =====
execution-manager-grpc  | 
execution-manager-grpc  | [SCHEDULER] 🚀 Schedule started at T=0
execution-manager-grpc  | 
execution-manager-grpc  | [SCHEDULER] 🔄 Entering event loop (NO SLEEP - event-driven!)
execution-manager-grpc  | 
execution-manager-grpc  | [gRPC Client Async] Stream completed, received 1 responses
execution-manager-grpc  | [GRPC THREAD 1] Completed
execution-manager-grpc  | [EPOLL] T=10000 ms: epoll_wait returned 1 event(s)
execution-manager-grpc  | [EPOLL] event[0]: type=0 task=sum1
execution-manager-grpc  | [SCHEDULER] ⏰ T=10000 ms | T_wall=802911160.517 ms: Launching task 1 'sum1' (deadline: 30000 ms)
execution-manager-grpc  | [SCHEDULER] 🕐 Timeout armed for task 1 at T=30000 ms (in 20000 ms)
execution-manager-grpc  | [GRPC THREAD 1] Starting...
execution-manager-grpc  | [EXECUTION MANAGER] ⏱️ T1=802911160.598 ms | Sending gRPC request for task 1 'sum1'
execution-manager-grpc  | [gRPC Channel Pool] Reusing existing channel for localhost:50051 (state=2)
execution-manager-grpc  | [gRPC Client Async] Calling task 'sum1' at localhost:50051
execution-manager-grpc  | [gRPC Client Async] Inputs: {"total_ops": 100, "io_percentage": 75}
execution-manager-grpc  | [gRPC Client Async] Response #1 - Status: COMPLETED
execution-manager-grpc  | 🎉 [T=10137 ms] Task 1 'sum1' COMPLETED
execution-manager-grpc  | [EXECUTION MANAGER] ⏱️ T2=802911161.186 ms | Thread started (server measured)
execution-manager-grpc  | [EXECUTION MANAGER] ⏱️ T3=802911297.514 ms | Task completed (server measured)
execution-manager-grpc  | [EXECUTION MANAGER] ⏱️ T4=802911297.921 ms | Result received by client
execution-manager-grpc  |    [TASK EXECUTION] 136.328 ms (T3-T2, measured in thread)
execution-manager-grpc  |    [RESULT] {"result": 0}
execution-manager-grpc  | 
execution-manager-grpc  | ╔═══════════════════════════════════════════════════════════════╗
execution-manager-grpc  | ║           END-TO-END TIMING MEASUREMENT RECAP                 ║
execution-manager-grpc  | ║                   Task 1: sum1                                 
execution-manager-grpc  | ╠═══════════════════════════════════════════════════════════════╣
execution-manager-grpc  | ║ T1 (start_request)    = 802911160.598 ms                        ║
execution-manager-grpc  | ║ T2 (end_request)      = 802911161.186 ms                        ║
execution-manager-grpc  | ║ T3 (start_result)     = 802911297.514 ms                        ║
execution-manager-grpc  | ║ T4 (end_result)       = 802911297.921 ms                        ║
execution-manager-grpc  | ╠═══════════════════════════════════════════════════════════════╣
execution-manager-grpc  | ║ METRICS:                                                      ║
execution-manager-grpc  | ║   Request Latency    =        0.588 ms  (T2 - T1)            ║
execution-manager-grpc  | ║   Task Execution     =      136.328 ms  (T3 - T2)            ║
execution-manager-grpc  | ║   Response Latency   =        0.407 ms  (T4 - T3)            ║
execution-manager-grpc  | ║   Total End-to-End   =      137.324 ms  (T4 - T1)            ║
execution-manager-grpc  | ║   Network Overhead   =        0.995 ms  (Req + Resp)         ║
execution-manager-grpc  | ╚═══════════════════════════════════════════════════════════════╝
execution-manager-grpc  | 
execution-manager-grpc  | [EPOLL] T=10137 ms: epoll_wait returned 1 event(s)
execution-manager-grpc  | [EPOLL] event[0]: type=2 task=NULL
execution-manager-grpc  | [SCHEDULER] ✅ T=10137 ms: Task 1 'sum1' completed with status 2
execution-manager-grpc  | [SCHEDULER] 🔕 Timeout disarmed for task 1
execution-manager-grpc  | [SCHEDULER] 0 tasks remaining
execution-manager-grpc  | 
execution-manager-grpc  | [SCHEDULER] 🏁 Iteration 16/50 complete!
execution-manager-grpc  | [SCHEDULER] Iteration execution time: 10137 ms
execution-manager-grpc  | 
execution-manager-grpc  | 
execution-manager-grpc  | [SCHEDULER] 🔁 ===== ITERATION 17 / 50 =====
execution-manager-grpc  | 
execution-manager-grpc  | [SCHEDULER] 🚀 Schedule started at T=0
execution-manager-grpc  | 
execution-manager-grpc  | [SCHEDULER] 🔄 Entering event loop (NO SLEEP - event-driven!)
execution-manager-grpc  | 
execution-manager-grpc  | [gRPC Client Async] Stream completed, received 1 responses
execution-manager-grpc  | [GRPC THREAD 1] Completed
execution-manager-grpc  | [EPOLL] T=10001 ms: epoll_wait returned 1 event(s)
execution-manager-grpc  | [EPOLL] event[0]: type=0 task=sum1
execution-manager-grpc  | [SCHEDULER] ⏰ T=10001 ms | T_wall=802921298.023 ms: Launching task 1 'sum1' (deadline: 30000 ms)
execution-manager-grpc  | [SCHEDULER] 🕐 Timeout armed for task 1 at T=30000 ms (in 19999 ms)
execution-manager-grpc  | [GRPC THREAD 1] Starting...
execution-manager-grpc  | [EXECUTION MANAGER] ⏱️ T1=802921298.130 ms | Sending gRPC request for task 1 'sum1'
execution-manager-grpc  | [gRPC Channel Pool] Reusing existing channel for localhost:50051 (state=2)
execution-manager-grpc  | [gRPC Client Async] Calling task 'sum1' at localhost:50051
execution-manager-grpc  | [gRPC Client Async] Inputs: {"total_ops": 100, "io_percentage": 75}
execution-manager-grpc  | [gRPC Client Async] Response #1 - Status: COMPLETED
execution-manager-grpc  | 🎉 [T=10138 ms] Task 1 'sum1' COMPLETED
execution-manager-grpc  | [EXECUTION MANAGER] ⏱️ T2=802921298.810 ms | Thread started (server measured)
execution-manager-grpc  | [EXECUTION MANAGER] ⏱️ T3=802921435.155 ms | Task completed (server measured)
execution-manager-grpc  | [EXECUTION MANAGER] ⏱️ T4=802921435.627 ms | Result received by client
execution-manager-grpc  |    [TASK EXECUTION] 136.344 ms (T3-T2, measured in thread)
execution-manager-grpc  |    [RESULT] {"result": 0}
execution-manager-grpc  | 
execution-manager-grpc  | ╔═══════════════════════════════════════════════════════════════╗
execution-manager-grpc  | ║           END-TO-END TIMING MEASUREMENT RECAP                 ║
execution-manager-grpc  | ║                   Task 1: sum1                                 
execution-manager-grpc  | ╠═══════════════════════════════════════════════════════════════╣
execution-manager-grpc  | ║ T1 (start_request)    = 802921298.130 ms                        ║
execution-manager-grpc  | ║ T2 (end_request)      = 802921298.810 ms                        ║
execution-manager-grpc  | ║ T3 (start_result)     = 802921435.155 ms                        ║
execution-manager-grpc  | ║ T4 (end_result)       = 802921435.627 ms                        ║
execution-manager-grpc  | ╠═══════════════════════════════════════════════════════════════╣
execution-manager-grpc  | ║ METRICS:                                                      ║
execution-manager-grpc  | ║   Request Latency    =        0.680 ms  (T2 - T1)            ║
execution-manager-grpc  | ║   Task Execution     =      136.344 ms  (T3 - T2)            ║
execution-manager-grpc  | ║   Response Latency   =        0.472 ms  (T4 - T3)            ║
execution-manager-grpc  | ║   Total End-to-End   =      137.497 ms  (T4 - T1)            ║
execution-manager-grpc  | ║   Network Overhead   =        1.153 ms  (Req + Resp)         ║
execution-manager-grpc  | ╚═══════════════════════════════════════════════════════════════╝
execution-manager-grpc  | 
execution-manager-grpc  | [EPOLL] T=10138 ms: epoll_wait returned 1 event(s)
execution-manager-grpc  | [EPOLL] event[0]: type=2 task=NULL
execution-manager-grpc  | [SCHEDULER] ✅ T=10138 ms: Task 1 'sum1' completed with status 2
execution-manager-grpc  | [SCHEDULER] 🔕 Timeout disarmed for task 1
execution-manager-grpc  | [SCHEDULER] 0 tasks remaining
execution-manager-grpc  | 
execution-manager-grpc  | [SCHEDULER] 🏁 Iteration 17/50 complete!
execution-manager-grpc  | [SCHEDULER] Iteration execution time: 10138 ms
execution-manager-grpc  | 
execution-manager-grpc  | 
execution-manager-grpc  | [SCHEDULER] 🔁 ===== ITERATION 18 / 50 =====
execution-manager-grpc  | 
execution-manager-grpc  | [SCHEDULER] 🚀 Schedule started at T=0
execution-manager-grpc  | 
execution-manager-grpc  | [SCHEDULER] 🔄 Entering event loop (NO SLEEP - event-driven!)
execution-manager-grpc  | 
execution-manager-grpc  | [gRPC Client Async] Stream completed, received 1 responses
execution-manager-grpc  | [GRPC THREAD 1] Completed
execution-manager-grpc  | [EPOLL] T=10000 ms: epoll_wait returned 1 event(s)
execution-manager-grpc  | [EPOLL] event[0]: type=0 task=sum1
execution-manager-grpc  | [SCHEDULER] ⏰ T=10000 ms | T_wall=802931435.744 ms: Launching task 1 'sum1' (deadline: 30000 ms)
execution-manager-grpc  | [SCHEDULER] 🕐 Timeout armed for task 1 at T=30000 ms (in 20000 ms)
execution-manager-grpc  | [GRPC THREAD 1] Starting...
execution-manager-grpc  | [EXECUTION MANAGER] ⏱️ T1=802931435.832 ms | Sending gRPC request for task 1 'sum1'
execution-manager-grpc  | [gRPC Channel Pool] Reusing existing channel for localhost:50051 (state=2)
execution-manager-grpc  | [gRPC Client Async] Calling task 'sum1' at localhost:50051
execution-manager-grpc  | [gRPC Client Async] Inputs: {"total_ops": 100, "io_percentage": 75}
execution-manager-grpc  | [gRPC Client Async] Response #1 - Status: COMPLETED
execution-manager-grpc  | 🎉 [T=10138 ms] Task 1 'sum1' COMPLETED
execution-manager-grpc  | [EXECUTION MANAGER] ⏱️ T2=802931436.404 ms | Thread started (server measured)
execution-manager-grpc  | [EXECUTION MANAGER] ⏱️ T3=802931572.781 ms | Task completed (server measured)
execution-manager-grpc  | [EXECUTION MANAGER] ⏱️ T4=802931573.161 ms | Result received by client
execution-manager-grpc  |    [TASK EXECUTION] 136.377 ms (T3-T2, measured in thread)
execution-manager-grpc  |    [RESULT] {"result": 0}
execution-manager-grpc  | 
execution-manager-grpc  | ╔═══════════════════════════════════════════════════════════════╗
execution-manager-grpc  | ║           END-TO-END TIMING MEASUREMENT RECAP                 ║
execution-manager-grpc  | ║                   Task 1: sum1                                 
execution-manager-grpc  | ╠═══════════════════════════════════════════════════════════════╣
execution-manager-grpc  | ║ T1 (start_request)    = 802931435.832 ms                        ║
execution-manager-grpc  | ║ T2 (end_request)      = 802931436.404 ms                        ║
execution-manager-grpc  | ║ T3 (start_result)     = 802931572.781 ms                        ║
execution-manager-grpc  | ║ T4 (end_result)       = 802931573.161 ms                        ║
execution-manager-grpc  | ╠═══════════════════════════════════════════════════════════════╣
execution-manager-grpc  | ║ METRICS:                                                      ║
execution-manager-grpc  | ║   Request Latency    =        0.572 ms  (T2 - T1)            ║
execution-manager-grpc  | ║   Task Execution     =      136.377 ms  (T3 - T2)            ║
execution-manager-grpc  | ║   Response Latency   =        0.380 ms  (T4 - T3)            ║
execution-manager-grpc  | ║   Total End-to-End   =      137.329 ms  (T4 - T1)            ║
execution-manager-grpc  | ║   Network Overhead   =        0.952 ms  (Req + Resp)         ║
execution-manager-grpc  | ╚═══════════════════════════════════════════════════════════════╝
execution-manager-grpc  | 
execution-manager-grpc  | [EPOLL] T=10138 ms: epoll_wait returned 1 event(s)
execution-manager-grpc  | [EPOLL] event[0]: type=2 task=NULL
execution-manager-grpc  | [SCHEDULER] ✅ T=10138 ms: Task 1 'sum1' completed with status 2
execution-manager-grpc  | [SCHEDULER] 🔕 Timeout disarmed for task 1
execution-manager-grpc  | [SCHEDULER] 0 tasks remaining
execution-manager-grpc  | 
execution-manager-grpc  | [SCHEDULER] 🏁 Iteration 18/50 complete!
execution-manager-grpc  | [SCHEDULER] Iteration execution time: 10138 ms
execution-manager-grpc  | 
execution-manager-grpc  | 
execution-manager-grpc  | [SCHEDULER] 🔁 ===== ITERATION 19 / 50 =====
execution-manager-grpc  | 
execution-manager-grpc  | [SCHEDULER] 🚀 Schedule started at T=0
execution-manager-grpc  | 
execution-manager-grpc  | [SCHEDULER] 🔄 Entering event loop (NO SLEEP - event-driven!)
execution-manager-grpc  | 
execution-manager-grpc  | [gRPC Client Async] Stream completed, received 1 responses
execution-manager-grpc  | [GRPC THREAD 1] Completed
execution-manager-grpc  | [EPOLL] T=10000 ms: epoll_wait returned 1 event(s)
execution-manager-grpc  | [EPOLL] event[0]: type=0 task=sum1
execution-manager-grpc  | [SCHEDULER] ⏰ T=10000 ms | T_wall=802941573.275 ms: Launching task 1 'sum1' (deadline: 30000 ms)
execution-manager-grpc  | [SCHEDULER] 🕐 Timeout armed for task 1 at T=30000 ms (in 20000 ms)
execution-manager-grpc  | [GRPC THREAD 1] Starting...
execution-manager-grpc  | [EXECUTION MANAGER] ⏱️ T1=802941573.361 ms | Sending gRPC request for task 1 'sum1'
execution-manager-grpc  | [gRPC Channel Pool] Reusing existing channel for localhost:50051 (state=2)
execution-manager-grpc  | [gRPC Client Async] Calling task 'sum1' at localhost:50051
execution-manager-grpc  | [gRPC Client Async] Inputs: {"total_ops": 100, "io_percentage": 75}
execution-manager-grpc  | [gRPC Client Async] Response #1 - Status: COMPLETED
execution-manager-grpc  | 🎉 [T=10137 ms] Task 1 'sum1' COMPLETED
execution-manager-grpc  | [EXECUTION MANAGER] ⏱️ T2=802941573.899 ms | Thread started (server measured)
execution-manager-grpc  | [EXECUTION MANAGER] ⏱️ T3=802941710.257 ms | Task completed (server measured)
execution-manager-grpc  | [EXECUTION MANAGER] ⏱️ T4=802941710.629 ms | Result received by client
execution-manager-grpc  |    [TASK EXECUTION] 136.357 ms (T3-T2, measured in thread)
execution-manager-grpc  |    [RESULT] {"result": 0}
execution-manager-grpc  | 
execution-manager-grpc  | ╔═══════════════════════════════════════════════════════════════╗
execution-manager-grpc  | ║           END-TO-END TIMING MEASUREMENT RECAP                 ║
execution-manager-grpc  | ║                   Task 1: sum1                                 
execution-manager-grpc  | ╠═══════════════════════════════════════════════════════════════╣
execution-manager-grpc  | ║ T1 (start_request)    = 802941573.361 ms                        ║
execution-manager-grpc  | ║ T2 (end_request)      = 802941573.899 ms                        ║
execution-manager-grpc  | ║ T3 (start_result)     = 802941710.257 ms                        ║
execution-manager-grpc  | ║ T4 (end_result)       = 802941710.629 ms                        ║
execution-manager-grpc  | ╠═══════════════════════════════════════════════════════════════╣
execution-manager-grpc  | ║ METRICS:                                                      ║
execution-manager-grpc  | ║   Request Latency    =        0.539 ms  (T2 - T1)            ║
execution-manager-grpc  | ║   Task Execution     =      136.357 ms  (T3 - T2)            ║
execution-manager-grpc  | ║   Response Latency   =        0.372 ms  (T4 - T3)            ║
execution-manager-grpc  | ║   Total End-to-End   =      137.268 ms  (T4 - T1)            ║
execution-manager-grpc  | ║   Network Overhead   =        0.911 ms  (Req + Resp)         ║
execution-manager-grpc  | ╚═══════════════════════════════════════════════════════════════╝
execution-manager-grpc  | 
execution-manager-grpc  | [EPOLL] T=10137 ms: epoll_wait returned 1 event(s)
execution-manager-grpc  | [EPOLL] event[0]: type=2 task=NULL
execution-manager-grpc  | [SCHEDULER] ✅ T=10137 ms: Task 1 'sum1' completed with status 2
execution-manager-grpc  | [SCHEDULER] 🔕 Timeout disarmed for task 1
execution-manager-grpc  | [SCHEDULER] 0 tasks remaining
execution-manager-grpc  | 
execution-manager-grpc  | [SCHEDULER] 🏁 Iteration 19/50 complete!
execution-manager-grpc  | [SCHEDULER] Iteration execution time: 10137 ms
execution-manager-grpc  | 
execution-manager-grpc  | 
execution-manager-grpc  | [SCHEDULER] 🔁 ===== ITERATION 20 / 50 =====
execution-manager-grpc  | 
execution-manager-grpc  | [SCHEDULER] 🚀 Schedule started at T=0
execution-manager-grpc  | 
execution-manager-grpc  | [SCHEDULER] 🔄 Entering event loop (NO SLEEP - event-driven!)
execution-manager-grpc  | 
execution-manager-grpc  | [gRPC Client Async] Stream completed, received 1 responses
execution-manager-grpc  | [GRPC THREAD 1] Completed
execution-manager-grpc  | [EPOLL] T=10000 ms: epoll_wait returned 1 event(s)
execution-manager-grpc  | [EPOLL] event[0]: type=0 task=sum1
execution-manager-grpc  | [SCHEDULER] ⏰ T=10000 ms | T_wall=802951710.749 ms: Launching task 1 'sum1' (deadline: 30000 ms)
execution-manager-grpc  | [SCHEDULER] 🕐 Timeout armed for task 1 at T=30000 ms (in 20000 ms)
execution-manager-grpc  | [GRPC THREAD 1] Starting...
execution-manager-grpc  | [EXECUTION MANAGER] ⏱️ T1=802951710.834 ms | Sending gRPC request for task 1 'sum1'
execution-manager-grpc  | [gRPC Channel Pool] Reusing existing channel for localhost:50051 (state=2)
execution-manager-grpc  | [gRPC Client Async] Calling task 'sum1' at localhost:50051
execution-manager-grpc  | [gRPC Client Async] Inputs: {"total_ops": 100, "io_percentage": 75}
execution-manager-grpc  | [gRPC Client Async] Response #1 - Status: COMPLETED
execution-manager-grpc  | 🎉 [T=10138 ms] Task 1 'sum1' COMPLETED
execution-manager-grpc  | [EXECUTION MANAGER] ⏱️ T2=802951711.475 ms | Thread started (server measured)
execution-manager-grpc  | [EXECUTION MANAGER] ⏱️ T3=802951847.898 ms | Task completed (server measured)
execution-manager-grpc  | [EXECUTION MANAGER] ⏱️ T4=802951848.360 ms | Result received by client
execution-manager-grpc  |    [TASK EXECUTION] 136.423 ms (T3-T2, measured in thread)
execution-manager-grpc  |    [RESULT] {"result": 0}
execution-manager-grpc  | 
execution-manager-grpc  | ╔═══════════════════════════════════════════════════════════════╗
execution-manager-grpc  | ║           END-TO-END TIMING MEASUREMENT RECAP                 ║
execution-manager-grpc  | ║                   Task 1: sum1                                 
execution-manager-grpc  | ╠═══════════════════════════════════════════════════════════════╣
execution-manager-grpc  | ║ T1 (start_request)    = 802951710.834 ms                        ║
execution-manager-grpc  | ║ T2 (end_request)      = 802951711.475 ms                        ║
execution-manager-grpc  | ║ T3 (start_result)     = 802951847.898 ms                        ║
execution-manager-grpc  | ║ T4 (end_result)       = 802951848.360 ms                        ║
execution-manager-grpc  | ╠═══════════════════════════════════════════════════════════════╣
execution-manager-grpc  | ║ METRICS:                                                      ║
execution-manager-grpc  | ║   Request Latency    =        0.641 ms  (T2 - T1)            ║
execution-manager-grpc  | ║   Task Execution     =      136.423 ms  (T3 - T2)            ║
execution-manager-grpc  | ║   Response Latency   =        0.461 ms  (T4 - T3)            ║
execution-manager-grpc  | ║   Total End-to-End   =      137.526 ms  (T4 - T1)            ║
execution-manager-grpc  | ║   Network Overhead   =        1.103 ms  (Req + Resp)         ║
execution-manager-grpc  | ╚═══════════════════════════════════════════════════════════════╝
execution-manager-grpc  | 
execution-manager-grpc  | [EPOLL] T=10138 ms: epoll_wait returned 1 event(s)
execution-manager-grpc  | [EPOLL] event[0]: type=2 task=NULL
execution-manager-grpc  | [SCHEDULER] ✅ T=10138 ms: Task 1 'sum1' completed with status 2
execution-manager-grpc  | [SCHEDULER] 🔕 Timeout disarmed for task 1
execution-manager-grpc  | [SCHEDULER] 0 tasks remaining
execution-manager-grpc  | 
execution-manager-grpc  | [SCHEDULER] 🏁 Iteration 20/50 complete!
execution-manager-grpc  | [SCHEDULER] Iteration execution time: 10138 ms
execution-manager-grpc  | 
execution-manager-grpc  | 
execution-manager-grpc  | [SCHEDULER] 🔁 ===== ITERATION 21 / 50 =====
execution-manager-grpc  | 
execution-manager-grpc  | [SCHEDULER] 🚀 Schedule started at T=0
execution-manager-grpc  | 
execution-manager-grpc  | [SCHEDULER] 🔄 Entering event loop (NO SLEEP - event-driven!)
execution-manager-grpc  | 
execution-manager-grpc  | [gRPC Client Async] Stream completed, received 1 responses
execution-manager-grpc  | [GRPC THREAD 1] Completed
execution-manager-grpc  | [EPOLL] T=10000 ms: epoll_wait returned 1 event(s)
execution-manager-grpc  | [EPOLL] event[0]: type=0 task=sum1
execution-manager-grpc  | [SCHEDULER] ⏰ T=10000 ms | T_wall=802961848.465 ms: Launching task 1 'sum1' (deadline: 30000 ms)
execution-manager-grpc  | [SCHEDULER] 🕐 Timeout armed for task 1 at T=30000 ms (in 20000 ms)
execution-manager-grpc  | [GRPC THREAD 1] Starting...
execution-manager-grpc  | [EXECUTION MANAGER] ⏱️ T1=802961848.537 ms | Sending gRPC request for task 1 'sum1'
execution-manager-grpc  | [gRPC Channel Pool] Reusing existing channel for localhost:50051 (state=2)
execution-manager-grpc  | [gRPC Client Async] Calling task 'sum1' at localhost:50051
execution-manager-grpc  | [gRPC Client Async] Inputs: {"total_ops": 100, "io_percentage": 75}
execution-manager-grpc  | [gRPC Client Async] Response #1 - Status: COMPLETED
execution-manager-grpc  | 🎉 [T=10137 ms] Task 1 'sum1' COMPLETED
execution-manager-grpc  | [EXECUTION MANAGER] ⏱️ T2=802961849.075 ms | Thread started (server measured)
execution-manager-grpc  | [EXECUTION MANAGER] ⏱️ T3=802961985.546 ms | Task completed (server measured)
execution-manager-grpc  | [EXECUTION MANAGER] ⏱️ T4=802961985.922 ms | Result received by client
execution-manager-grpc  |    [TASK EXECUTION] 136.470 ms (T3-T2, measured in thread)
execution-manager-grpc  |    [RESULT] {"result": 0}
execution-manager-grpc  | 
execution-manager-grpc  | ╔═══════════════════════════════════════════════════════════════╗
execution-manager-grpc  | ║           END-TO-END TIMING MEASUREMENT RECAP                 ║
execution-manager-grpc  | ║                   Task 1: sum1                                 
execution-manager-grpc  | ╠═══════════════════════════════════════════════════════════════╣
execution-manager-grpc  | ║ T1 (start_request)    = 802961848.537 ms                        ║
execution-manager-grpc  | ║ T2 (end_request)      = 802961849.075 ms                        ║
execution-manager-grpc  | ║ T3 (start_result)     = 802961985.546 ms                        ║
execution-manager-grpc  | ║ T4 (end_result)       = 802961985.922 ms                        ║
execution-manager-grpc  | ╠═══════════════════════════════════════════════════════════════╣
execution-manager-grpc  | ║ METRICS:                                                      ║
execution-manager-grpc  | ║   Request Latency    =        0.538 ms  (T2 - T1)            ║
execution-manager-grpc  | ║   Task Execution     =      136.470 ms  (T3 - T2)            ║
execution-manager-grpc  | ║   Response Latency   =        0.376 ms  (T4 - T3)            ║
execution-manager-grpc  | ║   Total End-to-End   =      137.385 ms  (T4 - T1)            ║
execution-manager-grpc  | ║   Network Overhead   =        0.915 ms  (Req + Resp)         ║
execution-manager-grpc  | ╚═══════════════════════════════════════════════════════════════╝
execution-manager-grpc  | 
execution-manager-grpc  | [EPOLL] T=10137 ms: epoll_wait returned 1 event(s)
execution-manager-grpc  | [EPOLL] event[0]: type=2 task=NULL
execution-manager-grpc  | [SCHEDULER] ✅ T=10137 ms: Task 1 'sum1' completed with status 2
execution-manager-grpc  | [SCHEDULER] 🔕 Timeout disarmed for task 1
execution-manager-grpc  | [SCHEDULER] 0 tasks remaining
execution-manager-grpc  | 
execution-manager-grpc  | [SCHEDULER] 🏁 Iteration 21/50 complete!
execution-manager-grpc  | [SCHEDULER] Iteration execution time: 10137 ms
execution-manager-grpc  | 
execution-manager-grpc  | 
execution-manager-grpc  | [SCHEDULER] 🔁 ===== ITERATION 22 / 50 =====
execution-manager-grpc  | 
execution-manager-grpc  | [SCHEDULER] 🚀 Schedule started at T=0
execution-manager-grpc  | 
execution-manager-grpc  | [SCHEDULER] 🔄 Entering event loop (NO SLEEP - event-driven!)
execution-manager-grpc  | 
execution-manager-grpc  | [gRPC Client Async] Stream completed, received 1 responses
execution-manager-grpc  | [GRPC THREAD 1] Completed
execution-manager-grpc  | [EPOLL] T=10001 ms: epoll_wait returned 1 event(s)
execution-manager-grpc  | [EPOLL] event[0]: type=0 task=sum1
execution-manager-grpc  | [SCHEDULER] ⏰ T=10001 ms | T_wall=802971986.117 ms: Launching task 1 'sum1' (deadline: 30000 ms)
execution-manager-grpc  | [SCHEDULER] 🕐 Timeout armed for task 1 at T=30000 ms (in 19999 ms)
execution-manager-grpc  | [GRPC THREAD 1] Starting...
execution-manager-grpc  | [EXECUTION MANAGER] ⏱️ T1=802971986.189 ms | Sending gRPC request for task 1 'sum1'
execution-manager-grpc  | [gRPC Channel Pool] Reusing existing channel for localhost:50051 (state=2)
execution-manager-grpc  | [gRPC Client Async] Calling task 'sum1' at localhost:50051
execution-manager-grpc  | [gRPC Client Async] Inputs: {"total_ops": 100, "io_percentage": 75}
execution-manager-grpc  | [gRPC Client Async] Response #1 - Status: COMPLETED
execution-manager-grpc  | 🎉 [T=10138 ms] Task 1 'sum1' COMPLETED
execution-manager-grpc  | [EXECUTION MANAGER] ⏱️ T2=802971986.742 ms | Thread started (server measured)
execution-manager-grpc  | [EXECUTION MANAGER] ⏱️ T3=802972123.118 ms | Task completed (server measured)
execution-manager-grpc  | [EXECUTION MANAGER] ⏱️ T4=802972123.534 ms | Result received by client
execution-manager-grpc  |    [TASK EXECUTION] 136.376 ms (T3-T2, measured in thread)
execution-manager-grpc  |    [RESULT] {"result": 0}
execution-manager-grpc  | 
execution-manager-grpc  | ╔═══════════════════════════════════════════════════════════════╗
execution-manager-grpc  | ║           END-TO-END TIMING MEASUREMENT RECAP                 ║
execution-manager-grpc  | ║                   Task 1: sum1                                 
execution-manager-grpc  | ╠═══════════════════════════════════════════════════════════════╣
execution-manager-grpc  | ║ T1 (start_request)    = 802971986.189 ms                        ║
execution-manager-grpc  | ║ T2 (end_request)      = 802971986.742 ms                        ║
execution-manager-grpc  | ║ T3 (start_result)     = 802972123.118 ms                        ║
execution-manager-grpc  | ║ T4 (end_result)       = 802972123.534 ms                        ║
execution-manager-grpc  | ╠═══════════════════════════════════════════════════════════════╣
execution-manager-grpc  | ║ METRICS:                                                      ║
execution-manager-grpc  | ║   Request Latency    =        0.553 ms  (T2 - T1)            ║
execution-manager-grpc  | ║   Task Execution     =      136.376 ms  (T3 - T2)            ║
execution-manager-grpc  | ║   Response Latency   =        0.416 ms  (T4 - T3)            ║
execution-manager-grpc  | ║   Total End-to-End   =      137.345 ms  (T4 - T1)            ║
execution-manager-grpc  | ║   Network Overhead   =        0.969 ms  (Req + Resp)         ║
execution-manager-grpc  | ╚═══════════════════════════════════════════════════════════════╝
execution-manager-grpc  | 
execution-manager-grpc  | [EPOLL] T=10138 ms: epoll_wait returned 1 event(s)
execution-manager-grpc  | [EPOLL] event[0]: type=2 task=NULL
execution-manager-grpc  | [SCHEDULER] ✅ T=10138 ms: Task 1 'sum1' completed with status 2
execution-manager-grpc  | [SCHEDULER] 🔕 Timeout disarmed for task 1
execution-manager-grpc  | [SCHEDULER] 0 tasks remaining
execution-manager-grpc  | 
execution-manager-grpc  | [SCHEDULER] 🏁 Iteration 22/50 complete!
execution-manager-grpc  | [SCHEDULER] Iteration execution time: 10138 ms
execution-manager-grpc  | 
execution-manager-grpc  | 
execution-manager-grpc  | [SCHEDULER] 🔁 ===== ITERATION 23 / 50 =====
execution-manager-grpc  | 
execution-manager-grpc  | [SCHEDULER] 🚀 Schedule started at T=0
execution-manager-grpc  | 
execution-manager-grpc  | [SCHEDULER] 🔄 Entering event loop (NO SLEEP - event-driven!)
execution-manager-grpc  | 
execution-manager-grpc  | [gRPC Client Async] Stream completed, received 1 responses
execution-manager-grpc  | [GRPC THREAD 1] Completed
execution-manager-grpc  | [EPOLL] T=10000 ms: epoll_wait returned 1 event(s)
execution-manager-grpc  | [EPOLL] event[0]: type=0 task=sum1
execution-manager-grpc  | [SCHEDULER] ⏰ T=10000 ms | T_wall=802982123.650 ms: Launching task 1 'sum1' (deadline: 30000 ms)
execution-manager-grpc  | [SCHEDULER] 🕐 Timeout armed for task 1 at T=30000 ms (in 20000 ms)
execution-manager-grpc  | [GRPC THREAD 1] Starting...
execution-manager-grpc  | [EXECUTION MANAGER] ⏱️ T1=802982123.729 ms | Sending gRPC request for task 1 'sum1'
execution-manager-grpc  | [gRPC Channel Pool] Reusing existing channel for localhost:50051 (state=2)
execution-manager-grpc  | [gRPC Client Async] Calling task 'sum1' at localhost:50051
execution-manager-grpc  | [gRPC Client Async] Inputs: {"total_ops": 100, "io_percentage": 75}
execution-manager-grpc  | [gRPC Client Async] Response #1 - Status: COMPLETED
execution-manager-grpc  | 🎉 [T=10138 ms] Task 1 'sum1' COMPLETED
execution-manager-grpc  | [EXECUTION MANAGER] ⏱️ T2=802982124.271 ms | Thread started (server measured)
execution-manager-grpc  | [EXECUTION MANAGER] ⏱️ T3=802982260.796 ms | Task completed (server measured)
execution-manager-grpc  | [EXECUTION MANAGER] ⏱️ T4=802982261.205 ms | Result received by client
execution-manager-grpc  |    [TASK EXECUTION] 136.525 ms (T3-T2, measured in thread)
execution-manager-grpc  |    [RESULT] {"result": 0}
execution-manager-grpc  | 
execution-manager-grpc  | ╔═══════════════════════════════════════════════════════════════╗
execution-manager-grpc  | ║           END-TO-END TIMING MEASUREMENT RECAP                 ║
execution-manager-grpc  | ║                   Task 1: sum1                                 
execution-manager-grpc  | ╠═══════════════════════════════════════════════════════════════╣
execution-manager-grpc  | ║ T1 (start_request)    = 802982123.729 ms                        ║
execution-manager-grpc  | ║ T2 (end_request)      = 802982124.271 ms                        ║
execution-manager-grpc  | ║ T3 (start_result)     = 802982260.796 ms                        ║
execution-manager-grpc  | ║ T4 (end_result)       = 802982261.205 ms                        ║
execution-manager-grpc  | ╠═══════════════════════════════════════════════════════════════╣
execution-manager-grpc  | ║ METRICS:                                                      ║
execution-manager-grpc  | ║   Request Latency    =        0.542 ms  (T2 - T1)            ║
execution-manager-grpc  | ║   Task Execution     =      136.525 ms  (T3 - T2)            ║
execution-manager-grpc  | ║   Response Latency   =        0.409 ms  (T4 - T3)            ║
execution-manager-grpc  | ║   Total End-to-End   =      137.476 ms  (T4 - T1)            ║
execution-manager-grpc  | ║   Network Overhead   =        0.951 ms  (Req + Resp)         ║
execution-manager-grpc  | ╚═══════════════════════════════════════════════════════════════╝
execution-manager-grpc  | 
execution-manager-grpc  | [EPOLL] T=10138 ms: epoll_wait returned 1 event(s)
execution-manager-grpc  | [EPOLL] event[0]: type=2 task=NULL
execution-manager-grpc  | [SCHEDULER] ✅ T=10138 ms: Task 1 'sum1' completed with status 2
execution-manager-grpc  | [SCHEDULER] 🔕 Timeout disarmed for task 1
execution-manager-grpc  | [SCHEDULER] 0 tasks remaining
execution-manager-grpc  | 
execution-manager-grpc  | [SCHEDULER] 🏁 Iteration 23/50 complete!
execution-manager-grpc  | [SCHEDULER] Iteration execution time: 10138 ms
execution-manager-grpc  | 
execution-manager-grpc  | 
execution-manager-grpc  | [SCHEDULER] 🔁 ===== ITERATION 24 / 50 =====
execution-manager-grpc  | 
execution-manager-grpc  | [SCHEDULER] 🚀 Schedule started at T=0
execution-manager-grpc  | 
execution-manager-grpc  | [SCHEDULER] 🔄 Entering event loop (NO SLEEP - event-driven!)
execution-manager-grpc  | 
execution-manager-grpc  | [gRPC Client Async] Stream completed, received 1 responses
execution-manager-grpc  | [GRPC THREAD 1] Completed
execution-manager-grpc  | [EPOLL] T=10000 ms: epoll_wait returned 1 event(s)
execution-manager-grpc  | [EPOLL] event[0]: type=0 task=sum1
execution-manager-grpc  | [SCHEDULER] ⏰ T=10000 ms | T_wall=802992261.324 ms: Launching task 1 'sum1' (deadline: 30000 ms)
execution-manager-grpc  | [SCHEDULER] 🕐 Timeout armed for task 1 at T=30000 ms (in 20000 ms)
execution-manager-grpc  | [GRPC THREAD 1] Starting...
execution-manager-grpc  | [EXECUTION MANAGER] ⏱️ T1=802992261.400 ms | Sending gRPC request for task 1 'sum1'
execution-manager-grpc  | [gRPC Channel Pool] Reusing existing channel for localhost:50051 (state=2)
execution-manager-grpc  | [gRPC Client Async] Calling task 'sum1' at localhost:50051
execution-manager-grpc  | [gRPC Client Async] Inputs: {"total_ops": 100, "io_percentage": 75}
execution-manager-grpc  | [gRPC Client Async] Response #1 - Status: COMPLETED
execution-manager-grpc  | 🎉 [T=10137 ms] Task 1 'sum1' COMPLETED
execution-manager-grpc  | [EXECUTION MANAGER] ⏱️ T2=802992261.915 ms | Thread started (server measured)
execution-manager-grpc  | [EXECUTION MANAGER] ⏱️ T3=802992398.361 ms | Task completed (server measured)
execution-manager-grpc  | [EXECUTION MANAGER] ⏱️ T4=802992398.730 ms | Result received by client
execution-manager-grpc  |    [TASK EXECUTION] 136.447 ms (T3-T2, measured in thread)
execution-manager-grpc  |    [RESULT] {"result": 0}
execution-manager-grpc  | 
execution-manager-grpc  | ╔═══════════════════════════════════════════════════════════════╗
execution-manager-grpc  | ║           END-TO-END TIMING MEASUREMENT RECAP                 ║
execution-manager-grpc  | ║                   Task 1: sum1                                 
execution-manager-grpc  | ╠═══════════════════════════════════════════════════════════════╣
execution-manager-grpc  | ║ T1 (start_request)    = 802992261.400 ms                        ║
execution-manager-grpc  | ║ T2 (end_request)      = 802992261.915 ms                        ║
execution-manager-grpc  | ║ T3 (start_result)     = 802992398.361 ms                        ║
execution-manager-grpc  | ║ T4 (end_result)       = 802992398.730 ms                        ║
execution-manager-grpc  | ╠═══════════════════════════════════════════════════════════════╣
execution-manager-grpc  | ║ METRICS:                                                      ║
execution-manager-grpc  | ║   Request Latency    =        0.514 ms  (T2 - T1)            ║
execution-manager-grpc  | ║   Task Execution     =      136.447 ms  (T3 - T2)            ║
execution-manager-grpc  | ║   Response Latency   =        0.369 ms  (T4 - T3)            ║
execution-manager-grpc  | ║   Total End-to-End   =      137.330 ms  (T4 - T1)            ║
execution-manager-grpc  | ║   Network Overhead   =        0.884 ms  (Req + Resp)         ║
execution-manager-grpc  | ╚═══════════════════════════════════════════════════════════════╝
execution-manager-grpc  | 
execution-manager-grpc  | [EPOLL] T=10137 ms: epoll_wait returned 1 event(s)
execution-manager-grpc  | [EPOLL] event[0]: type=2 task=NULL
execution-manager-grpc  | [SCHEDULER] ✅ T=10137 ms: Task 1 'sum1' completed with status 2
execution-manager-grpc  | [SCHEDULER] 🔕 Timeout disarmed for task 1
execution-manager-grpc  | [SCHEDULER] 0 tasks remaining
execution-manager-grpc  | 
execution-manager-grpc  | [SCHEDULER] 🏁 Iteration 24/50 complete!
execution-manager-grpc  | [SCHEDULER] Iteration execution time: 10137 ms
execution-manager-grpc  | 
execution-manager-grpc  | 
execution-manager-grpc  | [SCHEDULER] 🔁 ===== ITERATION 25 / 50 =====
execution-manager-grpc  | 
execution-manager-grpc  | [SCHEDULER] 🚀 Schedule started at T=0
execution-manager-grpc  | 
execution-manager-grpc  | [SCHEDULER] 🔄 Entering event loop (NO SLEEP - event-driven!)
execution-manager-grpc  | 
execution-manager-grpc  | [gRPC Client Async] Stream completed, received 1 responses
execution-manager-grpc  | [GRPC THREAD 1] Completed
execution-manager-grpc  | [EPOLL] T=10000 ms: epoll_wait returned 1 event(s)
execution-manager-grpc  | [EPOLL] event[0]: type=0 task=sum1
execution-manager-grpc  | [SCHEDULER] ⏰ T=10000 ms | T_wall=803002398.832 ms: Launching task 1 'sum1' (deadline: 30000 ms)
execution-manager-grpc  | [SCHEDULER] 🕐 Timeout armed for task 1 at T=30000 ms (in 20000 ms)
execution-manager-grpc  | [GRPC THREAD 1] Starting...
execution-manager-grpc  | [EXECUTION MANAGER] ⏱️ T1=803002398.906 ms | Sending gRPC request for task 1 'sum1'
execution-manager-grpc  | [gRPC Channel Pool] Reusing existing channel for localhost:50051 (state=2)
execution-manager-grpc  | [gRPC Client Async] Calling task 'sum1' at localhost:50051
execution-manager-grpc  | [gRPC Client Async] Inputs: {"total_ops": 100, "io_percentage": 75}
execution-manager-grpc  | [gRPC Client Async] Response #1 - Status: COMPLETED
execution-manager-grpc  | 🎉 [T=10138 ms] Task 1 'sum1' COMPLETED
execution-manager-grpc  | [EXECUTION MANAGER] ⏱️ T2=803002399.506 ms | Thread started (server measured)
execution-manager-grpc  | [EXECUTION MANAGER] ⏱️ T3=803002536.042 ms | Task completed (server measured)
execution-manager-grpc  | [EXECUTION MANAGER] ⏱️ T4=803002536.466 ms | Result received by client
execution-manager-grpc  |    [TASK EXECUTION] 136.537 ms (T3-T2, measured in thread)
execution-manager-grpc  |    [RESULT] {"result": 0}
execution-manager-grpc  | 
execution-manager-grpc  | ╔═══════════════════════════════════════════════════════════════╗
execution-manager-grpc  | ║           END-TO-END TIMING MEASUREMENT RECAP                 ║
execution-manager-grpc  | ║                   Task 1: sum1                                 
execution-manager-grpc  | ╠═══════════════════════════════════════════════════════════════╣
execution-manager-grpc  | ║ T1 (start_request)    = 803002398.906 ms                        ║
execution-manager-grpc  | ║ T2 (end_request)      = 803002399.506 ms                        ║
execution-manager-grpc  | ║ T3 (start_result)     = 803002536.042 ms                        ║
execution-manager-grpc  | ║ T4 (end_result)       = 803002536.466 ms                        ║
execution-manager-grpc  | ╠═══════════════════════════════════════════════════════════════╣
execution-manager-grpc  | ║ METRICS:                                                      ║
execution-manager-grpc  | ║   Request Latency    =        0.600 ms  (T2 - T1)            ║
execution-manager-grpc  | ║   Task Execution     =      136.537 ms  (T3 - T2)            ║
execution-manager-grpc  | ║   Response Latency   =        0.423 ms  (T4 - T3)            ║
execution-manager-grpc  | ║   Total End-to-End   =      137.560 ms  (T4 - T1)            ║
execution-manager-grpc  | ║   Network Overhead   =        1.023 ms  (Req + Resp)         ║
execution-manager-grpc  | ╚═══════════════════════════════════════════════════════════════╝
execution-manager-grpc  | 
execution-manager-grpc  | [EPOLL] T=10138 ms: epoll_wait returned 1 event(s)
execution-manager-grpc  | [EPOLL] event[0]: type=2 task=NULL
execution-manager-grpc  | [SCHEDULER] ✅ T=10138 ms: Task 1 'sum1' completed with status 2
execution-manager-grpc  | [SCHEDULER] 🔕 Timeout disarmed for task 1
execution-manager-grpc  | [SCHEDULER] 0 tasks remaining
execution-manager-grpc  | 
execution-manager-grpc  | [SCHEDULER] 🏁 Iteration 25/50 complete!
execution-manager-grpc  | [SCHEDULER] Iteration execution time: 10138 ms
execution-manager-grpc  | 
execution-manager-grpc  | 
execution-manager-grpc  | [SCHEDULER] 🔁 ===== ITERATION 26 / 50 =====
execution-manager-grpc  | 
execution-manager-grpc  | [SCHEDULER] 🚀 Schedule started at T=0
execution-manager-grpc  | 
execution-manager-grpc  | [SCHEDULER] 🔄 Entering event loop (NO SLEEP - event-driven!)
execution-manager-grpc  | 
execution-manager-grpc  | [gRPC Client Async] Stream completed, received 1 responses
execution-manager-grpc  | [GRPC THREAD 1] Completed
execution-manager-grpc  | [EPOLL] T=10000 ms: epoll_wait returned 1 event(s)
execution-manager-grpc  | [EPOLL] event[0]: type=0 task=sum1
execution-manager-grpc  | [SCHEDULER] ⏰ T=10000 ms | T_wall=803012536.573 ms: Launching task 1 'sum1' (deadline: 30000 ms)
execution-manager-grpc  | [SCHEDULER] 🕐 Timeout armed for task 1 at T=30000 ms (in 20000 ms)
execution-manager-grpc  | [GRPC THREAD 1] Starting...
execution-manager-grpc  | [EXECUTION MANAGER] ⏱️ T1=803012536.654 ms | Sending gRPC request for task 1 'sum1'
execution-manager-grpc  | [gRPC Channel Pool] Reusing existing channel for localhost:50051 (state=2)
execution-manager-grpc  | [gRPC Client Async] Calling task 'sum1' at localhost:50051
execution-manager-grpc  | [gRPC Client Async] Inputs: {"total_ops": 100, "io_percentage": 75}
execution-manager-grpc  | [gRPC Client Async] Response #1 - Status: COMPLETED
execution-manager-grpc  | 🎉 [T=10138 ms] Task 1 'sum1' COMPLETED
execution-manager-grpc  | [EXECUTION MANAGER] ⏱️ T2=803012537.180 ms | Thread started (server measured)
execution-manager-grpc  | [EXECUTION MANAGER] ⏱️ T3=803012673.686 ms | Task completed (server measured)
execution-manager-grpc  | [EXECUTION MANAGER] ⏱️ T4=803012674.063 ms | Result received by client
execution-manager-grpc  |    [TASK EXECUTION] 136.506 ms (T3-T2, measured in thread)
execution-manager-grpc  |    [RESULT] {"result": 0}
execution-manager-grpc  | 
execution-manager-grpc  | ╔═══════════════════════════════════════════════════════════════╗
execution-manager-grpc  | ║           END-TO-END TIMING MEASUREMENT RECAP                 ║
execution-manager-grpc  | ║                   Task 1: sum1                                 
execution-manager-grpc  | ╠═══════════════════════════════════════════════════════════════╣
execution-manager-grpc  | ║ T1 (start_request)    = 803012536.654 ms                        ║
execution-manager-grpc  | ║ T2 (end_request)      = 803012537.180 ms                        ║
execution-manager-grpc  | ║ T3 (start_result)     = 803012673.686 ms                        ║
execution-manager-grpc  | ║ T4 (end_result)       = 803012674.063 ms                        ║
execution-manager-grpc  | ╠═══════════════════════════════════════════════════════════════╣
execution-manager-grpc  | ║ METRICS:                                                      ║
execution-manager-grpc  | ║   Request Latency    =        0.526 ms  (T2 - T1)            ║
execution-manager-grpc  | ║   Task Execution     =      136.506 ms  (T3 - T2)            ║
execution-manager-grpc  | ║   Response Latency   =        0.377 ms  (T4 - T3)            ║
execution-manager-grpc  | ║   Total End-to-End   =      137.409 ms  (T4 - T1)            ║
execution-manager-grpc  | ║   Network Overhead   =        0.903 ms  (Req + Resp)         ║
execution-manager-grpc  | ╚═══════════════════════════════════════════════════════════════╝
execution-manager-grpc  | 
execution-manager-grpc  | [EPOLL] T=10138 ms: epoll_wait returned 1 event(s)
execution-manager-grpc  | [EPOLL] event[0]: type=2 task=NULL
execution-manager-grpc  | [SCHEDULER] ✅ T=10138 ms: Task 1 'sum1' completed with status 2
execution-manager-grpc  | [SCHEDULER] 🔕 Timeout disarmed for task 1
execution-manager-grpc  | [SCHEDULER] 0 tasks remaining
execution-manager-grpc  | 
execution-manager-grpc  | [SCHEDULER] 🏁 Iteration 26/50 complete!
execution-manager-grpc  | [SCHEDULER] Iteration execution time: 10138 ms
execution-manager-grpc  | 
execution-manager-grpc  | 
execution-manager-grpc  | [SCHEDULER] 🔁 ===== ITERATION 27 / 50 =====
execution-manager-grpc  | 
execution-manager-grpc  | [SCHEDULER] 🚀 Schedule started at T=0
execution-manager-grpc  | 
execution-manager-grpc  | [SCHEDULER] 🔄 Entering event loop (NO SLEEP - event-driven!)
execution-manager-grpc  | 
execution-manager-grpc  | [gRPC Client Async] Stream completed, received 1 responses
execution-manager-grpc  | [GRPC THREAD 1] Completed
execution-manager-grpc  | [EPOLL] T=10000 ms: epoll_wait returned 1 event(s)
execution-manager-grpc  | [EPOLL] event[0]: type=0 task=sum1
execution-manager-grpc  | [SCHEDULER] ⏰ T=10000 ms | T_wall=803022674.178 ms: Launching task 1 'sum1' (deadline: 30000 ms)
execution-manager-grpc  | [SCHEDULER] 🕐 Timeout armed for task 1 at T=30000 ms (in 20000 ms)
execution-manager-grpc  | [GRPC THREAD 1] Starting...
execution-manager-grpc  | [EXECUTION MANAGER] ⏱️ T1=803022674.263 ms | Sending gRPC request for task 1 'sum1'
execution-manager-grpc  | [gRPC Channel Pool] Reusing existing channel for localhost:50051 (state=2)
execution-manager-grpc  | [gRPC Client Async] Calling task 'sum1' at localhost:50051
execution-manager-grpc  | [gRPC Client Async] Inputs: {"total_ops": 100, "io_percentage": 75}
execution-manager-grpc  | [gRPC Client Async] Response #1 - Status: COMPLETED
execution-manager-grpc  | 🎉 [T=10137 ms] Task 1 'sum1' COMPLETED
execution-manager-grpc  | [EXECUTION MANAGER] ⏱️ T2=803022674.806 ms | Thread started (server measured)
execution-manager-grpc  | [EXECUTION MANAGER] ⏱️ T3=803022811.352 ms | Task completed (server measured)
execution-manager-grpc  | [EXECUTION MANAGER] ⏱️ T4=803022811.816 ms | Result received by client
execution-manager-grpc  |    [TASK EXECUTION] 136.545 ms (T3-T2, measured in thread)
execution-manager-grpc  |    [RESULT] {"result": 0}
execution-manager-grpc  | 
execution-manager-grpc  | ╔═══════════════════════════════════════════════════════════════╗
execution-manager-grpc  | ║           END-TO-END TIMING MEASUREMENT RECAP                 ║
execution-manager-grpc  | ║                   Task 1: sum1                                 
execution-manager-grpc  | ╠═══════════════════════════════════════════════════════════════╣
execution-manager-grpc  | ║ T1 (start_request)    = 803022674.263 ms                        ║
execution-manager-grpc  | ║ T2 (end_request)      = 803022674.806 ms                        ║
execution-manager-grpc  | ║ T3 (start_result)     = 803022811.352 ms                        ║
execution-manager-grpc  | ║ T4 (end_result)       = 803022811.816 ms                        ║
execution-manager-grpc  | ╠═══════════════════════════════════════════════════════════════╣
execution-manager-grpc  | ║ METRICS:                                                      ║
execution-manager-grpc  | ║   Request Latency    =        0.544 ms  (T2 - T1)            ║
execution-manager-grpc  | ║   Task Execution     =      136.545 ms  (T3 - T2)            ║
execution-manager-grpc  | ║   Response Latency   =        0.464 ms  (T4 - T3)            ║
execution-manager-grpc  | ║   Total End-to-End   =      137.553 ms  (T4 - T1)            ║
execution-manager-grpc  | ║   Network Overhead   =        1.008 ms  (Req + Resp)         ║
execution-manager-grpc  | ╚═══════════════════════════════════════════════════════════════╝
execution-manager-grpc  | 
execution-manager-grpc  | [EPOLL] T=10137 ms: epoll_wait returned 1 event(s)
execution-manager-grpc  | [EPOLL] event[0]: type=2 task=NULL
execution-manager-grpc  | [SCHEDULER] ✅ T=10137 ms: Task 1 'sum1' completed with status 2
execution-manager-grpc  | [SCHEDULER] 🔕 Timeout disarmed for task 1
execution-manager-grpc  | [SCHEDULER] 0 tasks remaining
execution-manager-grpc  | 
execution-manager-grpc  | [SCHEDULER] 🏁 Iteration 27/50 complete!
execution-manager-grpc  | [SCHEDULER] Iteration execution time: 10137 ms
execution-manager-grpc  | 
execution-manager-grpc  | 
execution-manager-grpc  | [SCHEDULER] 🔁 ===== ITERATION 28 / 50 =====
execution-manager-grpc  | 
execution-manager-grpc  | [SCHEDULER] 🚀 Schedule started at T=0
execution-manager-grpc  | 
execution-manager-grpc  | [SCHEDULER] 🔄 Entering event loop (NO SLEEP - event-driven!)
execution-manager-grpc  | 
execution-manager-grpc  | [gRPC Client Async] Stream completed, received 1 responses
execution-manager-grpc  | [GRPC THREAD 1] Completed
execution-manager-grpc  | [EPOLL] T=10000 ms: epoll_wait returned 1 event(s)
execution-manager-grpc  | [EPOLL] event[0]: type=0 task=sum1
execution-manager-grpc  | [SCHEDULER] ⏰ T=10000 ms | T_wall=803032811.936 ms: Launching task 1 'sum1' (deadline: 30000 ms)
execution-manager-grpc  | [SCHEDULER] 🕐 Timeout armed for task 1 at T=30000 ms (in 20000 ms)
execution-manager-grpc  | [GRPC THREAD 1] Starting...
execution-manager-grpc  | [EXECUTION MANAGER] ⏱️ T1=803032812.024 ms | Sending gRPC request for task 1 'sum1'
execution-manager-grpc  | [gRPC Channel Pool] Reusing existing channel for localhost:50051 (state=2)
execution-manager-grpc  | [gRPC Client Async] Calling task 'sum1' at localhost:50051
execution-manager-grpc  | [gRPC Client Async] Inputs: {"total_ops": 100, "io_percentage": 75}
execution-manager-grpc  | [gRPC Client Async] Response #1 - Status: COMPLETED
execution-manager-grpc  | 🎉 [T=10138 ms] Task 1 'sum1' COMPLETED
execution-manager-grpc  | [EXECUTION MANAGER] ⏱️ T2=803032812.674 ms | Thread started (server measured)
execution-manager-grpc  | [EXECUTION MANAGER] ⏱️ T3=803032949.282 ms | Task completed (server measured)
execution-manager-grpc  | [EXECUTION MANAGER] ⏱️ T4=803032949.745 ms | Result received by client
execution-manager-grpc  |    [TASK EXECUTION] 136.608 ms (T3-T2, measured in thread)
execution-manager-grpc  |    [RESULT] {"result": 0}
execution-manager-grpc  | 
execution-manager-grpc  | ╔═══════════════════════════════════════════════════════════════╗
execution-manager-grpc  | ║           END-TO-END TIMING MEASUREMENT RECAP                 ║
execution-manager-grpc  | ║                   Task 1: sum1                                 
execution-manager-grpc  | ╠═══════════════════════════════════════════════════════════════╣
execution-manager-grpc  | ║ T1 (start_request)    = 803032812.024 ms                        ║
execution-manager-grpc  | ║ T2 (end_request)      = 803032812.674 ms                        ║
execution-manager-grpc  | ║ T3 (start_result)     = 803032949.282 ms                        ║
execution-manager-grpc  | ║ T4 (end_result)       = 803032949.745 ms                        ║
execution-manager-grpc  | ╠═══════════════════════════════════════════════════════════════╣
execution-manager-grpc  | ║ METRICS:                                                      ║
execution-manager-grpc  | ║   Request Latency    =        0.650 ms  (T2 - T1)            ║
execution-manager-grpc  | ║   Task Execution     =      136.608 ms  (T3 - T2)            ║
execution-manager-grpc  | ║   Response Latency   =        0.463 ms  (T4 - T3)            ║
execution-manager-grpc  | ║   Total End-to-End   =      137.721 ms  (T4 - T1)            ║
execution-manager-grpc  | ║   Network Overhead   =        1.112 ms  (Req + Resp)         ║
execution-manager-grpc  | ╚═══════════════════════════════════════════════════════════════╝
execution-manager-grpc  | 
execution-manager-grpc  | [EPOLL] T=10138 ms: epoll_wait returned 1 event(s)
execution-manager-grpc  | [EPOLL] event[0]: type=2 task=NULL
execution-manager-grpc  | [SCHEDULER] ✅ T=10138 ms: Task 1 'sum1' completed with status 2
execution-manager-grpc  | [SCHEDULER] 🔕 Timeout disarmed for task 1
execution-manager-grpc  | [SCHEDULER] 0 tasks remaining
execution-manager-grpc  | 
execution-manager-grpc  | [SCHEDULER] 🏁 Iteration 28/50 complete!
execution-manager-grpc  | [SCHEDULER] Iteration execution time: 10138 ms
execution-manager-grpc  | 
execution-manager-grpc  | 
execution-manager-grpc  | [SCHEDULER] 🔁 ===== ITERATION 29 / 50 =====
execution-manager-grpc  | 
execution-manager-grpc  | [SCHEDULER] 🚀 Schedule started at T=0
execution-manager-grpc  | 
execution-manager-grpc  | [SCHEDULER] 🔄 Entering event loop (NO SLEEP - event-driven!)
execution-manager-grpc  | 
execution-manager-grpc  | [gRPC Client Async] Stream completed, received 1 responses
execution-manager-grpc  | [GRPC THREAD 1] Completed
execution-manager-grpc  | [EPOLL] T=10000 ms: epoll_wait returned 1 event(s)
execution-manager-grpc  | [EPOLL] event[0]: type=0 task=sum1
execution-manager-grpc  | [SCHEDULER] ⏰ T=10000 ms | T_wall=803042949.864 ms: Launching task 1 'sum1' (deadline: 30000 ms)
execution-manager-grpc  | [SCHEDULER] 🕐 Timeout armed for task 1 at T=30000 ms (in 20000 ms)
execution-manager-grpc  | [GRPC THREAD 1] Starting...
execution-manager-grpc  | [EXECUTION MANAGER] ⏱️ T1=803042949.947 ms | Sending gRPC request for task 1 'sum1'
execution-manager-grpc  | [gRPC Channel Pool] Reusing existing channel for localhost:50051 (state=2)
execution-manager-grpc  | [gRPC Client Async] Calling task 'sum1' at localhost:50051
execution-manager-grpc  | [gRPC Client Async] Inputs: {"total_ops": 100, "io_percentage": 75}
execution-manager-grpc  | [gRPC Client Async] Response #1 - Status: COMPLETED
execution-manager-grpc  | 🎉 [T=10138 ms] Task 1 'sum1' COMPLETED
execution-manager-grpc  | [EXECUTION MANAGER] ⏱️ T2=803042950.535 ms | Thread started (server measured)
execution-manager-grpc  | [EXECUTION MANAGER] ⏱️ T3=803043087.055 ms | Task completed (server measured)
execution-manager-grpc  | [EXECUTION MANAGER] ⏱️ T4=803043087.481 ms | Result received by client
execution-manager-grpc  |    [TASK EXECUTION] 136.520 ms (T3-T2, measured in thread)
execution-manager-grpc  |    [RESULT] {"result": 0}
execution-manager-grpc  | 
execution-manager-grpc  | ╔═══════════════════════════════════════════════════════════════╗
execution-manager-grpc  | ║           END-TO-END TIMING MEASUREMENT RECAP                 ║
execution-manager-grpc  | ║                   Task 1: sum1                                 
execution-manager-grpc  | ╠═══════════════════════════════════════════════════════════════╣
execution-manager-grpc  | ║ T1 (start_request)    = 803042949.947 ms                        ║
execution-manager-grpc  | ║ T2 (end_request)      = 803042950.535 ms                        ║
execution-manager-grpc  | ║ T3 (start_result)     = 803043087.055 ms                        ║
execution-manager-grpc  | ║ T4 (end_result)       = 803043087.481 ms                        ║
execution-manager-grpc  | ╠═══════════════════════════════════════════════════════════════╣
execution-manager-grpc  | ║ METRICS:                                                      ║
execution-manager-grpc  | ║   Request Latency    =        0.588 ms  (T2 - T1)            ║
execution-manager-grpc  | ║   Task Execution     =      136.520 ms  (T3 - T2)            ║
execution-manager-grpc  | ║   Response Latency   =        0.426 ms  (T4 - T3)            ║
execution-manager-grpc  | ║   Total End-to-End   =      137.533 ms  (T4 - T1)            ║
execution-manager-grpc  | ║   Network Overhead   =        1.014 ms  (Req + Resp)         ║
execution-manager-grpc  | ╚═══════════════════════════════════════════════════════════════╝
execution-manager-grpc  | 
execution-manager-grpc  | [EPOLL] T=10138 ms: epoll_wait returned 1 event(s)
execution-manager-grpc  | [EPOLL] event[0]: type=2 task=NULL
execution-manager-grpc  | [SCHEDULER] ✅ T=10138 ms: Task 1 'sum1' completed with status 2
execution-manager-grpc  | [SCHEDULER] 🔕 Timeout disarmed for task 1
execution-manager-grpc  | [SCHEDULER] 0 tasks remaining
execution-manager-grpc  | 
execution-manager-grpc  | [SCHEDULER] 🏁 Iteration 29/50 complete!
execution-manager-grpc  | [SCHEDULER] Iteration execution time: 10138 ms
execution-manager-grpc  | 
execution-manager-grpc  | 
execution-manager-grpc  | [SCHEDULER] 🔁 ===== ITERATION 30 / 50 =====
execution-manager-grpc  | 
execution-manager-grpc  | [SCHEDULER] 🚀 Schedule started at T=0
execution-manager-grpc  | 
execution-manager-grpc  | [SCHEDULER] 🔄 Entering event loop (NO SLEEP - event-driven!)
execution-manager-grpc  | 
execution-manager-grpc  | [gRPC Client Async] Stream completed, received 1 responses
execution-manager-grpc  | [GRPC THREAD 1] Completed
execution-manager-grpc  | [EPOLL] T=10000 ms: epoll_wait returned 1 event(s)
execution-manager-grpc  | [EPOLL] event[0]: type=0 task=sum1
execution-manager-grpc  | [SCHEDULER] ⏰ T=10000 ms | T_wall=803053087.585 ms: Launching task 1 'sum1' (deadline: 30000 ms)
execution-manager-grpc  | [SCHEDULER] 🕐 Timeout armed for task 1 at T=30000 ms (in 20000 ms)
execution-manager-grpc  | [GRPC THREAD 1] Starting...
execution-manager-grpc  | [EXECUTION MANAGER] ⏱️ T1=803053087.668 ms | Sending gRPC request for task 1 'sum1'
execution-manager-grpc  | [gRPC Channel Pool] Reusing existing channel for localhost:50051 (state=2)
execution-manager-grpc  | [gRPC Client Async] Calling task 'sum1' at localhost:50051
execution-manager-grpc  | [gRPC Client Async] Inputs: {"total_ops": 100, "io_percentage": 75}
execution-manager-grpc  | [gRPC Client Async] Response #1 - Status: COMPLETED
execution-manager-grpc  | 🎉 [T=10138 ms] Task 1 'sum1' COMPLETED
execution-manager-grpc  | [EXECUTION MANAGER] ⏱️ T2=803053088.176 ms | Thread started (server measured)
execution-manager-grpc  | [EXECUTION MANAGER] ⏱️ T3=803053224.668 ms | Task completed (server measured)
execution-manager-grpc  | [EXECUTION MANAGER] ⏱️ T4=803053225.035 ms | Result received by client
execution-manager-grpc  |    [TASK EXECUTION] 136.493 ms (T3-T2, measured in thread)
execution-manager-grpc  |    [RESULT] {"result": 0}
execution-manager-grpc  | 
execution-manager-grpc  | ╔═══════════════════════════════════════════════════════════════╗
execution-manager-grpc  | ║           END-TO-END TIMING MEASUREMENT RECAP                 ║
execution-manager-grpc  | ║                   Task 1: sum1                                 
execution-manager-grpc  | ╠═══════════════════════════════════════════════════════════════╣
execution-manager-grpc  | ║ T1 (start_request)    = 803053087.668 ms                        ║
execution-manager-grpc  | ║ T2 (end_request)      = 803053088.176 ms                        ║
execution-manager-grpc  | ║ T3 (start_result)     = 803053224.668 ms                        ║
execution-manager-grpc  | ║ T4 (end_result)       = 803053225.035 ms                        ║
execution-manager-grpc  | ╠═══════════════════════════════════════════════════════════════╣
execution-manager-grpc  | ║ METRICS:                                                      ║
execution-manager-grpc  | ║   Request Latency    =        0.507 ms  (T2 - T1)            ║
execution-manager-grpc  | ║   Task Execution     =      136.493 ms  (T3 - T2)            ║
execution-manager-grpc  | ║   Response Latency   =        0.367 ms  (T4 - T3)            ║
execution-manager-grpc  | ║   Total End-to-End   =      137.367 ms  (T4 - T1)            ║
execution-manager-grpc  | ║   Network Overhead   =        0.874 ms  (Req + Resp)         ║
execution-manager-grpc  | ╚═══════════════════════════════════════════════════════════════╝
execution-manager-grpc  | 
execution-manager-grpc  | [EPOLL] T=10138 ms: epoll_wait returned 1 event(s)
execution-manager-grpc  | [EPOLL] event[0]: type=2 task=NULL
execution-manager-grpc  | [SCHEDULER] ✅ T=10138 ms: Task 1 'sum1' completed with status 2
execution-manager-grpc  | [SCHEDULER] 🔕 Timeout disarmed for task 1
execution-manager-grpc  | [SCHEDULER] 0 tasks remaining
execution-manager-grpc  | 
execution-manager-grpc  | [SCHEDULER] 🏁 Iteration 30/50 complete!
execution-manager-grpc  | [SCHEDULER] Iteration execution time: 10138 ms
execution-manager-grpc  | 
execution-manager-grpc  | 
execution-manager-grpc  | [SCHEDULER] 🔁 ===== ITERATION 31 / 50 =====
execution-manager-grpc  | 
execution-manager-grpc  | [SCHEDULER] 🚀 Schedule started at T=0
execution-manager-grpc  | 
execution-manager-grpc  | [SCHEDULER] 🔄 Entering event loop (NO SLEEP - event-driven!)
execution-manager-grpc  | 
execution-manager-grpc  | [gRPC Client Async] Stream completed, received 1 responses
execution-manager-grpc  | [GRPC THREAD 1] Completed
execution-manager-grpc  | [EPOLL] T=10000 ms: epoll_wait returned 1 event(s)
execution-manager-grpc  | [EPOLL] event[0]: type=0 task=sum1
execution-manager-grpc  | [SCHEDULER] ⏰ T=10000 ms | T_wall=803063225.152 ms: Launching task 1 'sum1' (deadline: 30000 ms)
execution-manager-grpc  | [SCHEDULER] 🕐 Timeout armed for task 1 at T=30000 ms (in 20000 ms)
execution-manager-grpc  | [GRPC THREAD 1] Starting...
execution-manager-grpc  | [EXECUTION MANAGER] ⏱️ T1=803063225.234 ms | Sending gRPC request for task 1 'sum1'
execution-manager-grpc  | [gRPC Channel Pool] Reusing existing channel for localhost:50051 (state=2)
execution-manager-grpc  | [gRPC Client Async] Calling task 'sum1' at localhost:50051
execution-manager-grpc  | [gRPC Client Async] Inputs: {"total_ops": 100, "io_percentage": 75}
execution-manager-grpc  | [gRPC Client Async] Response #1 - Status: COMPLETED
execution-manager-grpc  | 🎉 [T=10137 ms] Task 1 'sum1' COMPLETED
execution-manager-grpc  | [EXECUTION MANAGER] ⏱️ T2=803063225.766 ms | Thread started (server measured)
execution-manager-grpc  | [EXECUTION MANAGER] ⏱️ T3=803063362.186 ms | Task completed (server measured)
execution-manager-grpc  | [EXECUTION MANAGER] ⏱️ T4=803063362.610 ms | Result received by client
execution-manager-grpc  |    [TASK EXECUTION] 136.420 ms (T3-T2, measured in thread)
execution-manager-grpc  |    [RESULT] {"result": 0}
execution-manager-grpc  | 
execution-manager-grpc  | ╔═══════════════════════════════════════════════════════════════╗
execution-manager-grpc  | ║           END-TO-END TIMING MEASUREMENT RECAP                 ║
execution-manager-grpc  | ║                   Task 1: sum1                                 
execution-manager-grpc  | ╠═══════════════════════════════════════════════════════════════╣
execution-manager-grpc  | ║ T1 (start_request)    = 803063225.234 ms                        ║
execution-manager-grpc  | ║ T2 (end_request)      = 803063225.766 ms                        ║
execution-manager-grpc  | ║ T3 (start_result)     = 803063362.186 ms                        ║
execution-manager-grpc  | ║ T4 (end_result)       = 803063362.610 ms                        ║
execution-manager-grpc  | ╠═══════════════════════════════════════════════════════════════╣
execution-manager-grpc  | ║ METRICS:                                                      ║
execution-manager-grpc  | ║   Request Latency    =        0.532 ms  (T2 - T1)            ║
execution-manager-grpc  | ║   Task Execution     =      136.420 ms  (T3 - T2)            ║
execution-manager-grpc  | ║   Response Latency   =        0.423 ms  (T4 - T3)            ║
execution-manager-grpc  | ║   Total End-to-End   =      137.375 ms  (T4 - T1)            ║
execution-manager-grpc  | ║   Network Overhead   =        0.955 ms  (Req + Resp)         ║
execution-manager-grpc  | ╚═══════════════════════════════════════════════════════════════╝
execution-manager-grpc  | 
execution-manager-grpc  | [EPOLL] T=10137 ms: epoll_wait returned 1 event(s)
execution-manager-grpc  | [EPOLL] event[0]: type=2 task=NULL
execution-manager-grpc  | [SCHEDULER] ✅ T=10137 ms: Task 1 'sum1' completed with status 2
execution-manager-grpc  | [SCHEDULER] 🔕 Timeout disarmed for task 1
execution-manager-grpc  | [SCHEDULER] 0 tasks remaining
execution-manager-grpc  | 
execution-manager-grpc  | [SCHEDULER] 🏁 Iteration 31/50 complete!
execution-manager-grpc  | [SCHEDULER] Iteration execution time: 10137 ms
execution-manager-grpc  | 
execution-manager-grpc  | 
execution-manager-grpc  | [SCHEDULER] 🔁 ===== ITERATION 32 / 50 =====
execution-manager-grpc  | 
execution-manager-grpc  | [SCHEDULER] 🚀 Schedule started at T=0
execution-manager-grpc  | 
execution-manager-grpc  | [SCHEDULER] 🔄 Entering event loop (NO SLEEP - event-driven!)
execution-manager-grpc  | 
execution-manager-grpc  | [gRPC Client Async] Stream completed, received 1 responses
execution-manager-grpc  | [GRPC THREAD 1] Completed
execution-manager-grpc  | [EPOLL] T=10000 ms: epoll_wait returned 1 event(s)
execution-manager-grpc  | [EPOLL] event[0]: type=0 task=sum1
execution-manager-grpc  | [SCHEDULER] ⏰ T=10000 ms | T_wall=803073362.728 ms: Launching task 1 'sum1' (deadline: 30000 ms)
execution-manager-grpc  | [SCHEDULER] 🕐 Timeout armed for task 1 at T=30000 ms (in 20000 ms)
execution-manager-grpc  | [GRPC THREAD 1] Starting...
execution-manager-grpc  | [EXECUTION MANAGER] ⏱️ T1=803073362.809 ms | Sending gRPC request for task 1 'sum1'
execution-manager-grpc  | [gRPC Channel Pool] Reusing existing channel for localhost:50051 (state=2)
execution-manager-grpc  | [gRPC Client Async] Calling task 'sum1' at localhost:50051
execution-manager-grpc  | [gRPC Client Async] Inputs: {"total_ops": 100, "io_percentage": 75}
execution-manager-grpc  | [gRPC Client Async] Response #1 - Status: COMPLETED
execution-manager-grpc  | 🎉 [T=10138 ms] Task 1 'sum1' COMPLETED
execution-manager-grpc  | [EXECUTION MANAGER] ⏱️ T2=803073363.395 ms | Thread started (server measured)
execution-manager-grpc  | [EXECUTION MANAGER] ⏱️ T3=803073499.878 ms | Task completed (server measured)
execution-manager-grpc  | [EXECUTION MANAGER] ⏱️ T4=803073500.298 ms | Result received by client
execution-manager-grpc  |    [TASK EXECUTION] 136.483 ms (T3-T2, measured in thread)
execution-manager-grpc  |    [RESULT] {"result": 0}
execution-manager-grpc  | 
execution-manager-grpc  | ╔═══════════════════════════════════════════════════════════════╗
execution-manager-grpc  | ║           END-TO-END TIMING MEASUREMENT RECAP                 ║
execution-manager-grpc  | ║                   Task 1: sum1                                 
execution-manager-grpc  | ╠═══════════════════════════════════════════════════════════════╣
execution-manager-grpc  | ║ T1 (start_request)    = 803073362.809 ms                        ║
execution-manager-grpc  | ║ T2 (end_request)      = 803073363.395 ms                        ║
execution-manager-grpc  | ║ T3 (start_result)     = 803073499.878 ms                        ║
execution-manager-grpc  | ║ T4 (end_result)       = 803073500.298 ms                        ║
execution-manager-grpc  | ╠═══════════════════════════════════════════════════════════════╣
execution-manager-grpc  | ║ METRICS:                                                      ║
execution-manager-grpc  | ║   Request Latency    =        0.586 ms  (T2 - T1)            ║
execution-manager-grpc  | ║   Task Execution     =      136.483 ms  (T3 - T2)            ║
execution-manager-grpc  | ║   Response Latency   =        0.420 ms  (T4 - T3)            ║
execution-manager-grpc  | ║   Total End-to-End   =      137.489 ms  (T4 - T1)            ║
execution-manager-grpc  | ║   Network Overhead   =        1.006 ms  (Req + Resp)         ║
execution-manager-grpc  | ╚═══════════════════════════════════════════════════════════════╝
execution-manager-grpc  | 
execution-manager-grpc  | [EPOLL] T=10138 ms: epoll_wait returned 1 event(s)
execution-manager-grpc  | [EPOLL] event[0]: type=2 task=NULL
execution-manager-grpc  | [SCHEDULER] ✅ T=10138 ms: Task 1 'sum1' completed with status 2
execution-manager-grpc  | [SCHEDULER] 🔕 Timeout disarmed for task 1
execution-manager-grpc  | [SCHEDULER] 0 tasks remaining
execution-manager-grpc  | 
execution-manager-grpc  | [SCHEDULER] 🏁 Iteration 32/50 complete!
execution-manager-grpc  | [SCHEDULER] Iteration execution time: 10138 ms
execution-manager-grpc  | 
execution-manager-grpc  | 
execution-manager-grpc  | [SCHEDULER] 🔁 ===== ITERATION 33 / 50 =====
execution-manager-grpc  | 
execution-manager-grpc  | [SCHEDULER] 🚀 Schedule started at T=0
execution-manager-grpc  | 
execution-manager-grpc  | [SCHEDULER] 🔄 Entering event loop (NO SLEEP - event-driven!)
execution-manager-grpc  | 
execution-manager-grpc  | [gRPC Client Async] Stream completed, received 1 responses
execution-manager-grpc  | [GRPC THREAD 1] Completed
execution-manager-grpc  | [EPOLL] T=10000 ms: epoll_wait returned 1 event(s)
execution-manager-grpc  | [EPOLL] event[0]: type=0 task=sum1
execution-manager-grpc  | [SCHEDULER] ⏰ T=10000 ms | T_wall=803083500.416 ms: Launching task 1 'sum1' (deadline: 30000 ms)
execution-manager-grpc  | [SCHEDULER] 🕐 Timeout armed for task 1 at T=30000 ms (in 20000 ms)
execution-manager-grpc  | [GRPC THREAD 1] Starting...
execution-manager-grpc  | [EXECUTION MANAGER] ⏱️ T1=803083500.504 ms | Sending gRPC request for task 1 'sum1'
execution-manager-grpc  | [gRPC Channel Pool] Reusing existing channel for localhost:50051 (state=2)
execution-manager-grpc  | [gRPC Client Async] Calling task 'sum1' at localhost:50051
execution-manager-grpc  | [gRPC Client Async] Inputs: {"total_ops": 100, "io_percentage": 75}
execution-manager-grpc  | [gRPC Client Async] Response #1 - Status: COMPLETED
execution-manager-grpc  | 🎉 [T=10137 ms] Task 1 'sum1' COMPLETED
execution-manager-grpc  | [EXECUTION MANAGER] ⏱️ T2=803083500.997 ms | Thread started (server measured)
execution-manager-grpc  | [EXECUTION MANAGER] ⏱️ T3=803083637.465 ms | Task completed (server measured)
execution-manager-grpc  | [EXECUTION MANAGER] ⏱️ T4=803083637.911 ms | Result received by client
execution-manager-grpc  |    [TASK EXECUTION] 136.468 ms (T3-T2, measured in thread)
execution-manager-grpc  |    [RESULT] {"result": 0}
execution-manager-grpc  | 
execution-manager-grpc  | ╔═══════════════════════════════════════════════════════════════╗
execution-manager-grpc  | ║           END-TO-END TIMING MEASUREMENT RECAP                 ║
execution-manager-grpc  | ║                   Task 1: sum1                                 
execution-manager-grpc  | ╠═══════════════════════════════════════════════════════════════╣
execution-manager-grpc  | ║ T1 (start_request)    = 803083500.504 ms                        ║
execution-manager-grpc  | ║ T2 (end_request)      = 803083500.997 ms                        ║
execution-manager-grpc  | ║ T3 (start_result)     = 803083637.465 ms                        ║
execution-manager-grpc  | ║ T4 (end_result)       = 803083637.911 ms                        ║
execution-manager-grpc  | ╠═══════════════════════════════════════════════════════════════╣
execution-manager-grpc  | ║ METRICS:                                                      ║
execution-manager-grpc  | ║   Request Latency    =        0.493 ms  (T2 - T1)            ║
execution-manager-grpc  | ║   Task Execution     =      136.468 ms  (T3 - T2)            ║
execution-manager-grpc  | ║   Response Latency   =        0.446 ms  (T4 - T3)            ║
execution-manager-grpc  | ║   Total End-to-End   =      137.407 ms  (T4 - T1)            ║
execution-manager-grpc  | ║   Network Overhead   =        0.939 ms  (Req + Resp)         ║
execution-manager-grpc  | ╚═══════════════════════════════════════════════════════════════╝
execution-manager-grpc  | 
execution-manager-grpc  | [EPOLL] T=10137 ms: epoll_wait returned 1 event(s)
execution-manager-grpc  | [EPOLL] event[0]: type=2 task=NULL
execution-manager-grpc  | [SCHEDULER] ✅ T=10137 ms: Task 1 'sum1' completed with status 2
execution-manager-grpc  | [SCHEDULER] 🔕 Timeout disarmed for task 1
execution-manager-grpc  | [SCHEDULER] 0 tasks remaining
execution-manager-grpc  | 
execution-manager-grpc  | [SCHEDULER] 🏁 Iteration 33/50 complete!
execution-manager-grpc  | [SCHEDULER] Iteration execution time: 10137 ms
execution-manager-grpc  | 
execution-manager-grpc  | 
execution-manager-grpc  | [SCHEDULER] 🔁 ===== ITERATION 34 / 50 =====
execution-manager-grpc  | 
execution-manager-grpc  | [SCHEDULER] 🚀 Schedule started at T=0
execution-manager-grpc  | 
execution-manager-grpc  | [SCHEDULER] 🔄 Entering event loop (NO SLEEP - event-driven!)
execution-manager-grpc  | 
execution-manager-grpc  | [gRPC Client Async] Stream completed, received 1 responses
execution-manager-grpc  | [GRPC THREAD 1] Completed
execution-manager-grpc  | [EPOLL] T=10001 ms: epoll_wait returned 1 event(s)
execution-manager-grpc  | [EPOLL] event[0]: type=0 task=sum1
execution-manager-grpc  | [SCHEDULER] ⏰ T=10001 ms | T_wall=803093638.018 ms: Launching task 1 'sum1' (deadline: 30000 ms)
execution-manager-grpc  | [SCHEDULER] 🕐 Timeout armed for task 1 at T=30000 ms (in 19999 ms)
execution-manager-grpc  | [GRPC THREAD 1] Starting...
execution-manager-grpc  | [EXECUTION MANAGER] ⏱️ T1=803093638.104 ms | Sending gRPC request for task 1 'sum1'
execution-manager-grpc  | [gRPC Channel Pool] Reusing existing channel for localhost:50051 (state=2)
execution-manager-grpc  | [gRPC Client Async] Calling task 'sum1' at localhost:50051
execution-manager-grpc  | [gRPC Client Async] Inputs: {"total_ops": 100, "io_percentage": 75}
execution-manager-grpc  | [gRPC Client Async] Response #1 - Status: COMPLETED
execution-manager-grpc  | 🎉 [T=10138 ms] Task 1 'sum1' COMPLETED
execution-manager-grpc  | [EXECUTION MANAGER] ⏱️ T2=803093638.749 ms | Thread started (server measured)
execution-manager-grpc  | [EXECUTION MANAGER] ⏱️ T3=803093775.267 ms | Task completed (server measured)
execution-manager-grpc  | [EXECUTION MANAGER] ⏱️ T4=803093775.701 ms | Result received by client
execution-manager-grpc  |    [TASK EXECUTION] 136.519 ms (T3-T2, measured in thread)
execution-manager-grpc  |    [RESULT] {"result": 0}
execution-manager-grpc  | 
execution-manager-grpc  | ╔═══════════════════════════════════════════════════════════════╗
execution-manager-grpc  | ║           END-TO-END TIMING MEASUREMENT RECAP                 ║
execution-manager-grpc  | ║                   Task 1: sum1                                 
execution-manager-grpc  | ╠═══════════════════════════════════════════════════════════════╣
execution-manager-grpc  | ║ T1 (start_request)    = 803093638.104 ms                        ║
execution-manager-grpc  | ║ T2 (end_request)      = 803093638.749 ms                        ║
execution-manager-grpc  | ║ T3 (start_result)     = 803093775.267 ms                        ║
execution-manager-grpc  | ║ T4 (end_result)       = 803093775.701 ms                        ║
execution-manager-grpc  | ╠═══════════════════════════════════════════════════════════════╣
execution-manager-grpc  | ║ METRICS:                                                      ║
execution-manager-grpc  | ║   Request Latency    =        0.645 ms  (T2 - T1)            ║
execution-manager-grpc  | ║   Task Execution     =      136.519 ms  (T3 - T2)            ║
execution-manager-grpc  | ║   Response Latency   =        0.434 ms  (T4 - T3)            ║
execution-manager-grpc  | ║   Total End-to-End   =      137.597 ms  (T4 - T1)            ║
execution-manager-grpc  | ║   Network Overhead   =        1.079 ms  (Req + Resp)         ║
execution-manager-grpc  | ╚═══════════════════════════════════════════════════════════════╝
execution-manager-grpc  | 
execution-manager-grpc  | [EPOLL] T=10138 ms: epoll_wait returned 1 event(s)
execution-manager-grpc  | [EPOLL] event[0]: type=2 task=NULL
execution-manager-grpc  | [SCHEDULER] ✅ T=10138 ms: Task 1 'sum1' completed with status 2
execution-manager-grpc  | [SCHEDULER] 🔕 Timeout disarmed for task 1
execution-manager-grpc  | [SCHEDULER] 0 tasks remaining
execution-manager-grpc  | 
execution-manager-grpc  | [SCHEDULER] 🏁 Iteration 34/50 complete!
execution-manager-grpc  | [SCHEDULER] Iteration execution time: 10138 ms
execution-manager-grpc  | 
execution-manager-grpc  | 
execution-manager-grpc  | [SCHEDULER] 🔁 ===== ITERATION 35 / 50 =====
execution-manager-grpc  | 
execution-manager-grpc  | [SCHEDULER] 🚀 Schedule started at T=0
execution-manager-grpc  | 
execution-manager-grpc  | [SCHEDULER] 🔄 Entering event loop (NO SLEEP - event-driven!)
execution-manager-grpc  | 
execution-manager-grpc  | [gRPC Client Async] Stream completed, received 1 responses
execution-manager-grpc  | [GRPC THREAD 1] Completed
execution-manager-grpc  | [EPOLL] T=10000 ms: epoll_wait returned 1 event(s)
execution-manager-grpc  | [EPOLL] event[0]: type=0 task=sum1
execution-manager-grpc  | [SCHEDULER] ⏰ T=10000 ms | T_wall=803103775.808 ms: Launching task 1 'sum1' (deadline: 30000 ms)
execution-manager-grpc  | [SCHEDULER] 🕐 Timeout armed for task 1 at T=30000 ms (in 20000 ms)
execution-manager-grpc  | [GRPC THREAD 1] Starting...
execution-manager-grpc  | [EXECUTION MANAGER] ⏱️ T1=803103775.908 ms | Sending gRPC request for task 1 'sum1'
execution-manager-grpc  | [gRPC Channel Pool] Reusing existing channel for localhost:50051 (state=2)
execution-manager-grpc  | [gRPC Client Async] Calling task 'sum1' at localhost:50051
execution-manager-grpc  | [gRPC Client Async] Inputs: {"total_ops": 100, "io_percentage": 75}
execution-manager-grpc  | [gRPC Client Async] Response #1 - Status: COMPLETED
execution-manager-grpc  | 🎉 [T=10138 ms] Task 1 'sum1' COMPLETED
execution-manager-grpc  | [EXECUTION MANAGER] ⏱️ T2=803103776.470 ms | Thread started (server measured)
execution-manager-grpc  | [EXECUTION MANAGER] ⏱️ T3=803103912.889 ms | Task completed (server measured)
execution-manager-grpc  | [EXECUTION MANAGER] ⏱️ T4=803103913.311 ms | Result received by client
execution-manager-grpc  |    [TASK EXECUTION] 136.419 ms (T3-T2, measured in thread)
execution-manager-grpc  |    [RESULT] {"result": 0}
execution-manager-grpc  | 
execution-manager-grpc  | ╔═══════════════════════════════════════════════════════════════╗
execution-manager-grpc  | ║           END-TO-END TIMING MEASUREMENT RECAP                 ║
execution-manager-grpc  | ║                   Task 1: sum1                                 
execution-manager-grpc  | ╠═══════════════════════════════════════════════════════════════╣
execution-manager-grpc  | ║ T1 (start_request)    = 803103775.908 ms                        ║
execution-manager-grpc  | ║ T2 (end_request)      = 803103776.470 ms                        ║
execution-manager-grpc  | ║ T3 (start_result)     = 803103912.889 ms                        ║
execution-manager-grpc  | ║ T4 (end_result)       = 803103913.311 ms                        ║
execution-manager-grpc  | ╠═══════════════════════════════════════════════════════════════╣
execution-manager-grpc  | ║ METRICS:                                                      ║
execution-manager-grpc  | ║   Request Latency    =        0.562 ms  (T2 - T1)            ║
execution-manager-grpc  | ║   Task Execution     =      136.419 ms  (T3 - T2)            ║
execution-manager-grpc  | ║   Response Latency   =        0.422 ms  (T4 - T3)            ║
execution-manager-grpc  | ║   Total End-to-End   =      137.403 ms  (T4 - T1)            ║
execution-manager-grpc  | ║   Network Overhead   =        0.984 ms  (Req + Resp)         ║
execution-manager-grpc  | ╚═══════════════════════════════════════════════════════════════╝
execution-manager-grpc  | 
execution-manager-grpc  | [EPOLL] T=10138 ms: epoll_wait returned 1 event(s)
execution-manager-grpc  | [EPOLL] event[0]: type=2 task=NULL
execution-manager-grpc  | [SCHEDULER] ✅ T=10138 ms: Task 1 'sum1' completed with status 2
execution-manager-grpc  | [SCHEDULER] 🔕 Timeout disarmed for task 1
execution-manager-grpc  | [SCHEDULER] 0 tasks remaining
execution-manager-grpc  | 
execution-manager-grpc  | [SCHEDULER] 🏁 Iteration 35/50 complete!
execution-manager-grpc  | [SCHEDULER] Iteration execution time: 10138 ms
execution-manager-grpc  | 
execution-manager-grpc  | 
execution-manager-grpc  | [SCHEDULER] 🔁 ===== ITERATION 36 / 50 =====
execution-manager-grpc  | 
execution-manager-grpc  | [SCHEDULER] 🚀 Schedule started at T=0
execution-manager-grpc  | 
execution-manager-grpc  | [SCHEDULER] 🔄 Entering event loop (NO SLEEP - event-driven!)
execution-manager-grpc  | 
execution-manager-grpc  | [gRPC Client Async] Stream completed, received 1 responses
execution-manager-grpc  | [GRPC THREAD 1] Completed
execution-manager-grpc  | [EPOLL] T=10000 ms: epoll_wait returned 1 event(s)
execution-manager-grpc  | [EPOLL] event[0]: type=0 task=sum1
execution-manager-grpc  | [SCHEDULER] ⏰ T=10000 ms | T_wall=803113913.428 ms: Launching task 1 'sum1' (deadline: 30000 ms)
execution-manager-grpc  | [SCHEDULER] 🕐 Timeout armed for task 1 at T=30000 ms (in 20000 ms)
execution-manager-grpc  | [GRPC THREAD 1] Starting...
execution-manager-grpc  | [EXECUTION MANAGER] ⏱️ T1=803113913.508 ms | Sending gRPC request for task 1 'sum1'
execution-manager-grpc  | [gRPC Channel Pool] Reusing existing channel for localhost:50051 (state=2)
execution-manager-grpc  | [gRPC Client Async] Calling task 'sum1' at localhost:50051
execution-manager-grpc  | [gRPC Client Async] Inputs: {"total_ops": 100, "io_percentage": 75}
execution-manager-grpc  | [gRPC Client Async] Response #1 - Status: COMPLETED
execution-manager-grpc  | 🎉 [T=10137 ms] Task 1 'sum1' COMPLETED
execution-manager-grpc  | [EXECUTION MANAGER] ⏱️ T2=803113914.034 ms | Thread started (server measured)
execution-manager-grpc  | [EXECUTION MANAGER] ⏱️ T3=803114050.344 ms | Task completed (server measured)
execution-manager-grpc  | [EXECUTION MANAGER] ⏱️ T4=803114050.732 ms | Result received by client
execution-manager-grpc  |    [TASK EXECUTION] 136.310 ms (T3-T2, measured in thread)
execution-manager-grpc  |    [RESULT] {"result": 0}
execution-manager-grpc  | 
execution-manager-grpc  | ╔═══════════════════════════════════════════════════════════════╗
execution-manager-grpc  | ║           END-TO-END TIMING MEASUREMENT RECAP                 ║
execution-manager-grpc  | ║                   Task 1: sum1                                 
execution-manager-grpc  | ╠═══════════════════════════════════════════════════════════════╣
execution-manager-grpc  | ║ T1 (start_request)    = 803113913.508 ms                        ║
execution-manager-grpc  | ║ T2 (end_request)      = 803113914.034 ms                        ║
execution-manager-grpc  | ║ T3 (start_result)     = 803114050.344 ms                        ║
execution-manager-grpc  | ║ T4 (end_result)       = 803114050.732 ms                        ║
execution-manager-grpc  | ╠═══════════════════════════════════════════════════════════════╣
execution-manager-grpc  | ║ METRICS:                                                      ║
execution-manager-grpc  | ║   Request Latency    =        0.526 ms  (T2 - T1)            ║
execution-manager-grpc  | ║   Task Execution     =      136.310 ms  (T3 - T2)            ║
execution-manager-grpc  | ║   Response Latency   =        0.388 ms  (T4 - T3)            ║
execution-manager-grpc  | ║   Total End-to-End   =      137.224 ms  (T4 - T1)            ║
execution-manager-grpc  | ║   Network Overhead   =        0.913 ms  (Req + Resp)         ║
execution-manager-grpc  | ╚═══════════════════════════════════════════════════════════════╝
execution-manager-grpc  | 
execution-manager-grpc  | [EPOLL] T=10137 ms: epoll_wait returned 1 event(s)
execution-manager-grpc  | [EPOLL] event[0]: type=2 task=NULL
execution-manager-grpc  | [SCHEDULER] ✅ T=10137 ms: Task 1 'sum1' completed with status 2
execution-manager-grpc  | [SCHEDULER] 🔕 Timeout disarmed for task 1
execution-manager-grpc  | [SCHEDULER] 0 tasks remaining
execution-manager-grpc  | 
execution-manager-grpc  | [SCHEDULER] 🏁 Iteration 36/50 complete!
execution-manager-grpc  | [SCHEDULER] Iteration execution time: 10137 ms
execution-manager-grpc  | 
execution-manager-grpc  | 
execution-manager-grpc  | [SCHEDULER] 🔁 ===== ITERATION 37 / 50 =====
execution-manager-grpc  | 
execution-manager-grpc  | [SCHEDULER] 🚀 Schedule started at T=0
execution-manager-grpc  | 
execution-manager-grpc  | [SCHEDULER] 🔄 Entering event loop (NO SLEEP - event-driven!)
execution-manager-grpc  | 
execution-manager-grpc  | [gRPC Client Async] Stream completed, received 1 responses
execution-manager-grpc  | [GRPC THREAD 1] Completed
execution-manager-grpc  | [EPOLL] T=10000 ms: epoll_wait returned 1 event(s)
execution-manager-grpc  | [EPOLL] event[0]: type=0 task=sum1
execution-manager-grpc  | [SCHEDULER] ⏰ T=10000 ms | T_wall=803124050.850 ms: Launching task 1 'sum1' (deadline: 30000 ms)
execution-manager-grpc  | [SCHEDULER] 🕐 Timeout armed for task 1 at T=30000 ms (in 20000 ms)
execution-manager-grpc  | [GRPC THREAD 1] Starting...
execution-manager-grpc  | [EXECUTION MANAGER] ⏱️ T1=803124050.928 ms | Sending gRPC request for task 1 'sum1'
execution-manager-grpc  | [gRPC Channel Pool] Reusing existing channel for localhost:50051 (state=2)
execution-manager-grpc  | [gRPC Client Async] Calling task 'sum1' at localhost:50051
execution-manager-grpc  | [gRPC Client Async] Inputs: {"total_ops": 100, "io_percentage": 75}
execution-manager-grpc  | [gRPC Client Async] Response #1 - Status: COMPLETED
execution-manager-grpc  | 🎉 [T=10138 ms] Task 1 'sum1' COMPLETED
execution-manager-grpc  | [EXECUTION MANAGER] ⏱️ T2=803124051.528 ms | Thread started (server measured)
execution-manager-grpc  | [EXECUTION MANAGER] ⏱️ T3=803124187.738 ms | Task completed (server measured)
execution-manager-grpc  | [EXECUTION MANAGER] ⏱️ T4=803124188.140 ms | Result received by client
execution-manager-grpc  |    [TASK EXECUTION] 136.210 ms (T3-T2, measured in thread)
execution-manager-grpc  |    [RESULT] {"result": 0}
execution-manager-grpc  | 
execution-manager-grpc  | ╔═══════════════════════════════════════════════════════════════╗
execution-manager-grpc  | ║           END-TO-END TIMING MEASUREMENT RECAP                 ║
execution-manager-grpc  | ║                   Task 1: sum1                                 
execution-manager-grpc  | ╠═══════════════════════════════════════════════════════════════╣
execution-manager-grpc  | ║ T1 (start_request)    = 803124050.928 ms                        ║
execution-manager-grpc  | ║ T2 (end_request)      = 803124051.528 ms                        ║
execution-manager-grpc  | ║ T3 (start_result)     = 803124187.738 ms                        ║
execution-manager-grpc  | ║ T4 (end_result)       = 803124188.140 ms                        ║
execution-manager-grpc  | ╠═══════════════════════════════════════════════════════════════╣
execution-manager-grpc  | ║ METRICS:                                                      ║
execution-manager-grpc  | ║   Request Latency    =        0.600 ms  (T2 - T1)            ║
execution-manager-grpc  | ║   Task Execution     =      136.210 ms  (T3 - T2)            ║
execution-manager-grpc  | ║   Response Latency   =        0.402 ms  (T4 - T3)            ║
execution-manager-grpc  | ║   Total End-to-End   =      137.211 ms  (T4 - T1)            ║
execution-manager-grpc  | ║   Network Overhead   =        1.002 ms  (Req + Resp)         ║
execution-manager-grpc  | ╚═══════════════════════════════════════════════════════════════╝
execution-manager-grpc  | 
execution-manager-grpc  | [EPOLL] T=10138 ms: epoll_wait returned 1 event(s)
execution-manager-grpc  | [EPOLL] event[0]: type=2 task=NULL
execution-manager-grpc  | [SCHEDULER] ✅ T=10138 ms: Task 1 'sum1' completed with status 2
execution-manager-grpc  | [SCHEDULER] 🔕 Timeout disarmed for task 1
execution-manager-grpc  | [SCHEDULER] 0 tasks remaining
execution-manager-grpc  | 
execution-manager-grpc  | [SCHEDULER] 🏁 Iteration 37/50 complete!
execution-manager-grpc  | [SCHEDULER] Iteration execution time: 10138 ms
execution-manager-grpc  | 
execution-manager-grpc  | 
execution-manager-grpc  | [SCHEDULER] 🔁 ===== ITERATION 38 / 50 =====
execution-manager-grpc  | 
execution-manager-grpc  | [SCHEDULER] 🚀 Schedule started at T=0
execution-manager-grpc  | 
execution-manager-grpc  | [SCHEDULER] 🔄 Entering event loop (NO SLEEP - event-driven!)
execution-manager-grpc  | 
execution-manager-grpc  | [gRPC Client Async] Stream completed, received 1 responses
execution-manager-grpc  | [GRPC THREAD 1] Completed
execution-manager-grpc  | [EPOLL] T=10000 ms: epoll_wait returned 1 event(s)
execution-manager-grpc  | [EPOLL] event[0]: type=0 task=sum1
execution-manager-grpc  | [SCHEDULER] ⏰ T=10000 ms | T_wall=803134188.242 ms: Launching task 1 'sum1' (deadline: 30000 ms)
execution-manager-grpc  | [SCHEDULER] 🕐 Timeout armed for task 1 at T=30000 ms (in 20000 ms)
execution-manager-grpc  | [GRPC THREAD 1] Starting...
execution-manager-grpc  | [EXECUTION MANAGER] ⏱️ T1=803134188.339 ms | Sending gRPC request for task 1 'sum1'
execution-manager-grpc  | [gRPC Channel Pool] Reusing existing channel for localhost:50051 (state=2)
execution-manager-grpc  | [gRPC Client Async] Calling task 'sum1' at localhost:50051
execution-manager-grpc  | [gRPC Client Async] Inputs: {"total_ops": 100, "io_percentage": 75}
execution-manager-grpc  | [gRPC Client Async] Response #1 - Status: COMPLETED
execution-manager-grpc  | 🎉 [T=10137 ms] Task 1 'sum1' COMPLETED
execution-manager-grpc  | [EXECUTION MANAGER] ⏱️ T2=803134188.894 ms | Thread started (server measured)
execution-manager-grpc  | [EXECUTION MANAGER] ⏱️ T3=803134325.130 ms | Task completed (server measured)
execution-manager-grpc  | [EXECUTION MANAGER] ⏱️ T4=803134325.574 ms | Result received by client
execution-manager-grpc  |    [TASK EXECUTION] 136.236 ms (T3-T2, measured in thread)
execution-manager-grpc  |    [RESULT] {"result": 0}
execution-manager-grpc  | 
execution-manager-grpc  | ╔═══════════════════════════════════════════════════════════════╗
execution-manager-grpc  | ║           END-TO-END TIMING MEASUREMENT RECAP                 ║
execution-manager-grpc  | ║                   Task 1: sum1                                 
execution-manager-grpc  | ╠═══════════════════════════════════════════════════════════════╣
execution-manager-grpc  | ║ T1 (start_request)    = 803134188.339 ms                        ║
execution-manager-grpc  | ║ T2 (end_request)      = 803134188.894 ms                        ║
execution-manager-grpc  | ║ T3 (start_result)     = 803134325.130 ms                        ║
execution-manager-grpc  | ║ T4 (end_result)       = 803134325.574 ms                        ║
execution-manager-grpc  | ╠═══════════════════════════════════════════════════════════════╣
execution-manager-grpc  | ║ METRICS:                                                      ║
execution-manager-grpc  | ║   Request Latency    =        0.555 ms  (T2 - T1)            ║
execution-manager-grpc  | ║   Task Execution     =      136.236 ms  (T3 - T2)            ║
execution-manager-grpc  | ║   Response Latency   =        0.444 ms  (T4 - T3)            ║
execution-manager-grpc  | ║   Total End-to-End   =      137.235 ms  (T4 - T1)            ║
execution-manager-grpc  | ║   Network Overhead   =        0.999 ms  (Req + Resp)         ║
execution-manager-grpc  | ╚═══════════════════════════════════════════════════════════════╝
execution-manager-grpc  | 
execution-manager-grpc  | [EPOLL] T=10137 ms: epoll_wait returned 1 event(s)
execution-manager-grpc  | [EPOLL] event[0]: type=2 task=NULL
execution-manager-grpc  | [SCHEDULER] ✅ T=10137 ms: Task 1 'sum1' completed with status 2
execution-manager-grpc  | [SCHEDULER] 🔕 Timeout disarmed for task 1
execution-manager-grpc  | [SCHEDULER] 0 tasks remaining
execution-manager-grpc  | 
execution-manager-grpc  | [SCHEDULER] 🏁 Iteration 38/50 complete!
execution-manager-grpc  | [SCHEDULER] Iteration execution time: 10137 ms
execution-manager-grpc  | 
execution-manager-grpc  | 
execution-manager-grpc  | [SCHEDULER] 🔁 ===== ITERATION 39 / 50 =====
execution-manager-grpc  | 
execution-manager-grpc  | [SCHEDULER] 🚀 Schedule started at T=0
execution-manager-grpc  | 
execution-manager-grpc  | [SCHEDULER] 🔄 Entering event loop (NO SLEEP - event-driven!)
execution-manager-grpc  | 
execution-manager-grpc  | [gRPC Client Async] Stream completed, received 1 responses
execution-manager-grpc  | [GRPC THREAD 1] Completed
execution-manager-grpc  | [EPOLL] T=10000 ms: epoll_wait returned 1 event(s)
execution-manager-grpc  | [EPOLL] event[0]: type=0 task=sum1
execution-manager-grpc  | [SCHEDULER] ⏰ T=10000 ms | T_wall=803144325.680 ms: Launching task 1 'sum1' (deadline: 30000 ms)
execution-manager-grpc  | [SCHEDULER] 🕐 Timeout armed for task 1 at T=30000 ms (in 20000 ms)
execution-manager-grpc  | [GRPC THREAD 1] Starting...
execution-manager-grpc  | [EXECUTION MANAGER] ⏱️ T1=803144325.767 ms | Sending gRPC request for task 1 'sum1'
execution-manager-grpc  | [gRPC Channel Pool] Reusing existing channel for localhost:50051 (state=2)
execution-manager-grpc  | [gRPC Client Async] Calling task 'sum1' at localhost:50051
execution-manager-grpc  | [gRPC Client Async] Inputs: {"total_ops": 100, "io_percentage": 75}
execution-manager-grpc  | [gRPC Client Async] Response #1 - Status: COMPLETED
execution-manager-grpc  | 🎉 [T=10138 ms] Task 1 'sum1' COMPLETED
execution-manager-grpc  | [EXECUTION MANAGER] ⏱️ T2=803144326.312 ms | Thread started (server measured)
execution-manager-grpc  | [EXECUTION MANAGER] ⏱️ T3=803144462.595 ms | Task completed (server measured)
execution-manager-grpc  | [EXECUTION MANAGER] ⏱️ T4=803144463.006 ms | Result received by client
execution-manager-grpc  |    [TASK EXECUTION] 136.283 ms (T3-T2, measured in thread)
execution-manager-grpc  |    [RESULT] {"result": 0}
execution-manager-grpc  | 
execution-manager-grpc  | ╔═══════════════════════════════════════════════════════════════╗
execution-manager-grpc  | ║           END-TO-END TIMING MEASUREMENT RECAP                 ║
execution-manager-grpc  | ║                   Task 1: sum1                                 
execution-manager-grpc  | ╠═══════════════════════════════════════════════════════════════╣
execution-manager-grpc  | ║ T1 (start_request)    = 803144325.767 ms                        ║
execution-manager-grpc  | ║ T2 (end_request)      = 803144326.312 ms                        ║
execution-manager-grpc  | ║ T3 (start_result)     = 803144462.595 ms                        ║
execution-manager-grpc  | ║ T4 (end_result)       = 803144463.006 ms                        ║
execution-manager-grpc  | ╠═══════════════════════════════════════════════════════════════╣
execution-manager-grpc  | ║ METRICS:                                                      ║
execution-manager-grpc  | ║   Request Latency    =        0.546 ms  (T2 - T1)            ║
execution-manager-grpc  | ║   Task Execution     =      136.283 ms  (T3 - T2)            ║
execution-manager-grpc  | ║   Response Latency   =        0.411 ms  (T4 - T3)            ║
execution-manager-grpc  | ║   Total End-to-End   =      137.239 ms  (T4 - T1)            ║
execution-manager-grpc  | ║   Network Overhead   =        0.956 ms  (Req + Resp)         ║
execution-manager-grpc  | ╚═══════════════════════════════════════════════════════════════╝
execution-manager-grpc  | 
execution-manager-grpc  | [EPOLL] T=10138 ms: epoll_wait returned 1 event(s)
execution-manager-grpc  | [EPOLL] event[0]: type=2 task=NULL
execution-manager-grpc  | [SCHEDULER] ✅ T=10138 ms: Task 1 'sum1' completed with status 2
execution-manager-grpc  | [SCHEDULER] 🔕 Timeout disarmed for task 1
execution-manager-grpc  | [SCHEDULER] 0 tasks remaining
execution-manager-grpc  | 
execution-manager-grpc  | [SCHEDULER] 🏁 Iteration 39/50 complete!
execution-manager-grpc  | [SCHEDULER] Iteration execution time: 10138 ms
execution-manager-grpc  | 
execution-manager-grpc  | 
execution-manager-grpc  | [SCHEDULER] 🔁 ===== ITERATION 40 / 50 =====
execution-manager-grpc  | 
execution-manager-grpc  | [SCHEDULER] 🚀 Schedule started at T=0
execution-manager-grpc  | 
execution-manager-grpc  | [SCHEDULER] 🔄 Entering event loop (NO SLEEP - event-driven!)
execution-manager-grpc  | 
execution-manager-grpc  | [gRPC Client Async] Stream completed, received 1 responses
execution-manager-grpc  | [GRPC THREAD 1] Completed
execution-manager-grpc  | [EPOLL] T=10000 ms: epoll_wait returned 1 event(s)
execution-manager-grpc  | [EPOLL] event[0]: type=0 task=sum1
execution-manager-grpc  | [SCHEDULER] ⏰ T=10000 ms | T_wall=803154463.143 ms: Launching task 1 'sum1' (deadline: 30000 ms)
execution-manager-grpc  | [SCHEDULER] 🕐 Timeout armed for task 1 at T=30000 ms (in 20000 ms)
execution-manager-grpc  | [GRPC THREAD 1] Starting...
execution-manager-grpc  | [EXECUTION MANAGER] ⏱️ T1=803154463.236 ms | Sending gRPC request for task 1 'sum1'
execution-manager-grpc  | [gRPC Channel Pool] Reusing existing channel for localhost:50051 (state=2)
execution-manager-grpc  | [gRPC Client Async] Calling task 'sum1' at localhost:50051
execution-manager-grpc  | [gRPC Client Async] Inputs: {"total_ops": 100, "io_percentage": 75}
execution-manager-grpc  | [gRPC Client Async] Response #1 - Status: COMPLETED
execution-manager-grpc  | 🎉 [T=10137 ms] Task 1 'sum1' COMPLETED
execution-manager-grpc  | [EXECUTION MANAGER] ⏱️ T2=803154463.811 ms | Thread started (server measured)
execution-manager-grpc  | [EXECUTION MANAGER] ⏱️ T3=803154600.094 ms | Task completed (server measured)
execution-manager-grpc  | [EXECUTION MANAGER] ⏱️ T4=803154600.692 ms | Result received by client
execution-manager-grpc  |    [TASK EXECUTION] 136.283 ms (T3-T2, measured in thread)
execution-manager-grpc  |    [RESULT] {"result": 0}
execution-manager-grpc  | 
execution-manager-grpc  | ╔═══════════════════════════════════════════════════════════════╗
execution-manager-grpc  | ║           END-TO-END TIMING MEASUREMENT RECAP                 ║
execution-manager-grpc  | ║                   Task 1: sum1                                 
execution-manager-grpc  | ╠═══════════════════════════════════════════════════════════════╣
execution-manager-grpc  | ║ T1 (start_request)    = 803154463.236 ms                        ║
execution-manager-grpc  | ║ T2 (end_request)      = 803154463.811 ms                        ║
execution-manager-grpc  | ║ T3 (start_result)     = 803154600.094 ms                        ║
execution-manager-grpc  | ║ T4 (end_result)       = 803154600.692 ms                        ║
execution-manager-grpc  | ╠═══════════════════════════════════════════════════════════════╣
execution-manager-grpc  | ║ METRICS:                                                      ║
execution-manager-grpc  | ║   Request Latency    =        0.576 ms  (T2 - T1)            ║
execution-manager-grpc  | ║   Task Execution     =      136.283 ms  (T3 - T2)            ║
execution-manager-grpc  | ║   Response Latency   =        0.598 ms  (T4 - T3)            ║
execution-manager-grpc  | ║   Total End-to-End   =      137.456 ms  (T4 - T1)            ║
execution-manager-grpc  | ║   Network Overhead   =        1.174 ms  (Req + Resp)         ║
execution-manager-grpc  | ╚═══════════════════════════════════════════════════════════════╝
execution-manager-grpc  | 
execution-manager-grpc  | [EPOLL] T=10137 ms: epoll_wait returned 1 event(s)
execution-manager-grpc  | [EPOLL] event[0]: type=2 task=NULL
execution-manager-grpc  | [SCHEDULER] ✅ T=10137 ms: Task 1 'sum1' completed with status 2
execution-manager-grpc  | [SCHEDULER] 🔕 Timeout disarmed for task 1
execution-manager-grpc  | [SCHEDULER] 0 tasks remaining
execution-manager-grpc  | 
execution-manager-grpc  | [SCHEDULER] 🏁 Iteration 40/50 complete!
execution-manager-grpc  | [SCHEDULER] Iteration execution time: 10137 ms
execution-manager-grpc  | 
execution-manager-grpc  | 
execution-manager-grpc  | [SCHEDULER] 🔁 ===== ITERATION 41 / 50 =====
execution-manager-grpc  | 
execution-manager-grpc  | [SCHEDULER] 🚀 Schedule started at T=0
execution-manager-grpc  | 
execution-manager-grpc  | [SCHEDULER] 🔄 Entering event loop (NO SLEEP - event-driven!)
execution-manager-grpc  | 
execution-manager-grpc  | [gRPC Client Async] Stream completed, received 1 responses
execution-manager-grpc  | [GRPC THREAD 1] Completed
execution-manager-grpc  | [EPOLL] T=10000 ms: epoll_wait returned 1 event(s)
execution-manager-grpc  | [EPOLL] event[0]: type=0 task=sum1
execution-manager-grpc  | [SCHEDULER] ⏰ T=10000 ms | T_wall=803164600.833 ms: Launching task 1 'sum1' (deadline: 30000 ms)
execution-manager-grpc  | [SCHEDULER] 🕐 Timeout armed for task 1 at T=30000 ms (in 20000 ms)
execution-manager-grpc  | [GRPC THREAD 1] Starting...
execution-manager-grpc  | [EXECUTION MANAGER] ⏱️ T1=803164600.935 ms | Sending gRPC request for task 1 'sum1'
execution-manager-grpc  | [gRPC Channel Pool] Reusing existing channel for localhost:50051 (state=2)
execution-manager-grpc  | [gRPC Client Async] Calling task 'sum1' at localhost:50051
execution-manager-grpc  | [gRPC Client Async] Inputs: {"total_ops": 100, "io_percentage": 75}
execution-manager-grpc  | [gRPC Client Async] Response #1 - Status: COMPLETED
execution-manager-grpc  | 🎉 [T=10138 ms] Task 1 'sum1' COMPLETED
execution-manager-grpc  | [EXECUTION MANAGER] ⏱️ T2=803164601.648 ms | Thread started (server measured)
execution-manager-grpc  | [EXECUTION MANAGER] ⏱️ T3=803164737.828 ms | Task completed (server measured)
execution-manager-grpc  | [EXECUTION MANAGER] ⏱️ T4=803164738.214 ms | Result received by client
execution-manager-grpc  |    [TASK EXECUTION] 136.180 ms (T3-T2, measured in thread)
execution-manager-grpc  |    [RESULT] {"result": 0}
execution-manager-grpc  | 
execution-manager-grpc  | ╔═══════════════════════════════════════════════════════════════╗
execution-manager-grpc  | ║           END-TO-END TIMING MEASUREMENT RECAP                 ║
execution-manager-grpc  | ║                   Task 1: sum1                                 
execution-manager-grpc  | ╠═══════════════════════════════════════════════════════════════╣
execution-manager-grpc  | ║ T1 (start_request)    = 803164600.935 ms                        ║
execution-manager-grpc  | ║ T2 (end_request)      = 803164601.648 ms                        ║
execution-manager-grpc  | ║ T3 (start_result)     = 803164737.828 ms                        ║
execution-manager-grpc  | ║ T4 (end_result)       = 803164738.214 ms                        ║
execution-manager-grpc  | ╠═══════════════════════════════════════════════════════════════╣
execution-manager-grpc  | ║ METRICS:                                                      ║
execution-manager-grpc  | ║   Request Latency    =        0.713 ms  (T2 - T1)            ║
execution-manager-grpc  | ║   Task Execution     =      136.180 ms  (T3 - T2)            ║
execution-manager-grpc  | ║   Response Latency   =        0.386 ms  (T4 - T3)            ║
execution-manager-grpc  | ║   Total End-to-End   =      137.279 ms  (T4 - T1)            ║
execution-manager-grpc  | ║   Network Overhead   =        1.099 ms  (Req + Resp)         ║
execution-manager-grpc  | ╚═══════════════════════════════════════════════════════════════╝
execution-manager-grpc  | 
execution-manager-grpc  | [EPOLL] T=10138 ms: epoll_wait returned 1 event(s)
execution-manager-grpc  | [EPOLL] event[0]: type=2 task=NULL
execution-manager-grpc  | [SCHEDULER] ✅ T=10138 ms: Task 1 'sum1' completed with status 2
execution-manager-grpc  | [SCHEDULER] 🔕 Timeout disarmed for task 1
execution-manager-grpc  | [SCHEDULER] 0 tasks remaining
execution-manager-grpc  | 
execution-manager-grpc  | [SCHEDULER] 🏁 Iteration 41/50 complete!
execution-manager-grpc  | [SCHEDULER] Iteration execution time: 10138 ms
execution-manager-grpc  | 
execution-manager-grpc  | 
execution-manager-grpc  | [SCHEDULER] 🔁 ===== ITERATION 42 / 50 =====
execution-manager-grpc  | 
execution-manager-grpc  | [SCHEDULER] 🚀 Schedule started at T=0
execution-manager-grpc  | 
execution-manager-grpc  | [SCHEDULER] 🔄 Entering event loop (NO SLEEP - event-driven!)
execution-manager-grpc  | 
execution-manager-grpc  | [gRPC Client Async] Stream completed, received 1 responses
execution-manager-grpc  | [GRPC THREAD 1] Completed
execution-manager-grpc  | [EPOLL] T=10000 ms: epoll_wait returned 1 event(s)
execution-manager-grpc  | [EPOLL] event[0]: type=0 task=sum1
execution-manager-grpc  | [SCHEDULER] ⏰ T=10000 ms | T_wall=803174738.331 ms: Launching task 1 'sum1' (deadline: 30000 ms)
execution-manager-grpc  | [SCHEDULER] 🕐 Timeout armed for task 1 at T=30000 ms (in 20000 ms)
execution-manager-grpc  | [GRPC THREAD 1] Starting...
execution-manager-grpc  | [EXECUTION MANAGER] ⏱️ T1=803174738.420 ms | Sending gRPC request for task 1 'sum1'
execution-manager-grpc  | [gRPC Channel Pool] Reusing existing channel for localhost:50051 (state=2)
execution-manager-grpc  | [gRPC Client Async] Calling task 'sum1' at localhost:50051
execution-manager-grpc  | [gRPC Client Async] Inputs: {"total_ops": 100, "io_percentage": 75}
execution-manager-grpc  | [gRPC Client Async] Response #1 - Status: COMPLETED
execution-manager-grpc  | 🎉 [T=10137 ms] Task 1 'sum1' COMPLETED
execution-manager-grpc  | [EXECUTION MANAGER] ⏱️ T2=803174738.953 ms | Thread started (server measured)
execution-manager-grpc  | [EXECUTION MANAGER] ⏱️ T3=803174875.220 ms | Task completed (server measured)
execution-manager-grpc  | [EXECUTION MANAGER] ⏱️ T4=803174875.629 ms | Result received by client
execution-manager-grpc  |    [TASK EXECUTION] 136.267 ms (T3-T2, measured in thread)
execution-manager-grpc  |    [RESULT] {"result": 0}
execution-manager-grpc  | 
execution-manager-grpc  | ╔═══════════════════════════════════════════════════════════════╗
execution-manager-grpc  | ║           END-TO-END TIMING MEASUREMENT RECAP                 ║
execution-manager-grpc  | ║                   Task 1: sum1                                 
execution-manager-grpc  | ╠═══════════════════════════════════════════════════════════════╣
execution-manager-grpc  | ║ T1 (start_request)    = 803174738.420 ms                        ║
execution-manager-grpc  | ║ T2 (end_request)      = 803174738.953 ms                        ║
execution-manager-grpc  | ║ T3 (start_result)     = 803174875.220 ms                        ║
execution-manager-grpc  | ║ T4 (end_result)       = 803174875.629 ms                        ║
execution-manager-grpc  | ╠═══════════════════════════════════════════════════════════════╣
execution-manager-grpc  | ║ METRICS:                                                      ║
execution-manager-grpc  | ║   Request Latency    =        0.533 ms  (T2 - T1)            ║
execution-manager-grpc  | ║   Task Execution     =      136.267 ms  (T3 - T2)            ║
execution-manager-grpc  | ║   Response Latency   =        0.409 ms  (T4 - T3)            ║
execution-manager-grpc  | ║   Total End-to-End   =      137.209 ms  (T4 - T1)            ║
execution-manager-grpc  | ║   Network Overhead   =        0.942 ms  (Req + Resp)         ║
execution-manager-grpc  | ╚═══════════════════════════════════════════════════════════════╝
execution-manager-grpc  | 
execution-manager-grpc  | [EPOLL] T=10137 ms: epoll_wait returned 1 event(s)
execution-manager-grpc  | [EPOLL] event[0]: type=2 task=NULL
execution-manager-grpc  | [SCHEDULER] ✅ T=10137 ms: Task 1 'sum1' completed with status 2
execution-manager-grpc  | [SCHEDULER] 🔕 Timeout disarmed for task 1
execution-manager-grpc  | [SCHEDULER] 0 tasks remaining
execution-manager-grpc  | 
execution-manager-grpc  | [SCHEDULER] 🏁 Iteration 42/50 complete!
execution-manager-grpc  | [SCHEDULER] Iteration execution time: 10137 ms
execution-manager-grpc  | 
execution-manager-grpc  | 
execution-manager-grpc  | [SCHEDULER] 🔁 ===== ITERATION 43 / 50 =====
execution-manager-grpc  | 
execution-manager-grpc  | [SCHEDULER] 🚀 Schedule started at T=0
execution-manager-grpc  | 
execution-manager-grpc  | [SCHEDULER] 🔄 Entering event loop (NO SLEEP - event-driven!)
execution-manager-grpc  | 
execution-manager-grpc  | [gRPC Client Async] Stream completed, received 1 responses
execution-manager-grpc  | [GRPC THREAD 1] Completed
execution-manager-grpc  | [EPOLL] T=10000 ms: epoll_wait returned 1 event(s)
execution-manager-grpc  | [EPOLL] event[0]: type=0 task=sum1
execution-manager-grpc  | [SCHEDULER] ⏰ T=10000 ms | T_wall=803184875.738 ms: Launching task 1 'sum1' (deadline: 30000 ms)
execution-manager-grpc  | [SCHEDULER] 🕐 Timeout armed for task 1 at T=30000 ms (in 20000 ms)
execution-manager-grpc  | [GRPC THREAD 1] Starting...
execution-manager-grpc  | [EXECUTION MANAGER] ⏱️ T1=803184875.833 ms | Sending gRPC request for task 1 'sum1'
execution-manager-grpc  | [gRPC Channel Pool] Reusing existing channel for localhost:50051 (state=2)
execution-manager-grpc  | [gRPC Client Async] Calling task 'sum1' at localhost:50051
execution-manager-grpc  | [gRPC Client Async] Inputs: {"total_ops": 100, "io_percentage": 75}
execution-manager-grpc  | [gRPC Client Async] Response #1 - Status: COMPLETED
execution-manager-grpc  | 🎉 [T=10138 ms] Task 1 'sum1' COMPLETED
execution-manager-grpc  | [EXECUTION MANAGER] ⏱️ T2=803184876.401 ms | Thread started (server measured)
execution-manager-grpc  | [EXECUTION MANAGER] ⏱️ T3=803185013.081 ms | Task completed (server measured)
execution-manager-grpc  | [EXECUTION MANAGER] ⏱️ T4=803185013.536 ms | Result received by client
execution-manager-grpc  |    [TASK EXECUTION] 136.679 ms (T3-T2, measured in thread)
execution-manager-grpc  |    [RESULT] {"result": 0}
execution-manager-grpc  | 
execution-manager-grpc  | ╔═══════════════════════════════════════════════════════════════╗
execution-manager-grpc  | ║           END-TO-END TIMING MEASUREMENT RECAP                 ║
execution-manager-grpc  | ║                   Task 1: sum1                                 
execution-manager-grpc  | ╠═══════════════════════════════════════════════════════════════╣
execution-manager-grpc  | ║ T1 (start_request)    = 803184875.833 ms                        ║
execution-manager-grpc  | ║ T2 (end_request)      = 803184876.401 ms                        ║
execution-manager-grpc  | ║ T3 (start_result)     = 803185013.081 ms                        ║
execution-manager-grpc  | ║ T4 (end_result)       = 803185013.536 ms                        ║
execution-manager-grpc  | ╠═══════════════════════════════════════════════════════════════╣
execution-manager-grpc  | ║ METRICS:                                                      ║
execution-manager-grpc  | ║   Request Latency    =        0.568 ms  (T2 - T1)            ║
execution-manager-grpc  | ║   Task Execution     =      136.679 ms  (T3 - T2)            ║
execution-manager-grpc  | ║   Response Latency   =        0.456 ms  (T4 - T3)            ║
execution-manager-grpc  | ║   Total End-to-End   =      137.703 ms  (T4 - T1)            ║
execution-manager-grpc  | ║   Network Overhead   =        1.024 ms  (Req + Resp)         ║
execution-manager-grpc  | ╚═══════════════════════════════════════════════════════════════╝
execution-manager-grpc  | 
execution-manager-grpc  | [EPOLL] T=10138 ms: epoll_wait returned 1 event(s)
execution-manager-grpc  | [EPOLL] event[0]: type=2 task=NULL
execution-manager-grpc  | [SCHEDULER] ✅ T=10138 ms: Task 1 'sum1' completed with status 2
execution-manager-grpc  | [SCHEDULER] 🔕 Timeout disarmed for task 1
execution-manager-grpc  | [SCHEDULER] 0 tasks remaining
execution-manager-grpc  | 
execution-manager-grpc  | [SCHEDULER] 🏁 Iteration 43/50 complete!
execution-manager-grpc  | [SCHEDULER] Iteration execution time: 10138 ms
execution-manager-grpc  | 
execution-manager-grpc  | 
execution-manager-grpc  | [SCHEDULER] 🔁 ===== ITERATION 44 / 50 =====
execution-manager-grpc  | 
execution-manager-grpc  | [SCHEDULER] 🚀 Schedule started at T=0
execution-manager-grpc  | 
execution-manager-grpc  | [SCHEDULER] 🔄 Entering event loop (NO SLEEP - event-driven!)
execution-manager-grpc  | 
execution-manager-grpc  | [gRPC Client Async] Stream completed, received 1 responses
execution-manager-grpc  | [GRPC THREAD 1] Completed
execution-manager-grpc  | [EPOLL] T=10000 ms: epoll_wait returned 1 event(s)
execution-manager-grpc  | [EPOLL] event[0]: type=0 task=sum1
execution-manager-grpc  | [SCHEDULER] ⏰ T=10000 ms | T_wall=803195013.661 ms: Launching task 1 'sum1' (deadline: 30000 ms)
execution-manager-grpc  | [SCHEDULER] 🕐 Timeout armed for task 1 at T=30000 ms (in 20000 ms)
execution-manager-grpc  | [GRPC THREAD 1] Starting...
execution-manager-grpc  | [EXECUTION MANAGER] ⏱️ T1=803195013.753 ms | Sending gRPC request for task 1 'sum1'
execution-manager-grpc  | [gRPC Channel Pool] Reusing existing channel for localhost:50051 (state=2)
execution-manager-grpc  | [gRPC Client Async] Calling task 'sum1' at localhost:50051
execution-manager-grpc  | [gRPC Client Async] Inputs: {"total_ops": 100, "io_percentage": 75}
execution-manager-grpc  | [gRPC Client Async] Response #1 - Status: COMPLETED
execution-manager-grpc  | 🎉 [T=10138 ms] Task 1 'sum1' COMPLETED
execution-manager-grpc  | [EXECUTION MANAGER] ⏱️ T2=803195014.312 ms | Thread started (server measured)
execution-manager-grpc  | [EXECUTION MANAGER] ⏱️ T3=803195150.928 ms | Task completed (server measured)
execution-manager-grpc  | [EXECUTION MANAGER] ⏱️ T4=803195151.371 ms | Result received by client
execution-manager-grpc  |    [TASK EXECUTION] 136.616 ms (T3-T2, measured in thread)
execution-manager-grpc  |    [RESULT] {"result": 0}
execution-manager-grpc  | 
execution-manager-grpc  | ╔═══════════════════════════════════════════════════════════════╗
execution-manager-grpc  | ║           END-TO-END TIMING MEASUREMENT RECAP                 ║
execution-manager-grpc  | ║                   Task 1: sum1                                 
execution-manager-grpc  | ╠═══════════════════════════════════════════════════════════════╣
execution-manager-grpc  | ║ T1 (start_request)    = 803195013.753 ms                        ║
execution-manager-grpc  | ║ T2 (end_request)      = 803195014.312 ms                        ║
execution-manager-grpc  | ║ T3 (start_result)     = 803195150.928 ms                        ║
execution-manager-grpc  | ║ T4 (end_result)       = 803195151.371 ms                        ║
execution-manager-grpc  | ╠═══════════════════════════════════════════════════════════════╣
execution-manager-grpc  | ║ METRICS:                                                      ║
execution-manager-grpc  | ║   Request Latency    =        0.559 ms  (T2 - T1)            ║
execution-manager-grpc  | ║   Task Execution     =      136.616 ms  (T3 - T2)            ║
execution-manager-grpc  | ║   Response Latency   =        0.444 ms  (T4 - T3)            ║
execution-manager-grpc  | ║   Total End-to-End   =      137.618 ms  (T4 - T1)            ║
execution-manager-grpc  | ║   Network Overhead   =        1.002 ms  (Req + Resp)         ║
execution-manager-grpc  | ╚═══════════════════════════════════════════════════════════════╝
execution-manager-grpc  | 
execution-manager-grpc  | [EPOLL] T=10138 ms: epoll_wait returned 1 event(s)
execution-manager-grpc  | [EPOLL] event[0]: type=2 task=NULL
execution-manager-grpc  | [SCHEDULER] ✅ T=10138 ms: Task 1 'sum1' completed with status 2
execution-manager-grpc  | [SCHEDULER] 🔕 Timeout disarmed for task 1
execution-manager-grpc  | [SCHEDULER] 0 tasks remaining
execution-manager-grpc  | 
execution-manager-grpc  | [SCHEDULER] 🏁 Iteration 44/50 complete!
execution-manager-grpc  | [SCHEDULER] Iteration execution time: 10138 ms
execution-manager-grpc  | 
execution-manager-grpc  | 
execution-manager-grpc  | [SCHEDULER] 🔁 ===== ITERATION 45 / 50 =====
execution-manager-grpc  | 
execution-manager-grpc  | [SCHEDULER] 🚀 Schedule started at T=0
execution-manager-grpc  | 
execution-manager-grpc  | [SCHEDULER] 🔄 Entering event loop (NO SLEEP - event-driven!)
execution-manager-grpc  | 
execution-manager-grpc  | [gRPC Client Async] Stream completed, received 1 responses
execution-manager-grpc  | [GRPC THREAD 1] Completed
execution-manager-grpc  | [EPOLL] T=10000 ms: epoll_wait returned 1 event(s)
execution-manager-grpc  | [EPOLL] event[0]: type=0 task=sum1
execution-manager-grpc  | [SCHEDULER] ⏰ T=10000 ms | T_wall=803205151.498 ms: Launching task 1 'sum1' (deadline: 30000 ms)
execution-manager-grpc  | [SCHEDULER] 🕐 Timeout armed for task 1 at T=30000 ms (in 20000 ms)
execution-manager-grpc  | [GRPC THREAD 1] Starting...
execution-manager-grpc  | [EXECUTION MANAGER] ⏱️ T1=803205151.591 ms | Sending gRPC request for task 1 'sum1'
execution-manager-grpc  | [gRPC Channel Pool] Reusing existing channel for localhost:50051 (state=2)
execution-manager-grpc  | [gRPC Client Async] Calling task 'sum1' at localhost:50051
execution-manager-grpc  | [gRPC Client Async] Inputs: {"total_ops": 100, "io_percentage": 75}
execution-manager-grpc  | [gRPC Client Async] Response #1 - Status: COMPLETED
execution-manager-grpc  | 🎉 [T=10138 ms] Task 1 'sum1' COMPLETED
execution-manager-grpc  | [EXECUTION MANAGER] ⏱️ T2=803205152.132 ms | Thread started (server measured)
execution-manager-grpc  | [EXECUTION MANAGER] ⏱️ T3=803205288.746 ms | Task completed (server measured)
execution-manager-grpc  | [EXECUTION MANAGER] ⏱️ T4=803205289.192 ms | Result received by client
execution-manager-grpc  |    [TASK EXECUTION] 136.614 ms (T3-T2, measured in thread)
execution-manager-grpc  |    [RESULT] {"result": 0}
execution-manager-grpc  | 
execution-manager-grpc  | ╔═══════════════════════════════════════════════════════════════╗
execution-manager-grpc  | ║           END-TO-END TIMING MEASUREMENT RECAP                 ║
execution-manager-grpc  | ║                   Task 1: sum1                                 
execution-manager-grpc  | ╠═══════════════════════════════════════════════════════════════╣
execution-manager-grpc  | ║ T1 (start_request)    = 803205151.591 ms                        ║
execution-manager-grpc  | ║ T2 (end_request)      = 803205152.132 ms                        ║
execution-manager-grpc  | ║ T3 (start_result)     = 803205288.746 ms                        ║
execution-manager-grpc  | ║ T4 (end_result)       = 803205289.192 ms                        ║
execution-manager-grpc  | ╠═══════════════════════════════════════════════════════════════╣
execution-manager-grpc  | ║ METRICS:                                                      ║
execution-manager-grpc  | ║   Request Latency    =        0.541 ms  (T2 - T1)            ║
execution-manager-grpc  | ║   Task Execution     =      136.614 ms  (T3 - T2)            ║
execution-manager-grpc  | ║   Response Latency   =        0.446 ms  (T4 - T3)            ║
execution-manager-grpc  | ║   Total End-to-End   =      137.601 ms  (T4 - T1)            ║
execution-manager-grpc  | ║   Network Overhead   =        0.987 ms  (Req + Resp)         ║
execution-manager-grpc  | ╚═══════════════════════════════════════════════════════════════╝
execution-manager-grpc  | 
execution-manager-grpc  | [EPOLL] T=10138 ms: epoll_wait returned 1 event(s)
execution-manager-grpc  | [EPOLL] event[0]: type=2 task=NULL
execution-manager-grpc  | [SCHEDULER] ✅ T=10138 ms: Task 1 'sum1' completed with status 2
execution-manager-grpc  | [SCHEDULER] 🔕 Timeout disarmed for task 1
execution-manager-grpc  | [SCHEDULER] 0 tasks remaining
execution-manager-grpc  | 
execution-manager-grpc  | [SCHEDULER] 🏁 Iteration 45/50 complete!
execution-manager-grpc  | [SCHEDULER] Iteration execution time: 10138 ms
execution-manager-grpc  | 
execution-manager-grpc  | 
execution-manager-grpc  | [SCHEDULER] 🔁 ===== ITERATION 46 / 50 =====
execution-manager-grpc  | 
execution-manager-grpc  | [SCHEDULER] 🚀 Schedule started at T=0
execution-manager-grpc  | 
execution-manager-grpc  | [SCHEDULER] 🔄 Entering event loop (NO SLEEP - event-driven!)
execution-manager-grpc  | 
execution-manager-grpc  | [gRPC Client Async] Stream completed, received 1 responses
execution-manager-grpc  | [GRPC THREAD 1] Completed
execution-manager-grpc  | [EPOLL] T=10000 ms: epoll_wait returned 1 event(s)
execution-manager-grpc  | [EPOLL] event[0]: type=0 task=sum1
execution-manager-grpc  | [SCHEDULER] ⏰ T=10000 ms | T_wall=803215289.321 ms: Launching task 1 'sum1' (deadline: 30000 ms)
execution-manager-grpc  | [SCHEDULER] 🕐 Timeout armed for task 1 at T=30000 ms (in 20000 ms)
execution-manager-grpc  | [GRPC THREAD 1] Starting...
execution-manager-grpc  | [EXECUTION MANAGER] ⏱️ T1=803215289.419 ms | Sending gRPC request for task 1 'sum1'
execution-manager-grpc  | [gRPC Channel Pool] Reusing existing channel for localhost:50051 (state=2)
execution-manager-grpc  | [gRPC Client Async] Calling task 'sum1' at localhost:50051
execution-manager-grpc  | [gRPC Client Async] Inputs: {"total_ops": 100, "io_percentage": 75}
execution-manager-grpc  | [gRPC Client Async] Response #1 - Status: COMPLETED
execution-manager-grpc  | 🎉 [T=10137 ms] Task 1 'sum1' COMPLETED
execution-manager-grpc  | [EXECUTION MANAGER] ⏱️ T2=803215289.950 ms | Thread started (server measured)
execution-manager-grpc  | [EXECUTION MANAGER] ⏱️ T3=803215426.501 ms | Task completed (server measured)
execution-manager-grpc  | [EXECUTION MANAGER] ⏱️ T4=803215426.959 ms | Result received by client
execution-manager-grpc  |    [TASK EXECUTION] 136.551 ms (T3-T2, measured in thread)
execution-manager-grpc  |    [RESULT] {"result": 0}
execution-manager-grpc  | 
execution-manager-grpc  | ╔═══════════════════════════════════════════════════════════════╗
execution-manager-grpc  | ║           END-TO-END TIMING MEASUREMENT RECAP                 ║
execution-manager-grpc  | ║                   Task 1: sum1                                 
execution-manager-grpc  | ╠═══════════════════════════════════════════════════════════════╣
execution-manager-grpc  | ║ T1 (start_request)    = 803215289.419 ms                        ║
execution-manager-grpc  | ║ T2 (end_request)      = 803215289.950 ms                        ║
execution-manager-grpc  | ║ T3 (start_result)     = 803215426.501 ms                        ║
execution-manager-grpc  | ║ T4 (end_result)       = 803215426.959 ms                        ║
execution-manager-grpc  | ╠═══════════════════════════════════════════════════════════════╣
execution-manager-grpc  | ║ METRICS:                                                      ║
execution-manager-grpc  | ║   Request Latency    =        0.531 ms  (T2 - T1)            ║
execution-manager-grpc  | ║   Task Execution     =      136.551 ms  (T3 - T2)            ║
execution-manager-grpc  | ║   Response Latency   =        0.458 ms  (T4 - T3)            ║
execution-manager-grpc  | ║   Total End-to-End   =      137.541 ms  (T4 - T1)            ║
execution-manager-grpc  | ║   Network Overhead   =        0.989 ms  (Req + Resp)         ║
execution-manager-grpc  | ╚═══════════════════════════════════════════════════════════════╝
execution-manager-grpc  | 
execution-manager-grpc  | [EPOLL] T=10137 ms: epoll_wait returned 1 event(s)
execution-manager-grpc  | [EPOLL] event[0]: type=2 task=NULL
execution-manager-grpc  | [SCHEDULER] ✅ T=10137 ms: Task 1 'sum1' completed with status 2
execution-manager-grpc  | [SCHEDULER] 🔕 Timeout disarmed for task 1
execution-manager-grpc  | [SCHEDULER] 0 tasks remaining
execution-manager-grpc  | 
execution-manager-grpc  | [SCHEDULER] 🏁 Iteration 46/50 complete!
execution-manager-grpc  | [SCHEDULER] Iteration execution time: 10138 ms
execution-manager-grpc  | 
execution-manager-grpc  | 
execution-manager-grpc  | [SCHEDULER] 🔁 ===== ITERATION 47 / 50 =====
execution-manager-grpc  | 
execution-manager-grpc  | [SCHEDULER] 🚀 Schedule started at T=0
execution-manager-grpc  | 
execution-manager-grpc  | [SCHEDULER] 🔄 Entering event loop (NO SLEEP - event-driven!)
execution-manager-grpc  | 
execution-manager-grpc  | [gRPC Client Async] Stream completed, received 1 responses
execution-manager-grpc  | [GRPC THREAD 1] Completed
execution-manager-grpc  | [EPOLL] T=10000 ms: epoll_wait returned 1 event(s)
execution-manager-grpc  | [EPOLL] event[0]: type=0 task=sum1
execution-manager-grpc  | [SCHEDULER] ⏰ T=10000 ms | T_wall=803225427.137 ms: Launching task 1 'sum1' (deadline: 30000 ms)
execution-manager-grpc  | [SCHEDULER] 🕐 Timeout armed for task 1 at T=30000 ms (in 20000 ms)
execution-manager-grpc  | [GRPC THREAD 1] Starting...
execution-manager-grpc  | [EXECUTION MANAGER] ⏱️ T1=803225427.236 ms | Sending gRPC request for task 1 'sum1'
execution-manager-grpc  | [gRPC Channel Pool] Reusing existing channel for localhost:50051 (state=2)
execution-manager-grpc  | [gRPC Client Async] Calling task 'sum1' at localhost:50051
execution-manager-grpc  | [gRPC Client Async] Inputs: {"total_ops": 100, "io_percentage": 75}
execution-manager-grpc  | [gRPC Client Async] Response #1 - Status: COMPLETED
execution-manager-grpc  | 🎉 [T=10137 ms] Task 1 'sum1' COMPLETED
execution-manager-grpc  | [EXECUTION MANAGER] ⏱️ T2=803225427.825 ms | Thread started (server measured)
execution-manager-grpc  | [EXECUTION MANAGER] ⏱️ T3=803225563.970 ms | Task completed (server measured)
execution-manager-grpc  | [EXECUTION MANAGER] ⏱️ T4=803225564.420 ms | Result received by client
execution-manager-grpc  |    [TASK EXECUTION] 136.146 ms (T3-T2, measured in thread)
execution-manager-grpc  |    [RESULT] {"result": 0}
execution-manager-grpc  | 
execution-manager-grpc  | ╔═══════════════════════════════════════════════════════════════╗
execution-manager-grpc  | ║           END-TO-END TIMING MEASUREMENT RECAP                 ║
execution-manager-grpc  | ║                   Task 1: sum1                                 
execution-manager-grpc  | ╠═══════════════════════════════════════════════════════════════╣
execution-manager-grpc  | ║ T1 (start_request)    = 803225427.236 ms                        ║
execution-manager-grpc  | ║ T2 (end_request)      = 803225427.825 ms                        ║
execution-manager-grpc  | ║ T3 (start_result)     = 803225563.970 ms                        ║
execution-manager-grpc  | ║ T4 (end_result)       = 803225564.420 ms                        ║
execution-manager-grpc  | ╠═══════════════════════════════════════════════════════════════╣
execution-manager-grpc  | ║ METRICS:                                                      ║
execution-manager-grpc  | ║   Request Latency    =        0.589 ms  (T2 - T1)            ║
execution-manager-grpc  | ║   Task Execution     =      136.146 ms  (T3 - T2)            ║
execution-manager-grpc  | ║   Response Latency   =        0.449 ms  (T4 - T3)            ║
execution-manager-grpc  | ║   Total End-to-End   =      137.184 ms  (T4 - T1)            ║
execution-manager-grpc  | ║   Network Overhead   =        1.038 ms  (Req + Resp)         ║
execution-manager-grpc  | ╚═══════════════════════════════════════════════════════════════╝
execution-manager-grpc  | 
execution-manager-grpc  | [EPOLL] T=10137 ms: epoll_wait returned 1 event(s)
execution-manager-grpc  | [EPOLL] event[0]: type=2 task=NULL
execution-manager-grpc  | [SCHEDULER] ✅ T=10137 ms: Task 1 'sum1' completed with status 2
execution-manager-grpc  | [SCHEDULER] 🔕 Timeout disarmed for task 1
execution-manager-grpc  | [SCHEDULER] 0 tasks remaining
execution-manager-grpc  | 
execution-manager-grpc  | [SCHEDULER] 🏁 Iteration 47/50 complete!
execution-manager-grpc  | [SCHEDULER] Iteration execution time: 10137 ms
execution-manager-grpc  | 
execution-manager-grpc  | 
execution-manager-grpc  | [SCHEDULER] 🔁 ===== ITERATION 48 / 50 =====
execution-manager-grpc  | 
execution-manager-grpc  | [SCHEDULER] 🚀 Schedule started at T=0
execution-manager-grpc  | 
execution-manager-grpc  | [SCHEDULER] 🔄 Entering event loop (NO SLEEP - event-driven!)
execution-manager-grpc  | 
execution-manager-grpc  | [gRPC Client Async] Stream completed, received 1 responses
execution-manager-grpc  | [GRPC THREAD 1] Completed
execution-manager-grpc  | [EPOLL] T=10000 ms: epoll_wait returned 1 event(s)
execution-manager-grpc  | [EPOLL] event[0]: type=0 task=sum1
execution-manager-grpc  | [SCHEDULER] ⏰ T=10000 ms | T_wall=803235564.530 ms: Launching task 1 'sum1' (deadline: 30000 ms)
execution-manager-grpc  | [SCHEDULER] 🕐 Timeout armed for task 1 at T=30000 ms (in 20000 ms)
execution-manager-grpc  | [GRPC THREAD 1] Starting...
execution-manager-grpc  | [EXECUTION MANAGER] ⏱️ T1=803235564.615 ms | Sending gRPC request for task 1 'sum1'
execution-manager-grpc  | [gRPC Channel Pool] Reusing existing channel for localhost:50051 (state=2)
execution-manager-grpc  | [gRPC Client Async] Calling task 'sum1' at localhost:50051
execution-manager-grpc  | [gRPC Client Async] Inputs: {"total_ops": 100, "io_percentage": 75}
execution-manager-grpc  | [gRPC Client Async] Response #1 - Status: COMPLETED
execution-manager-grpc  | 🎉 [T=10137 ms] Task 1 'sum1' COMPLETED
execution-manager-grpc  | [EXECUTION MANAGER] ⏱️ T2=803235565.153 ms | Thread started (server measured)
execution-manager-grpc  | [EXECUTION MANAGER] ⏱️ T3=803235701.185 ms | Task completed (server measured)
execution-manager-grpc  | [EXECUTION MANAGER] ⏱️ T4=803235701.606 ms | Result received by client
execution-manager-grpc  |    [TASK EXECUTION] 136.033 ms (T3-T2, measured in thread)
execution-manager-grpc  |    [RESULT] {"result": 0}
execution-manager-grpc  | 
execution-manager-grpc  | ╔═══════════════════════════════════════════════════════════════╗
execution-manager-grpc  | ║           END-TO-END TIMING MEASUREMENT RECAP                 ║
execution-manager-grpc  | ║                   Task 1: sum1                                 
execution-manager-grpc  | ╠═══════════════════════════════════════════════════════════════╣
execution-manager-grpc  | ║ T1 (start_request)    = 803235564.615 ms                        ║
execution-manager-grpc  | ║ T2 (end_request)      = 803235565.153 ms                        ║
execution-manager-grpc  | ║ T3 (start_result)     = 803235701.185 ms                        ║
execution-manager-grpc  | ║ T4 (end_result)       = 803235701.606 ms                        ║
execution-manager-grpc  | ╠═══════════════════════════════════════════════════════════════╣
execution-manager-grpc  | ║ METRICS:                                                      ║
execution-manager-grpc  | ║   Request Latency    =        0.538 ms  (T2 - T1)            ║
execution-manager-grpc  | ║   Task Execution     =      136.033 ms  (T3 - T2)            ║
execution-manager-grpc  | ║   Response Latency   =        0.421 ms  (T4 - T3)            ║
execution-manager-grpc  | ║   Total End-to-End   =      136.991 ms  (T4 - T1)            ║
execution-manager-grpc  | ║   Network Overhead   =        0.958 ms  (Req + Resp)         ║
execution-manager-grpc  | ╚═══════════════════════════════════════════════════════════════╝
execution-manager-grpc  | 
execution-manager-grpc  | [EPOLL] T=10137 ms: epoll_wait returned 1 event(s)
execution-manager-grpc  | [EPOLL] event[0]: type=2 task=NULL
execution-manager-grpc  | [SCHEDULER] ✅ T=10137 ms: Task 1 'sum1' completed with status 2
execution-manager-grpc  | [SCHEDULER] 🔕 Timeout disarmed for task 1
execution-manager-grpc  | [SCHEDULER] 0 tasks remaining
execution-manager-grpc  | 
execution-manager-grpc  | [SCHEDULER] 🏁 Iteration 48/50 complete!
execution-manager-grpc  | [SCHEDULER] Iteration execution time: 10137 ms
execution-manager-grpc  | 
execution-manager-grpc  | 
execution-manager-grpc  | [SCHEDULER] 🔁 ===== ITERATION 49 / 50 =====
execution-manager-grpc  | 
execution-manager-grpc  | [SCHEDULER] 🚀 Schedule started at T=0
execution-manager-grpc  | 
execution-manager-grpc  | [SCHEDULER] 🔄 Entering event loop (NO SLEEP - event-driven!)
execution-manager-grpc  | 
execution-manager-grpc  | [gRPC Client Async] Stream completed, received 1 responses
execution-manager-grpc  | [GRPC THREAD 1] Completed
execution-manager-grpc  | [EPOLL] T=10000 ms: epoll_wait returned 1 event(s)
execution-manager-grpc  | [EPOLL] event[0]: type=0 task=sum1
execution-manager-grpc  | [SCHEDULER] ⏰ T=10000 ms | T_wall=803245701.725 ms: Launching task 1 'sum1' (deadline: 30000 ms)
execution-manager-grpc  | [SCHEDULER] 🕐 Timeout armed for task 1 at T=30000 ms (in 20000 ms)
execution-manager-grpc  | [GRPC THREAD 1] Starting...
execution-manager-grpc  | [EXECUTION MANAGER] ⏱️ T1=803245701.816 ms | Sending gRPC request for task 1 'sum1'
execution-manager-grpc  | [gRPC Channel Pool] Reusing existing channel for localhost:50051 (state=2)
execution-manager-grpc  | [gRPC Client Async] Calling task 'sum1' at localhost:50051
execution-manager-grpc  | [gRPC Client Async] Inputs: {"total_ops": 100, "io_percentage": 75}
execution-manager-grpc  | [gRPC Client Async] Response #1 - Status: COMPLETED
execution-manager-grpc  | 🎉 [T=10137 ms] Task 1 'sum1' COMPLETED
execution-manager-grpc  | [EXECUTION MANAGER] ⏱️ T2=803245702.359 ms | Thread started (server measured)
execution-manager-grpc  | [EXECUTION MANAGER] ⏱️ T3=803245838.522 ms | Task completed (server measured)
execution-manager-grpc  | [EXECUTION MANAGER] ⏱️ T4=803245838.934 ms | Result received by client
execution-manager-grpc  |    [TASK EXECUTION] 136.163 ms (T3-T2, measured in thread)
execution-manager-grpc  |    [RESULT] {"result": 0}
execution-manager-grpc  | 
execution-manager-grpc  | ╔═══════════════════════════════════════════════════════════════╗
execution-manager-grpc  | ║           END-TO-END TIMING MEASUREMENT RECAP                 ║
execution-manager-grpc  | ║                   Task 1: sum1                                 
execution-manager-grpc  | ╠═══════════════════════════════════════════════════════════════╣
execution-manager-grpc  | ║ T1 (start_request)    = 803245701.816 ms                        ║
execution-manager-grpc  | ║ T2 (end_request)      = 803245702.359 ms                        ║
execution-manager-grpc  | ║ T3 (start_result)     = 803245838.522 ms                        ║
execution-manager-grpc  | ║ T4 (end_result)       = 803245838.934 ms                        ║
execution-manager-grpc  | ╠═══════════════════════════════════════════════════════════════╣
execution-manager-grpc  | ║ METRICS:                                                      ║
execution-manager-grpc  | ║   Request Latency    =        0.543 ms  (T2 - T1)            ║
execution-manager-grpc  | ║   Task Execution     =      136.163 ms  (T3 - T2)            ║
execution-manager-grpc  | ║   Response Latency   =        0.412 ms  (T4 - T3)            ║
execution-manager-grpc  | ║   Total End-to-End   =      137.118 ms  (T4 - T1)            ║
execution-manager-grpc  | ║   Network Overhead   =        0.955 ms  (Req + Resp)         ║
execution-manager-grpc  | ╚═══════════════════════════════════════════════════════════════╝
execution-manager-grpc  | 
execution-manager-grpc  | [EPOLL] T=10137 ms: epoll_wait returned 1 event(s)
execution-manager-grpc  | [EPOLL] event[0]: type=2 task=NULL
execution-manager-grpc  | [SCHEDULER] ✅ T=10137 ms: Task 1 'sum1' completed with status 2
execution-manager-grpc  | [SCHEDULER] 🔕 Timeout disarmed for task 1
execution-manager-grpc  | [SCHEDULER] 0 tasks remaining
execution-manager-grpc  | 
execution-manager-grpc  | [SCHEDULER] 🏁 Iteration 49/50 complete!
execution-manager-grpc  | [SCHEDULER] Iteration execution time: 10137 ms
execution-manager-grpc  | 
execution-manager-grpc  | 
execution-manager-grpc  | [SCHEDULER] 🔁 ===== ITERATION 50 / 50 =====
execution-manager-grpc  | 
execution-manager-grpc  | [SCHEDULER] 🚀 Schedule started at T=0
execution-manager-grpc  | 
execution-manager-grpc  | [SCHEDULER] 🔄 Entering event loop (NO SLEEP - event-driven!)
execution-manager-grpc  | 
execution-manager-grpc  | [gRPC Client Async] Stream completed, received 1 responses
execution-manager-grpc  | [GRPC THREAD 1] Completed
execution-manager-grpc  | [EPOLL] T=10000 ms: epoll_wait returned 1 event(s)
execution-manager-grpc  | [EPOLL] event[0]: type=0 task=sum1
execution-manager-grpc  | [SCHEDULER] ⏰ T=10000 ms | T_wall=803255839.173 ms: Launching task 1 'sum1' (deadline: 30000 ms)
execution-manager-grpc  | [SCHEDULER] 🕐 Timeout armed for task 1 at T=30000 ms (in 20000 ms)
execution-manager-grpc  | [GRPC THREAD 1] Starting...
execution-manager-grpc  | [EXECUTION MANAGER] ⏱️ T1=803255839.255 ms | Sending gRPC request for task 1 'sum1'
execution-manager-grpc  | [gRPC Channel Pool] Reusing existing channel for localhost:50051 (state=2)
execution-manager-grpc  | [gRPC Client Async] Calling task 'sum1' at localhost:50051
execution-manager-grpc  | [gRPC Client Async] Inputs: {"total_ops": 100, "io_percentage": 75}
execution-manager-grpc  | [gRPC Client Async] Response #1 - Status: COMPLETED
execution-manager-grpc  | 🎉 [T=10137 ms] Task 1 'sum1' COMPLETED
execution-manager-grpc  | [EXECUTION MANAGER] ⏱️ T2=803255839.816 ms | Thread started (server measured)
execution-manager-grpc  | [EXECUTION MANAGER] ⏱️ T3=803255976.083 ms | Task completed (server measured)
execution-manager-grpc  | [EXECUTION MANAGER] ⏱️ T4=803255976.545 ms | Result received by client
execution-manager-grpc  |    [TASK EXECUTION] 136.267 ms (T3-T2, measured in thread)
execution-manager-grpc  |    [RESULT] {"result": 0}
execution-manager-grpc  | 
execution-manager-grpc  | ╔═══════════════════════════════════════════════════════════════╗
execution-manager-grpc  | ║           END-TO-END TIMING MEASUREMENT RECAP                 ║
execution-manager-grpc  | ║                   Task 1: sum1                                 
execution-manager-grpc  | ╠═══════════════════════════════════════════════════════════════╣
execution-manager-grpc  | ║ T1 (start_request)    = 803255839.255 ms                        ║
execution-manager-grpc  | ║ T2 (end_request)      = 803255839.816 ms                        ║
execution-manager-grpc  | ║ T3 (start_result)     = 803255976.083 ms                        ║
execution-manager-grpc  | ║ T4 (end_result)       = 803255976.545 ms                        ║
execution-manager-grpc  | ╠═══════════════════════════════════════════════════════════════╣
execution-manager-grpc  | ║ METRICS:                                                      ║
execution-manager-grpc  | ║   Request Latency    =        0.561 ms  (T2 - T1)            ║
execution-manager-grpc  | ║   Task Execution     =      136.267 ms  (T3 - T2)            ║
execution-manager-grpc  | ║   Response Latency   =        0.463 ms  (T4 - T3)            ║
execution-manager-grpc  | ║   Total End-to-End   =      137.291 ms  (T4 - T1)            ║
execution-manager-grpc  | ║   Network Overhead   =        1.024 ms  (Req + Resp)         ║
execution-manager-grpc  | ╚═══════════════════════════════════════════════════════════════╝
execution-manager-grpc  | 
execution-manager-grpc  | [EPOLL] T=10137 ms: epoll_wait returned 1 event(s)
execution-manager-grpc  | [EPOLL] event[0]: type=2 task=NULL
execution-manager-grpc  | [SCHEDULER] ✅ T=10137 ms: Task 1 'sum1' completed with status 2
execution-manager-grpc  | [SCHEDULER] 🔕 Timeout disarmed for task 1
execution-manager-grpc  | [SCHEDULER] 0 tasks remaining
execution-manager-grpc  | 
execution-manager-grpc  | [SCHEDULER] 🏁 Iteration 50/50 complete!
execution-manager-grpc  | [SCHEDULER] Iteration execution time: 10137 ms
execution-manager-grpc  | 
execution-manager-grpc  | 
execution-manager-grpc  | [SCHEDULER] 🏁 All 50 iteration(s) completed!
execution-manager-grpc  | [SCHEDULER] Total execution time: 10137 ms
execution-manager-grpc  | 
execution-manager-grpc  | Test Suite Finished Successfully.
[Kexecution-manager-grpc exited with code 0
