 Container execution-manager  Recreate
 Container execution-manager  Recreated
Attaching to execution-manager
execution-manager  | ============================================
execution-manager  |    DUAL PRIORITY QUEUE ARCHITECTURE TESTER  
execution-manager  | ============================================
execution-manager  | 
execution-manager  | ✅ Execution Manager running with SCHED_FIFO priority 90
execution-manager  |    This ensures precise timing and prevents preemption by tasks
execution-manager  | 
execution-manager  | 
execution-manager  | [Redis] Reading schedule from Redis...
execution-manager  | 
execution-manager  | === REDIS DATA ===
execution-manager  | Schedule: Configurable CPU/IO Benchmark (v0.0.0)
execution-manager  | Number of tasks: 1
execution-manager  | Iterations: 50
execution-manager  | 
execution-manager  | Tasks:
execution-manager  |   1. Task: sum1
execution-manager  |      Policy: fifo, Priority: 50, Start: 10 ms
execution-manager  |      Inputs: {"total_ops": {"type": "int", "value": 100}, "io_percentage": {"type": "int", "value": 0}}
execution-manager  | 
execution-manager  | ==================
execution-manager  | 
execution-manager  | 
execution-manager  | ============================================
execution-manager  |    REAL-TIME EVENT-DRIVEN SCHEDULER
execution-manager  | ============================================
execution-manager  | 
execution-manager  | [SCHEDULER] 🚀 Loading schedule: 1 task(s), 50 iteration(s)
execution-manager  | 
execution-manager  | [SCHEDULER] DEBUG - Task 1: start_time=10 s, deadline=30 s (parsed from Redis)
execution-manager  | [SCHEDULER] 📋 Task 1 'sum1': start=10000 ms, deadline=30000 ms
execution-manager  | 
execution-manager  | [SCHEDULER] 🔁 ===== ITERATION 1 / 50 =====
execution-manager  | 
execution-manager  | [SCHEDULER] 🚀 Schedule started at T=0
execution-manager  | 
execution-manager  | [SCHEDULER] 🔄 Entering event loop (NO SLEEP - event-driven!)
execution-manager  | 
execution-manager  | [SCHEDULER] ⏰ T=10000 ms | T_wall=107627487.436 ms: Launching task 1 'sum1' (deadline: 30000 ms)
execution-manager  | [SCHEDULER] 🕐 Timeout armed for task 1 at T=30000 ms (in 20000 ms)
execution-manager  | [GRPC THREAD 1] Starting...
execution-manager  | [EXECUTION MANAGER] ⏱️ T1=107627487.644 ms | Sending gRPC request for task 1 'sum1'
execution-manager  | [gRPC Channel Pool] Creating new channel for localhost:50051
execution-manager  | [gRPC Client Async] Calling task 'sum1' at localhost:50051
execution-manager  | [gRPC Client Async] Inputs: {"total_ops": 100, "io_percentage": 0}
execution-manager  | [gRPC Client Async] Response #1 - Status: COMPLETED
execution-manager  | 🎉 [T=12369 ms] Task 1 'sum1' COMPLETED
execution-manager  | [EXECUTION MANAGER] ⏱️ T2=107627515.594 ms | Thread started (server measured)
execution-manager  | [EXECUTION MANAGER] ⏱️ T3=107629855.768 ms | Task completed (server measured)
execution-manager  | [EXECUTION MANAGER] ⏱️ T4=107629856.616 ms | Result received by client
execution-manager  |    [TASK EXECUTION] 2340.173 ms (T3-T2, measured in thread)
execution-manager  |    [RESULT] {"result": 0}
execution-manager  | 
execution-manager  | ╔═══════════════════════════════════════════════════════════════╗
execution-manager  | ║           END-TO-END TIMING MEASUREMENT RECAP                 ║
execution-manager  | ║                   Task 1: sum1                                 
execution-manager  | ╠═══════════════════════════════════════════════════════════════╣
execution-manager  | ║ T1 (start_request)    = 107627487.644 ms                        ║
execution-manager  | ║ T2 (end_request)      = 107627515.594 ms                        ║
execution-manager  | ║ T3 (start_result)     = 107629855.768 ms                        ║
execution-manager  | ║ T4 (end_result)       = 107629856.616 ms                        ║
execution-manager  | ╠═══════════════════════════════════════════════════════════════╣
execution-manager  | ║ METRICS:                                                      ║
execution-manager  | ║   Request Latency    =       27.951 ms  (T2 - T1)            ║
execution-manager  | ║   Task Execution     =     2340.173 ms  (T3 - T2)            ║
execution-manager  | ║   Response Latency   =        0.848 ms  (T4 - T3)            ║
execution-manager  | ║   Total End-to-End   =     2368.973 ms  (T4 - T1)            ║
execution-manager  | ║   Network Overhead   =       28.799 ms  (Req + Resp)         ║
execution-manager  | ╚═══════════════════════════════════════════════════════════════╝
execution-manager  | 
execution-manager  | [gRPC Client Async] Stream completed, received 1 responses
execution-manager  | [GRPC THREAD 1] Completed
execution-manager  | [SCHEDULER] ✅ T=12370 ms: Task 1 'sum1' completed with status 2
execution-manager  | [SCHEDULER] 🔕 Timeout disarmed for task 1
execution-manager  | [SCHEDULER] 0 tasks remaining
execution-manager  | 
execution-manager  | [SCHEDULER] 🏁 Iteration 1/50 complete!
execution-manager  | [SCHEDULER] Iteration execution time: 12370 ms
execution-manager  | 
execution-manager  | 
execution-manager  | [SCHEDULER] 🔁 ===== ITERATION 2 / 50 =====
execution-manager  | 
execution-manager  | [SCHEDULER] 🚀 Schedule started at T=0
execution-manager  | 
execution-manager  | [SCHEDULER] 🔄 Entering event loop (NO SLEEP - event-driven!)
execution-manager  | 
execution-manager  | [SCHEDULER] ⏰ T=10000 ms | T_wall=107639857.204 ms: Launching task 1 'sum1' (deadline: 30000 ms)
execution-manager  | [SCHEDULER] 🕐 Timeout armed for task 1 at T=30000 ms (in 20000 ms)
execution-manager  | [GRPC THREAD 1] Starting...
execution-manager  | [EXECUTION MANAGER] ⏱️ T1=107639857.466 ms | Sending gRPC request for task 1 'sum1'
execution-manager  | [gRPC Channel Pool] Reusing existing channel for localhost:50051
execution-manager  | [gRPC Client Async] Calling task 'sum1' at localhost:50051
execution-manager  | [gRPC Client Async] Inputs: {"total_ops": 100, "io_percentage": 0}
execution-manager  | [gRPC Client Async] Response #1 - Status: COMPLETED
execution-manager  | 🎉 [T=12409 ms] Task 1 'sum1' COMPLETED
execution-manager  | [EXECUTION MANAGER] ⏱️ T2=107639875.628 ms | Thread started (server measured)
execution-manager  | [EXECUTION MANAGER] ⏱️ T3=107642265.566 ms | Task completed (server measured)
execution-manager  | [EXECUTION MANAGER] ⏱️ T4=107642266.348 ms | Result received by client
execution-manager  |    [TASK EXECUTION] 2389.938 ms (T3-T2, measured in thread)
execution-manager  |    [RESULT] {"result": 0}
execution-manager  | 
execution-manager  | ╔═══════════════════════════════════════════════════════════════╗
execution-manager  | ║           END-TO-END TIMING MEASUREMENT RECAP                 ║
execution-manager  | ║                   Task 1: sum1                                 
execution-manager  | ╠═══════════════════════════════════════════════════════════════╣
execution-manager  | ║ T1 (start_request)    = 107639857.466 ms                        ║
execution-manager  | ║ T2 (end_request)      = 107639875.628 ms                        ║
execution-manager  | ║ T3 (start_result)     = 107642265.566 ms                        ║
execution-manager  | ║ T4 (end_result)       = 107642266.348 ms                        ║
execution-manager  | ╠═══════════════════════════════════════════════════════════════╣
execution-manager  | ║ METRICS:                                                      ║
execution-manager  | ║   Request Latency    =       18.162 ms  (T2 - T1)            ║
execution-manager  | ║   Task Execution     =     2389.938 ms  (T3 - T2)            ║
execution-manager  | ║   Response Latency   =        0.782 ms  (T4 - T3)            ║
execution-manager  | ║   Total End-to-End   =     2408.882 ms  (T4 - T1)            ║
execution-manager  | ║   Network Overhead   =       18.944 ms  (Req + Resp)         ║
execution-manager  | ╚═══════════════════════════════════════════════════════════════╝
execution-manager  | 
execution-manager  | [gRPC Client Async] Stream completed, received 1 responses
execution-manager  | [GRPC THREAD 1] Completed
execution-manager  | [SCHEDULER] ✅ T=12409 ms: Task 1 'sum1' completed with status 2
execution-manager  | [SCHEDULER] 🔕 Timeout disarmed for task 1
execution-manager  | [SCHEDULER] 0 tasks remaining
execution-manager  | 
execution-manager  | [SCHEDULER] 🏁 Iteration 2/50 complete!
execution-manager  | [SCHEDULER] Iteration execution time: 12409 ms
execution-manager  | 
execution-manager  | 
execution-manager  | [SCHEDULER] 🔁 ===== ITERATION 3 / 50 =====
execution-manager  | 
execution-manager  | [SCHEDULER] 🚀 Schedule started at T=0
execution-manager  | 
execution-manager  | [SCHEDULER] 🔄 Entering event loop (NO SLEEP - event-driven!)
execution-manager  | 
execution-manager  | [SCHEDULER] ⏰ T=10000 ms | T_wall=107652266.760 ms: Launching task 1 'sum1' (deadline: 30000 ms)
execution-manager  | [SCHEDULER] 🕐 Timeout armed for task 1 at T=30000 ms (in 20000 ms)
execution-manager  | [GRPC THREAD 1] Starting...
execution-manager  | [EXECUTION MANAGER] ⏱️ T1=107652266.898 ms | Sending gRPC request for task 1 'sum1'
execution-manager  | [gRPC Channel Pool] Reusing existing channel for localhost:50051
execution-manager  | [gRPC Client Async] Calling task 'sum1' at localhost:50051
execution-manager  | [gRPC Client Async] Inputs: {"total_ops": 100, "io_percentage": 0}
execution-manager  | [gRPC Client Async] Response #1 - Status: COMPLETED
execution-manager  | 🎉 [T=12343 ms] Task 1 'sum1' COMPLETED
execution-manager  | [EXECUTION MANAGER] ⏱️ T2=107652267.985 ms | Thread started (server measured)
execution-manager  | [EXECUTION MANAGER] ⏱️ T3=107654608.614 ms | Task completed (server measured)
execution-manager  | [EXECUTION MANAGER] ⏱️ T4=107654609.318 ms | Result received by client
execution-manager  |    [TASK EXECUTION] 2340.628 ms (T3-T2, measured in thread)
execution-manager  |    [RESULT] {"result": 0}
execution-manager  | 
execution-manager  | ╔═══════════════════════════════════════════════════════════════╗
execution-manager  | ║           END-TO-END TIMING MEASUREMENT RECAP                 ║
execution-manager  | ║                   Task 1: sum1                                 
execution-manager  | ╠═══════════════════════════════════════════════════════════════╣
execution-manager  | ║ T1 (start_request)    = 107652266.898 ms                        ║
execution-manager  | ║ T2 (end_request)      = 107652267.985 ms                        ║
execution-manager  | ║ T3 (start_result)     = 107654608.614 ms                        ║
execution-manager  | ║ T4 (end_result)       = 107654609.318 ms                        ║
execution-manager  | ╠═══════════════════════════════════════════════════════════════╣
execution-manager  | ║ METRICS:                                                      ║
execution-manager  | ║   Request Latency    =        1.087 ms  (T2 - T1)            ║
execution-manager  | ║   Task Execution     =     2340.628 ms  (T3 - T2)            ║
execution-manager  | ║   Response Latency   =        0.704 ms  (T4 - T3)            ║
execution-manager  | ║   Total End-to-End   =     2342.420 ms  (T4 - T1)            ║
execution-manager  | ║   Network Overhead   =        1.791 ms  (Req + Resp)         ║
execution-manager  | ╚═══════════════════════════════════════════════════════════════╝
execution-manager  | 
execution-manager  | [gRPC Client Async] Stream completed, received 1 responses
execution-manager  | [GRPC THREAD 1] Completed
execution-manager  | [SCHEDULER] ✅ T=12343 ms: Task 1 'sum1' completed with status 2
execution-manager  | [SCHEDULER] 🔕 Timeout disarmed for task 1
execution-manager  | [SCHEDULER] 0 tasks remaining
execution-manager  | 
execution-manager  | [SCHEDULER] 🏁 Iteration 3/50 complete!
execution-manager  | [SCHEDULER] Iteration execution time: 12343 ms
execution-manager  | 
execution-manager  | 
execution-manager  | [SCHEDULER] 🔁 ===== ITERATION 4 / 50 =====
execution-manager  | 
execution-manager  | [SCHEDULER] 🚀 Schedule started at T=0
execution-manager  | 
execution-manager  | [SCHEDULER] 🔄 Entering event loop (NO SLEEP - event-driven!)
execution-manager  | 
execution-manager  | [SCHEDULER] ⏰ T=10000 ms | T_wall=107664609.788 ms: Launching task 1 'sum1' (deadline: 30000 ms)
execution-manager  | [SCHEDULER] 🕐 Timeout armed for task 1 at T=30000 ms (in 20000 ms)
execution-manager  | [GRPC THREAD 1] Starting...
execution-manager  | [EXECUTION MANAGER] ⏱️ T1=107664609.921 ms | Sending gRPC request for task 1 'sum1'
execution-manager  | [gRPC Channel Pool] Reusing existing channel for localhost:50051
execution-manager  | [gRPC Client Async] Calling task 'sum1' at localhost:50051
execution-manager  | [gRPC Client Async] Inputs: {"total_ops": 100, "io_percentage": 0}
execution-manager  | [gRPC Client Async] Response #1 - Status: COMPLETED
execution-manager  | 🎉 [T=12342 ms] Task 1 'sum1' COMPLETED
execution-manager  | [EXECUTION MANAGER] ⏱️ T2=107664610.825 ms | Thread started (server measured)
execution-manager  | [EXECUTION MANAGER] ⏱️ T3=107666950.444 ms | Task completed (server measured)
execution-manager  | [EXECUTION MANAGER] ⏱️ T4=107666951.200 ms | Result received by client
execution-manager  |    [TASK EXECUTION] 2339.619 ms (T3-T2, measured in thread)
execution-manager  |    [RESULT] {"result": 0}
execution-manager  | 
execution-manager  | ╔═══════════════════════════════════════════════════════════════╗
execution-manager  | ║           END-TO-END TIMING MEASUREMENT RECAP                 ║
execution-manager  | ║                   Task 1: sum1                                 
execution-manager  | ╠═══════════════════════════════════════════════════════════════╣
execution-manager  | ║ T1 (start_request)    = 107664609.921 ms                        ║
execution-manager  | ║ T2 (end_request)      = 107664610.825 ms                        ║
execution-manager  | ║ T3 (start_result)     = 107666950.444 ms                        ║
execution-manager  | ║ T4 (end_result)       = 107666951.200 ms                        ║
execution-manager  | ╠═══════════════════════════════════════════════════════════════╣
execution-manager  | ║ METRICS:                                                      ║
execution-manager  | ║   Request Latency    =        0.904 ms  (T2 - T1)            ║
execution-manager  | ║   Task Execution     =     2339.619 ms  (T3 - T2)            ║
execution-manager  | ║   Response Latency   =        0.757 ms  (T4 - T3)            ║
execution-manager  | ║   Total End-to-End   =     2341.279 ms  (T4 - T1)            ║
execution-manager  | ║   Network Overhead   =        1.660 ms  (Req + Resp)         ║
execution-manager  | ╚═══════════════════════════════════════════════════════════════╝
execution-manager  | 
execution-manager  | [gRPC Client Async] Stream completed, received 1 responses
execution-manager  | [GRPC THREAD 1] Completed
execution-manager  | [SCHEDULER] ✅ T=12342 ms: Task 1 'sum1' completed with status 2
execution-manager  | [SCHEDULER] 🔕 Timeout disarmed for task 1
execution-manager  | [SCHEDULER] 0 tasks remaining
execution-manager  | 
execution-manager  | [SCHEDULER] 🏁 Iteration 4/50 complete!
execution-manager  | [SCHEDULER] Iteration execution time: 12342 ms
execution-manager  | 
execution-manager  | 
execution-manager  | [SCHEDULER] 🔁 ===== ITERATION 5 / 50 =====
execution-manager  | 
execution-manager  | [SCHEDULER] 🚀 Schedule started at T=0
execution-manager  | 
execution-manager  | [SCHEDULER] 🔄 Entering event loop (NO SLEEP - event-driven!)
execution-manager  | 
execution-manager  | [SCHEDULER] ⏰ T=10000 ms | T_wall=107676951.691 ms: Launching task 1 'sum1' (deadline: 30000 ms)
execution-manager  | [SCHEDULER] 🕐 Timeout armed for task 1 at T=30000 ms (in 20000 ms)
execution-manager  | [GRPC THREAD 1] Starting...
execution-manager  | [EXECUTION MANAGER] ⏱️ T1=107676951.828 ms | Sending gRPC request for task 1 'sum1'
execution-manager  | [gRPC Channel Pool] Reusing existing channel for localhost:50051
execution-manager  | [gRPC Client Async] Calling task 'sum1' at localhost:50051
execution-manager  | [gRPC Client Async] Inputs: {"total_ops": 100, "io_percentage": 0}
execution-manager  | [gRPC Client Async] Response #1 - Status: COMPLETED
execution-manager  | 🎉 [T=12392 ms] Task 1 'sum1' COMPLETED
execution-manager  | [EXECUTION MANAGER] ⏱️ T2=107676952.682 ms | Thread started (server measured)
execution-manager  | [EXECUTION MANAGER] ⏱️ T3=107679342.435 ms | Task completed (server measured)
execution-manager  | [EXECUTION MANAGER] ⏱️ T4=107679343.123 ms | Result received by client
execution-manager  |    [TASK EXECUTION] 2389.753 ms (T3-T2, measured in thread)
execution-manager  |    [RESULT] {"result": 0}
execution-manager  | 
execution-manager  | ╔═══════════════════════════════════════════════════════════════╗
execution-manager  | ║           END-TO-END TIMING MEASUREMENT RECAP                 ║
execution-manager  | ║                   Task 1: sum1                                 
execution-manager  | ╠═══════════════════════════════════════════════════════════════╣
execution-manager  | ║ T1 (start_request)    = 107676951.828 ms                        ║
execution-manager  | ║ T2 (end_request)      = 107676952.682 ms                        ║
execution-manager  | ║ T3 (start_result)     = 107679342.435 ms                        ║
execution-manager  | ║ T4 (end_result)       = 107679343.123 ms                        ║
execution-manager  | ╠═══════════════════════════════════════════════════════════════╣
execution-manager  | ║ METRICS:                                                      ║
execution-manager  | ║   Request Latency    =        0.853 ms  (T2 - T1)            ║
execution-manager  | ║   Task Execution     =     2389.753 ms  (T3 - T2)            ║
execution-manager  | ║   Response Latency   =        0.688 ms  (T4 - T3)            ║
execution-manager  | ║   Total End-to-End   =     2391.295 ms  (T4 - T1)            ║
execution-manager  | ║   Network Overhead   =        1.541 ms  (Req + Resp)         ║
execution-manager  | ╚═══════════════════════════════════════════════════════════════╝
execution-manager  | 
execution-manager  | [gRPC Client Async] Stream completed, received 1 responses
execution-manager  | [GRPC THREAD 1] Completed
execution-manager  | [SCHEDULER] ✅ T=12392 ms: Task 1 'sum1' completed with status 2
execution-manager  | [SCHEDULER] 🔕 Timeout disarmed for task 1
execution-manager  | [SCHEDULER] 0 tasks remaining
execution-manager  | 
execution-manager  | [SCHEDULER] 🏁 Iteration 5/50 complete!
execution-manager  | [SCHEDULER] Iteration execution time: 12392 ms
execution-manager  | 
execution-manager  | 
execution-manager  | [SCHEDULER] 🔁 ===== ITERATION 6 / 50 =====
execution-manager  | 
execution-manager  | [SCHEDULER] 🚀 Schedule started at T=0
execution-manager  | 
execution-manager  | [SCHEDULER] 🔄 Entering event loop (NO SLEEP - event-driven!)
execution-manager  | 
execution-manager  | [SCHEDULER] ⏰ T=10000 ms | T_wall=107689343.579 ms: Launching task 1 'sum1' (deadline: 30000 ms)
execution-manager  | [SCHEDULER] 🕐 Timeout armed for task 1 at T=30000 ms (in 20000 ms)
execution-manager  | [GRPC THREAD 1] Starting...
execution-manager  | [EXECUTION MANAGER] ⏱️ T1=107689343.718 ms | Sending gRPC request for task 1 'sum1'
execution-manager  | [gRPC Channel Pool] Reusing existing channel for localhost:50051
execution-manager  | [gRPC Client Async] Calling task 'sum1' at localhost:50051
execution-manager  | [gRPC Client Async] Inputs: {"total_ops": 100, "io_percentage": 0}
execution-manager  | [gRPC Client Async] Response #1 - Status: COMPLETED
execution-manager  | 🎉 [T=12343 ms] Task 1 'sum1' COMPLETED
execution-manager  | [EXECUTION MANAGER] ⏱️ T2=107689344.775 ms | Thread started (server measured)
execution-manager  | [EXECUTION MANAGER] ⏱️ T3=107691685.376 ms | Task completed (server measured)
execution-manager  | [EXECUTION MANAGER] ⏱️ T4=107691686.124 ms | Result received by client
execution-manager  |    [TASK EXECUTION] 2340.601 ms (T3-T2, measured in thread)
execution-manager  |    [RESULT] {"result": 0}
execution-manager  | 
execution-manager  | ╔═══════════════════════════════════════════════════════════════╗
execution-manager  | ║           END-TO-END TIMING MEASUREMENT RECAP                 ║
execution-manager  | ║                   Task 1: sum1                                 
execution-manager  | ╠═══════════════════════════════════════════════════════════════╣
execution-manager  | ║ T1 (start_request)    = 107689343.718 ms                        ║
execution-manager  | ║ T2 (end_request)      = 107689344.775 ms                        ║
execution-manager  | ║ T3 (start_result)     = 107691685.376 ms                        ║
execution-manager  | ║ T4 (end_result)       = 107691686.124 ms                        ║
execution-manager  | ╠═══════════════════════════════════════════════════════════════╣
execution-manager  | ║ METRICS:                                                      ║
execution-manager  | ║   Request Latency    =        1.057 ms  (T2 - T1)            ║
execution-manager  | ║   Task Execution     =     2340.601 ms  (T3 - T2)            ║
execution-manager  | ║   Response Latency   =        0.748 ms  (T4 - T3)            ║
execution-manager  | ║   Total End-to-End   =     2342.406 ms  (T4 - T1)            ║
execution-manager  | ║   Network Overhead   =        1.805 ms  (Req + Resp)         ║
execution-manager  | ╚═══════════════════════════════════════════════════════════════╝
execution-manager  | 
execution-manager  | [gRPC Client Async] Stream completed, received 1 responses
execution-manager  | [GRPC THREAD 1] Completed
execution-manager  | [SCHEDULER] ✅ T=12343 ms: Task 1 'sum1' completed with status 2
execution-manager  | [SCHEDULER] 🔕 Timeout disarmed for task 1
execution-manager  | [SCHEDULER] 0 tasks remaining
execution-manager  | 
execution-manager  | [SCHEDULER] 🏁 Iteration 6/50 complete!
execution-manager  | [SCHEDULER] Iteration execution time: 12343 ms
execution-manager  | 
execution-manager  | 
execution-manager  | [SCHEDULER] 🔁 ===== ITERATION 7 / 50 =====
execution-manager  | 
execution-manager  | [SCHEDULER] 🚀 Schedule started at T=0
execution-manager  | 
execution-manager  | [SCHEDULER] 🔄 Entering event loop (NO SLEEP - event-driven!)
execution-manager  | 
execution-manager  | [SCHEDULER] ⏰ T=10000 ms | T_wall=107701686.580 ms: Launching task 1 'sum1' (deadline: 30000 ms)
execution-manager  | [SCHEDULER] 🕐 Timeout armed for task 1 at T=30000 ms (in 20000 ms)
execution-manager  | [GRPC THREAD 1] Starting...
execution-manager  | [EXECUTION MANAGER] ⏱️ T1=107701686.721 ms | Sending gRPC request for task 1 'sum1'
execution-manager  | [gRPC Channel Pool] Reusing existing channel for localhost:50051
execution-manager  | [gRPC Client Async] Calling task 'sum1' at localhost:50051
execution-manager  | [gRPC Client Async] Inputs: {"total_ops": 100, "io_percentage": 0}
execution-manager  | [gRPC Client Async] Response #1 - Status: COMPLETED
execution-manager  | 🎉 [T=12393 ms] Task 1 'sum1' COMPLETED
execution-manager  | [EXECUTION MANAGER] ⏱️ T2=107701687.798 ms | Thread started (server measured)
execution-manager  | [EXECUTION MANAGER] ⏱️ T3=107704078.490 ms | Task completed (server measured)
execution-manager  | [EXECUTION MANAGER] ⏱️ T4=107704079.138 ms | Result received by client
execution-manager  |    [TASK EXECUTION] 2390.692 ms (T3-T2, measured in thread)
execution-manager  |    [RESULT] {"result": 0}
execution-manager  | 
execution-manager  | ╔═══════════════════════════════════════════════════════════════╗
execution-manager  | ║           END-TO-END TIMING MEASUREMENT RECAP                 ║
execution-manager  | ║                   Task 1: sum1                                 
execution-manager  | ╠═══════════════════════════════════════════════════════════════╣
execution-manager  | ║ T1 (start_request)    = 107701686.721 ms                        ║
execution-manager  | ║ T2 (end_request)      = 107701687.798 ms                        ║
execution-manager  | ║ T3 (start_result)     = 107704078.490 ms                        ║
execution-manager  | ║ T4 (end_result)       = 107704079.138 ms                        ║
execution-manager  | ╠═══════════════════════════════════════════════════════════════╣
execution-manager  | ║ METRICS:                                                      ║
execution-manager  | ║   Request Latency    =        1.077 ms  (T2 - T1)            ║
execution-manager  | ║   Task Execution     =     2390.692 ms  (T3 - T2)            ║
execution-manager  | ║   Response Latency   =        0.648 ms  (T4 - T3)            ║
execution-manager  | ║   Total End-to-End   =     2392.417 ms  (T4 - T1)            ║
execution-manager  | ║   Network Overhead   =        1.725 ms  (Req + Resp)         ║
execution-manager  | ╚═══════════════════════════════════════════════════════════════╝
execution-manager  | 
execution-manager  | [gRPC Client Async] Stream completed, received 1 responses
execution-manager  | [GRPC THREAD 1] Completed
execution-manager  | [SCHEDULER] ✅ T=12393 ms: Task 1 'sum1' completed with status 2
execution-manager  | [SCHEDULER] 🔕 Timeout disarmed for task 1
execution-manager  | [SCHEDULER] 0 tasks remaining
execution-manager  | 
execution-manager  | [SCHEDULER] 🏁 Iteration 7/50 complete!
execution-manager  | [SCHEDULER] Iteration execution time: 12393 ms
execution-manager  | 
execution-manager  | 
execution-manager  | [SCHEDULER] 🔁 ===== ITERATION 8 / 50 =====
execution-manager  | 
execution-manager  | [SCHEDULER] 🚀 Schedule started at T=0
execution-manager  | 
execution-manager  | [SCHEDULER] 🔄 Entering event loop (NO SLEEP - event-driven!)
execution-manager  | 
execution-manager  | [SCHEDULER] ⏰ T=10000 ms | T_wall=107714079.590 ms: Launching task 1 'sum1' (deadline: 30000 ms)
execution-manager  | [SCHEDULER] 🕐 Timeout armed for task 1 at T=30000 ms (in 20000 ms)
execution-manager  | [GRPC THREAD 1] Starting...
execution-manager  | [EXECUTION MANAGER] ⏱️ T1=107714079.726 ms | Sending gRPC request for task 1 'sum1'
execution-manager  | [gRPC Channel Pool] Reusing existing channel for localhost:50051
execution-manager  | [gRPC Client Async] Calling task 'sum1' at localhost:50051
execution-manager  | [gRPC Client Async] Inputs: {"total_ops": 100, "io_percentage": 0}
execution-manager  | [gRPC Client Async] Response #1 - Status: COMPLETED
execution-manager  | 🎉 [T=12342 ms] Task 1 'sum1' COMPLETED
execution-manager  | [EXECUTION MANAGER] ⏱️ T2=107714080.888 ms | Thread started (server measured)
execution-manager  | [EXECUTION MANAGER] ⏱️ T3=107716420.331 ms | Task completed (server measured)
execution-manager  | [EXECUTION MANAGER] ⏱️ T4=107716421.037 ms | Result received by client
execution-manager  |    [TASK EXECUTION] 2339.443 ms (T3-T2, measured in thread)
execution-manager  |    [RESULT] {"result": 0}
execution-manager  | 
execution-manager  | ╔═══════════════════════════════════════════════════════════════╗
execution-manager  | ║           END-TO-END TIMING MEASUREMENT RECAP                 ║
execution-manager  | ║                   Task 1: sum1                                 
execution-manager  | ╠═══════════════════════════════════════════════════════════════╣
execution-manager  | ║ T1 (start_request)    = 107714079.726 ms                        ║
execution-manager  | ║ T2 (end_request)      = 107714080.888 ms                        ║
execution-manager  | ║ T3 (start_result)     = 107716420.331 ms                        ║
execution-manager  | ║ T4 (end_result)       = 107716421.037 ms                        ║
execution-manager  | ╠═══════════════════════════════════════════════════════════════╣
execution-manager  | ║ METRICS:                                                      ║
execution-manager  | ║   Request Latency    =        1.162 ms  (T2 - T1)            ║
execution-manager  | ║   Task Execution     =     2339.443 ms  (T3 - T2)            ║
execution-manager  | ║   Response Latency   =        0.706 ms  (T4 - T3)            ║
execution-manager  | ║   Total End-to-End   =     2341.312 ms  (T4 - T1)            ║
execution-manager  | ║   Network Overhead   =        1.868 ms  (Req + Resp)         ║
execution-manager  | ╚═══════════════════════════════════════════════════════════════╝
execution-manager  | 
execution-manager  | [gRPC Client Async] Stream completed, received 1 responses
execution-manager  | [GRPC THREAD 1] Completed
execution-manager  | [SCHEDULER] ✅ T=12342 ms: Task 1 'sum1' completed with status 2
execution-manager  | [SCHEDULER] 🔕 Timeout disarmed for task 1
execution-manager  | [SCHEDULER] 0 tasks remaining
execution-manager  | 
execution-manager  | [SCHEDULER] 🏁 Iteration 8/50 complete!
execution-manager  | [SCHEDULER] Iteration execution time: 12342 ms
execution-manager  | 
execution-manager  | 
execution-manager  | [SCHEDULER] 🔁 ===== ITERATION 9 / 50 =====
execution-manager  | 
execution-manager  | [SCHEDULER] 🚀 Schedule started at T=0
execution-manager  | 
execution-manager  | [SCHEDULER] 🔄 Entering event loop (NO SLEEP - event-driven!)
execution-manager  | 
execution-manager  | [SCHEDULER] ⏰ T=10000 ms | T_wall=107726421.501 ms: Launching task 1 'sum1' (deadline: 30000 ms)
execution-manager  | [SCHEDULER] 🕐 Timeout armed for task 1 at T=30000 ms (in 20000 ms)
execution-manager  | [GRPC THREAD 1] Starting...
execution-manager  | [EXECUTION MANAGER] ⏱️ T1=107726421.635 ms | Sending gRPC request for task 1 'sum1'
execution-manager  | [gRPC Channel Pool] Reusing existing channel for localhost:50051
execution-manager  | [gRPC Client Async] Calling task 'sum1' at localhost:50051
execution-manager  | [gRPC Client Async] Inputs: {"total_ops": 100, "io_percentage": 0}
execution-manager  | [gRPC Client Async] Response #1 - Status: COMPLETED
execution-manager  | 🎉 [T=12342 ms] Task 1 'sum1' COMPLETED
execution-manager  | [EXECUTION MANAGER] ⏱️ T2=107726422.752 ms | Thread started (server measured)
execution-manager  | [EXECUTION MANAGER] ⏱️ T3=107728762.436 ms | Task completed (server measured)
execution-manager  | [EXECUTION MANAGER] ⏱️ T4=107728763.573 ms | Result received by client
execution-manager  |    [TASK EXECUTION] 2339.684 ms (T3-T2, measured in thread)
execution-manager  |    [RESULT] {"result": 0}
execution-manager  | 
execution-manager  | ╔═══════════════════════════════════════════════════════════════╗
execution-manager  | ║           END-TO-END TIMING MEASUREMENT RECAP                 ║
execution-manager  | ║                   Task 1: sum1                                 
execution-manager  | ╠═══════════════════════════════════════════════════════════════╣
execution-manager  | ║ T1 (start_request)    = 107726421.635 ms                        ║
execution-manager  | ║ T2 (end_request)      = 107726422.752 ms                        ║
execution-manager  | ║ T3 (start_result)     = 107728762.436 ms                        ║
execution-manager  | ║ T4 (end_result)       = 107728763.573 ms                        ║
execution-manager  | ╠═══════════════════════════════════════════════════════════════╣
execution-manager  | ║ METRICS:                                                      ║
execution-manager  | ║   Request Latency    =        1.117 ms  (T2 - T1)            ║
execution-manager  | ║   Task Execution     =     2339.684 ms  (T3 - T2)            ║
execution-manager  | ║   Response Latency   =        1.137 ms  (T4 - T3)            ║
execution-manager  | ║   Total End-to-End   =     2341.938 ms  (T4 - T1)            ║
execution-manager  | ║   Network Overhead   =        2.254 ms  (Req + Resp)         ║
execution-manager  | ╚═══════════════════════════════════════════════════════════════╝
execution-manager  | 
execution-manager  | [gRPC Client Async] Stream completed, received 1 responses
execution-manager  | [GRPC THREAD 1] Completed
execution-manager  | [SCHEDULER] ✅ T=12342 ms: Task 1 'sum1' completed with status 2
execution-manager  | [SCHEDULER] 🔕 Timeout disarmed for task 1
execution-manager  | [SCHEDULER] 0 tasks remaining
execution-manager  | 
execution-manager  | [SCHEDULER] 🏁 Iteration 9/50 complete!
execution-manager  | [SCHEDULER] Iteration execution time: 12342 ms
execution-manager  | 
execution-manager  | 
execution-manager  | [SCHEDULER] 🔁 ===== ITERATION 10 / 50 =====
execution-manager  | 
execution-manager  | [SCHEDULER] 🚀 Schedule started at T=0
execution-manager  | 
execution-manager  | [SCHEDULER] 🔄 Entering event loop (NO SLEEP - event-driven!)
execution-manager  | 
execution-manager  | [SCHEDULER] ⏰ T=10001 ms | T_wall=107738764.034 ms: Launching task 1 'sum1' (deadline: 30000 ms)
execution-manager  | [SCHEDULER] 🕐 Timeout armed for task 1 at T=30000 ms (in 19999 ms)
execution-manager  | [GRPC THREAD 1] Starting...
execution-manager  | [EXECUTION MANAGER] ⏱️ T1=107738764.168 ms | Sending gRPC request for task 1 'sum1'
execution-manager  | [gRPC Channel Pool] Reusing existing channel for localhost:50051
execution-manager  | [gRPC Client Async] Calling task 'sum1' at localhost:50051
execution-manager  | [gRPC Client Async] Inputs: {"total_ops": 100, "io_percentage": 0}
execution-manager  | [gRPC Client Async] Response #1 - Status: COMPLETED
execution-manager  | 🎉 [T=12392 ms] Task 1 'sum1' COMPLETED
execution-manager  | [EXECUTION MANAGER] ⏱️ T2=107738765.081 ms | Thread started (server measured)
execution-manager  | [EXECUTION MANAGER] ⏱️ T3=107741154.915 ms | Task completed (server measured)
execution-manager  | [EXECUTION MANAGER] ⏱️ T4=107741155.577 ms | Result received by client
execution-manager  |    [TASK EXECUTION] 2389.833 ms (T3-T2, measured in thread)
execution-manager  |    [RESULT] {"result": 0}
execution-manager  | 
execution-manager  | ╔═══════════════════════════════════════════════════════════════╗
execution-manager  | ║           END-TO-END TIMING MEASUREMENT RECAP                 ║
execution-manager  | ║                   Task 1: sum1                                 
execution-manager  | ╠═══════════════════════════════════════════════════════════════╣
execution-manager  | ║ T1 (start_request)    = 107738764.168 ms                        ║
execution-manager  | ║ T2 (end_request)      = 107738765.081 ms                        ║
execution-manager  | ║ T3 (start_result)     = 107741154.915 ms                        ║
execution-manager  | ║ T4 (end_result)       = 107741155.577 ms                        ║
execution-manager  | ╠═══════════════════════════════════════════════════════════════╣
execution-manager  | ║ METRICS:                                                      ║
execution-manager  | ║   Request Latency    =        0.913 ms  (T2 - T1)            ║
execution-manager  | ║   Task Execution     =     2389.833 ms  (T3 - T2)            ║
execution-manager  | ║   Response Latency   =        0.662 ms  (T4 - T3)            ║
execution-manager  | ║   Total End-to-End   =     2391.409 ms  (T4 - T1)            ║
execution-manager  | ║   Network Overhead   =        1.575 ms  (Req + Resp)         ║
execution-manager  | ╚═══════════════════════════════════════════════════════════════╝
execution-manager  | 
execution-manager  | [gRPC Client Async] Stream completed, received 1 responses
execution-manager  | [GRPC THREAD 1] Completed
execution-manager  | [SCHEDULER] ✅ T=12393 ms: Task 1 'sum1' completed with status 2
execution-manager  | [SCHEDULER] 🔕 Timeout disarmed for task 1
execution-manager  | [SCHEDULER] 0 tasks remaining
execution-manager  | 
execution-manager  | [SCHEDULER] 🏁 Iteration 10/50 complete!
execution-manager  | [SCHEDULER] Iteration execution time: 12393 ms
execution-manager  | 
execution-manager  | 
execution-manager  | [SCHEDULER] 🔁 ===== ITERATION 11 / 50 =====
execution-manager  | 
execution-manager  | [SCHEDULER] 🚀 Schedule started at T=0
execution-manager  | 
execution-manager  | [SCHEDULER] 🔄 Entering event loop (NO SLEEP - event-driven!)
execution-manager  | 
execution-manager  | [SCHEDULER] ⏰ T=10000 ms | T_wall=107751156.137 ms: Launching task 1 'sum1' (deadline: 30000 ms)
execution-manager  | [SCHEDULER] 🕐 Timeout armed for task 1 at T=30000 ms (in 20000 ms)
execution-manager  | [GRPC THREAD 1] Starting...
execution-manager  | [EXECUTION MANAGER] ⏱️ T1=107751156.270 ms | Sending gRPC request for task 1 'sum1'
execution-manager  | [gRPC Channel Pool] Reusing existing channel for localhost:50051
execution-manager  | [gRPC Client Async] Calling task 'sum1' at localhost:50051
execution-manager  | [gRPC Client Async] Inputs: {"total_ops": 100, "io_percentage": 0}
execution-manager  | [gRPC Client Async] Response #1 - Status: COMPLETED
execution-manager  | 🎉 [T=12341 ms] Task 1 'sum1' COMPLETED
execution-manager  | [EXECUTION MANAGER] ⏱️ T2=107751157.339 ms | Thread started (server measured)
execution-manager  | [EXECUTION MANAGER] ⏱️ T3=107753496.586 ms | Task completed (server measured)
execution-manager  | [EXECUTION MANAGER] ⏱️ T4=107753497.544 ms | Result received by client
execution-manager  |    [TASK EXECUTION] 2339.247 ms (T3-T2, measured in thread)
execution-manager  |    [RESULT] {"result": 0}
execution-manager  | 
execution-manager  | ╔═══════════════════════════════════════════════════════════════╗
execution-manager  | ║           END-TO-END TIMING MEASUREMENT RECAP                 ║
execution-manager  | ║                   Task 1: sum1                                 
execution-manager  | ╠═══════════════════════════════════════════════════════════════╣
execution-manager  | ║ T1 (start_request)    = 107751156.270 ms                        ║
execution-manager  | ║ T2 (end_request)      = 107751157.339 ms                        ║
execution-manager  | ║ T3 (start_result)     = 107753496.586 ms                        ║
execution-manager  | ║ T4 (end_result)       = 107753497.544 ms                        ║
execution-manager  | ╠═══════════════════════════════════════════════════════════════╣
execution-manager  | ║ METRICS:                                                      ║
execution-manager  | ║   Request Latency    =        1.069 ms  (T2 - T1)            ║
execution-manager  | ║   Task Execution     =     2339.247 ms  (T3 - T2)            ║
execution-manager  | ║   Response Latency   =        0.958 ms  (T4 - T3)            ║
execution-manager  | ║   Total End-to-End   =     2341.274 ms  (T4 - T1)            ║
execution-manager  | ║   Network Overhead   =        2.027 ms  (Req + Resp)         ║
execution-manager  | ╚═══════════════════════════════════════════════════════════════╝
execution-manager  | 
execution-manager  | [gRPC Client Async] Stream completed, received 1 responses
execution-manager  | [GRPC THREAD 1] Completed
execution-manager  | [SCHEDULER] ✅ T=12341 ms: Task 1 'sum1' completed with status 2
execution-manager  | [SCHEDULER] 🔕 Timeout disarmed for task 1
execution-manager  | [SCHEDULER] 0 tasks remaining
execution-manager  | 
execution-manager  | [SCHEDULER] 🏁 Iteration 11/50 complete!
execution-manager  | [SCHEDULER] Iteration execution time: 12341 ms
execution-manager  | 
execution-manager  | 
execution-manager  | [SCHEDULER] 🔁 ===== ITERATION 12 / 50 =====
execution-manager  | 
execution-manager  | [SCHEDULER] 🚀 Schedule started at T=0
execution-manager  | 
execution-manager  | [SCHEDULER] 🔄 Entering event loop (NO SLEEP - event-driven!)
execution-manager  | 
execution-manager  | [SCHEDULER] ⏰ T=10001 ms | T_wall=107763498.019 ms: Launching task 1 'sum1' (deadline: 30000 ms)
execution-manager  | [SCHEDULER] 🕐 Timeout armed for task 1 at T=30000 ms (in 19999 ms)
execution-manager  | [GRPC THREAD 1] Starting...
execution-manager  | [EXECUTION MANAGER] ⏱️ T1=107763498.155 ms | Sending gRPC request for task 1 'sum1'
execution-manager  | [gRPC Channel Pool] Reusing existing channel for localhost:50051
execution-manager  | [gRPC Client Async] Calling task 'sum1' at localhost:50051
execution-manager  | [gRPC Client Async] Inputs: {"total_ops": 100, "io_percentage": 0}
execution-manager  | [gRPC Client Async] Response #1 - Status: COMPLETED
execution-manager  | 🎉 [T=12342 ms] Task 1 'sum1' COMPLETED
execution-manager  | [EXECUTION MANAGER] ⏱️ T2=107763499.058 ms | Thread started (server measured)
execution-manager  | [EXECUTION MANAGER] ⏱️ T3=107765838.666 ms | Task completed (server measured)
execution-manager  | [EXECUTION MANAGER] ⏱️ T4=107765839.641 ms | Result received by client
execution-manager  |    [TASK EXECUTION] 2339.608 ms (T3-T2, measured in thread)
execution-manager  |    [RESULT] {"result": 0}
execution-manager  | 
execution-manager  | ╔═══════════════════════════════════════════════════════════════╗
execution-manager  | ║           END-TO-END TIMING MEASUREMENT RECAP                 ║
execution-manager  | ║                   Task 1: sum1                                 
execution-manager  | ╠═══════════════════════════════════════════════════════════════╣
execution-manager  | ║ T1 (start_request)    = 107763498.155 ms                        ║
execution-manager  | ║ T2 (end_request)      = 107763499.058 ms                        ║
execution-manager  | ║ T3 (start_result)     = 107765838.666 ms                        ║
execution-manager  | ║ T4 (end_result)       = 107765839.641 ms                        ║
execution-manager  | ╠═══════════════════════════════════════════════════════════════╣
execution-manager  | ║ METRICS:                                                      ║
execution-manager  | ║   Request Latency    =        0.903 ms  (T2 - T1)            ║
execution-manager  | ║   Task Execution     =     2339.608 ms  (T3 - T2)            ║
execution-manager  | ║   Response Latency   =        0.975 ms  (T4 - T3)            ║
execution-manager  | ║   Total End-to-End   =     2341.486 ms  (T4 - T1)            ║
execution-manager  | ║   Network Overhead   =        1.878 ms  (Req + Resp)         ║
execution-manager  | ╚═══════════════════════════════════════════════════════════════╝
execution-manager  | 
execution-manager  | [gRPC Client Async] Stream completed, received 1 responses
execution-manager  | [GRPC THREAD 1] Completed
execution-manager  | [SCHEDULER] ✅ T=12342 ms: Task 1 'sum1' completed with status 2
execution-manager  | [SCHEDULER] 🔕 Timeout disarmed for task 1
execution-manager  | [SCHEDULER] 0 tasks remaining
execution-manager  | 
execution-manager  | [SCHEDULER] 🏁 Iteration 12/50 complete!
execution-manager  | [SCHEDULER] Iteration execution time: 12342 ms
execution-manager  | 
execution-manager  | 
execution-manager  | [SCHEDULER] 🔁 ===== ITERATION 13 / 50 =====
execution-manager  | 
execution-manager  | [SCHEDULER] 🚀 Schedule started at T=0
execution-manager  | 
execution-manager  | [SCHEDULER] 🔄 Entering event loop (NO SLEEP - event-driven!)
execution-manager  | 
execution-manager  | [SCHEDULER] ⏰ T=10001 ms | T_wall=107775840.044 ms: Launching task 1 'sum1' (deadline: 30000 ms)
execution-manager  | [SCHEDULER] 🕐 Timeout armed for task 1 at T=30000 ms (in 19999 ms)
execution-manager  | [GRPC THREAD 1] Starting...
execution-manager  | [EXECUTION MANAGER] ⏱️ T1=107775840.178 ms | Sending gRPC request for task 1 'sum1'
execution-manager  | [gRPC Channel Pool] Reusing existing channel for localhost:50051
execution-manager  | [gRPC Client Async] Calling task 'sum1' at localhost:50051
execution-manager  | [gRPC Client Async] Inputs: {"total_ops": 100, "io_percentage": 0}
execution-manager  | [gRPC Client Async] Response #1 - Status: COMPLETED
execution-manager  | 🎉 [T=12392 ms] Task 1 'sum1' COMPLETED
execution-manager  | [EXECUTION MANAGER] ⏱️ T2=107775841.236 ms | Thread started (server measured)
execution-manager  | [EXECUTION MANAGER] ⏱️ T3=107778231.102 ms | Task completed (server measured)
execution-manager  | [EXECUTION MANAGER] ⏱️ T4=107778231.962 ms | Result received by client
execution-manager  |    [TASK EXECUTION] 2389.866 ms (T3-T2, measured in thread)
execution-manager  |    [RESULT] {"result": 0}
execution-manager  | 
execution-manager  | ╔═══════════════════════════════════════════════════════════════╗
execution-manager  | ║           END-TO-END TIMING MEASUREMENT RECAP                 ║
execution-manager  | ║                   Task 1: sum1                                 
execution-manager  | ╠═══════════════════════════════════════════════════════════════╣
execution-manager  | ║ T1 (start_request)    = 107775840.178 ms                        ║
execution-manager  | ║ T2 (end_request)      = 107775841.236 ms                        ║
execution-manager  | ║ T3 (start_result)     = 107778231.102 ms                        ║
execution-manager  | ║ T4 (end_result)       = 107778231.962 ms                        ║
execution-manager  | ╠═══════════════════════════════════════════════════════════════╣
execution-manager  | ║ METRICS:                                                      ║
execution-manager  | ║   Request Latency    =        1.058 ms  (T2 - T1)            ║
execution-manager  | ║   Task Execution     =     2389.866 ms  (T3 - T2)            ║
execution-manager  | ║   Response Latency   =        0.860 ms  (T4 - T3)            ║
execution-manager  | ║   Total End-to-End   =     2391.784 ms  (T4 - T1)            ║
execution-manager  | ║   Network Overhead   =        1.918 ms  (Req + Resp)         ║
execution-manager  | ╚═══════════════════════════════════════════════════════════════╝
execution-manager  | 
execution-manager  | [gRPC Client Async] Stream completed, received 1 responses
execution-manager  | [GRPC THREAD 1] Completed
execution-manager  | [SCHEDULER] ✅ T=12393 ms: Task 1 'sum1' completed with status 2
execution-manager  | [SCHEDULER] 🔕 Timeout disarmed for task 1
execution-manager  | [SCHEDULER] 0 tasks remaining
execution-manager  | 
execution-manager  | [SCHEDULER] 🏁 Iteration 13/50 complete!
execution-manager  | [SCHEDULER] Iteration execution time: 12393 ms
execution-manager  | 
execution-manager  | 
execution-manager  | [SCHEDULER] 🔁 ===== ITERATION 14 / 50 =====
execution-manager  | 
execution-manager  | [SCHEDULER] 🚀 Schedule started at T=0
execution-manager  | 
execution-manager  | [SCHEDULER] 🔄 Entering event loop (NO SLEEP - event-driven!)
execution-manager  | 
execution-manager  | [SCHEDULER] ⏰ T=10000 ms | T_wall=107788232.485 ms: Launching task 1 'sum1' (deadline: 30000 ms)
execution-manager  | [SCHEDULER] 🕐 Timeout armed for task 1 at T=30000 ms (in 20000 ms)
execution-manager  | [GRPC THREAD 1] Starting...
execution-manager  | [EXECUTION MANAGER] ⏱️ T1=107788232.623 ms | Sending gRPC request for task 1 'sum1'
execution-manager  | [gRPC Channel Pool] Reusing existing channel for localhost:50051
execution-manager  | [gRPC Client Async] Calling task 'sum1' at localhost:50051
execution-manager  | [gRPC Client Async] Inputs: {"total_ops": 100, "io_percentage": 0}
execution-manager  | [gRPC Client Async] Response #1 - Status: COMPLETED
execution-manager  | 🎉 [T=12342 ms] Task 1 'sum1' COMPLETED
execution-manager  | [EXECUTION MANAGER] ⏱️ T2=107788233.453 ms | Thread started (server measured)
execution-manager  | [EXECUTION MANAGER] ⏱️ T3=107790574.148 ms | Task completed (server measured)
execution-manager  | [EXECUTION MANAGER] ⏱️ T4=107790574.863 ms | Result received by client
execution-manager  |    [TASK EXECUTION] 2340.695 ms (T3-T2, measured in thread)
execution-manager  |    [RESULT] {"result": 0}
execution-manager  | 
execution-manager  | ╔═══════════════════════════════════════════════════════════════╗
execution-manager  | ║           END-TO-END TIMING MEASUREMENT RECAP                 ║
execution-manager  | ║                   Task 1: sum1                                 
execution-manager  | ╠═══════════════════════════════════════════════════════════════╣
execution-manager  | ║ T1 (start_request)    = 107788232.623 ms                        ║
execution-manager  | ║ T2 (end_request)      = 107788233.453 ms                        ║
execution-manager  | ║ T3 (start_result)     = 107790574.148 ms                        ║
execution-manager  | ║ T4 (end_result)       = 107790574.863 ms                        ║
execution-manager  | ╠═══════════════════════════════════════════════════════════════╣
execution-manager  | ║ METRICS:                                                      ║
execution-manager  | ║   Request Latency    =        0.830 ms  (T2 - T1)            ║
execution-manager  | ║   Task Execution     =     2340.695 ms  (T3 - T2)            ║
execution-manager  | ║   Response Latency   =        0.715 ms  (T4 - T3)            ║
execution-manager  | ║   Total End-to-End   =     2342.241 ms  (T4 - T1)            ║
execution-manager  | ║   Network Overhead   =        1.546 ms  (Req + Resp)         ║
execution-manager  | ╚═══════════════════════════════════════════════════════════════╝
execution-manager  | 
execution-manager  | [gRPC Client Async] Stream completed, received 1 responses
execution-manager  | [GRPC THREAD 1] Completed
execution-manager  | [SCHEDULER] ✅ T=12343 ms: Task 1 'sum1' completed with status 2
execution-manager  | [SCHEDULER] 🔕 Timeout disarmed for task 1
execution-manager  | [SCHEDULER] 0 tasks remaining
execution-manager  | 
execution-manager  | [SCHEDULER] 🏁 Iteration 14/50 complete!
execution-manager  | [SCHEDULER] Iteration execution time: 12343 ms
execution-manager  | 
execution-manager  | 
execution-manager  | [SCHEDULER] 🔁 ===== ITERATION 15 / 50 =====
execution-manager  | 
execution-manager  | [SCHEDULER] 🚀 Schedule started at T=0
execution-manager  | 
execution-manager  | [SCHEDULER] 🔄 Entering event loop (NO SLEEP - event-driven!)
execution-manager  | 
execution-manager  | [SCHEDULER] ⏰ T=10000 ms | T_wall=107800575.336 ms: Launching task 1 'sum1' (deadline: 30000 ms)
execution-manager  | [SCHEDULER] 🕐 Timeout armed for task 1 at T=30000 ms (in 20000 ms)
execution-manager  | [GRPC THREAD 1] Starting...
execution-manager  | [EXECUTION MANAGER] ⏱️ T1=107800575.466 ms | Sending gRPC request for task 1 'sum1'
execution-manager  | [gRPC Channel Pool] Reusing existing channel for localhost:50051
execution-manager  | [gRPC Client Async] Calling task 'sum1' at localhost:50051
execution-manager  | [gRPC Client Async] Inputs: {"total_ops": 100, "io_percentage": 0}
execution-manager  | [gRPC Client Async] Response #1 - Status: COMPLETED
execution-manager  | 🎉 [T=12342 ms] Task 1 'sum1' COMPLETED
execution-manager  | [EXECUTION MANAGER] ⏱️ T2=107800576.343 ms | Thread started (server measured)
execution-manager  | [EXECUTION MANAGER] ⏱️ T3=107802916.157 ms | Task completed (server measured)
execution-manager  | [EXECUTION MANAGER] ⏱️ T4=107802917.130 ms | Result received by client
execution-manager  |    [TASK EXECUTION] 2339.814 ms (T3-T2, measured in thread)
execution-manager  |    [RESULT] {"result": 0}
execution-manager  | 
execution-manager  | ╔═══════════════════════════════════════════════════════════════╗
execution-manager  | ║           END-TO-END TIMING MEASUREMENT RECAP                 ║
execution-manager  | ║                   Task 1: sum1                                 
execution-manager  | ╠═══════════════════════════════════════════════════════════════╣
execution-manager  | ║ T1 (start_request)    = 107800575.466 ms                        ║
execution-manager  | ║ T2 (end_request)      = 107800576.343 ms                        ║
execution-manager  | ║ T3 (start_result)     = 107802916.157 ms                        ║
execution-manager  | ║ T4 (end_result)       = 107802917.130 ms                        ║
execution-manager  | ╠═══════════════════════════════════════════════════════════════╣
execution-manager  | ║ METRICS:                                                      ║
execution-manager  | ║   Request Latency    =        0.877 ms  (T2 - T1)            ║
execution-manager  | ║   Task Execution     =     2339.814 ms  (T3 - T2)            ║
execution-manager  | ║   Response Latency   =        0.973 ms  (T4 - T3)            ║
execution-manager  | ║   Total End-to-End   =     2341.664 ms  (T4 - T1)            ║
execution-manager  | ║   Network Overhead   =        1.850 ms  (Req + Resp)         ║
execution-manager  | ╚═══════════════════════════════════════════════════════════════╝
execution-manager  | 
execution-manager  | [gRPC Client Async] Stream completed, received 1 responses
execution-manager  | [GRPC THREAD 1] Completed
execution-manager  | [SCHEDULER] ✅ T=12342 ms: Task 1 'sum1' completed with status 2
execution-manager  | [SCHEDULER] 🔕 Timeout disarmed for task 1
execution-manager  | [SCHEDULER] 0 tasks remaining
execution-manager  | 
execution-manager  | [SCHEDULER] 🏁 Iteration 15/50 complete!
execution-manager  | [SCHEDULER] Iteration execution time: 12342 ms
execution-manager  | 
execution-manager  | 
execution-manager  | [SCHEDULER] 🔁 ===== ITERATION 16 / 50 =====
execution-manager  | 
execution-manager  | [SCHEDULER] 🚀 Schedule started at T=0
execution-manager  | 
execution-manager  | [SCHEDULER] 🔄 Entering event loop (NO SLEEP - event-driven!)
execution-manager  | 
execution-manager  | [SCHEDULER] ⏰ T=10000 ms | T_wall=107812917.541 ms: Launching task 1 'sum1' (deadline: 30000 ms)
execution-manager  | [SCHEDULER] 🕐 Timeout armed for task 1 at T=30000 ms (in 20000 ms)
execution-manager  | [GRPC THREAD 1] Starting...
execution-manager  | [EXECUTION MANAGER] ⏱️ T1=107812917.675 ms | Sending gRPC request for task 1 'sum1'
execution-manager  | [gRPC Channel Pool] Reusing existing channel for localhost:50051
execution-manager  | [gRPC Client Async] Calling task 'sum1' at localhost:50051
execution-manager  | [gRPC Client Async] Inputs: {"total_ops": 100, "io_percentage": 0}
execution-manager  | [gRPC Client Async] Response #1 - Status: COMPLETED
execution-manager  | 🎉 [T=12392 ms] Task 1 'sum1' COMPLETED
execution-manager  | [EXECUTION MANAGER] ⏱️ T2=107812918.572 ms | Thread started (server measured)
execution-manager  | [EXECUTION MANAGER] ⏱️ T3=107815309.271 ms | Task completed (server measured)
execution-manager  | [EXECUTION MANAGER] ⏱️ T4=107815309.996 ms | Result received by client
execution-manager  |    [TASK EXECUTION] 2390.700 ms (T3-T2, measured in thread)
execution-manager  |    [RESULT] {"result": 0}
execution-manager  | 
execution-manager  | ╔═══════════════════════════════════════════════════════════════╗
execution-manager  | ║           END-TO-END TIMING MEASUREMENT RECAP                 ║
execution-manager  | ║                   Task 1: sum1                                 
execution-manager  | ╠═══════════════════════════════════════════════════════════════╣
execution-manager  | ║ T1 (start_request)    = 107812917.675 ms                        ║
execution-manager  | ║ T2 (end_request)      = 107812918.572 ms                        ║
execution-manager  | ║ T3 (start_result)     = 107815309.271 ms                        ║
execution-manager  | ║ T4 (end_result)       = 107815309.996 ms                        ║
execution-manager  | ╠═══════════════════════════════════════════════════════════════╣
execution-manager  | ║ METRICS:                                                      ║
execution-manager  | ║   Request Latency    =        0.897 ms  (T2 - T1)            ║
execution-manager  | ║   Task Execution     =     2390.700 ms  (T3 - T2)            ║
execution-manager  | ║   Response Latency   =        0.724 ms  (T4 - T3)            ║
execution-manager  | ║   Total End-to-End   =     2392.320 ms  (T4 - T1)            ║
execution-manager  | ║   Network Overhead   =        1.621 ms  (Req + Resp)         ║
execution-manager  | ╚═══════════════════════════════════════════════════════════════╝
execution-manager  | 
execution-manager  | [gRPC Client Async] Stream completed, received 1 responses
execution-manager  | [GRPC THREAD 1] Completed
execution-manager  | [SCHEDULER] ✅ T=12393 ms: Task 1 'sum1' completed with status 2
execution-manager  | [SCHEDULER] 🔕 Timeout disarmed for task 1
execution-manager  | [SCHEDULER] 0 tasks remaining
execution-manager  | 
execution-manager  | [SCHEDULER] 🏁 Iteration 16/50 complete!
execution-manager  | [SCHEDULER] Iteration execution time: 12393 ms
execution-manager  | 
execution-manager  | 
execution-manager  | [SCHEDULER] 🔁 ===== ITERATION 17 / 50 =====
execution-manager  | 
execution-manager  | [SCHEDULER] 🚀 Schedule started at T=0
execution-manager  | 
execution-manager  | [SCHEDULER] 🔄 Entering event loop (NO SLEEP - event-driven!)
execution-manager  | 
execution-manager  | [SCHEDULER] ⏰ T=10000 ms | T_wall=107825310.481 ms: Launching task 1 'sum1' (deadline: 30000 ms)
execution-manager  | [SCHEDULER] 🕐 Timeout armed for task 1 at T=30000 ms (in 20000 ms)
execution-manager  | [GRPC THREAD 1] Starting...
execution-manager  | [EXECUTION MANAGER] ⏱️ T1=107825310.645 ms | Sending gRPC request for task 1 'sum1'
execution-manager  | [gRPC Channel Pool] Reusing existing channel for localhost:50051
execution-manager  | [gRPC Client Async] Calling task 'sum1' at localhost:50051
execution-manager  | [gRPC Client Async] Inputs: {"total_ops": 100, "io_percentage": 0}
execution-manager  | [gRPC Client Async] Response #1 - Status: COMPLETED
execution-manager  | 🎉 [T=12342 ms] Task 1 'sum1' COMPLETED
execution-manager  | [EXECUTION MANAGER] ⏱️ T2=107825311.489 ms | Thread started (server measured)
execution-manager  | [EXECUTION MANAGER] ⏱️ T3=107827651.502 ms | Task completed (server measured)
execution-manager  | [EXECUTION MANAGER] ⏱️ T4=107827652.189 ms | Result received by client
execution-manager  |    [TASK EXECUTION] 2340.013 ms (T3-T2, measured in thread)
execution-manager  |    [RESULT] {"result": 0}
execution-manager  | 
execution-manager  | ╔═══════════════════════════════════════════════════════════════╗
execution-manager  | ║           END-TO-END TIMING MEASUREMENT RECAP                 ║
execution-manager  | ║                   Task 1: sum1                                 
execution-manager  | ╠═══════════════════════════════════════════════════════════════╣
execution-manager  | ║ T1 (start_request)    = 107825310.645 ms                        ║
execution-manager  | ║ T2 (end_request)      = 107825311.489 ms                        ║
execution-manager  | ║ T3 (start_result)     = 107827651.502 ms                        ║
execution-manager  | ║ T4 (end_result)       = 107827652.189 ms                        ║
execution-manager  | ╠═══════════════════════════════════════════════════════════════╣
execution-manager  | ║ METRICS:                                                      ║
execution-manager  | ║   Request Latency    =        0.845 ms  (T2 - T1)            ║
execution-manager  | ║   Task Execution     =     2340.013 ms  (T3 - T2)            ║
execution-manager  | ║   Response Latency   =        0.687 ms  (T4 - T3)            ║
execution-manager  | ║   Total End-to-End   =     2341.545 ms  (T4 - T1)            ║
execution-manager  | ║   Network Overhead   =        1.532 ms  (Req + Resp)         ║
execution-manager  | ╚═══════════════════════════════════════════════════════════════╝
execution-manager  | 
execution-manager  | [gRPC Client Async] Stream completed, received 1 responses
execution-manager  | [GRPC THREAD 1] Completed
execution-manager  | [SCHEDULER] ✅ T=12342 ms: Task 1 'sum1' completed with status 2
execution-manager  | [SCHEDULER] 🔕 Timeout disarmed for task 1
execution-manager  | [SCHEDULER] 0 tasks remaining
execution-manager  | 
execution-manager  | [SCHEDULER] 🏁 Iteration 17/50 complete!
execution-manager  | [SCHEDULER] Iteration execution time: 12342 ms
execution-manager  | 
execution-manager  | 
execution-manager  | [SCHEDULER] 🔁 ===== ITERATION 18 / 50 =====
execution-manager  | 
execution-manager  | [SCHEDULER] 🚀 Schedule started at T=0
execution-manager  | 
execution-manager  | [SCHEDULER] 🔄 Entering event loop (NO SLEEP - event-driven!)
execution-manager  | 
execution-manager  | [SCHEDULER] ⏰ T=10000 ms | T_wall=107837652.640 ms: Launching task 1 'sum1' (deadline: 30000 ms)
execution-manager  | [SCHEDULER] 🕐 Timeout armed for task 1 at T=30000 ms (in 20000 ms)
execution-manager  | [GRPC THREAD 1] Starting...
execution-manager  | [EXECUTION MANAGER] ⏱️ T1=107837652.776 ms | Sending gRPC request for task 1 'sum1'
execution-manager  | [gRPC Channel Pool] Reusing existing channel for localhost:50051
execution-manager  | [gRPC Client Async] Calling task 'sum1' at localhost:50051
execution-manager  | [gRPC Client Async] Inputs: {"total_ops": 100, "io_percentage": 0}
execution-manager  | [gRPC Client Async] Response #1 - Status: COMPLETED
execution-manager  | 🎉 [T=12392 ms] Task 1 'sum1' COMPLETED
execution-manager  | [EXECUTION MANAGER] ⏱️ T2=107837653.897 ms | Thread started (server measured)
execution-manager  | [EXECUTION MANAGER] ⏱️ T3=107840043.665 ms | Task completed (server measured)
execution-manager  | [EXECUTION MANAGER] ⏱️ T4=107840044.339 ms | Result received by client
execution-manager  |    [TASK EXECUTION] 2389.768 ms (T3-T2, measured in thread)
execution-manager  |    [RESULT] {"result": 0}
execution-manager  | 
execution-manager  | ╔═══════════════════════════════════════════════════════════════╗
execution-manager  | ║           END-TO-END TIMING MEASUREMENT RECAP                 ║
execution-manager  | ║                   Task 1: sum1                                 
execution-manager  | ╠═══════════════════════════════════════════════════════════════╣
execution-manager  | ║ T1 (start_request)    = 107837652.776 ms                        ║
execution-manager  | ║ T2 (end_request)      = 107837653.897 ms                        ║
execution-manager  | ║ T3 (start_result)     = 107840043.665 ms                        ║
execution-manager  | ║ T4 (end_result)       = 107840044.339 ms                        ║
execution-manager  | ╠═══════════════════════════════════════════════════════════════╣
execution-manager  | ║ METRICS:                                                      ║
execution-manager  | ║   Request Latency    =        1.121 ms  (T2 - T1)            ║
execution-manager  | ║   Task Execution     =     2389.768 ms  (T3 - T2)            ║
execution-manager  | ║   Response Latency   =        0.674 ms  (T4 - T3)            ║
execution-manager  | ║   Total End-to-End   =     2391.563 ms  (T4 - T1)            ║
execution-manager  | ║   Network Overhead   =        1.795 ms  (Req + Resp)         ║
execution-manager  | ╚═══════════════════════════════════════════════════════════════╝
execution-manager  | 
execution-manager  | [gRPC Client Async] Stream completed, received 1 responses
execution-manager  | [GRPC THREAD 1] Completed
execution-manager  | [SCHEDULER] ✅ T=12392 ms: Task 1 'sum1' completed with status 2
execution-manager  | [SCHEDULER] 🔕 Timeout disarmed for task 1
execution-manager  | [SCHEDULER] 0 tasks remaining
execution-manager  | 
execution-manager  | [SCHEDULER] 🏁 Iteration 18/50 complete!
execution-manager  | [SCHEDULER] Iteration execution time: 12392 ms
execution-manager  | 
execution-manager  | 
execution-manager  | [SCHEDULER] 🔁 ===== ITERATION 19 / 50 =====
execution-manager  | 
execution-manager  | [SCHEDULER] 🚀 Schedule started at T=0
execution-manager  | 
execution-manager  | [SCHEDULER] 🔄 Entering event loop (NO SLEEP - event-driven!)
execution-manager  | 
execution-manager  | [SCHEDULER] ⏰ T=10000 ms | T_wall=107850044.825 ms: Launching task 1 'sum1' (deadline: 30000 ms)
execution-manager  | [SCHEDULER] 🕐 Timeout armed for task 1 at T=30000 ms (in 20000 ms)
execution-manager  | [GRPC THREAD 1] Starting...
execution-manager  | [EXECUTION MANAGER] ⏱️ T1=107850044.955 ms | Sending gRPC request for task 1 'sum1'
execution-manager  | [gRPC Channel Pool] Reusing existing channel for localhost:50051
execution-manager  | [gRPC Client Async] Calling task 'sum1' at localhost:50051
execution-manager  | [gRPC Client Async] Inputs: {"total_ops": 100, "io_percentage": 0}
execution-manager  | [gRPC Client Async] Response #1 - Status: COMPLETED
execution-manager  | 🎉 [T=12352 ms] Task 1 'sum1' COMPLETED
execution-manager  | [EXECUTION MANAGER] ⏱️ T2=107850045.932 ms | Thread started (server measured)
execution-manager  | [EXECUTION MANAGER] ⏱️ T3=107852395.699 ms | Task completed (server measured)
execution-manager  | [EXECUTION MANAGER] ⏱️ T4=107852396.428 ms | Result received by client
execution-manager  |    [TASK EXECUTION] 2349.767 ms (T3-T2, measured in thread)
execution-manager  |    [RESULT] {"result": 0}
execution-manager  | 
execution-manager  | ╔═══════════════════════════════════════════════════════════════╗
execution-manager  | ║           END-TO-END TIMING MEASUREMENT RECAP                 ║
execution-manager  | ║                   Task 1: sum1                                 
execution-manager  | ╠═══════════════════════════════════════════════════════════════╣
execution-manager  | ║ T1 (start_request)    = 107850044.955 ms                        ║
execution-manager  | ║ T2 (end_request)      = 107850045.932 ms                        ║
execution-manager  | ║ T3 (start_result)     = 107852395.699 ms                        ║
execution-manager  | ║ T4 (end_result)       = 107852396.428 ms                        ║
execution-manager  | ╠═══════════════════════════════════════════════════════════════╣
execution-manager  | ║ METRICS:                                                      ║
execution-manager  | ║   Request Latency    =        0.977 ms  (T2 - T1)            ║
execution-manager  | ║   Task Execution     =     2349.767 ms  (T3 - T2)            ║
execution-manager  | ║   Response Latency   =        0.729 ms  (T4 - T3)            ║
execution-manager  | ║   Total End-to-End   =     2351.473 ms  (T4 - T1)            ║
execution-manager  | ║   Network Overhead   =        1.706 ms  (Req + Resp)         ║
execution-manager  | ╚═══════════════════════════════════════════════════════════════╝
execution-manager  | 
execution-manager  | [gRPC Client Async] Stream completed, received 1 responses
execution-manager  | [GRPC THREAD 1] Completed
execution-manager  | [SCHEDULER] ✅ T=12352 ms: Task 1 'sum1' completed with status 2
execution-manager  | [SCHEDULER] 🔕 Timeout disarmed for task 1
execution-manager  | [SCHEDULER] 0 tasks remaining
execution-manager  | 
execution-manager  | [SCHEDULER] 🏁 Iteration 19/50 complete!
execution-manager  | [SCHEDULER] Iteration execution time: 12352 ms
execution-manager  | 
execution-manager  | 
execution-manager  | [SCHEDULER] 🔁 ===== ITERATION 20 / 50 =====
execution-manager  | 
execution-manager  | [SCHEDULER] 🚀 Schedule started at T=0
execution-manager  | 
execution-manager  | [SCHEDULER] 🔄 Entering event loop (NO SLEEP - event-driven!)
execution-manager  | 
execution-manager  | [SCHEDULER] ⏰ T=10000 ms | T_wall=107862396.931 ms: Launching task 1 'sum1' (deadline: 30000 ms)
execution-manager  | [SCHEDULER] 🕐 Timeout armed for task 1 at T=30000 ms (in 19999 ms)
execution-manager  | [GRPC THREAD 1] Starting...
execution-manager  | [EXECUTION MANAGER] ⏱️ T1=107862397.070 ms | Sending gRPC request for task 1 'sum1'
execution-manager  | [gRPC Channel Pool] Reusing existing channel for localhost:50051
execution-manager  | [gRPC Client Async] Calling task 'sum1' at localhost:50051
execution-manager  | [gRPC Client Async] Inputs: {"total_ops": 100, "io_percentage": 0}
execution-manager  | [gRPC Client Async] Response #1 - Status: COMPLETED
execution-manager  | 🎉 [T=12343 ms] Task 1 'sum1' COMPLETED
execution-manager  | [EXECUTION MANAGER] ⏱️ T2=107862397.947 ms | Thread started (server measured)
execution-manager  | [EXECUTION MANAGER] ⏱️ T3=107864738.667 ms | Task completed (server measured)
execution-manager  | [EXECUTION MANAGER] ⏱️ T4=107864739.387 ms | Result received by client
execution-manager  |    [TASK EXECUTION] 2340.720 ms (T3-T2, measured in thread)
execution-manager  |    [RESULT] {"result": 0}
execution-manager  | 
execution-manager  | ╔═══════════════════════════════════════════════════════════════╗
execution-manager  | ║           END-TO-END TIMING MEASUREMENT RECAP                 ║
execution-manager  | ║                   Task 1: sum1                                 
execution-manager  | ╠═══════════════════════════════════════════════════════════════╣
execution-manager  | ║ T1 (start_request)    = 107862397.070 ms                        ║
execution-manager  | ║ T2 (end_request)      = 107862397.947 ms                        ║
execution-manager  | ║ T3 (start_result)     = 107864738.667 ms                        ║
execution-manager  | ║ T4 (end_result)       = 107864739.387 ms                        ║
execution-manager  | ╠═══════════════════════════════════════════════════════════════╣
execution-manager  | ║ METRICS:                                                      ║
execution-manager  | ║   Request Latency    =        0.876 ms  (T2 - T1)            ║
execution-manager  | ║   Task Execution     =     2340.720 ms  (T3 - T2)            ║
execution-manager  | ║   Response Latency   =        0.720 ms  (T4 - T3)            ║
execution-manager  | ║   Total End-to-End   =     2342.316 ms  (T4 - T1)            ║
execution-manager  | ║   Network Overhead   =        1.596 ms  (Req + Resp)         ║
execution-manager  | ╚═══════════════════════════════════════════════════════════════╝
execution-manager  | 
execution-manager  | [gRPC Client Async] Stream completed, received 1 responses
execution-manager  | [GRPC THREAD 1] Completed
execution-manager  | [SCHEDULER] ✅ T=12343 ms: Task 1 'sum1' completed with status 2
execution-manager  | [SCHEDULER] 🔕 Timeout disarmed for task 1
execution-manager  | [SCHEDULER] 0 tasks remaining
execution-manager  | 
execution-manager  | [SCHEDULER] 🏁 Iteration 20/50 complete!
execution-manager  | [SCHEDULER] Iteration execution time: 12343 ms
execution-manager  | 
execution-manager  | 
execution-manager  | [SCHEDULER] 🔁 ===== ITERATION 21 / 50 =====
execution-manager  | 
execution-manager  | [SCHEDULER] 🚀 Schedule started at T=0
execution-manager  | 
execution-manager  | [SCHEDULER] 🔄 Entering event loop (NO SLEEP - event-driven!)
execution-manager  | 
execution-manager  | [SCHEDULER] ⏰ T=10000 ms | T_wall=107874739.873 ms: Launching task 1 'sum1' (deadline: 30000 ms)
execution-manager  | [SCHEDULER] 🕐 Timeout armed for task 1 at T=30000 ms (in 20000 ms)
execution-manager  | [GRPC THREAD 1] Starting...
execution-manager  | [EXECUTION MANAGER] ⏱️ T1=107874740.011 ms | Sending gRPC request for task 1 'sum1'
execution-manager  | [gRPC Channel Pool] Reusing existing channel for localhost:50051
execution-manager  | [gRPC Client Async] Calling task 'sum1' at localhost:50051
execution-manager  | [gRPC Client Async] Inputs: {"total_ops": 100, "io_percentage": 0}
execution-manager  | [gRPC Client Async] Response #1 - Status: COMPLETED
execution-manager  | 🎉 [T=12393 ms] Task 1 'sum1' COMPLETED
execution-manager  | [EXECUTION MANAGER] ⏱️ T2=107874740.917 ms | Thread started (server measured)
execution-manager  | [EXECUTION MANAGER] ⏱️ T3=107877132.055 ms | Task completed (server measured)
execution-manager  | [EXECUTION MANAGER] ⏱️ T4=107877132.726 ms | Result received by client
execution-manager  |    [TASK EXECUTION] 2391.138 ms (T3-T2, measured in thread)
execution-manager  |    [RESULT] {"result": 0}
execution-manager  | 
execution-manager  | ╔═══════════════════════════════════════════════════════════════╗
execution-manager  | ║           END-TO-END TIMING MEASUREMENT RECAP                 ║
execution-manager  | ║                   Task 1: sum1                                 
execution-manager  | ╠═══════════════════════════════════════════════════════════════╣
execution-manager  | ║ T1 (start_request)    = 107874740.011 ms                        ║
execution-manager  | ║ T2 (end_request)      = 107874740.917 ms                        ║
execution-manager  | ║ T3 (start_result)     = 107877132.055 ms                        ║
execution-manager  | ║ T4 (end_result)       = 107877132.726 ms                        ║
execution-manager  | ╠═══════════════════════════════════════════════════════════════╣
execution-manager  | ║ METRICS:                                                      ║
execution-manager  | ║   Request Latency    =        0.906 ms  (T2 - T1)            ║
execution-manager  | ║   Task Execution     =     2391.138 ms  (T3 - T2)            ║
execution-manager  | ║   Response Latency   =        0.671 ms  (T4 - T3)            ║
execution-manager  | ║   Total End-to-End   =     2392.715 ms  (T4 - T1)            ║
execution-manager  | ║   Network Overhead   =        1.577 ms  (Req + Resp)         ║
execution-manager  | ╚═══════════════════════════════════════════════════════════════╝
execution-manager  | 
execution-manager  | [gRPC Client Async] Stream completed, received 1 responses
execution-manager  | [GRPC THREAD 1] Completed
execution-manager  | [SCHEDULER] ✅ T=12394 ms: Task 1 'sum1' completed with status 2
execution-manager  | [SCHEDULER] 🔕 Timeout disarmed for task 1
execution-manager  | [SCHEDULER] 0 tasks remaining
execution-manager  | 
execution-manager  | [SCHEDULER] 🏁 Iteration 21/50 complete!
execution-manager  | [SCHEDULER] Iteration execution time: 12394 ms
execution-manager  | 
execution-manager  | 
execution-manager  | [SCHEDULER] 🔁 ===== ITERATION 22 / 50 =====
execution-manager  | 
execution-manager  | [SCHEDULER] 🚀 Schedule started at T=0
execution-manager  | 
execution-manager  | [SCHEDULER] 🔄 Entering event loop (NO SLEEP - event-driven!)
execution-manager  | 
execution-manager  | [SCHEDULER] ⏰ T=10000 ms | T_wall=107887133.155 ms: Launching task 1 'sum1' (deadline: 30000 ms)
execution-manager  | [SCHEDULER] 🕐 Timeout armed for task 1 at T=30000 ms (in 20000 ms)
execution-manager  | [GRPC THREAD 1] Starting...
execution-manager  | [EXECUTION MANAGER] ⏱️ T1=107887133.299 ms | Sending gRPC request for task 1 'sum1'
execution-manager  | [gRPC Channel Pool] Reusing existing channel for localhost:50051
execution-manager  | [gRPC Client Async] Calling task 'sum1' at localhost:50051
execution-manager  | [gRPC Client Async] Inputs: {"total_ops": 100, "io_percentage": 0}
execution-manager  | [gRPC Client Async] Response #1 - Status: COMPLETED
execution-manager  | 🎉 [T=12341 ms] Task 1 'sum1' COMPLETED
execution-manager  | [EXECUTION MANAGER] ⏱️ T2=107887134.437 ms | Thread started (server measured)
execution-manager  | [EXECUTION MANAGER] ⏱️ T3=107889474.189 ms | Task completed (server measured)
execution-manager  | [EXECUTION MANAGER] ⏱️ T4=107889474.997 ms | Result received by client
execution-manager  |    [TASK EXECUTION] 2339.752 ms (T3-T2, measured in thread)
execution-manager  |    [RESULT] {"result": 0}
execution-manager  | 
execution-manager  | ╔═══════════════════════════════════════════════════════════════╗
execution-manager  | ║           END-TO-END TIMING MEASUREMENT RECAP                 ║
execution-manager  | ║                   Task 1: sum1                                 
execution-manager  | ╠═══════════════════════════════════════════════════════════════╣
execution-manager  | ║ T1 (start_request)    = 107887133.299 ms                        ║
execution-manager  | ║ T2 (end_request)      = 107887134.437 ms                        ║
execution-manager  | ║ T3 (start_result)     = 107889474.189 ms                        ║
execution-manager  | ║ T4 (end_result)       = 107889474.997 ms                        ║
execution-manager  | ╠═══════════════════════════════════════════════════════════════╣
execution-manager  | ║ METRICS:                                                      ║
execution-manager  | ║   Request Latency    =        1.138 ms  (T2 - T1)            ║
execution-manager  | ║   Task Execution     =     2339.752 ms  (T3 - T2)            ║
execution-manager  | ║   Response Latency   =        0.808 ms  (T4 - T3)            ║
execution-manager  | ║   Total End-to-End   =     2341.698 ms  (T4 - T1)            ║
execution-manager  | ║   Network Overhead   =        1.947 ms  (Req + Resp)         ║
execution-manager  | ╚═══════════════════════════════════════════════════════════════╝
execution-manager  | 
execution-manager  | [SCHEDULER] ✅ T=12342 ms: Task 1 'sum1' completed with status 2
execution-manager  | [SCHEDULER] 🔕 Timeout disarmed for task 1
execution-manager  | [SCHEDULER] 0 tasks remaining
execution-manager  | 
execution-manager  | [SCHEDULER] 🏁 Iteration 22/50 complete!
execution-manager  | [SCHEDULER] Iteration execution time: 12342 ms
execution-manager  | 
execution-manager  | 
execution-manager  | [SCHEDULER] 🔁 ===== ITERATION 23 / 50 =====
execution-manager  | 
execution-manager  | [SCHEDULER] 🚀 Schedule started at T=0
execution-manager  | 
execution-manager  | [SCHEDULER] 🔄 Entering event loop (NO SLEEP - event-driven!)
execution-manager  | 
execution-manager  | [gRPC Client Async] Stream completed, received 1 responses
execution-manager  | [GRPC THREAD 1] Completed
execution-manager  | [SCHEDULER] ⏰ T=10000 ms | T_wall=107899475.255 ms: Launching task 1 'sum1' (deadline: 30000 ms)
execution-manager  | [SCHEDULER] 🕐 Timeout armed for task 1 at T=30000 ms (in 20000 ms)
execution-manager  | [GRPC THREAD 1] Starting...
execution-manager  | [EXECUTION MANAGER] ⏱️ T1=107899475.388 ms | Sending gRPC request for task 1 'sum1'
execution-manager  | [gRPC Channel Pool] Reusing existing channel for localhost:50051
execution-manager  | [gRPC Client Async] Calling task 'sum1' at localhost:50051
execution-manager  | [gRPC Client Async] Inputs: {"total_ops": 100, "io_percentage": 0}
execution-manager  | [gRPC Client Async] Response #1 - Status: COMPLETED
execution-manager  | 🎉 [T=12341 ms] Task 1 'sum1' COMPLETED
execution-manager  | [EXECUTION MANAGER] ⏱️ T2=107899476.525 ms | Thread started (server measured)
execution-manager  | [EXECUTION MANAGER] ⏱️ T3=107901816.114 ms | Task completed (server measured)
execution-manager  | [EXECUTION MANAGER] ⏱️ T4=107901816.962 ms | Result received by client
execution-manager  |    [TASK EXECUTION] 2339.589 ms (T3-T2, measured in thread)
execution-manager  |    [RESULT] {"result": 0}
execution-manager  | 
execution-manager  | ╔═══════════════════════════════════════════════════════════════╗
execution-manager  | ║           END-TO-END TIMING MEASUREMENT RECAP                 ║
execution-manager  | ║                   Task 1: sum1                                 
execution-manager  | ╠═══════════════════════════════════════════════════════════════╣
execution-manager  | ║ T1 (start_request)    = 107899475.388 ms                        ║
execution-manager  | ║ T2 (end_request)      = 107899476.525 ms                        ║
execution-manager  | ║ T3 (start_result)     = 107901816.114 ms                        ║
execution-manager  | ║ T4 (end_result)       = 107901816.962 ms                        ║
execution-manager  | ╠═══════════════════════════════════════════════════════════════╣
execution-manager  | ║ METRICS:                                                      ║
execution-manager  | ║   Request Latency    =        1.137 ms  (T2 - T1)            ║
execution-manager  | ║   Task Execution     =     2339.589 ms  (T3 - T2)            ║
execution-manager  | ║   Response Latency   =        0.848 ms  (T4 - T3)            ║
execution-manager  | ║   Total End-to-End   =     2341.574 ms  (T4 - T1)            ║
execution-manager  | ║   Network Overhead   =        1.985 ms  (Req + Resp)         ║
execution-manager  | ╚═══════════════════════════════════════════════════════════════╝
execution-manager  | 
execution-manager  | [gRPC Client Async] Stream completed, received 1 responses
execution-manager  | [GRPC THREAD 1] Completed
execution-manager  | [SCHEDULER] ✅ T=12342 ms: Task 1 'sum1' completed with status 2
execution-manager  | [SCHEDULER] 🔕 Timeout disarmed for task 1
execution-manager  | [SCHEDULER] 0 tasks remaining
execution-manager  | 
execution-manager  | [SCHEDULER] 🏁 Iteration 23/50 complete!
execution-manager  | [SCHEDULER] Iteration execution time: 12342 ms
execution-manager  | 
execution-manager  | 
execution-manager  | [SCHEDULER] 🔁 ===== ITERATION 24 / 50 =====
execution-manager  | 
execution-manager  | [SCHEDULER] 🚀 Schedule started at T=0
execution-manager  | 
execution-manager  | [SCHEDULER] 🔄 Entering event loop (NO SLEEP - event-driven!)
execution-manager  | 
execution-manager  | [SCHEDULER] ⏰ T=10000 ms | T_wall=107911817.493 ms: Launching task 1 'sum1' (deadline: 30000 ms)
execution-manager  | [SCHEDULER] 🕐 Timeout armed for task 1 at T=30000 ms (in 20000 ms)
execution-manager  | [GRPC THREAD 1] Starting...
execution-manager  | [EXECUTION MANAGER] ⏱️ T1=107911817.632 ms | Sending gRPC request for task 1 'sum1'
execution-manager  | [gRPC Channel Pool] Reusing existing channel for localhost:50051
execution-manager  | [gRPC Client Async] Calling task 'sum1' at localhost:50051
execution-manager  | [gRPC Client Async] Inputs: {"total_ops": 100, "io_percentage": 0}
execution-manager  | [gRPC Client Async] Response #1 - Status: COMPLETED
execution-manager  | 🎉 [T=12392 ms] Task 1 'sum1' COMPLETED
execution-manager  | [EXECUTION MANAGER] ⏱️ T2=107911818.553 ms | Thread started (server measured)
execution-manager  | [EXECUTION MANAGER] ⏱️ T3=107914208.352 ms | Task completed (server measured)
execution-manager  | [EXECUTION MANAGER] ⏱️ T4=107914209.282 ms | Result received by client
execution-manager  |    [TASK EXECUTION] 2389.799 ms (T3-T2, measured in thread)
execution-manager  |    [RESULT] {"result": 0}
execution-manager  | 
execution-manager  | ╔═══════════════════════════════════════════════════════════════╗
execution-manager  | ║           END-TO-END TIMING MEASUREMENT RECAP                 ║
execution-manager  | ║                   Task 1: sum1                                 
execution-manager  | ╠═══════════════════════════════════════════════════════════════╣
execution-manager  | ║ T1 (start_request)    = 107911817.632 ms                        ║
execution-manager  | ║ T2 (end_request)      = 107911818.553 ms                        ║
execution-manager  | ║ T3 (start_result)     = 107914208.352 ms                        ║
execution-manager  | ║ T4 (end_result)       = 107914209.282 ms                        ║
execution-manager  | ╠═══════════════════════════════════════════════════════════════╣
execution-manager  | ║ METRICS:                                                      ║
execution-manager  | ║   Request Latency    =        0.921 ms  (T2 - T1)            ║
execution-manager  | ║   Task Execution     =     2389.799 ms  (T3 - T2)            ║
execution-manager  | ║   Response Latency   =        0.930 ms  (T4 - T3)            ║
execution-manager  | ║   Total End-to-End   =     2391.650 ms  (T4 - T1)            ║
execution-manager  | ║   Network Overhead   =        1.851 ms  (Req + Resp)         ║
execution-manager  | ╚═══════════════════════════════════════════════════════════════╝
execution-manager  | 
execution-manager  | [gRPC Client Async] Stream completed, received 1 responses
execution-manager  | [GRPC THREAD 1] Completed
execution-manager  | [SCHEDULER] ✅ T=12392 ms: Task 1 'sum1' completed with status 2
execution-manager  | [SCHEDULER] 🔕 Timeout disarmed for task 1
execution-manager  | [SCHEDULER] 0 tasks remaining
execution-manager  | 
execution-manager  | [SCHEDULER] 🏁 Iteration 24/50 complete!
execution-manager  | [SCHEDULER] Iteration execution time: 12392 ms
execution-manager  | 
execution-manager  | 
execution-manager  | [SCHEDULER] 🔁 ===== ITERATION 25 / 50 =====
execution-manager  | 
execution-manager  | [SCHEDULER] 🚀 Schedule started at T=0
execution-manager  | 
execution-manager  | [SCHEDULER] 🔄 Entering event loop (NO SLEEP - event-driven!)
execution-manager  | 
execution-manager  | [SCHEDULER] ⏰ T=10000 ms | T_wall=107924209.663 ms: Launching task 1 'sum1' (deadline: 30000 ms)
execution-manager  | [SCHEDULER] 🕐 Timeout armed for task 1 at T=30000 ms (in 20000 ms)
execution-manager  | [GRPC THREAD 1] Starting...
execution-manager  | [EXECUTION MANAGER] ⏱️ T1=107924209.796 ms | Sending gRPC request for task 1 'sum1'
execution-manager  | [gRPC Channel Pool] Reusing existing channel for localhost:50051
execution-manager  | [gRPC Client Async] Calling task 'sum1' at localhost:50051
execution-manager  | [gRPC Client Async] Inputs: {"total_ops": 100, "io_percentage": 0}
execution-manager  | [gRPC Client Async] Response #1 - Status: COMPLETED
execution-manager  | 🎉 [T=12341 ms] Task 1 'sum1' COMPLETED
execution-manager  | [EXECUTION MANAGER] ⏱️ T2=107924210.772 ms | Thread started (server measured)
execution-manager  | [EXECUTION MANAGER] ⏱️ T3=107926550.213 ms | Task completed (server measured)
execution-manager  | [EXECUTION MANAGER] ⏱️ T4=107926550.918 ms | Result received by client
execution-manager  |    [TASK EXECUTION] 2339.441 ms (T3-T2, measured in thread)
execution-manager  |    [RESULT] {"result": 0}
execution-manager  | 
execution-manager  | ╔═══════════════════════════════════════════════════════════════╗
execution-manager  | ║           END-TO-END TIMING MEASUREMENT RECAP                 ║
execution-manager  | ║                   Task 1: sum1                                 
execution-manager  | ╠═══════════════════════════════════════════════════════════════╣
execution-manager  | ║ T1 (start_request)    = 107924209.796 ms                        ║
execution-manager  | ║ T2 (end_request)      = 107924210.772 ms                        ║
execution-manager  | ║ T3 (start_result)     = 107926550.213 ms                        ║
execution-manager  | ║ T4 (end_result)       = 107926550.918 ms                        ║
execution-manager  | ╠═══════════════════════════════════════════════════════════════╣
execution-manager  | ║ METRICS:                                                      ║
execution-manager  | ║   Request Latency    =        0.976 ms  (T2 - T1)            ║
execution-manager  | ║   Task Execution     =     2339.441 ms  (T3 - T2)            ║
execution-manager  | ║   Response Latency   =        0.705 ms  (T4 - T3)            ║
execution-manager  | ║   Total End-to-End   =     2341.122 ms  (T4 - T1)            ║
execution-manager  | ║   Network Overhead   =        1.682 ms  (Req + Resp)         ║
execution-manager  | ╚═══════════════════════════════════════════════════════════════╝
execution-manager  | 
execution-manager  | [gRPC Client Async] Stream completed, received 1 responses
execution-manager  | [GRPC THREAD 1] Completed
execution-manager  | [SCHEDULER] ✅ T=12342 ms: Task 1 'sum1' completed with status 2
execution-manager  | [SCHEDULER] 🔕 Timeout disarmed for task 1
execution-manager  | [SCHEDULER] 0 tasks remaining
execution-manager  | 
execution-manager  | [SCHEDULER] 🏁 Iteration 25/50 complete!
execution-manager  | [SCHEDULER] Iteration execution time: 12342 ms
execution-manager  | 
execution-manager  | 
execution-manager  | [SCHEDULER] 🔁 ===== ITERATION 26 / 50 =====
execution-manager  | 
execution-manager  | [SCHEDULER] 🚀 Schedule started at T=0
execution-manager  | 
execution-manager  | [SCHEDULER] 🔄 Entering event loop (NO SLEEP - event-driven!)
execution-manager  | 
execution-manager  | [SCHEDULER] ⏰ T=10000 ms | T_wall=107936551.383 ms: Launching task 1 'sum1' (deadline: 30000 ms)
execution-manager  | [SCHEDULER] 🕐 Timeout armed for task 1 at T=30000 ms (in 20000 ms)
execution-manager  | [GRPC THREAD 1] Starting...
execution-manager  | [EXECUTION MANAGER] ⏱️ T1=107936551.515 ms | Sending gRPC request for task 1 'sum1'
execution-manager  | [gRPC Channel Pool] Reusing existing channel for localhost:50051
execution-manager  | [gRPC Client Async] Calling task 'sum1' at localhost:50051
execution-manager  | [gRPC Client Async] Inputs: {"total_ops": 100, "io_percentage": 0}
execution-manager  | [gRPC Client Async] Response #1 - Status: COMPLETED
execution-manager  | 🎉 [T=12343 ms] Task 1 'sum1' COMPLETED
execution-manager  | [EXECUTION MANAGER] ⏱️ T2=107936552.483 ms | Thread started (server measured)
execution-manager  | [EXECUTION MANAGER] ⏱️ T3=107938893.486 ms | Task completed (server measured)
execution-manager  | [EXECUTION MANAGER] ⏱️ T4=107938894.267 ms | Result received by client
execution-manager  |    [TASK EXECUTION] 2341.003 ms (T3-T2, measured in thread)
execution-manager  |    [RESULT] {"result": 0}
execution-manager  | 
execution-manager  | ╔═══════════════════════════════════════════════════════════════╗
execution-manager  | ║           END-TO-END TIMING MEASUREMENT RECAP                 ║
execution-manager  | ║                   Task 1: sum1                                 
execution-manager  | ╠═══════════════════════════════════════════════════════════════╣
execution-manager  | ║ T1 (start_request)    = 107936551.515 ms                        ║
execution-manager  | ║ T2 (end_request)      = 107936552.483 ms                        ║
execution-manager  | ║ T3 (start_result)     = 107938893.486 ms                        ║
execution-manager  | ║ T4 (end_result)       = 107938894.267 ms                        ║
execution-manager  | ╠═══════════════════════════════════════════════════════════════╣
execution-manager  | ║ METRICS:                                                      ║
execution-manager  | ║   Request Latency    =        0.969 ms  (T2 - T1)            ║
execution-manager  | ║   Task Execution     =     2341.003 ms  (T3 - T2)            ║
execution-manager  | ║   Response Latency   =        0.781 ms  (T4 - T3)            ║
execution-manager  | ║   Total End-to-End   =     2342.753 ms  (T4 - T1)            ║
execution-manager  | ║   Network Overhead   =        1.750 ms  (Req + Resp)         ║
execution-manager  | ╚═══════════════════════════════════════════════════════════════╝
execution-manager  | 
execution-manager  | [gRPC Client Async] Stream completed, received 1 responses
execution-manager  | [GRPC THREAD 1] Completed
execution-manager  | [SCHEDULER] ✅ T=12343 ms: Task 1 'sum1' completed with status 2
execution-manager  | [SCHEDULER] 🔕 Timeout disarmed for task 1
execution-manager  | [SCHEDULER] 0 tasks remaining
execution-manager  | 
execution-manager  | [SCHEDULER] 🏁 Iteration 26/50 complete!
execution-manager  | [SCHEDULER] Iteration execution time: 12343 ms
execution-manager  | 
execution-manager  | 
execution-manager  | [SCHEDULER] 🔁 ===== ITERATION 27 / 50 =====
execution-manager  | 
execution-manager  | [SCHEDULER] 🚀 Schedule started at T=0
execution-manager  | 
execution-manager  | [SCHEDULER] 🔄 Entering event loop (NO SLEEP - event-driven!)
execution-manager  | 
execution-manager  | [SCHEDULER] ⏰ T=10000 ms | T_wall=107948894.743 ms: Launching task 1 'sum1' (deadline: 30000 ms)
execution-manager  | [SCHEDULER] 🕐 Timeout armed for task 1 at T=30000 ms (in 20000 ms)
execution-manager  | [GRPC THREAD 1] Starting...
execution-manager  | [EXECUTION MANAGER] ⏱️ T1=107948894.872 ms | Sending gRPC request for task 1 'sum1'
execution-manager  | [gRPC Channel Pool] Reusing existing channel for localhost:50051
execution-manager  | [gRPC Client Async] Calling task 'sum1' at localhost:50051
execution-manager  | [gRPC Client Async] Inputs: {"total_ops": 100, "io_percentage": 0}
execution-manager  | [gRPC Client Async] Response #1 - Status: COMPLETED
execution-manager  | 🎉 [T=12392 ms] Task 1 'sum1' COMPLETED
execution-manager  | [EXECUTION MANAGER] ⏱️ T2=107948895.773 ms | Thread started (server measured)
execution-manager  | [EXECUTION MANAGER] ⏱️ T3=107951285.713 ms | Task completed (server measured)
execution-manager  | [EXECUTION MANAGER] ⏱️ T4=107951286.451 ms | Result received by client
execution-manager  |    [TASK EXECUTION] 2389.940 ms (T3-T2, measured in thread)
execution-manager  |    [RESULT] {"result": 0}
execution-manager  | 
execution-manager  | ╔═══════════════════════════════════════════════════════════════╗
execution-manager  | ║           END-TO-END TIMING MEASUREMENT RECAP                 ║
execution-manager  | ║                   Task 1: sum1                                 
execution-manager  | ╠═══════════════════════════════════════════════════════════════╣
execution-manager  | ║ T1 (start_request)    = 107948894.872 ms                        ║
execution-manager  | ║ T2 (end_request)      = 107948895.773 ms                        ║
execution-manager  | ║ T3 (start_result)     = 107951285.713 ms                        ║
execution-manager  | ║ T4 (end_result)       = 107951286.451 ms                        ║
execution-manager  | ╠═══════════════════════════════════════════════════════════════╣
execution-manager  | ║ METRICS:                                                      ║
execution-manager  | ║   Request Latency    =        0.901 ms  (T2 - T1)            ║
execution-manager  | ║   Task Execution     =     2389.940 ms  (T3 - T2)            ║
execution-manager  | ║   Response Latency   =        0.738 ms  (T4 - T3)            ║
execution-manager  | ║   Total End-to-End   =     2391.579 ms  (T4 - T1)            ║
execution-manager  | ║   Network Overhead   =        1.639 ms  (Req + Resp)         ║
execution-manager  | ╚═══════════════════════════════════════════════════════════════╝
execution-manager  | 
execution-manager  | [gRPC Client Async] Stream completed, received 1 responses
execution-manager  | [GRPC THREAD 1] Completed
execution-manager  | [SCHEDULER] ✅ T=12392 ms: Task 1 'sum1' completed with status 2
execution-manager  | [SCHEDULER] 🔕 Timeout disarmed for task 1
execution-manager  | [SCHEDULER] 0 tasks remaining
execution-manager  | 
execution-manager  | [SCHEDULER] 🏁 Iteration 27/50 complete!
execution-manager  | [SCHEDULER] Iteration execution time: 12392 ms
execution-manager  | 
execution-manager  | 
execution-manager  | [SCHEDULER] 🔁 ===== ITERATION 28 / 50 =====
execution-manager  | 
execution-manager  | [SCHEDULER] 🚀 Schedule started at T=0
execution-manager  | 
execution-manager  | [SCHEDULER] 🔄 Entering event loop (NO SLEEP - event-driven!)
execution-manager  | 
execution-manager  | [SCHEDULER] ⏰ T=10000 ms | T_wall=107961286.886 ms: Launching task 1 'sum1' (deadline: 30000 ms)
execution-manager  | [SCHEDULER] 🕐 Timeout armed for task 1 at T=30000 ms (in 20000 ms)
execution-manager  | [GRPC THREAD 1] Starting...
execution-manager  | [EXECUTION MANAGER] ⏱️ T1=107961287.034 ms | Sending gRPC request for task 1 'sum1'
execution-manager  | [gRPC Channel Pool] Reusing existing channel for localhost:50051
execution-manager  | [gRPC Client Async] Calling task 'sum1' at localhost:50051
execution-manager  | [gRPC Client Async] Inputs: {"total_ops": 100, "io_percentage": 0}
execution-manager  | [gRPC Client Async] Response #1 - Status: COMPLETED
execution-manager  | 🎉 [T=12342 ms] Task 1 'sum1' COMPLETED
execution-manager  | [EXECUTION MANAGER] ⏱️ T2=107961287.959 ms | Thread started (server measured)
execution-manager  | [EXECUTION MANAGER] ⏱️ T3=107963627.870 ms | Task completed (server measured)
execution-manager  | [EXECUTION MANAGER] ⏱️ T4=107963628.661 ms | Result received by client
execution-manager  |    [TASK EXECUTION] 2339.912 ms (T3-T2, measured in thread)
execution-manager  |    [RESULT] {"result": 0}
execution-manager  | 
execution-manager  | ╔═══════════════════════════════════════════════════════════════╗
execution-manager  | ║           END-TO-END TIMING MEASUREMENT RECAP                 ║
execution-manager  | ║                   Task 1: sum1                                 
execution-manager  | ╠═══════════════════════════════════════════════════════════════╣
execution-manager  | ║ T1 (start_request)    = 107961287.034 ms                        ║
execution-manager  | ║ T2 (end_request)      = 107961287.959 ms                        ║
execution-manager  | ║ T3 (start_result)     = 107963627.870 ms                        ║
execution-manager  | ║ T4 (end_result)       = 107963628.661 ms                        ║
execution-manager  | ╠═══════════════════════════════════════════════════════════════╣
execution-manager  | ║ METRICS:                                                      ║
execution-manager  | ║   Request Latency    =        0.925 ms  (T2 - T1)            ║
execution-manager  | ║   Task Execution     =     2339.912 ms  (T3 - T2)            ║
execution-manager  | ║   Response Latency   =        0.790 ms  (T4 - T3)            ║
execution-manager  | ║   Total End-to-End   =     2341.626 ms  (T4 - T1)            ║
execution-manager  | ║   Network Overhead   =        1.715 ms  (Req + Resp)         ║
execution-manager  | ╚═══════════════════════════════════════════════════════════════╝
execution-manager  | 
execution-manager  | [gRPC Client Async] Stream completed, received 1 responses
execution-manager  | [GRPC THREAD 1] Completed
execution-manager  | [SCHEDULER] ✅ T=12342 ms: Task 1 'sum1' completed with status 2
execution-manager  | [SCHEDULER] 🔕 Timeout disarmed for task 1
execution-manager  | [SCHEDULER] 0 tasks remaining
execution-manager  | 
execution-manager  | [SCHEDULER] 🏁 Iteration 28/50 complete!
execution-manager  | [SCHEDULER] Iteration execution time: 12343 ms
execution-manager  | 
execution-manager  | 
execution-manager  | [SCHEDULER] 🔁 ===== ITERATION 29 / 50 =====
execution-manager  | 
execution-manager  | [SCHEDULER] 🚀 Schedule started at T=0
execution-manager  | 
execution-manager  | [SCHEDULER] 🔄 Entering event loop (NO SLEEP - event-driven!)
execution-manager  | 
execution-manager  | [SCHEDULER] ⏰ T=10000 ms | T_wall=107973629.114 ms: Launching task 1 'sum1' (deadline: 30000 ms)
execution-manager  | [SCHEDULER] 🕐 Timeout armed for task 1 at T=30000 ms (in 20000 ms)
execution-manager  | [GRPC THREAD 1] Starting...
execution-manager  | [EXECUTION MANAGER] ⏱️ T1=107973629.243 ms | Sending gRPC request for task 1 'sum1'
execution-manager  | [gRPC Channel Pool] Reusing existing channel for localhost:50051
execution-manager  | [gRPC Client Async] Calling task 'sum1' at localhost:50051
execution-manager  | [gRPC Client Async] Inputs: {"total_ops": 100, "io_percentage": 0}
execution-manager  | [gRPC Client Async] Response #1 - Status: COMPLETED
execution-manager  | 🎉 [T=12392 ms] Task 1 'sum1' COMPLETED
execution-manager  | [EXECUTION MANAGER] ⏱️ T2=107973630.132 ms | Thread started (server measured)
execution-manager  | [EXECUTION MANAGER] ⏱️ T3=107976021.153 ms | Task completed (server measured)
execution-manager  | [EXECUTION MANAGER] ⏱️ T4=107976021.821 ms | Result received by client
execution-manager  |    [TASK EXECUTION] 2391.021 ms (T3-T2, measured in thread)
execution-manager  |    [RESULT] {"result": 0}
execution-manager  | 
execution-manager  | ╔═══════════════════════════════════════════════════════════════╗
execution-manager  | ║           END-TO-END TIMING MEASUREMENT RECAP                 ║
execution-manager  | ║                   Task 1: sum1                                 
execution-manager  | ╠═══════════════════════════════════════════════════════════════╣
execution-manager  | ║ T1 (start_request)    = 107973629.243 ms                        ║
execution-manager  | ║ T2 (end_request)      = 107973630.132 ms                        ║
execution-manager  | ║ T3 (start_result)     = 107976021.153 ms                        ║
execution-manager  | ║ T4 (end_result)       = 107976021.821 ms                        ║
execution-manager  | ╠═══════════════════════════════════════════════════════════════╣
execution-manager  | ║ METRICS:                                                      ║
execution-manager  | ║   Request Latency    =        0.889 ms  (T2 - T1)            ║
execution-manager  | ║   Task Execution     =     2391.021 ms  (T3 - T2)            ║
execution-manager  | ║   Response Latency   =        0.668 ms  (T4 - T3)            ║
execution-manager  | ║   Total End-to-End   =     2392.578 ms  (T4 - T1)            ║
execution-manager  | ║   Network Overhead   =        1.557 ms  (Req + Resp)         ║
execution-manager  | ╚═══════════════════════════════════════════════════════════════╝
execution-manager  | 
execution-manager  | [gRPC Client Async] Stream completed, received 1 responses
execution-manager  | [GRPC THREAD 1] Completed
execution-manager  | [SCHEDULER] ✅ T=12393 ms: Task 1 'sum1' completed with status 2
execution-manager  | [SCHEDULER] 🔕 Timeout disarmed for task 1
execution-manager  | [SCHEDULER] 0 tasks remaining
execution-manager  | 
execution-manager  | [SCHEDULER] 🏁 Iteration 29/50 complete!
execution-manager  | [SCHEDULER] Iteration execution time: 12393 ms
execution-manager  | 
execution-manager  | 
execution-manager  | [SCHEDULER] 🔁 ===== ITERATION 30 / 50 =====
execution-manager  | 
execution-manager  | [SCHEDULER] 🚀 Schedule started at T=0
execution-manager  | 
execution-manager  | [SCHEDULER] 🔄 Entering event loop (NO SLEEP - event-driven!)
execution-manager  | 
execution-manager  | [SCHEDULER] ⏰ T=10000 ms | T_wall=107986022.306 ms: Launching task 1 'sum1' (deadline: 30000 ms)
execution-manager  | [SCHEDULER] 🕐 Timeout armed for task 1 at T=30000 ms (in 20000 ms)
execution-manager  | [GRPC THREAD 1] Starting...
execution-manager  | [EXECUTION MANAGER] ⏱️ T1=107986022.450 ms | Sending gRPC request for task 1 'sum1'
execution-manager  | [gRPC Channel Pool] Reusing existing channel for localhost:50051
execution-manager  | [gRPC Client Async] Calling task 'sum1' at localhost:50051
execution-manager  | [gRPC Client Async] Inputs: {"total_ops": 100, "io_percentage": 0}
execution-manager  | [gRPC Client Async] Response #1 - Status: COMPLETED
execution-manager  | 🎉 [T=12373 ms] Task 1 'sum1' COMPLETED
execution-manager  | [EXECUTION MANAGER] ⏱️ T2=107986023.300 ms | Thread started (server measured)
execution-manager  | [EXECUTION MANAGER] ⏱️ T3=107988395.175 ms | Task completed (server measured)
execution-manager  | [EXECUTION MANAGER] ⏱️ T4=107988395.890 ms | Result received by client
execution-manager  |    [TASK EXECUTION] 2371.875 ms (T3-T2, measured in thread)
execution-manager  |    [RESULT] {"result": 0}
execution-manager  | 
execution-manager  | ╔═══════════════════════════════════════════════════════════════╗
execution-manager  | ║           END-TO-END TIMING MEASUREMENT RECAP                 ║
execution-manager  | ║                   Task 1: sum1                                 
execution-manager  | ╠═══════════════════════════════════════════════════════════════╣
execution-manager  | ║ T1 (start_request)    = 107986022.450 ms                        ║
execution-manager  | ║ T2 (end_request)      = 107986023.300 ms                        ║
execution-manager  | ║ T3 (start_result)     = 107988395.175 ms                        ║
execution-manager  | ║ T4 (end_result)       = 107988395.890 ms                        ║
execution-manager  | ╠═══════════════════════════════════════════════════════════════╣
execution-manager  | ║ METRICS:                                                      ║
execution-manager  | ║   Request Latency    =        0.850 ms  (T2 - T1)            ║
execution-manager  | ║   Task Execution     =     2371.875 ms  (T3 - T2)            ║
execution-manager  | ║   Response Latency   =        0.715 ms  (T4 - T3)            ║
execution-manager  | ║   Total End-to-End   =     2373.440 ms  (T4 - T1)            ║
execution-manager  | ║   Network Overhead   =        1.566 ms  (Req + Resp)         ║
execution-manager  | ╚═══════════════════════════════════════════════════════════════╝
execution-manager  | 
execution-manager  | [gRPC Client Async] Stream completed, received 1 responses
execution-manager  | [GRPC THREAD 1] Completed
execution-manager  | [SCHEDULER] ✅ T=12374 ms: Task 1 'sum1' completed with status 2
execution-manager  | [SCHEDULER] 🔕 Timeout disarmed for task 1
execution-manager  | [SCHEDULER] 0 tasks remaining
execution-manager  | 
execution-manager  | [SCHEDULER] 🏁 Iteration 30/50 complete!
execution-manager  | [SCHEDULER] Iteration execution time: 12374 ms
execution-manager  | 
execution-manager  | 
execution-manager  | [SCHEDULER] 🔁 ===== ITERATION 31 / 50 =====
execution-manager  | 
execution-manager  | [SCHEDULER] 🚀 Schedule started at T=0
execution-manager  | 
execution-manager  | [SCHEDULER] 🔄 Entering event loop (NO SLEEP - event-driven!)
execution-manager  | 
execution-manager  | [SCHEDULER] ⏰ T=10000 ms | T_wall=107998396.410 ms: Launching task 1 'sum1' (deadline: 30000 ms)
execution-manager  | [SCHEDULER] 🕐 Timeout armed for task 1 at T=30000 ms (in 20000 ms)
execution-manager  | [GRPC THREAD 1] Starting...
execution-manager  | [EXECUTION MANAGER] ⏱️ T1=107998396.551 ms | Sending gRPC request for task 1 'sum1'
execution-manager  | [gRPC Channel Pool] Reusing existing channel for localhost:50051
execution-manager  | [gRPC Client Async] Calling task 'sum1' at localhost:50051
execution-manager  | [gRPC Client Async] Inputs: {"total_ops": 100, "io_percentage": 0}
execution-manager  | [gRPC Client Async] Response #1 - Status: COMPLETED
execution-manager  | 🎉 [T=12341 ms] Task 1 'sum1' COMPLETED
execution-manager  | [EXECUTION MANAGER] ⏱️ T2=107998397.503 ms | Thread started (server measured)
execution-manager  | [EXECUTION MANAGER] ⏱️ T3=108000737.235 ms | Task completed (server measured)
execution-manager  | [EXECUTION MANAGER] ⏱️ T4=108000737.941 ms | Result received by client
execution-manager  |    [TASK EXECUTION] 2339.731 ms (T3-T2, measured in thread)
execution-manager  |    [RESULT] {"result": 0}
execution-manager  | 
execution-manager  | ╔═══════════════════════════════════════════════════════════════╗
execution-manager  | ║           END-TO-END TIMING MEASUREMENT RECAP                 ║
execution-manager  | ║                   Task 1: sum1                                 
execution-manager  | ╠═══════════════════════════════════════════════════════════════╣
execution-manager  | ║ T1 (start_request)    = 107998396.551 ms                        ║
execution-manager  | ║ T2 (end_request)      = 107998397.503 ms                        ║
execution-manager  | ║ T3 (start_result)     = 108000737.235 ms                        ║
execution-manager  | ║ T4 (end_result)       = 108000737.941 ms                        ║
execution-manager  | ╠═══════════════════════════════════════════════════════════════╣
execution-manager  | ║ METRICS:                                                      ║
execution-manager  | ║   Request Latency    =        0.952 ms  (T2 - T1)            ║
execution-manager  | ║   Task Execution     =     2339.731 ms  (T3 - T2)            ║
execution-manager  | ║   Response Latency   =        0.706 ms  (T4 - T3)            ║
execution-manager  | ║   Total End-to-End   =     2341.390 ms  (T4 - T1)            ║
execution-manager  | ║   Network Overhead   =        1.658 ms  (Req + Resp)         ║
execution-manager  | ╚═══════════════════════════════════════════════════════════════╝
execution-manager  | 
execution-manager  | [gRPC Client Async] Stream completed, received 1 responses
execution-manager  | [GRPC THREAD 1] Completed
execution-manager  | [SCHEDULER] ✅ T=12342 ms: Task 1 'sum1' completed with status 2
execution-manager  | [SCHEDULER] 🔕 Timeout disarmed for task 1
execution-manager  | [SCHEDULER] 0 tasks remaining
execution-manager  | 
execution-manager  | [SCHEDULER] 🏁 Iteration 31/50 complete!
execution-manager  | [SCHEDULER] Iteration execution time: 12342 ms
execution-manager  | 
execution-manager  | 
execution-manager  | [SCHEDULER] 🔁 ===== ITERATION 32 / 50 =====
execution-manager  | 
execution-manager  | [SCHEDULER] 🚀 Schedule started at T=0
execution-manager  | 
execution-manager  | [SCHEDULER] 🔄 Entering event loop (NO SLEEP - event-driven!)
execution-manager  | 
execution-manager  | [SCHEDULER] ⏰ T=10000 ms | T_wall=108010738.439 ms: Launching task 1 'sum1' (deadline: 30000 ms)
execution-manager  | [SCHEDULER] 🕐 Timeout armed for task 1 at T=30000 ms (in 20000 ms)
execution-manager  | [GRPC THREAD 1] Starting...
execution-manager  | [EXECUTION MANAGER] ⏱️ T1=108010738.568 ms | Sending gRPC request for task 1 'sum1'
execution-manager  | [gRPC Channel Pool] Reusing existing channel for localhost:50051
execution-manager  | [gRPC Client Async] Calling task 'sum1' at localhost:50051
execution-manager  | [gRPC Client Async] Inputs: {"total_ops": 100, "io_percentage": 0}
execution-manager  | [gRPC Client Async] Response #1 - Status: COMPLETED
execution-manager  | 🎉 [T=12393 ms] Task 1 'sum1' COMPLETED
execution-manager  | [EXECUTION MANAGER] ⏱️ T2=108010739.424 ms | Thread started (server measured)
execution-manager  | [EXECUTION MANAGER] ⏱️ T3=108013130.548 ms | Task completed (server measured)
execution-manager  | [EXECUTION MANAGER] ⏱️ T4=108013131.219 ms | Result received by client
execution-manager  |    [TASK EXECUTION] 2391.124 ms (T3-T2, measured in thread)
execution-manager  |    [RESULT] {"result": 0}
execution-manager  | 
execution-manager  | ╔═══════════════════════════════════════════════════════════════╗
execution-manager  | ║           END-TO-END TIMING MEASUREMENT RECAP                 ║
execution-manager  | ║                   Task 1: sum1                                 
execution-manager  | ╠═══════════════════════════════════════════════════════════════╣
execution-manager  | ║ T1 (start_request)    = 108010738.568 ms                        ║
execution-manager  | ║ T2 (end_request)      = 108010739.424 ms                        ║
execution-manager  | ║ T3 (start_result)     = 108013130.548 ms                        ║
execution-manager  | ║ T4 (end_result)       = 108013131.219 ms                        ║
execution-manager  | ╠═══════════════════════════════════════════════════════════════╣
execution-manager  | ║ METRICS:                                                      ║
execution-manager  | ║   Request Latency    =        0.856 ms  (T2 - T1)            ║
execution-manager  | ║   Task Execution     =     2391.124 ms  (T3 - T2)            ║
execution-manager  | ║   Response Latency   =        0.671 ms  (T4 - T3)            ║
execution-manager  | ║   Total End-to-End   =     2392.651 ms  (T4 - T1)            ║
execution-manager  | ║   Network Overhead   =        1.527 ms  (Req + Resp)         ║
execution-manager  | ╚═══════════════════════════════════════════════════════════════╝
execution-manager  | 
execution-manager  | [gRPC Client Async] Stream completed, received 1 responses
execution-manager  | [GRPC THREAD 1] Completed
execution-manager  | [SCHEDULER] ✅ T=12393 ms: Task 1 'sum1' completed with status 2
execution-manager  | [SCHEDULER] 🔕 Timeout disarmed for task 1
execution-manager  | [SCHEDULER] 0 tasks remaining
execution-manager  | 
execution-manager  | [SCHEDULER] 🏁 Iteration 32/50 complete!
execution-manager  | [SCHEDULER] Iteration execution time: 12393 ms
execution-manager  | 
execution-manager  | 
execution-manager  | [SCHEDULER] 🔁 ===== ITERATION 33 / 50 =====
execution-manager  | 
execution-manager  | [SCHEDULER] 🚀 Schedule started at T=0
execution-manager  | 
execution-manager  | [SCHEDULER] 🔄 Entering event loop (NO SLEEP - event-driven!)
execution-manager  | 
execution-manager  | [SCHEDULER] ⏰ T=10000 ms | T_wall=108023131.660 ms: Launching task 1 'sum1' (deadline: 30000 ms)
execution-manager  | [SCHEDULER] 🕐 Timeout armed for task 1 at T=30000 ms (in 20000 ms)
execution-manager  | [GRPC THREAD 1] Starting...
execution-manager  | [EXECUTION MANAGER] ⏱️ T1=108023131.793 ms | Sending gRPC request for task 1 'sum1'
execution-manager  | [gRPC Channel Pool] Reusing existing channel for localhost:50051
execution-manager  | [gRPC Client Async] Calling task 'sum1' at localhost:50051
execution-manager  | [gRPC Client Async] Inputs: {"total_ops": 100, "io_percentage": 0}
execution-manager  | [gRPC Client Async] Response #1 - Status: COMPLETED
execution-manager  | 🎉 [T=12343 ms] Task 1 'sum1' COMPLETED
execution-manager  | [EXECUTION MANAGER] ⏱️ T2=108023132.709 ms | Thread started (server measured)
execution-manager  | [EXECUTION MANAGER] ⏱️ T3=108025473.753 ms | Task completed (server measured)
execution-manager  | [EXECUTION MANAGER] ⏱️ T4=108025474.456 ms | Result received by client
execution-manager  |    [TASK EXECUTION] 2341.044 ms (T3-T2, measured in thread)
execution-manager  |    [RESULT] {"result": 0}
execution-manager  | 
execution-manager  | ╔═══════════════════════════════════════════════════════════════╗
execution-manager  | ║           END-TO-END TIMING MEASUREMENT RECAP                 ║
execution-manager  | ║                   Task 1: sum1                                 
execution-manager  | ╠═══════════════════════════════════════════════════════════════╣
execution-manager  | ║ T1 (start_request)    = 108023131.793 ms                        ║
execution-manager  | ║ T2 (end_request)      = 108023132.709 ms                        ║
execution-manager  | ║ T3 (start_result)     = 108025473.753 ms                        ║
execution-manager  | ║ T4 (end_result)       = 108025474.456 ms                        ║
execution-manager  | ╠═══════════════════════════════════════════════════════════════╣
execution-manager  | ║ METRICS:                                                      ║
execution-manager  | ║   Request Latency    =        0.916 ms  (T2 - T1)            ║
execution-manager  | ║   Task Execution     =     2341.044 ms  (T3 - T2)            ║
execution-manager  | ║   Response Latency   =        0.703 ms  (T4 - T3)            ║
execution-manager  | ║   Total End-to-End   =     2342.663 ms  (T4 - T1)            ║
execution-manager  | ║   Network Overhead   =        1.620 ms  (Req + Resp)         ║
execution-manager  | ╚═══════════════════════════════════════════════════════════════╝
execution-manager  | 
execution-manager  | [gRPC Client Async] Stream completed, received 1 responses
execution-manager  | [GRPC THREAD 1] Completed
execution-manager  | [SCHEDULER] ✅ T=12343 ms: Task 1 'sum1' completed with status 2
execution-manager  | [SCHEDULER] 🔕 Timeout disarmed for task 1
execution-manager  | [SCHEDULER] 0 tasks remaining
execution-manager  | 
execution-manager  | [SCHEDULER] 🏁 Iteration 33/50 complete!
execution-manager  | [SCHEDULER] Iteration execution time: 12343 ms
execution-manager  | 
execution-manager  | 
execution-manager  | [SCHEDULER] 🔁 ===== ITERATION 34 / 50 =====
execution-manager  | 
execution-manager  | [SCHEDULER] 🚀 Schedule started at T=0
execution-manager  | 
execution-manager  | [SCHEDULER] 🔄 Entering event loop (NO SLEEP - event-driven!)
execution-manager  | 
execution-manager  | [SCHEDULER] ⏰ T=10000 ms | T_wall=108035474.926 ms: Launching task 1 'sum1' (deadline: 30000 ms)
execution-manager  | [SCHEDULER] 🕐 Timeout armed for task 1 at T=30000 ms (in 19999 ms)
execution-manager  | [GRPC THREAD 1] Starting...
execution-manager  | [EXECUTION MANAGER] ⏱️ T1=108035475.069 ms | Sending gRPC request for task 1 'sum1'
execution-manager  | [gRPC Channel Pool] Reusing existing channel for localhost:50051
execution-manager  | [gRPC Client Async] Calling task 'sum1' at localhost:50051
execution-manager  | [gRPC Client Async] Inputs: {"total_ops": 100, "io_percentage": 0}
execution-manager  | [gRPC Client Async] Response #1 - Status: COMPLETED
execution-manager  | 🎉 [T=12344 ms] Task 1 'sum1' COMPLETED
execution-manager  | [EXECUTION MANAGER] ⏱️ T2=108035476.596 ms | Thread started (server measured)
execution-manager  | [EXECUTION MANAGER] ⏱️ T3=108037817.637 ms | Task completed (server measured)
execution-manager  | [EXECUTION MANAGER] ⏱️ T4=108037818.338 ms | Result received by client
execution-manager  |    [TASK EXECUTION] 2341.041 ms (T3-T2, measured in thread)
execution-manager  |    [RESULT] {"result": 0}
execution-manager  | 
execution-manager  | ╔═══════════════════════════════════════════════════════════════╗
execution-manager  | ║           END-TO-END TIMING MEASUREMENT RECAP                 ║
execution-manager  | ║                   Task 1: sum1                                 
execution-manager  | ╠═══════════════════════════════════════════════════════════════╣
execution-manager  | ║ T1 (start_request)    = 108035475.069 ms                        ║
execution-manager  | ║ T2 (end_request)      = 108035476.596 ms                        ║
execution-manager  | ║ T3 (start_result)     = 108037817.637 ms                        ║
execution-manager  | ║ T4 (end_result)       = 108037818.338 ms                        ║
execution-manager  | ╠═══════════════════════════════════════════════════════════════╣
execution-manager  | ║ METRICS:                                                      ║
execution-manager  | ║   Request Latency    =        1.527 ms  (T2 - T1)            ║
execution-manager  | ║   Task Execution     =     2341.041 ms  (T3 - T2)            ║
execution-manager  | ║   Response Latency   =        0.701 ms  (T4 - T3)            ║
execution-manager  | ║   Total End-to-End   =     2343.269 ms  (T4 - T1)            ║
execution-manager  | ║   Network Overhead   =        2.228 ms  (Req + Resp)         ║
execution-manager  | ╚═══════════════════════════════════════════════════════════════╝
execution-manager  | 
execution-manager  | [gRPC Client Async] Stream completed, received 1 responses
execution-manager  | [GRPC THREAD 1] Completed
execution-manager  | [SCHEDULER] ✅ T=12344 ms: Task 1 'sum1' completed with status 2
execution-manager  | [SCHEDULER] 🔕 Timeout disarmed for task 1
execution-manager  | [SCHEDULER] 0 tasks remaining
execution-manager  | 
execution-manager  | [SCHEDULER] 🏁 Iteration 34/50 complete!
execution-manager  | [SCHEDULER] Iteration execution time: 12344 ms
execution-manager  | 
execution-manager  | 
execution-manager  | [SCHEDULER] 🔁 ===== ITERATION 35 / 50 =====
execution-manager  | 
execution-manager  | [SCHEDULER] 🚀 Schedule started at T=0
execution-manager  | 
execution-manager  | [SCHEDULER] 🔄 Entering event loop (NO SLEEP - event-driven!)
execution-manager  | 
execution-manager  | [SCHEDULER] ⏰ T=10000 ms | T_wall=108047818.812 ms: Launching task 1 'sum1' (deadline: 30000 ms)
execution-manager  | [SCHEDULER] 🕐 Timeout armed for task 1 at T=30000 ms (in 20000 ms)
execution-manager  | [GRPC THREAD 1] Starting...
execution-manager  | [EXECUTION MANAGER] ⏱️ T1=108047818.942 ms | Sending gRPC request for task 1 'sum1'
execution-manager  | [gRPC Channel Pool] Reusing existing channel for localhost:50051
execution-manager  | [gRPC Client Async] Calling task 'sum1' at localhost:50051
execution-manager  | [gRPC Client Async] Inputs: {"total_ops": 100, "io_percentage": 0}
execution-manager  | [gRPC Client Async] Response #1 - Status: COMPLETED
execution-manager  | 🎉 [T=12393 ms] Task 1 'sum1' COMPLETED
execution-manager  | [EXECUTION MANAGER] ⏱️ T2=108047819.866 ms | Thread started (server measured)
execution-manager  | [EXECUTION MANAGER] ⏱️ T3=108050210.900 ms | Task completed (server measured)
execution-manager  | [EXECUTION MANAGER] ⏱️ T4=108050211.654 ms | Result received by client
execution-manager  |    [TASK EXECUTION] 2391.034 ms (T3-T2, measured in thread)
execution-manager  |    [RESULT] {"result": 0}
execution-manager  | 
execution-manager  | ╔═══════════════════════════════════════════════════════════════╗
execution-manager  | ║           END-TO-END TIMING MEASUREMENT RECAP                 ║
execution-manager  | ║                   Task 1: sum1                                 
execution-manager  | ╠═══════════════════════════════════════════════════════════════╣
execution-manager  | ║ T1 (start_request)    = 108047818.942 ms                        ║
execution-manager  | ║ T2 (end_request)      = 108047819.866 ms                        ║
execution-manager  | ║ T3 (start_result)     = 108050210.900 ms                        ║
execution-manager  | ║ T4 (end_result)       = 108050211.654 ms                        ║
execution-manager  | ╠═══════════════════════════════════════════════════════════════╣
execution-manager  | ║ METRICS:                                                      ║
execution-manager  | ║   Request Latency    =        0.924 ms  (T2 - T1)            ║
execution-manager  | ║   Task Execution     =     2391.034 ms  (T3 - T2)            ║
execution-manager  | ║   Response Latency   =        0.754 ms  (T4 - T3)            ║
execution-manager  | ║   Total End-to-End   =     2392.711 ms  (T4 - T1)            ║
execution-manager  | ║   Network Overhead   =        1.678 ms  (Req + Resp)         ║
execution-manager  | ╚═══════════════════════════════════════════════════════════════╝
execution-manager  | 
execution-manager  | [gRPC Client Async] Stream completed, received 1 responses
execution-manager  | [GRPC THREAD 1] Completed
execution-manager  | [SCHEDULER] ✅ T=12393 ms: Task 1 'sum1' completed with status 2
execution-manager  | [SCHEDULER] 🔕 Timeout disarmed for task 1
execution-manager  | [SCHEDULER] 0 tasks remaining
execution-manager  | 
execution-manager  | [SCHEDULER] 🏁 Iteration 35/50 complete!
execution-manager  | [SCHEDULER] Iteration execution time: 12393 ms
execution-manager  | 
execution-manager  | 
execution-manager  | [SCHEDULER] 🔁 ===== ITERATION 36 / 50 =====
execution-manager  | 
execution-manager  | [SCHEDULER] 🚀 Schedule started at T=0
execution-manager  | 
execution-manager  | [SCHEDULER] 🔄 Entering event loop (NO SLEEP - event-driven!)
execution-manager  | 
execution-manager  | [SCHEDULER] ⏰ T=10000 ms | T_wall=108060212.107 ms: Launching task 1 'sum1' (deadline: 30000 ms)
execution-manager  | [SCHEDULER] 🕐 Timeout armed for task 1 at T=30000 ms (in 20000 ms)
execution-manager  | [GRPC THREAD 1] Starting...
execution-manager  | [EXECUTION MANAGER] ⏱️ T1=108060212.241 ms | Sending gRPC request for task 1 'sum1'
execution-manager  | [gRPC Channel Pool] Reusing existing channel for localhost:50051
execution-manager  | [gRPC Client Async] Calling task 'sum1' at localhost:50051
execution-manager  | [gRPC Client Async] Inputs: {"total_ops": 100, "io_percentage": 0}
execution-manager  | [gRPC Client Async] Response #1 - Status: COMPLETED
execution-manager  | 🎉 [T=12342 ms] Task 1 'sum1' COMPLETED
execution-manager  | [EXECUTION MANAGER] ⏱️ T2=108060213.218 ms | Thread started (server measured)
execution-manager  | [EXECUTION MANAGER] ⏱️ T3=108062553.077 ms | Task completed (server measured)
execution-manager  | [EXECUTION MANAGER] ⏱️ T4=108062554.324 ms | Result received by client
execution-manager  |    [TASK EXECUTION] 2339.859 ms (T3-T2, measured in thread)
execution-manager  |    [RESULT] {"result": 0}
execution-manager  | 
execution-manager  | ╔═══════════════════════════════════════════════════════════════╗
execution-manager  | ║           END-TO-END TIMING MEASUREMENT RECAP                 ║
execution-manager  | ║                   Task 1: sum1                                 
execution-manager  | ╠═══════════════════════════════════════════════════════════════╣
execution-manager  | ║ T1 (start_request)    = 108060212.241 ms                        ║
execution-manager  | ║ T2 (end_request)      = 108060213.218 ms                        ║
execution-manager  | ║ T3 (start_result)     = 108062553.077 ms                        ║
execution-manager  | ║ T4 (end_result)       = 108062554.324 ms                        ║
execution-manager  | ╠═══════════════════════════════════════════════════════════════╣
execution-manager  | ║ METRICS:                                                      ║
execution-manager  | ║   Request Latency    =        0.977 ms  (T2 - T1)            ║
execution-manager  | ║   Task Execution     =     2339.859 ms  (T3 - T2)            ║
execution-manager  | ║   Response Latency   =        1.247 ms  (T4 - T3)            ║
execution-manager  | ║   Total End-to-End   =     2342.083 ms  (T4 - T1)            ║
execution-manager  | ║   Network Overhead   =        2.224 ms  (Req + Resp)         ║
execution-manager  | ╚═══════════════════════════════════════════════════════════════╝
execution-manager  | 
execution-manager  | [gRPC Client Async] Stream completed, received 1 responses
execution-manager  | [GRPC THREAD 1] Completed
execution-manager  | [SCHEDULER] ✅ T=12342 ms: Task 1 'sum1' completed with status 2
execution-manager  | [SCHEDULER] 🔕 Timeout disarmed for task 1
execution-manager  | [SCHEDULER] 0 tasks remaining
execution-manager  | 
execution-manager  | [SCHEDULER] 🏁 Iteration 36/50 complete!
execution-manager  | [SCHEDULER] Iteration execution time: 12342 ms
execution-manager  | 
execution-manager  | 
execution-manager  | [SCHEDULER] 🔁 ===== ITERATION 37 / 50 =====
execution-manager  | 
execution-manager  | [SCHEDULER] 🚀 Schedule started at T=0
execution-manager  | 
execution-manager  | [SCHEDULER] 🔄 Entering event loop (NO SLEEP - event-driven!)
execution-manager  | 
execution-manager  | [SCHEDULER] ⏰ T=10000 ms | T_wall=108072554.778 ms: Launching task 1 'sum1' (deadline: 30000 ms)
execution-manager  | [SCHEDULER] 🕐 Timeout armed for task 1 at T=30000 ms (in 20000 ms)
execution-manager  | [GRPC THREAD 1] Starting...
execution-manager  | [EXECUTION MANAGER] ⏱️ T1=108072554.908 ms | Sending gRPC request for task 1 'sum1'
execution-manager  | [gRPC Channel Pool] Reusing existing channel for localhost:50051
execution-manager  | [gRPC Client Async] Calling task 'sum1' at localhost:50051
execution-manager  | [gRPC Client Async] Inputs: {"total_ops": 100, "io_percentage": 0}
execution-manager  | [gRPC Client Async] Response #1 - Status: COMPLETED
execution-manager  | 🎉 [T=12342 ms] Task 1 'sum1' COMPLETED
execution-manager  | [EXECUTION MANAGER] ⏱️ T2=108072555.823 ms | Thread started (server measured)
execution-manager  | [EXECUTION MANAGER] ⏱️ T3=108074895.756 ms | Task completed (server measured)
execution-manager  | [EXECUTION MANAGER] ⏱️ T4=108074896.567 ms | Result received by client
execution-manager  |    [TASK EXECUTION] 2339.933 ms (T3-T2, measured in thread)
execution-manager  |    [RESULT] {"result": 0}
execution-manager  | 
execution-manager  | ╔═══════════════════════════════════════════════════════════════╗
execution-manager  | ║           END-TO-END TIMING MEASUREMENT RECAP                 ║
execution-manager  | ║                   Task 1: sum1                                 
execution-manager  | ╠═══════════════════════════════════════════════════════════════╣
execution-manager  | ║ T1 (start_request)    = 108072554.908 ms                        ║
execution-manager  | ║ T2 (end_request)      = 108072555.823 ms                        ║
execution-manager  | ║ T3 (start_result)     = 108074895.756 ms                        ║
execution-manager  | ║ T4 (end_result)       = 108074896.567 ms                        ║
execution-manager  | ╠═══════════════════════════════════════════════════════════════╣
execution-manager  | ║ METRICS:                                                      ║
execution-manager  | ║   Request Latency    =        0.915 ms  (T2 - T1)            ║
execution-manager  | ║   Task Execution     =     2339.933 ms  (T3 - T2)            ║
execution-manager  | ║   Response Latency   =        0.811 ms  (T4 - T3)            ║
execution-manager  | ║   Total End-to-End   =     2341.659 ms  (T4 - T1)            ║
execution-manager  | ║   Network Overhead   =        1.726 ms  (Req + Resp)         ║
execution-manager  | ╚═══════════════════════════════════════════════════════════════╝
execution-manager  | 
execution-manager  | [gRPC Client Async] Stream completed, received 1 responses
execution-manager  | [GRPC THREAD 1] Completed
execution-manager  | [SCHEDULER] ✅ T=12342 ms: Task 1 'sum1' completed with status 2
execution-manager  | [SCHEDULER] 🔕 Timeout disarmed for task 1
execution-manager  | [SCHEDULER] 0 tasks remaining
execution-manager  | 
execution-manager  | [SCHEDULER] 🏁 Iteration 37/50 complete!
execution-manager  | [SCHEDULER] Iteration execution time: 12342 ms
execution-manager  | 
execution-manager  | 
execution-manager  | [SCHEDULER] 🔁 ===== ITERATION 38 / 50 =====
execution-manager  | 
execution-manager  | [SCHEDULER] 🚀 Schedule started at T=0
execution-manager  | 
execution-manager  | [SCHEDULER] 🔄 Entering event loop (NO SLEEP - event-driven!)
execution-manager  | 
execution-manager  | [SCHEDULER] ⏰ T=10001 ms | T_wall=108084897.029 ms: Launching task 1 'sum1' (deadline: 30000 ms)
execution-manager  | [SCHEDULER] 🕐 Timeout armed for task 1 at T=30000 ms (in 19999 ms)
execution-manager  | [GRPC THREAD 1] Starting...
execution-manager  | [EXECUTION MANAGER] ⏱️ T1=108084897.158 ms | Sending gRPC request for task 1 'sum1'
execution-manager  | [gRPC Channel Pool] Reusing existing channel for localhost:50051
execution-manager  | [gRPC Client Async] Calling task 'sum1' at localhost:50051
execution-manager  | [gRPC Client Async] Inputs: {"total_ops": 100, "io_percentage": 0}
execution-manager  | [gRPC Client Async] Response #1 - Status: COMPLETED
execution-manager  | 🎉 [T=12393 ms] Task 1 'sum1' COMPLETED
execution-manager  | [EXECUTION MANAGER] ⏱️ T2=108084898.307 ms | Thread started (server measured)
execution-manager  | [EXECUTION MANAGER] ⏱️ T3=108087288.252 ms | Task completed (server measured)
execution-manager  | [EXECUTION MANAGER] ⏱️ T4=108087289.024 ms | Result received by client
execution-manager  |    [TASK EXECUTION] 2389.945 ms (T3-T2, measured in thread)
execution-manager  |    [RESULT] {"result": 0}
execution-manager  | 
execution-manager  | ╔═══════════════════════════════════════════════════════════════╗
execution-manager  | ║           END-TO-END TIMING MEASUREMENT RECAP                 ║
execution-manager  | ║                   Task 1: sum1                                 
execution-manager  | ╠═══════════════════════════════════════════════════════════════╣
execution-manager  | ║ T1 (start_request)    = 108084897.158 ms                        ║
execution-manager  | ║ T2 (end_request)      = 108084898.307 ms                        ║
execution-manager  | ║ T3 (start_result)     = 108087288.252 ms                        ║
execution-manager  | ║ T4 (end_result)       = 108087289.024 ms                        ║
execution-manager  | ╠═══════════════════════════════════════════════════════════════╣
execution-manager  | ║ METRICS:                                                      ║
execution-manager  | ║   Request Latency    =        1.149 ms  (T2 - T1)            ║
execution-manager  | ║   Task Execution     =     2389.945 ms  (T3 - T2)            ║
execution-manager  | ║   Response Latency   =        0.772 ms  (T4 - T3)            ║
execution-manager  | ║   Total End-to-End   =     2391.866 ms  (T4 - T1)            ║
execution-manager  | ║   Network Overhead   =        1.921 ms  (Req + Resp)         ║
execution-manager  | ╚═══════════════════════════════════════════════════════════════╝
execution-manager  | 
execution-manager  | [gRPC Client Async] Stream completed, received 1 responses
execution-manager  | [GRPC THREAD 1] Completed
execution-manager  | [SCHEDULER] ✅ T=12393 ms: Task 1 'sum1' completed with status 2
execution-manager  | [SCHEDULER] 🔕 Timeout disarmed for task 1
execution-manager  | [SCHEDULER] 0 tasks remaining
execution-manager  | 
execution-manager  | [SCHEDULER] 🏁 Iteration 38/50 complete!
execution-manager  | [SCHEDULER] Iteration execution time: 12393 ms
execution-manager  | 
execution-manager  | 
execution-manager  | [SCHEDULER] 🔁 ===== ITERATION 39 / 50 =====
execution-manager  | 
execution-manager  | [SCHEDULER] 🚀 Schedule started at T=0
execution-manager  | 
execution-manager  | [SCHEDULER] 🔄 Entering event loop (NO SLEEP - event-driven!)
execution-manager  | 
execution-manager  | [SCHEDULER] ⏰ T=10000 ms | T_wall=108097289.510 ms: Launching task 1 'sum1' (deadline: 30000 ms)
execution-manager  | [SCHEDULER] 🕐 Timeout armed for task 1 at T=30000 ms (in 20000 ms)
execution-manager  | [GRPC THREAD 1] Starting...
execution-manager  | [EXECUTION MANAGER] ⏱️ T1=108097289.645 ms | Sending gRPC request for task 1 'sum1'
execution-manager  | [gRPC Channel Pool] Reusing existing channel for localhost:50051
execution-manager  | [gRPC Client Async] Calling task 'sum1' at localhost:50051
execution-manager  | [gRPC Client Async] Inputs: {"total_ops": 100, "io_percentage": 0}
execution-manager  | [gRPC Client Async] Response #1 - Status: COMPLETED
execution-manager  | 🎉 [T=12342 ms] Task 1 'sum1' COMPLETED
execution-manager  | [EXECUTION MANAGER] ⏱️ T2=108097290.576 ms | Thread started (server measured)
execution-manager  | [EXECUTION MANAGER] ⏱️ T3=108099630.796 ms | Task completed (server measured)
execution-manager  | [EXECUTION MANAGER] ⏱️ T4=108099631.516 ms | Result received by client
execution-manager  |    [TASK EXECUTION] 2340.221 ms (T3-T2, measured in thread)
execution-manager  |    [RESULT] {"result": 0}
execution-manager  | 
execution-manager  | ╔═══════════════════════════════════════════════════════════════╗
execution-manager  | ║           END-TO-END TIMING MEASUREMENT RECAP                 ║
execution-manager  | ║                   Task 1: sum1                                 
execution-manager  | ╠═══════════════════════════════════════════════════════════════╣
execution-manager  | ║ T1 (start_request)    = 108097289.645 ms                        ║
execution-manager  | ║ T2 (end_request)      = 108097290.576 ms                        ║
execution-manager  | ║ T3 (start_result)     = 108099630.796 ms                        ║
execution-manager  | ║ T4 (end_result)       = 108099631.516 ms                        ║
execution-manager  | ╠═══════════════════════════════════════════════════════════════╣
execution-manager  | ║ METRICS:                                                      ║
execution-manager  | ║   Request Latency    =        0.931 ms  (T2 - T1)            ║
execution-manager  | ║   Task Execution     =     2340.221 ms  (T3 - T2)            ║
execution-manager  | ║   Response Latency   =        0.720 ms  (T4 - T3)            ║
execution-manager  | ║   Total End-to-End   =     2341.872 ms  (T4 - T1)            ║
execution-manager  | ║   Network Overhead   =        1.651 ms  (Req + Resp)         ║
execution-manager  | ╚═══════════════════════════════════════════════════════════════╝
execution-manager  | 
execution-manager  | [gRPC Client Async] Stream completed, received 1 responses
execution-manager  | [GRPC THREAD 1] Completed
execution-manager  | [SCHEDULER] ✅ T=12342 ms: Task 1 'sum1' completed with status 2
execution-manager  | [SCHEDULER] 🔕 Timeout disarmed for task 1
execution-manager  | [SCHEDULER] 0 tasks remaining
execution-manager  | 
execution-manager  | [SCHEDULER] 🏁 Iteration 39/50 complete!
execution-manager  | [SCHEDULER] Iteration execution time: 12342 ms
execution-manager  | 
execution-manager  | 
execution-manager  | [SCHEDULER] 🔁 ===== ITERATION 40 / 50 =====
execution-manager  | 
execution-manager  | [SCHEDULER] 🚀 Schedule started at T=0
execution-manager  | 
execution-manager  | [SCHEDULER] 🔄 Entering event loop (NO SLEEP - event-driven!)
execution-manager  | 
execution-manager  | [SCHEDULER] ⏰ T=10000 ms | T_wall=108109631.938 ms: Launching task 1 'sum1' (deadline: 30000 ms)
execution-manager  | [SCHEDULER] 🕐 Timeout armed for task 1 at T=30000 ms (in 19999 ms)
execution-manager  | [GRPC THREAD 1] Starting...
execution-manager  | [EXECUTION MANAGER] ⏱️ T1=108109632.077 ms | Sending gRPC request for task 1 'sum1'
execution-manager  | [gRPC Channel Pool] Reusing existing channel for localhost:50051
execution-manager  | [gRPC Client Async] Calling task 'sum1' at localhost:50051
execution-manager  | [gRPC Client Async] Inputs: {"total_ops": 100, "io_percentage": 0}
execution-manager  | [gRPC Client Async] Response #1 - Status: COMPLETED
execution-manager  | 🎉 [T=12393 ms] Task 1 'sum1' COMPLETED
execution-manager  | [EXECUTION MANAGER] ⏱️ T2=108109633.085 ms | Thread started (server measured)
execution-manager  | [EXECUTION MANAGER] ⏱️ T3=108112023.383 ms | Task completed (server measured)
execution-manager  | [EXECUTION MANAGER] ⏱️ T4=108112024.326 ms | Result received by client
execution-manager  |    [TASK EXECUTION] 2390.298 ms (T3-T2, measured in thread)
execution-manager  |    [RESULT] {"result": 0}
execution-manager  | 
execution-manager  | ╔═══════════════════════════════════════════════════════════════╗
execution-manager  | ║           END-TO-END TIMING MEASUREMENT RECAP                 ║
execution-manager  | ║                   Task 1: sum1                                 
execution-manager  | ╠═══════════════════════════════════════════════════════════════╣
execution-manager  | ║ T1 (start_request)    = 108109632.077 ms                        ║
execution-manager  | ║ T2 (end_request)      = 108109633.085 ms                        ║
execution-manager  | ║ T3 (start_result)     = 108112023.383 ms                        ║
execution-manager  | ║ T4 (end_result)       = 108112024.326 ms                        ║
execution-manager  | ╠═══════════════════════════════════════════════════════════════╣
execution-manager  | ║ METRICS:                                                      ║
execution-manager  | ║   Request Latency    =        1.008 ms  (T2 - T1)            ║
execution-manager  | ║   Task Execution     =     2390.298 ms  (T3 - T2)            ║
execution-manager  | ║   Response Latency   =        0.944 ms  (T4 - T3)            ║
execution-manager  | ║   Total End-to-End   =     2392.249 ms  (T4 - T1)            ║
execution-manager  | ║   Network Overhead   =        1.951 ms  (Req + Resp)         ║
execution-manager  | ╚═══════════════════════════════════════════════════════════════╝
execution-manager  | 
execution-manager  | [gRPC Client Async] Stream completed, received 1 responses
execution-manager  | [GRPC THREAD 1] Completed
execution-manager  | [SCHEDULER] ✅ T=12393 ms: Task 1 'sum1' completed with status 2
execution-manager  | [SCHEDULER] 🔕 Timeout disarmed for task 1
execution-manager  | [SCHEDULER] 0 tasks remaining
execution-manager  | 
execution-manager  | [SCHEDULER] 🏁 Iteration 40/50 complete!
execution-manager  | [SCHEDULER] Iteration execution time: 12393 ms
execution-manager  | 
execution-manager  | 
execution-manager  | [SCHEDULER] 🔁 ===== ITERATION 41 / 50 =====
execution-manager  | 
execution-manager  | [SCHEDULER] 🚀 Schedule started at T=0
execution-manager  | 
execution-manager  | [SCHEDULER] 🔄 Entering event loop (NO SLEEP - event-driven!)
execution-manager  | 
execution-manager  | [SCHEDULER] ⏰ T=10000 ms | T_wall=108122024.739 ms: Launching task 1 'sum1' (deadline: 30000 ms)
execution-manager  | [SCHEDULER] 🕐 Timeout armed for task 1 at T=30000 ms (in 20000 ms)
execution-manager  | [GRPC THREAD 1] Starting...
execution-manager  | [EXECUTION MANAGER] ⏱️ T1=108122024.870 ms | Sending gRPC request for task 1 'sum1'
execution-manager  | [gRPC Channel Pool] Reusing existing channel for localhost:50051
execution-manager  | [gRPC Client Async] Calling task 'sum1' at localhost:50051
execution-manager  | [gRPC Client Async] Inputs: {"total_ops": 100, "io_percentage": 0}
execution-manager  | [gRPC Client Async] Response #1 - Status: COMPLETED
execution-manager  | 🎉 [T=12372 ms] Task 1 'sum1' COMPLETED
execution-manager  | [EXECUTION MANAGER] ⏱️ T2=108122025.915 ms | Thread started (server measured)
execution-manager  | [EXECUTION MANAGER] ⏱️ T3=108124395.969 ms | Task completed (server measured)
execution-manager  | [EXECUTION MANAGER] ⏱️ T4=108124396.665 ms | Result received by client
execution-manager  |    [TASK EXECUTION] 2370.053 ms (T3-T2, measured in thread)
execution-manager  |    [RESULT] {"result": 0}
execution-manager  | 
execution-manager  | ╔═══════════════════════════════════════════════════════════════╗
execution-manager  | ║           END-TO-END TIMING MEASUREMENT RECAP                 ║
execution-manager  | ║                   Task 1: sum1                                 
execution-manager  | ╠═══════════════════════════════════════════════════════════════╣
execution-manager  | ║ T1 (start_request)    = 108122024.870 ms                        ║
execution-manager  | ║ T2 (end_request)      = 108122025.915 ms                        ║
execution-manager  | ║ T3 (start_result)     = 108124395.969 ms                        ║
execution-manager  | ║ T4 (end_result)       = 108124396.665 ms                        ║
execution-manager  | ╠═══════════════════════════════════════════════════════════════╣
execution-manager  | ║ METRICS:                                                      ║
execution-manager  | ║   Request Latency    =        1.045 ms  (T2 - T1)            ║
execution-manager  | ║   Task Execution     =     2370.053 ms  (T3 - T2)            ║
execution-manager  | ║   Response Latency   =        0.697 ms  (T4 - T3)            ║
execution-manager  | ║   Total End-to-End   =     2371.795 ms  (T4 - T1)            ║
execution-manager  | ║   Network Overhead   =        1.742 ms  (Req + Resp)         ║
execution-manager  | ╚═══════════════════════════════════════════════════════════════╝
execution-manager  | 
execution-manager  | [gRPC Client Async] Stream completed, received 1 responses
execution-manager  | [GRPC THREAD 1] Completed
execution-manager  | [SCHEDULER] ✅ T=12373 ms: Task 1 'sum1' completed with status 2
execution-manager  | [SCHEDULER] 🔕 Timeout disarmed for task 1
execution-manager  | [SCHEDULER] 0 tasks remaining
execution-manager  | 
execution-manager  | [SCHEDULER] 🏁 Iteration 41/50 complete!
execution-manager  | [SCHEDULER] Iteration execution time: 12373 ms
execution-manager  | 
execution-manager  | 
execution-manager  | [SCHEDULER] 🔁 ===== ITERATION 42 / 50 =====
execution-manager  | 
execution-manager  | [SCHEDULER] 🚀 Schedule started at T=0
execution-manager  | 
execution-manager  | [SCHEDULER] 🔄 Entering event loop (NO SLEEP - event-driven!)
execution-manager  | 
execution-manager  | [SCHEDULER] ⏰ T=10000 ms | T_wall=108134397.162 ms: Launching task 1 'sum1' (deadline: 30000 ms)
execution-manager  | [SCHEDULER] 🕐 Timeout armed for task 1 at T=30000 ms (in 20000 ms)
execution-manager  | [GRPC THREAD 1] Starting...
execution-manager  | [EXECUTION MANAGER] ⏱️ T1=108134397.294 ms | Sending gRPC request for task 1 'sum1'
execution-manager  | [gRPC Channel Pool] Reusing existing channel for localhost:50051
execution-manager  | [gRPC Client Async] Calling task 'sum1' at localhost:50051
execution-manager  | [gRPC Client Async] Inputs: {"total_ops": 100, "io_percentage": 0}
execution-manager  | [gRPC Client Async] Response #1 - Status: COMPLETED
execution-manager  | 🎉 [T=12341 ms] Task 1 'sum1' COMPLETED
execution-manager  | [EXECUTION MANAGER] ⏱️ T2=108134398.346 ms | Thread started (server measured)
execution-manager  | [EXECUTION MANAGER] ⏱️ T3=108136738.170 ms | Task completed (server measured)
execution-manager  | [EXECUTION MANAGER] ⏱️ T4=108136738.805 ms | Result received by client
execution-manager  |    [TASK EXECUTION] 2339.824 ms (T3-T2, measured in thread)
execution-manager  |    [RESULT] {"result": 0}
execution-manager  | 
execution-manager  | ╔═══════════════════════════════════════════════════════════════╗
execution-manager  | ║           END-TO-END TIMING MEASUREMENT RECAP                 ║
execution-manager  | ║                   Task 1: sum1                                 
execution-manager  | ╠═══════════════════════════════════════════════════════════════╣
execution-manager  | ║ T1 (start_request)    = 108134397.294 ms                        ║
execution-manager  | ║ T2 (end_request)      = 108134398.346 ms                        ║
execution-manager  | ║ T3 (start_result)     = 108136738.170 ms                        ║
execution-manager  | ║ T4 (end_result)       = 108136738.805 ms                        ║
execution-manager  | ╠═══════════════════════════════════════════════════════════════╣
execution-manager  | ║ METRICS:                                                      ║
execution-manager  | ║   Request Latency    =        1.052 ms  (T2 - T1)            ║
execution-manager  | ║   Task Execution     =     2339.824 ms  (T3 - T2)            ║
execution-manager  | ║   Response Latency   =        0.635 ms  (T4 - T3)            ║
execution-manager  | ║   Total End-to-End   =     2341.511 ms  (T4 - T1)            ║
execution-manager  | ║   Network Overhead   =        1.687 ms  (Req + Resp)         ║
execution-manager  | ╚═══════════════════════════════════════════════════════════════╝
execution-manager  | 
execution-manager  | [gRPC Client Async] Stream completed, received 1 responses
execution-manager  | [GRPC THREAD 1] Completed
execution-manager  | [SCHEDULER] ✅ T=12342 ms: Task 1 'sum1' completed with status 2
execution-manager  | [SCHEDULER] 🔕 Timeout disarmed for task 1
execution-manager  | [SCHEDULER] 0 tasks remaining
execution-manager  | 
execution-manager  | [SCHEDULER] 🏁 Iteration 42/50 complete!
execution-manager  | [SCHEDULER] Iteration execution time: 12342 ms
execution-manager  | 
execution-manager  | 
execution-manager  | [SCHEDULER] 🔁 ===== ITERATION 43 / 50 =====
execution-manager  | 
execution-manager  | [SCHEDULER] 🚀 Schedule started at T=0
execution-manager  | 
execution-manager  | [SCHEDULER] 🔄 Entering event loop (NO SLEEP - event-driven!)
execution-manager  | 
execution-manager  | [SCHEDULER] ⏰ T=10000 ms | T_wall=108146739.263 ms: Launching task 1 'sum1' (deadline: 30000 ms)
execution-manager  | [SCHEDULER] 🕐 Timeout armed for task 1 at T=30000 ms (in 20000 ms)
execution-manager  | [GRPC THREAD 1] Starting...
execution-manager  | [EXECUTION MANAGER] ⏱️ T1=108146739.427 ms | Sending gRPC request for task 1 'sum1'
execution-manager  | [gRPC Channel Pool] Reusing existing channel for localhost:50051
execution-manager  | [gRPC Client Async] Calling task 'sum1' at localhost:50051
execution-manager  | [gRPC Client Async] Inputs: {"total_ops": 100, "io_percentage": 0}
execution-manager  | [gRPC Client Async] Response #1 - Status: COMPLETED
execution-manager  | 🎉 [T=12393 ms] Task 1 'sum1' COMPLETED
execution-manager  | [EXECUTION MANAGER] ⏱️ T2=108146740.358 ms | Thread started (server measured)
execution-manager  | [EXECUTION MANAGER] ⏱️ T3=108149132.113 ms | Task completed (server measured)
execution-manager  | [EXECUTION MANAGER] ⏱️ T4=108149132.768 ms | Result received by client
execution-manager  |    [TASK EXECUTION] 2391.755 ms (T3-T2, measured in thread)
execution-manager  |    [RESULT] {"result": 0}
execution-manager  | 
execution-manager  | ╔═══════════════════════════════════════════════════════════════╗
execution-manager  | ║           END-TO-END TIMING MEASUREMENT RECAP                 ║
execution-manager  | ║                   Task 1: sum1                                 
execution-manager  | ╠═══════════════════════════════════════════════════════════════╣
execution-manager  | ║ T1 (start_request)    = 108146739.427 ms                        ║
execution-manager  | ║ T2 (end_request)      = 108146740.358 ms                        ║
execution-manager  | ║ T3 (start_result)     = 108149132.113 ms                        ║
execution-manager  | ║ T4 (end_result)       = 108149132.768 ms                        ║
execution-manager  | ╠═══════════════════════════════════════════════════════════════╣
execution-manager  | ║ METRICS:                                                      ║
execution-manager  | ║   Request Latency    =        0.931 ms  (T2 - T1)            ║
execution-manager  | ║   Task Execution     =     2391.755 ms  (T3 - T2)            ║
execution-manager  | ║   Response Latency   =        0.655 ms  (T4 - T3)            ║
execution-manager  | ║   Total End-to-End   =     2393.341 ms  (T4 - T1)            ║
execution-manager  | ║   Network Overhead   =        1.586 ms  (Req + Resp)         ║
execution-manager  | ╚═══════════════════════════════════════════════════════════════╝
execution-manager  | 
execution-manager  | [gRPC Client Async] Stream completed, received 1 responses
execution-manager  | [GRPC THREAD 1] Completed
execution-manager  | [SCHEDULER] ✅ T=12394 ms: Task 1 'sum1' completed with status 2
execution-manager  | [SCHEDULER] 🔕 Timeout disarmed for task 1
execution-manager  | [SCHEDULER] 0 tasks remaining
execution-manager  | 
execution-manager  | [SCHEDULER] 🏁 Iteration 43/50 complete!
execution-manager  | [SCHEDULER] Iteration execution time: 12394 ms
execution-manager  | 
execution-manager  | 
execution-manager  | [SCHEDULER] 🔁 ===== ITERATION 44 / 50 =====
execution-manager  | 
execution-manager  | [SCHEDULER] 🚀 Schedule started at T=0
execution-manager  | 
execution-manager  | [SCHEDULER] 🔄 Entering event loop (NO SLEEP - event-driven!)
execution-manager  | 
execution-manager  | [SCHEDULER] ⏰ T=10000 ms | T_wall=108159133.212 ms: Launching task 1 'sum1' (deadline: 30000 ms)
execution-manager  | [SCHEDULER] 🕐 Timeout armed for task 1 at T=30000 ms (in 20000 ms)
execution-manager  | [GRPC THREAD 1] Starting...
execution-manager  | [EXECUTION MANAGER] ⏱️ T1=108159133.346 ms | Sending gRPC request for task 1 'sum1'
execution-manager  | [gRPC Channel Pool] Reusing existing channel for localhost:50051
execution-manager  | [gRPC Client Async] Calling task 'sum1' at localhost:50051
execution-manager  | [gRPC Client Async] Inputs: {"total_ops": 100, "io_percentage": 0}
execution-manager  | [gRPC Client Async] Response #1 - Status: COMPLETED
execution-manager  | 🎉 [T=12342 ms] Task 1 'sum1' COMPLETED
execution-manager  | [EXECUTION MANAGER] ⏱️ T2=108159134.314 ms | Thread started (server measured)
execution-manager  | [EXECUTION MANAGER] ⏱️ T3=108161474.141 ms | Task completed (server measured)
execution-manager  | [EXECUTION MANAGER] ⏱️ T4=108161475.533 ms | Result received by client
execution-manager  |    [TASK EXECUTION] 2339.827 ms (T3-T2, measured in thread)
execution-manager  |    [RESULT] {"result": 0}
execution-manager  | 
execution-manager  | ╔═══════════════════════════════════════════════════════════════╗
execution-manager  | ║           END-TO-END TIMING MEASUREMENT RECAP                 ║
execution-manager  | ║                   Task 1: sum1                                 
execution-manager  | ╠═══════════════════════════════════════════════════════════════╣
execution-manager  | ║ T1 (start_request)    = 108159133.346 ms                        ║
execution-manager  | ║ T2 (end_request)      = 108159134.314 ms                        ║
execution-manager  | ║ T3 (start_result)     = 108161474.141 ms                        ║
execution-manager  | ║ T4 (end_result)       = 108161475.533 ms                        ║
execution-manager  | ╠═══════════════════════════════════════════════════════════════╣
execution-manager  | ║ METRICS:                                                      ║
execution-manager  | ║   Request Latency    =        0.968 ms  (T2 - T1)            ║
execution-manager  | ║   Task Execution     =     2339.827 ms  (T3 - T2)            ║
execution-manager  | ║   Response Latency   =        1.392 ms  (T4 - T3)            ║
execution-manager  | ║   Total End-to-End   =     2342.187 ms  (T4 - T1)            ║
execution-manager  | ║   Network Overhead   =        2.361 ms  (Req + Resp)         ║
execution-manager  | ╚═══════════════════════════════════════════════════════════════╝
execution-manager  | 
execution-manager  | [gRPC Client Async] Stream completed, received 1 responses
execution-manager  | [GRPC THREAD 1] Completed
execution-manager  | [SCHEDULER] ✅ T=12342 ms: Task 1 'sum1' completed with status 2
execution-manager  | [SCHEDULER] 🔕 Timeout disarmed for task 1
execution-manager  | [SCHEDULER] 0 tasks remaining
execution-manager  | 
execution-manager  | [SCHEDULER] 🏁 Iteration 44/50 complete!
execution-manager  | [SCHEDULER] Iteration execution time: 12342 ms
execution-manager  | 
execution-manager  | 
execution-manager  | [SCHEDULER] 🔁 ===== ITERATION 45 / 50 =====
execution-manager  | 
execution-manager  | [SCHEDULER] 🚀 Schedule started at T=0
execution-manager  | 
execution-manager  | [SCHEDULER] 🔄 Entering event loop (NO SLEEP - event-driven!)
execution-manager  | 
execution-manager  | [SCHEDULER] ⏰ T=10001 ms | T_wall=108171476.016 ms: Launching task 1 'sum1' (deadline: 30000 ms)
execution-manager  | [SCHEDULER] 🕐 Timeout armed for task 1 at T=30000 ms (in 19999 ms)
execution-manager  | [GRPC THREAD 1] Starting...
execution-manager  | [EXECUTION MANAGER] ⏱️ T1=108171476.150 ms | Sending gRPC request for task 1 'sum1'
execution-manager  | [gRPC Channel Pool] Reusing existing channel for localhost:50051
execution-manager  | [gRPC Client Async] Calling task 'sum1' at localhost:50051
execution-manager  | [gRPC Client Async] Inputs: {"total_ops": 100, "io_percentage": 0}
execution-manager  | [gRPC Client Async] Response #1 - Status: COMPLETED
execution-manager  | 🎉 [T=12343 ms] Task 1 'sum1' COMPLETED
execution-manager  | [EXECUTION MANAGER] ⏱️ T2=108171477.097 ms | Thread started (server measured)
execution-manager  | [EXECUTION MANAGER] ⏱️ T3=108173818.028 ms | Task completed (server measured)
execution-manager  | [EXECUTION MANAGER] ⏱️ T4=108173818.785 ms | Result received by client
execution-manager  |    [TASK EXECUTION] 2340.930 ms (T3-T2, measured in thread)
execution-manager  |    [RESULT] {"result": 0}
execution-manager  | 
execution-manager  | ╔═══════════════════════════════════════════════════════════════╗
execution-manager  | ║           END-TO-END TIMING MEASUREMENT RECAP                 ║
execution-manager  | ║                   Task 1: sum1                                 
execution-manager  | ╠═══════════════════════════════════════════════════════════════╣
execution-manager  | ║ T1 (start_request)    = 108171476.150 ms                        ║
execution-manager  | ║ T2 (end_request)      = 108171477.097 ms                        ║
execution-manager  | ║ T3 (start_result)     = 108173818.028 ms                        ║
execution-manager  | ║ T4 (end_result)       = 108173818.785 ms                        ║
execution-manager  | ╠═══════════════════════════════════════════════════════════════╣
execution-manager  | ║ METRICS:                                                      ║
execution-manager  | ║   Request Latency    =        0.948 ms  (T2 - T1)            ║
execution-manager  | ║   Task Execution     =     2340.930 ms  (T3 - T2)            ║
execution-manager  | ║   Response Latency   =        0.757 ms  (T4 - T3)            ║
execution-manager  | ║   Total End-to-End   =     2342.635 ms  (T4 - T1)            ║
execution-manager  | ║   Network Overhead   =        1.705 ms  (Req + Resp)         ║
execution-manager  | ╚═══════════════════════════════════════════════════════════════╝
execution-manager  | 
execution-manager  | [gRPC Client Async] Stream completed, received 1 responses
execution-manager  | [GRPC THREAD 1] Completed
execution-manager  | [SCHEDULER] ✅ T=12344 ms: Task 1 'sum1' completed with status 2
execution-manager  | [SCHEDULER] 🔕 Timeout disarmed for task 1
execution-manager  | [SCHEDULER] 0 tasks remaining
execution-manager  | 
execution-manager  | [SCHEDULER] 🏁 Iteration 45/50 complete!
execution-manager  | [SCHEDULER] Iteration execution time: 12344 ms
execution-manager  | 
execution-manager  | 
execution-manager  | [SCHEDULER] 🔁 ===== ITERATION 46 / 50 =====
execution-manager  | 
execution-manager  | [SCHEDULER] 🚀 Schedule started at T=0
execution-manager  | 
execution-manager  | [SCHEDULER] 🔄 Entering event loop (NO SLEEP - event-driven!)
execution-manager  | 
execution-manager  | [SCHEDULER] ⏰ T=10000 ms | T_wall=108183819.296 ms: Launching task 1 'sum1' (deadline: 30000 ms)
execution-manager  | [SCHEDULER] 🕐 Timeout armed for task 1 at T=30000 ms (in 20000 ms)
execution-manager  | [GRPC THREAD 1] Starting...
execution-manager  | [EXECUTION MANAGER] ⏱️ T1=108183819.427 ms | Sending gRPC request for task 1 'sum1'
execution-manager  | [gRPC Channel Pool] Reusing existing channel for localhost:50051
execution-manager  | [gRPC Client Async] Calling task 'sum1' at localhost:50051
execution-manager  | [gRPC Client Async] Inputs: {"total_ops": 100, "io_percentage": 0}
execution-manager  | [gRPC Client Async] Response #1 - Status: COMPLETED
execution-manager  | 🎉 [T=12392 ms] Task 1 'sum1' COMPLETED
execution-manager  | [EXECUTION MANAGER] ⏱️ T2=108183820.473 ms | Thread started (server measured)
execution-manager  | [EXECUTION MANAGER] ⏱️ T3=108186210.583 ms | Task completed (server measured)
execution-manager  | [EXECUTION MANAGER] ⏱️ T4=108186211.578 ms | Result received by client
execution-manager  |    [TASK EXECUTION] 2390.110 ms (T3-T2, measured in thread)
execution-manager  |    [RESULT] {"result": 0}
execution-manager  | 
execution-manager  | ╔═══════════════════════════════════════════════════════════════╗
execution-manager  | ║           END-TO-END TIMING MEASUREMENT RECAP                 ║
execution-manager  | ║                   Task 1: sum1                                 
execution-manager  | ╠═══════════════════════════════════════════════════════════════╣
execution-manager  | ║ T1 (start_request)    = 108183819.427 ms                        ║
execution-manager  | ║ T2 (end_request)      = 108183820.473 ms                        ║
execution-manager  | ║ T3 (start_result)     = 108186210.583 ms                        ║
execution-manager  | ║ T4 (end_result)       = 108186211.578 ms                        ║
execution-manager  | ╠═══════════════════════════════════════════════════════════════╣
execution-manager  | ║ METRICS:                                                      ║
execution-manager  | ║   Request Latency    =        1.046 ms  (T2 - T1)            ║
execution-manager  | ║   Task Execution     =     2390.110 ms  (T3 - T2)            ║
execution-manager  | ║   Response Latency   =        0.995 ms  (T4 - T3)            ║
execution-manager  | ║   Total End-to-End   =     2392.151 ms  (T4 - T1)            ║
execution-manager  | ║   Network Overhead   =        2.041 ms  (Req + Resp)         ║
execution-manager  | ╚═══════════════════════════════════════════════════════════════╝
execution-manager  | 
execution-manager  | [gRPC Client Async] Stream completed, received 1 responses
execution-manager  | [GRPC THREAD 1] Completed
execution-manager  | [SCHEDULER] ✅ T=12392 ms: Task 1 'sum1' completed with status 2
execution-manager  | [SCHEDULER] 🔕 Timeout disarmed for task 1
execution-manager  | [SCHEDULER] 0 tasks remaining
execution-manager  | 
execution-manager  | [SCHEDULER] 🏁 Iteration 46/50 complete!
execution-manager  | [SCHEDULER] Iteration execution time: 12392 ms
execution-manager  | 
execution-manager  | 
execution-manager  | [SCHEDULER] 🔁 ===== ITERATION 47 / 50 =====
execution-manager  | 
execution-manager  | [SCHEDULER] 🚀 Schedule started at T=0
execution-manager  | 
execution-manager  | [SCHEDULER] 🔄 Entering event loop (NO SLEEP - event-driven!)
execution-manager  | 
execution-manager  | [SCHEDULER] ⏰ T=10000 ms | T_wall=108196211.971 ms: Launching task 1 'sum1' (deadline: 30000 ms)
execution-manager  | [SCHEDULER] 🕐 Timeout armed for task 1 at T=30000 ms (in 19999 ms)
execution-manager  | [GRPC THREAD 1] Starting...
execution-manager  | [EXECUTION MANAGER] ⏱️ T1=108196212.119 ms | Sending gRPC request for task 1 'sum1'
execution-manager  | [gRPC Channel Pool] Reusing existing channel for localhost:50051
execution-manager  | [gRPC Client Async] Calling task 'sum1' at localhost:50051
execution-manager  | [gRPC Client Async] Inputs: {"total_ops": 100, "io_percentage": 0}
execution-manager  | [gRPC Client Async] Response #1 - Status: COMPLETED
execution-manager  | 🎉 [T=12343 ms] Task 1 'sum1' COMPLETED
execution-manager  | [EXECUTION MANAGER] ⏱️ T2=108196213.196 ms | Thread started (server measured)
execution-manager  | [EXECUTION MANAGER] ⏱️ T3=108198553.479 ms | Task completed (server measured)
execution-manager  | [EXECUTION MANAGER] ⏱️ T4=108198554.355 ms | Result received by client
execution-manager  |    [TASK EXECUTION] 2340.283 ms (T3-T2, measured in thread)
execution-manager  |    [RESULT] {"result": 0}
execution-manager  | 
execution-manager  | ╔═══════════════════════════════════════════════════════════════╗
execution-manager  | ║           END-TO-END TIMING MEASUREMENT RECAP                 ║
execution-manager  | ║                   Task 1: sum1                                 
execution-manager  | ╠═══════════════════════════════════════════════════════════════╣
execution-manager  | ║ T1 (start_request)    = 108196212.119 ms                        ║
execution-manager  | ║ T2 (end_request)      = 108196213.196 ms                        ║
execution-manager  | ║ T3 (start_result)     = 108198553.479 ms                        ║
execution-manager  | ║ T4 (end_result)       = 108198554.355 ms                        ║
execution-manager  | ╠═══════════════════════════════════════════════════════════════╣
execution-manager  | ║ METRICS:                                                      ║
execution-manager  | ║   Request Latency    =        1.077 ms  (T2 - T1)            ║
execution-manager  | ║   Task Execution     =     2340.283 ms  (T3 - T2)            ║
execution-manager  | ║   Response Latency   =        0.876 ms  (T4 - T3)            ║
execution-manager  | ║   Total End-to-End   =     2342.236 ms  (T4 - T1)            ║
execution-manager  | ║   Network Overhead   =        1.954 ms  (Req + Resp)         ║
execution-manager  | ╚═══════════════════════════════════════════════════════════════╝
execution-manager  | 
execution-manager  | [gRPC Client Async] Stream completed, received 1 responses
execution-manager  | [GRPC THREAD 1] Completed
execution-manager  | [SCHEDULER] ✅ T=12343 ms: Task 1 'sum1' completed with status 2
execution-manager  | [SCHEDULER] 🔕 Timeout disarmed for task 1
execution-manager  | [SCHEDULER] 0 tasks remaining
execution-manager  | 
execution-manager  | [SCHEDULER] 🏁 Iteration 47/50 complete!
execution-manager  | [SCHEDULER] Iteration execution time: 12343 ms
execution-manager  | 
execution-manager  | 
execution-manager  | [SCHEDULER] 🔁 ===== ITERATION 48 / 50 =====
execution-manager  | 
execution-manager  | [SCHEDULER] 🚀 Schedule started at T=0
execution-manager  | 
execution-manager  | [SCHEDULER] 🔄 Entering event loop (NO SLEEP - event-driven!)
execution-manager  | 
execution-manager  | [SCHEDULER] ⏰ T=10000 ms | T_wall=108208554.830 ms: Launching task 1 'sum1' (deadline: 30000 ms)
execution-manager  | [SCHEDULER] 🕐 Timeout armed for task 1 at T=30000 ms (in 20000 ms)
execution-manager  | [GRPC THREAD 1] Starting...
execution-manager  | [EXECUTION MANAGER] ⏱️ T1=108208554.961 ms | Sending gRPC request for task 1 'sum1'
execution-manager  | [gRPC Channel Pool] Reusing existing channel for localhost:50051
execution-manager  | [gRPC Client Async] Calling task 'sum1' at localhost:50051
execution-manager  | [gRPC Client Async] Inputs: {"total_ops": 100, "io_percentage": 0}
execution-manager  | [gRPC Client Async] Response #1 - Status: COMPLETED
execution-manager  | 🎉 [T=12342 ms] Task 1 'sum1' COMPLETED
execution-manager  | [EXECUTION MANAGER] ⏱️ T2=108208555.934 ms | Thread started (server measured)
execution-manager  | [EXECUTION MANAGER] ⏱️ T3=108210895.698 ms | Task completed (server measured)
execution-manager  | [EXECUTION MANAGER] ⏱️ T4=108210896.417 ms | Result received by client
execution-manager  |    [TASK EXECUTION] 2339.764 ms (T3-T2, measured in thread)
execution-manager  |    [RESULT] {"result": 0}
execution-manager  | 
execution-manager  | ╔═══════════════════════════════════════════════════════════════╗
execution-manager  | ║           END-TO-END TIMING MEASUREMENT RECAP                 ║
execution-manager  | ║                   Task 1: sum1                                 
execution-manager  | ╠═══════════════════════════════════════════════════════════════╣
execution-manager  | ║ T1 (start_request)    = 108208554.961 ms                        ║
execution-manager  | ║ T2 (end_request)      = 108208555.934 ms                        ║
execution-manager  | ║ T3 (start_result)     = 108210895.698 ms                        ║
execution-manager  | ║ T4 (end_result)       = 108210896.417 ms                        ║
execution-manager  | ╠═══════════════════════════════════════════════════════════════╣
execution-manager  | ║ METRICS:                                                      ║
execution-manager  | ║   Request Latency    =        0.974 ms  (T2 - T1)            ║
execution-manager  | ║   Task Execution     =     2339.764 ms  (T3 - T2)            ║
execution-manager  | ║   Response Latency   =        0.719 ms  (T4 - T3)            ║
execution-manager  | ║   Total End-to-End   =     2341.457 ms  (T4 - T1)            ║
execution-manager  | ║   Network Overhead   =        1.692 ms  (Req + Resp)         ║
execution-manager  | ╚═══════════════════════════════════════════════════════════════╝
execution-manager  | 
execution-manager  | [gRPC Client Async] Stream completed, received 1 responses
execution-manager  | [GRPC THREAD 1] Completed
execution-manager  | [SCHEDULER] ✅ T=12342 ms: Task 1 'sum1' completed with status 2
execution-manager  | [SCHEDULER] 🔕 Timeout disarmed for task 1
execution-manager  | [SCHEDULER] 0 tasks remaining
execution-manager  | 
execution-manager  | [SCHEDULER] 🏁 Iteration 48/50 complete!
execution-manager  | [SCHEDULER] Iteration execution time: 12342 ms
execution-manager  | 
execution-manager  | 
execution-manager  | [SCHEDULER] 🔁 ===== ITERATION 49 / 50 =====
execution-manager  | 
execution-manager  | [SCHEDULER] 🚀 Schedule started at T=0
execution-manager  | 
execution-manager  | [SCHEDULER] 🔄 Entering event loop (NO SLEEP - event-driven!)
execution-manager  | 
execution-manager  | [SCHEDULER] ⏰ T=10000 ms | T_wall=108220896.924 ms: Launching task 1 'sum1' (deadline: 30000 ms)
execution-manager  | [SCHEDULER] 🕐 Timeout armed for task 1 at T=30000 ms (in 19999 ms)
execution-manager  | [GRPC THREAD 1] Starting...
execution-manager  | [EXECUTION MANAGER] ⏱️ T1=108220897.075 ms | Sending gRPC request for task 1 'sum1'
execution-manager  | [gRPC Channel Pool] Reusing existing channel for localhost:50051
execution-manager  | [gRPC Client Async] Calling task 'sum1' at localhost:50051
execution-manager  | [gRPC Client Async] Inputs: {"total_ops": 100, "io_percentage": 0}
execution-manager  | [gRPC Client Async] Response #1 - Status: COMPLETED
execution-manager  | 🎉 [T=12394 ms] Task 1 'sum1' COMPLETED
execution-manager  | [EXECUTION MANAGER] ⏱️ T2=108220898.160 ms | Thread started (server measured)
execution-manager  | [EXECUTION MANAGER] ⏱️ T3=108223289.333 ms | Task completed (server measured)
execution-manager  | [EXECUTION MANAGER] ⏱️ T4=108223290.327 ms | Result received by client
execution-manager  |    [TASK EXECUTION] 2391.173 ms (T3-T2, measured in thread)
execution-manager  |    [RESULT] {"result": 0}
execution-manager  | 
execution-manager  | ╔═══════════════════════════════════════════════════════════════╗
execution-manager  | ║           END-TO-END TIMING MEASUREMENT RECAP                 ║
execution-manager  | ║                   Task 1: sum1                                 
execution-manager  | ╠═══════════════════════════════════════════════════════════════╣
execution-manager  | ║ T1 (start_request)    = 108220897.075 ms                        ║
execution-manager  | ║ T2 (end_request)      = 108220898.160 ms                        ║
execution-manager  | ║ T3 (start_result)     = 108223289.333 ms                        ║
execution-manager  | ║ T4 (end_result)       = 108223290.327 ms                        ║
execution-manager  | ╠═══════════════════════════════════════════════════════════════╣
execution-manager  | ║ METRICS:                                                      ║
execution-manager  | ║   Request Latency    =        1.085 ms  (T2 - T1)            ║
execution-manager  | ║   Task Execution     =     2391.173 ms  (T3 - T2)            ║
execution-manager  | ║   Response Latency   =        0.995 ms  (T4 - T3)            ║
execution-manager  | ║   Total End-to-End   =     2393.253 ms  (T4 - T1)            ║
execution-manager  | ║   Network Overhead   =        2.080 ms  (Req + Resp)         ║
execution-manager  | ╚═══════════════════════════════════════════════════════════════╝
execution-manager  | 
execution-manager  | [gRPC Client Async] Stream completed, received 1 responses
execution-manager  | [GRPC THREAD 1] Completed
execution-manager  | [SCHEDULER] ✅ T=12394 ms: Task 1 'sum1' completed with status 2
execution-manager  | [SCHEDULER] 🔕 Timeout disarmed for task 1
execution-manager  | [SCHEDULER] 0 tasks remaining
execution-manager  | 
execution-manager  | [SCHEDULER] 🏁 Iteration 49/50 complete!
execution-manager  | [SCHEDULER] Iteration execution time: 12394 ms
execution-manager  | 
execution-manager  | 
execution-manager  | [SCHEDULER] 🔁 ===== ITERATION 50 / 50 =====
execution-manager  | 
execution-manager  | [SCHEDULER] 🚀 Schedule started at T=0
execution-manager  | 
execution-manager  | [SCHEDULER] 🔄 Entering event loop (NO SLEEP - event-driven!)
execution-manager  | 
execution-manager  | [SCHEDULER] ⏰ T=10000 ms | T_wall=108233290.765 ms: Launching task 1 'sum1' (deadline: 30000 ms)
execution-manager  | [SCHEDULER] 🕐 Timeout armed for task 1 at T=30000 ms (in 20000 ms)
execution-manager  | [GRPC THREAD 1] Starting...
execution-manager  | [EXECUTION MANAGER] ⏱️ T1=108233290.895 ms | Sending gRPC request for task 1 'sum1'
execution-manager  | [gRPC Channel Pool] Reusing existing channel for localhost:50051
execution-manager  | [gRPC Client Async] Calling task 'sum1' at localhost:50051
execution-manager  | [gRPC Client Async] Inputs: {"total_ops": 100, "io_percentage": 0}
execution-manager  | [gRPC Client Async] Response #1 - Status: COMPLETED
execution-manager  | 🎉 [T=12343 ms] Task 1 'sum1' COMPLETED
execution-manager  | [EXECUTION MANAGER] ⏱️ T2=108233292.115 ms | Thread started (server measured)
execution-manager  | [EXECUTION MANAGER] ⏱️ T3=108235632.064 ms | Task completed (server measured)
execution-manager  | [EXECUTION MANAGER] ⏱️ T4=108235633.141 ms | Result received by client
execution-manager  |    [TASK EXECUTION] 2339.949 ms (T3-T2, measured in thread)
execution-manager  |    [RESULT] {"result": 0}
execution-manager  | 
execution-manager  | ╔═══════════════════════════════════════════════════════════════╗
execution-manager  | ║           END-TO-END TIMING MEASUREMENT RECAP                 ║
execution-manager  | ║                   Task 1: sum1                                 
execution-manager  | ╠═══════════════════════════════════════════════════════════════╣
execution-manager  | ║ T1 (start_request)    = 108233290.895 ms                        ║
execution-manager  | ║ T2 (end_request)      = 108233292.115 ms                        ║
execution-manager  | ║ T3 (start_result)     = 108235632.064 ms                        ║
execution-manager  | ║ T4 (end_result)       = 108235633.141 ms                        ║
execution-manager  | ╠═══════════════════════════════════════════════════════════════╣
execution-manager  | ║ METRICS:                                                      ║
execution-manager  | ║   Request Latency    =        1.221 ms  (T2 - T1)            ║
execution-manager  | ║   Task Execution     =     2339.949 ms  (T3 - T2)            ║
execution-manager  | ║   Response Latency   =        1.077 ms  (T4 - T3)            ║
execution-manager  | ║   Total End-to-End   =     2342.246 ms  (T4 - T1)            ║
execution-manager  | ║   Network Overhead   =        2.297 ms  (Req + Resp)         ║
execution-manager  | ╚═══════════════════════════════════════════════════════════════╝
execution-manager  | 
execution-manager  | [gRPC Client Async] Stream completed, received 1 responses
execution-manager  | [GRPC THREAD 1] Completed
execution-manager  | [SCHEDULER] ✅ T=12343 ms: Task 1 'sum1' completed with status 2
execution-manager  | [SCHEDULER] 🔕 Timeout disarmed for task 1
execution-manager  | [SCHEDULER] 0 tasks remaining
execution-manager  | 
execution-manager  | [SCHEDULER] 🏁 Iteration 50/50 complete!
execution-manager  | [SCHEDULER] Iteration execution time: 12343 ms
execution-manager  | 
execution-manager  | 
execution-manager  | [SCHEDULER] 🏁 All 50 iteration(s) completed!
execution-manager  | [SCHEDULER] Total execution time: 12343 ms
execution-manager  | 
execution-manager  | Test Suite Finished Successfully.
[Kexecution-manager exited with code 0
