 Container execution-manager-grpc  Creating
 Container execution-manager-grpc  Created
Attaching to execution-manager-grpc
execution-manager-grpc  | ============================================
execution-manager-grpc  |    DUAL PRIORITY QUEUE ARCHITECTURE TESTER  
execution-manager-grpc  | ============================================
execution-manager-grpc  | 
execution-manager-grpc  | ✅ Execution Manager running with SCHED_FIFO priority 95
execution-manager-grpc  |    This ensures precise timing and prevents preemption by tasks
execution-manager-grpc  | 
execution-manager-grpc  | 
execution-manager-grpc  | [Redis] Reading schedule from Redis...
execution-manager-grpc  | 
execution-manager-grpc  | === REDIS DATA ===
execution-manager-grpc  | Schedule: Configurable CPU/IO Benchmark (v0.0.0)
execution-manager-grpc  | Number of tasks: 1
execution-manager-grpc  | Iterations: 50
execution-manager-grpc  | 
execution-manager-grpc  | Tasks:
execution-manager-grpc  |   1. Task: sum1
execution-manager-grpc  |      Policy: fifo, Priority: 50, Start: 10 ms
execution-manager-grpc  |      Inputs: {"total_ops": {"type": "int", "value": 100}, "io_percentage": {"type": "int", "value": 100}}
execution-manager-grpc  | 
execution-manager-grpc  | ==================
execution-manager-grpc  | 
execution-manager-grpc  | 
execution-manager-grpc  | ============================================
execution-manager-grpc  |    REAL-TIME EVENT-DRIVEN SCHEDULER
execution-manager-grpc  | ============================================
execution-manager-grpc  | 
execution-manager-grpc  | [SCHEDULER] 🚀 Loading schedule: 1 task(s), 50 iteration(s)
execution-manager-grpc  | 
execution-manager-grpc  | [SCHEDULER] DEBUG - Task 1: start_time=10 s, deadline=30 s (parsed from Redis)
execution-manager-grpc  | [SCHEDULER] 📋 Task 1 'sum1': start=10000 ms, deadline=30000 ms
execution-manager-grpc  | 
execution-manager-grpc  | [SCHEDULER] 🔁 ===== ITERATION 1 / 50 =====
execution-manager-grpc  | 
execution-manager-grpc  | [SCHEDULER] 🚀 Schedule started at T=0
execution-manager-grpc  | 
execution-manager-grpc  | [SCHEDULER] 🔄 Entering event loop (NO SLEEP - event-driven!)
execution-manager-grpc  | 
execution-manager-grpc  | [EPOLL] T=10000 ms: epoll_wait returned 1 event(s)
execution-manager-grpc  | [EPOLL] event[0]: type=0 task=sum1
execution-manager-grpc  | [SCHEDULER] ⏰ T=10000 ms | T_wall=803730056.804 ms: Launching task 1 'sum1' (deadline: 30000 ms)
execution-manager-grpc  | [SCHEDULER] 🕐 Timeout armed for task 1 at T=30000 ms (in 20000 ms)
execution-manager-grpc  | [GRPC THREAD 1] Starting...
execution-manager-grpc  | [EXECUTION MANAGER] ⏱️ T1=803730056.936 ms | Sending gRPC request for task 1 'sum1'
execution-manager-grpc  | [gRPC Channel Pool] Creating new channel for localhost:50051
execution-manager-grpc  | [gRPC Client Async] Calling task 'sum1' at localhost:50051
execution-manager-grpc  | [gRPC Client Async] Inputs: {"total_ops": 100, "io_percentage": 100}
execution-manager-grpc  | [gRPC Client Async] Response #1 - Status: COMPLETED
execution-manager-grpc  | 🎉 [T=10012 ms] Task 1 'sum1' COMPLETED
execution-manager-grpc  | [EXECUTION MANAGER] ⏱️ T2=803730067.889 ms | Thread started (server measured)
execution-manager-grpc  | [EXECUTION MANAGER] ⏱️ T3=803730068.193 ms | Task completed (server measured)
execution-manager-grpc  | [EXECUTION MANAGER] ⏱️ T4=803730068.599 ms | Result received by client
execution-manager-grpc  |    [TASK EXECUTION] 0.304 ms (T3-T2, measured in thread)
execution-manager-grpc  |    [RESULT] {"result": 0}
execution-manager-grpc  | 
execution-manager-grpc  | ╔═══════════════════════════════════════════════════════════════╗
execution-manager-grpc  | ║           END-TO-END TIMING MEASUREMENT RECAP                 ║
execution-manager-grpc  | ║                   Task 1: sum1                                 
execution-manager-grpc  | ╠═══════════════════════════════════════════════════════════════╣
execution-manager-grpc  | ║ T1 (start_request)    = 803730056.936 ms                        ║
execution-manager-grpc  | ║ T2 (end_request)      = 803730067.889 ms                        ║
execution-manager-grpc  | ║ T3 (start_result)     = 803730068.193 ms                        ║
execution-manager-grpc  | ║ T4 (end_result)       = 803730068.599 ms                        ║
execution-manager-grpc  | ╠═══════════════════════════════════════════════════════════════╣
execution-manager-grpc  | ║ METRICS:                                                      ║
execution-manager-grpc  | ║   Request Latency    =       10.953 ms  (T2 - T1)            ║
execution-manager-grpc  | ║   Task Execution     =        0.304 ms  (T3 - T2)            ║
execution-manager-grpc  | ║   Response Latency   =        0.406 ms  (T4 - T3)            ║
execution-manager-grpc  | ║   Total End-to-End   =       11.663 ms  (T4 - T1)            ║
execution-manager-grpc  | ║   Network Overhead   =       11.359 ms  (Req + Resp)         ║
execution-manager-grpc  | ╚═══════════════════════════════════════════════════════════════╝
execution-manager-grpc  | 
execution-manager-grpc  | [EPOLL] T=10012 ms: epoll_wait returned 1 event(s)
execution-manager-grpc  | [EPOLL] event[0]: type=2 task=NULL
execution-manager-grpc  | [SCHEDULER] ✅ T=10012 ms: Task 1 'sum1' completed with status 2
execution-manager-grpc  | [SCHEDULER] 🔕 Timeout disarmed for task 1
execution-manager-grpc  | [SCHEDULER] 0 tasks remaining
execution-manager-grpc  | 
execution-manager-grpc  | [SCHEDULER] 🏁 Iteration 1/50 complete!
execution-manager-grpc  | [SCHEDULER] Iteration execution time: 10012 ms
execution-manager-grpc  | 
execution-manager-grpc  | 
execution-manager-grpc  | [SCHEDULER] 🔁 ===== ITERATION 2 / 50 =====
execution-manager-grpc  | 
execution-manager-grpc  | [SCHEDULER] 🚀 Schedule started at T=0
execution-manager-grpc  | 
execution-manager-grpc  | [SCHEDULER] 🔄 Entering event loop (NO SLEEP - event-driven!)
execution-manager-grpc  | 
execution-manager-grpc  | [gRPC Client Async] Stream completed, received 1 responses
execution-manager-grpc  | [GRPC THREAD 1] Completed
execution-manager-grpc  | [EPOLL] T=10007 ms: epoll_wait returned 1 event(s)
execution-manager-grpc  | [EPOLL] event[0]: type=0 task=sum1
execution-manager-grpc  | [SCHEDULER] ⏰ T=10007 ms | T_wall=803740075.259 ms: Launching task 1 'sum1' (deadline: 30000 ms)
execution-manager-grpc  | [SCHEDULER] 🕐 Timeout armed for task 1 at T=30000 ms (in 19993 ms)
execution-manager-grpc  | [GRPC THREAD 1] Starting...
execution-manager-grpc  | [EXECUTION MANAGER] ⏱️ T1=803740075.373 ms | Sending gRPC request for task 1 'sum1'
execution-manager-grpc  | [gRPC Channel Pool] Reusing existing channel for localhost:50051 (state=2)
execution-manager-grpc  | [gRPC Client Async] Calling task 'sum1' at localhost:50051
execution-manager-grpc  | [gRPC Client Async] Inputs: {"total_ops": 100, "io_percentage": 100}
execution-manager-grpc  | [gRPC Client Async] Response #1 - Status: COMPLETED
execution-manager-grpc  | 🎉 [T=10008 ms] Task 1 'sum1' COMPLETED
execution-manager-grpc  | [EXECUTION MANAGER] ⏱️ T2=803740075.991 ms | Thread started (server measured)
execution-manager-grpc  | [EXECUTION MANAGER] ⏱️ T3=803740076.317 ms | Task completed (server measured)
execution-manager-grpc  | [EXECUTION MANAGER] ⏱️ T4=803740076.696 ms | Result received by client
execution-manager-grpc  |    [TASK EXECUTION] 0.326 ms (T3-T2, measured in thread)
execution-manager-grpc  |    [RESULT] {"result": 0}
execution-manager-grpc  | 
execution-manager-grpc  | ╔═══════════════════════════════════════════════════════════════╗
execution-manager-grpc  | ║           END-TO-END TIMING MEASUREMENT RECAP                 ║
execution-manager-grpc  | ║                   Task 1: sum1                                 
execution-manager-grpc  | ╠═══════════════════════════════════════════════════════════════╣
execution-manager-grpc  | ║ T1 (start_request)    = 803740075.373 ms                        ║
execution-manager-grpc  | ║ T2 (end_request)      = 803740075.991 ms                        ║
execution-manager-grpc  | ║ T3 (start_result)     = 803740076.317 ms                        ║
execution-manager-grpc  | ║ T4 (end_result)       = 803740076.696 ms                        ║
execution-manager-grpc  | ╠═══════════════════════════════════════════════════════════════╣
execution-manager-grpc  | ║ METRICS:                                                      ║
execution-manager-grpc  | ║   Request Latency    =        0.617 ms  (T2 - T1)            ║
execution-manager-grpc  | ║   Task Execution     =        0.326 ms  (T3 - T2)            ║
execution-manager-grpc  | ║   Response Latency   =        0.379 ms  (T4 - T3)            ║
execution-manager-grpc  | ║   Total End-to-End   =        1.322 ms  (T4 - T1)            ║
execution-manager-grpc  | ║   Network Overhead   =        0.996 ms  (Req + Resp)         ║
execution-manager-grpc  | ╚═══════════════════════════════════════════════════════════════╝
execution-manager-grpc  | 
execution-manager-grpc  | [EPOLL] T=10008 ms: epoll_wait returned 1 event(s)
execution-manager-grpc  | [EPOLL] event[0]: type=2 task=NULL
execution-manager-grpc  | [SCHEDULER] ✅ T=10008 ms: Task 1 'sum1' completed with status 2
execution-manager-grpc  | [SCHEDULER] 🔕 Timeout disarmed for task 1
execution-manager-grpc  | [SCHEDULER] 0 tasks remaining
execution-manager-grpc  | 
execution-manager-grpc  | [SCHEDULER] 🏁 Iteration 2/50 complete!
execution-manager-grpc  | [SCHEDULER] Iteration execution time: 10008 ms
execution-manager-grpc  | 
execution-manager-grpc  | 
execution-manager-grpc  | [SCHEDULER] 🔁 ===== ITERATION 3 / 50 =====
execution-manager-grpc  | 
execution-manager-grpc  | [SCHEDULER] 🚀 Schedule started at T=0
execution-manager-grpc  | 
execution-manager-grpc  | [SCHEDULER] 🔄 Entering event loop (NO SLEEP - event-driven!)
execution-manager-grpc  | 
execution-manager-grpc  | [gRPC Client Async] Stream completed, received 1 responses
execution-manager-grpc  | [GRPC THREAD 1] Completed
execution-manager-grpc  | [EPOLL] T=10000 ms: epoll_wait returned 1 event(s)
execution-manager-grpc  | [EPOLL] event[0]: type=0 task=sum1
execution-manager-grpc  | [SCHEDULER] ⏰ T=10000 ms | T_wall=803750076.798 ms: Launching task 1 'sum1' (deadline: 30000 ms)
execution-manager-grpc  | [SCHEDULER] 🕐 Timeout armed for task 1 at T=30000 ms (in 20000 ms)
execution-manager-grpc  | [GRPC THREAD 1] Starting...
execution-manager-grpc  | [EXECUTION MANAGER] ⏱️ T1=803750076.882 ms | Sending gRPC request for task 1 'sum1'
execution-manager-grpc  | [gRPC Channel Pool] Reusing existing channel for localhost:50051 (state=2)
execution-manager-grpc  | [gRPC Client Async] Calling task 'sum1' at localhost:50051
execution-manager-grpc  | [gRPC Client Async] Inputs: {"total_ops": 100, "io_percentage": 100}
execution-manager-grpc  | [gRPC Client Async] Response #1 - Status: COMPLETED
execution-manager-grpc  | 🎉 [T=10002 ms] Task 1 'sum1' COMPLETED
execution-manager-grpc  | [EXECUTION MANAGER] ⏱️ T2=803750077.490 ms | Thread started (server measured)
execution-manager-grpc  | [EXECUTION MANAGER] ⏱️ T3=803750077.789 ms | Task completed (server measured)
execution-manager-grpc  | [EXECUTION MANAGER] ⏱️ T4=803750078.123 ms | Result received by client
execution-manager-grpc  |    [TASK EXECUTION] 0.299 ms (T3-T2, measured in thread)
execution-manager-grpc  |    [RESULT] {"result": 0}
execution-manager-grpc  | 
execution-manager-grpc  | ╔═══════════════════════════════════════════════════════════════╗
execution-manager-grpc  | ║           END-TO-END TIMING MEASUREMENT RECAP                 ║
execution-manager-grpc  | ║                   Task 1: sum1                                 
execution-manager-grpc  | ╠═══════════════════════════════════════════════════════════════╣
execution-manager-grpc  | ║ T1 (start_request)    = 803750076.882 ms                        ║
execution-manager-grpc  | ║ T2 (end_request)      = 803750077.490 ms                        ║
execution-manager-grpc  | ║ T3 (start_result)     = 803750077.789 ms                        ║
execution-manager-grpc  | ║ T4 (end_result)       = 803750078.123 ms                        ║
execution-manager-grpc  | ╠═══════════════════════════════════════════════════════════════╣
execution-manager-grpc  | ║ METRICS:                                                      ║
execution-manager-grpc  | ║   Request Latency    =        0.608 ms  (T2 - T1)            ║
execution-manager-grpc  | ║   Task Execution     =        0.299 ms  (T3 - T2)            ║
execution-manager-grpc  | ║   Response Latency   =        0.334 ms  (T4 - T3)            ║
execution-manager-grpc  | ║   Total End-to-End   =        1.241 ms  (T4 - T1)            ║
execution-manager-grpc  | ║   Network Overhead   =        0.942 ms  (Req + Resp)         ║
execution-manager-grpc  | ╚═══════════════════════════════════════════════════════════════╝
execution-manager-grpc  | 
execution-manager-grpc  | [EPOLL] T=10002 ms: epoll_wait returned 1 event(s)
execution-manager-grpc  | [EPOLL] event[0]: type=2 task=NULL
execution-manager-grpc  | [SCHEDULER] ✅ T=10002 ms: Task 1 'sum1' completed with status 2
execution-manager-grpc  | [SCHEDULER] 🔕 Timeout disarmed for task 1
execution-manager-grpc  | [SCHEDULER] 0 tasks remaining
execution-manager-grpc  | 
execution-manager-grpc  | [SCHEDULER] 🏁 Iteration 3/50 complete!
execution-manager-grpc  | [SCHEDULER] Iteration execution time: 10002 ms
execution-manager-grpc  | 
execution-manager-grpc  | 
execution-manager-grpc  | [SCHEDULER] 🔁 ===== ITERATION 4 / 50 =====
execution-manager-grpc  | 
execution-manager-grpc  | [SCHEDULER] 🚀 Schedule started at T=0
execution-manager-grpc  | 
execution-manager-grpc  | [SCHEDULER] 🔄 Entering event loop (NO SLEEP - event-driven!)
execution-manager-grpc  | 
execution-manager-grpc  | [gRPC Client Async] Stream completed, received 1 responses
execution-manager-grpc  | [GRPC THREAD 1] Completed
execution-manager-grpc  | [EPOLL] T=10000 ms: epoll_wait returned 1 event(s)
execution-manager-grpc  | [EPOLL] event[0]: type=0 task=sum1
execution-manager-grpc  | [SCHEDULER] ⏰ T=10000 ms | T_wall=803760078.234 ms: Launching task 1 'sum1' (deadline: 30000 ms)
execution-manager-grpc  | [SCHEDULER] 🕐 Timeout armed for task 1 at T=30000 ms (in 20000 ms)
execution-manager-grpc  | [GRPC THREAD 1] Starting...
execution-manager-grpc  | [EXECUTION MANAGER] ⏱️ T1=803760078.316 ms | Sending gRPC request for task 1 'sum1'
execution-manager-grpc  | [gRPC Channel Pool] Reusing existing channel for localhost:50051 (state=2)
execution-manager-grpc  | [gRPC Client Async] Calling task 'sum1' at localhost:50051
execution-manager-grpc  | [gRPC Client Async] Inputs: {"total_ops": 100, "io_percentage": 100}
execution-manager-grpc  | [gRPC Client Async] Response #1 - Status: COMPLETED
execution-manager-grpc  | 🎉 [T=10001 ms] Task 1 'sum1' COMPLETED
execution-manager-grpc  | [EXECUTION MANAGER] ⏱️ T2=803760078.848 ms | Thread started (server measured)
execution-manager-grpc  | [EXECUTION MANAGER] ⏱️ T3=803760079.164 ms | Task completed (server measured)
execution-manager-grpc  | [EXECUTION MANAGER] ⏱️ T4=803760079.497 ms | Result received by client
execution-manager-grpc  |    [TASK EXECUTION] 0.316 ms (T3-T2, measured in thread)
execution-manager-grpc  |    [RESULT] {"result": 0}
execution-manager-grpc  | 
execution-manager-grpc  | ╔═══════════════════════════════════════════════════════════════╗
execution-manager-grpc  | ║           END-TO-END TIMING MEASUREMENT RECAP                 ║
execution-manager-grpc  | ║                   Task 1: sum1                                 
execution-manager-grpc  | ╠═══════════════════════════════════════════════════════════════╣
execution-manager-grpc  | ║ T1 (start_request)    = 803760078.316 ms                        ║
execution-manager-grpc  | ║ T2 (end_request)      = 803760078.848 ms                        ║
execution-manager-grpc  | ║ T3 (start_result)     = 803760079.164 ms                        ║
execution-manager-grpc  | ║ T4 (end_result)       = 803760079.497 ms                        ║
execution-manager-grpc  | ╠═══════════════════════════════════════════════════════════════╣
execution-manager-grpc  | ║ METRICS:                                                      ║
execution-manager-grpc  | ║   Request Latency    =        0.532 ms  (T2 - T1)            ║
execution-manager-grpc  | ║   Task Execution     =        0.316 ms  (T3 - T2)            ║
execution-manager-grpc  | ║   Response Latency   =        0.332 ms  (T4 - T3)            ║
execution-manager-grpc  | ║   Total End-to-End   =        1.180 ms  (T4 - T1)            ║
execution-manager-grpc  | ║   Network Overhead   =        0.864 ms  (Req + Resp)         ║
execution-manager-grpc  | ╚═══════════════════════════════════════════════════════════════╝
execution-manager-grpc  | 
execution-manager-grpc  | [EPOLL] T=10001 ms: epoll_wait returned 1 event(s)
execution-manager-grpc  | [EPOLL] event[0]: type=2 task=NULL
execution-manager-grpc  | [SCHEDULER] ✅ T=10001 ms: Task 1 'sum1' completed with status 2
execution-manager-grpc  | [SCHEDULER] 🔕 Timeout disarmed for task 1
execution-manager-grpc  | [SCHEDULER] 0 tasks remaining
execution-manager-grpc  | 
execution-manager-grpc  | [SCHEDULER] 🏁 Iteration 4/50 complete!
execution-manager-grpc  | [SCHEDULER] Iteration execution time: 10001 ms
execution-manager-grpc  | 
execution-manager-grpc  | 
execution-manager-grpc  | [SCHEDULER] 🔁 ===== ITERATION 5 / 50 =====
execution-manager-grpc  | 
execution-manager-grpc  | [SCHEDULER] 🚀 Schedule started at T=0
execution-manager-grpc  | 
execution-manager-grpc  | [SCHEDULER] 🔄 Entering event loop (NO SLEEP - event-driven!)
execution-manager-grpc  | 
execution-manager-grpc  | [gRPC Client Async] Stream completed, received 1 responses
execution-manager-grpc  | [GRPC THREAD 1] Completed
execution-manager-grpc  | [EPOLL] T=10000 ms: epoll_wait returned 1 event(s)
execution-manager-grpc  | [EPOLL] event[0]: type=0 task=sum1
execution-manager-grpc  | [SCHEDULER] ⏰ T=10000 ms | T_wall=803770079.610 ms: Launching task 1 'sum1' (deadline: 30000 ms)
execution-manager-grpc  | [SCHEDULER] 🕐 Timeout armed for task 1 at T=30000 ms (in 20000 ms)
execution-manager-grpc  | [GRPC THREAD 1] Starting...
execution-manager-grpc  | [EXECUTION MANAGER] ⏱️ T1=803770079.700 ms | Sending gRPC request for task 1 'sum1'
execution-manager-grpc  | [gRPC Channel Pool] Reusing existing channel for localhost:50051 (state=2)
execution-manager-grpc  | [gRPC Client Async] Calling task 'sum1' at localhost:50051
execution-manager-grpc  | [gRPC Client Async] Inputs: {"total_ops": 100, "io_percentage": 100}
execution-manager-grpc  | [gRPC Client Async] Response #1 - Status: COMPLETED
execution-manager-grpc  | 🎉 [T=10001 ms] Task 1 'sum1' COMPLETED
execution-manager-grpc  | [EXECUTION MANAGER] ⏱️ T2=803770080.275 ms | Thread started (server measured)
execution-manager-grpc  | [EXECUTION MANAGER] ⏱️ T3=803770080.572 ms | Task completed (server measured)
execution-manager-grpc  | [EXECUTION MANAGER] ⏱️ T4=803770080.911 ms | Result received by client
execution-manager-grpc  |    [TASK EXECUTION] 0.297 ms (T3-T2, measured in thread)
execution-manager-grpc  |    [RESULT] {"result": 0}
execution-manager-grpc  | 
execution-manager-grpc  | ╔═══════════════════════════════════════════════════════════════╗
execution-manager-grpc  | ║           END-TO-END TIMING MEASUREMENT RECAP                 ║
execution-manager-grpc  | ║                   Task 1: sum1                                 
execution-manager-grpc  | ╠═══════════════════════════════════════════════════════════════╣
execution-manager-grpc  | ║ T1 (start_request)    = 803770079.700 ms                        ║
execution-manager-grpc  | ║ T2 (end_request)      = 803770080.275 ms                        ║
execution-manager-grpc  | ║ T3 (start_result)     = 803770080.572 ms                        ║
execution-manager-grpc  | ║ T4 (end_result)       = 803770080.911 ms                        ║
execution-manager-grpc  | ╠═══════════════════════════════════════════════════════════════╣
execution-manager-grpc  | ║ METRICS:                                                      ║
execution-manager-grpc  | ║   Request Latency    =        0.575 ms  (T2 - T1)            ║
execution-manager-grpc  | ║   Task Execution     =        0.297 ms  (T3 - T2)            ║
execution-manager-grpc  | ║   Response Latency   =        0.339 ms  (T4 - T3)            ║
execution-manager-grpc  | ║   Total End-to-End   =        1.210 ms  (T4 - T1)            ║
execution-manager-grpc  | ║   Network Overhead   =        0.913 ms  (Req + Resp)         ║
execution-manager-grpc  | ╚═══════════════════════════════════════════════════════════════╝
execution-manager-grpc  | 
execution-manager-grpc  | [EPOLL] T=10001 ms: epoll_wait returned 1 event(s)
execution-manager-grpc  | [EPOLL] event[0]: type=2 task=NULL
execution-manager-grpc  | [SCHEDULER] ✅ T=10001 ms: Task 1 'sum1' completed with status 2
execution-manager-grpc  | [SCHEDULER] 🔕 Timeout disarmed for task 1
execution-manager-grpc  | [SCHEDULER] 0 tasks remaining
execution-manager-grpc  | 
execution-manager-grpc  | [SCHEDULER] 🏁 Iteration 5/50 complete!
execution-manager-grpc  | [SCHEDULER] Iteration execution time: 10001 ms
execution-manager-grpc  | 
execution-manager-grpc  | 
execution-manager-grpc  | [SCHEDULER] 🔁 ===== ITERATION 6 / 50 =====
execution-manager-grpc  | 
execution-manager-grpc  | [SCHEDULER] 🚀 Schedule started at T=0
execution-manager-grpc  | 
execution-manager-grpc  | [SCHEDULER] 🔄 Entering event loop (NO SLEEP - event-driven!)
execution-manager-grpc  | 
execution-manager-grpc  | [gRPC Client Async] Stream completed, received 1 responses
execution-manager-grpc  | [GRPC THREAD 1] Completed
execution-manager-grpc  | [EPOLL] T=10001 ms: epoll_wait returned 1 event(s)
execution-manager-grpc  | [EPOLL] event[0]: type=0 task=sum1
execution-manager-grpc  | [SCHEDULER] ⏰ T=10001 ms | T_wall=803780081.085 ms: Launching task 1 'sum1' (deadline: 30000 ms)
execution-manager-grpc  | [SCHEDULER] 🕐 Timeout armed for task 1 at T=30000 ms (in 19999 ms)
execution-manager-grpc  | [GRPC THREAD 1] Starting...
execution-manager-grpc  | [EXECUTION MANAGER] ⏱️ T1=803780081.180 ms | Sending gRPC request for task 1 'sum1'
execution-manager-grpc  | [gRPC Channel Pool] Reusing existing channel for localhost:50051 (state=2)
execution-manager-grpc  | [gRPC Client Async] Calling task 'sum1' at localhost:50051
execution-manager-grpc  | [gRPC Client Async] Inputs: {"total_ops": 100, "io_percentage": 100}
execution-manager-grpc  | [gRPC Client Async] Response #1 - Status: COMPLETED
execution-manager-grpc  | 🎉 [T=10002 ms] Task 1 'sum1' COMPLETED
execution-manager-grpc  | [EXECUTION MANAGER] ⏱️ T2=803780081.894 ms | Thread started (server measured)
execution-manager-grpc  | [EXECUTION MANAGER] ⏱️ T3=803780082.208 ms | Task completed (server measured)
execution-manager-grpc  | [EXECUTION MANAGER] ⏱️ T4=803780082.526 ms | Result received by client
execution-manager-grpc  |    [TASK EXECUTION] 0.314 ms (T3-T2, measured in thread)
execution-manager-grpc  |    [RESULT] {"result": 0}
execution-manager-grpc  | 
execution-manager-grpc  | ╔═══════════════════════════════════════════════════════════════╗
execution-manager-grpc  | ║           END-TO-END TIMING MEASUREMENT RECAP                 ║
execution-manager-grpc  | ║                   Task 1: sum1                                 
execution-manager-grpc  | ╠═══════════════════════════════════════════════════════════════╣
execution-manager-grpc  | ║ T1 (start_request)    = 803780081.180 ms                        ║
execution-manager-grpc  | ║ T2 (end_request)      = 803780081.894 ms                        ║
execution-manager-grpc  | ║ T3 (start_result)     = 803780082.208 ms                        ║
execution-manager-grpc  | ║ T4 (end_result)       = 803780082.526 ms                        ║
execution-manager-grpc  | ╠═══════════════════════════════════════════════════════════════╣
execution-manager-grpc  | ║ METRICS:                                                      ║
execution-manager-grpc  | ║   Request Latency    =        0.714 ms  (T2 - T1)            ║
execution-manager-grpc  | ║   Task Execution     =        0.314 ms  (T3 - T2)            ║
execution-manager-grpc  | ║   Response Latency   =        0.317 ms  (T4 - T3)            ║
execution-manager-grpc  | ║   Total End-to-End   =        1.345 ms  (T4 - T1)            ║
execution-manager-grpc  | ║   Network Overhead   =        1.031 ms  (Req + Resp)         ║
execution-manager-grpc  | ╚═══════════════════════════════════════════════════════════════╝
execution-manager-grpc  | 
execution-manager-grpc  | [EPOLL] T=10002 ms: epoll_wait returned 1 event(s)
execution-manager-grpc  | [EPOLL] event[0]: type=2 task=NULL
execution-manager-grpc  | [SCHEDULER] ✅ T=10002 ms: Task 1 'sum1' completed with status 2
execution-manager-grpc  | [SCHEDULER] 🔕 Timeout disarmed for task 1
execution-manager-grpc  | [SCHEDULER] 0 tasks remaining
execution-manager-grpc  | 
execution-manager-grpc  | [SCHEDULER] 🏁 Iteration 6/50 complete!
execution-manager-grpc  | [SCHEDULER] Iteration execution time: 10002 ms
execution-manager-grpc  | 
execution-manager-grpc  | 
execution-manager-grpc  | [SCHEDULER] 🔁 ===== ITERATION 7 / 50 =====
execution-manager-grpc  | 
execution-manager-grpc  | [SCHEDULER] 🚀 Schedule started at T=0
execution-manager-grpc  | 
execution-manager-grpc  | [SCHEDULER] 🔄 Entering event loop (NO SLEEP - event-driven!)
execution-manager-grpc  | 
execution-manager-grpc  | [gRPC Client Async] Stream completed, received 1 responses
execution-manager-grpc  | [GRPC THREAD 1] Completed
execution-manager-grpc  | [EPOLL] T=10000 ms: epoll_wait returned 1 event(s)
execution-manager-grpc  | [EPOLL] event[0]: type=0 task=sum1
execution-manager-grpc  | [SCHEDULER] ⏰ T=10000 ms | T_wall=803790082.628 ms: Launching task 1 'sum1' (deadline: 30000 ms)
execution-manager-grpc  | [SCHEDULER] 🕐 Timeout armed for task 1 at T=30000 ms (in 20000 ms)
execution-manager-grpc  | [GRPC THREAD 1] Starting...
execution-manager-grpc  | [EXECUTION MANAGER] ⏱️ T1=803790082.740 ms | Sending gRPC request for task 1 'sum1'
execution-manager-grpc  | [gRPC Channel Pool] Reusing existing channel for localhost:50051 (state=2)
execution-manager-grpc  | [gRPC Client Async] Calling task 'sum1' at localhost:50051
execution-manager-grpc  | [gRPC Client Async] Inputs: {"total_ops": 100, "io_percentage": 100}
execution-manager-grpc  | [gRPC Client Async] Response #1 - Status: COMPLETED
execution-manager-grpc  | 🎉 [T=10002 ms] Task 1 'sum1' COMPLETED
execution-manager-grpc  | [EXECUTION MANAGER] ⏱️ T2=803790083.339 ms | Thread started (server measured)
execution-manager-grpc  | [EXECUTION MANAGER] ⏱️ T3=803790083.679 ms | Task completed (server measured)
execution-manager-grpc  | [EXECUTION MANAGER] ⏱️ T4=803790084.030 ms | Result received by client
execution-manager-grpc  |    [TASK EXECUTION] 0.340 ms (T3-T2, measured in thread)
execution-manager-grpc  |    [RESULT] {"result": 0}
execution-manager-grpc  | 
execution-manager-grpc  | ╔═══════════════════════════════════════════════════════════════╗
execution-manager-grpc  | ║           END-TO-END TIMING MEASUREMENT RECAP                 ║
execution-manager-grpc  | ║                   Task 1: sum1                                 
execution-manager-grpc  | ╠═══════════════════════════════════════════════════════════════╣
execution-manager-grpc  | ║ T1 (start_request)    = 803790082.740 ms                        ║
execution-manager-grpc  | ║ T2 (end_request)      = 803790083.339 ms                        ║
execution-manager-grpc  | ║ T3 (start_result)     = 803790083.679 ms                        ║
execution-manager-grpc  | ║ T4 (end_result)       = 803790084.030 ms                        ║
execution-manager-grpc  | ╠═══════════════════════════════════════════════════════════════╣
execution-manager-grpc  | ║ METRICS:                                                      ║
execution-manager-grpc  | ║   Request Latency    =        0.599 ms  (T2 - T1)            ║
execution-manager-grpc  | ║   Task Execution     =        0.340 ms  (T3 - T2)            ║
execution-manager-grpc  | ║   Response Latency   =        0.351 ms  (T4 - T3)            ║
execution-manager-grpc  | ║   Total End-to-End   =        1.289 ms  (T4 - T1)            ║
execution-manager-grpc  | ║   Network Overhead   =        0.950 ms  (Req + Resp)         ║
execution-manager-grpc  | ╚═══════════════════════════════════════════════════════════════╝
execution-manager-grpc  | 
execution-manager-grpc  | [EPOLL] T=10002 ms: epoll_wait returned 1 event(s)
execution-manager-grpc  | [EPOLL] event[0]: type=2 task=NULL
execution-manager-grpc  | [SCHEDULER] ✅ T=10002 ms: Task 1 'sum1' completed with status 2
execution-manager-grpc  | [SCHEDULER] 🔕 Timeout disarmed for task 1
execution-manager-grpc  | [SCHEDULER] 0 tasks remaining
execution-manager-grpc  | 
execution-manager-grpc  | [SCHEDULER] 🏁 Iteration 7/50 complete!
execution-manager-grpc  | [SCHEDULER] Iteration execution time: 10002 ms
execution-manager-grpc  | 
execution-manager-grpc  | 
execution-manager-grpc  | [SCHEDULER] 🔁 ===== ITERATION 8 / 50 =====
execution-manager-grpc  | 
execution-manager-grpc  | [SCHEDULER] 🚀 Schedule started at T=0
execution-manager-grpc  | 
execution-manager-grpc  | [SCHEDULER] 🔄 Entering event loop (NO SLEEP - event-driven!)
execution-manager-grpc  | 
execution-manager-grpc  | [gRPC Client Async] Stream completed, received 1 responses
execution-manager-grpc  | [GRPC THREAD 1] Completed
execution-manager-grpc  | [EPOLL] T=10000 ms: epoll_wait returned 1 event(s)
execution-manager-grpc  | [EPOLL] event[0]: type=0 task=sum1
execution-manager-grpc  | [SCHEDULER] ⏰ T=10000 ms | T_wall=803800084.129 ms: Launching task 1 'sum1' (deadline: 30000 ms)
execution-manager-grpc  | [SCHEDULER] 🕐 Timeout armed for task 1 at T=30000 ms (in 20000 ms)
execution-manager-grpc  | [GRPC THREAD 1] Starting...
execution-manager-grpc  | [EXECUTION MANAGER] ⏱️ T1=803800084.208 ms | Sending gRPC request for task 1 'sum1'
execution-manager-grpc  | [gRPC Channel Pool] Reusing existing channel for localhost:50051 (state=2)
execution-manager-grpc  | [gRPC Client Async] Calling task 'sum1' at localhost:50051
execution-manager-grpc  | [gRPC Client Async] Inputs: {"total_ops": 100, "io_percentage": 100}
execution-manager-grpc  | [gRPC Client Async] Response #1 - Status: COMPLETED
execution-manager-grpc  | 🎉 [T=10001 ms] Task 1 'sum1' COMPLETED
execution-manager-grpc  | [EXECUTION MANAGER] ⏱️ T2=803800084.740 ms | Thread started (server measured)
execution-manager-grpc  | [EXECUTION MANAGER] ⏱️ T3=803800085.063 ms | Task completed (server measured)
execution-manager-grpc  | [EXECUTION MANAGER] ⏱️ T4=803800085.386 ms | Result received by client
execution-manager-grpc  |    [TASK EXECUTION] 0.323 ms (T3-T2, measured in thread)
execution-manager-grpc  |    [RESULT] {"result": 0}
execution-manager-grpc  | 
execution-manager-grpc  | ╔═══════════════════════════════════════════════════════════════╗
execution-manager-grpc  | ║           END-TO-END TIMING MEASUREMENT RECAP                 ║
execution-manager-grpc  | ║                   Task 1: sum1                                 
execution-manager-grpc  | ╠═══════════════════════════════════════════════════════════════╣
execution-manager-grpc  | ║ T1 (start_request)    = 803800084.208 ms                        ║
execution-manager-grpc  | ║ T2 (end_request)      = 803800084.740 ms                        ║
execution-manager-grpc  | ║ T3 (start_result)     = 803800085.063 ms                        ║
execution-manager-grpc  | ║ T4 (end_result)       = 803800085.386 ms                        ║
execution-manager-grpc  | ╠═══════════════════════════════════════════════════════════════╣
execution-manager-grpc  | ║ METRICS:                                                      ║
execution-manager-grpc  | ║   Request Latency    =        0.532 ms  (T2 - T1)            ║
execution-manager-grpc  | ║   Task Execution     =        0.323 ms  (T3 - T2)            ║
execution-manager-grpc  | ║   Response Latency   =        0.323 ms  (T4 - T3)            ║
execution-manager-grpc  | ║   Total End-to-End   =        1.178 ms  (T4 - T1)            ║
execution-manager-grpc  | ║   Network Overhead   =        0.855 ms  (Req + Resp)         ║
execution-manager-grpc  | ╚═══════════════════════════════════════════════════════════════╝
execution-manager-grpc  | 
execution-manager-grpc  | [EPOLL] T=10001 ms: epoll_wait returned 1 event(s)
execution-manager-grpc  | [EPOLL] event[0]: type=2 task=NULL
execution-manager-grpc  | [SCHEDULER] ✅ T=10001 ms: Task 1 'sum1' completed with status 2
execution-manager-grpc  | [SCHEDULER] 🔕 Timeout disarmed for task 1
execution-manager-grpc  | [SCHEDULER] 0 tasks remaining
execution-manager-grpc  | 
execution-manager-grpc  | [SCHEDULER] 🏁 Iteration 8/50 complete!
execution-manager-grpc  | [SCHEDULER] Iteration execution time: 10001 ms
execution-manager-grpc  | 
execution-manager-grpc  | 
execution-manager-grpc  | [SCHEDULER] 🔁 ===== ITERATION 9 / 50 =====
execution-manager-grpc  | 
execution-manager-grpc  | [SCHEDULER] 🚀 Schedule started at T=0
execution-manager-grpc  | 
execution-manager-grpc  | [SCHEDULER] 🔄 Entering event loop (NO SLEEP - event-driven!)
execution-manager-grpc  | 
execution-manager-grpc  | [gRPC Client Async] Stream completed, received 1 responses
execution-manager-grpc  | [GRPC THREAD 1] Completed
execution-manager-grpc  | [EPOLL] T=10000 ms: epoll_wait returned 1 event(s)
execution-manager-grpc  | [EPOLL] event[0]: type=0 task=sum1
execution-manager-grpc  | [SCHEDULER] ⏰ T=10000 ms | T_wall=803810085.499 ms: Launching task 1 'sum1' (deadline: 30000 ms)
execution-manager-grpc  | [SCHEDULER] 🕐 Timeout armed for task 1 at T=30000 ms (in 20000 ms)
execution-manager-grpc  | [GRPC THREAD 1] Starting...
execution-manager-grpc  | [EXECUTION MANAGER] ⏱️ T1=803810085.577 ms | Sending gRPC request for task 1 'sum1'
execution-manager-grpc  | [gRPC Channel Pool] Reusing existing channel for localhost:50051 (state=2)
execution-manager-grpc  | [gRPC Client Async] Calling task 'sum1' at localhost:50051
execution-manager-grpc  | [gRPC Client Async] Inputs: {"total_ops": 100, "io_percentage": 100}
execution-manager-grpc  | [gRPC Client Async] Response #1 - Status: COMPLETED
execution-manager-grpc  | 🎉 [T=10001 ms] Task 1 'sum1' COMPLETED
execution-manager-grpc  | [EXECUTION MANAGER] ⏱️ T2=803810086.132 ms | Thread started (server measured)
execution-manager-grpc  | [EXECUTION MANAGER] ⏱️ T3=803810086.429 ms | Task completed (server measured)
execution-manager-grpc  | [EXECUTION MANAGER] ⏱️ T4=803810086.762 ms | Result received by client
execution-manager-grpc  |    [TASK EXECUTION] 0.297 ms (T3-T2, measured in thread)
execution-manager-grpc  |    [RESULT] {"result": 0}
execution-manager-grpc  | 
execution-manager-grpc  | ╔═══════════════════════════════════════════════════════════════╗
execution-manager-grpc  | ║           END-TO-END TIMING MEASUREMENT RECAP                 ║
execution-manager-grpc  | ║                   Task 1: sum1                                 
execution-manager-grpc  | ╠═══════════════════════════════════════════════════════════════╣
execution-manager-grpc  | ║ T1 (start_request)    = 803810085.577 ms                        ║
execution-manager-grpc  | ║ T2 (end_request)      = 803810086.132 ms                        ║
execution-manager-grpc  | ║ T3 (start_result)     = 803810086.429 ms                        ║
execution-manager-grpc  | ║ T4 (end_result)       = 803810086.762 ms                        ║
execution-manager-grpc  | ╠═══════════════════════════════════════════════════════════════╣
execution-manager-grpc  | ║ METRICS:                                                      ║
execution-manager-grpc  | ║   Request Latency    =        0.556 ms  (T2 - T1)            ║
execution-manager-grpc  | ║   Task Execution     =        0.297 ms  (T3 - T2)            ║
execution-manager-grpc  | ║   Response Latency   =        0.333 ms  (T4 - T3)            ║
execution-manager-grpc  | ║   Total End-to-End   =        1.186 ms  (T4 - T1)            ║
execution-manager-grpc  | ║   Network Overhead   =        0.889 ms  (Req + Resp)         ║
execution-manager-grpc  | ╚═══════════════════════════════════════════════════════════════╝
execution-manager-grpc  | 
execution-manager-grpc  | [EPOLL] T=10001 ms: epoll_wait returned 1 event(s)
execution-manager-grpc  | [EPOLL] event[0]: type=2 task=NULL
execution-manager-grpc  | [SCHEDULER] ✅ T=10001 ms: Task 1 'sum1' completed with status 2
execution-manager-grpc  | [SCHEDULER] 🔕 Timeout disarmed for task 1
execution-manager-grpc  | [SCHEDULER] 0 tasks remaining
execution-manager-grpc  | 
execution-manager-grpc  | [SCHEDULER] 🏁 Iteration 9/50 complete!
execution-manager-grpc  | [SCHEDULER] Iteration execution time: 10001 ms
execution-manager-grpc  | 
execution-manager-grpc  | 
execution-manager-grpc  | [SCHEDULER] 🔁 ===== ITERATION 10 / 50 =====
execution-manager-grpc  | 
execution-manager-grpc  | [SCHEDULER] 🚀 Schedule started at T=0
execution-manager-grpc  | 
execution-manager-grpc  | [SCHEDULER] 🔄 Entering event loop (NO SLEEP - event-driven!)
execution-manager-grpc  | 
execution-manager-grpc  | [gRPC Client Async] Stream completed, received 1 responses
execution-manager-grpc  | [GRPC THREAD 1] Completed
execution-manager-grpc  | [EPOLL] T=10000 ms: epoll_wait returned 1 event(s)
execution-manager-grpc  | [EPOLL] event[0]: type=0 task=sum1
execution-manager-grpc  | [SCHEDULER] ⏰ T=10000 ms | T_wall=803820086.874 ms: Launching task 1 'sum1' (deadline: 30000 ms)
execution-manager-grpc  | [SCHEDULER] 🕐 Timeout armed for task 1 at T=30000 ms (in 20000 ms)
execution-manager-grpc  | [GRPC THREAD 1] Starting...
execution-manager-grpc  | [EXECUTION MANAGER] ⏱️ T1=803820086.954 ms | Sending gRPC request for task 1 'sum1'
execution-manager-grpc  | [gRPC Channel Pool] Reusing existing channel for localhost:50051 (state=2)
execution-manager-grpc  | [gRPC Client Async] Calling task 'sum1' at localhost:50051
execution-manager-grpc  | [gRPC Client Async] Inputs: {"total_ops": 100, "io_percentage": 100}
execution-manager-grpc  | [gRPC Client Async] Response #1 - Status: COMPLETED
execution-manager-grpc  | 🎉 [T=10002 ms] Task 1 'sum1' COMPLETED
execution-manager-grpc  | [EXECUTION MANAGER] ⏱️ T2=803820087.536 ms | Thread started (server measured)
execution-manager-grpc  | [EXECUTION MANAGER] ⏱️ T3=803820087.852 ms | Task completed (server measured)
execution-manager-grpc  | [EXECUTION MANAGER] ⏱️ T4=803820088.159 ms | Result received by client
execution-manager-grpc  |    [TASK EXECUTION] 0.316 ms (T3-T2, measured in thread)
execution-manager-grpc  |    [RESULT] {"result": 0}
execution-manager-grpc  | 
execution-manager-grpc  | ╔═══════════════════════════════════════════════════════════════╗
execution-manager-grpc  | ║           END-TO-END TIMING MEASUREMENT RECAP                 ║
execution-manager-grpc  | ║                   Task 1: sum1                                 
execution-manager-grpc  | ╠═══════════════════════════════════════════════════════════════╣
execution-manager-grpc  | ║ T1 (start_request)    = 803820086.954 ms                        ║
execution-manager-grpc  | ║ T2 (end_request)      = 803820087.536 ms                        ║
execution-manager-grpc  | ║ T3 (start_result)     = 803820087.852 ms                        ║
execution-manager-grpc  | ║ T4 (end_result)       = 803820088.159 ms                        ║
execution-manager-grpc  | ╠═══════════════════════════════════════════════════════════════╣
execution-manager-grpc  | ║ METRICS:                                                      ║
execution-manager-grpc  | ║   Request Latency    =        0.582 ms  (T2 - T1)            ║
execution-manager-grpc  | ║   Task Execution     =        0.316 ms  (T3 - T2)            ║
execution-manager-grpc  | ║   Response Latency   =        0.307 ms  (T4 - T3)            ║
execution-manager-grpc  | ║   Total End-to-End   =        1.205 ms  (T4 - T1)            ║
execution-manager-grpc  | ║   Network Overhead   =        0.889 ms  (Req + Resp)         ║
execution-manager-grpc  | ╚═══════════════════════════════════════════════════════════════╝
execution-manager-grpc  | 
execution-manager-grpc  | [EPOLL] T=10002 ms: epoll_wait returned 1 event(s)
execution-manager-grpc  | [EPOLL] event[0]: type=2 task=NULL
execution-manager-grpc  | [SCHEDULER] ✅ T=10002 ms: Task 1 'sum1' completed with status 2
execution-manager-grpc  | [SCHEDULER] 🔕 Timeout disarmed for task 1
execution-manager-grpc  | [SCHEDULER] 0 tasks remaining
execution-manager-grpc  | 
execution-manager-grpc  | [SCHEDULER] 🏁 Iteration 10/50 complete!
execution-manager-grpc  | [SCHEDULER] Iteration execution time: 10002 ms
execution-manager-grpc  | 
execution-manager-grpc  | 
execution-manager-grpc  | [SCHEDULER] 🔁 ===== ITERATION 11 / 50 =====
execution-manager-grpc  | 
execution-manager-grpc  | [SCHEDULER] 🚀 Schedule started at T=0
execution-manager-grpc  | 
execution-manager-grpc  | [SCHEDULER] 🔄 Entering event loop (NO SLEEP - event-driven!)
execution-manager-grpc  | 
execution-manager-grpc  | [gRPC Client Async] Stream completed, received 1 responses
execution-manager-grpc  | [GRPC THREAD 1] Completed
execution-manager-grpc  | [EPOLL] T=10000 ms: epoll_wait returned 1 event(s)
execution-manager-grpc  | [EPOLL] event[0]: type=0 task=sum1
execution-manager-grpc  | [SCHEDULER] ⏰ T=10000 ms | T_wall=803830088.258 ms: Launching task 1 'sum1' (deadline: 30000 ms)
execution-manager-grpc  | [SCHEDULER] 🕐 Timeout armed for task 1 at T=30000 ms (in 20000 ms)
execution-manager-grpc  | [GRPC THREAD 1] Starting...
execution-manager-grpc  | [EXECUTION MANAGER] ⏱️ T1=803830088.349 ms | Sending gRPC request for task 1 'sum1'
execution-manager-grpc  | [gRPC Channel Pool] Reusing existing channel for localhost:50051 (state=2)
execution-manager-grpc  | [gRPC Client Async] Calling task 'sum1' at localhost:50051
execution-manager-grpc  | [gRPC Client Async] Inputs: {"total_ops": 100, "io_percentage": 100}
execution-manager-grpc  | [gRPC Client Async] Response #1 - Status: COMPLETED
execution-manager-grpc  | 🎉 [T=10001 ms] Task 1 'sum1' COMPLETED
execution-manager-grpc  | [EXECUTION MANAGER] ⏱️ T2=803830088.911 ms | Thread started (server measured)
execution-manager-grpc  | [EXECUTION MANAGER] ⏱️ T3=803830089.216 ms | Task completed (server measured)
execution-manager-grpc  | [EXECUTION MANAGER] ⏱️ T4=803830089.557 ms | Result received by client
execution-manager-grpc  |    [TASK EXECUTION] 0.304 ms (T3-T2, measured in thread)
execution-manager-grpc  |    [RESULT] {"result": 0}
execution-manager-grpc  | 
execution-manager-grpc  | ╔═══════════════════════════════════════════════════════════════╗
execution-manager-grpc  | ║           END-TO-END TIMING MEASUREMENT RECAP                 ║
execution-manager-grpc  | ║                   Task 1: sum1                                 
execution-manager-grpc  | ╠═══════════════════════════════════════════════════════════════╣
execution-manager-grpc  | ║ T1 (start_request)    = 803830088.349 ms                        ║
execution-manager-grpc  | ║ T2 (end_request)      = 803830088.911 ms                        ║
execution-manager-grpc  | ║ T3 (start_result)     = 803830089.216 ms                        ║
execution-manager-grpc  | ║ T4 (end_result)       = 803830089.557 ms                        ║
execution-manager-grpc  | ╠═══════════════════════════════════════════════════════════════╣
execution-manager-grpc  | ║ METRICS:                                                      ║
execution-manager-grpc  | ║   Request Latency    =        0.562 ms  (T2 - T1)            ║
execution-manager-grpc  | ║   Task Execution     =        0.304 ms  (T3 - T2)            ║
execution-manager-grpc  | ║   Response Latency   =        0.342 ms  (T4 - T3)            ║
execution-manager-grpc  | ║   Total End-to-End   =        1.208 ms  (T4 - T1)            ║
execution-manager-grpc  | ║   Network Overhead   =        0.903 ms  (Req + Resp)         ║
execution-manager-grpc  | ╚═══════════════════════════════════════════════════════════════╝
execution-manager-grpc  | 
execution-manager-grpc  | [EPOLL] T=10001 ms: epoll_wait returned 1 event(s)
execution-manager-grpc  | [EPOLL] event[0]: type=2 task=NULL
execution-manager-grpc  | [SCHEDULER] ✅ T=10001 ms: Task 1 'sum1' completed with status 2
execution-manager-grpc  | [SCHEDULER] 🔕 Timeout disarmed for task 1
execution-manager-grpc  | [SCHEDULER] 0 tasks remaining
execution-manager-grpc  | 
execution-manager-grpc  | [SCHEDULER] 🏁 Iteration 11/50 complete!
execution-manager-grpc  | [SCHEDULER] Iteration execution time: 10001 ms
execution-manager-grpc  | 
execution-manager-grpc  | 
execution-manager-grpc  | [SCHEDULER] 🔁 ===== ITERATION 12 / 50 =====
execution-manager-grpc  | 
execution-manager-grpc  | [SCHEDULER] 🚀 Schedule started at T=0
execution-manager-grpc  | 
execution-manager-grpc  | [SCHEDULER] 🔄 Entering event loop (NO SLEEP - event-driven!)
execution-manager-grpc  | 
execution-manager-grpc  | [gRPC Client Async] Stream completed, received 1 responses
execution-manager-grpc  | [GRPC THREAD 1] Completed
execution-manager-grpc  | [EPOLL] T=10000 ms: epoll_wait returned 1 event(s)
execution-manager-grpc  | [EPOLL] event[0]: type=0 task=sum1
execution-manager-grpc  | [SCHEDULER] ⏰ T=10000 ms | T_wall=803840089.657 ms: Launching task 1 'sum1' (deadline: 30000 ms)
execution-manager-grpc  | [SCHEDULER] 🕐 Timeout armed for task 1 at T=30000 ms (in 20000 ms)
execution-manager-grpc  | [GRPC THREAD 1] Starting...
execution-manager-grpc  | [EXECUTION MANAGER] ⏱️ T1=803840089.740 ms | Sending gRPC request for task 1 'sum1'
execution-manager-grpc  | [gRPC Channel Pool] Reusing existing channel for localhost:50051 (state=2)
execution-manager-grpc  | [gRPC Client Async] Calling task 'sum1' at localhost:50051
execution-manager-grpc  | [gRPC Client Async] Inputs: {"total_ops": 100, "io_percentage": 100}
execution-manager-grpc  | [gRPC Client Async] Response #1 - Status: COMPLETED
execution-manager-grpc  | 🎉 [T=10001 ms] Task 1 'sum1' COMPLETED
execution-manager-grpc  | [EXECUTION MANAGER] ⏱️ T2=803840090.309 ms | Thread started (server measured)
execution-manager-grpc  | [EXECUTION MANAGER] ⏱️ T3=803840090.608 ms | Task completed (server measured)
execution-manager-grpc  | [EXECUTION MANAGER] ⏱️ T4=803840090.960 ms | Result received by client
execution-manager-grpc  |    [TASK EXECUTION] 0.299 ms (T3-T2, measured in thread)
execution-manager-grpc  |    [RESULT] {"result": 0}
execution-manager-grpc  | 
execution-manager-grpc  | ╔═══════════════════════════════════════════════════════════════╗
execution-manager-grpc  | ║           END-TO-END TIMING MEASUREMENT RECAP                 ║
execution-manager-grpc  | ║                   Task 1: sum1                                 
execution-manager-grpc  | ╠═══════════════════════════════════════════════════════════════╣
execution-manager-grpc  | ║ T1 (start_request)    = 803840089.740 ms                        ║
execution-manager-grpc  | ║ T2 (end_request)      = 803840090.309 ms                        ║
execution-manager-grpc  | ║ T3 (start_result)     = 803840090.608 ms                        ║
execution-manager-grpc  | ║ T4 (end_result)       = 803840090.960 ms                        ║
execution-manager-grpc  | ╠═══════════════════════════════════════════════════════════════╣
execution-manager-grpc  | ║ METRICS:                                                      ║
execution-manager-grpc  | ║   Request Latency    =        0.569 ms  (T2 - T1)            ║
execution-manager-grpc  | ║   Task Execution     =        0.299 ms  (T3 - T2)            ║
execution-manager-grpc  | ║   Response Latency   =        0.352 ms  (T4 - T3)            ║
execution-manager-grpc  | ║   Total End-to-End   =        1.220 ms  (T4 - T1)            ║
execution-manager-grpc  | ║   Network Overhead   =        0.921 ms  (Req + Resp)         ║
execution-manager-grpc  | ╚═══════════════════════════════════════════════════════════════╝
execution-manager-grpc  | 
execution-manager-grpc  | [EPOLL] T=10001 ms: epoll_wait returned 1 event(s)
execution-manager-grpc  | [EPOLL] event[0]: type=2 task=NULL
execution-manager-grpc  | [SCHEDULER] ✅ T=10002 ms: Task 1 'sum1' completed with status 2
execution-manager-grpc  | [SCHEDULER] 🔕 Timeout disarmed for task 1
execution-manager-grpc  | [SCHEDULER] 0 tasks remaining
execution-manager-grpc  | 
execution-manager-grpc  | [SCHEDULER] 🏁 Iteration 12/50 complete!
execution-manager-grpc  | [SCHEDULER] Iteration execution time: 10002 ms
execution-manager-grpc  | 
execution-manager-grpc  | 
execution-manager-grpc  | [SCHEDULER] 🔁 ===== ITERATION 13 / 50 =====
execution-manager-grpc  | 
execution-manager-grpc  | [SCHEDULER] 🚀 Schedule started at T=0
execution-manager-grpc  | 
execution-manager-grpc  | [SCHEDULER] 🔄 Entering event loop (NO SLEEP - event-driven!)
execution-manager-grpc  | 
execution-manager-grpc  | [gRPC Client Async] Stream completed, received 1 responses
execution-manager-grpc  | [GRPC THREAD 1] Completed
execution-manager-grpc  | [EPOLL] T=10000 ms: epoll_wait returned 1 event(s)
execution-manager-grpc  | [EPOLL] event[0]: type=0 task=sum1
execution-manager-grpc  | [SCHEDULER] ⏰ T=10000 ms | T_wall=803850091.154 ms: Launching task 1 'sum1' (deadline: 30000 ms)
execution-manager-grpc  | [SCHEDULER] 🕐 Timeout armed for task 1 at T=30000 ms (in 20000 ms)
execution-manager-grpc  | [GRPC THREAD 1] Starting...
execution-manager-grpc  | [EXECUTION MANAGER] ⏱️ T1=803850091.236 ms | Sending gRPC request for task 1 'sum1'
execution-manager-grpc  | [gRPC Channel Pool] Reusing existing channel for localhost:50051 (state=2)
execution-manager-grpc  | [gRPC Client Async] Calling task 'sum1' at localhost:50051
execution-manager-grpc  | [gRPC Client Async] Inputs: {"total_ops": 100, "io_percentage": 100}
execution-manager-grpc  | [gRPC Client Async] Response #1 - Status: COMPLETED
execution-manager-grpc  | 🎉 [T=10001 ms] Task 1 'sum1' COMPLETED
execution-manager-grpc  | [EXECUTION MANAGER] ⏱️ T2=803850091.767 ms | Thread started (server measured)
execution-manager-grpc  | [EXECUTION MANAGER] ⏱️ T3=803850092.096 ms | Task completed (server measured)
execution-manager-grpc  | [EXECUTION MANAGER] ⏱️ T4=803850092.371 ms | Result received by client
execution-manager-grpc  |    [TASK EXECUTION] 0.329 ms (T3-T2, measured in thread)
execution-manager-grpc  |    [RESULT] {"result": 0}
execution-manager-grpc  | 
execution-manager-grpc  | ╔═══════════════════════════════════════════════════════════════╗
execution-manager-grpc  | ║           END-TO-END TIMING MEASUREMENT RECAP                 ║
execution-manager-grpc  | ║                   Task 1: sum1                                 
execution-manager-grpc  | ╠═══════════════════════════════════════════════════════════════╣
execution-manager-grpc  | ║ T1 (start_request)    = 803850091.236 ms                        ║
execution-manager-grpc  | ║ T2 (end_request)      = 803850091.767 ms                        ║
execution-manager-grpc  | ║ T3 (start_result)     = 803850092.096 ms                        ║
execution-manager-grpc  | ║ T4 (end_result)       = 803850092.371 ms                        ║
execution-manager-grpc  | ╠═══════════════════════════════════════════════════════════════╣
execution-manager-grpc  | ║ METRICS:                                                      ║
execution-manager-grpc  | ║   Request Latency    =        0.531 ms  (T2 - T1)            ║
execution-manager-grpc  | ║   Task Execution     =        0.329 ms  (T3 - T2)            ║
execution-manager-grpc  | ║   Response Latency   =        0.274 ms  (T4 - T3)            ║
execution-manager-grpc  | ║   Total End-to-End   =        1.135 ms  (T4 - T1)            ║
execution-manager-grpc  | ║   Network Overhead   =        0.805 ms  (Req + Resp)         ║
execution-manager-grpc  | ╚═══════════════════════════════════════════════════════════════╝
execution-manager-grpc  | 
execution-manager-grpc  | [EPOLL] T=10001 ms: epoll_wait returned 1 event(s)
execution-manager-grpc  | [EPOLL] event[0]: type=2 task=NULL
execution-manager-grpc  | [SCHEDULER] ✅ T=10001 ms: Task 1 'sum1' completed with status 2
execution-manager-grpc  | [SCHEDULER] 🔕 Timeout disarmed for task 1
execution-manager-grpc  | [SCHEDULER] 0 tasks remaining
execution-manager-grpc  | 
execution-manager-grpc  | [SCHEDULER] 🏁 Iteration 13/50 complete!
execution-manager-grpc  | [SCHEDULER] Iteration execution time: 10001 ms
execution-manager-grpc  | 
execution-manager-grpc  | 
execution-manager-grpc  | [SCHEDULER] 🔁 ===== ITERATION 14 / 50 =====
execution-manager-grpc  | 
execution-manager-grpc  | [SCHEDULER] 🚀 Schedule started at T=0
execution-manager-grpc  | 
execution-manager-grpc  | [SCHEDULER] 🔄 Entering event loop (NO SLEEP - event-driven!)
execution-manager-grpc  | 
execution-manager-grpc  | [gRPC Client Async] Stream completed, received 1 responses
execution-manager-grpc  | [GRPC THREAD 1] Completed
execution-manager-grpc  | [EPOLL] T=10000 ms: epoll_wait returned 1 event(s)
execution-manager-grpc  | [EPOLL] event[0]: type=0 task=sum1
execution-manager-grpc  | [SCHEDULER] ⏰ T=10000 ms | T_wall=803860092.478 ms: Launching task 1 'sum1' (deadline: 30000 ms)
execution-manager-grpc  | [SCHEDULER] 🕐 Timeout armed for task 1 at T=30000 ms (in 20000 ms)
execution-manager-grpc  | [GRPC THREAD 1] Starting...
execution-manager-grpc  | [EXECUTION MANAGER] ⏱️ T1=803860092.557 ms | Sending gRPC request for task 1 'sum1'
execution-manager-grpc  | [gRPC Channel Pool] Reusing existing channel for localhost:50051 (state=2)
execution-manager-grpc  | [gRPC Client Async] Calling task 'sum1' at localhost:50051
execution-manager-grpc  | [gRPC Client Async] Inputs: {"total_ops": 100, "io_percentage": 100}
execution-manager-grpc  | [gRPC Client Async] Response #1 - Status: COMPLETED
execution-manager-grpc  | 🎉 [T=10001 ms] Task 1 'sum1' COMPLETED
execution-manager-grpc  | [EXECUTION MANAGER] ⏱️ T2=803860093.079 ms | Thread started (server measured)
execution-manager-grpc  | [EXECUTION MANAGER] ⏱️ T3=803860093.397 ms | Task completed (server measured)
execution-manager-grpc  | [EXECUTION MANAGER] ⏱️ T4=803860093.670 ms | Result received by client
execution-manager-grpc  |    [TASK EXECUTION] 0.318 ms (T3-T2, measured in thread)
execution-manager-grpc  |    [RESULT] {"result": 0}
execution-manager-grpc  | 
execution-manager-grpc  | ╔═══════════════════════════════════════════════════════════════╗
execution-manager-grpc  | ║           END-TO-END TIMING MEASUREMENT RECAP                 ║
execution-manager-grpc  | ║                   Task 1: sum1                                 
execution-manager-grpc  | ╠═══════════════════════════════════════════════════════════════╣
execution-manager-grpc  | ║ T1 (start_request)    = 803860092.557 ms                        ║
execution-manager-grpc  | ║ T2 (end_request)      = 803860093.079 ms                        ║
execution-manager-grpc  | ║ T3 (start_result)     = 803860093.397 ms                        ║
execution-manager-grpc  | ║ T4 (end_result)       = 803860093.670 ms                        ║
execution-manager-grpc  | ╠═══════════════════════════════════════════════════════════════╣
execution-manager-grpc  | ║ METRICS:                                                      ║
execution-manager-grpc  | ║   Request Latency    =        0.522 ms  (T2 - T1)            ║
execution-manager-grpc  | ║   Task Execution     =        0.318 ms  (T3 - T2)            ║
execution-manager-grpc  | ║   Response Latency   =        0.273 ms  (T4 - T3)            ║
execution-manager-grpc  | ║   Total End-to-End   =        1.114 ms  (T4 - T1)            ║
execution-manager-grpc  | ║   Network Overhead   =        0.795 ms  (Req + Resp)         ║
execution-manager-grpc  | ╚═══════════════════════════════════════════════════════════════╝
execution-manager-grpc  | 
execution-manager-grpc  | [EPOLL] T=10001 ms: epoll_wait returned 1 event(s)
execution-manager-grpc  | [EPOLL] event[0]: type=2 task=NULL
execution-manager-grpc  | [SCHEDULER] ✅ T=10001 ms: Task 1 'sum1' completed with status 2
execution-manager-grpc  | [SCHEDULER] 🔕 Timeout disarmed for task 1
execution-manager-grpc  | [SCHEDULER] 0 tasks remaining
execution-manager-grpc  | 
execution-manager-grpc  | [SCHEDULER] 🏁 Iteration 14/50 complete!
execution-manager-grpc  | [SCHEDULER] Iteration execution time: 10001 ms
execution-manager-grpc  | 
execution-manager-grpc  | 
execution-manager-grpc  | [SCHEDULER] 🔁 ===== ITERATION 15 / 50 =====
execution-manager-grpc  | 
execution-manager-grpc  | [SCHEDULER] 🚀 Schedule started at T=0
execution-manager-grpc  | 
execution-manager-grpc  | [SCHEDULER] 🔄 Entering event loop (NO SLEEP - event-driven!)
execution-manager-grpc  | 
execution-manager-grpc  | [gRPC Client Async] Stream completed, received 1 responses
execution-manager-grpc  | [GRPC THREAD 1] Completed
execution-manager-grpc  | [EPOLL] T=10000 ms: epoll_wait returned 1 event(s)
execution-manager-grpc  | [EPOLL] event[0]: type=0 task=sum1
execution-manager-grpc  | [SCHEDULER] ⏰ T=10000 ms | T_wall=803870093.780 ms: Launching task 1 'sum1' (deadline: 30000 ms)
execution-manager-grpc  | [SCHEDULER] 🕐 Timeout armed for task 1 at T=30000 ms (in 20000 ms)
execution-manager-grpc  | [GRPC THREAD 1] Starting...
execution-manager-grpc  | [EXECUTION MANAGER] ⏱️ T1=803870093.866 ms | Sending gRPC request for task 1 'sum1'
execution-manager-grpc  | [gRPC Channel Pool] Reusing existing channel for localhost:50051 (state=2)
execution-manager-grpc  | [gRPC Client Async] Calling task 'sum1' at localhost:50051
execution-manager-grpc  | [gRPC Client Async] Inputs: {"total_ops": 100, "io_percentage": 100}
execution-manager-grpc  | [gRPC Client Async] Response #1 - Status: COMPLETED
execution-manager-grpc  | 🎉 [T=10002 ms] Task 1 'sum1' COMPLETED
execution-manager-grpc  | [EXECUTION MANAGER] ⏱️ T2=803870094.443 ms | Thread started (server measured)
execution-manager-grpc  | [EXECUTION MANAGER] ⏱️ T3=803870094.745 ms | Task completed (server measured)
execution-manager-grpc  | [EXECUTION MANAGER] ⏱️ T4=803870095.100 ms | Result received by client
execution-manager-grpc  |    [TASK EXECUTION] 0.302 ms (T3-T2, measured in thread)
execution-manager-grpc  |    [RESULT] {"result": 0}
execution-manager-grpc  | 
execution-manager-grpc  | ╔═══════════════════════════════════════════════════════════════╗
execution-manager-grpc  | ║           END-TO-END TIMING MEASUREMENT RECAP                 ║
execution-manager-grpc  | ║                   Task 1: sum1                                 
execution-manager-grpc  | ╠═══════════════════════════════════════════════════════════════╣
execution-manager-grpc  | ║ T1 (start_request)    = 803870093.866 ms                        ║
execution-manager-grpc  | ║ T2 (end_request)      = 803870094.443 ms                        ║
execution-manager-grpc  | ║ T3 (start_result)     = 803870094.745 ms                        ║
execution-manager-grpc  | ║ T4 (end_result)       = 803870095.100 ms                        ║
execution-manager-grpc  | ╠═══════════════════════════════════════════════════════════════╣
execution-manager-grpc  | ║ METRICS:                                                      ║
execution-manager-grpc  | ║   Request Latency    =        0.577 ms  (T2 - T1)            ║
execution-manager-grpc  | ║   Task Execution     =        0.302 ms  (T3 - T2)            ║
execution-manager-grpc  | ║   Response Latency   =        0.355 ms  (T4 - T3)            ║
execution-manager-grpc  | ║   Total End-to-End   =        1.234 ms  (T4 - T1)            ║
execution-manager-grpc  | ║   Network Overhead   =        0.932 ms  (Req + Resp)         ║
execution-manager-grpc  | ╚═══════════════════════════════════════════════════════════════╝
execution-manager-grpc  | 
execution-manager-grpc  | [EPOLL] T=10002 ms: epoll_wait returned 1 event(s)
execution-manager-grpc  | [EPOLL] event[0]: type=2 task=NULL
execution-manager-grpc  | [SCHEDULER] ✅ T=10002 ms: Task 1 'sum1' completed with status 2
execution-manager-grpc  | [SCHEDULER] 🔕 Timeout disarmed for task 1
execution-manager-grpc  | [SCHEDULER] 0 tasks remaining
execution-manager-grpc  | 
execution-manager-grpc  | [SCHEDULER] 🏁 Iteration 15/50 complete!
execution-manager-grpc  | [SCHEDULER] Iteration execution time: 10002 ms
execution-manager-grpc  | 
execution-manager-grpc  | 
execution-manager-grpc  | [SCHEDULER] 🔁 ===== ITERATION 16 / 50 =====
execution-manager-grpc  | 
execution-manager-grpc  | [SCHEDULER] 🚀 Schedule started at T=0
execution-manager-grpc  | 
execution-manager-grpc  | [SCHEDULER] 🔄 Entering event loop (NO SLEEP - event-driven!)
execution-manager-grpc  | 
execution-manager-grpc  | [gRPC Client Async] Stream completed, received 1 responses
execution-manager-grpc  | [GRPC THREAD 1] Completed
execution-manager-grpc  | [EPOLL] T=10000 ms: epoll_wait returned 1 event(s)
execution-manager-grpc  | [EPOLL] event[0]: type=0 task=sum1
execution-manager-grpc  | [SCHEDULER] ⏰ T=10000 ms | T_wall=803880095.199 ms: Launching task 1 'sum1' (deadline: 30000 ms)
execution-manager-grpc  | [SCHEDULER] 🕐 Timeout armed for task 1 at T=30000 ms (in 20000 ms)
execution-manager-grpc  | [GRPC THREAD 1] Starting...
execution-manager-grpc  | [EXECUTION MANAGER] ⏱️ T1=803880095.286 ms | Sending gRPC request for task 1 'sum1'
execution-manager-grpc  | [gRPC Channel Pool] Reusing existing channel for localhost:50051 (state=2)
execution-manager-grpc  | [gRPC Client Async] Calling task 'sum1' at localhost:50051
execution-manager-grpc  | [gRPC Client Async] Inputs: {"total_ops": 100, "io_percentage": 100}
execution-manager-grpc  | [gRPC Client Async] Response #1 - Status: COMPLETED
execution-manager-grpc  | 🎉 [T=10001 ms] Task 1 'sum1' COMPLETED
execution-manager-grpc  | [EXECUTION MANAGER] ⏱️ T2=803880095.805 ms | Thread started (server measured)
execution-manager-grpc  | [EXECUTION MANAGER] ⏱️ T3=803880096.101 ms | Task completed (server measured)
execution-manager-grpc  | [EXECUTION MANAGER] ⏱️ T4=803880096.371 ms | Result received by client
execution-manager-grpc  |    [TASK EXECUTION] 0.296 ms (T3-T2, measured in thread)
execution-manager-grpc  |    [RESULT] {"result": 0}
execution-manager-grpc  | 
execution-manager-grpc  | ╔═══════════════════════════════════════════════════════════════╗
execution-manager-grpc  | ║           END-TO-END TIMING MEASUREMENT RECAP                 ║
execution-manager-grpc  | ║                   Task 1: sum1                                 
execution-manager-grpc  | ╠═══════════════════════════════════════════════════════════════╣
execution-manager-grpc  | ║ T1 (start_request)    = 803880095.286 ms                        ║
execution-manager-grpc  | ║ T2 (end_request)      = 803880095.805 ms                        ║
execution-manager-grpc  | ║ T3 (start_result)     = 803880096.101 ms                        ║
execution-manager-grpc  | ║ T4 (end_result)       = 803880096.371 ms                        ║
execution-manager-grpc  | ╠═══════════════════════════════════════════════════════════════╣
execution-manager-grpc  | ║ METRICS:                                                      ║
execution-manager-grpc  | ║   Request Latency    =        0.519 ms  (T2 - T1)            ║
execution-manager-grpc  | ║   Task Execution     =        0.296 ms  (T3 - T2)            ║
execution-manager-grpc  | ║   Response Latency   =        0.269 ms  (T4 - T3)            ║
execution-manager-grpc  | ║   Total End-to-End   =        1.084 ms  (T4 - T1)            ║
execution-manager-grpc  | ║   Network Overhead   =        0.789 ms  (Req + Resp)         ║
execution-manager-grpc  | ╚═══════════════════════════════════════════════════════════════╝
execution-manager-grpc  | 
execution-manager-grpc  | [EPOLL] T=10001 ms: epoll_wait returned 1 event(s)
execution-manager-grpc  | [EPOLL] event[0]: type=2 task=NULL
execution-manager-grpc  | [SCHEDULER] ✅ T=10001 ms: Task 1 'sum1' completed with status 2
execution-manager-grpc  | [SCHEDULER] 🔕 Timeout disarmed for task 1
execution-manager-grpc  | [SCHEDULER] 0 tasks remaining
execution-manager-grpc  | 
execution-manager-grpc  | [SCHEDULER] 🏁 Iteration 16/50 complete!
execution-manager-grpc  | [SCHEDULER] Iteration execution time: 10001 ms
execution-manager-grpc  | 
execution-manager-grpc  | 
execution-manager-grpc  | [SCHEDULER] 🔁 ===== ITERATION 17 / 50 =====
execution-manager-grpc  | 
execution-manager-grpc  | [SCHEDULER] 🚀 Schedule started at T=0
execution-manager-grpc  | 
execution-manager-grpc  | [SCHEDULER] 🔄 Entering event loop (NO SLEEP - event-driven!)
execution-manager-grpc  | 
execution-manager-grpc  | [gRPC Client Async] Stream completed, received 1 responses
execution-manager-grpc  | [GRPC THREAD 1] Completed
execution-manager-grpc  | [EPOLL] T=10000 ms: epoll_wait returned 1 event(s)
execution-manager-grpc  | [EPOLL] event[0]: type=0 task=sum1
execution-manager-grpc  | [SCHEDULER] ⏰ T=10000 ms | T_wall=803890096.470 ms: Launching task 1 'sum1' (deadline: 30000 ms)
execution-manager-grpc  | [SCHEDULER] 🕐 Timeout armed for task 1 at T=30000 ms (in 20000 ms)
execution-manager-grpc  | [GRPC THREAD 1] Starting...
execution-manager-grpc  | [EXECUTION MANAGER] ⏱️ T1=803890096.560 ms | Sending gRPC request for task 1 'sum1'
execution-manager-grpc  | [gRPC Channel Pool] Reusing existing channel for localhost:50051 (state=2)
execution-manager-grpc  | [gRPC Client Async] Calling task 'sum1' at localhost:50051
execution-manager-grpc  | [gRPC Client Async] Inputs: {"total_ops": 100, "io_percentage": 100}
execution-manager-grpc  | [gRPC Client Async] Response #1 - Status: COMPLETED
execution-manager-grpc  | 🎉 [T=10001 ms] Task 1 'sum1' COMPLETED
execution-manager-grpc  | [EXECUTION MANAGER] ⏱️ T2=803890097.131 ms | Thread started (server measured)
execution-manager-grpc  | [EXECUTION MANAGER] ⏱️ T3=803890097.434 ms | Task completed (server measured)
execution-manager-grpc  | [EXECUTION MANAGER] ⏱️ T4=803890097.770 ms | Result received by client
execution-manager-grpc  |    [TASK EXECUTION] 0.302 ms (T3-T2, measured in thread)
execution-manager-grpc  |    [RESULT] {"result": 0}
execution-manager-grpc  | 
execution-manager-grpc  | ╔═══════════════════════════════════════════════════════════════╗
execution-manager-grpc  | ║           END-TO-END TIMING MEASUREMENT RECAP                 ║
execution-manager-grpc  | ║                   Task 1: sum1                                 
execution-manager-grpc  | ╠═══════════════════════════════════════════════════════════════╣
execution-manager-grpc  | ║ T1 (start_request)    = 803890096.560 ms                        ║
execution-manager-grpc  | ║ T2 (end_request)      = 803890097.131 ms                        ║
execution-manager-grpc  | ║ T3 (start_result)     = 803890097.434 ms                        ║
execution-manager-grpc  | ║ T4 (end_result)       = 803890097.770 ms                        ║
execution-manager-grpc  | ╠═══════════════════════════════════════════════════════════════╣
execution-manager-grpc  | ║ METRICS:                                                      ║
execution-manager-grpc  | ║   Request Latency    =        0.572 ms  (T2 - T1)            ║
execution-manager-grpc  | ║   Task Execution     =        0.302 ms  (T3 - T2)            ║
execution-manager-grpc  | ║   Response Latency   =        0.337 ms  (T4 - T3)            ║
execution-manager-grpc  | ║   Total End-to-End   =        1.211 ms  (T4 - T1)            ║
execution-manager-grpc  | ║   Network Overhead   =        0.908 ms  (Req + Resp)         ║
execution-manager-grpc  | ╚═══════════════════════════════════════════════════════════════╝
execution-manager-grpc  | 
execution-manager-grpc  | [EPOLL] T=10001 ms: epoll_wait returned 1 event(s)
execution-manager-grpc  | [EPOLL] event[0]: type=2 task=NULL
execution-manager-grpc  | [SCHEDULER] ✅ T=10001 ms: Task 1 'sum1' completed with status 2
execution-manager-grpc  | [SCHEDULER] 🔕 Timeout disarmed for task 1
execution-manager-grpc  | [SCHEDULER] 0 tasks remaining
execution-manager-grpc  | 
execution-manager-grpc  | [SCHEDULER] 🏁 Iteration 17/50 complete!
execution-manager-grpc  | [SCHEDULER] Iteration execution time: 10001 ms
execution-manager-grpc  | 
execution-manager-grpc  | 
execution-manager-grpc  | [SCHEDULER] 🔁 ===== ITERATION 18 / 50 =====
execution-manager-grpc  | 
execution-manager-grpc  | [SCHEDULER] 🚀 Schedule started at T=0
execution-manager-grpc  | 
execution-manager-grpc  | [SCHEDULER] 🔄 Entering event loop (NO SLEEP - event-driven!)
execution-manager-grpc  | 
execution-manager-grpc  | [gRPC Client Async] Stream completed, received 1 responses
execution-manager-grpc  | [GRPC THREAD 1] Completed
execution-manager-grpc  | [EPOLL] T=10000 ms: epoll_wait returned 1 event(s)
execution-manager-grpc  | [EPOLL] event[0]: type=0 task=sum1
execution-manager-grpc  | [SCHEDULER] ⏰ T=10000 ms | T_wall=803900097.885 ms: Launching task 1 'sum1' (deadline: 30000 ms)
execution-manager-grpc  | [SCHEDULER] 🕐 Timeout armed for task 1 at T=30000 ms (in 20000 ms)
execution-manager-grpc  | [GRPC THREAD 1] Starting...
execution-manager-grpc  | [EXECUTION MANAGER] ⏱️ T1=803900097.970 ms | Sending gRPC request for task 1 'sum1'
execution-manager-grpc  | [gRPC Channel Pool] Reusing existing channel for localhost:50051 (state=2)
execution-manager-grpc  | [gRPC Client Async] Calling task 'sum1' at localhost:50051
execution-manager-grpc  | [gRPC Client Async] Inputs: {"total_ops": 100, "io_percentage": 100}
execution-manager-grpc  | [gRPC Client Async] Response #1 - Status: COMPLETED
execution-manager-grpc  | 🎉 [T=10002 ms] Task 1 'sum1' COMPLETED
execution-manager-grpc  | [EXECUTION MANAGER] ⏱️ T2=803900098.541 ms | Thread started (server measured)
execution-manager-grpc  | [EXECUTION MANAGER] ⏱️ T3=803900098.841 ms | Task completed (server measured)
execution-manager-grpc  | [EXECUTION MANAGER] ⏱️ T4=803900099.150 ms | Result received by client
execution-manager-grpc  |    [TASK EXECUTION] 0.300 ms (T3-T2, measured in thread)
execution-manager-grpc  |    [RESULT] {"result": 0}
execution-manager-grpc  | 
execution-manager-grpc  | ╔═══════════════════════════════════════════════════════════════╗
execution-manager-grpc  | ║           END-TO-END TIMING MEASUREMENT RECAP                 ║
execution-manager-grpc  | ║                   Task 1: sum1                                 
execution-manager-grpc  | ╠═══════════════════════════════════════════════════════════════╣
execution-manager-grpc  | ║ T1 (start_request)    = 803900097.970 ms                        ║
execution-manager-grpc  | ║ T2 (end_request)      = 803900098.541 ms                        ║
execution-manager-grpc  | ║ T3 (start_result)     = 803900098.841 ms                        ║
execution-manager-grpc  | ║ T4 (end_result)       = 803900099.150 ms                        ║
execution-manager-grpc  | ╠═══════════════════════════════════════════════════════════════╣
execution-manager-grpc  | ║ METRICS:                                                      ║
execution-manager-grpc  | ║   Request Latency    =        0.570 ms  (T2 - T1)            ║
execution-manager-grpc  | ║   Task Execution     =        0.300 ms  (T3 - T2)            ║
execution-manager-grpc  | ║   Response Latency   =        0.309 ms  (T4 - T3)            ║
execution-manager-grpc  | ║   Total End-to-End   =        1.180 ms  (T4 - T1)            ║
execution-manager-grpc  | ║   Network Overhead   =        0.880 ms  (Req + Resp)         ║
execution-manager-grpc  | ╚═══════════════════════════════════════════════════════════════╝
execution-manager-grpc  | 
execution-manager-grpc  | [EPOLL] T=10002 ms: epoll_wait returned 1 event(s)
execution-manager-grpc  | [EPOLL] event[0]: type=2 task=NULL
execution-manager-grpc  | [SCHEDULER] ✅ T=10002 ms: Task 1 'sum1' completed with status 2
execution-manager-grpc  | [SCHEDULER] 🔕 Timeout disarmed for task 1
execution-manager-grpc  | [SCHEDULER] 0 tasks remaining
execution-manager-grpc  | 
execution-manager-grpc  | [SCHEDULER] 🏁 Iteration 18/50 complete!
execution-manager-grpc  | [SCHEDULER] Iteration execution time: 10002 ms
execution-manager-grpc  | 
execution-manager-grpc  | 
execution-manager-grpc  | [SCHEDULER] 🔁 ===== ITERATION 19 / 50 =====
execution-manager-grpc  | 
execution-manager-grpc  | [SCHEDULER] 🚀 Schedule started at T=0
execution-manager-grpc  | 
execution-manager-grpc  | [SCHEDULER] 🔄 Entering event loop (NO SLEEP - event-driven!)
execution-manager-grpc  | 
execution-manager-grpc  | [gRPC Client Async] Stream completed, received 1 responses
execution-manager-grpc  | [GRPC THREAD 1] Completed
execution-manager-grpc  | [EPOLL] T=10000 ms: epoll_wait returned 1 event(s)
execution-manager-grpc  | [EPOLL] event[0]: type=0 task=sum1
execution-manager-grpc  | [SCHEDULER] ⏰ T=10000 ms | T_wall=803910099.266 ms: Launching task 1 'sum1' (deadline: 30000 ms)
execution-manager-grpc  | [SCHEDULER] 🕐 Timeout armed for task 1 at T=30000 ms (in 20000 ms)
execution-manager-grpc  | [GRPC THREAD 1] Starting...
execution-manager-grpc  | [EXECUTION MANAGER] ⏱️ T1=803910099.358 ms | Sending gRPC request for task 1 'sum1'
execution-manager-grpc  | [gRPC Channel Pool] Reusing existing channel for localhost:50051 (state=2)
execution-manager-grpc  | [gRPC Client Async] Calling task 'sum1' at localhost:50051
execution-manager-grpc  | [gRPC Client Async] Inputs: {"total_ops": 100, "io_percentage": 100}
execution-manager-grpc  | [gRPC Client Async] Response #1 - Status: COMPLETED
execution-manager-grpc  | 🎉 [T=10001 ms] Task 1 'sum1' COMPLETED
execution-manager-grpc  | [EXECUTION MANAGER] ⏱️ T2=803910099.876 ms | Thread started (server measured)
execution-manager-grpc  | [EXECUTION MANAGER] ⏱️ T3=803910100.189 ms | Task completed (server measured)
execution-manager-grpc  | [EXECUTION MANAGER] ⏱️ T4=803910100.518 ms | Result received by client
execution-manager-grpc  |    [TASK EXECUTION] 0.313 ms (T3-T2, measured in thread)
execution-manager-grpc  |    [RESULT] {"result": 0}
execution-manager-grpc  | 
execution-manager-grpc  | ╔═══════════════════════════════════════════════════════════════╗
execution-manager-grpc  | ║           END-TO-END TIMING MEASUREMENT RECAP                 ║
execution-manager-grpc  | ║                   Task 1: sum1                                 
execution-manager-grpc  | ╠═══════════════════════════════════════════════════════════════╣
execution-manager-grpc  | ║ T1 (start_request)    = 803910099.358 ms                        ║
execution-manager-grpc  | ║ T2 (end_request)      = 803910099.876 ms                        ║
execution-manager-grpc  | ║ T3 (start_result)     = 803910100.189 ms                        ║
execution-manager-grpc  | ║ T4 (end_result)       = 803910100.518 ms                        ║
execution-manager-grpc  | ╠═══════════════════════════════════════════════════════════════╣
execution-manager-grpc  | ║ METRICS:                                                      ║
execution-manager-grpc  | ║   Request Latency    =        0.518 ms  (T2 - T1)            ║
execution-manager-grpc  | ║   Task Execution     =        0.313 ms  (T3 - T2)            ║
execution-manager-grpc  | ║   Response Latency   =        0.329 ms  (T4 - T3)            ║
execution-manager-grpc  | ║   Total End-to-End   =        1.160 ms  (T4 - T1)            ║
execution-manager-grpc  | ║   Network Overhead   =        0.848 ms  (Req + Resp)         ║
execution-manager-grpc  | ╚═══════════════════════════════════════════════════════════════╝
execution-manager-grpc  | 
execution-manager-grpc  | [EPOLL] T=10001 ms: epoll_wait returned 1 event(s)
execution-manager-grpc  | [EPOLL] event[0]: type=2 task=NULL
execution-manager-grpc  | [SCHEDULER] ✅ T=10001 ms: Task 1 'sum1' completed with status 2
execution-manager-grpc  | [SCHEDULER] 🔕 Timeout disarmed for task 1
execution-manager-grpc  | [SCHEDULER] 0 tasks remaining
execution-manager-grpc  | 
execution-manager-grpc  | [SCHEDULER] 🏁 Iteration 19/50 complete!
execution-manager-grpc  | [SCHEDULER] Iteration execution time: 10001 ms
execution-manager-grpc  | 
execution-manager-grpc  | 
execution-manager-grpc  | [SCHEDULER] 🔁 ===== ITERATION 20 / 50 =====
execution-manager-grpc  | 
execution-manager-grpc  | [SCHEDULER] 🚀 Schedule started at T=0
execution-manager-grpc  | 
execution-manager-grpc  | [SCHEDULER] 🔄 Entering event loop (NO SLEEP - event-driven!)
execution-manager-grpc  | 
execution-manager-grpc  | [gRPC Client Async] Stream completed, received 1 responses
execution-manager-grpc  | [GRPC THREAD 1] Completed
execution-manager-grpc  | [EPOLL] T=10000 ms: epoll_wait returned 1 event(s)
execution-manager-grpc  | [EPOLL] event[0]: type=0 task=sum1
execution-manager-grpc  | [SCHEDULER] ⏰ T=10000 ms | T_wall=803920100.633 ms: Launching task 1 'sum1' (deadline: 30000 ms)
execution-manager-grpc  | [SCHEDULER] 🕐 Timeout armed for task 1 at T=30000 ms (in 20000 ms)
execution-manager-grpc  | [GRPC THREAD 1] Starting...
execution-manager-grpc  | [EXECUTION MANAGER] ⏱️ T1=803920100.715 ms | Sending gRPC request for task 1 'sum1'
execution-manager-grpc  | [gRPC Channel Pool] Reusing existing channel for localhost:50051 (state=2)
execution-manager-grpc  | [gRPC Client Async] Calling task 'sum1' at localhost:50051
execution-manager-grpc  | [gRPC Client Async] Inputs: {"total_ops": 100, "io_percentage": 100}
execution-manager-grpc  | [gRPC Client Async] Response #1 - Status: COMPLETED
execution-manager-grpc  | 🎉 [T=10001 ms] Task 1 'sum1' COMPLETED
execution-manager-grpc  | [EXECUTION MANAGER] ⏱️ T2=803920101.304 ms | Thread started (server measured)
execution-manager-grpc  | [EXECUTION MANAGER] ⏱️ T3=803920101.589 ms | Task completed (server measured)
execution-manager-grpc  | [EXECUTION MANAGER] ⏱️ T4=803920101.918 ms | Result received by client
execution-manager-grpc  |    [TASK EXECUTION] 0.285 ms (T3-T2, measured in thread)
execution-manager-grpc  |    [RESULT] {"result": 0}
execution-manager-grpc  | 
execution-manager-grpc  | ╔═══════════════════════════════════════════════════════════════╗
execution-manager-grpc  | ║           END-TO-END TIMING MEASUREMENT RECAP                 ║
execution-manager-grpc  | ║                   Task 1: sum1                                 
execution-manager-grpc  | ╠═══════════════════════════════════════════════════════════════╣
execution-manager-grpc  | ║ T1 (start_request)    = 803920100.715 ms                        ║
execution-manager-grpc  | ║ T2 (end_request)      = 803920101.304 ms                        ║
execution-manager-grpc  | ║ T3 (start_result)     = 803920101.589 ms                        ║
execution-manager-grpc  | ║ T4 (end_result)       = 803920101.918 ms                        ║
execution-manager-grpc  | ╠═══════════════════════════════════════════════════════════════╣
execution-manager-grpc  | ║ METRICS:                                                      ║
execution-manager-grpc  | ║   Request Latency    =        0.589 ms  (T2 - T1)            ║
execution-manager-grpc  | ║   Task Execution     =        0.285 ms  (T3 - T2)            ║
execution-manager-grpc  | ║   Response Latency   =        0.329 ms  (T4 - T3)            ║
execution-manager-grpc  | ║   Total End-to-End   =        1.202 ms  (T4 - T1)            ║
execution-manager-grpc  | ║   Network Overhead   =        0.918 ms  (Req + Resp)         ║
execution-manager-grpc  | ╚═══════════════════════════════════════════════════════════════╝
execution-manager-grpc  | 
execution-manager-grpc  | [EPOLL] T=10001 ms: epoll_wait returned 1 event(s)
execution-manager-grpc  | [EPOLL] event[0]: type=2 task=NULL
execution-manager-grpc  | [SCHEDULER] ✅ T=10001 ms: Task 1 'sum1' completed with status 2
execution-manager-grpc  | [SCHEDULER] 🔕 Timeout disarmed for task 1
execution-manager-grpc  | [SCHEDULER] 0 tasks remaining
execution-manager-grpc  | 
execution-manager-grpc  | [SCHEDULER] 🏁 Iteration 20/50 complete!
execution-manager-grpc  | [SCHEDULER] Iteration execution time: 10001 ms
execution-manager-grpc  | 
execution-manager-grpc  | 
execution-manager-grpc  | [SCHEDULER] 🔁 ===== ITERATION 21 / 50 =====
execution-manager-grpc  | 
execution-manager-grpc  | [SCHEDULER] 🚀 Schedule started at T=0
execution-manager-grpc  | 
execution-manager-grpc  | [SCHEDULER] 🔄 Entering event loop (NO SLEEP - event-driven!)
execution-manager-grpc  | 
execution-manager-grpc  | [gRPC Client Async] Stream completed, received 1 responses
execution-manager-grpc  | [GRPC THREAD 1] Completed
execution-manager-grpc  | [EPOLL] T=10001 ms: epoll_wait returned 1 event(s)
execution-manager-grpc  | [EPOLL] event[0]: type=0 task=sum1
execution-manager-grpc  | [SCHEDULER] ⏰ T=10001 ms | T_wall=803930102.027 ms: Launching task 1 'sum1' (deadline: 30000 ms)
execution-manager-grpc  | [SCHEDULER] 🕐 Timeout armed for task 1 at T=30000 ms (in 19999 ms)
execution-manager-grpc  | [GRPC THREAD 1] Starting...
execution-manager-grpc  | [EXECUTION MANAGER] ⏱️ T1=803930102.115 ms | Sending gRPC request for task 1 'sum1'
execution-manager-grpc  | [gRPC Channel Pool] Reusing existing channel for localhost:50051 (state=2)
execution-manager-grpc  | [gRPC Client Async] Calling task 'sum1' at localhost:50051
execution-manager-grpc  | [gRPC Client Async] Inputs: {"total_ops": 100, "io_percentage": 100}
execution-manager-grpc  | [gRPC Client Async] Response #1 - Status: COMPLETED
execution-manager-grpc  | 🎉 [T=10002 ms] Task 1 'sum1' COMPLETED
execution-manager-grpc  | [EXECUTION MANAGER] ⏱️ T2=803930102.739 ms | Thread started (server measured)
execution-manager-grpc  | [EXECUTION MANAGER] ⏱️ T3=803930103.052 ms | Task completed (server measured)
execution-manager-grpc  | [EXECUTION MANAGER] ⏱️ T4=803930103.363 ms | Result received by client
execution-manager-grpc  |    [TASK EXECUTION] 0.314 ms (T3-T2, measured in thread)
execution-manager-grpc  |    [RESULT] {"result": 0}
execution-manager-grpc  | 
execution-manager-grpc  | ╔═══════════════════════════════════════════════════════════════╗
execution-manager-grpc  | ║           END-TO-END TIMING MEASUREMENT RECAP                 ║
execution-manager-grpc  | ║                   Task 1: sum1                                 
execution-manager-grpc  | ╠═══════════════════════════════════════════════════════════════╣
execution-manager-grpc  | ║ T1 (start_request)    = 803930102.115 ms                        ║
execution-manager-grpc  | ║ T2 (end_request)      = 803930102.739 ms                        ║
execution-manager-grpc  | ║ T3 (start_result)     = 803930103.052 ms                        ║
execution-manager-grpc  | ║ T4 (end_result)       = 803930103.363 ms                        ║
execution-manager-grpc  | ╠═══════════════════════════════════════════════════════════════╣
execution-manager-grpc  | ║ METRICS:                                                      ║
execution-manager-grpc  | ║   Request Latency    =        0.624 ms  (T2 - T1)            ║
execution-manager-grpc  | ║   Task Execution     =        0.314 ms  (T3 - T2)            ║
execution-manager-grpc  | ║   Response Latency   =        0.310 ms  (T4 - T3)            ║
execution-manager-grpc  | ║   Total End-to-End   =        1.248 ms  (T4 - T1)            ║
execution-manager-grpc  | ║   Network Overhead   =        0.934 ms  (Req + Resp)         ║
execution-manager-grpc  | ╚═══════════════════════════════════════════════════════════════╝
execution-manager-grpc  | 
execution-manager-grpc  | [EPOLL] T=10002 ms: epoll_wait returned 1 event(s)
execution-manager-grpc  | [EPOLL] event[0]: type=2 task=NULL
execution-manager-grpc  | [SCHEDULER] ✅ T=10002 ms: Task 1 'sum1' completed with status 2
execution-manager-grpc  | [SCHEDULER] 🔕 Timeout disarmed for task 1
execution-manager-grpc  | [SCHEDULER] 0 tasks remaining
execution-manager-grpc  | 
execution-manager-grpc  | [SCHEDULER] 🏁 Iteration 21/50 complete!
execution-manager-grpc  | [SCHEDULER] Iteration execution time: 10002 ms
execution-manager-grpc  | 
execution-manager-grpc  | 
execution-manager-grpc  | [SCHEDULER] 🔁 ===== ITERATION 22 / 50 =====
execution-manager-grpc  | 
execution-manager-grpc  | [SCHEDULER] 🚀 Schedule started at T=0
execution-manager-grpc  | 
execution-manager-grpc  | [SCHEDULER] 🔄 Entering event loop (NO SLEEP - event-driven!)
execution-manager-grpc  | 
execution-manager-grpc  | [gRPC Client Async] Stream completed, received 1 responses
execution-manager-grpc  | [GRPC THREAD 1] Completed
execution-manager-grpc  | [EPOLL] T=10000 ms: epoll_wait returned 1 event(s)
execution-manager-grpc  | [EPOLL] event[0]: type=0 task=sum1
execution-manager-grpc  | [SCHEDULER] ⏰ T=10000 ms | T_wall=803940103.483 ms: Launching task 1 'sum1' (deadline: 30000 ms)
execution-manager-grpc  | [SCHEDULER] 🕐 Timeout armed for task 1 at T=30000 ms (in 20000 ms)
execution-manager-grpc  | [GRPC THREAD 1] Starting...
execution-manager-grpc  | [EXECUTION MANAGER] ⏱️ T1=803940103.581 ms | Sending gRPC request for task 1 'sum1'
execution-manager-grpc  | [gRPC Channel Pool] Reusing existing channel for localhost:50051 (state=2)
execution-manager-grpc  | [gRPC Client Async] Calling task 'sum1' at localhost:50051
execution-manager-grpc  | [gRPC Client Async] Inputs: {"total_ops": 100, "io_percentage": 100}
execution-manager-grpc  | [gRPC Client Async] Response #1 - Status: COMPLETED
execution-manager-grpc  | 🎉 [T=10001 ms] Task 1 'sum1' COMPLETED
execution-manager-grpc  | [EXECUTION MANAGER] ⏱️ T2=803940104.187 ms | Thread started (server measured)
execution-manager-grpc  | [EXECUTION MANAGER] ⏱️ T3=803940104.502 ms | Task completed (server measured)
execution-manager-grpc  | [EXECUTION MANAGER] ⏱️ T4=803940104.853 ms | Result received by client
execution-manager-grpc  |    [TASK EXECUTION] 0.315 ms (T3-T2, measured in thread)
execution-manager-grpc  |    [RESULT] {"result": 0}
execution-manager-grpc  | 
execution-manager-grpc  | ╔═══════════════════════════════════════════════════════════════╗
execution-manager-grpc  | ║           END-TO-END TIMING MEASUREMENT RECAP                 ║
execution-manager-grpc  | ║                   Task 1: sum1                                 
execution-manager-grpc  | ╠═══════════════════════════════════════════════════════════════╣
execution-manager-grpc  | ║ T1 (start_request)    = 803940103.581 ms                        ║
execution-manager-grpc  | ║ T2 (end_request)      = 803940104.187 ms                        ║
execution-manager-grpc  | ║ T3 (start_result)     = 803940104.502 ms                        ║
execution-manager-grpc  | ║ T4 (end_result)       = 803940104.853 ms                        ║
execution-manager-grpc  | ╠═══════════════════════════════════════════════════════════════╣
execution-manager-grpc  | ║ METRICS:                                                      ║
execution-manager-grpc  | ║   Request Latency    =        0.606 ms  (T2 - T1)            ║
execution-manager-grpc  | ║   Task Execution     =        0.315 ms  (T3 - T2)            ║
execution-manager-grpc  | ║   Response Latency   =        0.351 ms  (T4 - T3)            ║
execution-manager-grpc  | ║   Total End-to-End   =        1.273 ms  (T4 - T1)            ║
execution-manager-grpc  | ║   Network Overhead   =        0.957 ms  (Req + Resp)         ║
execution-manager-grpc  | ╚═══════════════════════════════════════════════════════════════╝
execution-manager-grpc  | 
execution-manager-grpc  | [EPOLL] T=10001 ms: epoll_wait returned 1 event(s)
execution-manager-grpc  | [EPOLL] event[0]: type=2 task=NULL
execution-manager-grpc  | [SCHEDULER] ✅ T=10001 ms: Task 1 'sum1' completed with status 2
execution-manager-grpc  | [SCHEDULER] 🔕 Timeout disarmed for task 1
execution-manager-grpc  | [SCHEDULER] 0 tasks remaining
execution-manager-grpc  | 
execution-manager-grpc  | [SCHEDULER] 🏁 Iteration 22/50 complete!
execution-manager-grpc  | [SCHEDULER] Iteration execution time: 10001 ms
execution-manager-grpc  | 
execution-manager-grpc  | 
execution-manager-grpc  | [SCHEDULER] 🔁 ===== ITERATION 23 / 50 =====
execution-manager-grpc  | 
execution-manager-grpc  | [SCHEDULER] 🚀 Schedule started at T=0
execution-manager-grpc  | 
execution-manager-grpc  | [SCHEDULER] 🔄 Entering event loop (NO SLEEP - event-driven!)
execution-manager-grpc  | 
execution-manager-grpc  | [gRPC Client Async] Stream completed, received 1 responses
execution-manager-grpc  | [GRPC THREAD 1] Completed
execution-manager-grpc  | [EPOLL] T=10000 ms: epoll_wait returned 1 event(s)
execution-manager-grpc  | [EPOLL] event[0]: type=0 task=sum1
execution-manager-grpc  | [SCHEDULER] ⏰ T=10000 ms | T_wall=803950104.966 ms: Launching task 1 'sum1' (deadline: 30000 ms)
execution-manager-grpc  | [SCHEDULER] 🕐 Timeout armed for task 1 at T=30000 ms (in 19999 ms)
execution-manager-grpc  | [GRPC THREAD 1] Starting...
execution-manager-grpc  | [EXECUTION MANAGER] ⏱️ T1=803950105.060 ms | Sending gRPC request for task 1 'sum1'
execution-manager-grpc  | [gRPC Channel Pool] Reusing existing channel for localhost:50051 (state=2)
execution-manager-grpc  | [gRPC Client Async] Calling task 'sum1' at localhost:50051
execution-manager-grpc  | [gRPC Client Async] Inputs: {"total_ops": 100, "io_percentage": 100}
execution-manager-grpc  | [gRPC Client Async] Response #1 - Status: COMPLETED
execution-manager-grpc  | 🎉 [T=10002 ms] Task 1 'sum1' COMPLETED
execution-manager-grpc  | [EXECUTION MANAGER] ⏱️ T2=803950105.730 ms | Thread started (server measured)
execution-manager-grpc  | [EXECUTION MANAGER] ⏱️ T3=803950106.043 ms | Task completed (server measured)
execution-manager-grpc  | [EXECUTION MANAGER] ⏱️ T4=803950106.388 ms | Result received by client
execution-manager-grpc  |    [TASK EXECUTION] 0.314 ms (T3-T2, measured in thread)
execution-manager-grpc  |    [RESULT] {"result": 0}
execution-manager-grpc  | 
execution-manager-grpc  | ╔═══════════════════════════════════════════════════════════════╗
execution-manager-grpc  | ║           END-TO-END TIMING MEASUREMENT RECAP                 ║
execution-manager-grpc  | ║                   Task 1: sum1                                 
execution-manager-grpc  | ╠═══════════════════════════════════════════════════════════════╣
execution-manager-grpc  | ║ T1 (start_request)    = 803950105.060 ms                        ║
execution-manager-grpc  | ║ T2 (end_request)      = 803950105.730 ms                        ║
execution-manager-grpc  | ║ T3 (start_result)     = 803950106.043 ms                        ║
execution-manager-grpc  | ║ T4 (end_result)       = 803950106.388 ms                        ║
execution-manager-grpc  | ╠═══════════════════════════════════════════════════════════════╣
execution-manager-grpc  | ║ METRICS:                                                      ║
execution-manager-grpc  | ║   Request Latency    =        0.669 ms  (T2 - T1)            ║
execution-manager-grpc  | ║   Task Execution     =        0.314 ms  (T3 - T2)            ║
execution-manager-grpc  | ║   Response Latency   =        0.345 ms  (T4 - T3)            ║
execution-manager-grpc  | ║   Total End-to-End   =        1.328 ms  (T4 - T1)            ║
execution-manager-grpc  | ║   Network Overhead   =        1.014 ms  (Req + Resp)         ║
execution-manager-grpc  | ╚═══════════════════════════════════════════════════════════════╝
execution-manager-grpc  | 
execution-manager-grpc  | [EPOLL] T=10002 ms: epoll_wait returned 1 event(s)
execution-manager-grpc  | [EPOLL] event[0]: type=2 task=NULL
execution-manager-grpc  | [SCHEDULER] ✅ T=10002 ms: Task 1 'sum1' completed with status 2
execution-manager-grpc  | [SCHEDULER] 🔕 Timeout disarmed for task 1
execution-manager-grpc  | [SCHEDULER] 0 tasks remaining
execution-manager-grpc  | 
execution-manager-grpc  | [SCHEDULER] 🏁 Iteration 23/50 complete!
execution-manager-grpc  | [SCHEDULER] Iteration execution time: 10002 ms
execution-manager-grpc  | 
execution-manager-grpc  | 
execution-manager-grpc  | [SCHEDULER] 🔁 ===== ITERATION 24 / 50 =====
execution-manager-grpc  | 
execution-manager-grpc  | [SCHEDULER] 🚀 Schedule started at T=0
execution-manager-grpc  | 
execution-manager-grpc  | [SCHEDULER] 🔄 Entering event loop (NO SLEEP - event-driven!)
execution-manager-grpc  | 
execution-manager-grpc  | [gRPC Client Async] Stream completed, received 1 responses
execution-manager-grpc  | [GRPC THREAD 1] Completed
execution-manager-grpc  | [EPOLL] T=10000 ms: epoll_wait returned 1 event(s)
execution-manager-grpc  | [EPOLL] event[0]: type=0 task=sum1
execution-manager-grpc  | [SCHEDULER] ⏰ T=10000 ms | T_wall=803960106.502 ms: Launching task 1 'sum1' (deadline: 30000 ms)
execution-manager-grpc  | [SCHEDULER] 🕐 Timeout armed for task 1 at T=30000 ms (in 20000 ms)
execution-manager-grpc  | [GRPC THREAD 1] Starting...
execution-manager-grpc  | [EXECUTION MANAGER] ⏱️ T1=803960106.597 ms | Sending gRPC request for task 1 'sum1'
execution-manager-grpc  | [gRPC Channel Pool] Reusing existing channel for localhost:50051 (state=2)
execution-manager-grpc  | [gRPC Client Async] Calling task 'sum1' at localhost:50051
execution-manager-grpc  | [gRPC Client Async] Inputs: {"total_ops": 100, "io_percentage": 100}
execution-manager-grpc  | [gRPC Client Async] Response #1 - Status: COMPLETED
execution-manager-grpc  | 🎉 [T=10001 ms] Task 1 'sum1' COMPLETED
execution-manager-grpc  | [EXECUTION MANAGER] ⏱️ T2=803960107.184 ms | Thread started (server measured)
execution-manager-grpc  | [EXECUTION MANAGER] ⏱️ T3=803960107.522 ms | Task completed (server measured)
execution-manager-grpc  | [EXECUTION MANAGER] ⏱️ T4=803960107.852 ms | Result received by client
execution-manager-grpc  |    [TASK EXECUTION] 0.338 ms (T3-T2, measured in thread)
execution-manager-grpc  |    [RESULT] {"result": 0}
execution-manager-grpc  | 
execution-manager-grpc  | ╔═══════════════════════════════════════════════════════════════╗
execution-manager-grpc  | ║           END-TO-END TIMING MEASUREMENT RECAP                 ║
execution-manager-grpc  | ║                   Task 1: sum1                                 
execution-manager-grpc  | ╠═══════════════════════════════════════════════════════════════╣
execution-manager-grpc  | ║ T1 (start_request)    = 803960106.597 ms                        ║
execution-manager-grpc  | ║ T2 (end_request)      = 803960107.184 ms                        ║
execution-manager-grpc  | ║ T3 (start_result)     = 803960107.522 ms                        ║
execution-manager-grpc  | ║ T4 (end_result)       = 803960107.852 ms                        ║
execution-manager-grpc  | ╠═══════════════════════════════════════════════════════════════╣
execution-manager-grpc  | ║ METRICS:                                                      ║
execution-manager-grpc  | ║   Request Latency    =        0.587 ms  (T2 - T1)            ║
execution-manager-grpc  | ║   Task Execution     =        0.338 ms  (T3 - T2)            ║
execution-manager-grpc  | ║   Response Latency   =        0.330 ms  (T4 - T3)            ║
execution-manager-grpc  | ║   Total End-to-End   =        1.255 ms  (T4 - T1)            ║
execution-manager-grpc  | ║   Network Overhead   =        0.917 ms  (Req + Resp)         ║
execution-manager-grpc  | ╚═══════════════════════════════════════════════════════════════╝
execution-manager-grpc  | 
execution-manager-grpc  | [EPOLL] T=10001 ms: epoll_wait returned 1 event(s)
execution-manager-grpc  | [EPOLL] event[0]: type=2 task=NULL
execution-manager-grpc  | [SCHEDULER] ✅ T=10001 ms: Task 1 'sum1' completed with status 2
execution-manager-grpc  | [SCHEDULER] 🔕 Timeout disarmed for task 1
execution-manager-grpc  | [SCHEDULER] 0 tasks remaining
execution-manager-grpc  | 
execution-manager-grpc  | [SCHEDULER] 🏁 Iteration 24/50 complete!
execution-manager-grpc  | [SCHEDULER] Iteration execution time: 10001 ms
execution-manager-grpc  | 
execution-manager-grpc  | 
execution-manager-grpc  | [SCHEDULER] 🔁 ===== ITERATION 25 / 50 =====
execution-manager-grpc  | 
execution-manager-grpc  | [SCHEDULER] 🚀 Schedule started at T=0
execution-manager-grpc  | 
execution-manager-grpc  | [SCHEDULER] 🔄 Entering event loop (NO SLEEP - event-driven!)
execution-manager-grpc  | 
execution-manager-grpc  | [gRPC Client Async] Stream completed, received 1 responses
execution-manager-grpc  | [GRPC THREAD 1] Completed
execution-manager-grpc  | [EPOLL] T=10000 ms: epoll_wait returned 1 event(s)
execution-manager-grpc  | [EPOLL] event[0]: type=0 task=sum1
execution-manager-grpc  | [SCHEDULER] ⏰ T=10000 ms | T_wall=803970107.950 ms: Launching task 1 'sum1' (deadline: 30000 ms)
execution-manager-grpc  | [SCHEDULER] 🕐 Timeout armed for task 1 at T=30000 ms (in 19999 ms)
execution-manager-grpc  | [GRPC THREAD 1] Starting...
execution-manager-grpc  | [EXECUTION MANAGER] ⏱️ T1=803970108.037 ms | Sending gRPC request for task 1 'sum1'
execution-manager-grpc  | [gRPC Channel Pool] Reusing existing channel for localhost:50051 (state=2)
execution-manager-grpc  | [gRPC Client Async] Calling task 'sum1' at localhost:50051
execution-manager-grpc  | [gRPC Client Async] Inputs: {"total_ops": 100, "io_percentage": 100}
execution-manager-grpc  | [gRPC Client Async] Response #1 - Status: COMPLETED
execution-manager-grpc  | 🎉 [T=10002 ms] Task 1 'sum1' COMPLETED
execution-manager-grpc  | [EXECUTION MANAGER] ⏱️ T2=803970108.679 ms | Thread started (server measured)
execution-manager-grpc  | [EXECUTION MANAGER] ⏱️ T3=803970109.006 ms | Task completed (server measured)
execution-manager-grpc  | [EXECUTION MANAGER] ⏱️ T4=803970109.331 ms | Result received by client
execution-manager-grpc  |    [TASK EXECUTION] 0.327 ms (T3-T2, measured in thread)
execution-manager-grpc  |    [RESULT] {"result": 0}
execution-manager-grpc  | 
execution-manager-grpc  | ╔═══════════════════════════════════════════════════════════════╗
execution-manager-grpc  | ║           END-TO-END TIMING MEASUREMENT RECAP                 ║
execution-manager-grpc  | ║                   Task 1: sum1                                 
execution-manager-grpc  | ╠═══════════════════════════════════════════════════════════════╣
execution-manager-grpc  | ║ T1 (start_request)    = 803970108.037 ms                        ║
execution-manager-grpc  | ║ T2 (end_request)      = 803970108.679 ms                        ║
execution-manager-grpc  | ║ T3 (start_result)     = 803970109.006 ms                        ║
execution-manager-grpc  | ║ T4 (end_result)       = 803970109.331 ms                        ║
execution-manager-grpc  | ╠═══════════════════════════════════════════════════════════════╣
execution-manager-grpc  | ║ METRICS:                                                      ║
execution-manager-grpc  | ║   Request Latency    =        0.642 ms  (T2 - T1)            ║
execution-manager-grpc  | ║   Task Execution     =        0.327 ms  (T3 - T2)            ║
execution-manager-grpc  | ║   Response Latency   =        0.324 ms  (T4 - T3)            ║
execution-manager-grpc  | ║   Total End-to-End   =        1.294 ms  (T4 - T1)            ║
execution-manager-grpc  | ║   Network Overhead   =        0.967 ms  (Req + Resp)         ║
execution-manager-grpc  | ╚═══════════════════════════════════════════════════════════════╝
execution-manager-grpc  | 
execution-manager-grpc  | [EPOLL] T=10002 ms: epoll_wait returned 1 event(s)
execution-manager-grpc  | [EPOLL] event[0]: type=2 task=NULL
execution-manager-grpc  | [SCHEDULER] ✅ T=10002 ms: Task 1 'sum1' completed with status 2
execution-manager-grpc  | [SCHEDULER] 🔕 Timeout disarmed for task 1
execution-manager-grpc  | [SCHEDULER] 0 tasks remaining
execution-manager-grpc  | 
execution-manager-grpc  | [SCHEDULER] 🏁 Iteration 25/50 complete!
execution-manager-grpc  | [SCHEDULER] Iteration execution time: 10002 ms
execution-manager-grpc  | 
execution-manager-grpc  | 
execution-manager-grpc  | [SCHEDULER] 🔁 ===== ITERATION 26 / 50 =====
execution-manager-grpc  | 
execution-manager-grpc  | [SCHEDULER] 🚀 Schedule started at T=0
execution-manager-grpc  | 
execution-manager-grpc  | [SCHEDULER] 🔄 Entering event loop (NO SLEEP - event-driven!)
execution-manager-grpc  | 
execution-manager-grpc  | [gRPC Client Async] Stream completed, received 1 responses
execution-manager-grpc  | [GRPC THREAD 1] Completed
execution-manager-grpc  | [EPOLL] T=10000 ms: epoll_wait returned 1 event(s)
execution-manager-grpc  | [EPOLL] event[0]: type=0 task=sum1
execution-manager-grpc  | [SCHEDULER] ⏰ T=10000 ms | T_wall=803980109.432 ms: Launching task 1 'sum1' (deadline: 30000 ms)
execution-manager-grpc  | [SCHEDULER] 🕐 Timeout armed for task 1 at T=30000 ms (in 20000 ms)
execution-manager-grpc  | [GRPC THREAD 1] Starting...
execution-manager-grpc  | [EXECUTION MANAGER] ⏱️ T1=803980109.511 ms | Sending gRPC request for task 1 'sum1'
execution-manager-grpc  | [gRPC Channel Pool] Reusing existing channel for localhost:50051 (state=2)
execution-manager-grpc  | [gRPC Client Async] Calling task 'sum1' at localhost:50051
execution-manager-grpc  | [gRPC Client Async] Inputs: {"total_ops": 100, "io_percentage": 100}
execution-manager-grpc  | [gRPC Client Async] Response #1 - Status: COMPLETED
execution-manager-grpc  | 🎉 [T=10001 ms] Task 1 'sum1' COMPLETED
execution-manager-grpc  | [EXECUTION MANAGER] ⏱️ T2=803980110.053 ms | Thread started (server measured)
execution-manager-grpc  | [EXECUTION MANAGER] ⏱️ T3=803980110.348 ms | Task completed (server measured)
execution-manager-grpc  | [EXECUTION MANAGER] ⏱️ T4=803980110.684 ms | Result received by client
execution-manager-grpc  |    [TASK EXECUTION] 0.295 ms (T3-T2, measured in thread)
execution-manager-grpc  |    [RESULT] {"result": 0}
execution-manager-grpc  | 
execution-manager-grpc  | ╔═══════════════════════════════════════════════════════════════╗
execution-manager-grpc  | ║           END-TO-END TIMING MEASUREMENT RECAP                 ║
execution-manager-grpc  | ║                   Task 1: sum1                                 
execution-manager-grpc  | ╠═══════════════════════════════════════════════════════════════╣
execution-manager-grpc  | ║ T1 (start_request)    = 803980109.511 ms                        ║
execution-manager-grpc  | ║ T2 (end_request)      = 803980110.053 ms                        ║
execution-manager-grpc  | ║ T3 (start_result)     = 803980110.348 ms                        ║
execution-manager-grpc  | ║ T4 (end_result)       = 803980110.684 ms                        ║
execution-manager-grpc  | ╠═══════════════════════════════════════════════════════════════╣
execution-manager-grpc  | ║ METRICS:                                                      ║
execution-manager-grpc  | ║   Request Latency    =        0.542 ms  (T2 - T1)            ║
execution-manager-grpc  | ║   Task Execution     =        0.295 ms  (T3 - T2)            ║
execution-manager-grpc  | ║   Response Latency   =        0.335 ms  (T4 - T3)            ║
execution-manager-grpc  | ║   Total End-to-End   =        1.172 ms  (T4 - T1)            ║
execution-manager-grpc  | ║   Network Overhead   =        0.877 ms  (Req + Resp)         ║
execution-manager-grpc  | ╚═══════════════════════════════════════════════════════════════╝
execution-manager-grpc  | 
execution-manager-grpc  | [EPOLL] T=10001 ms: epoll_wait returned 1 event(s)
execution-manager-grpc  | [EPOLL] event[0]: type=2 task=NULL
execution-manager-grpc  | [SCHEDULER] ✅ T=10001 ms: Task 1 'sum1' completed with status 2
execution-manager-grpc  | [SCHEDULER] 🔕 Timeout disarmed for task 1
execution-manager-grpc  | [SCHEDULER] 0 tasks remaining
execution-manager-grpc  | 
execution-manager-grpc  | [SCHEDULER] 🏁 Iteration 26/50 complete!
execution-manager-grpc  | [SCHEDULER] Iteration execution time: 10001 ms
execution-manager-grpc  | 
execution-manager-grpc  | 
execution-manager-grpc  | [SCHEDULER] 🔁 ===== ITERATION 27 / 50 =====
execution-manager-grpc  | 
execution-manager-grpc  | [SCHEDULER] 🚀 Schedule started at T=0
execution-manager-grpc  | 
execution-manager-grpc  | [SCHEDULER] 🔄 Entering event loop (NO SLEEP - event-driven!)
execution-manager-grpc  | 
execution-manager-grpc  | [gRPC Client Async] Stream completed, received 1 responses
execution-manager-grpc  | [GRPC THREAD 1] Completed
execution-manager-grpc  | [EPOLL] T=10000 ms: epoll_wait returned 1 event(s)
execution-manager-grpc  | [EPOLL] event[0]: type=0 task=sum1
execution-manager-grpc  | [SCHEDULER] ⏰ T=10000 ms | T_wall=803990110.799 ms: Launching task 1 'sum1' (deadline: 30000 ms)
execution-manager-grpc  | [SCHEDULER] 🕐 Timeout armed for task 1 at T=30000 ms (in 20000 ms)
execution-manager-grpc  | [GRPC THREAD 1] Starting...
execution-manager-grpc  | [EXECUTION MANAGER] ⏱️ T1=803990110.882 ms | Sending gRPC request for task 1 'sum1'
execution-manager-grpc  | [gRPC Channel Pool] Reusing existing channel for localhost:50051 (state=2)
execution-manager-grpc  | [gRPC Client Async] Calling task 'sum1' at localhost:50051
execution-manager-grpc  | [gRPC Client Async] Inputs: {"total_ops": 100, "io_percentage": 100}
execution-manager-grpc  | [gRPC Client Async] Response #1 - Status: COMPLETED
execution-manager-grpc  | 🎉 [T=10002 ms] Task 1 'sum1' COMPLETED
execution-manager-grpc  | [EXECUTION MANAGER] ⏱️ T2=803990111.437 ms | Thread started (server measured)
execution-manager-grpc  | [EXECUTION MANAGER] ⏱️ T3=803990111.732 ms | Task completed (server measured)
execution-manager-grpc  | [EXECUTION MANAGER] ⏱️ T4=803990112.073 ms | Result received by client
execution-manager-grpc  |    [TASK EXECUTION] 0.295 ms (T3-T2, measured in thread)
execution-manager-grpc  |    [RESULT] {"result": 0}
execution-manager-grpc  | 
execution-manager-grpc  | ╔═══════════════════════════════════════════════════════════════╗
execution-manager-grpc  | ║           END-TO-END TIMING MEASUREMENT RECAP                 ║
execution-manager-grpc  | ║                   Task 1: sum1                                 
execution-manager-grpc  | ╠═══════════════════════════════════════════════════════════════╣
execution-manager-grpc  | ║ T1 (start_request)    = 803990110.882 ms                        ║
execution-manager-grpc  | ║ T2 (end_request)      = 803990111.437 ms                        ║
execution-manager-grpc  | ║ T3 (start_result)     = 803990111.732 ms                        ║
execution-manager-grpc  | ║ T4 (end_result)       = 803990112.073 ms                        ║
execution-manager-grpc  | ╠═══════════════════════════════════════════════════════════════╣
execution-manager-grpc  | ║ METRICS:                                                      ║
execution-manager-grpc  | ║   Request Latency    =        0.555 ms  (T2 - T1)            ║
execution-manager-grpc  | ║   Task Execution     =        0.295 ms  (T3 - T2)            ║
execution-manager-grpc  | ║   Response Latency   =        0.340 ms  (T4 - T3)            ║
execution-manager-grpc  | ║   Total End-to-End   =        1.191 ms  (T4 - T1)            ║
execution-manager-grpc  | ║   Network Overhead   =        0.895 ms  (Req + Resp)         ║
execution-manager-grpc  | ╚═══════════════════════════════════════════════════════════════╝
execution-manager-grpc  | 
execution-manager-grpc  | [EPOLL] T=10002 ms: epoll_wait returned 1 event(s)
execution-manager-grpc  | [EPOLL] event[0]: type=2 task=NULL
execution-manager-grpc  | [SCHEDULER] ✅ T=10002 ms: Task 1 'sum1' completed with status 2
execution-manager-grpc  | [SCHEDULER] 🔕 Timeout disarmed for task 1
execution-manager-grpc  | [SCHEDULER] 0 tasks remaining
execution-manager-grpc  | 
execution-manager-grpc  | [SCHEDULER] 🏁 Iteration 27/50 complete!
execution-manager-grpc  | [SCHEDULER] Iteration execution time: 10002 ms
execution-manager-grpc  | 
execution-manager-grpc  | 
execution-manager-grpc  | [SCHEDULER] 🔁 ===== ITERATION 28 / 50 =====
execution-manager-grpc  | 
execution-manager-grpc  | [SCHEDULER] 🚀 Schedule started at T=0
execution-manager-grpc  | 
execution-manager-grpc  | [SCHEDULER] 🔄 Entering event loop (NO SLEEP - event-driven!)
execution-manager-grpc  | 
execution-manager-grpc  | [gRPC Client Async] Stream completed, received 1 responses
execution-manager-grpc  | [GRPC THREAD 1] Completed
execution-manager-grpc  | [EPOLL] T=10000 ms: epoll_wait returned 1 event(s)
execution-manager-grpc  | [EPOLL] event[0]: type=0 task=sum1
execution-manager-grpc  | [SCHEDULER] ⏰ T=10000 ms | T_wall=804000112.183 ms: Launching task 1 'sum1' (deadline: 30000 ms)
execution-manager-grpc  | [SCHEDULER] 🕐 Timeout armed for task 1 at T=30000 ms (in 20000 ms)
execution-manager-grpc  | [GRPC THREAD 1] Starting...
execution-manager-grpc  | [EXECUTION MANAGER] ⏱️ T1=804000112.268 ms | Sending gRPC request for task 1 'sum1'
execution-manager-grpc  | [gRPC Channel Pool] Reusing existing channel for localhost:50051 (state=2)
execution-manager-grpc  | [gRPC Client Async] Calling task 'sum1' at localhost:50051
execution-manager-grpc  | [gRPC Client Async] Inputs: {"total_ops": 100, "io_percentage": 100}
execution-manager-grpc  | [gRPC Client Async] Response #1 - Status: COMPLETED
execution-manager-grpc  | 🎉 [T=10001 ms] Task 1 'sum1' COMPLETED
execution-manager-grpc  | [EXECUTION MANAGER] ⏱️ T2=804000112.806 ms | Thread started (server measured)
execution-manager-grpc  | [EXECUTION MANAGER] ⏱️ T3=804000113.115 ms | Task completed (server measured)
execution-manager-grpc  | [EXECUTION MANAGER] ⏱️ T4=804000113.447 ms | Result received by client
execution-manager-grpc  |    [TASK EXECUTION] 0.309 ms (T3-T2, measured in thread)
execution-manager-grpc  |    [RESULT] {"result": 0}
execution-manager-grpc  | 
execution-manager-grpc  | ╔═══════════════════════════════════════════════════════════════╗
execution-manager-grpc  | ║           END-TO-END TIMING MEASUREMENT RECAP                 ║
execution-manager-grpc  | ║                   Task 1: sum1                                 
execution-manager-grpc  | ╠═══════════════════════════════════════════════════════════════╣
execution-manager-grpc  | ║ T1 (start_request)    = 804000112.268 ms                        ║
execution-manager-grpc  | ║ T2 (end_request)      = 804000112.806 ms                        ║
execution-manager-grpc  | ║ T3 (start_result)     = 804000113.115 ms                        ║
execution-manager-grpc  | ║ T4 (end_result)       = 804000113.447 ms                        ║
execution-manager-grpc  | ╠═══════════════════════════════════════════════════════════════╣
execution-manager-grpc  | ║ METRICS:                                                      ║
execution-manager-grpc  | ║   Request Latency    =        0.538 ms  (T2 - T1)            ║
execution-manager-grpc  | ║   Task Execution     =        0.309 ms  (T3 - T2)            ║
execution-manager-grpc  | ║   Response Latency   =        0.332 ms  (T4 - T3)            ║
execution-manager-grpc  | ║   Total End-to-End   =        1.179 ms  (T4 - T1)            ║
execution-manager-grpc  | ║   Network Overhead   =        0.870 ms  (Req + Resp)         ║
execution-manager-grpc  | ╚═══════════════════════════════════════════════════════════════╝
execution-manager-grpc  | 
execution-manager-grpc  | [EPOLL] T=10001 ms: epoll_wait returned 1 event(s)
execution-manager-grpc  | [EPOLL] event[0]: type=2 task=NULL
execution-manager-grpc  | [SCHEDULER] ✅ T=10001 ms: Task 1 'sum1' completed with status 2
execution-manager-grpc  | [SCHEDULER] 🔕 Timeout disarmed for task 1
execution-manager-grpc  | [SCHEDULER] 0 tasks remaining
execution-manager-grpc  | 
execution-manager-grpc  | [SCHEDULER] 🏁 Iteration 28/50 complete!
execution-manager-grpc  | [SCHEDULER] Iteration execution time: 10001 ms
execution-manager-grpc  | 
execution-manager-grpc  | 
execution-manager-grpc  | [SCHEDULER] 🔁 ===== ITERATION 29 / 50 =====
execution-manager-grpc  | 
execution-manager-grpc  | [SCHEDULER] 🚀 Schedule started at T=0
execution-manager-grpc  | 
execution-manager-grpc  | [SCHEDULER] 🔄 Entering event loop (NO SLEEP - event-driven!)
execution-manager-grpc  | 
execution-manager-grpc  | [gRPC Client Async] Stream completed, received 1 responses
execution-manager-grpc  | [GRPC THREAD 1] Completed
execution-manager-grpc  | [EPOLL] T=10000 ms: epoll_wait returned 1 event(s)
execution-manager-grpc  | [EPOLL] event[0]: type=0 task=sum1
execution-manager-grpc  | [SCHEDULER] ⏰ T=10000 ms | T_wall=804010113.546 ms: Launching task 1 'sum1' (deadline: 30000 ms)
execution-manager-grpc  | [SCHEDULER] 🕐 Timeout armed for task 1 at T=30000 ms (in 20000 ms)
execution-manager-grpc  | [GRPC THREAD 1] Starting...
execution-manager-grpc  | [EXECUTION MANAGER] ⏱️ T1=804010113.640 ms | Sending gRPC request for task 1 'sum1'
execution-manager-grpc  | [gRPC Channel Pool] Reusing existing channel for localhost:50051 (state=2)
execution-manager-grpc  | [gRPC Client Async] Calling task 'sum1' at localhost:50051
execution-manager-grpc  | [gRPC Client Async] Inputs: {"total_ops": 100, "io_percentage": 100}
execution-manager-grpc  | [gRPC Client Async] Response #1 - Status: COMPLETED
execution-manager-grpc  | 🎉 [T=10001 ms] Task 1 'sum1' COMPLETED
execution-manager-grpc  | [EXECUTION MANAGER] ⏱️ T2=804010114.196 ms | Thread started (server measured)
execution-manager-grpc  | [EXECUTION MANAGER] ⏱️ T3=804010114.500 ms | Task completed (server measured)
execution-manager-grpc  | [EXECUTION MANAGER] ⏱️ T4=804010114.828 ms | Result received by client
execution-manager-grpc  |    [TASK EXECUTION] 0.304 ms (T3-T2, measured in thread)
execution-manager-grpc  |    [RESULT] {"result": 0}
execution-manager-grpc  | 
execution-manager-grpc  | ╔═══════════════════════════════════════════════════════════════╗
execution-manager-grpc  | ║           END-TO-END TIMING MEASUREMENT RECAP                 ║
execution-manager-grpc  | ║                   Task 1: sum1                                 
execution-manager-grpc  | ╠═══════════════════════════════════════════════════════════════╣
execution-manager-grpc  | ║ T1 (start_request)    = 804010113.640 ms                        ║
execution-manager-grpc  | ║ T2 (end_request)      = 804010114.196 ms                        ║
execution-manager-grpc  | ║ T3 (start_result)     = 804010114.500 ms                        ║
execution-manager-grpc  | ║ T4 (end_result)       = 804010114.828 ms                        ║
execution-manager-grpc  | ╠═══════════════════════════════════════════════════════════════╣
execution-manager-grpc  | ║ METRICS:                                                      ║
execution-manager-grpc  | ║   Request Latency    =        0.556 ms  (T2 - T1)            ║
execution-manager-grpc  | ║   Task Execution     =        0.304 ms  (T3 - T2)            ║
execution-manager-grpc  | ║   Response Latency   =        0.328 ms  (T4 - T3)            ║
execution-manager-grpc  | ║   Total End-to-End   =        1.188 ms  (T4 - T1)            ║
execution-manager-grpc  | ║   Network Overhead   =        0.884 ms  (Req + Resp)         ║
execution-manager-grpc  | ╚═══════════════════════════════════════════════════════════════╝
execution-manager-grpc  | 
execution-manager-grpc  | [EPOLL] T=10001 ms: epoll_wait returned 1 event(s)
execution-manager-grpc  | [EPOLL] event[0]: type=2 task=NULL
execution-manager-grpc  | [SCHEDULER] ✅ T=10001 ms: Task 1 'sum1' completed with status 2
execution-manager-grpc  | [SCHEDULER] 🔕 Timeout disarmed for task 1
execution-manager-grpc  | [SCHEDULER] 0 tasks remaining
execution-manager-grpc  | 
execution-manager-grpc  | [SCHEDULER] 🏁 Iteration 29/50 complete!
execution-manager-grpc  | [SCHEDULER] Iteration execution time: 10001 ms
execution-manager-grpc  | 
execution-manager-grpc  | 
execution-manager-grpc  | [SCHEDULER] 🔁 ===== ITERATION 30 / 50 =====
execution-manager-grpc  | 
execution-manager-grpc  | [SCHEDULER] 🚀 Schedule started at T=0
execution-manager-grpc  | 
execution-manager-grpc  | [SCHEDULER] 🔄 Entering event loop (NO SLEEP - event-driven!)
execution-manager-grpc  | 
execution-manager-grpc  | [gRPC Client Async] Stream completed, received 1 responses
execution-manager-grpc  | [GRPC THREAD 1] Completed
execution-manager-grpc  | [EPOLL] T=10000 ms: epoll_wait returned 1 event(s)
execution-manager-grpc  | [EPOLL] event[0]: type=0 task=sum1
execution-manager-grpc  | [SCHEDULER] ⏰ T=10000 ms | T_wall=804020114.925 ms: Launching task 1 'sum1' (deadline: 30000 ms)
execution-manager-grpc  | [SCHEDULER] 🕐 Timeout armed for task 1 at T=30000 ms (in 20000 ms)
execution-manager-grpc  | [GRPC THREAD 1] Starting...
execution-manager-grpc  | [EXECUTION MANAGER] ⏱️ T1=804020115.008 ms | Sending gRPC request for task 1 'sum1'
execution-manager-grpc  | [gRPC Channel Pool] Reusing existing channel for localhost:50051 (state=2)
execution-manager-grpc  | [gRPC Client Async] Calling task 'sum1' at localhost:50051
execution-manager-grpc  | [gRPC Client Async] Inputs: {"total_ops": 100, "io_percentage": 100}
execution-manager-grpc  | [gRPC Client Async] Response #1 - Status: COMPLETED
execution-manager-grpc  | 🎉 [T=10002 ms] Task 1 'sum1' COMPLETED
execution-manager-grpc  | [EXECUTION MANAGER] ⏱️ T2=804020115.651 ms | Thread started (server measured)
execution-manager-grpc  | [EXECUTION MANAGER] ⏱️ T3=804020115.947 ms | Task completed (server measured)
execution-manager-grpc  | [EXECUTION MANAGER] ⏱️ T4=804020116.287 ms | Result received by client
execution-manager-grpc  |    [TASK EXECUTION] 0.296 ms (T3-T2, measured in thread)
execution-manager-grpc  |    [RESULT] {"result": 0}
execution-manager-grpc  | 
execution-manager-grpc  | ╔═══════════════════════════════════════════════════════════════╗
execution-manager-grpc  | ║           END-TO-END TIMING MEASUREMENT RECAP                 ║
execution-manager-grpc  | ║                   Task 1: sum1                                 
execution-manager-grpc  | ╠═══════════════════════════════════════════════════════════════╣
execution-manager-grpc  | ║ T1 (start_request)    = 804020115.008 ms                        ║
execution-manager-grpc  | ║ T2 (end_request)      = 804020115.651 ms                        ║
execution-manager-grpc  | ║ T3 (start_result)     = 804020115.947 ms                        ║
execution-manager-grpc  | ║ T4 (end_result)       = 804020116.287 ms                        ║
execution-manager-grpc  | ╠═══════════════════════════════════════════════════════════════╣
execution-manager-grpc  | ║ METRICS:                                                      ║
execution-manager-grpc  | ║   Request Latency    =        0.643 ms  (T2 - T1)            ║
execution-manager-grpc  | ║   Task Execution     =        0.296 ms  (T3 - T2)            ║
execution-manager-grpc  | ║   Response Latency   =        0.340 ms  (T4 - T3)            ║
execution-manager-grpc  | ║   Total End-to-End   =        1.279 ms  (T4 - T1)            ║
execution-manager-grpc  | ║   Network Overhead   =        0.983 ms  (Req + Resp)         ║
execution-manager-grpc  | ╚═══════════════════════════════════════════════════════════════╝
execution-manager-grpc  | 
execution-manager-grpc  | [EPOLL] T=10002 ms: epoll_wait returned 1 event(s)
execution-manager-grpc  | [EPOLL] event[0]: type=2 task=NULL
execution-manager-grpc  | [SCHEDULER] ✅ T=10002 ms: Task 1 'sum1' completed with status 2
execution-manager-grpc  | [SCHEDULER] 🔕 Timeout disarmed for task 1
execution-manager-grpc  | [SCHEDULER] 0 tasks remaining
execution-manager-grpc  | 
execution-manager-grpc  | [SCHEDULER] 🏁 Iteration 30/50 complete!
execution-manager-grpc  | [SCHEDULER] Iteration execution time: 10002 ms
execution-manager-grpc  | 
execution-manager-grpc  | 
execution-manager-grpc  | [SCHEDULER] 🔁 ===== ITERATION 31 / 50 =====
execution-manager-grpc  | 
execution-manager-grpc  | [SCHEDULER] 🚀 Schedule started at T=0
execution-manager-grpc  | 
execution-manager-grpc  | [SCHEDULER] 🔄 Entering event loop (NO SLEEP - event-driven!)
execution-manager-grpc  | 
execution-manager-grpc  | [gRPC Client Async] Stream completed, received 1 responses
execution-manager-grpc  | [GRPC THREAD 1] Completed
execution-manager-grpc  | [EPOLL] T=10000 ms: epoll_wait returned 1 event(s)
execution-manager-grpc  | [EPOLL] event[0]: type=0 task=sum1
execution-manager-grpc  | [SCHEDULER] ⏰ T=10000 ms | T_wall=804030116.398 ms: Launching task 1 'sum1' (deadline: 30000 ms)
execution-manager-grpc  | [SCHEDULER] 🕐 Timeout armed for task 1 at T=30000 ms (in 20000 ms)
execution-manager-grpc  | [GRPC THREAD 1] Starting...
execution-manager-grpc  | [EXECUTION MANAGER] ⏱️ T1=804030116.476 ms | Sending gRPC request for task 1 'sum1'
execution-manager-grpc  | [gRPC Channel Pool] Reusing existing channel for localhost:50051 (state=2)
execution-manager-grpc  | [gRPC Client Async] Calling task 'sum1' at localhost:50051
execution-manager-grpc  | [gRPC Client Async] Inputs: {"total_ops": 100, "io_percentage": 100}
execution-manager-grpc  | [gRPC Client Async] Response #1 - Status: COMPLETED
execution-manager-grpc  | 🎉 [T=10001 ms] Task 1 'sum1' COMPLETED
execution-manager-grpc  | [EXECUTION MANAGER] ⏱️ T2=804030117.012 ms | Thread started (server measured)
execution-manager-grpc  | [EXECUTION MANAGER] ⏱️ T3=804030117.313 ms | Task completed (server measured)
execution-manager-grpc  | [EXECUTION MANAGER] ⏱️ T4=804030117.649 ms | Result received by client
execution-manager-grpc  |    [TASK EXECUTION] 0.301 ms (T3-T2, measured in thread)
execution-manager-grpc  |    [RESULT] {"result": 0}
execution-manager-grpc  | 
execution-manager-grpc  | ╔═══════════════════════════════════════════════════════════════╗
execution-manager-grpc  | ║           END-TO-END TIMING MEASUREMENT RECAP                 ║
execution-manager-grpc  | ║                   Task 1: sum1                                 
execution-manager-grpc  | ╠═══════════════════════════════════════════════════════════════╣
execution-manager-grpc  | ║ T1 (start_request)    = 804030116.476 ms                        ║
execution-manager-grpc  | ║ T2 (end_request)      = 804030117.012 ms                        ║
execution-manager-grpc  | ║ T3 (start_result)     = 804030117.313 ms                        ║
execution-manager-grpc  | ║ T4 (end_result)       = 804030117.649 ms                        ║
execution-manager-grpc  | ╠═══════════════════════════════════════════════════════════════╣
execution-manager-grpc  | ║ METRICS:                                                      ║
execution-manager-grpc  | ║   Request Latency    =        0.537 ms  (T2 - T1)            ║
execution-manager-grpc  | ║   Task Execution     =        0.301 ms  (T3 - T2)            ║
execution-manager-grpc  | ║   Response Latency   =        0.336 ms  (T4 - T3)            ║
execution-manager-grpc  | ║   Total End-to-End   =        1.173 ms  (T4 - T1)            ║
execution-manager-grpc  | ║   Network Overhead   =        0.872 ms  (Req + Resp)         ║
execution-manager-grpc  | ╚═══════════════════════════════════════════════════════════════╝
execution-manager-grpc  | 
execution-manager-grpc  | [EPOLL] T=10001 ms: epoll_wait returned 1 event(s)
execution-manager-grpc  | [EPOLL] event[0]: type=2 task=NULL
execution-manager-grpc  | [SCHEDULER] ✅ T=10001 ms: Task 1 'sum1' completed with status 2
execution-manager-grpc  | [SCHEDULER] 🔕 Timeout disarmed for task 1
execution-manager-grpc  | [SCHEDULER] 0 tasks remaining
execution-manager-grpc  | 
execution-manager-grpc  | [SCHEDULER] 🏁 Iteration 31/50 complete!
execution-manager-grpc  | [SCHEDULER] Iteration execution time: 10001 ms
execution-manager-grpc  | 
execution-manager-grpc  | 
execution-manager-grpc  | [SCHEDULER] 🔁 ===== ITERATION 32 / 50 =====
execution-manager-grpc  | 
execution-manager-grpc  | [SCHEDULER] 🚀 Schedule started at T=0
execution-manager-grpc  | 
execution-manager-grpc  | [SCHEDULER] 🔄 Entering event loop (NO SLEEP - event-driven!)
execution-manager-grpc  | 
execution-manager-grpc  | [gRPC Client Async] Stream completed, received 1 responses
execution-manager-grpc  | [GRPC THREAD 1] Completed
execution-manager-grpc  | [EPOLL] T=10000 ms: epoll_wait returned 1 event(s)
execution-manager-grpc  | [EPOLL] event[0]: type=0 task=sum1
execution-manager-grpc  | [SCHEDULER] ⏰ T=10000 ms | T_wall=804040117.767 ms: Launching task 1 'sum1' (deadline: 30000 ms)
execution-manager-grpc  | [SCHEDULER] 🕐 Timeout armed for task 1 at T=30000 ms (in 20000 ms)
execution-manager-grpc  | [GRPC THREAD 1] Starting...
execution-manager-grpc  | [EXECUTION MANAGER] ⏱️ T1=804040117.867 ms | Sending gRPC request for task 1 'sum1'
execution-manager-grpc  | [gRPC Channel Pool] Reusing existing channel for localhost:50051 (state=2)
execution-manager-grpc  | [gRPC Client Async] Calling task 'sum1' at localhost:50051
execution-manager-grpc  | [gRPC Client Async] Inputs: {"total_ops": 100, "io_percentage": 100}
execution-manager-grpc  | [gRPC Client Async] Response #1 - Status: COMPLETED
execution-manager-grpc  | 🎉 [T=10002 ms] Task 1 'sum1' COMPLETED
execution-manager-grpc  | [EXECUTION MANAGER] ⏱️ T2=804040118.484 ms | Thread started (server measured)
execution-manager-grpc  | [EXECUTION MANAGER] ⏱️ T3=804040118.799 ms | Task completed (server measured)
execution-manager-grpc  | [EXECUTION MANAGER] ⏱️ T4=804040119.142 ms | Result received by client
execution-manager-grpc  |    [TASK EXECUTION] 0.315 ms (T3-T2, measured in thread)
execution-manager-grpc  |    [RESULT] {"result": 0}
execution-manager-grpc  | 
execution-manager-grpc  | ╔═══════════════════════════════════════════════════════════════╗
execution-manager-grpc  | ║           END-TO-END TIMING MEASUREMENT RECAP                 ║
execution-manager-grpc  | ║                   Task 1: sum1                                 
execution-manager-grpc  | ╠═══════════════════════════════════════════════════════════════╣
execution-manager-grpc  | ║ T1 (start_request)    = 804040117.867 ms                        ║
execution-manager-grpc  | ║ T2 (end_request)      = 804040118.484 ms                        ║
execution-manager-grpc  | ║ T3 (start_result)     = 804040118.799 ms                        ║
execution-manager-grpc  | ║ T4 (end_result)       = 804040119.142 ms                        ║
execution-manager-grpc  | ╠═══════════════════════════════════════════════════════════════╣
execution-manager-grpc  | ║ METRICS:                                                      ║
execution-manager-grpc  | ║   Request Latency    =        0.617 ms  (T2 - T1)            ║
execution-manager-grpc  | ║   Task Execution     =        0.315 ms  (T3 - T2)            ║
execution-manager-grpc  | ║   Response Latency   =        0.343 ms  (T4 - T3)            ║
execution-manager-grpc  | ║   Total End-to-End   =        1.275 ms  (T4 - T1)            ║
execution-manager-grpc  | ║   Network Overhead   =        0.960 ms  (Req + Resp)         ║
execution-manager-grpc  | ╚═══════════════════════════════════════════════════════════════╝
execution-manager-grpc  | 
execution-manager-grpc  | [EPOLL] T=10002 ms: epoll_wait returned 1 event(s)
execution-manager-grpc  | [EPOLL] event[0]: type=2 task=NULL
execution-manager-grpc  | [SCHEDULER] ✅ T=10002 ms: Task 1 'sum1' completed with status 2
execution-manager-grpc  | [SCHEDULER] 🔕 Timeout disarmed for task 1
execution-manager-grpc  | [SCHEDULER] 0 tasks remaining
execution-manager-grpc  | 
execution-manager-grpc  | [SCHEDULER] 🏁 Iteration 32/50 complete!
execution-manager-grpc  | [SCHEDULER] Iteration execution time: 10002 ms
execution-manager-grpc  | 
execution-manager-grpc  | 
execution-manager-grpc  | [SCHEDULER] 🔁 ===== ITERATION 33 / 50 =====
execution-manager-grpc  | 
execution-manager-grpc  | [SCHEDULER] 🚀 Schedule started at T=0
execution-manager-grpc  | 
execution-manager-grpc  | [SCHEDULER] 🔄 Entering event loop (NO SLEEP - event-driven!)
execution-manager-grpc  | 
execution-manager-grpc  | [gRPC Client Async] Stream completed, received 1 responses
execution-manager-grpc  | [GRPC THREAD 1] Completed
execution-manager-grpc  | [EPOLL] T=10000 ms: epoll_wait returned 1 event(s)
execution-manager-grpc  | [EPOLL] event[0]: type=0 task=sum1
execution-manager-grpc  | [SCHEDULER] ⏰ T=10000 ms | T_wall=804050119.261 ms: Launching task 1 'sum1' (deadline: 30000 ms)
execution-manager-grpc  | [SCHEDULER] 🕐 Timeout armed for task 1 at T=30000 ms (in 20000 ms)
execution-manager-grpc  | [GRPC THREAD 1] Starting...
execution-manager-grpc  | [EXECUTION MANAGER] ⏱️ T1=804050119.360 ms | Sending gRPC request for task 1 'sum1'
execution-manager-grpc  | [gRPC Channel Pool] Reusing existing channel for localhost:50051 (state=2)
execution-manager-grpc  | [gRPC Client Async] Calling task 'sum1' at localhost:50051
execution-manager-grpc  | [gRPC Client Async] Inputs: {"total_ops": 100, "io_percentage": 100}
execution-manager-grpc  | [gRPC Client Async] Response #1 - Status: COMPLETED
execution-manager-grpc  | 🎉 [T=10001 ms] Task 1 'sum1' COMPLETED
execution-manager-grpc  | [EXECUTION MANAGER] ⏱️ T2=804050119.957 ms | Thread started (server measured)
execution-manager-grpc  | [EXECUTION MANAGER] ⏱️ T3=804050120.319 ms | Task completed (server measured)
execution-manager-grpc  | [EXECUTION MANAGER] ⏱️ T4=804050120.668 ms | Result received by client
execution-manager-grpc  |    [TASK EXECUTION] 0.362 ms (T3-T2, measured in thread)
execution-manager-grpc  |    [RESULT] {"result": 0}
execution-manager-grpc  | 
execution-manager-grpc  | ╔═══════════════════════════════════════════════════════════════╗
execution-manager-grpc  | ║           END-TO-END TIMING MEASUREMENT RECAP                 ║
execution-manager-grpc  | ║                   Task 1: sum1                                 
execution-manager-grpc  | ╠═══════════════════════════════════════════════════════════════╣
execution-manager-grpc  | ║ T1 (start_request)    = 804050119.360 ms                        ║
execution-manager-grpc  | ║ T2 (end_request)      = 804050119.957 ms                        ║
execution-manager-grpc  | ║ T3 (start_result)     = 804050120.319 ms                        ║
execution-manager-grpc  | ║ T4 (end_result)       = 804050120.668 ms                        ║
execution-manager-grpc  | ╠═══════════════════════════════════════════════════════════════╣
execution-manager-grpc  | ║ METRICS:                                                      ║
execution-manager-grpc  | ║   Request Latency    =        0.597 ms  (T2 - T1)            ║
execution-manager-grpc  | ║   Task Execution     =        0.362 ms  (T3 - T2)            ║
execution-manager-grpc  | ║   Response Latency   =        0.349 ms  (T4 - T3)            ║
execution-manager-grpc  | ║   Total End-to-End   =        1.308 ms  (T4 - T1)            ║
execution-manager-grpc  | ║   Network Overhead   =        0.946 ms  (Req + Resp)         ║
execution-manager-grpc  | ╚═══════════════════════════════════════════════════════════════╝
execution-manager-grpc  | 
execution-manager-grpc  | [EPOLL] T=10001 ms: epoll_wait returned 1 event(s)
execution-manager-grpc  | [EPOLL] event[0]: type=2 task=NULL
execution-manager-grpc  | [SCHEDULER] ✅ T=10001 ms: Task 1 'sum1' completed with status 2
execution-manager-grpc  | [SCHEDULER] 🔕 Timeout disarmed for task 1
execution-manager-grpc  | [SCHEDULER] 0 tasks remaining
execution-manager-grpc  | 
execution-manager-grpc  | [SCHEDULER] 🏁 Iteration 33/50 complete!
execution-manager-grpc  | [SCHEDULER] Iteration execution time: 10001 ms
execution-manager-grpc  | 
execution-manager-grpc  | 
execution-manager-grpc  | [SCHEDULER] 🔁 ===== ITERATION 34 / 50 =====
execution-manager-grpc  | 
execution-manager-grpc  | [SCHEDULER] 🚀 Schedule started at T=0
execution-manager-grpc  | 
execution-manager-grpc  | [SCHEDULER] 🔄 Entering event loop (NO SLEEP - event-driven!)
execution-manager-grpc  | 
execution-manager-grpc  | [gRPC Client Async] Stream completed, received 1 responses
execution-manager-grpc  | [GRPC THREAD 1] Completed
execution-manager-grpc  | [EPOLL] T=10000 ms: epoll_wait returned 1 event(s)
execution-manager-grpc  | [EPOLL] event[0]: type=0 task=sum1
execution-manager-grpc  | [SCHEDULER] ⏰ T=10000 ms | T_wall=804060120.771 ms: Launching task 1 'sum1' (deadline: 30000 ms)
execution-manager-grpc  | [SCHEDULER] 🕐 Timeout armed for task 1 at T=30000 ms (in 20000 ms)
execution-manager-grpc  | [GRPC THREAD 1] Starting...
execution-manager-grpc  | [EXECUTION MANAGER] ⏱️ T1=804060120.855 ms | Sending gRPC request for task 1 'sum1'
execution-manager-grpc  | [gRPC Channel Pool] Reusing existing channel for localhost:50051 (state=2)
execution-manager-grpc  | [gRPC Client Async] Calling task 'sum1' at localhost:50051
execution-manager-grpc  | [gRPC Client Async] Inputs: {"total_ops": 100, "io_percentage": 100}
execution-manager-grpc  | [gRPC Client Async] Response #1 - Status: COMPLETED
execution-manager-grpc  | 🎉 [T=10002 ms] Task 1 'sum1' COMPLETED
execution-manager-grpc  | [EXECUTION MANAGER] ⏱️ T2=804060121.451 ms | Thread started (server measured)
execution-manager-grpc  | [EXECUTION MANAGER] ⏱️ T3=804060121.772 ms | Task completed (server measured)
execution-manager-grpc  | [EXECUTION MANAGER] ⏱️ T4=804060122.123 ms | Result received by client
execution-manager-grpc  |    [TASK EXECUTION] 0.321 ms (T3-T2, measured in thread)
execution-manager-grpc  |    [RESULT] {"result": 0}
execution-manager-grpc  | 
execution-manager-grpc  | ╔═══════════════════════════════════════════════════════════════╗
execution-manager-grpc  | ║           END-TO-END TIMING MEASUREMENT RECAP                 ║
execution-manager-grpc  | ║                   Task 1: sum1                                 
execution-manager-grpc  | ╠═══════════════════════════════════════════════════════════════╣
execution-manager-grpc  | ║ T1 (start_request)    = 804060120.855 ms                        ║
execution-manager-grpc  | ║ T2 (end_request)      = 804060121.451 ms                        ║
execution-manager-grpc  | ║ T3 (start_result)     = 804060121.772 ms                        ║
execution-manager-grpc  | ║ T4 (end_result)       = 804060122.123 ms                        ║
execution-manager-grpc  | ╠═══════════════════════════════════════════════════════════════╣
execution-manager-grpc  | ║ METRICS:                                                      ║
execution-manager-grpc  | ║   Request Latency    =        0.596 ms  (T2 - T1)            ║
execution-manager-grpc  | ║   Task Execution     =        0.321 ms  (T3 - T2)            ║
execution-manager-grpc  | ║   Response Latency   =        0.351 ms  (T4 - T3)            ║
execution-manager-grpc  | ║   Total End-to-End   =        1.268 ms  (T4 - T1)            ║
execution-manager-grpc  | ║   Network Overhead   =        0.946 ms  (Req + Resp)         ║
execution-manager-grpc  | ╚═══════════════════════════════════════════════════════════════╝
execution-manager-grpc  | 
execution-manager-grpc  | [EPOLL] T=10002 ms: epoll_wait returned 1 event(s)
execution-manager-grpc  | [EPOLL] event[0]: type=2 task=NULL
execution-manager-grpc  | [SCHEDULER] ✅ T=10002 ms: Task 1 'sum1' completed with status 2
execution-manager-grpc  | [SCHEDULER] 🔕 Timeout disarmed for task 1
execution-manager-grpc  | [SCHEDULER] 0 tasks remaining
execution-manager-grpc  | 
execution-manager-grpc  | [SCHEDULER] 🏁 Iteration 34/50 complete!
execution-manager-grpc  | [SCHEDULER] Iteration execution time: 10002 ms
execution-manager-grpc  | 
execution-manager-grpc  | 
execution-manager-grpc  | [SCHEDULER] 🔁 ===== ITERATION 35 / 50 =====
execution-manager-grpc  | 
execution-manager-grpc  | [SCHEDULER] 🚀 Schedule started at T=0
execution-manager-grpc  | 
execution-manager-grpc  | [SCHEDULER] 🔄 Entering event loop (NO SLEEP - event-driven!)
execution-manager-grpc  | 
execution-manager-grpc  | [gRPC Client Async] Stream completed, received 1 responses
execution-manager-grpc  | [GRPC THREAD 1] Completed
execution-manager-grpc  | [EPOLL] T=10000 ms: epoll_wait returned 1 event(s)
execution-manager-grpc  | [EPOLL] event[0]: type=0 task=sum1
execution-manager-grpc  | [SCHEDULER] ⏰ T=10000 ms | T_wall=804070122.222 ms: Launching task 1 'sum1' (deadline: 30000 ms)
execution-manager-grpc  | [SCHEDULER] 🕐 Timeout armed for task 1 at T=30000 ms (in 20000 ms)
execution-manager-grpc  | [GRPC THREAD 1] Starting...
execution-manager-grpc  | [EXECUTION MANAGER] ⏱️ T1=804070122.301 ms | Sending gRPC request for task 1 'sum1'
execution-manager-grpc  | [gRPC Channel Pool] Reusing existing channel for localhost:50051 (state=2)
execution-manager-grpc  | [gRPC Client Async] Calling task 'sum1' at localhost:50051
execution-manager-grpc  | [gRPC Client Async] Inputs: {"total_ops": 100, "io_percentage": 100}
execution-manager-grpc  | [gRPC Client Async] Response #1 - Status: COMPLETED
execution-manager-grpc  | 🎉 [T=10001 ms] Task 1 'sum1' COMPLETED
execution-manager-grpc  | [EXECUTION MANAGER] ⏱️ T2=804070122.791 ms | Thread started (server measured)
execution-manager-grpc  | [EXECUTION MANAGER] ⏱️ T3=804070123.092 ms | Task completed (server measured)
execution-manager-grpc  | [EXECUTION MANAGER] ⏱️ T4=804070123.379 ms | Result received by client
execution-manager-grpc  |    [TASK EXECUTION] 0.301 ms (T3-T2, measured in thread)
execution-manager-grpc  |    [RESULT] {"result": 0}
execution-manager-grpc  | 
execution-manager-grpc  | ╔═══════════════════════════════════════════════════════════════╗
execution-manager-grpc  | ║           END-TO-END TIMING MEASUREMENT RECAP                 ║
execution-manager-grpc  | ║                   Task 1: sum1                                 
execution-manager-grpc  | ╠═══════════════════════════════════════════════════════════════╣
execution-manager-grpc  | ║ T1 (start_request)    = 804070122.301 ms                        ║
execution-manager-grpc  | ║ T2 (end_request)      = 804070122.791 ms                        ║
execution-manager-grpc  | ║ T3 (start_result)     = 804070123.092 ms                        ║
execution-manager-grpc  | ║ T4 (end_result)       = 804070123.379 ms                        ║
execution-manager-grpc  | ╠═══════════════════════════════════════════════════════════════╣
execution-manager-grpc  | ║ METRICS:                                                      ║
execution-manager-grpc  | ║   Request Latency    =        0.491 ms  (T2 - T1)            ║
execution-manager-grpc  | ║   Task Execution     =        0.301 ms  (T3 - T2)            ║
execution-manager-grpc  | ║   Response Latency   =        0.287 ms  (T4 - T3)            ║
execution-manager-grpc  | ║   Total End-to-End   =        1.079 ms  (T4 - T1)            ║
execution-manager-grpc  | ║   Network Overhead   =        0.778 ms  (Req + Resp)         ║
execution-manager-grpc  | ╚═══════════════════════════════════════════════════════════════╝
execution-manager-grpc  | 
execution-manager-grpc  | [EPOLL] T=10001 ms: epoll_wait returned 1 event(s)
execution-manager-grpc  | [EPOLL] event[0]: type=2 task=NULL
execution-manager-grpc  | [SCHEDULER] ✅ T=10001 ms: Task 1 'sum1' completed with status 2
execution-manager-grpc  | [SCHEDULER] 🔕 Timeout disarmed for task 1
execution-manager-grpc  | [SCHEDULER] 0 tasks remaining
execution-manager-grpc  | 
execution-manager-grpc  | [SCHEDULER] 🏁 Iteration 35/50 complete!
execution-manager-grpc  | [SCHEDULER] Iteration execution time: 10001 ms
execution-manager-grpc  | 
execution-manager-grpc  | 
execution-manager-grpc  | [SCHEDULER] 🔁 ===== ITERATION 36 / 50 =====
execution-manager-grpc  | 
execution-manager-grpc  | [SCHEDULER] 🚀 Schedule started at T=0
execution-manager-grpc  | 
execution-manager-grpc  | [SCHEDULER] 🔄 Entering event loop (NO SLEEP - event-driven!)
execution-manager-grpc  | 
execution-manager-grpc  | [gRPC Client Async] Stream completed, received 1 responses
execution-manager-grpc  | [GRPC THREAD 1] Completed
execution-manager-grpc  | [EPOLL] T=10000 ms: epoll_wait returned 1 event(s)
execution-manager-grpc  | [EPOLL] event[0]: type=0 task=sum1
execution-manager-grpc  | [SCHEDULER] ⏰ T=10000 ms | T_wall=804080123.489 ms: Launching task 1 'sum1' (deadline: 30000 ms)
execution-manager-grpc  | [SCHEDULER] 🕐 Timeout armed for task 1 at T=30000 ms (in 20000 ms)
execution-manager-grpc  | [GRPC THREAD 1] Starting...
execution-manager-grpc  | [EXECUTION MANAGER] ⏱️ T1=804080123.573 ms | Sending gRPC request for task 1 'sum1'
execution-manager-grpc  | [gRPC Channel Pool] Reusing existing channel for localhost:50051 (state=2)
execution-manager-grpc  | [gRPC Client Async] Calling task 'sum1' at localhost:50051
execution-manager-grpc  | [gRPC Client Async] Inputs: {"total_ops": 100, "io_percentage": 100}
execution-manager-grpc  | [gRPC Client Async] Response #1 - Status: COMPLETED
execution-manager-grpc  | 🎉 [T=10001 ms] Task 1 'sum1' COMPLETED
execution-manager-grpc  | [EXECUTION MANAGER] ⏱️ T2=804080124.149 ms | Thread started (server measured)
execution-manager-grpc  | [EXECUTION MANAGER] ⏱️ T3=804080124.445 ms | Task completed (server measured)
execution-manager-grpc  | [EXECUTION MANAGER] ⏱️ T4=804080124.776 ms | Result received by client
execution-manager-grpc  |    [TASK EXECUTION] 0.296 ms (T3-T2, measured in thread)
execution-manager-grpc  |    [RESULT] {"result": 0}
execution-manager-grpc  | 
execution-manager-grpc  | ╔═══════════════════════════════════════════════════════════════╗
execution-manager-grpc  | ║           END-TO-END TIMING MEASUREMENT RECAP                 ║
execution-manager-grpc  | ║                   Task 1: sum1                                 
execution-manager-grpc  | ╠═══════════════════════════════════════════════════════════════╣
execution-manager-grpc  | ║ T1 (start_request)    = 804080123.573 ms                        ║
execution-manager-grpc  | ║ T2 (end_request)      = 804080124.149 ms                        ║
execution-manager-grpc  | ║ T3 (start_result)     = 804080124.445 ms                        ║
execution-manager-grpc  | ║ T4 (end_result)       = 804080124.776 ms                        ║
execution-manager-grpc  | ╠═══════════════════════════════════════════════════════════════╣
execution-manager-grpc  | ║ METRICS:                                                      ║
execution-manager-grpc  | ║   Request Latency    =        0.576 ms  (T2 - T1)            ║
execution-manager-grpc  | ║   Task Execution     =        0.296 ms  (T3 - T2)            ║
execution-manager-grpc  | ║   Response Latency   =        0.331 ms  (T4 - T3)            ║
execution-manager-grpc  | ║   Total End-to-End   =        1.203 ms  (T4 - T1)            ║
execution-manager-grpc  | ║   Network Overhead   =        0.907 ms  (Req + Resp)         ║
execution-manager-grpc  | ╚═══════════════════════════════════════════════════════════════╝
execution-manager-grpc  | 
execution-manager-grpc  | [EPOLL] T=10001 ms: epoll_wait returned 1 event(s)
execution-manager-grpc  | [EPOLL] event[0]: type=2 task=NULL
execution-manager-grpc  | [SCHEDULER] ✅ T=10001 ms: Task 1 'sum1' completed with status 2
execution-manager-grpc  | [SCHEDULER] 🔕 Timeout disarmed for task 1
execution-manager-grpc  | [SCHEDULER] 0 tasks remaining
execution-manager-grpc  | 
execution-manager-grpc  | [SCHEDULER] 🏁 Iteration 36/50 complete!
execution-manager-grpc  | [SCHEDULER] Iteration execution time: 10001 ms
execution-manager-grpc  | 
execution-manager-grpc  | 
execution-manager-grpc  | [SCHEDULER] 🔁 ===== ITERATION 37 / 50 =====
execution-manager-grpc  | 
execution-manager-grpc  | [SCHEDULER] 🚀 Schedule started at T=0
execution-manager-grpc  | 
execution-manager-grpc  | [SCHEDULER] 🔄 Entering event loop (NO SLEEP - event-driven!)
execution-manager-grpc  | 
execution-manager-grpc  | [gRPC Client Async] Stream completed, received 1 responses
execution-manager-grpc  | [GRPC THREAD 1] Completed
execution-manager-grpc  | [EPOLL] T=10000 ms: epoll_wait returned 1 event(s)
execution-manager-grpc  | [EPOLL] event[0]: type=0 task=sum1
execution-manager-grpc  | [SCHEDULER] ⏰ T=10000 ms | T_wall=804090124.895 ms: Launching task 1 'sum1' (deadline: 30000 ms)
execution-manager-grpc  | [SCHEDULER] 🕐 Timeout armed for task 1 at T=30000 ms (in 20000 ms)
execution-manager-grpc  | [GRPC THREAD 1] Starting...
execution-manager-grpc  | [EXECUTION MANAGER] ⏱️ T1=804090124.992 ms | Sending gRPC request for task 1 'sum1'
execution-manager-grpc  | [gRPC Channel Pool] Reusing existing channel for localhost:50051 (state=2)
execution-manager-grpc  | [gRPC Client Async] Calling task 'sum1' at localhost:50051
execution-manager-grpc  | [gRPC Client Async] Inputs: {"total_ops": 100, "io_percentage": 100}
execution-manager-grpc  | [gRPC Client Async] Response #1 - Status: COMPLETED
execution-manager-grpc  | 🎉 [T=10002 ms] Task 1 'sum1' COMPLETED
execution-manager-grpc  | [EXECUTION MANAGER] ⏱️ T2=804090125.638 ms | Thread started (server measured)
execution-manager-grpc  | [EXECUTION MANAGER] ⏱️ T3=804090125.968 ms | Task completed (server measured)
execution-manager-grpc  | [EXECUTION MANAGER] ⏱️ T4=804090126.358 ms | Result received by client
execution-manager-grpc  |    [TASK EXECUTION] 0.330 ms (T3-T2, measured in thread)
execution-manager-grpc  |    [RESULT] {"result": 0}
execution-manager-grpc  | 
execution-manager-grpc  | ╔═══════════════════════════════════════════════════════════════╗
execution-manager-grpc  | ║           END-TO-END TIMING MEASUREMENT RECAP                 ║
execution-manager-grpc  | ║                   Task 1: sum1                                 
execution-manager-grpc  | ╠═══════════════════════════════════════════════════════════════╣
execution-manager-grpc  | ║ T1 (start_request)    = 804090124.992 ms                        ║
execution-manager-grpc  | ║ T2 (end_request)      = 804090125.638 ms                        ║
execution-manager-grpc  | ║ T3 (start_result)     = 804090125.968 ms                        ║
execution-manager-grpc  | ║ T4 (end_result)       = 804090126.358 ms                        ║
execution-manager-grpc  | ╠═══════════════════════════════════════════════════════════════╣
execution-manager-grpc  | ║ METRICS:                                                      ║
execution-manager-grpc  | ║   Request Latency    =        0.645 ms  (T2 - T1)            ║
execution-manager-grpc  | ║   Task Execution     =        0.330 ms  (T3 - T2)            ║
execution-manager-grpc  | ║   Response Latency   =        0.390 ms  (T4 - T3)            ║
execution-manager-grpc  | ║   Total End-to-End   =        1.366 ms  (T4 - T1)            ║
execution-manager-grpc  | ║   Network Overhead   =        1.035 ms  (Req + Resp)         ║
execution-manager-grpc  | ╚═══════════════════════════════════════════════════════════════╝
execution-manager-grpc  | 
execution-manager-grpc  | [EPOLL] T=10002 ms: epoll_wait returned 1 event(s)
execution-manager-grpc  | [EPOLL] event[0]: type=2 task=NULL
execution-manager-grpc  | [SCHEDULER] ✅ T=10002 ms: Task 1 'sum1' completed with status 2
execution-manager-grpc  | [SCHEDULER] 🔕 Timeout disarmed for task 1
execution-manager-grpc  | [SCHEDULER] 0 tasks remaining
execution-manager-grpc  | 
execution-manager-grpc  | [SCHEDULER] 🏁 Iteration 37/50 complete!
execution-manager-grpc  | [SCHEDULER] Iteration execution time: 10002 ms
execution-manager-grpc  | 
execution-manager-grpc  | 
execution-manager-grpc  | [SCHEDULER] 🔁 ===== ITERATION 38 / 50 =====
execution-manager-grpc  | 
execution-manager-grpc  | [SCHEDULER] 🚀 Schedule started at T=0
execution-manager-grpc  | 
execution-manager-grpc  | [SCHEDULER] 🔄 Entering event loop (NO SLEEP - event-driven!)
execution-manager-grpc  | 
execution-manager-grpc  | [gRPC Client Async] Stream completed, received 1 responses
execution-manager-grpc  | [GRPC THREAD 1] Completed
execution-manager-grpc  | [EPOLL] T=10000 ms: epoll_wait returned 1 event(s)
execution-manager-grpc  | [EPOLL] event[0]: type=0 task=sum1
execution-manager-grpc  | [SCHEDULER] ⏰ T=10000 ms | T_wall=804100126.462 ms: Launching task 1 'sum1' (deadline: 30000 ms)
execution-manager-grpc  | [SCHEDULER] 🕐 Timeout armed for task 1 at T=30000 ms (in 20000 ms)
execution-manager-grpc  | [GRPC THREAD 1] Starting...
execution-manager-grpc  | [EXECUTION MANAGER] ⏱️ T1=804100126.566 ms | Sending gRPC request for task 1 'sum1'
execution-manager-grpc  | [gRPC Channel Pool] Reusing existing channel for localhost:50051 (state=2)
execution-manager-grpc  | [gRPC Client Async] Calling task 'sum1' at localhost:50051
execution-manager-grpc  | [gRPC Client Async] Inputs: {"total_ops": 100, "io_percentage": 100}
execution-manager-grpc  | [gRPC Client Async] Response #1 - Status: COMPLETED
execution-manager-grpc  | 🎉 [T=10001 ms] Task 1 'sum1' COMPLETED
execution-manager-grpc  | [EXECUTION MANAGER] ⏱️ T2=804100127.158 ms | Thread started (server measured)
execution-manager-grpc  | [EXECUTION MANAGER] ⏱️ T3=804100127.490 ms | Task completed (server measured)
execution-manager-grpc  | [EXECUTION MANAGER] ⏱️ T4=804100127.895 ms | Result received by client
execution-manager-grpc  |    [TASK EXECUTION] 0.332 ms (T3-T2, measured in thread)
execution-manager-grpc  |    [RESULT] {"result": 0}
execution-manager-grpc  | 
execution-manager-grpc  | ╔═══════════════════════════════════════════════════════════════╗
execution-manager-grpc  | ║           END-TO-END TIMING MEASUREMENT RECAP                 ║
execution-manager-grpc  | ║                   Task 1: sum1                                 
execution-manager-grpc  | ╠═══════════════════════════════════════════════════════════════╣
execution-manager-grpc  | ║ T1 (start_request)    = 804100126.566 ms                        ║
execution-manager-grpc  | ║ T2 (end_request)      = 804100127.158 ms                        ║
execution-manager-grpc  | ║ T3 (start_result)     = 804100127.490 ms                        ║
execution-manager-grpc  | ║ T4 (end_result)       = 804100127.895 ms                        ║
execution-manager-grpc  | ╠═══════════════════════════════════════════════════════════════╣
execution-manager-grpc  | ║ METRICS:                                                      ║
execution-manager-grpc  | ║   Request Latency    =        0.592 ms  (T2 - T1)            ║
execution-manager-grpc  | ║   Task Execution     =        0.332 ms  (T3 - T2)            ║
execution-manager-grpc  | ║   Response Latency   =        0.405 ms  (T4 - T3)            ║
execution-manager-grpc  | ║   Total End-to-End   =        1.329 ms  (T4 - T1)            ║
execution-manager-grpc  | ║   Network Overhead   =        0.997 ms  (Req + Resp)         ║
execution-manager-grpc  | ╚═══════════════════════════════════════════════════════════════╝
execution-manager-grpc  | 
execution-manager-grpc  | [EPOLL] T=10001 ms: epoll_wait returned 1 event(s)
execution-manager-grpc  | [EPOLL] event[0]: type=2 task=NULL
execution-manager-grpc  | [SCHEDULER] ✅ T=10001 ms: Task 1 'sum1' completed with status 2
execution-manager-grpc  | [SCHEDULER] 🔕 Timeout disarmed for task 1
execution-manager-grpc  | [SCHEDULER] 0 tasks remaining
execution-manager-grpc  | 
execution-manager-grpc  | [SCHEDULER] 🏁 Iteration 38/50 complete!
execution-manager-grpc  | [SCHEDULER] Iteration execution time: 10001 ms
execution-manager-grpc  | 
execution-manager-grpc  | 
execution-manager-grpc  | [SCHEDULER] 🔁 ===== ITERATION 39 / 50 =====
execution-manager-grpc  | 
execution-manager-grpc  | [SCHEDULER] 🚀 Schedule started at T=0
execution-manager-grpc  | 
execution-manager-grpc  | [SCHEDULER] 🔄 Entering event loop (NO SLEEP - event-driven!)
execution-manager-grpc  | 
execution-manager-grpc  | [gRPC Client Async] Stream completed, received 1 responses
execution-manager-grpc  | [GRPC THREAD 1] Completed
execution-manager-grpc  | [EPOLL] T=10000 ms: epoll_wait returned 1 event(s)
execution-manager-grpc  | [EPOLL] event[0]: type=0 task=sum1
execution-manager-grpc  | [SCHEDULER] ⏰ T=10000 ms | T_wall=804110127.997 ms: Launching task 1 'sum1' (deadline: 30000 ms)
execution-manager-grpc  | [SCHEDULER] 🕐 Timeout armed for task 1 at T=30000 ms (in 19999 ms)
execution-manager-grpc  | [GRPC THREAD 1] Starting...
execution-manager-grpc  | [EXECUTION MANAGER] ⏱️ T1=804110128.079 ms | Sending gRPC request for task 1 'sum1'
execution-manager-grpc  | [gRPC Channel Pool] Reusing existing channel for localhost:50051 (state=2)
execution-manager-grpc  | [gRPC Client Async] Calling task 'sum1' at localhost:50051
execution-manager-grpc  | [gRPC Client Async] Inputs: {"total_ops": 100, "io_percentage": 100}
execution-manager-grpc  | [gRPC Client Async] Response #1 - Status: COMPLETED
execution-manager-grpc  | 🎉 [T=10002 ms] Task 1 'sum1' COMPLETED
execution-manager-grpc  | [EXECUTION MANAGER] ⏱️ T2=804110128.736 ms | Thread started (server measured)
execution-manager-grpc  | [EXECUTION MANAGER] ⏱️ T3=804110129.040 ms | Task completed (server measured)
execution-manager-grpc  | [EXECUTION MANAGER] ⏱️ T4=804110129.391 ms | Result received by client
execution-manager-grpc  |    [TASK EXECUTION] 0.304 ms (T3-T2, measured in thread)
execution-manager-grpc  |    [RESULT] {"result": 0}
execution-manager-grpc  | 
execution-manager-grpc  | ╔═══════════════════════════════════════════════════════════════╗
execution-manager-grpc  | ║           END-TO-END TIMING MEASUREMENT RECAP                 ║
execution-manager-grpc  | ║                   Task 1: sum1                                 
execution-manager-grpc  | ╠═══════════════════════════════════════════════════════════════╣
execution-manager-grpc  | ║ T1 (start_request)    = 804110128.079 ms                        ║
execution-manager-grpc  | ║ T2 (end_request)      = 804110128.736 ms                        ║
execution-manager-grpc  | ║ T3 (start_result)     = 804110129.040 ms                        ║
execution-manager-grpc  | ║ T4 (end_result)       = 804110129.391 ms                        ║
execution-manager-grpc  | ╠═══════════════════════════════════════════════════════════════╣
execution-manager-grpc  | ║ METRICS:                                                      ║
execution-manager-grpc  | ║   Request Latency    =        0.656 ms  (T2 - T1)            ║
execution-manager-grpc  | ║   Task Execution     =        0.304 ms  (T3 - T2)            ║
execution-manager-grpc  | ║   Response Latency   =        0.351 ms  (T4 - T3)            ║
execution-manager-grpc  | ║   Total End-to-End   =        1.312 ms  (T4 - T1)            ║
execution-manager-grpc  | ║   Network Overhead   =        1.007 ms  (Req + Resp)         ║
execution-manager-grpc  | ╚═══════════════════════════════════════════════════════════════╝
execution-manager-grpc  | 
execution-manager-grpc  | [EPOLL] T=10002 ms: epoll_wait returned 1 event(s)
execution-manager-grpc  | [EPOLL] event[0]: type=2 task=NULL
execution-manager-grpc  | [SCHEDULER] ✅ T=10002 ms: Task 1 'sum1' completed with status 2
execution-manager-grpc  | [SCHEDULER] 🔕 Timeout disarmed for task 1
execution-manager-grpc  | [SCHEDULER] 0 tasks remaining
execution-manager-grpc  | 
execution-manager-grpc  | [SCHEDULER] 🏁 Iteration 39/50 complete!
execution-manager-grpc  | [SCHEDULER] Iteration execution time: 10002 ms
execution-manager-grpc  | 
execution-manager-grpc  | 
execution-manager-grpc  | [SCHEDULER] 🔁 ===== ITERATION 40 / 50 =====
execution-manager-grpc  | 
execution-manager-grpc  | [SCHEDULER] 🚀 Schedule started at T=0
execution-manager-grpc  | 
execution-manager-grpc  | [SCHEDULER] 🔄 Entering event loop (NO SLEEP - event-driven!)
execution-manager-grpc  | 
execution-manager-grpc  | [gRPC Client Async] Stream completed, received 1 responses
execution-manager-grpc  | [GRPC THREAD 1] Completed
execution-manager-grpc  | [EPOLL] T=10000 ms: epoll_wait returned 1 event(s)
execution-manager-grpc  | [EPOLL] event[0]: type=0 task=sum1
execution-manager-grpc  | [SCHEDULER] ⏰ T=10000 ms | T_wall=804120129.506 ms: Launching task 1 'sum1' (deadline: 30000 ms)
execution-manager-grpc  | [SCHEDULER] 🕐 Timeout armed for task 1 at T=30000 ms (in 20000 ms)
execution-manager-grpc  | [GRPC THREAD 1] Starting...
execution-manager-grpc  | [EXECUTION MANAGER] ⏱️ T1=804120129.592 ms | Sending gRPC request for task 1 'sum1'
execution-manager-grpc  | [gRPC Channel Pool] Reusing existing channel for localhost:50051 (state=2)
execution-manager-grpc  | [gRPC Client Async] Calling task 'sum1' at localhost:50051
execution-manager-grpc  | [gRPC Client Async] Inputs: {"total_ops": 100, "io_percentage": 100}
execution-manager-grpc  | [gRPC Client Async] Response #1 - Status: COMPLETED
execution-manager-grpc  | 🎉 [T=10001 ms] Task 1 'sum1' COMPLETED
execution-manager-grpc  | [EXECUTION MANAGER] ⏱️ T2=804120130.167 ms | Thread started (server measured)
execution-manager-grpc  | [EXECUTION MANAGER] ⏱️ T3=804120130.487 ms | Task completed (server measured)
execution-manager-grpc  | [EXECUTION MANAGER] ⏱️ T4=804120130.869 ms | Result received by client
execution-manager-grpc  |    [TASK EXECUTION] 0.321 ms (T3-T2, measured in thread)
execution-manager-grpc  |    [RESULT] {"result": 0}
execution-manager-grpc  | 
execution-manager-grpc  | ╔═══════════════════════════════════════════════════════════════╗
execution-manager-grpc  | ║           END-TO-END TIMING MEASUREMENT RECAP                 ║
execution-manager-grpc  | ║                   Task 1: sum1                                 
execution-manager-grpc  | ╠═══════════════════════════════════════════════════════════════╣
execution-manager-grpc  | ║ T1 (start_request)    = 804120129.592 ms                        ║
execution-manager-grpc  | ║ T2 (end_request)      = 804120130.167 ms                        ║
execution-manager-grpc  | ║ T3 (start_result)     = 804120130.487 ms                        ║
execution-manager-grpc  | ║ T4 (end_result)       = 804120130.869 ms                        ║
execution-manager-grpc  | ╠═══════════════════════════════════════════════════════════════╣
execution-manager-grpc  | ║ METRICS:                                                      ║
execution-manager-grpc  | ║   Request Latency    =        0.575 ms  (T2 - T1)            ║
execution-manager-grpc  | ║   Task Execution     =        0.321 ms  (T3 - T2)            ║
execution-manager-grpc  | ║   Response Latency   =        0.381 ms  (T4 - T3)            ║
execution-manager-grpc  | ║   Total End-to-End   =        1.277 ms  (T4 - T1)            ║
execution-manager-grpc  | ║   Network Overhead   =        0.957 ms  (Req + Resp)         ║
execution-manager-grpc  | ╚═══════════════════════════════════════════════════════════════╝
execution-manager-grpc  | 
execution-manager-grpc  | [EPOLL] T=10001 ms: epoll_wait returned 1 event(s)
execution-manager-grpc  | [EPOLL] event[0]: type=2 task=NULL
execution-manager-grpc  | [SCHEDULER] ✅ T=10001 ms: Task 1 'sum1' completed with status 2
execution-manager-grpc  | [SCHEDULER] 🔕 Timeout disarmed for task 1
execution-manager-grpc  | [SCHEDULER] 0 tasks remaining
execution-manager-grpc  | 
execution-manager-grpc  | [SCHEDULER] 🏁 Iteration 40/50 complete!
execution-manager-grpc  | [SCHEDULER] Iteration execution time: 10001 ms
execution-manager-grpc  | 
execution-manager-grpc  | 
execution-manager-grpc  | [SCHEDULER] 🔁 ===== ITERATION 41 / 50 =====
execution-manager-grpc  | 
execution-manager-grpc  | [SCHEDULER] 🚀 Schedule started at T=0
execution-manager-grpc  | 
execution-manager-grpc  | [SCHEDULER] 🔄 Entering event loop (NO SLEEP - event-driven!)
execution-manager-grpc  | 
execution-manager-grpc  | [gRPC Client Async] Stream completed, received 1 responses
execution-manager-grpc  | [GRPC THREAD 1] Completed
execution-manager-grpc  | [EPOLL] T=10000 ms: epoll_wait returned 1 event(s)
execution-manager-grpc  | [EPOLL] event[0]: type=0 task=sum1
execution-manager-grpc  | [SCHEDULER] ⏰ T=10000 ms | T_wall=804130130.987 ms: Launching task 1 'sum1' (deadline: 30000 ms)
execution-manager-grpc  | [SCHEDULER] 🕐 Timeout armed for task 1 at T=30000 ms (in 19999 ms)
execution-manager-grpc  | [GRPC THREAD 1] Starting...
execution-manager-grpc  | [EXECUTION MANAGER] ⏱️ T1=804130131.092 ms | Sending gRPC request for task 1 'sum1'
execution-manager-grpc  | [gRPC Channel Pool] Reusing existing channel for localhost:50051 (state=2)
execution-manager-grpc  | [gRPC Client Async] Calling task 'sum1' at localhost:50051
execution-manager-grpc  | [gRPC Client Async] Inputs: {"total_ops": 100, "io_percentage": 100}
execution-manager-grpc  | [gRPC Client Async] Response #1 - Status: COMPLETED
execution-manager-grpc  | 🎉 [T=10002 ms] Task 1 'sum1' COMPLETED
execution-manager-grpc  | [EXECUTION MANAGER] ⏱️ T2=804130131.728 ms | Thread started (server measured)
execution-manager-grpc  | [EXECUTION MANAGER] ⏱️ T3=804130132.036 ms | Task completed (server measured)
execution-manager-grpc  | [EXECUTION MANAGER] ⏱️ T4=804130132.340 ms | Result received by client
execution-manager-grpc  |    [TASK EXECUTION] 0.308 ms (T3-T2, measured in thread)
execution-manager-grpc  |    [RESULT] {"result": 0}
execution-manager-grpc  | 
execution-manager-grpc  | ╔═══════════════════════════════════════════════════════════════╗
execution-manager-grpc  | ║           END-TO-END TIMING MEASUREMENT RECAP                 ║
execution-manager-grpc  | ║                   Task 1: sum1                                 
execution-manager-grpc  | ╠═══════════════════════════════════════════════════════════════╣
execution-manager-grpc  | ║ T1 (start_request)    = 804130131.092 ms                        ║
execution-manager-grpc  | ║ T2 (end_request)      = 804130131.728 ms                        ║
execution-manager-grpc  | ║ T3 (start_result)     = 804130132.036 ms                        ║
execution-manager-grpc  | ║ T4 (end_result)       = 804130132.340 ms                        ║
execution-manager-grpc  | ╠═══════════════════════════════════════════════════════════════╣
execution-manager-grpc  | ║ METRICS:                                                      ║
execution-manager-grpc  | ║   Request Latency    =        0.636 ms  (T2 - T1)            ║
execution-manager-grpc  | ║   Task Execution     =        0.308 ms  (T3 - T2)            ║
execution-manager-grpc  | ║   Response Latency   =        0.304 ms  (T4 - T3)            ║
execution-manager-grpc  | ║   Total End-to-End   =        1.248 ms  (T4 - T1)            ║
execution-manager-grpc  | ║   Network Overhead   =        0.940 ms  (Req + Resp)         ║
execution-manager-grpc  | ╚═══════════════════════════════════════════════════════════════╝
execution-manager-grpc  | 
execution-manager-grpc  | [EPOLL] T=10002 ms: epoll_wait returned 1 event(s)
execution-manager-grpc  | [EPOLL] event[0]: type=2 task=NULL
execution-manager-grpc  | [SCHEDULER] ✅ T=10002 ms: Task 1 'sum1' completed with status 2
execution-manager-grpc  | [SCHEDULER] 🔕 Timeout disarmed for task 1
execution-manager-grpc  | [SCHEDULER] 0 tasks remaining
execution-manager-grpc  | 
execution-manager-grpc  | [SCHEDULER] 🏁 Iteration 41/50 complete!
execution-manager-grpc  | [SCHEDULER] Iteration execution time: 10002 ms
execution-manager-grpc  | 
execution-manager-grpc  | 
execution-manager-grpc  | [SCHEDULER] 🔁 ===== ITERATION 42 / 50 =====
execution-manager-grpc  | 
execution-manager-grpc  | [SCHEDULER] 🚀 Schedule started at T=0
execution-manager-grpc  | 
execution-manager-grpc  | [SCHEDULER] 🔄 Entering event loop (NO SLEEP - event-driven!)
execution-manager-grpc  | 
execution-manager-grpc  | [gRPC Client Async] Stream completed, received 1 responses
execution-manager-grpc  | [GRPC THREAD 1] Completed
execution-manager-grpc  | [EPOLL] T=10000 ms: epoll_wait returned 1 event(s)
execution-manager-grpc  | [EPOLL] event[0]: type=0 task=sum1
execution-manager-grpc  | [SCHEDULER] ⏰ T=10000 ms | T_wall=804140132.460 ms: Launching task 1 'sum1' (deadline: 30000 ms)
execution-manager-grpc  | [SCHEDULER] 🕐 Timeout armed for task 1 at T=30000 ms (in 20000 ms)
execution-manager-grpc  | [GRPC THREAD 1] Starting...
execution-manager-grpc  | [EXECUTION MANAGER] ⏱️ T1=804140132.551 ms | Sending gRPC request for task 1 'sum1'
execution-manager-grpc  | [gRPC Channel Pool] Reusing existing channel for localhost:50051 (state=2)
execution-manager-grpc  | [gRPC Client Async] Calling task 'sum1' at localhost:50051
execution-manager-grpc  | [gRPC Client Async] Inputs: {"total_ops": 100, "io_percentage": 100}
execution-manager-grpc  | [gRPC Client Async] Response #1 - Status: COMPLETED
execution-manager-grpc  | 🎉 [T=10001 ms] Task 1 'sum1' COMPLETED
execution-manager-grpc  | [EXECUTION MANAGER] ⏱️ T2=804140133.118 ms | Thread started (server measured)
execution-manager-grpc  | [EXECUTION MANAGER] ⏱️ T3=804140133.425 ms | Task completed (server measured)
execution-manager-grpc  | [EXECUTION MANAGER] ⏱️ T4=804140133.769 ms | Result received by client
execution-manager-grpc  |    [TASK EXECUTION] 0.308 ms (T3-T2, measured in thread)
execution-manager-grpc  |    [RESULT] {"result": 0}
execution-manager-grpc  | 
execution-manager-grpc  | ╔═══════════════════════════════════════════════════════════════╗
execution-manager-grpc  | ║           END-TO-END TIMING MEASUREMENT RECAP                 ║
execution-manager-grpc  | ║                   Task 1: sum1                                 
execution-manager-grpc  | ╠═══════════════════════════════════════════════════════════════╣
execution-manager-grpc  | ║ T1 (start_request)    = 804140132.551 ms                        ║
execution-manager-grpc  | ║ T2 (end_request)      = 804140133.118 ms                        ║
execution-manager-grpc  | ║ T3 (start_result)     = 804140133.425 ms                        ║
execution-manager-grpc  | ║ T4 (end_result)       = 804140133.769 ms                        ║
execution-manager-grpc  | ╠═══════════════════════════════════════════════════════════════╣
execution-manager-grpc  | ║ METRICS:                                                      ║
execution-manager-grpc  | ║   Request Latency    =        0.567 ms  (T2 - T1)            ║
execution-manager-grpc  | ║   Task Execution     =        0.308 ms  (T3 - T2)            ║
execution-manager-grpc  | ║   Response Latency   =        0.343 ms  (T4 - T3)            ║
execution-manager-grpc  | ║   Total End-to-End   =        1.218 ms  (T4 - T1)            ║
execution-manager-grpc  | ║   Network Overhead   =        0.911 ms  (Req + Resp)         ║
execution-manager-grpc  | ╚═══════════════════════════════════════════════════════════════╝
execution-manager-grpc  | 
execution-manager-grpc  | [EPOLL] T=10001 ms: epoll_wait returned 1 event(s)
execution-manager-grpc  | [EPOLL] event[0]: type=2 task=NULL
execution-manager-grpc  | [SCHEDULER] ✅ T=10001 ms: Task 1 'sum1' completed with status 2
execution-manager-grpc  | [SCHEDULER] 🔕 Timeout disarmed for task 1
execution-manager-grpc  | [SCHEDULER] 0 tasks remaining
execution-manager-grpc  | 
execution-manager-grpc  | [SCHEDULER] 🏁 Iteration 42/50 complete!
execution-manager-grpc  | [SCHEDULER] Iteration execution time: 10001 ms
execution-manager-grpc  | 
execution-manager-grpc  | 
execution-manager-grpc  | [SCHEDULER] 🔁 ===== ITERATION 43 / 50 =====
execution-manager-grpc  | 
execution-manager-grpc  | [SCHEDULER] 🚀 Schedule started at T=0
execution-manager-grpc  | 
execution-manager-grpc  | [SCHEDULER] 🔄 Entering event loop (NO SLEEP - event-driven!)
execution-manager-grpc  | 
execution-manager-grpc  | [gRPC Client Async] Stream completed, received 1 responses
execution-manager-grpc  | [GRPC THREAD 1] Completed
execution-manager-grpc  | [EPOLL] T=10000 ms: epoll_wait returned 1 event(s)
execution-manager-grpc  | [EPOLL] event[0]: type=0 task=sum1
execution-manager-grpc  | [SCHEDULER] ⏰ T=10000 ms | T_wall=804150133.869 ms: Launching task 1 'sum1' (deadline: 30000 ms)
execution-manager-grpc  | [SCHEDULER] 🕐 Timeout armed for task 1 at T=30000 ms (in 20000 ms)
execution-manager-grpc  | [GRPC THREAD 1] Starting...
execution-manager-grpc  | [EXECUTION MANAGER] ⏱️ T1=804150133.948 ms | Sending gRPC request for task 1 'sum1'
execution-manager-grpc  | [gRPC Channel Pool] Reusing existing channel for localhost:50051 (state=2)
execution-manager-grpc  | [gRPC Client Async] Calling task 'sum1' at localhost:50051
execution-manager-grpc  | [gRPC Client Async] Inputs: {"total_ops": 100, "io_percentage": 100}
execution-manager-grpc  | [gRPC Client Async] Response #1 - Status: COMPLETED
execution-manager-grpc  | 🎉 [T=10002 ms] Task 1 'sum1' COMPLETED
execution-manager-grpc  | [EXECUTION MANAGER] ⏱️ T2=804150134.516 ms | Thread started (server measured)
execution-manager-grpc  | [EXECUTION MANAGER] ⏱️ T3=804150134.821 ms | Task completed (server measured)
execution-manager-grpc  | [EXECUTION MANAGER] ⏱️ T4=804150135.155 ms | Result received by client
execution-manager-grpc  |    [TASK EXECUTION] 0.304 ms (T3-T2, measured in thread)
execution-manager-grpc  |    [RESULT] {"result": 0}
execution-manager-grpc  | 
execution-manager-grpc  | ╔═══════════════════════════════════════════════════════════════╗
execution-manager-grpc  | ║           END-TO-END TIMING MEASUREMENT RECAP                 ║
execution-manager-grpc  | ║                   Task 1: sum1                                 
execution-manager-grpc  | ╠═══════════════════════════════════════════════════════════════╣
execution-manager-grpc  | ║ T1 (start_request)    = 804150133.948 ms                        ║
execution-manager-grpc  | ║ T2 (end_request)      = 804150134.516 ms                        ║
execution-manager-grpc  | ║ T3 (start_result)     = 804150134.821 ms                        ║
execution-manager-grpc  | ║ T4 (end_result)       = 804150135.155 ms                        ║
execution-manager-grpc  | ╠═══════════════════════════════════════════════════════════════╣
execution-manager-grpc  | ║ METRICS:                                                      ║
execution-manager-grpc  | ║   Request Latency    =        0.568 ms  (T2 - T1)            ║
execution-manager-grpc  | ║   Task Execution     =        0.304 ms  (T3 - T2)            ║
execution-manager-grpc  | ║   Response Latency   =        0.335 ms  (T4 - T3)            ║
execution-manager-grpc  | ║   Total End-to-End   =        1.207 ms  (T4 - T1)            ║
execution-manager-grpc  | ║   Network Overhead   =        0.903 ms  (Req + Resp)         ║
execution-manager-grpc  | ╚═══════════════════════════════════════════════════════════════╝
execution-manager-grpc  | 
execution-manager-grpc  | [EPOLL] T=10002 ms: epoll_wait returned 1 event(s)
execution-manager-grpc  | [EPOLL] event[0]: type=2 task=NULL
execution-manager-grpc  | [SCHEDULER] ✅ T=10002 ms: Task 1 'sum1' completed with status 2
execution-manager-grpc  | [SCHEDULER] 🔕 Timeout disarmed for task 1
execution-manager-grpc  | [SCHEDULER] 0 tasks remaining
execution-manager-grpc  | 
execution-manager-grpc  | [SCHEDULER] 🏁 Iteration 43/50 complete!
execution-manager-grpc  | [SCHEDULER] Iteration execution time: 10002 ms
execution-manager-grpc  | 
execution-manager-grpc  | 
execution-manager-grpc  | [SCHEDULER] 🔁 ===== ITERATION 44 / 50 =====
execution-manager-grpc  | 
execution-manager-grpc  | [SCHEDULER] 🚀 Schedule started at T=0
execution-manager-grpc  | 
execution-manager-grpc  | [SCHEDULER] 🔄 Entering event loop (NO SLEEP - event-driven!)
execution-manager-grpc  | 
execution-manager-grpc  | [gRPC Client Async] Stream completed, received 1 responses
execution-manager-grpc  | [GRPC THREAD 1] Completed
execution-manager-grpc  | [EPOLL] T=10000 ms: epoll_wait returned 1 event(s)
execution-manager-grpc  | [EPOLL] event[0]: type=0 task=sum1
execution-manager-grpc  | [SCHEDULER] ⏰ T=10000 ms | T_wall=804160135.268 ms: Launching task 1 'sum1' (deadline: 30000 ms)
execution-manager-grpc  | [SCHEDULER] 🕐 Timeout armed for task 1 at T=30000 ms (in 20000 ms)
execution-manager-grpc  | [GRPC THREAD 1] Starting...
execution-manager-grpc  | [EXECUTION MANAGER] ⏱️ T1=804160135.349 ms | Sending gRPC request for task 1 'sum1'
execution-manager-grpc  | [gRPC Channel Pool] Reusing existing channel for localhost:50051 (state=2)
execution-manager-grpc  | [gRPC Client Async] Calling task 'sum1' at localhost:50051
execution-manager-grpc  | [gRPC Client Async] Inputs: {"total_ops": 100, "io_percentage": 100}
execution-manager-grpc  | [gRPC Client Async] Response #1 - Status: COMPLETED
execution-manager-grpc  | 🎉 [T=10001 ms] Task 1 'sum1' COMPLETED
execution-manager-grpc  | [EXECUTION MANAGER] ⏱️ T2=804160135.905 ms | Thread started (server measured)
execution-manager-grpc  | [EXECUTION MANAGER] ⏱️ T3=804160136.202 ms | Task completed (server measured)
execution-manager-grpc  | [EXECUTION MANAGER] ⏱️ T4=804160136.551 ms | Result received by client
execution-manager-grpc  |    [TASK EXECUTION] 0.297 ms (T3-T2, measured in thread)
execution-manager-grpc  |    [RESULT] {"result": 0}
execution-manager-grpc  | 
execution-manager-grpc  | ╔═══════════════════════════════════════════════════════════════╗
execution-manager-grpc  | ║           END-TO-END TIMING MEASUREMENT RECAP                 ║
execution-manager-grpc  | ║                   Task 1: sum1                                 
execution-manager-grpc  | ╠═══════════════════════════════════════════════════════════════╣
execution-manager-grpc  | ║ T1 (start_request)    = 804160135.349 ms                        ║
execution-manager-grpc  | ║ T2 (end_request)      = 804160135.905 ms                        ║
execution-manager-grpc  | ║ T3 (start_result)     = 804160136.202 ms                        ║
execution-manager-grpc  | ║ T4 (end_result)       = 804160136.551 ms                        ║
execution-manager-grpc  | ╠═══════════════════════════════════════════════════════════════╣
execution-manager-grpc  | ║ METRICS:                                                      ║
execution-manager-grpc  | ║   Request Latency    =        0.555 ms  (T2 - T1)            ║
execution-manager-grpc  | ║   Task Execution     =        0.297 ms  (T3 - T2)            ║
execution-manager-grpc  | ║   Response Latency   =        0.349 ms  (T4 - T3)            ║
execution-manager-grpc  | ║   Total End-to-End   =        1.202 ms  (T4 - T1)            ║
execution-manager-grpc  | ║   Network Overhead   =        0.904 ms  (Req + Resp)         ║
execution-manager-grpc  | ╚═══════════════════════════════════════════════════════════════╝
execution-manager-grpc  | 
execution-manager-grpc  | [EPOLL] T=10001 ms: epoll_wait returned 1 event(s)
execution-manager-grpc  | [EPOLL] event[0]: type=2 task=NULL
execution-manager-grpc  | [SCHEDULER] ✅ T=10001 ms: Task 1 'sum1' completed with status 2
execution-manager-grpc  | [SCHEDULER] 🔕 Timeout disarmed for task 1
execution-manager-grpc  | [SCHEDULER] 0 tasks remaining
execution-manager-grpc  | 
execution-manager-grpc  | [SCHEDULER] 🏁 Iteration 44/50 complete!
execution-manager-grpc  | [SCHEDULER] Iteration execution time: 10001 ms
execution-manager-grpc  | 
execution-manager-grpc  | 
execution-manager-grpc  | [SCHEDULER] 🔁 ===== ITERATION 45 / 50 =====
execution-manager-grpc  | 
execution-manager-grpc  | [SCHEDULER] 🚀 Schedule started at T=0
execution-manager-grpc  | 
execution-manager-grpc  | [SCHEDULER] 🔄 Entering event loop (NO SLEEP - event-driven!)
execution-manager-grpc  | 
execution-manager-grpc  | [gRPC Client Async] Stream completed, received 1 responses
execution-manager-grpc  | [GRPC THREAD 1] Completed
execution-manager-grpc  | [EPOLL] T=10000 ms: epoll_wait returned 1 event(s)
execution-manager-grpc  | [EPOLL] event[0]: type=0 task=sum1
execution-manager-grpc  | [SCHEDULER] ⏰ T=10000 ms | T_wall=804170136.666 ms: Launching task 1 'sum1' (deadline: 30000 ms)
execution-manager-grpc  | [SCHEDULER] 🕐 Timeout armed for task 1 at T=30000 ms (in 20000 ms)
execution-manager-grpc  | [GRPC THREAD 1] Starting...
execution-manager-grpc  | [EXECUTION MANAGER] ⏱️ T1=804170136.748 ms | Sending gRPC request for task 1 'sum1'
execution-manager-grpc  | [gRPC Channel Pool] Reusing existing channel for localhost:50051 (state=2)
execution-manager-grpc  | [gRPC Client Async] Calling task 'sum1' at localhost:50051
execution-manager-grpc  | [gRPC Client Async] Inputs: {"total_ops": 100, "io_percentage": 100}
execution-manager-grpc  | [gRPC Client Async] Response #1 - Status: COMPLETED
execution-manager-grpc  | 🎉 [T=10001 ms] Task 1 'sum1' COMPLETED
execution-manager-grpc  | [EXECUTION MANAGER] ⏱️ T2=804170137.302 ms | Thread started (server measured)
execution-manager-grpc  | [EXECUTION MANAGER] ⏱️ T3=804170137.599 ms | Task completed (server measured)
execution-manager-grpc  | [EXECUTION MANAGER] ⏱️ T4=804170137.940 ms | Result received by client
execution-manager-grpc  |    [TASK EXECUTION] 0.297 ms (T3-T2, measured in thread)
execution-manager-grpc  |    [RESULT] {"result": 0}
execution-manager-grpc  | 
execution-manager-grpc  | ╔═══════════════════════════════════════════════════════════════╗
execution-manager-grpc  | ║           END-TO-END TIMING MEASUREMENT RECAP                 ║
execution-manager-grpc  | ║                   Task 1: sum1                                 
execution-manager-grpc  | ╠═══════════════════════════════════════════════════════════════╣
execution-manager-grpc  | ║ T1 (start_request)    = 804170136.748 ms                        ║
execution-manager-grpc  | ║ T2 (end_request)      = 804170137.302 ms                        ║
execution-manager-grpc  | ║ T3 (start_result)     = 804170137.599 ms                        ║
execution-manager-grpc  | ║ T4 (end_result)       = 804170137.940 ms                        ║
execution-manager-grpc  | ╠═══════════════════════════════════════════════════════════════╣
execution-manager-grpc  | ║ METRICS:                                                      ║
execution-manager-grpc  | ║   Request Latency    =        0.554 ms  (T2 - T1)            ║
execution-manager-grpc  | ║   Task Execution     =        0.297 ms  (T3 - T2)            ║
execution-manager-grpc  | ║   Response Latency   =        0.341 ms  (T4 - T3)            ║
execution-manager-grpc  | ║   Total End-to-End   =        1.191 ms  (T4 - T1)            ║
execution-manager-grpc  | ║   Network Overhead   =        0.895 ms  (Req + Resp)         ║
execution-manager-grpc  | ╚═══════════════════════════════════════════════════════════════╝
execution-manager-grpc  | 
execution-manager-grpc  | [EPOLL] T=10001 ms: epoll_wait returned 1 event(s)
execution-manager-grpc  | [EPOLL] event[0]: type=2 task=NULL
execution-manager-grpc  | [SCHEDULER] ✅ T=10001 ms: Task 1 'sum1' completed with status 2
execution-manager-grpc  | [SCHEDULER] 🔕 Timeout disarmed for task 1
execution-manager-grpc  | [SCHEDULER] 0 tasks remaining
execution-manager-grpc  | 
execution-manager-grpc  | [SCHEDULER] 🏁 Iteration 45/50 complete!
execution-manager-grpc  | [SCHEDULER] Iteration execution time: 10001 ms
execution-manager-grpc  | 
execution-manager-grpc  | 
execution-manager-grpc  | [SCHEDULER] 🔁 ===== ITERATION 46 / 50 =====
execution-manager-grpc  | 
execution-manager-grpc  | [SCHEDULER] 🚀 Schedule started at T=0
execution-manager-grpc  | 
execution-manager-grpc  | [SCHEDULER] 🔄 Entering event loop (NO SLEEP - event-driven!)
execution-manager-grpc  | 
execution-manager-grpc  | [gRPC Client Async] Stream completed, received 1 responses
execution-manager-grpc  | [GRPC THREAD 1] Completed
execution-manager-grpc  | [EPOLL] T=10000 ms: epoll_wait returned 1 event(s)
execution-manager-grpc  | [EPOLL] event[0]: type=0 task=sum1
execution-manager-grpc  | [SCHEDULER] ⏰ T=10000 ms | T_wall=804180138.165 ms: Launching task 1 'sum1' (deadline: 30000 ms)
execution-manager-grpc  | [SCHEDULER] 🕐 Timeout armed for task 1 at T=30000 ms (in 20000 ms)
execution-manager-grpc  | [GRPC THREAD 1] Starting...
execution-manager-grpc  | [EXECUTION MANAGER] ⏱️ T1=804180138.257 ms | Sending gRPC request for task 1 'sum1'
execution-manager-grpc  | [gRPC Channel Pool] Reusing existing channel for localhost:50051 (state=2)
execution-manager-grpc  | [gRPC Client Async] Calling task 'sum1' at localhost:50051
execution-manager-grpc  | [gRPC Client Async] Inputs: {"total_ops": 100, "io_percentage": 100}
execution-manager-grpc  | [gRPC Client Async] Response #1 - Status: COMPLETED
execution-manager-grpc  | 🎉 [T=10001 ms] Task 1 'sum1' COMPLETED
execution-manager-grpc  | [EXECUTION MANAGER] ⏱️ T2=804180138.797 ms | Thread started (server measured)
execution-manager-grpc  | [EXECUTION MANAGER] ⏱️ T3=804180139.110 ms | Task completed (server measured)
execution-manager-grpc  | [EXECUTION MANAGER] ⏱️ T4=804180139.422 ms | Result received by client
execution-manager-grpc  |    [TASK EXECUTION] 0.313 ms (T3-T2, measured in thread)
execution-manager-grpc  |    [RESULT] {"result": 0}
execution-manager-grpc  | 
execution-manager-grpc  | ╔═══════════════════════════════════════════════════════════════╗
execution-manager-grpc  | ║           END-TO-END TIMING MEASUREMENT RECAP                 ║
execution-manager-grpc  | ║                   Task 1: sum1                                 
execution-manager-grpc  | ╠═══════════════════════════════════════════════════════════════╣
execution-manager-grpc  | ║ T1 (start_request)    = 804180138.257 ms                        ║
execution-manager-grpc  | ║ T2 (end_request)      = 804180138.797 ms                        ║
execution-manager-grpc  | ║ T3 (start_result)     = 804180139.110 ms                        ║
execution-manager-grpc  | ║ T4 (end_result)       = 804180139.422 ms                        ║
execution-manager-grpc  | ╠═══════════════════════════════════════════════════════════════╣
execution-manager-grpc  | ║ METRICS:                                                      ║
execution-manager-grpc  | ║   Request Latency    =        0.540 ms  (T2 - T1)            ║
execution-manager-grpc  | ║   Task Execution     =        0.313 ms  (T3 - T2)            ║
execution-manager-grpc  | ║   Response Latency   =        0.312 ms  (T4 - T3)            ║
execution-manager-grpc  | ║   Total End-to-End   =        1.165 ms  (T4 - T1)            ║
execution-manager-grpc  | ║   Network Overhead   =        0.852 ms  (Req + Resp)         ║
execution-manager-grpc  | ╚═══════════════════════════════════════════════════════════════╝
execution-manager-grpc  | 
execution-manager-grpc  | [EPOLL] T=10001 ms: epoll_wait returned 1 event(s)
execution-manager-grpc  | [EPOLL] event[0]: type=2 task=NULL
execution-manager-grpc  | [SCHEDULER] ✅ T=10001 ms: Task 1 'sum1' completed with status 2
execution-manager-grpc  | [SCHEDULER] 🔕 Timeout disarmed for task 1
execution-manager-grpc  | [SCHEDULER] 0 tasks remaining
execution-manager-grpc  | 
execution-manager-grpc  | [SCHEDULER] 🏁 Iteration 46/50 complete!
execution-manager-grpc  | [SCHEDULER] Iteration execution time: 10001 ms
execution-manager-grpc  | 
execution-manager-grpc  | 
execution-manager-grpc  | [SCHEDULER] 🔁 ===== ITERATION 47 / 50 =====
execution-manager-grpc  | 
execution-manager-grpc  | [SCHEDULER] 🚀 Schedule started at T=0
execution-manager-grpc  | 
execution-manager-grpc  | [SCHEDULER] 🔄 Entering event loop (NO SLEEP - event-driven!)
execution-manager-grpc  | 
execution-manager-grpc  | [gRPC Client Async] Stream completed, received 1 responses
execution-manager-grpc  | [GRPC THREAD 1] Completed
execution-manager-grpc  | [EPOLL] T=10000 ms: epoll_wait returned 1 event(s)
execution-manager-grpc  | [EPOLL] event[0]: type=0 task=sum1
execution-manager-grpc  | [SCHEDULER] ⏰ T=10000 ms | T_wall=804190139.522 ms: Launching task 1 'sum1' (deadline: 30000 ms)
execution-manager-grpc  | [SCHEDULER] 🕐 Timeout armed for task 1 at T=30000 ms (in 20000 ms)
execution-manager-grpc  | [GRPC THREAD 1] Starting...
execution-manager-grpc  | [EXECUTION MANAGER] ⏱️ T1=804190139.618 ms | Sending gRPC request for task 1 'sum1'
execution-manager-grpc  | [gRPC Channel Pool] Reusing existing channel for localhost:50051 (state=2)
execution-manager-grpc  | [gRPC Client Async] Calling task 'sum1' at localhost:50051
execution-manager-grpc  | [gRPC Client Async] Inputs: {"total_ops": 100, "io_percentage": 100}
execution-manager-grpc  | [gRPC Client Async] Response #1 - Status: COMPLETED
execution-manager-grpc  | 🎉 [T=10001 ms] Task 1 'sum1' COMPLETED
execution-manager-grpc  | [EXECUTION MANAGER] ⏱️ T2=804190140.172 ms | Thread started (server measured)
execution-manager-grpc  | [EXECUTION MANAGER] ⏱️ T3=804190140.492 ms | Task completed (server measured)
execution-manager-grpc  | [EXECUTION MANAGER] ⏱️ T4=804190140.840 ms | Result received by client
execution-manager-grpc  |    [TASK EXECUTION] 0.320 ms (T3-T2, measured in thread)
execution-manager-grpc  |    [RESULT] {"result": 0}
execution-manager-grpc  | 
execution-manager-grpc  | ╔═══════════════════════════════════════════════════════════════╗
execution-manager-grpc  | ║           END-TO-END TIMING MEASUREMENT RECAP                 ║
execution-manager-grpc  | ║                   Task 1: sum1                                 
execution-manager-grpc  | ╠═══════════════════════════════════════════════════════════════╣
execution-manager-grpc  | ║ T1 (start_request)    = 804190139.618 ms                        ║
execution-manager-grpc  | ║ T2 (end_request)      = 804190140.172 ms                        ║
execution-manager-grpc  | ║ T3 (start_result)     = 804190140.492 ms                        ║
execution-manager-grpc  | ║ T4 (end_result)       = 804190140.840 ms                        ║
execution-manager-grpc  | ╠═══════════════════════════════════════════════════════════════╣
execution-manager-grpc  | ║ METRICS:                                                      ║
execution-manager-grpc  | ║   Request Latency    =        0.554 ms  (T2 - T1)            ║
execution-manager-grpc  | ║   Task Execution     =        0.320 ms  (T3 - T2)            ║
execution-manager-grpc  | ║   Response Latency   =        0.348 ms  (T4 - T3)            ║
execution-manager-grpc  | ║   Total End-to-End   =        1.222 ms  (T4 - T1)            ║
execution-manager-grpc  | ║   Network Overhead   =        0.902 ms  (Req + Resp)         ║
execution-manager-grpc  | ╚═══════════════════════════════════════════════════════════════╝
execution-manager-grpc  | 
execution-manager-grpc  | [EPOLL] T=10001 ms: epoll_wait returned 1 event(s)
execution-manager-grpc  | [EPOLL] event[0]: type=2 task=NULL
execution-manager-grpc  | [SCHEDULER] ✅ T=10001 ms: Task 1 'sum1' completed with status 2
execution-manager-grpc  | [SCHEDULER] 🔕 Timeout disarmed for task 1
execution-manager-grpc  | [SCHEDULER] 0 tasks remaining
execution-manager-grpc  | 
execution-manager-grpc  | [SCHEDULER] 🏁 Iteration 47/50 complete!
execution-manager-grpc  | [SCHEDULER] Iteration execution time: 10001 ms
execution-manager-grpc  | 
execution-manager-grpc  | 
execution-manager-grpc  | [SCHEDULER] 🔁 ===== ITERATION 48 / 50 =====
execution-manager-grpc  | 
execution-manager-grpc  | [SCHEDULER] 🚀 Schedule started at T=0
execution-manager-grpc  | 
execution-manager-grpc  | [SCHEDULER] 🔄 Entering event loop (NO SLEEP - event-driven!)
execution-manager-grpc  | 
execution-manager-grpc  | [gRPC Client Async] Stream completed, received 1 responses
execution-manager-grpc  | [GRPC THREAD 1] Completed
execution-manager-grpc  | [EPOLL] T=10000 ms: epoll_wait returned 1 event(s)
execution-manager-grpc  | [EPOLL] event[0]: type=0 task=sum1
execution-manager-grpc  | [SCHEDULER] ⏰ T=10000 ms | T_wall=804200140.942 ms: Launching task 1 'sum1' (deadline: 30000 ms)
execution-manager-grpc  | [SCHEDULER] 🕐 Timeout armed for task 1 at T=30000 ms (in 20000 ms)
execution-manager-grpc  | [GRPC THREAD 1] Starting...
execution-manager-grpc  | [EXECUTION MANAGER] ⏱️ T1=804200141.026 ms | Sending gRPC request for task 1 'sum1'
execution-manager-grpc  | [gRPC Channel Pool] Reusing existing channel for localhost:50051 (state=2)
execution-manager-grpc  | [gRPC Client Async] Calling task 'sum1' at localhost:50051
execution-manager-grpc  | [gRPC Client Async] Inputs: {"total_ops": 100, "io_percentage": 100}
execution-manager-grpc  | [gRPC Client Async] Response #1 - Status: COMPLETED
execution-manager-grpc  | 🎉 [T=10002 ms] Task 1 'sum1' COMPLETED
execution-manager-grpc  | [EXECUTION MANAGER] ⏱️ T2=804200141.657 ms | Thread started (server measured)
execution-manager-grpc  | [EXECUTION MANAGER] ⏱️ T3=804200141.960 ms | Task completed (server measured)
execution-manager-grpc  | [EXECUTION MANAGER] ⏱️ T4=804200142.261 ms | Result received by client
execution-manager-grpc  |    [TASK EXECUTION] 0.303 ms (T3-T2, measured in thread)
execution-manager-grpc  |    [RESULT] {"result": 0}
execution-manager-grpc  | 
execution-manager-grpc  | ╔═══════════════════════════════════════════════════════════════╗
execution-manager-grpc  | ║           END-TO-END TIMING MEASUREMENT RECAP                 ║
execution-manager-grpc  | ║                   Task 1: sum1                                 
execution-manager-grpc  | ╠═══════════════════════════════════════════════════════════════╣
execution-manager-grpc  | ║ T1 (start_request)    = 804200141.026 ms                        ║
execution-manager-grpc  | ║ T2 (end_request)      = 804200141.657 ms                        ║
execution-manager-grpc  | ║ T3 (start_result)     = 804200141.960 ms                        ║
execution-manager-grpc  | ║ T4 (end_result)       = 804200142.261 ms                        ║
execution-manager-grpc  | ╠═══════════════════════════════════════════════════════════════╣
execution-manager-grpc  | ║ METRICS:                                                      ║
execution-manager-grpc  | ║   Request Latency    =        0.631 ms  (T2 - T1)            ║
execution-manager-grpc  | ║   Task Execution     =        0.303 ms  (T3 - T2)            ║
execution-manager-grpc  | ║   Response Latency   =        0.301 ms  (T4 - T3)            ║
execution-manager-grpc  | ║   Total End-to-End   =        1.235 ms  (T4 - T1)            ║
execution-manager-grpc  | ║   Network Overhead   =        0.932 ms  (Req + Resp)         ║
execution-manager-grpc  | ╚═══════════════════════════════════════════════════════════════╝
execution-manager-grpc  | 
execution-manager-grpc  | [EPOLL] T=10002 ms: epoll_wait returned 1 event(s)
execution-manager-grpc  | [EPOLL] event[0]: type=2 task=NULL
execution-manager-grpc  | [SCHEDULER] ✅ T=10002 ms: Task 1 'sum1' completed with status 2
execution-manager-grpc  | [SCHEDULER] 🔕 Timeout disarmed for task 1
execution-manager-grpc  | [SCHEDULER] 0 tasks remaining
execution-manager-grpc  | 
execution-manager-grpc  | [SCHEDULER] 🏁 Iteration 48/50 complete!
execution-manager-grpc  | [SCHEDULER] Iteration execution time: 10002 ms
execution-manager-grpc  | 
execution-manager-grpc  | 
execution-manager-grpc  | [SCHEDULER] 🔁 ===== ITERATION 49 / 50 =====
execution-manager-grpc  | 
execution-manager-grpc  | [SCHEDULER] 🚀 Schedule started at T=0
execution-manager-grpc  | 
execution-manager-grpc  | [SCHEDULER] 🔄 Entering event loop (NO SLEEP - event-driven!)
execution-manager-grpc  | 
execution-manager-grpc  | [gRPC Client Async] Stream completed, received 1 responses
execution-manager-grpc  | [GRPC THREAD 1] Completed
execution-manager-grpc  | [EPOLL] T=10000 ms: epoll_wait returned 1 event(s)
execution-manager-grpc  | [EPOLL] event[0]: type=0 task=sum1
execution-manager-grpc  | [SCHEDULER] ⏰ T=10000 ms | T_wall=804210142.368 ms: Launching task 1 'sum1' (deadline: 30000 ms)
execution-manager-grpc  | [SCHEDULER] 🕐 Timeout armed for task 1 at T=30000 ms (in 20000 ms)
execution-manager-grpc  | [GRPC THREAD 1] Starting...
execution-manager-grpc  | [EXECUTION MANAGER] ⏱️ T1=804210142.451 ms | Sending gRPC request for task 1 'sum1'
execution-manager-grpc  | [gRPC Channel Pool] Reusing existing channel for localhost:50051 (state=2)
execution-manager-grpc  | [gRPC Client Async] Calling task 'sum1' at localhost:50051
execution-manager-grpc  | [gRPC Client Async] Inputs: {"total_ops": 100, "io_percentage": 100}
execution-manager-grpc  | [gRPC Client Async] Response #1 - Status: COMPLETED
execution-manager-grpc  | 🎉 [T=10001 ms] Task 1 'sum1' COMPLETED
execution-manager-grpc  | [EXECUTION MANAGER] ⏱️ T2=804210142.950 ms | Thread started (server measured)
execution-manager-grpc  | [EXECUTION MANAGER] ⏱️ T3=804210143.258 ms | Task completed (server measured)
execution-manager-grpc  | [EXECUTION MANAGER] ⏱️ T4=804210143.536 ms | Result received by client
execution-manager-grpc  |    [TASK EXECUTION] 0.308 ms (T3-T2, measured in thread)
execution-manager-grpc  |    [RESULT] {"result": 0}
execution-manager-grpc  | 
execution-manager-grpc  | ╔═══════════════════════════════════════════════════════════════╗
execution-manager-grpc  | ║           END-TO-END TIMING MEASUREMENT RECAP                 ║
execution-manager-grpc  | ║                   Task 1: sum1                                 
execution-manager-grpc  | ╠═══════════════════════════════════════════════════════════════╣
execution-manager-grpc  | ║ T1 (start_request)    = 804210142.451 ms                        ║
execution-manager-grpc  | ║ T2 (end_request)      = 804210142.950 ms                        ║
execution-manager-grpc  | ║ T3 (start_result)     = 804210143.258 ms                        ║
execution-manager-grpc  | ║ T4 (end_result)       = 804210143.536 ms                        ║
execution-manager-grpc  | ╠═══════════════════════════════════════════════════════════════╣
execution-manager-grpc  | ║ METRICS:                                                      ║
execution-manager-grpc  | ║   Request Latency    =        0.498 ms  (T2 - T1)            ║
execution-manager-grpc  | ║   Task Execution     =        0.308 ms  (T3 - T2)            ║
execution-manager-grpc  | ║   Response Latency   =        0.278 ms  (T4 - T3)            ║
execution-manager-grpc  | ║   Total End-to-End   =        1.085 ms  (T4 - T1)            ║
execution-manager-grpc  | ║   Network Overhead   =        0.777 ms  (Req + Resp)         ║
execution-manager-grpc  | ╚═══════════════════════════════════════════════════════════════╝
execution-manager-grpc  | 
execution-manager-grpc  | [EPOLL] T=10001 ms: epoll_wait returned 1 event(s)
execution-manager-grpc  | [EPOLL] event[0]: type=2 task=NULL
execution-manager-grpc  | [SCHEDULER] ✅ T=10001 ms: Task 1 'sum1' completed with status 2
execution-manager-grpc  | [SCHEDULER] 🔕 Timeout disarmed for task 1
execution-manager-grpc  | [SCHEDULER] 0 tasks remaining
execution-manager-grpc  | 
execution-manager-grpc  | [SCHEDULER] 🏁 Iteration 49/50 complete!
execution-manager-grpc  | [SCHEDULER] Iteration execution time: 10001 ms
execution-manager-grpc  | 
execution-manager-grpc  | 
execution-manager-grpc  | [SCHEDULER] 🔁 ===== ITERATION 50 / 50 =====
execution-manager-grpc  | 
execution-manager-grpc  | [SCHEDULER] 🚀 Schedule started at T=0
execution-manager-grpc  | 
execution-manager-grpc  | [SCHEDULER] 🔄 Entering event loop (NO SLEEP - event-driven!)
execution-manager-grpc  | 
execution-manager-grpc  | [gRPC Client Async] Stream completed, received 1 responses
execution-manager-grpc  | [GRPC THREAD 1] Completed
execution-manager-grpc  | [EPOLL] T=10000 ms: epoll_wait returned 1 event(s)
execution-manager-grpc  | [EPOLL] event[0]: type=0 task=sum1
execution-manager-grpc  | [SCHEDULER] ⏰ T=10000 ms | T_wall=804220143.646 ms: Launching task 1 'sum1' (deadline: 30000 ms)
execution-manager-grpc  | [SCHEDULER] 🕐 Timeout armed for task 1 at T=30000 ms (in 20000 ms)
execution-manager-grpc  | [GRPC THREAD 1] Starting...
execution-manager-grpc  | [EXECUTION MANAGER] ⏱️ T1=804220143.737 ms | Sending gRPC request for task 1 'sum1'
execution-manager-grpc  | [gRPC Channel Pool] Reusing existing channel for localhost:50051 (state=2)
execution-manager-grpc  | [gRPC Client Async] Calling task 'sum1' at localhost:50051
execution-manager-grpc  | [gRPC Client Async] Inputs: {"total_ops": 100, "io_percentage": 100}
execution-manager-grpc  | [gRPC Client Async] Response #1 - Status: COMPLETED
execution-manager-grpc  | 🎉 [T=10001 ms] Task 1 'sum1' COMPLETED
execution-manager-grpc  | [EXECUTION MANAGER] ⏱️ T2=804220144.323 ms | Thread started (server measured)
execution-manager-grpc  | [EXECUTION MANAGER] ⏱️ T3=804220144.642 ms | Task completed (server measured)
execution-manager-grpc  | [EXECUTION MANAGER] ⏱️ T4=804220144.975 ms | Result received by client
execution-manager-grpc  |    [TASK EXECUTION] 0.318 ms (T3-T2, measured in thread)
execution-manager-grpc  |    [RESULT] {"result": 0}
execution-manager-grpc  | 
execution-manager-grpc  | ╔═══════════════════════════════════════════════════════════════╗
execution-manager-grpc  | ║           END-TO-END TIMING MEASUREMENT RECAP                 ║
execution-manager-grpc  | ║                   Task 1: sum1                                 
execution-manager-grpc  | ╠═══════════════════════════════════════════════════════════════╣
execution-manager-grpc  | ║ T1 (start_request)    = 804220143.737 ms                        ║
execution-manager-grpc  | ║ T2 (end_request)      = 804220144.323 ms                        ║
execution-manager-grpc  | ║ T3 (start_result)     = 804220144.642 ms                        ║
execution-manager-grpc  | ║ T4 (end_result)       = 804220144.975 ms                        ║
execution-manager-grpc  | ╠═══════════════════════════════════════════════════════════════╣
execution-manager-grpc  | ║ METRICS:                                                      ║
execution-manager-grpc  | ║   Request Latency    =        0.586 ms  (T2 - T1)            ║
execution-manager-grpc  | ║   Task Execution     =        0.318 ms  (T3 - T2)            ║
execution-manager-grpc  | ║   Response Latency   =        0.333 ms  (T4 - T3)            ║
execution-manager-grpc  | ║   Total End-to-End   =        1.238 ms  (T4 - T1)            ║
execution-manager-grpc  | ║   Network Overhead   =        0.919 ms  (Req + Resp)         ║
execution-manager-grpc  | ╚═══════════════════════════════════════════════════════════════╝
execution-manager-grpc  | 
execution-manager-grpc  | [EPOLL] T=10002 ms: epoll_wait returned 1 event(s)
execution-manager-grpc  | [EPOLL] event[0]: type=2 task=NULL
execution-manager-grpc  | [SCHEDULER] ✅ T=10002 ms: Task 1 'sum1' completed with status 2
execution-manager-grpc  | [SCHEDULER] 🔕 Timeout disarmed for task 1
execution-manager-grpc  | [SCHEDULER] 0 tasks remaining
execution-manager-grpc  | 
execution-manager-grpc  | [SCHEDULER] 🏁 Iteration 50/50 complete!
execution-manager-grpc  | [SCHEDULER] Iteration execution time: 10002 ms
execution-manager-grpc  | 
execution-manager-grpc  | 
execution-manager-grpc  | [SCHEDULER] 🏁 All 50 iteration(s) completed!
execution-manager-grpc  | [SCHEDULER] Total execution time: 10002 ms
execution-manager-grpc  | 
execution-manager-grpc  | Test Suite Finished Successfully.
[Kexecution-manager-grpc exited with code 0
